198
(1, 0, 15396)
(2, 0, 5688)
(2, 1, 14233)
(3, 1, 466)
(4, 0, 16452)
(5, 0, 6185)
(5, 4, 9225)
(6, 4, 2521)
(6, 5, 13171)
(6, 1, 11885)
(6, 3, 1799)
(6, 2, 5889)
(6, 0, 4972)
(7, 6, 19425)
(7, 2, 13068)
(7, 3, 3718)
(7, 1, 2928)
(7, 4, 2391)
(7, 0, 12474)
(8, 3, 14675)
(8, 6, 2861)
(8, 7, 3724)
(8, 4, 1758)
(8, 1, 18988)
(9, 1, 14812)
(9, 2, 6783)
(9, 7, 18884)
(10, 9, 18240)
(10, 8, 7359)
(10, 6, 18020)
(10, 5, 16889)
(11, 0, 14090)
(12, 5, 7926)
(12, 10, 539)
(12, 6, 16884)
(12, 11, 18407)
(12, 9, 7237)
(12, 4, 14201)
(12, 7, 1626)
(12, 2, 18047)
(12, 0, 3876)
(12, 3, 11339)
(13, 6, 6932)
(14, 12, 4051)
(14, 0, 14443)
(14, 10, 17110)
(14, 4, 13610)
(14, 2, 13956)
(14, 3, 53)
(14, 9, 17444)
(14, 8, 13191)
(14, 5, 5256)
(14, 1, 4325)
(14, 7, 3171)
(14, 6, 14169)
(14, 13, 5747)
(14, 11, 15619)
(15, 0, 315)
(15, 7, 18981)
(15, 11, 17553)
(16, 6, 2511)
(16, 14, 13521)
(16, 7, 5668)
(16, 1, 12618)
(16, 2, 3622)
(16, 4, 5084)
(16, 15, 4261)
(16, 0, 5732)
(16, 11, 17026)
(16, 10, 14187)
(16, 9, 13161)
(17, 11, 11151)
(17, 5, 6759)
(17, 8, 16183)
(17, 14, 7950)
(17, 16, 3034)
(17, 6, 14821)
(18, 8, 10179)
(18, 2, 14018)
(18, 11, 12516)
(18, 14, 8203)
(18, 7, 18205)
(18, 5, 9530)
(18, 3, 11520)
(18, 10, 17328)
(18, 17, 15653)
(18, 16, 17130)
(18, 4, 18322)
(18, 12, 11610)
(19, 8, 3278)
(19, 10, 4197)
(19, 5, 10231)
(19, 13, 11471)
(19, 6, 11619)
(19, 2, 19553)
(19, 7, 1809)
(19, 16, 1358)
(19, 11, 12675)
(19, 12, 18303)
(19, 9, 6349)
(19, 0, 4010)
(19, 3, 17162)
(19, 18, 7485)
(19, 4, 2948)
(19, 15, 16744)
(20, 16, 9754)
(20, 9, 11083)
(20, 0, 249)
(20, 5, 16858)
(20, 8, 17194)
(20, 6, 8418)
(20, 7, 3286)
(20, 15, 3033)
(21, 5, 15929)
(21, 15, 1447)
(21, 8, 4349)
(21, 3, 13139)
(21, 18, 11752)
(21, 14, 4735)
(21, 20, 3600)
(21, 2, 4203)
(21, 16, 16427)
(21, 13, 6971)
(21, 9, 9662)
(21, 10, 3104)
(21, 6, 4048)
(21, 12, 11343)
(21, 7, 4993)
(21, 0, 11284)
(22, 6, 11029)
(22, 0, 19523)
(22, 20, 2553)
(22, 13, 16033)
(22, 1, 11979)
(22, 19, 8819)
(22, 17, 8239)
(22, 8, 6604)
(22, 2, 13667)
(22, 10, 10378)
(22, 9, 12819)
(22, 4, 17442)
(22, 16, 2663)
(22, 21, 4103)
(22, 7, 18180)
(22, 18, 13905)
(22, 11, 3037)
(22, 14, 898)
(22, 12, 9431)
(22, 3, 17956)
(23, 0, 4206)
(23, 4, 8348)
(23, 8, 8350)
(23, 14, 854)
(23, 9, 17428)
(23, 12, 16562)
(23, 11, 15158)
(23, 17, 15517)
(23, 7, 11823)
(23, 22, 4522)
(23, 13, 918)
(23, 1, 15268)
(23, 5, 10286)
(23, 21, 3211)
(23, 16, 2523)
(23, 19, 13832)
(24, 5, 8952)
(24, 19, 8121)
(24, 18, 8019)
(24, 4, 4230)
(24, 13, 11434)
(24, 2, 18333)
(24, 14, 4413)
(24, 21, 7389)
(24, 16, 9632)
(24, 6, 12498)
(24, 10, 4582)
(24, 23, 11350)
(24, 8, 17255)
(24, 9, 9330)
(24, 20, 10088)
(24, 12, 10236)
(24, 0, 15088)
(24, 11, 11888)
(24, 3, 12211)
(24, 17, 15331)
(24, 7, 16859)
(24, 22, 6468)
(25, 18, 3400)
(25, 22, 17588)
(25, 1, 5102)
(25, 17, 6680)
(25, 0, 4565)
(25, 20, 7355)
(25, 23, 1201)
(25, 21, 2661)
(25, 19, 18603)
(25, 3, 19024)
(25, 8, 9233)
(25, 13, 3973)
(25, 15, 11976)
(25, 16, 14368)
(25, 6, 13371)
(25, 11, 3427)
(25, 4, 18987)
(25, 2, 15018)
(25, 5, 12378)
(25, 24, 14107)
(25, 12, 17458)
(25, 10, 13449)
(25, 7, 10794)
(25, 14, 11280)
(25, 9, 15738)
(26, 7, 3356)
(26, 3, 1954)
(26, 25, 17805)
(27, 6, 8132)
(27, 21, 1200)
(27, 9, 9108)
(27, 4, 14912)
(27, 14, 8693)
(27, 23, 5215)
(27, 11, 16731)
(28, 27, 16379)
(28, 24, 12532)
(28, 12, 18694)
(28, 6, 4351)
(28, 13, 589)
(28, 9, 17585)
(28, 22, 13728)
(28, 23, 9759)
(28, 2, 1202)
(28, 10, 18597)
(28, 0, 18839)
(28, 3, 17024)
(28, 4, 13280)
(28, 8, 329)
(28, 11, 14278)
(28, 16, 9469)
(28, 26, 4539)
(28, 20, 16074)
(28, 1, 16669)
(28, 18, 4847)
(28, 5, 16631)
(29, 19, 6640)
(29, 6, 7736)
(29, 20, 5449)
(29, 11, 6777)
(29, 27, 3141)
(29, 2, 16713)
(29, 7, 13153)
(29, 14, 9218)
(29, 25, 393)
(29, 12, 12729)
(29, 26, 5633)
(29, 23, 18903)
(29, 9, 12599)
(29, 8, 14936)
(29, 15, 14802)
(29, 3, 2874)
(29, 0, 3302)
(30, 16, 10913)
(30, 7, 6024)
(30, 15, 14451)
(30, 8, 3201)
(30, 13, 9367)
(30, 19, 15162)
(30, 2, 9686)
(30, 28, 15482)
(30, 17, 17361)
(30, 9, 18895)
(30, 1, 13059)
(30, 27, 16526)
(30, 14, 1541)
(30, 20, 5943)
(30, 22, 10310)
(30, 3, 7516)
(30, 6, 11632)
(31, 16, 13622)
(31, 5, 17837)
(31, 19, 15333)
(31, 9, 15314)
(31, 23, 10217)
(31, 1, 6500)
(31, 25, 12297)
(31, 15, 11198)
(31, 12, 6187)
(31, 27, 3407)
(31, 26, 16257)
(31, 14, 18501)
(31, 20, 1120)
(31, 6, 16188)
(31, 10, 2217)
(31, 24, 11730)
(31, 28, 17222)
(31, 30, 6996)
(31, 21, 17370)
(31, 17, 6194)
(31, 3, 17210)
(31, 18, 4842)
(31, 11, 13127)
(31, 13, 19211)
(32, 17, 18980)
(32, 10, 6303)
(32, 8, 9615)
(32, 11, 8758)
(32, 22, 9362)
(32, 20, 15904)
(32, 27, 4528)
(32, 9, 2756)
(32, 23, 6333)
(32, 7, 13392)
(32, 26, 10316)
(32, 6, 3066)
(32, 24, 16792)
(32, 19, 14842)
(32, 30, 750)
(32, 15, 9556)
(32, 21, 9078)
(32, 0, 1257)
(32, 12, 3180)
(32, 29, 7442)
(32, 28, 17536)
(32, 2, 2684)
(32, 5, 9794)
(32, 14, 12306)
(32, 18, 16513)
(33, 8, 2804)
(33, 9, 1588)
(33, 27, 2129)
(33, 1, 754)
(33, 20, 16355)
(33, 2, 11505)
(33, 24, 6518)
(33, 12, 6119)
(33, 28, 4289)
(33, 19, 11036)
(33, 21, 11159)
(34, 27, 12387)
(34, 0, 1387)
(34, 11, 5697)
(34, 15, 17353)
(34, 32, 5095)
(35, 31, 3052)
(36, 9, 11167)
(36, 6, 1973)
(36, 35, 7079)
(36, 3, 15049)
(36, 26, 12712)
(36, 24, 18938)
(36, 14, 12858)
(36, 10, 13014)
(36, 17, 14118)
(36, 28, 8293)
(36, 22, 18055)
(36, 32, 13824)
(36, 27, 19491)
(36, 34, 7896)
(36, 12, 17701)
(36, 15, 175)
(36, 13, 7874)
(36, 23, 7578)
(36, 2, 3885)
(36, 18, 4658)
(36, 33, 4611)
(36, 11, 12777)
(36, 7, 10877)
(36, 4, 6703)
(36, 30, 2105)
(36, 20, 16774)
(36, 5, 19542)
(36, 8, 5440)
(36, 1, 9866)
(36, 16, 11713)
(37, 29, 14547)
(37, 0, 8597)
(37, 2, 10833)
(37, 19, 15467)
(37, 34, 13029)
(37, 24, 12098)
(37, 6, 1349)
(37, 16, 11176)
(37, 30, 7267)
(37, 15, 10232)
(37, 27, 17813)
(37, 11, 7019)
(37, 20, 17664)
(37, 4, 6515)
(37, 3, 17900)
(37, 7, 12564)
(37, 26, 17893)
(37, 12, 7261)
(37, 25, 6869)
(37, 22, 19240)
(37, 23, 4204)
(37, 17, 16654)
(37, 32, 4736)
(37, 35, 1502)
(37, 28, 16137)
(37, 1, 5341)
(37, 9, 298)
(37, 5, 9115)
(37, 33, 15471)
(37, 18, 5842)
(37, 10, 4931)
(37, 14, 9196)
(37, 31, 12965)
(37, 13, 18687)
(37, 21, 18510)
(38, 28, 12117)
(38, 33, 15753)
(38, 26, 19150)
(38, 20, 18579)
(38, 22, 9358)
(38, 25, 15047)
(38, 12, 4516)
(38, 21, 13755)
(38, 23, 18632)
(38, 7, 8668)
(38, 30, 4360)
(38, 29, 2415)
(38, 10, 13870)
(38, 15, 19330)
(38, 1, 16482)
(38, 18, 8311)
(39, 17, 3553)
(39, 36, 7059)
(39, 12, 18395)
(39, 1, 2694)
(39, 22, 18028)
(39, 38, 17944)
(39, 0, 5815)
(39, 18, 7755)
(39, 24, 14917)
(40, 38, 15416)
(40, 37, 6591)
(40, 32, 6717)
(40, 35, 6793)
(40, 18, 2122)
(40, 17, 14624)
(40, 2, 12468)
(40, 24, 16445)
(40, 39, 17191)
(40, 31, 9080)
(40, 4, 11344)
(40, 16, 9251)
(40, 20, 18249)
(40, 30, 172)
(40, 25, 942)
(40, 33, 12630)
(40, 11, 17716)
(40, 3, 2041)
(40, 22, 13975)
(40, 7, 1472)
(40, 1, 10929)
(40, 12, 10010)
(40, 21, 3134)
(40, 28, 1341)
(40, 13, 13397)
(40, 15, 11196)
(40, 5, 8599)
(40, 19, 14555)
(40, 34, 16543)
(40, 0, 533)
(40, 10, 17308)
(40, 29, 4604)
(40, 27, 8694)
(40, 9, 15680)
(40, 26, 8415)
(40, 6, 17369)
(41, 31, 7206)
(41, 3, 13574)
(41, 26, 12915)
(41, 10, 2017)
(41, 32, 3860)
(41, 21, 3381)
(41, 36, 15648)
(41, 22, 16537)
(41, 25, 2947)
(41, 12, 2576)
(41, 13, 2569)
(41, 4, 10437)
(41, 33, 9925)
(41, 17, 10300)
(41, 19, 18155)
(41, 5, 8613)
(41, 35, 9748)
(41, 9, 11975)
(41, 34, 16832)
(41, 15, 19351)
(41, 28, 18279)
(41, 39, 18468)
(41, 6, 385)
(41, 18, 18516)
(41, 40, 8280)
(41, 11, 350)
(41, 20, 899)
(41, 2, 3011)
(41, 23, 8333)
(41, 8, 4886)
(41, 24, 10839)
(41, 7, 264)
(41, 14, 146)
(42, 23, 2894)
(42, 18, 4815)
(42, 11, 2831)
(42, 29, 147)
(42, 15, 9032)
(42, 5, 11510)
(42, 19, 14739)
(42, 37, 10090)
(42, 13, 1329)
(42, 39, 11812)
(42, 9, 8421)
(42, 32, 5830)
(42, 14, 14614)
(42, 31, 7910)
(42, 21, 576)
(42, 26, 17978)
(42, 35, 13164)
(42, 24, 18301)
(42, 2, 13198)
(42, 20, 18379)
(42, 34, 18994)
(42, 40, 17819)
(42, 41, 17833)
(42, 0, 5703)
(43, 38, 7813)
(43, 21, 12576)
(43, 35, 153)
(43, 7, 10095)
(43, 34, 18304)
(43, 13, 17429)
(43, 3, 10908)
(43, 39, 10642)
(43, 15, 9885)
(43, 41, 12646)
(43, 25, 14838)
(43, 36, 4571)
(44, 38, 9293)
(44, 25, 17001)
(44, 43, 4001)
(44, 11, 8647)
(44, 8, 1724)
(44, 32, 10439)
(44, 34, 19276)
(44, 5, 7381)
(44, 42, 11512)
(44, 37, 2659)
(45, 7, 7693)
(45, 34, 6718)
(45, 36, 12752)
(45, 35, 10518)
(45, 44, 1634)
(45, 40, 181)
(45, 26, 7945)
(45, 21, 12560)
(45, 33, 6879)
(45, 6, 14429)
(45, 28, 8144)
(45, 5, 11818)
(45, 29, 8978)
(45, 16, 1521)
(45, 4, 17828)
(45, 17, 18805)
(45, 19, 12608)
(45, 41, 14749)
(45, 24, 6553)
(45, 23, 12061)
(45, 38, 12735)
(45, 14, 8659)
(45, 15, 15445)
(45, 2, 10746)
(45, 39, 9734)
(45, 8, 5196)
(45, 10, 7331)
(45, 27, 14485)
(45, 22, 17322)
(45, 18, 8152)
(45, 13, 10146)
(45, 20, 8485)
(45, 30, 3042)
(45, 31, 15404)
(45, 11, 9617)
(45, 12, 276)
(45, 9, 9636)
(45, 43, 1992)
(46, 31, 18897)
(46, 7, 6290)
(46, 15, 4378)
(46, 30, 3811)
(46, 27, 7299)
(46, 4, 15077)
(46, 45, 11404)
(46, 10, 15609)
(46, 24, 8106)
(46, 18, 3118)
(46, 17, 9227)
(46, 41, 11596)
(46, 25, 6084)
(46, 33, 3022)
(46, 14, 15411)
(46, 36, 12004)
(46, 26, 18791)
(46, 2, 8900)
(46, 6, 8281)
(46, 8, 7209)
(46, 37, 9648)
(46, 20, 3488)
(46, 22, 480)
(46, 5, 8754)
(46, 29, 13544)
(46, 43, 16747)
(46, 40, 17221)
(46, 32, 15574)
(46, 39, 4691)
(46, 1, 17087)
(46, 19, 610)
(46, 0, 8248)
(46, 35, 17415)
(46, 28, 16853)
(47, 28, 1421)
(47, 29, 6536)
(47, 43, 6840)
(47, 22, 2853)
(47, 38, 12592)
(47, 34, 4719)
(47, 16, 9547)
(47, 45, 7082)
(47, 35, 15890)
(47, 15, 3979)
(47, 14, 18236)
(47, 3, 531)
(47, 46, 11421)
(47, 7, 6038)
(47, 17, 4050)
(47, 26, 13303)
(47, 0, 5962)
(47, 20, 16223)
(47, 21, 7613)
(47, 33, 16931)
(47, 8, 9628)
(47, 23, 1411)
(47, 42, 352)
(47, 37, 5849)
(47, 19, 17464)
(47, 9, 485)
(47, 41, 13066)
(47, 27, 14102)
(47, 2, 10649)
(47, 4, 11529)
(47, 30, 10545)
(47, 5, 13246)
(47, 10, 5230)
(47, 31, 2154)
(47, 32, 11320)
(48, 38, 4379)
(48, 22, 9117)
(48, 31, 3681)
(48, 36, 904)
(48, 20, 5507)
(48, 5, 5801)
(48, 12, 675)
(48, 21, 10419)
(48, 25, 19455)
(48, 14, 12821)
(48, 15, 2472)
(48, 43, 18551)
(48, 37, 7811)
(48, 24, 2229)
(48, 39, 8712)
(48, 16, 6934)
(48, 40, 9242)
(48, 44, 1651)
(48, 18, 3304)
(48, 9, 701)
(48, 2, 2350)
(48, 1, 10497)
(48, 10, 13007)
(48, 3, 15995)
(48, 45, 7963)
(48, 42, 300)
(48, 8, 7430)
(48, 30, 16930)
(48, 19, 9581)
(49, 1, 5207)
(49, 21, 16138)
(49, 45, 16711)
(49, 33, 11062)
(49, 2, 19099)
(49, 24, 19386)
(49, 28, 18557)
(49, 14, 733)
(49, 38, 38)
(49, 15, 9810)
(49, 17, 10787)
(50, 48, 17641)
(50, 30, 5901)
(50, 10, 13056)
(50, 31, 10525)
(50, 11, 5092)
(50, 3, 7434)
(50, 29, 10596)
(50, 18, 5944)
(50, 27, 4668)
(50, 4, 11890)
(50, 14, 15440)
(50, 43, 17375)
(50, 28, 6938)
(50, 15, 756)
(50, 36, 14919)
(50, 17, 10624)
(50, 47, 10456)
(50, 0, 14210)
(50, 26, 1492)
(50, 19, 17176)
(50, 35, 11717)
(50, 23, 12586)
(50, 24, 11643)
(50, 49, 5724)
(50, 39, 17443)
(51, 22, 16467)
(51, 49, 8950)
(51, 19, 1730)
(51, 34, 11210)
(51, 29, 7202)
(51, 27, 2535)
(51, 42, 16103)
(51, 35, 9378)
(52, 19, 13405)
(52, 37, 3550)
(52, 42, 2844)
(53, 35, 10144)
(53, 24, 1685)
(53, 42, 15335)
(53, 5, 18855)
(53, 7, 12803)
(53, 40, 13620)
(53, 9, 1371)
(53, 39, 9429)
(53, 6, 18528)
(53, 48, 6513)
(53, 1, 10163)
(53, 47, 15014)
(53, 38, 10481)
(53, 15, 11490)
(53, 3, 17070)
(53, 28, 13420)
(53, 2, 9783)
(53, 29, 11164)
(53, 30, 18943)
(53, 10, 2305)
(53, 4, 3637)
(53, 37, 4879)
(53, 21, 9667)
(53, 17, 17326)
(53, 8, 9609)
(53, 13, 18537)
(53, 43, 1303)
(53, 36, 9577)
(53, 26, 14441)
(53, 16, 18638)
(53, 0, 4408)
(53, 45, 14934)
(53, 46, 1136)
(53, 25, 7278)
(53, 23, 15429)
(53, 41, 19159)
(53, 18, 13382)
(54, 19, 8362)
(54, 42, 759)
(54, 39, 9243)
(54, 40, 4208)
(54, 0, 4086)
(54, 29, 14682)
(54, 25, 15872)
(54, 9, 2864)
(54, 18, 8572)
(54, 4, 16915)
(54, 44, 8345)
(54, 31, 342)
(54, 2, 3486)
(54, 41, 11704)
(54, 3, 1653)
(54, 33, 8419)
(54, 53, 2314)
(54, 34, 10561)
(54, 6, 12366)
(54, 37, 17527)
(54, 35, 70)
(54, 28, 7375)
(54, 16, 8771)
(55, 48, 2168)
(55, 50, 8306)
(55, 9, 15611)
(55, 45, 9953)
(55, 47, 18225)
(55, 4, 17705)
(55, 46, 13429)
(55, 26, 10854)
(56, 7, 19087)
(56, 23, 19121)
(56, 50, 11710)
(56, 35, 17141)
(56, 36, 15167)
(56, 0, 2117)
(56, 40, 15736)
(56, 11, 4945)
(56, 32, 11414)
(56, 34, 9327)
(56, 4, 1342)
(56, 38, 1762)
(56, 2, 6499)
(56, 13, 13601)
(56, 43, 7892)
(56, 18, 12348)
(56, 6, 4598)
(56, 24, 11968)
(56, 25, 7097)
(56, 51, 15073)
(56, 15, 11394)
(56, 41, 3511)
(56, 30, 10482)
(56, 10, 7714)
(56, 47, 18616)
(57, 53, 15731)
(57, 37, 170)
(57, 3, 9695)
(57, 46, 4807)
(57, 44, 16872)
(57, 23, 16540)
(57, 33, 7337)
(57, 19, 4608)
(57, 0, 18520)
(58, 43, 3103)
(58, 55, 3436)
(58, 28, 6530)
(58, 46, 10245)
(58, 50, 9541)
(58, 7, 15403)
(58, 34, 18997)
(58, 1, 7334)
(58, 44, 11790)
(58, 30, 13702)
(58, 17, 1402)
(58, 45, 6927)
(58, 12, 14541)
(58, 3, 9824)
(58, 42, 19428)
(58, 27, 547)
(58, 57, 7376)
(58, 11, 13111)
(58, 25, 13025)
(58, 20, 18184)
(58, 38, 10493)
(58, 4, 16065)
(58, 35, 17012)
(58, 8, 15552)
(58, 5, 17682)
(58, 48, 2410)
(58, 18, 10842)
(58, 56, 17725)
(58, 54, 7923)
(58, 24, 580)
(58, 37, 6001)
(58, 6, 9600)
(58, 26, 17686)
(58, 39, 6097)
(58, 21, 6169)
(58, 0, 16528)
(59, 42, 17043)
(59, 47, 6319)
(59, 57, 14778)
(59, 55, 2374)
(59, 56, 17264)
(59, 11, 17694)
(59, 10, 9669)
(59, 38, 11506)
(59, 43, 16880)
(59, 30, 13345)
(59, 49, 3957)
(59, 28, 167)
(59, 3, 10583)
(59, 26, 3656)
(59, 39, 3794)
(59, 5, 12336)
(59, 54, 15119)
(59, 27, 16239)
(59, 45, 9395)
(59, 16, 12116)
(59, 35, 8467)
(59, 40, 11201)
(59, 33, 12512)
(59, 1, 10263)
(59, 23, 6034)
(59, 50, 16541)
(59, 32, 15052)
(59, 53, 17910)
(59, 34, 16739)
(60, 22, 3879)
(60, 46, 5570)
(60, 35, 10120)
(60, 12, 11369)
(60, 53, 3417)
(60, 9, 2346)
(60, 38, 11392)
(60, 56, 18307)
(60, 32, 14059)
(60, 7, 2786)
(60, 34, 9261)
(60, 43, 14525)
(60, 36, 9265)
(60, 10, 5525)
(60, 58, 8602)
(60, 21, 16036)
(60, 17, 3791)
(60, 50, 13347)
(60, 13, 14490)
(60, 23, 8307)
(60, 39, 16282)
(60, 55, 10420)
(60, 37, 12478)
(60, 0, 2916)
(60, 27, 16746)
(60, 14, 2793)
(60, 52, 15120)
(60, 2, 15694)
(60, 19, 8246)
(60, 18, 12926)
(60, 25, 5087)
(60, 59, 13008)
(60, 20, 17229)
(60, 16, 5768)
(60, 41, 11105)
(60, 47, 10939)
(60, 33, 13926)
(60, 4, 4819)
(60, 30, 2982)
(60, 42, 11776)
(60, 45, 681)
(60, 44, 17760)
(60, 28, 494)
(60, 40, 9029)
(60, 54, 3015)
(60, 24, 17269)
(60, 29, 10849)
(60, 3, 16062)
(60, 15, 13548)
(60, 31, 6172)
(60, 6, 11069)
(60, 48, 3510)
(60, 11, 18909)
(61, 49, 7483)
(61, 29, 17138)
(61, 51, 1023)
(61, 26, 10828)
(61, 45, 18877)
(61, 59, 7627)
(61, 55, 10571)
(61, 13, 16848)
(62, 25, 15814)
(62, 8, 16524)
(62, 7, 5796)
(62, 3, 13556)
(62, 1, 11814)
(62, 35, 10709)
(62, 21, 3353)
(62, 33, 12536)
(62, 57, 12907)
(62, 10, 17884)
(62, 18, 2754)
(62, 24, 5803)
(62, 19, 9188)
(62, 42, 8012)
(62, 17, 13889)
(62, 52, 8111)
(62, 37, 13837)
(62, 34, 13508)
(62, 32, 3248)
(62, 38, 3675)
(62, 31, 9773)
(62, 30, 2233)
(62, 5, 18623)
(62, 54, 15345)
(62, 39, 17719)
(62, 49, 16498)
(62, 4, 4572)
(62, 51, 18833)
(62, 60, 15323)
(62, 6, 7274)
(62, 22, 4081)
(63, 49, 6023)
(63, 0, 253)
(63, 15, 16563)
(63, 19, 18074)
(63, 17, 105)
(63, 42, 3853)
(63, 10, 9338)
(63, 21, 7119)
(63, 62, 6778)
(63, 35, 19017)
(63, 55, 1596)
(63, 29, 17823)
(63, 22, 402)
(63, 31, 2541)
(63, 24, 8006)
(63, 7, 9014)
(63, 44, 17041)
(63, 20, 15078)
(63, 50, 1803)
(63, 33, 16267)
(63, 8, 17224)
(63, 4, 19525)
(63, 59, 7803)
(63, 3, 12974)
(63, 30, 772)
(63, 23, 11939)
(63, 13, 12958)
(63, 46, 2072)
(63, 6, 3613)
(63, 38, 12167)
(63, 32, 16508)
(63, 2, 8615)
(63, 58, 4114)
(63, 48, 8545)
(63, 60, 2064)
(63, 51, 11272)
(64, 25, 1266)
(64, 60, 18545)
(65, 21, 4731)
(65, 15, 3473)
(65, 54, 15262)
(65, 44, 9478)
(65, 9, 8954)
(65, 56, 5335)
(65, 51, 11729)
(65, 29, 9325)
(65, 49, 2148)
(66, 30, 9209)
(66, 27, 19077)
(67, 53, 17377)
(67, 55, 12194)
(67, 10, 18568)
(67, 37, 3306)
(67, 20, 17630)
(67, 16, 6043)
(67, 46, 18460)
(67, 3, 19436)
(67, 66, 1106)
(67, 63, 4486)
(67, 47, 6296)
(67, 33, 12656)
(67, 23, 15953)
(67, 21, 11777)
(67, 29, 12810)
(67, 58, 8680)
(67, 27, 19461)
(67, 4, 9441)
(67, 28, 6956)
(67, 31, 6219)
(67, 45, 16781)
(67, 50, 12651)
(67, 51, 6100)
(67, 25, 19340)
(67, 18, 18194)
(67, 19, 4128)
(67, 2, 7077)
(67, 13, 5222)
(67, 8, 2791)
(67, 5, 16200)
(67, 15, 1601)
(67, 54, 7322)
(67, 34, 17627)
(67, 62, 1230)
(67, 26, 335)
(67, 17, 644)
(67, 48, 19326)
(67, 64, 18601)
(67, 0, 7034)
(67, 12, 8503)
(67, 61, 4710)
(67, 22, 9899)
(67, 39, 11883)
(67, 42, 7110)
(67, 14, 3587)
(68, 41, 8157)
(68, 16, 16857)
(68, 9, 18124)
(68, 42, 13892)
(68, 56, 13514)
(68, 39, 6660)
(68, 34, 5213)
(68, 65, 4077)
(68, 4, 12645)
(68, 14, 10486)
(68, 63, 9463)
(68, 2, 1014)
(68, 8, 1356)
(68, 51, 12612)
(68, 58, 10394)
(68, 23, 775)
(68, 24, 1953)
(68, 1, 16519)
(68, 37, 11094)
(68, 29, 11356)
(68, 47, 3727)
(68, 61, 19163)
(68, 26, 10963)
(68, 38, 12679)
(68, 25, 7657)
(68, 32, 9399)
(68, 5, 2267)
(68, 21, 11675)
(68, 64, 15425)
(68, 45, 7497)
(68, 11, 16926)
(68, 7, 11507)
(68, 28, 4336)
(68, 22, 454)
(68, 6, 11243)
(68, 50, 17240)
(68, 10, 2036)
(68, 59, 14352)
(68, 12, 12639)
(68, 36, 18025)
(68, 55, 4223)
(68, 27, 4976)
(68, 44, 9722)
(68, 57, 10502)
(68, 35, 11725)
(68, 13, 7899)
(68, 17, 3154)
(68, 33, 14833)
(68, 31, 3188)
(68, 19, 12581)
(68, 46, 9278)
(68, 53, 18311)
(68, 60, 14598)
(68, 52, 13552)
(68, 15, 15079)
(68, 20, 3728)
(68, 30, 16086)
(68, 40, 3176)
(68, 62, 11121)
(69, 25, 398)
(69, 16, 7236)
(69, 15, 9053)
(69, 31, 568)
(69, 13, 6057)
(69, 49, 4504)
(69, 53, 16577)
(69, 44, 14419)
(69, 42, 18933)
(69, 64, 14074)
(69, 58, 14770)
(69, 55, 17467)
(69, 10, 17538)
(69, 61, 3635)
(69, 65, 3668)
(69, 41, 313)
(69, 48, 3871)
(69, 36, 1600)
(69, 11, 4334)
(69, 28, 10720)
(69, 4, 10846)
(69, 23, 6137)
(69, 37, 17517)
(69, 34, 14641)
(69, 12, 18719)
(69, 59, 6542)
(69, 46, 5649)
(69, 56, 1448)
(69, 50, 12019)
(69, 63, 14007)
(69, 6, 17928)
(69, 2, 8958)
(69, 21, 16322)
(69, 39, 138)
(69, 1, 13020)
(69, 32, 11420)
(69, 68, 795)
(69, 38, 3709)
(69, 3, 6981)
(69, 33, 1721)
(69, 30, 4129)
(69, 9, 12658)
(69, 45, 9713)
(69, 14, 7304)
(69, 57, 5199)
(69, 24, 6014)
(69, 29, 158)
(69, 22, 15424)
(69, 62, 13215)
(69, 60, 12091)
(69, 67, 18474)
(69, 20, 16483)
(69, 47, 1824)
(70, 33, 212)
(70, 29, 15189)
(70, 36, 1795)
(70, 21, 6126)
(70, 44, 14538)
(71, 41, 13999)
(71, 9, 7272)
(71, 6, 13665)
(71, 64, 18946)
(71, 34, 4405)
(71, 43, 12648)
(71, 58, 17918)
(71, 12, 11828)
(71, 5, 5113)
(71, 39, 1934)
(71, 24, 18309)
(71, 11, 10221)
(71, 40, 10102)
(71, 38, 18375)
(71, 15, 11089)
(71, 2, 17691)
(71, 33, 2159)
(71, 13, 8906)
(71, 4, 12083)
(71, 59, 1822)
(71, 52, 13000)
(71, 21, 3073)
(71, 67, 18338)
(71, 53, 3401)
(71, 47, 9610)
(71, 44, 16709)
(71, 31, 12678)
(71, 3, 12972)
(71, 17, 8207)
(71, 26, 13070)
(71, 48, 18523)
(71, 35, 16079)
(71, 23, 16290)
(71, 69, 9838)
(71, 8, 5667)
(71, 10, 6473)
(71, 54, 8684)
(71, 1, 1431)
(71, 0, 13766)
(71, 7, 6695)
(71, 42, 1845)
(71, 60, 18211)
(71, 57, 85)
(72, 15, 976)
(72, 50, 9799)
(72, 66, 18458)
(72, 64, 7279)
(72, 30, 2728)
(72, 69, 14488)
(73, 28, 19218)
(73, 21, 2403)
(73, 44, 3743)
(73, 30, 1038)
(73, 24, 11795)
(73, 19, 1935)
(73, 72, 6925)
(73, 22, 3615)
(73, 12, 274)
(73, 42, 5506)
(73, 37, 19196)
(73, 68, 17647)
(73, 0, 18019)
(73, 50, 9040)
(73, 53, 1897)
(73, 67, 4311)
(73, 56, 15597)
(73, 65, 14603)
(73, 49, 4035)
(73, 58, 3343)
(73, 16, 11318)
(73, 32, 17494)
(73, 17, 14040)
(73, 7, 13869)
(73, 2, 14003)
(73, 38, 1285)
(73, 34, 11569)
(73, 15, 5502)
(73, 57, 12392)
(73, 64, 8713)
(73, 9, 18040)
(73, 40, 11408)
(73, 4, 2747)
(73, 59, 14030)
(73, 48, 2100)
(73, 71, 4789)
(73, 43, 1912)
(73, 14, 11432)
(73, 29, 56)
(73, 1, 6398)
(73, 63, 12557)
(73, 5, 3365)
(73, 70, 17651)
(73, 13, 13443)
(73, 36, 12623)
(73, 6, 7515)
(73, 20, 6036)
(74, 34, 1627)
(74, 20, 12635)
(74, 54, 52)
(74, 5, 14620)
(74, 44, 7426)
(74, 28, 9197)
(74, 23, 3086)
(74, 2, 11140)
(74, 49, 10713)
(74, 14, 7015)
(74, 27, 9805)
(74, 30, 4890)
(74, 16, 18310)
(74, 57, 18385)
(74, 31, 14056)
(74, 71, 6962)
(74, 8, 10054)
(74, 0, 15627)
(74, 66, 7475)
(74, 39, 17214)
(74, 56, 18956)
(74, 13, 3133)
(74, 25, 17679)
(74, 19, 7717)
(74, 36, 9753)
(74, 22, 14678)
(74, 15, 2926)
(74, 62, 11516)
(74, 33, 12416)
(74, 70, 8340)
(74, 73, 9730)
(74, 46, 17919)
(74, 47, 13540)
(74, 68, 6436)
(74, 42, 3220)
(74, 18, 18975)
(74, 59, 12020)
(74, 35, 10246)
(74, 53, 10418)
(74, 67, 9350)
(74, 69, 12272)
(74, 12, 10829)
(74, 11, 3747)
(74, 29, 2412)
(74, 65, 7477)
(74, 64, 16835)
(74, 55, 14206)
(74, 41, 1708)
(74, 3, 14349)
(74, 38, 4875)
(74, 60, 909)
(74, 72, 7056)
(74, 58, 18360)
(74, 45, 18555)
(74, 51, 11755)
(74, 61, 6678)
(74, 1, 5036)
(74, 48, 18024)
(74, 17, 1270)
(74, 63, 4493)
(74, 7, 1006)
(74, 32, 11554)
(74, 21, 17605)
(74, 10, 4459)
(74, 4, 619)
(74, 24, 2288)
(74, 9, 6385)
(74, 43, 5888)
(74, 50, 760)
(75, 34, 16328)
(75, 62, 13294)
(75, 26, 5928)
(76, 32, 5034)
(76, 17, 11765)
(76, 45, 17808)
(76, 43, 7438)
(76, 0, 14615)
(76, 15, 1710)
(76, 44, 13579)
(76, 65, 10715)
(76, 40, 4154)
(76, 33, 16484)
(76, 28, 13489)
(76, 35, 9904)
(76, 41, 3683)
(76, 71, 17500)
(76, 62, 1108)
(76, 49, 18982)
(76, 54, 11386)
(76, 1, 11722)
(76, 51, 18012)
(76, 46, 1848)
(76, 2, 7473)
(76, 7, 14473)
(76, 61, 5162)
(76, 9, 10916)
(76, 14, 9564)
(76, 36, 4930)
(76, 75, 14580)
(76, 58, 2573)
(76, 31, 4527)
(76, 3, 7768)
(76, 27, 8391)
(76, 23, 13096)
(76, 21, 280)
(76, 47, 2132)
(76, 52, 2012)
(76, 72, 2422)
(76, 19, 15505)
(76, 18, 16233)
(76, 38, 18663)
(76, 4, 6416)
(76, 74, 5672)
(76, 55, 15169)
(76, 69, 11028)
(76, 26, 19336)
(76, 48, 4392)
(77, 61, 10052)
(77, 17, 11599)
(77, 70, 11640)
(77, 69, 11525)
(77, 34, 4703)
(77, 51, 12554)
(77, 73, 8080)
(77, 16, 7384)
(77, 30, 11288)
(77, 23, 19172)
(77, 3, 19089)
(77, 50, 4669)
(77, 21, 18512)
(77, 40, 4312)
(77, 1, 10541)
(77, 11, 17845)
(77, 71, 18156)
(77, 31, 5505)
(77, 39, 9852)
(77, 15, 2766)
(77, 5, 5903)
(77, 63, 2113)
(77, 42, 18101)
(77, 13, 5959)
(77, 35, 15813)
(77, 68, 9276)
(77, 44, 14360)
(77, 47, 10289)
(77, 74, 15095)
(77, 67, 6154)
(77, 49, 373)
(77, 43, 4906)
(77, 24, 14109)
(77, 76, 413)
(77, 64, 13363)
(77, 48, 16909)
(77, 38, 5240)
(77, 65, 1376)
(77, 0, 1290)
(77, 53, 13184)
(77, 32, 9511)
(77, 9, 12694)
(77, 33, 18640)
(77, 58, 5625)
(77, 22, 16672)
(77, 2, 4443)
(77, 10, 9494)
(77, 37, 12224)
(77, 62, 4014)
(77, 8, 5163)
(77, 66, 12917)
(77, 52, 8197)
(77, 54, 9516)
(77, 36, 2795)
(77, 57, 14608)
(77, 18, 10046)
(77, 41, 3771)
(77, 60, 4545)
(77, 72, 12453)
(78, 16, 16143)
(78, 19, 13243)
(78, 15, 14456)
(78, 51, 11468)
(78, 10, 18503)
(78, 31, 2548)
(78, 73, 11864)
(78, 34, 11049)
(78, 22, 294)
(78, 66, 7633)
(78, 5, 8108)
(78, 54, 897)
(78, 2, 16244)
(78, 12, 2584)
(78, 3, 4737)
(78, 24, 4547)
(78, 64, 15703)
(78, 43, 6197)
(78, 4, 13873)
(78, 53, 16779)
(78, 63, 14150)
(78, 65, 10213)
(78, 26, 17463)
(78, 59, 14663)
(78, 67, 18095)
(78, 58, 8089)
(79, 74, 3960)
(79, 38, 6287)
(79, 43, 1682)
(79, 39, 8442)
(79, 45, 10156)
(79, 55, 3029)
(79, 60, 15363)
(79, 72, 6441)
(79, 40, 11178)
(79, 31, 10047)
(79, 10, 13992)
(79, 28, 9840)
(79, 1, 16970)
(79, 67, 17055)
(79, 27, 16303)
(79, 47, 16831)
(79, 20, 15773)
(79, 2, 13901)
(79, 71, 18866)
(79, 54, 10852)
(79, 12, 4182)
(79, 30, 7902)
(79, 13, 13301)
(79, 36, 6516)
(79, 70, 2922)
(79, 24, 8747)
(79, 76, 2744)
(79, 9, 13998)
(79, 32, 6696)
(79, 49, 15940)
(79, 21, 9791)
(79, 7, 17925)
(79, 25, 4623)
(79, 4, 13258)
(79, 52, 1259)
(79, 73, 1775)
(79, 50, 7838)
(79, 64, 12345)
(79, 37, 7574)
(79, 11, 18343)
(79, 65, 12565)
(79, 75, 1115)
(79, 78, 12796)
(79, 3, 15175)
(79, 19, 15)
(79, 68, 1851)
(79, 41, 14942)
(79, 77, 3443)
(79, 57, 11439)
(79, 66, 13277)
(79, 59, 6643)
(79, 48, 15344)
(79, 44, 18200)
(79, 46, 6041)
(79, 51, 13577)
(79, 58, 18795)
(80, 31, 7096)
(80, 13, 395)
(80, 28, 2345)
(80, 63, 12411)
(80, 15, 11743)
(80, 8, 6006)
(80, 51, 1941)
(80, 71, 12529)
(80, 76, 12700)
(80, 41, 8556)
(80, 22, 19226)
(80, 67, 3337)
(80, 65, 6225)
(80, 9, 8540)
(80, 20, 2013)
(80, 7, 5410)
(80, 66, 18466)
(80, 24, 14817)
(80, 0, 347)
(80, 69, 7908)
(80, 77, 11959)
(80, 30, 4098)
(80, 47, 11665)
(80, 33, 18645)
(80, 55, 6216)
(81, 76, 16215)
(81, 9, 6791)
(81, 66, 832)
(81, 26, 1070)
(81, 35, 11015)
(81, 53, 9066)
(81, 45, 16867)
(81, 65, 8610)
(81, 71, 2493)
(81, 56, 4616)
(81, 74, 2559)
(81, 51, 7421)
(81, 0, 15656)
(81, 42, 12275)
(81, 36, 8970)
(81, 11, 6316)
(81, 54, 8354)
(81, 32, 12058)
(81, 79, 10912)
(81, 39, 16449)
(81, 64, 18550)
(81, 19, 2755)
(81, 48, 8534)
(81, 50, 13502)
(81, 2, 405)
(81, 8, 1150)
(81, 52, 8797)
(81, 78, 3039)
(81, 5, 836)
(81, 68, 14044)
(81, 30, 6595)
(81, 34, 7559)
(81, 55, 12035)
(81, 33, 16284)
(81, 37, 13445)
(81, 40, 8185)
(81, 22, 7244)
(82, 74, 15253)
(82, 35, 11733)
(82, 62, 9955)
(82, 0, 16356)
(82, 61, 11781)
(82, 17, 17431)
(82, 52, 2365)
(82, 41, 955)
(82, 75, 614)
(82, 55, 4173)
(82, 65, 15763)
(82, 13, 5689)
(82, 54, 14493)
(82, 71, 18887)
(82, 3, 9565)
(82, 37, 12681)
(82, 20, 381)
(82, 27, 4876)
(82, 79, 15905)
(82, 57, 5692)
(82, 60, 15741)
(82, 80, 18675)
(82, 39, 11208)
(82, 69, 13903)
(82, 72, 15029)
(82, 32, 6423)
(82, 49, 13534)
(82, 2, 8472)
(82, 73, 15307)
(82, 42, 18128)
(82, 45, 2219)
(82, 76, 6831)
(82, 30, 11568)
(82, 67, 16719)
(82, 64, 8877)
(82, 22, 18271)
(82, 26, 14587)
(82, 59, 14628)
(82, 43, 13262)
(82, 11, 8821)
(82, 34, 8276)
(82, 19, 13404)
(82, 16, 2255)
(82, 56, 7513)
(82, 31, 9782)
(82, 81, 7699)
(82, 21, 17643)
(82, 50, 76)
(83, 50, 1501)
(83, 65, 5408)
(83, 38, 8081)
(83, 70, 863)
(83, 31, 1244)
(83, 71, 18201)
(83, 68, 12826)
(84, 10, 2440)
(84, 36, 3357)
(84, 1, 13860)
(84, 27, 2986)
(84, 45, 10459)
(84, 71, 15880)
(84, 65, 16912)
(84, 20, 10301)
(84, 17, 12829)
(84, 69, 7361)
(84, 29, 17046)
(84, 11, 322)
(84, 24, 15017)
(84, 15, 12552)
(84, 83, 5401)
(84, 12, 11542)
(84, 70, 11815)
(84, 63, 4818)
(84, 41, 15508)
(84, 60, 12177)
(84, 32, 4333)
(84, 47, 17943)
(84, 35, 17692)
(84, 62, 15599)
(84, 73, 607)
(84, 61, 2700)
(84, 13, 10139)
(84, 67, 14935)
(84, 49, 1506)
(84, 76, 17015)
(84, 3, 3372)
(84, 48, 7666)
(84, 8, 3329)
(84, 4, 12440)
(84, 54, 9736)
(84, 6, 9245)
(84, 0, 12162)
(84, 19, 1649)
(84, 51, 4272)
(84, 31, 203)
(84, 43, 19142)
(84, 42, 8424)
(84, 50, 13145)
(84, 78, 5514)
(84, 2, 2647)
(84, 21, 9153)
(84, 9, 3232)
(84, 26, 16009)
(84, 72, 18707)
(84, 23, 17305)
(84, 37, 830)
(84, 46, 17100)
(84, 34, 13747)
(85, 37, 5714)
(85, 13, 19252)
(85, 49, 15544)
(85, 79, 2284)
(85, 26, 13819)
(85, 72, 13802)
(85, 42, 4754)
(85, 63, 16772)
(85, 41, 14120)
(85, 46, 1317)
(85, 54, 9893)
(85, 57, 17023)
(85, 55, 10903)
(85, 17, 4626)
(85, 59, 14375)
(85, 67, 9698)
(85, 62, 10137)
(85, 64, 4331)
(85, 45, 3821)
(85, 53, 5065)
(85, 29, 18507)
(85, 39, 15663)
(85, 31, 1277)
(85, 81, 5834)
(85, 28, 9409)
(85, 9, 15366)
(85, 18, 4858)
(85, 84, 15815)
(85, 32, 8196)
(85, 71, 15708)
(85, 78, 12450)
(85, 33, 1418)
(85, 34, 1372)
(85, 70, 1975)
(85, 23, 14667)
(85, 15, 13977)
(85, 74, 14994)
(85, 83, 14519)
(85, 66, 10234)
(85, 3, 14374)
(85, 51, 8431)
(85, 16, 12188)
(85, 6, 1854)
(85, 69, 1216)
(85, 25, 7770)
(85, 40, 5769)
(85, 80, 9725)
(85, 43, 3835)
(85, 30, 13204)
(85, 38, 17208)
(85, 48, 14008)
(85, 12, 5211)
(85, 11, 18571)
(85, 77, 724)
(85, 68, 2517)
(85, 73, 16756)
(85, 61, 15802)
(85, 27, 19319)
(85, 75, 9813)
(85, 1, 14636)
(85, 82, 17690)
(85, 35, 7486)
(85, 10, 17507)
(85, 19, 10397)
(85, 24, 18590)
(85, 5, 10368)
(85, 50, 11819)
(85, 2, 4069)
(85, 20, 5977)
(85, 52, 5923)
(85, 65, 10458)
(85, 76, 8934)
(85, 14, 13477)
(85, 47, 18569)
(85, 7, 182)
(85, 21, 10175)
(85, 0, 14857)
(85, 60, 7872)
(85, 22, 500)
(86, 24, 9976)
(86, 35, 14925)
(86, 66, 3577)
(86, 16, 6913)
(86, 20, 6926)
(86, 71, 16262)
(86, 22, 9483)
(86, 60, 16395)
(86, 77, 752)
(86, 50, 6535)
(86, 48, 7134)
(86, 21, 5234)
(86, 78, 6127)
(86, 36, 7115)
(86, 41, 17349)
(86, 45, 451)
(86, 81, 430)
(86, 74, 10760)
(86, 59, 5501)
(86, 29, 6400)
(86, 30, 17164)
(86, 47, 7214)
(86, 58, 13327)
(86, 19, 4944)
(86, 11, 12822)
(86, 61, 1946)
(86, 53, 4629)
(86, 70, 5249)
(86, 80, 17391)
(86, 84, 2269)
(86, 7, 8371)
(86, 27, 10646)
(86, 0, 13425)
(86, 39, 6616)
(86, 68, 7861)
(86, 1, 2944)
(86, 14, 1896)
(86, 23, 8641)
(86, 82, 10071)
(86, 9, 18764)
(86, 31, 1456)
(86, 62, 15661)
(86, 37, 4817)
(86, 28, 1766)
(86, 54, 6520)
(86, 38, 435)
(86, 63, 15063)
(86, 64, 8752)
(86, 12, 9687)
(86, 57, 7071)
(86, 10, 7647)
(86, 18, 16778)
(86, 2, 11340)
(86, 25, 12027)
(86, 46, 19464)
(86, 34, 7230)
(86, 17, 9978)
(87, 32, 5997)
(87, 45, 8977)
(87, 6, 18935)
(87, 79, 10110)
(87, 27, 5619)
(87, 49, 16580)
(87, 2, 7216)
(87, 61, 18094)
(87, 76, 8379)
(87, 55, 6402)
(87, 78, 4583)
(87, 65, 13265)
(87, 57, 8895)
(87, 82, 13546)
(87, 56, 14395)
(87, 0, 12008)
(88, 75, 7780)
(88, 53, 3368)
(88, 81, 16097)
(88, 52, 3974)
(88, 29, 17067)
(88, 76, 16060)
(88, 23, 18082)
(88, 13, 14751)
(88, 9, 16777)
(88, 12, 5129)
(88, 54, 4951)
(88, 40, 15790)
(88, 22, 17470)
(89, 35, 8809)
(89, 72, 16218)
(89, 63, 8665)
(89, 29, 2537)
(89, 47, 7143)
(89, 26, 1405)
(89, 23, 3376)
(89, 6, 8390)
(89, 17, 18593)
(89, 41, 5461)
(89, 0, 6353)
(89, 78, 5406)
(89, 25, 14786)
(89, 65, 6547)
(89, 75, 2736)
(89, 38, 12970)
(89, 83, 9803)
(89, 4, 5226)
(89, 16, 12155)
(89, 39, 17384)
(89, 40, 1238)
(89, 74, 1787)
(89, 77, 17778)
(89, 69, 11751)
(89, 53, 18894)
(89, 60, 18871)
(89, 56, 8292)
(89, 85, 8457)
(89, 51, 2832)
(89, 8, 8182)
(89, 18, 2245)
(89, 34, 2092)
(89, 37, 4433)
(89, 87, 4155)
(89, 2, 7772)
(89, 30, 9762)
(89, 19, 18626)
(89, 13, 629)
(89, 50, 18811)
(89, 31, 4865)
(89, 58, 510)
(90, 60, 4765)
(90, 16, 8018)
(90, 30, 14880)
(90, 77, 4092)
(90, 29, 8499)
(90, 40, 4695)
(90, 4, 5549)
(90, 61, 2435)
(90, 42, 14906)
(90, 57, 15847)
(90, 31, 13112)
(90, 88, 13562)
(90, 24, 3495)
(90, 10, 19350)
(90, 81, 6378)
(90, 54, 9391)
(90, 80, 4634)
(90, 72, 10336)
(90, 28, 5369)
(90, 43, 254)
(90, 68, 673)
(90, 0, 7411)
(90, 76, 13039)
(90, 49, 12295)
(90, 64, 6756)
(90, 1, 18857)
(90, 82, 15419)
(90, 67, 9405)
(90, 33, 11334)
(90, 8, 18618)
(90, 11, 19151)
(90, 41, 803)
(90, 75, 17559)
(90, 44, 14510)
(90, 32, 18613)
(90, 59, 15183)
(90, 26, 14121)
(90, 5, 13335)
(90, 83, 10975)
(90, 50, 12417)
(90, 9, 606)
(90, 2, 15891)
(90, 34, 16390)
(90, 13, 7519)
(90, 86, 3746)
(90, 48, 18275)
(90, 87, 13827)
(90, 65, 6248)
(90, 6, 17324)
(90, 66, 7756)
(91, 73, 1271)
(91, 45, 16187)
(91, 39, 12680)
(91, 82, 4640)
(91, 48, 2717)
(91, 72, 9179)
(91, 11, 995)
(91, 50, 13522)
(91, 76, 8769)
(91, 24, 12765)
(91, 42, 18108)
(91, 59, 10457)
(91, 60, 14584)
(91, 63, 7551)
(91, 22, 18060)
(91, 86, 18515)
(91, 53, 10075)
(91, 33, 271)
(91, 57, 14100)
(91, 7, 9535)
(91, 3, 16801)
(91, 12, 4231)
(91, 85, 2112)
(91, 78, 8677)
(91, 89, 12755)
(91, 40, 11914)
(91, 58, 13430)
(91, 20, 7484)
(91, 64, 7336)
(91, 28, 11100)
(91, 81, 2706)
(91, 87, 1217)
(91, 55, 6424)
(91, 75, 13605)
(91, 21, 809)
(91, 84, 14014)
(91, 69, 18958)
(91, 38, 16668)
(91, 79, 15729)
(91, 71, 1074)
(91, 6, 5838)
(91, 47, 16548)
(91, 51, 11961)
(91, 80, 7140)
(91, 4, 16836)
(92, 64, 5287)
(92, 76, 17803)
(92, 39, 17355)
(92, 77, 14586)
(92, 0, 10858)
(92, 59, 15041)
(92, 36, 15113)
(92, 85, 6060)
(92, 80, 3214)
(92, 6, 823)
(92, 42, 4196)
(92, 34, 9499)
(92, 48, 15234)
(92, 22, 6471)
(92, 79, 12836)
(92, 78, 14084)
(92, 87, 513)
(92, 88, 9880)
(92, 10, 17842)
(92, 4, 11008)
(92, 68, 18414)
(92, 13, 1468)
(92, 25, 4191)
(92, 18, 17149)
(92, 19, 5779)
(93, 55, 3179)
(93, 22, 13484)
(93, 1, 8181)
(93, 38, 1398)
(93, 8, 11694)
(93, 60, 13152)
(93, 77, 7567)
(93, 87, 11445)
(93, 90, 2127)
(93, 7, 12594)
(93, 9, 15649)
(93, 53, 13994)
(93, 68, 2147)
(93, 85, 15418)
(93, 16, 13913)
(93, 24, 15324)
(93, 86, 2571)
(93, 82, 3598)
(93, 0, 6210)
(93, 21, 12916)
(93, 56, 15188)
(93, 14, 10609)
(93, 11, 3330)
(93, 76, 3842)
(93, 23, 263)
(93, 28, 5147)
(93, 25, 19447)
(93, 73, 10537)
(93, 27, 12294)
(93, 74, 15427)
(93, 57, 12252)
(93, 26, 9363)
(93, 84, 9939)
(93, 39, 17752)
(93, 17, 3617)
(93, 45, 13490)
(93, 4, 8164)
(93, 67, 13716)
(93, 43, 11230)
(93, 71, 3216)
(93, 46, 18727)
(93, 41, 849)
(93, 72, 15034)
(93, 3, 17450)
(93, 36, 2575)
(93, 50, 2024)
(93, 19, 5386)
(93, 80, 14626)
(93, 31, 4004)
(93, 48, 7955)
(93, 51, 2234)
(93, 13, 17340)
(93, 12, 7602)
(93, 89, 2964)
(93, 6, 8851)
(93, 5, 3019)
(93, 32, 2192)
(93, 88, 6090)
(93, 2, 4927)
(93, 29, 12039)
(93, 34, 10656)
(93, 44, 1451)
(93, 70, 482)
(93, 20, 18428)
(93, 79, 7761)
(93, 40, 13162)
(93, 62, 46)
(93, 65, 872)
(93, 63, 7160)
(93, 47, 8720)
(93, 81, 16)
(93, 35, 2304)
(93, 75, 4698)
(93, 10, 7829)
(93, 37, 1413)
(93, 54, 15956)
(93, 42, 8142)
(93, 83, 17789)
(93, 66, 19259)
(93, 30, 17958)
(93, 61, 7927)
(94, 90, 529)
(94, 61, 18562)
(94, 51, 798)
(94, 4, 11265)
(94, 52, 2995)
(94, 6, 7068)
(94, 42, 11607)
(94, 60, 11002)
(94, 0, 12702)
(94, 78, 12624)
(94, 40, 3695)
(94, 69, 582)
(94, 20, 5003)
(94, 12, 13856)
(94, 45, 16211)
(94, 75, 18370)
(94, 22, 19042)
(94, 83, 8933)
(94, 16, 18769)
(94, 39, 226)
(94, 72, 13251)
(94, 13, 10219)
(94, 79, 1503)
(94, 36, 14913)
(94, 54, 9585)
(94, 21, 6076)
(94, 68, 5753)
(94, 3, 1062)
(94, 34, 1930)
(94, 47, 538)
(94, 50, 5886)
(94, 14, 7972)
(94, 44, 12070)
(94, 84, 2996)
(94, 11, 4313)
(94, 53, 8363)
(94, 27, 13981)
(94, 29, 3239)
(94, 91, 18400)
(94, 64, 9764)
(94, 38, 10151)
(94, 15, 7555)
(94, 89, 4549)
(94, 23, 8992)
(94, 70, 18097)
(94, 55, 19176)
(94, 76, 16522)
(94, 62, 9071)
(94, 88, 3669)
(94, 86, 231)
(94, 28, 13744)
(94, 73, 16099)
(94, 65, 3181)
(94, 57, 8083)
(94, 31, 16459)
(94, 10, 6677)
(94, 26, 17265)
(94, 77, 17160)
(94, 63, 5190)
(94, 56, 11894)
(94, 59, 11245)
(94, 33, 16602)
(94, 18, 13195)
(94, 81, 10827)
(94, 74, 19074)
(94, 24, 925)
(94, 93, 139)
(94, 66, 9065)
(94, 1, 15945)
(94, 92, 4359)
(94, 85, 17173)
(94, 17, 19079)
(94, 8, 11998)
(94, 82, 10086)
(94, 7, 9036)
(94, 35, 17797)
(94, 58, 10206)
(94, 19, 13271)
(94, 46, 17039)
(94, 9, 4028)
(94, 49, 6494)
(94, 2, 12264)
(94, 87, 1076)
(94, 48, 6421)
(94, 67, 7734)
(94, 30, 15687)
(94, 37, 4738)
(95, 56, 1920)
(95, 82, 4310)
(95, 70, 5402)
(95, 23, 5603)
(95, 34, 14246)
(95, 90, 12333)
(95, 9, 13462)
(95, 11, 18196)
(95, 57, 9132)
(95, 45, 11696)
(95, 6, 7125)
(95, 62, 12171)
(95, 51, 13781)
(95, 31, 16370)
(95, 67, 14467)
(95, 75, 8507)
(95, 92, 9150)
(95, 61, 12622)
(95, 24, 14689)
(95, 12, 15337)
(95, 72, 1828)
(95, 76, 4991)
(95, 3, 15927)
(95, 14, 1987)
(95, 16, 6583)
(95, 25, 14953)
(95, 93, 11329)
(95, 78, 5643)
(95, 30, 14128)
(95, 36, 472)
(95, 27, 3731)
(95, 29, 13341)
(95, 71, 9924)
(95, 26, 18536)
(95, 8, 7196)
(95, 0, 7595)
(95, 42, 1389)
(95, 2, 3342)
(95, 86, 1145)
(95, 47, 14947)
(96, 82, 14535)
(96, 23, 2190)
(96, 57, 15196)
(96, 71, 6541)
(96, 44, 3131)
(96, 29, 17241)
(96, 84, 11935)
(96, 74, 2399)
(96, 42, 14124)
(96, 1, 15767)
(96, 68, 366)
(96, 18, 2032)
(96, 90, 15359)
(96, 17, 6052)
(96, 92, 2989)
(96, 63, 5422)
(96, 22, 3611)
(96, 88, 17335)
(96, 76, 16160)
(96, 8, 4656)
(96, 59, 10199)
(96, 86, 15577)
(96, 50, 4066)
(96, 6, 12404)
(96, 3, 14436)
(96, 53, 3319)
(96, 78, 13054)
(96, 56, 245)
(96, 31, 11798)
(96, 36, 12173)
(96, 60, 694)
(96, 91, 18560)
(96, 61, 8866)
(96, 64, 5024)
(96, 85, 16254)
(96, 75, 17879)
(96, 40, 5741)
(96, 11, 13457)
(96, 89, 7443)
(96, 81, 11845)
(96, 28, 1811)
(96, 70, 13724)
(96, 7, 13969)
(96, 77, 15932)
(96, 48, 3981)
(97, 91, 17922)
(97, 26, 10395)
(97, 39, 16695)
(97, 55, 13598)
(97, 33, 10810)
(97, 62, 13568)
(97, 21, 16752)
(97, 56, 14810)
(97, 82, 14053)
(97, 9, 9977)
(97, 59, 14136)
(97, 65, 15538)
(97, 63, 3480)
(97, 61, 3262)
(97, 45, 11491)
(97, 22, 14050)
(97, 34, 6380)
(97, 2, 686)
(97, 54, 7135)
(97, 18, 3980)
(97, 71, 1668)
(97, 20, 2715)
(97, 86, 15581)
(97, 87, 17083)
(97, 40, 651)
(97, 14, 7049)
(97, 92, 1698)
(97, 74, 14979)
(97, 66, 18235)
(97, 29, 388)
(97, 81, 19458)
(97, 96, 19114)
(97, 67, 15695)
(97, 16, 18266)
(97, 48, 8998)
(97, 84, 6950)
(97, 25, 8532)
(97, 23, 14504)
(97, 11, 3924)
(97, 42, 16088)
(97, 35, 9456)
(97, 46, 15202)
(97, 0, 15910)
(97, 60, 2369)
(97, 50, 2764)
(97, 95, 18209)
(98, 2, 10255)
(98, 27, 3496)
(98, 40, 10542)
(98, 89, 6833)
(98, 26, 1832)
(98, 70, 18850)
(98, 53, 14511)
(98, 93, 17111)
(98, 15, 4427)
(98, 97, 250)
(98, 35, 12368)
(98, 94, 17299)
(98, 51, 2303)
(98, 12, 1355)
(98, 20, 7075)
(98, 95, 2287)
(98, 54, 3929)
(98, 16, 5516)
(98, 86, 14602)
(98, 36, 3326)
(98, 73, 5671)
(98, 85, 4418)
(98, 68, 3475)
(98, 75, 17321)
(98, 84, 10937)
(98, 5, 7141)
(98, 87, 12310)
(98, 24, 11830)
(98, 63, 13611)
(98, 76, 17649)
(99, 86, 11061)
(99, 6, 5784)
(99, 77, 2407)
(99, 93, 3338)
(99, 33, 17417)
(99, 25, 4133)
(99, 42, 3147)
(99, 36, 9422)
(99, 40, 5430)
(99, 98, 17889)
(99, 3, 4324)
(99, 2, 15937)
(99, 12, 13683)
(99, 96, 18423)
(99, 44, 14946)
(99, 74, 6000)
(99, 9, 11638)
(99, 26, 7748)
(99, 83, 1549)
(99, 52, 4046)
(99, 13, 709)
(99, 60, 11744)
(99, 84, 16793)
(99, 66, 12219)
(99, 53, 7667)
(99, 7, 17594)
(99, 94, 18334)
(99, 79, 10874)
(99, 72, 18284)
(99, 62, 15812)
(99, 90, 9199)
(99, 32, 11326)
(99, 30, 16402)
(99, 28, 658)
(99, 69, 17459)
(99, 88, 18393)
(99, 68, 10830)
(99, 0, 586)
(99, 39, 5371)
(99, 20, 9272)
(99, 59, 19055)
(99, 55, 18761)
(99, 24, 4242)
(99, 1, 7157)
(99, 67, 18731)
(99, 97, 4056)
(99, 5, 1916)
(99, 70, 14035)
(99, 61, 5567)
(99, 76, 3869)
(99, 15, 13550)
(99, 17, 6991)
(99, 38, 18269)
(99, 82, 15803)
(99, 54, 551)
(99, 31, 7197)
(99, 16, 15638)
(99, 56, 13834)
(99, 58, 9599)
(99, 37, 12406)
(99, 85, 17466)
(99, 89, 5700)
(99, 64, 107)
(99, 65, 919)
(99, 29, 7067)
(99, 23, 14459)
(99, 80, 18656)
(99, 14, 13700)
(99, 45, 770)
(99, 57, 17148)
(99, 46, 12892)
(99, 78, 8428)
(100, 8, 13929)
(100, 1, 5871)
(100, 53, 7172)
(100, 86, 12285)
(100, 72, 3481)
(100, 70, 5777)
(100, 3, 1489)
(100, 75, 4963)
(100, 0, 712)
(100, 68, 4094)
(100, 5, 2526)
(100, 30, 1863)
(100, 78, 2375)
(100, 65, 16776)
(100, 93, 5101)
(100, 17, 15640)
(100, 28, 11175)
(100, 45, 12085)
(100, 18, 2126)
(100, 15, 9162)
(100, 38, 9553)
(100, 87, 6886)
(100, 59, 233)
(100, 50, 17774)
(100, 47, 3565)
(100, 24, 1119)
(100, 33, 11438)
(100, 36, 12244)
(100, 74, 18029)
(100, 71, 12050)
(100, 83, 13135)
(100, 7, 10084)
(100, 73, 11878)
(100, 90, 11458)
(100, 12, 6312)
(100, 44, 15450)
(100, 77, 10768)
(100, 79, 14447)
(100, 80, 4140)
(100, 97, 7201)
(100, 96, 1639)
(100, 20, 9587)
(100, 14, 21)
(100, 82, 1003)
(100, 49, 14212)
(100, 13, 1385)
(100, 48, 824)
(100, 92, 3395)
(100, 37, 7444)
(100, 39, 2621)
(100, 91, 324)
(100, 66, 8827)
(100, 69, 6367)
(100, 57, 9582)
(100, 88, 14304)
(100, 22, 7149)
(100, 27, 10872)
(100, 52, 16180)
(100, 9, 4386)
(100, 56, 17820)
(100, 6, 3068)
(100, 25, 15856)
(100, 42, 4986)
(100, 35, 11741)
(100, 2, 14140)
(100, 99, 7415)
(100, 55, 13573)
(100, 19, 4849)
(100, 46, 14252)
(100, 41, 12585)
(100, 64, 2821)
(100, 32, 4846)
(100, 10, 10667)
(100, 85, 7807)
(100, 81, 8629)
(100, 21, 1366)
(100, 31, 19346)
(100, 84, 14280)
(100, 98, 8052)
(100, 63, 6065)
(100, 89, 1840)
(101, 89, 19117)
(101, 60, 13828)
(101, 93, 5172)
(101, 74, 11311)
(101, 92, 9830)
(101, 32, 17784)
(101, 64, 5922)
(102, 96, 14992)
(102, 48, 19309)
(102, 74, 1326)
(102, 53, 7270)
(102, 54, 15675)
(102, 21, 18435)
(102, 82, 1701)
(102, 90, 6846)
(102, 41, 17453)
(102, 37, 15222)
(102, 39, 9892)
(102, 88, 1304)
(102, 98, 9932)
(102, 3, 14634)
(102, 27, 17730)
(102, 78, 943)
(102, 89, 17860)
(102, 15, 11895)
(102, 62, 14721)
(102, 13, 8440)
(102, 51, 12568)
(102, 67, 17134)
(102, 80, 10799)
(102, 43, 15420)
(102, 35, 5541)
(102, 0, 6760)
(102, 84, 11161)
(102, 14, 6162)
(102, 86, 11136)
(102, 66, 14259)
(102, 7, 9025)
(102, 42, 7198)
(102, 24, 6939)
(102, 50, 4061)
(102, 12, 5707)
(102, 11, 1826)
(102, 55, 3041)
(102, 65, 14793)
(102, 100, 5001)
(102, 95, 9016)
(102, 40, 18449)
(102, 61, 8703)
(102, 20, 4578)
(102, 9, 12326)
(102, 93, 17010)
(102, 16, 14254)
(102, 38, 8278)
(102, 101, 14544)
(102, 68, 3341)
(102, 79, 10501)
(102, 75, 143)
(102, 31, 7017)
(102, 44, 8011)
(102, 70, 10892)
(102, 23, 2238)
(102, 26, 5238)
(102, 97, 9525)
(102, 30, 15329)
(102, 25, 4531)
(102, 8, 3470)
(102, 92, 19584)
(102, 99, 8844)
(102, 69, 5802)
(102, 91, 19095)
(102, 33, 9836)
(102, 5, 2813)
(102, 47, 14540)
(102, 59, 157)
(102, 83, 15602)
(102, 1, 6392)
(102, 72, 4788)
(102, 4, 12371)
(103, 58, 16182)
(103, 41, 17281)
(103, 43, 1559)
(103, 38, 18644)
(103, 4, 10349)
(103, 88, 7388)
(103, 80, 6448)
(103, 42, 8930)
(103, 2, 18831)
(103, 54, 17579)
(103, 71, 9372)
(103, 26, 14996)
(103, 25, 13607)
(103, 23, 1175)
(103, 93, 10559)
(103, 64, 11943)
(103, 37, 2845)
(103, 29, 7357)
(103, 77, 2216)
(104, 41, 8826)
(104, 70, 17533)
(104, 28, 10347)
(104, 47, 7940)
(104, 86, 6821)
(104, 89, 2788)
(104, 53, 9135)
(104, 51, 13530)
(105, 56, 17218)
(105, 8, 874)
(105, 98, 10696)
(105, 1, 10631)
(105, 37, 5286)
(105, 77, 5640)
(105, 15, 8539)
(105, 25, 17372)
(105, 75, 17697)
(105, 67, 16706)
(105, 90, 14285)
(105, 24, 3832)
(105, 73, 1650)
(105, 6, 4195)
(105, 74, 17531)
(105, 103, 9068)
(105, 65, 15751)
(105, 46, 15351)
(105, 83, 2836)
(105, 40, 2494)
(105, 22, 16350)
(105, 94, 17155)
(105, 89, 17011)
(105, 96, 623)
(105, 101, 17601)
(105, 55, 15524)
(105, 23, 5279)
(105, 34, 2587)
(105, 17, 8672)
(105, 57, 1590)
(105, 28, 3327)
(105, 4, 5632)
(105, 95, 16018)
(105, 16, 4332)
(105, 88, 12009)
(105, 97, 8341)
(105, 10, 2936)
(105, 62, 3922)
(105, 14, 18457)
(105, 82, 12147)
(105, 78, 8126)
(105, 49, 15443)
(105, 100, 9443)
(105, 7, 15632)
(105, 19, 2564)
(105, 47, 10761)
(105, 80, 18434)
(105, 5, 11342)
(105, 70, 16012)
(105, 12, 10870)
(105, 26, 16492)
(105, 104, 5149)
(105, 35, 11442)
(105, 99, 7716)
(105, 44, 6239)
(105, 48, 1338)
(105, 71, 2529)
(105, 53, 11827)
(105, 58, 2404)
(105, 81, 5827)
(105, 102, 15507)
(105, 50, 4070)
(105, 42, 13584)
(105, 0, 10679)
(105, 41, 934)
(105, 59, 3213)
(105, 61, 5476)
(105, 13, 2610)
(105, 84, 13917)
(105, 39, 12362)
(105, 36, 13219)
(105, 43, 2843)
(105, 32, 1060)
(105, 21, 13911)
(105, 87, 7353)
(105, 51, 8304)
(105, 86, 13676)
(105, 33, 8232)
(105, 3, 19162)
(105, 30, 3935)
(105, 79, 12944)
(105, 38, 14745)
(105, 69, 12065)
(105, 29, 7511)
(105, 60, 9398)
(105, 92, 8780)
(105, 54, 1334)
(105, 20, 4340)
(105, 93, 12093)
(105, 18, 16453)
(105, 11, 7371)
(105, 72, 8135)
(105, 76, 15459)
(105, 66, 870)
(105, 68, 16557)
(105, 63, 4118)
(105, 85, 11590)
(106, 88, 1979)
(106, 93, 2824)
(106, 38, 10409)
(106, 17, 1021)
(106, 16, 3638)
(106, 85, 4580)
(106, 76, 17802)
(106, 42, 15439)
(106, 1, 11364)
(106, 51, 11096)
(106, 27, 417)
(106, 61, 17595)
(106, 10, 2851)
(106, 13, 1985)
(106, 65, 5491)
(106, 103, 18408)
(106, 59, 14901)
(106, 14, 17804)
(106, 6, 1369)
(106, 8, 13787)
(106, 36, 9839)
(106, 90, 18198)
(106, 44, 9849)
(106, 75, 6877)
(106, 34, 2400)
(106, 40, 16460)
(106, 29, 1031)
(106, 2, 4168)
(106, 18, 4149)
(106, 68, 19595)
(106, 50, 10565)
(106, 58, 6745)
(106, 31, 1264)
(106, 20, 5236)
(106, 25, 11565)
(106, 12, 10782)
(106, 101, 571)
(106, 80, 971)
(106, 86, 14668)
(106, 99, 13331)
(106, 84, 11955)
(106, 45, 7147)
(106, 70, 17117)
(106, 60, 3112)
(106, 67, 9964)
(106, 64, 4759)
(106, 66, 9806)
(106, 35, 13859)
(106, 23, 3923)
(106, 54, 9171)
(106, 39, 12779)
(106, 9, 3344)
(106, 52, 14241)
(106, 30, 3055)
(106, 5, 16896)
(106, 46, 8738)
(106, 63, 9875)
(106, 95, 15846)
(106, 47, 17656)
(106, 41, 14088)
(106, 48, 8569)
(106, 28, 13107)
(106, 87, 4268)
(106, 92, 11416)
(106, 21, 10753)
(106, 96, 4764)
(106, 104, 6705)
(106, 15, 13088)
(106, 100, 13890)
(106, 24, 7742)
(106, 53, 3826)
(106, 19, 8078)
(106, 91, 17815)
(106, 102, 5604)
(106, 83, 7234)
(106, 105, 5132)
(106, 69, 4862)
(106, 82, 2308)
(106, 72, 19063)
(106, 71, 16657)
(106, 81, 873)
(106, 77, 14785)
(106, 11, 14930)
(106, 89, 7409)
(106, 97, 7425)
(107, 50, 8761)
(107, 90, 1595)
(107, 33, 15894)
(107, 52, 997)
(107, 23, 9785)
(107, 31, 3741)
(107, 77, 8746)
(107, 104, 1193)
(107, 93, 8723)
(107, 99, 5007)
(107, 47, 12509)
(107, 18, 9002)
(107, 100, 10804)
(107, 95, 1163)
(108, 29, 13725)
(108, 91, 15496)
(108, 45, 3607)
(108, 63, 7161)
(108, 7, 14781)
(108, 51, 14954)
(108, 69, 9705)
(108, 23, 14057)
(108, 93, 1325)
(108, 74, 16559)
(108, 22, 6765)
(108, 80, 17854)
(108, 5, 18533)
(108, 83, 14484)
(108, 4, 15887)
(108, 40, 16335)
(108, 46, 16026)
(108, 26, 14949)
(108, 52, 11295)
(108, 56, 16860)
(108, 18, 18734)
(108, 68, 15817)
(108, 50, 4367)
(108, 103, 3909)
(108, 84, 9657)
(108, 58, 9006)
(108, 61, 5195)
(108, 0, 11834)
(108, 33, 13113)
(108, 65, 4093)
(108, 32, 10149)
(108, 11, 17261)
(109, 24, 19281)
(109, 57, 9943)
(109, 73, 2275)
(109, 80, 8148)
(109, 51, 3451)
(110, 74, 13865)
(110, 69, 14640)
(110, 3, 15101)
(110, 7, 17480)
(110, 18, 944)
(110, 68, 18398)
(110, 47, 19229)
(110, 33, 9554)
(110, 99, 13886)
(110, 48, 6236)
(110, 89, 13570)
(110, 90, 761)
(110, 67, 7652)
(110, 87, 17416)
(110, 93, 3716)
(110, 109, 10417)
(110, 98, 1760)
(110, 63, 10528)
(110, 5, 4468)
(110, 0, 18433)
(110, 73, 17457)
(110, 25, 18788)
(110, 39, 446)
(110, 66, 13806)
(110, 95, 4901)
(110, 77, 18006)
(110, 88, 10751)
(110, 49, 1529)
(110, 94, 1010)
(110, 58, 13681)
(110, 27, 13560)
(110, 80, 14967)
(110, 19, 15644)
(110, 31, 16135)
(110, 32, 2054)
(110, 53, 12396)
(110, 97, 1981)
(110, 26, 17411)
(110, 61, 14693)
(110, 8, 11278)
(110, 103, 18635)
(110, 13, 7865)
(110, 46, 12838)
(110, 83, 10911)
(110, 22, 10479)
(110, 51, 10077)
(110, 40, 13300)
(110, 91, 16504)
(110, 104, 7848)
(110, 28, 1203)
(110, 37, 8902)
(110, 84, 16142)
(110, 2, 19052)
(111, 76, 9949)
(111, 29, 12437)
(111, 41, 17407)
(111, 57, 2484)
(111, 5, 12730)
(111, 38, 7295)
(111, 82, 9675)
(111, 35, 3729)
(111, 22, 562)
(111, 74, 9989)
(111, 61, 1463)
(111, 19, 14971)
(111, 69, 15668)
(111, 86, 9298)
(111, 83, 16456)
(111, 46, 13332)
(111, 10, 641)
(111, 94, 18459)
(111, 98, 15898)
(111, 110, 15035)
(111, 44, 17158)
(111, 33, 11681)
(111, 52, 8453)
(111, 84, 19047)
(111, 97, 3822)
(111, 39, 18070)
(111, 100, 9682)
(111, 11, 17523)
(111, 4, 1424)
(111, 67, 1034)
(111, 59, 3813)
(111, 1, 15099)
(111, 75, 13350)
(111, 89, 12327)
(111, 43, 16717)
(111, 34, 4253)
(111, 6, 1061)
(111, 15, 3371)
(111, 8, 16963)
(111, 16, 12135)
(111, 87, 8808)
(111, 54, 11993)
(111, 48, 2552)
(111, 66, 5243)
(111, 63, 17569)
(111, 106, 14320)
(111, 51, 3926)
(111, 73, 16266)
(111, 107, 8710)
(111, 88, 1255)
(111, 40, 9420)
(112, 39, 18686)
(112, 57, 19325)
(112, 0, 1375)
(112, 61, 5194)
(112, 17, 3062)
(112, 2, 236)
(112, 81, 1534)
(112, 90, 2577)
(112, 18, 1370)
(112, 91, 17143)
(112, 7, 15717)
(112, 56, 3786)
(112, 98, 2930)
(112, 107, 12823)
(112, 71, 8885)
(112, 63, 2618)
(112, 6, 18595)
(112, 13, 5116)
(112, 111, 5680)
(112, 52, 12288)
(112, 51, 16051)
(112, 34, 2089)
(112, 22, 14502)
(112, 25, 14558)
(112, 104, 16304)
(112, 36, 7218)
(112, 70, 15823)
(112, 58, 5296)
(112, 80, 6453)
(112, 48, 18068)
(112, 106, 16839)
(112, 4, 4694)
(112, 43, 18437)
(112, 27, 5299)
(112, 33, 18212)
(112, 23, 2026)
(112, 14, 11051)
(112, 74, 15961)
(112, 99, 6823)
(112, 49, 7857)
(112, 9, 8438)
(112, 103, 8454)
(112, 92, 9114)
(112, 40, 12131)
(112, 82, 16024)
(112, 100, 17239)
(112, 79, 17941)
(112, 89, 18339)
(112, 31, 9507)
(112, 44, 13238)
(112, 64, 11098)
(112, 110, 19430)
(112, 65, 18044)
(112, 108, 14722)
(113, 106, 1574)
(113, 11, 4714)
(113, 101, 18227)
(113, 86, 17365)
(113, 107, 14728)
(113, 18, 12962)
(113, 100, 6469)
(113, 50, 9449)
(113, 90, 6802)
(113, 40, 14756)
(113, 21, 17524)
(113, 16, 4667)
(113, 36, 9402)
(113, 35, 8788)
(113, 84, 18206)
(113, 28, 16908)
(113, 76, 2340)
(113, 41, 18150)
(113, 61, 5746)
(113, 56, 1504)
(113, 51, 8631)
(113, 97, 5589)
(113, 65, 17572)
(113, 75, 16885)
(113, 73, 9958)
(113, 112, 11150)
(113, 46, 7664)
(113, 78, 9980)
(113, 77, 14231)
(113, 10, 7849)
(113, 99, 41)
(113, 94, 13409)
(113, 52, 15437)
(113, 34, 3433)
(113, 83, 13483)
(113, 23, 8708)
(113, 2, 8742)
(113, 33, 8946)
(113, 54, 13117)
(113, 81, 17640)
(113, 62, 5192)
(113, 17, 6062)
(113, 1, 9258)
(113, 38, 3890)
(113, 91, 11269)
(113, 98, 18233)
(113, 26, 17054)
(113, 49, 4921)
(113, 31, 16871)
(113, 7, 5049)
(113, 72, 5259)
(113, 19, 16362)
(113, 43, 4329)
(113, 60, 13381)
(113, 14, 17238)
(113, 88, 883)
(113, 92, 13167)
(113, 24, 12638)
(113, 44, 913)
(113, 0, 1732)
(113, 32, 7505)
(113, 9, 9354)
(113, 39, 403)
(113, 71, 17122)
(113, 64, 9522)
(113, 67, 8623)
(113, 82, 12550)
(113, 111, 15279)
(113, 95, 3236)
(113, 79, 7912)
(113, 20, 3906)
(113, 29, 18093)
(113, 85, 12420)
(113, 110, 13576)
(113, 103, 171)
(113, 70, 9214)
(113, 25, 7399)
(113, 59, 8088)
(113, 53, 3734)
(113, 55, 16225)
(113, 6, 15392)
(113, 69, 14000)
(113, 89, 7980)
(113, 42, 8031)
(113, 48, 1871)
(113, 63, 16190)
(113, 37, 15799)
(113, 47, 6757)
(113, 13, 11622)
(113, 102, 17983)
(113, 4, 2905)
(113, 8, 6066)
(113, 15, 5156)
(113, 5, 12076)
(113, 96, 12482)
(113, 80, 11824)
(114, 28, 6995)
(114, 92, 7836)
(114, 8, 17966)
(114, 100, 18316)
(114, 106, 12930)
(114, 24, 14864)
(114, 86, 12707)
(114, 90, 18436)
(114, 2, 9633)
(114, 0, 18538)
(114, 7, 3654)
(114, 5, 7069)
(114, 30, 9766)
(114, 33, 853)
(114, 84, 17271)
(114, 76, 11073)
(114, 112, 12874)
(114, 39, 10277)
(114, 12, 16451)
(114, 52, 5954)
(114, 31, 9563)
(114, 14, 6659)
(114, 41, 14616)
(114, 29, 7679)
(114, 113, 4720)
(114, 73, 1913)
(114, 36, 6787)
(114, 101, 15298)
(114, 43, 12882)
(114, 80, 550)
(114, 104, 3878)
(114, 38, 7853)
(114, 91, 3605)
(114, 93, 18910)
(114, 99, 10770)
(114, 62, 11127)
(114, 96, 2232)
(114, 72, 1900)
(114, 65, 6665)
(114, 70, 15212)
(114, 107, 5913)
(114, 20, 4577)
(114, 79, 148)
(114, 27, 7480)
(114, 17, 14744)
(114, 103, 7090)
(114, 68, 19479)
(114, 35, 1327)
(114, 111, 5315)
(114, 18, 5221)
(114, 40, 5437)
(114, 9, 18199)
(114, 71, 7306)
(114, 94, 7078)
(114, 15, 18123)
(114, 60, 19217)
(114, 10, 17387)
(114, 21, 8530)
(114, 19, 2578)
(115, 34, 11039)
(115, 110, 11101)
(115, 96, 5015)
(115, 3, 17325)
(115, 56, 17856)
(115, 58, 7285)
(115, 45, 18752)
(115, 79, 4192)
(115, 50, 12253)
(115, 60, 9630)
(115, 11, 15889)
(115, 62, 7063)
(115, 81, 17584)
(115, 16, 8204)
(115, 2, 12667)
(115, 111, 19257)
(115, 47, 15133)
(115, 30, 13476)
(115, 77, 7588)
(115, 104, 6347)
(115, 14, 12471)
(115, 43, 13182)
(115, 27, 18851)
(115, 23, 13751)
(115, 44, 10164)
(115, 86, 4795)
(115, 0, 6158)
(115, 114, 5481)
(115, 74, 9404)
(115, 17, 16358)
(115, 69, 12533)
(115, 21, 9984)
(115, 65, 16808)
(115, 59, 2263)
(115, 24, 8161)
(115, 46, 12927)
(115, 89, 7658)
(115, 10, 10085)
(115, 57, 15503)
(115, 26, 16301)
(115, 72, 18627)
(115, 99, 3847)
(115, 28, 10853)
(115, 71, 14337)
(115, 113, 7845)
(115, 42, 4382)
(115, 84, 14230)
(115, 35, 473)
(115, 101, 6702)
(115, 20, 16975)
(115, 15, 18485)
(115, 52, 13881)
(115, 19, 17930)
(115, 109, 10987)
(115, 54, 13175)
(115, 100, 11154)
(115, 51, 7402)
(115, 12, 439)
(115, 38, 16877)
(115, 66, 14077)
(115, 70, 7372)
(115, 49, 3449)
(115, 39, 8971)
(115, 91, 15672)
(115, 25, 17597)
(115, 94, 493)
(115, 1, 7131)
(115, 53, 18873)
(115, 67, 3050)
(115, 95, 12584)
(115, 83, 11727)
(115, 8, 6143)
(115, 73, 6042)
(115, 90, 6960)
(115, 55, 15743)
(115, 37, 11778)
(115, 103, 9888)
(115, 36, 15214)
(115, 85, 12578)
(115, 102, 15301)
(115, 98, 6692)
(115, 106, 1993)
(115, 29, 16169)
(115, 93, 14043)
(115, 76, 14900)
(116, 58, 5920)
(116, 59, 11918)
(116, 64, 15504)
(116, 42, 14017)
(116, 56, 17260)
(116, 63, 14085)
(116, 0, 3955)
(116, 98, 15204)
(116, 6, 7259)
(116, 113, 2221)
(116, 26, 13701)
(116, 43, 10570)
(116, 32, 8229)
(116, 57, 15997)
(116, 105, 3434)
(116, 16, 16564)
(116, 2, 12344)
(116, 61, 12280)
(116, 94, 7325)
(116, 20, 3971)
(116, 34, 3421)
(116, 89, 9103)
(116, 18, 4227)
(116, 21, 10628)
(116, 76, 10005)
(116, 91, 5201)
(116, 92, 2203)
(116, 75, 9701)
(116, 50, 938)
(116, 96, 6966)
(116, 112, 6575)
(116, 93, 10405)
(116, 23, 1640)
(116, 28, 9341)
(116, 80, 19564)
(116, 38, 3864)
(116, 48, 15071)
(116, 44, 3896)
(116, 8, 14890)
(116, 66, 12749)
(116, 100, 16227)
(116, 10, 1967)
(116, 17, 1134)
(116, 71, 4414)
(116, 108, 5628)
(116, 31, 6136)
(116, 88, 15219)
(116, 97, 15168)
(116, 37, 5860)
(116, 87, 7982)
(116, 114, 10318)
(116, 33, 14824)
(116, 4, 7431)
(116, 24, 9776)
(116, 81, 16944)
(116, 49, 16948)
(116, 47, 2395)
(116, 55, 16040)
(116, 60, 2583)
(116, 12, 11309)
(116, 67, 9086)
(116, 35, 8063)
(116, 84, 18583)
(116, 36, 13991)
(116, 13, 6900)
(116, 5, 7007)
(116, 103, 13436)
(116, 111, 9284)
(116, 65, 2110)
(116, 102, 14471)
(116, 86, 5917)
(116, 29, 3579)
(116, 19, 14437)
(116, 106, 16996)
(116, 39, 6447)
(116, 82, 1700)
(116, 53, 616)
(116, 107, 6845)
(116, 78, 15848)
(116, 27, 671)
(116, 77, 8721)
(116, 11, 16780)
(116, 52, 10967)
(116, 95, 9732)
(116, 41, 9175)
(116, 62, 9100)
(116, 83, 17279)
(116, 73, 19214)
(116, 3, 19442)
(116, 99, 12029)
(116, 115, 10450)
(116, 51, 10747)
(116, 1, 15594)
(116, 45, 11605)
(116, 104, 6572)
(116, 30, 8056)
(116, 22, 8981)
(116, 85, 3040)
(116, 70, 6212)
(116, 7, 14476)
(116, 14, 10882)
(116, 15, 18472)
(116, 74, 15800)
(116, 109, 5897)
(116, 69, 8766)
(116, 90, 17609)
(116, 40, 7637)
(116, 46, 19278)
(116, 25, 8813)
(116, 68, 2712)
(116, 9, 19598)
(117, 5, 5540)
(117, 56, 15718)
(117, 44, 14699)
(117, 35, 12415)
(117, 73, 7631)
(117, 101, 19261)
(117, 34, 214)
(117, 30, 8290)
(117, 107, 145)
(117, 72, 977)
(117, 0, 6237)
(117, 80, 16369)
(117, 22, 3310)
(117, 13, 9145)
(117, 23, 17258)
(117, 96, 948)
(117, 76, 13745)
(117, 87, 6892)
(117, 100, 9661)
(117, 55, 17125)
(117, 86, 10598)
(117, 115, 13637)
(117, 20, 16191)
(117, 2, 5232)
(117, 39, 3266)
(117, 75, 6736)
(117, 74, 14997)
(117, 64, 12790)
(117, 60, 12669)
(117, 102, 2016)
(117, 99, 12610)
(117, 70, 8880)
(117, 65, 1258)
(117, 29, 14376)
(117, 66, 11298)
(117, 4, 17079)
(117, 47, 10572)
(117, 82, 6438)
(117, 11, 3303)
(117, 57, 12961)
(117, 58, 10154)
(117, 63, 6977)
(117, 49, 19073)
(117, 98, 2714)
(117, 42, 2592)
(117, 8, 2437)
(117, 91, 5293)
(117, 26, 7617)
(117, 19, 17316)
(117, 110, 9625)
(117, 17, 2209)
(117, 40, 1570)
(117, 10, 16199)
(117, 27, 8733)
(117, 37, 12583)
(117, 81, 8000)
(117, 95, 7988)
(117, 97, 9910)
(117, 18, 14805)
(117, 79, 9731)
(117, 36, 19014)
(117, 46, 6700)
(117, 12, 18974)
(117, 38, 7510)
(117, 14, 15436)
(117, 32, 190)
(117, 83, 10499)
(117, 112, 8177)
(117, 16, 18816)
(117, 77, 7107)
(117, 69, 13985)
(117, 89, 18296)
(117, 9, 6880)
(117, 84, 8114)
(117, 1, 14213)
(117, 61, 11658)
(117, 88, 6457)
(117, 43, 11724)
(117, 67, 12825)
(117, 114, 11931)
(117, 85, 878)
(117, 45, 1007)
(117, 105, 9627)
(117, 54, 2473)
(117, 93, 19589)
(117, 103, 9544)
(117, 3, 3648)
(117, 90, 7545)
(117, 78, 15452)
(117, 111, 2273)
(117, 7, 6246)
(117, 24, 2510)
(117, 109, 4802)
(117, 104, 1486)
(117, 6, 15009)
(117, 21, 8536)
(117, 52, 18818)
(117, 31, 12899)
(117, 15, 18288)
(117, 116, 5184)
(117, 106, 18403)
(117, 48, 7676)
(117, 113, 630)
(117, 62, 14813)
(117, 68, 8352)
(117, 25, 18920)
(117, 92, 19600)
(117, 71, 12570)
(117, 33, 13040)
(118, 5, 6859)
(118, 19, 10150)
(118, 96, 2341)
(118, 68, 2591)
(118, 67, 18162)
(118, 111, 16278)
(118, 88, 14661)
(118, 39, 16664)
(118, 48, 7960)
(118, 18, 12433)
(118, 78, 9190)
(118, 41, 19529)
(118, 1, 17471)
(118, 87, 6075)
(118, 52, 2904)
(118, 100, 19119)
(118, 103, 7468)
(118, 79, 6249)
(118, 4, 5560)
(118, 6, 15433)
(118, 22, 4898)
(118, 115, 11166)
(118, 86, 7936)
(118, 65, 11319)
(118, 64, 2210)
(118, 112, 1330)
(118, 0, 8172)
(118, 94, 19305)
(118, 11, 1394)
(118, 106, 9650)
(118, 114, 15986)
(118, 92, 4320)
(118, 8, 3116)
(118, 83, 15977)
(118, 107, 7051)
(118, 61, 12242)
(118, 90, 6825)
(118, 66, 986)
(118, 42, 776)
(118, 26, 8762)
(118, 99, 7939)
(118, 109, 4701)
(118, 101, 3862)
(118, 63, 6543)
(118, 35, 15369)
(118, 110, 4923)
(118, 37, 793)
(118, 60, 16906)
(118, 55, 8130)
(118, 7, 4767)
(118, 2, 2237)
(118, 56, 6357)
(118, 51, 13187)
(118, 12, 4130)
(118, 13, 10442)
(118, 27, 16186)
(118, 84, 5111)
(118, 17, 19043)
(118, 25, 14733)
(118, 14, 950)
(118, 81, 19277)
(118, 76, 18421)
(118, 36, 4569)
(118, 97, 9400)
(118, 117, 13213)
(118, 102, 18729)
(118, 93, 12763)
(118, 105, 17307)
(118, 20, 3428)
(118, 104, 6031)
(118, 82, 16675)
(118, 71, 5536)
(118, 44, 19303)
(118, 15, 11676)
(118, 50, 11858)
(118, 77, 3967)
(118, 40, 19237)
(118, 16, 19115)
(118, 23, 12873)
(118, 34, 13643)
(118, 21, 18667)
(118, 45, 15316)
(118, 85, 14353)
(118, 72, 6328)
(118, 29, 9475)
(118, 59, 12590)
(118, 73, 1027)
(118, 57, 5110)
(118, 69, 6763)
(118, 24, 14318)
(118, 49, 5547)
(118, 47, 18716)
(118, 89, 4160)
(118, 31, 5848)
(118, 32, 8555)
(118, 62, 742)
(118, 98, 16158)
(118, 108, 5992)
(118, 113, 4625)
(118, 28, 18650)
(118, 10, 8070)
(118, 53, 16437)
(118, 46, 5545)
(118, 74, 5453)
(118, 80, 4401)
(118, 91, 1450)
(118, 75, 15829)
(119, 57, 17405)
(119, 3, 13934)
(119, 27, 2093)
(119, 23, 8899)
(119, 107, 8336)
(119, 39, 19331)
(119, 17, 1123)
(119, 61, 12311)
(119, 2, 13329)
(119, 45, 18043)
(119, 70, 8176)
(119, 8, 12168)
(119, 40, 13500)
(119, 95, 8054)
(119, 64, 14122)
(119, 32, 492)
(119, 92, 15226)
(119, 11, 653)
(119, 96, 14652)
(119, 53, 8427)
(119, 22, 11524)
(119, 103, 6281)
(119, 113, 2231)
(119, 87, 7386)
(119, 110, 96)
(119, 25, 17560)
(119, 77, 8404)
(119, 60, 18684)
(119, 51, 2139)
(119, 90, 14647)
(119, 84, 13379)
(119, 55, 5831)
(119, 105, 8905)
(119, 59, 11707)
(119, 7, 7308)
(119, 10, 15421)
(119, 65, 11204)
(119, 106, 11595)
(119, 43, 9061)
(119, 49, 17331)
(119, 33, 15895)
(119, 97, 15315)
(120, 34, 1182)
(120, 13, 3318)
(120, 23, 7154)
(120, 30, 3934)
(120, 42, 1714)
(120, 8, 12966)
(120, 84, 15109)
(120, 46, 10776)
(120, 87, 124)
(120, 78, 1380)
(120, 3, 13200)
(120, 5, 16983)
(120, 35, 18578)
(120, 104, 13495)
(120, 117, 4395)
(120, 75, 16429)
(120, 21, 16613)
(120, 94, 5165)
(120, 47, 1618)
(120, 69, 11990)
(120, 112, 18453)
(120, 27, 7220)
(120, 25, 15182)
(120, 91, 8399)
(120, 12, 13559)
(120, 90, 18090)
(120, 89, 12857)
(120, 15, 6342)
(120, 95, 4660)
(120, 107, 15409)
(120, 38, 19233)
(120, 79, 5277)
(120, 50, 7697)
(120, 28, 11172)
(120, 32, 10224)
(120, 76, 7504)
(120, 55, 9377)
(120, 17, 9578)
(120, 72, 228)
(120, 110, 18261)
(120, 52, 2977)
(120, 73, 13810)
(120, 60, 3968)
(120, 49, 15621)
(120, 106, 12431)
(120, 51, 9645)
(120, 2, 16617)
(120, 113, 5046)
(120, 66, 16798)
(120, 29, 2049)
(120, 26, 13782)
(120, 77, 8563)
(120, 31, 5435)
(120, 102, 14049)
(120, 57, 17473)
(120, 108, 14806)
(120, 19, 831)
(120, 24, 18364)
(121, 31, 9515)
(121, 71, 2946)
(121, 82, 7352)
(121, 26, 18442)
(121, 13, 3721)
(121, 108, 17300)
(121, 53, 3581)
(121, 47, 13965)
(121, 66, 7810)
(121, 61, 11995)
(121, 107, 4868)
(121, 20, 4552)
(121, 32, 18690)
(121, 91, 16338)
(121, 111, 13770)
(121, 110, 3456)
(121, 77, 1046)
(121, 15, 1656)
(121, 105, 8678)
(121, 6, 17388)
(121, 99, 10701)
(121, 113, 3095)
(121, 19, 4087)
(121, 36, 19018)
(121, 117, 12834)
(121, 88, 6433)
(121, 51, 12620)
(121, 34, 11602)
(121, 8, 18703)
(121, 76, 18121)
(121, 58, 6619)
(121, 46, 5584)
(121, 78, 13854)
(121, 41, 15155)
(121, 112, 10951)
(121, 22, 3067)
(121, 52, 14870)
(121, 9, 6761)
(121, 87, 1753)
(121, 56, 6618)
(121, 96, 875)
(121, 114, 5543)
(121, 60, 5701)
(121, 74, 4554)
(121, 50, 3596)
(121, 49, 16585)
(122, 77, 14359)
(122, 66, 10800)
(122, 99, 17923)
(122, 45, 974)
(122, 72, 9626)
(122, 117, 4355)
(122, 81, 2426)
(122, 12, 11479)
(122, 27, 11861)
(122, 103, 15042)
(122, 19, 14607)
(122, 15, 18381)
(122, 36, 11561)
(122, 33, 1194)
(122, 96, 7743)
(122, 51, 16570)
(122, 59, 9871)
(122, 52, 12748)
(122, 1, 14780)
(122, 110, 10564)
(122, 48, 9831)
(122, 42, 19334)
(122, 23, 4290)
(122, 108, 6009)
(122, 44, 1720)
(122, 98, 7427)
(122, 95, 3178)
(122, 7, 11563)
(122, 84, 6330)
(122, 22, 13835)
(122, 120, 9877)
(122, 14, 5081)
(122, 6, 11884)
(122, 109, 1100)
(122, 105, 17642)
(122, 104, 13017)
(122, 43, 16476)
(122, 34, 13816)
(122, 106, 14892)
(122, 69, 15232)
(122, 8, 15461)
(122, 118, 6258)
(122, 16, 14362)
(122, 39, 15494)
(122, 78, 18697)
(122, 60, 10303)
(122, 13, 17744)
(122, 57, 18369)
(122, 73, 5170)
(122, 87, 17097)
(122, 25, 7762)
(122, 62, 13377)
(122, 68, 3490)
(123, 114, 4990)
(123, 54, 18130)
(123, 15, 95)
(123, 120, 13974)
(123, 4, 11635)
(123, 44, 8416)
(123, 27, 13638)
(123, 95, 9717)
(123, 79, 1585)
(123, 19, 19469)
(123, 2, 10212)
(123, 38, 3737)
(123, 11, 17830)
(123, 42, 4442)
(123, 78, 4210)
(123, 98, 7170)
(123, 92, 15546)
(123, 10, 8936)
(124, 1, 8810)
(124, 63, 14853)
(124, 110, 6827)
(124, 81, 5733)
(124, 50, 17724)
(124, 98, 7961)
(124, 21, 14704)
(124, 28, 9975)
(124, 8, 4615)
(124, 18, 8595)
(124, 46, 9102)
(124, 38, 17885)
(124, 99, 3752)
(124, 84, 309)
(124, 14, 19510)
(124, 9, 876)
(124, 20, 18193)
(124, 87, 3484)
(124, 111, 12627)
(124, 55, 4961)
(124, 117, 5879)
(124, 25, 7379)
(124, 72, 8917)
(124, 56, 3305)
(124, 109, 9878)
(124, 32, 13091)
(124, 119, 15393)
(125, 59, 12279)
(125, 35, 4757)
(125, 112, 12449)
(125, 106, 12660)
(125, 90, 15038)
(125, 23, 9916)
(125, 123, 6310)
(125, 92, 17487)
(125, 89, 15564)
(125, 70, 16894)
(125, 66, 383)
(125, 11, 2149)
(125, 17, 13783)
(125, 72, 5470)
(125, 63, 3405)
(125, 116, 7454)
(125, 102, 17799)
(125, 81, 837)
(125, 82, 17938)
(125, 85, 295)
(125, 16, 17169)
(126, 12, 14727)
(126, 39, 16306)
(126, 64, 15724)
(126, 113, 16620)
(126, 95, 5494)
(126, 68, 8837)
(126, 82, 14331)
(126, 110, 2485)
(126, 72, 7052)
(126, 3, 12283)
(126, 30, 6848)
(126, 23, 5012)
(126, 80, 2507)
(126, 67, 15065)
(126, 109, 13950)
(126, 52, 9991)
(126, 81, 18814)
(126, 55, 16490)
(126, 119, 7779)
(126, 51, 15286)
(126, 6, 93)
(126, 116, 6)
(126, 91, 12266)
(126, 18, 5444)
(126, 10, 15713)
(126, 28, 9011)
(126, 58, 12859)
(126, 107, 10953)
(126, 98, 5635)
(126, 4, 5908)
(126, 69, 11625)
(126, 20, 2690)
(126, 90, 3422)
(126, 5, 18418)
(126, 60, 3816)
(126, 103, 9302)
(126, 97, 16636)
(126, 65, 14158)
(126, 70, 1616)
(126, 50, 13169)
(126, 77, 11396)
(126, 111, 722)
(126, 86, 13366)
(126, 11, 10449)
(126, 54, 17662)
(126, 29, 8364)
(126, 118, 10474)
(126, 84, 17779)
(126, 62, 15275)
(126, 22, 14470)
(126, 120, 5097)
(126, 99, 13336)
(126, 1, 17468)
(126, 71, 15832)
(126, 37, 3946)
(126, 115, 10883)
(126, 92, 1709)
(126, 41, 10260)
(126, 73, 7746)
(126, 0, 1611)
(126, 89, 520)
(126, 17, 9380)
(126, 43, 18289)
(126, 27, 12338)
(126, 123, 11037)
(126, 57, 8412)
(126, 45, 1875)
(126, 121, 6139)
(126, 56, 10174)
(126, 59, 15801)
(126, 19, 3202)
(126, 8, 5342)
(126, 42, 13365)
(126, 101, 11663)
(126, 125, 15172)
(126, 49, 9829)
(126, 93, 19275)
(126, 87, 12062)
(126, 112, 1905)
(126, 7, 16499)
(126, 114, 11381)
(126, 40, 6301)
(126, 61, 7577)
(126, 2, 6476)
(126, 44, 17890)
(126, 83, 12410)
(126, 32, 11559)
(126, 53, 18321)
(126, 9, 2971)
(126, 94, 19084)
(126, 15, 16416)
(126, 63, 9828)
(127, 29, 9421)
(127, 86, 6976)
(127, 100, 5698)
(127, 104, 11496)
(127, 12, 13288)
(127, 32, 7155)
(127, 61, 372)
(127, 23, 15809)
(127, 31, 17981)
(127, 78, 1236)
(127, 35, 9678)
(127, 99, 13451)
(127, 21, 9868)
(127, 85, 2630)
(127, 109, 2130)
(127, 126, 5089)
(127, 108, 6593)
(127, 18, 820)
(127, 52, 8803)
(127, 101, 15395)
(127, 124, 2433)
(127, 70, 8250)
(127, 15, 702)
(127, 0, 11410)
(127, 113, 5572)
(127, 74, 7597)
(127, 75, 11734)
(127, 82, 6857)
(127, 54, 15982)
(127, 44, 11910)
(127, 68, 9438)
(127, 56, 17591)
(127, 13, 8734)
(127, 45, 7935)
(127, 89, 1476)
(127, 9, 12213)
(127, 58, 10864)
(127, 62, 2339)
(127, 38, 424)
(127, 17, 16347)
(127, 118, 13260)
(127, 30, 1029)
(127, 27, 18258)
(127, 39, 15309)
(127, 93, 5607)
(127, 96, 13789)
(128, 29, 625)
(128, 110, 10759)
(128, 74, 8096)
(128, 17, 12235)
(128, 65, 1311)
(128, 77, 593)
(128, 95, 9775)
(129, 88, 8122)
(129, 117, 12855)
(129, 99, 1505)
(129, 119, 7638)
(129, 30, 4677)
(129, 43, 15978)
(129, 68, 2223)
(129, 48, 3585)
(129, 83, 7121)
(129, 97, 654)
(129, 98, 2179)
(129, 11, 12988)
(129, 84, 13858)
(129, 107, 3275)
(129, 44, 15472)
(129, 81, 15013)
(129, 105, 4478)
(129, 58, 4897)
(129, 112, 18320)
(129, 74, 16844)
(129, 128, 7520)
(129, 3, 6409)
(129, 64, 12202)
(129, 124, 15145)
(129, 103, 11211)
(129, 57, 7946)
(129, 66, 18399)
(129, 32, 8570)
(129, 67, 14521)
(129, 47, 282)
(129, 29, 13181)
(129, 34, 103)
(129, 33, 14)
(129, 109, 4396)
(129, 56, 19448)
(129, 80, 18967)
(129, 1, 17746)
(129, 59, 17676)
(129, 23, 18352)
(129, 21, 8913)
(129, 75, 10686)
(129, 6, 4859)
(129, 89, 5379)
(129, 77, 16688)
(129, 102, 14341)
(129, 122, 4243)
(129, 72, 8719)
(129, 25, 5198)
(129, 26, 9659)
(129, 27, 14367)
(129, 35, 7727)
(129, 50, 1528)
(129, 0, 7942)
(129, 38, 890)
(129, 54, 16041)
(129, 40, 13026)
(129, 126, 17080)
(129, 116, 9035)
(129, 62, 16080)
(129, 115, 9313)
(129, 110, 6040)
(129, 123, 8470)
(129, 10, 15025)
(129, 79, 6929)
(129, 20, 4225)
(129, 90, 17891)
(129, 51, 19134)
(129, 118, 8076)
(129, 65, 9369)
(129, 9, 2515)
(129, 101, 4922)
(129, 36, 2827)
(129, 16, 2941)
(129, 15, 1210)
(129, 22, 15401)
(129, 28, 18605)
(129, 63, 18865)
(129, 49, 2994)
(129, 104, 7022)
(129, 125, 7941)
(129, 53, 16997)
(129, 95, 15778)
(129, 87, 13765)
(129, 73, 12015)
(129, 120, 17318)
(129, 113, 3391)
(129, 78, 13259)
(129, 121, 6573)
(129, 14, 3499)
(129, 82, 13927)
(129, 93, 11521)
(129, 19, 132)
(129, 8, 16119)
(129, 92, 15884)
(130, 45, 3882)
(130, 109, 9476)
(130, 74, 12993)
(130, 70, 11443)
(130, 100, 18521)
(130, 13, 7286)
(130, 114, 12100)
(130, 4, 1578)
(130, 30, 12939)
(130, 127, 15357)
(130, 43, 9376)
(130, 56, 14190)
(130, 7, 13675)
(130, 10, 1204)
(130, 31, 19323)
(130, 39, 19597)
(130, 107, 947)
(130, 128, 17058)
(130, 67, 11276)
(130, 23, 4461)
(130, 111, 18112)
(130, 65, 17947)
(130, 53, 11674)
(130, 124, 7702)
(130, 58, 1870)
(130, 36, 8768)
(130, 40, 8594)
(130, 129, 1532)
(130, 46, 18737)
(130, 95, 19242)
(130, 33, 13707)
(130, 115, 8541)
(130, 112, 2672)
(130, 35, 5414)
(130, 18, 11428)
(130, 101, 11387)
(130, 113, 14274)
(130, 50, 14983)
(130, 102, 2386)
(130, 6, 16173)
(130, 91, 10676)
(130, 106, 17801)
(130, 120, 16937)
(131, 57, 459)
(131, 93, 11108)
(131, 70, 18637)
(131, 91, 16486)
(131, 81, 9473)
(131, 114, 10267)
(131, 106, 9743)
(131, 10, 19031)
(131, 123, 11485)
(131, 6, 7543)
(131, 122, 2361)
(131, 88, 16348)
(131, 103, 19274)
(131, 97, 16015)
(131, 89, 1084)
(131, 126, 4783)
(131, 19, 8221)
(131, 46, 642)
(131, 24, 9412)
(131, 58, 8861)
(131, 118, 16081)
(131, 120, 5972)
(131, 51, 16741)
(131, 55, 11530)
(131, 113, 11223)
(131, 18, 9768)
(131, 54, 16315)
(131, 16, 3628)
(131, 72, 2601)
(131, 75, 16163)
(131, 30, 2885)
(131, 86, 8575)
(131, 29, 18996)
(131, 38, 19560)
(131, 109, 1132)
(131, 59, 12341)
(131, 90, 8043)
(131, 68, 4973)
(131, 128, 19080)
(131, 95, 16401)
(131, 125, 6627)
(131, 3, 6851)
(131, 14, 11927)
(131, 0, 11669)
(131, 42, 17272)
(131, 102, 8690)
(131, 82, 7564)
(131, 77, 14308)
(131, 40, 2777)
(131, 20, 19148)
(131, 65, 16213)
(131, 85, 16253)
(131, 92, 4085)
(131, 69, 11889)
(131, 61, 9022)
(131, 115, 3413)
(131, 129, 10579)
(131, 76, 4741)
(131, 25, 11258)
(131, 108, 10663)
(131, 71, 2331)
(131, 117, 5362)
(131, 64, 11234)
(131, 35, 18806)
(131, 36, 17066)
(131, 31, 4540)
(131, 39, 17996)
(131, 63, 2780)
(131, 43, 11839)
(131, 79, 3763)
(132, 24, 2555)
(132, 34, 871)
(132, 93, 4120)
(132, 96, 3098)
(132, 103, 14703)
(132, 32, 6999)
(132, 123, 16054)
(132, 131, 4283)
(132, 86, 9588)
(132, 64, 4108)
(132, 60, 6173)
(132, 17, 9907)
(132, 12, 10472)
(132, 130, 9900)
(132, 97, 11252)
(132, 43, 8919)
(132, 57, 17997)
(132, 91, 19563)
(132, 44, 16811)
(132, 42, 8434)
(132, 94, 15528)
(132, 8, 4229)
(132, 40, 6706)
(132, 79, 15682)
(132, 84, 3396)
(132, 36, 15024)
(132, 2, 9277)
(132, 119, 11139)
(132, 124, 3636)
(132, 18, 8222)
(132, 98, 1621)
(132, 104, 16628)
(132, 69, 9163)
(132, 49, 17950)
(132, 105, 12883)
(132, 110, 11593)
(133, 78, 7500)
(133, 59, 13468)
(133, 92, 12268)
(133, 107, 5914)
(133, 109, 1608)
(133, 70, 8298)
(133, 106, 10168)
(133, 18, 8961)
(133, 67, 18480)
(133, 95, 17535)
(133, 86, 900)
(133, 82, 19294)
(133, 1, 8194)
(133, 90, 12496)
(133, 94, 16422)
(133, 43, 14160)
(133, 2, 1433)
(133, 26, 16902)
(133, 39, 18053)
(133, 97, 7700)
(133, 116, 2825)
(133, 51, 2196)
(133, 104, 18446)
(133, 31, 12595)
(133, 131, 7608)
(133, 129, 17096)
(133, 34, 18169)
(133, 81, 16434)
(133, 66, 18443)
(133, 79, 526)
(133, 30, 13376)
(133, 22, 16982)
(133, 96, 12214)
(133, 53, 12521)
(133, 102, 3905)
(133, 28, 13663)
(133, 15, 13641)
(133, 77, 18325)
(133, 128, 18724)
(133, 113, 8491)
(133, 63, 8255)
(133, 75, 11809)
(133, 25, 1126)
(133, 103, 9219)
(133, 130, 16974)
(133, 110, 13967)
(133, 60, 9158)
(133, 123, 15535)
(133, 124, 10539)
(133, 105, 5064)
(133, 85, 598)
(133, 98, 5985)
(133, 73, 5021)
(133, 84, 12804)
(133, 37, 4135)
(133, 17, 5033)
(133, 125, 15098)
(133, 14, 4798)
(133, 36, 6688)
(133, 65, 18475)
(133, 11, 19413)
(133, 56, 6967)
(133, 117, 11720)
(133, 126, 11292)
(133, 50, 1526)
(133, 119, 19551)
(133, 32, 12398)
(133, 12, 5548)
(133, 41, 3074)
(133, 42, 7419)
(133, 33, 14292)
(133, 40, 13237)
(133, 108, 6280)
(133, 93, 9778)
(133, 27, 11650)
(133, 68, 8107)
(133, 3, 19171)
(133, 72, 6644)
(133, 29, 5699)
(133, 45, 1167)
(133, 118, 19012)
(133, 58, 5358)
(133, 64, 5696)
(133, 99, 15914)
(133, 21, 17230)
(133, 89, 16678)
(133, 16, 2200)
(133, 69, 6163)
(133, 49, 9324)
(133, 38, 3670)
(133, 44, 4219)
(133, 120, 7208)
(133, 13, 3115)
(133, 74, 17987)
(133, 80, 2607)
(133, 10, 17033)
(133, 52, 16403)
(133, 87, 999)
(133, 55, 5998)
(133, 54, 9519)
(133, 20, 10250)
(133, 47, 18529)
(133, 83, 1289)
(133, 35, 11444)
(133, 115, 7317)
(133, 7, 10765)
(133, 57, 8187)
(133, 61, 155)
(133, 9, 13313)
(133, 6, 3652)
(133, 62, 12986)
(133, 101, 15080)
(133, 100, 2236)
(133, 112, 7301)
(133, 121, 15791)
(133, 132, 14237)
(133, 24, 5562)
(133, 4, 2128)
(133, 8, 11425)
(133, 71, 9348)
(134, 57, 2633)
(134, 97, 13045)
(134, 93, 12611)
(134, 52, 9093)
(134, 43, 17166)
(134, 108, 10157)
(134, 2, 1671)
(134, 115, 65)
(134, 88, 7626)
(134, 34, 6707)
(134, 48, 11041)
(134, 49, 15584)
(134, 23, 1308)
(134, 76, 12725)
(134, 102, 14753)
(134, 22, 12259)
(134, 79, 15123)
(134, 123, 7655)
(134, 110, 16527)
(134, 36, 1500)
(134, 60, 16932)
(134, 10, 8154)
(134, 0, 12655)
(134, 14, 16545)
(134, 45, 13098)
(134, 44, 19415)
(134, 111, 13386)
(134, 9, 18354)
(134, 13, 784)
(134, 116, 19345)
(134, 58, 14110)
(134, 101, 7303)
(134, 54, 8360)
(134, 46, 10121)
(134, 51, 4654)
(134, 83, 3102)
(134, 109, 5181)
(134, 105, 9285)
(134, 133, 8759)
(134, 113, 3976)
(134, 112, 1648)
(134, 12, 7070)
(134, 63, 9224)
(134, 27, 19004)
(134, 65, 15287)
(134, 71, 12185)
(134, 119, 2516)
(134, 118, 17626)
(134, 31, 8393)
(134, 15, 8139)
(134, 117, 15004)
(134, 89, 14855)
(134, 40, 4201)
(134, 18, 7751)
(134, 53, 8590)
(134, 78, 18922)
(134, 73, 6340)
(134, 4, 7418)
(134, 120, 17289)
(134, 17, 4211)
(134, 30, 8010)
(134, 7, 16715)
(134, 114, 16608)
(134, 103, 15161)
(134, 100, 17513)
(134, 128, 7080)
(134, 99, 12386)
(134, 32, 1890)
(134, 25, 8023)
(134, 67, 6145)
(134, 85, 15218)
(134, 39, 10511)
(134, 95, 5946)
(134, 24, 5687)
(134, 126, 2622)
(134, 131, 4889)
(134, 69, 3234)
(134, 56, 14307)
(134, 66, 11277)
(134, 129, 19571)
(134, 86, 14557)
(134, 55, 15032)
(134, 16, 10272)
(134, 122, 2782)
(134, 11, 6125)
(134, 125, 9232)
(134, 107, 14012)
(134, 68, 6363)
(134, 37, 14743)
(134, 21, 8077)
(134, 35, 12442)
(134, 75, 9305)
(134, 19, 19122)
(134, 8, 18906)
(134, 62, 17498)
(134, 64, 1104)
(134, 20, 10989)
(134, 5, 19451)
(134, 26, 9882)
(134, 104, 11349)
(134, 127, 5463)
(134, 1, 10895)
(134, 124, 16204)
(134, 92, 2313)
(134, 74, 14631)
(134, 70, 5661)
(134, 41, 2781)
(134, 59, 4175)
(134, 38, 8480)
(134, 94, 13063)
(134, 29, 10605)
(134, 3, 4534)
(134, 91, 1188)
(135, 32, 14635)
(135, 53, 14188)
(135, 110, 11270)
(135, 106, 13839)
(135, 93, 9415)
(135, 109, 19269)
(135, 7, 9718)
(135, 55, 17834)
(135, 75, 8928)
(135, 87, 13413)
(135, 80, 8032)
(135, 101, 8646)
(135, 107, 8535)
(135, 114, 18748)
(135, 82, 6111)
(135, 56, 2332)
(135, 113, 2101)
(135, 49, 13988)
(135, 24, 1613)
(135, 91, 19199)
(135, 103, 18847)
(135, 133, 10331)
(135, 134, 13898)
(135, 42, 840)
(135, 129, 7775)
(135, 46, 15139)
(135, 52, 17475)
(135, 76, 13180)
(135, 14, 14378)
(135, 22, 349)
(135, 79, 9124)
(135, 26, 16770)
(135, 98, 13314)
(135, 58, 19056)
(136, 104, 7368)
(136, 31, 1047)
(136, 77, 565)
(136, 49, 11544)
(136, 53, 11852)
(136, 48, 15679)
(136, 20, 15764)
(136, 93, 2432)
(136, 51, 15386)
(136, 22, 10922)
(136, 40, 4176)
(136, 44, 3892)
(136, 89, 11135)
(136, 30, 6729)
(136, 85, 12797)
(136, 123, 6689)
(136, 126, 15114)
(136, 86, 15010)
(136, 6, 9719)
(136, 12, 5574)
(136, 42, 8178)
(136, 39, 8975)
(136, 115, 13963)
(136, 28, 12573)
(136, 70, 19591)
(136, 73, 2082)
(136, 111, 2668)
(136, 127, 7586)
(136, 47, 15328)
(136, 52, 15854)
(136, 133, 12375)
(136, 101, 16006)
(136, 38, 9468)
(136, 26, 19105)
(136, 46, 11637)
(136, 112, 12059)
(136, 105, 13673)
(136, 80, 2664)
(136, 16, 10958)
(136, 117, 9853)
(136, 32, 1281)
(136, 13, 12358)
(136, 3, 8852)
(136, 88, 7232)
(136, 132, 11086)
(136, 64, 17383)
(136, 125, 9013)
(136, 82, 9559)
(136, 72, 13660)
(136, 78, 6946)
(136, 41, 8091)
(136, 75, 9470)
(136, 110, 3398)
(136, 102, 5775)
(136, 59, 12166)
(136, 87, 4841)
(136, 90, 6341)
(136, 94, 8624)
(136, 67, 8907)
(136, 135, 12824)
(136, 118, 11253)
(136, 18, 14809)
(136, 45, 13526)
(136, 97, 6885)
(136, 19, 2165)
(136, 60, 9688)
(136, 81, 12226)
(136, 37, 11044)
(136, 122, 11580)
(136, 120, 649)
(136, 79, 16538)
(136, 27, 15916)
(136, 62, 6224)
(136, 124, 12206)
(136, 9, 10328)
(136, 71, 17818)
(136, 103, 10575)
(136, 8, 15659)
(136, 2, 12745)
(136, 107, 18723)
(136, 113, 11040)
(136, 69, 15514)
(136, 84, 4410)
(136, 25, 17872)
(136, 121, 17479)
(136, 114, 3612)
(136, 109, 18371)
(136, 66, 4739)
(136, 83, 6045)
(136, 119, 4864)
(136, 35, 5723)
(136, 58, 6115)
(136, 92, 13110)
(136, 24, 1961)
(136, 34, 5991)
(136, 11, 6279)
(136, 96, 815)
(136, 106, 6987)
(136, 116, 1678)
(136, 63, 3627)
(136, 108, 4449)
(137, 15, 15979)
(137, 26, 5378)
(137, 96, 4421)
(137, 82, 8407)
(137, 122, 10034)
(137, 3, 4969)
(137, 81, 8286)
(137, 93, 17101)
(137, 74, 2285)
(137, 64, 10983)
(137, 120, 3265)
(137, 13, 443)
(137, 136, 3966)
(137, 134, 8227)
(137, 33, 19136)
(137, 57, 11764)
(137, 128, 4917)
(137, 52, 9607)
(137, 55, 3209)
(137, 101, 18373)
(137, 79, 4185)
(137, 54, 7128)
(137, 16, 10837)
(137, 109, 15303)
(137, 19, 16934)
(137, 116, 13567)
(137, 22, 19438)
(137, 73, 2898)
(137, 24, 1841)
(137, 67, 3281)
(137, 28, 4000)
(137, 43, 10343)
(137, 4, 1229)
(137, 63, 3294)
(137, 42, 17112)
(137, 35, 2205)
(137, 100, 12794)
(137, 90, 10876)
(137, 58, 1458)
(137, 6, 14560)
(137, 2, 5053)
(137, 78, 10017)
(137, 12, 4753)
(137, 108, 16763)
(137, 60, 14597)
(137, 23, 15700)
(137, 31, 17292)
(137, 34, 12754)
(137, 86, 9872)
(137, 11, 337)
(137, 114, 15820)
(137, 30, 10278)
(137, 103, 10281)
(137, 41, 1818)
(137, 107, 4299)
(137, 92, 17084)
(137, 127, 12497)
(137, 87, 13388)
(137, 21, 8230)
(137, 106, 4399)
(137, 37, 7186)
(137, 126, 4722)
(137, 68, 15006)
(137, 65, 13811)
(137, 29, 3058)
(137, 111, 10445)
(137, 27, 9954)
(137, 53, 4373)
(137, 72, 2215)
(137, 66, 6073)
(137, 84, 10808)
(137, 71, 11005)
(137, 47, 14036)
(137, 132, 1493)
(137, 129, 14478)
(137, 44, 8385)
(137, 98, 19090)
(137, 119, 11909)
(137, 40, 2058)
(137, 77, 5009)
(137, 91, 326)
(137, 17, 11583)
(137, 110, 5186)
(137, 131, 7341)
(137, 118, 7620)
(137, 85, 16682)
(137, 5, 18086)
(137, 112, 8105)
(137, 102, 11087)
(137, 80, 4170)
(137, 50, 16708)
(137, 62, 6276)
(137, 39, 19131)
(137, 76, 1770)
(137, 32, 1719)
(137, 89, 19414)
(137, 94, 19219)
(137, 75, 3758)
(137, 124, 15960)
(137, 135, 10618)
(137, 18, 18494)
(137, 95, 1110)
(137, 14, 11107)
(137, 88, 327)
(137, 45, 4194)
(137, 49, 1551)
(137, 104, 15740)
(137, 10, 5068)
(137, 113, 719)
(137, 51, 18226)
(137, 99, 9936)
(137, 117, 552)
(137, 20, 15936)
(137, 0, 16960)
(137, 121, 4743)
(137, 83, 7639)
(137, 9, 19561)
(138, 10, 464)
(138, 3, 4821)
(138, 109, 18809)
(138, 16, 12115)
(138, 104, 18954)
(138, 12, 156)
(138, 88, 16698)
(138, 76, 7713)
(138, 17, 19454)
(138, 64, 19113)
(138, 70, 17105)
(138, 123, 17868)
(138, 125, 8862)
(138, 75, 13947)
(138, 65, 7523)
(138, 51, 14943)
(138, 90, 4610)
(138, 24, 1899)
(138, 58, 16868)
(139, 19, 19342)
(139, 112, 8266)
(139, 37, 12056)
(139, 90, 4322)
(139, 30, 1367)
(139, 21, 18563)
(139, 18, 11034)
(139, 58, 8275)
(139, 67, 12743)
(139, 1, 15493)
(139, 45, 4258)
(139, 104, 15561)
(139, 66, 18594)
(139, 26, 8022)
(139, 116, 7731)
(139, 115, 9360)
(140, 74, 306)
(140, 80, 2000)
(140, 71, 11337)
(140, 62, 8904)
(140, 105, 11301)
(140, 57, 14347)
(140, 23, 8912)
(140, 24, 12109)
(140, 126, 9308)
(140, 53, 19408)
(140, 51, 14372)
(140, 117, 12662)
(140, 127, 13625)
(140, 9, 13442)
(140, 101, 14795)
(140, 44, 13739)
(140, 129, 13463)
(140, 6, 8908)
(140, 118, 1612)
(140, 82, 18854)
(140, 88, 16076)
(140, 86, 5091)
(140, 15, 7250)
(140, 60, 12606)
(140, 73, 626)
(140, 109, 8656)
(140, 87, 4232)
(140, 39, 10741)
(140, 93, 17623)
(140, 124, 841)
(140, 111, 16581)
(140, 65, 13951)
(140, 41, 16700)
(140, 2, 2910)
(140, 64, 7025)
(140, 130, 18441)
(140, 20, 9533)
(140, 122, 18498)
(140, 26, 13281)
(140, 68, 1090)
(140, 47, 5504)
(140, 112, 9387)
(140, 128, 7153)
(140, 110, 5526)
(140, 85, 4575)
(140, 22, 16207)
(140, 5, 12875)
(140, 8, 9689)
(140, 27, 1218)
(140, 123, 12879)
(140, 107, 2653)
(140, 17, 8661)
(140, 90, 11296)
(140, 81, 4115)
(140, 75, 10687)
(140, 132, 7347)
(140, 83, 19100)
(140, 19, 11545)
(140, 100, 6252)
(140, 28, 16596)
(140, 0, 6387)
(140, 102, 13360)
(140, 96, 1932)
(140, 29, 8828)
(140, 7, 11977)
(140, 59, 4480)
(140, 108, 17491)
(140, 94, 8614)
(140, 37, 13735)
(140, 92, 1235)
(140, 10, 7191)
(140, 89, 10354)
(140, 35, 2151)
(140, 121, 10607)
(140, 119, 4546)
(140, 36, 9793)
(140, 63, 9047)
(140, 98, 10352)
(140, 54, 16819)
(140, 61, 1849)
(140, 76, 13217)
(140, 31, 9411)
(140, 14, 12163)
(140, 134, 11431)
(140, 12, 13558)
(140, 1, 12937)
(140, 84, 12950)
(140, 25, 13264)
(140, 30, 1558)
(140, 66, 9165)
(140, 95, 13460)
(140, 21, 17172)
(140, 67, 14293)
(140, 97, 9890)
(140, 4, 597)
(140, 133, 5395)
(140, 32, 12390)
(140, 103, 10651)
(140, 11, 1176)
(140, 52, 12956)
(140, 42, 2841)
(140, 13, 16441)
(140, 38, 2917)
(140, 56, 13208)
(140, 48, 5984)
(140, 3, 4586)
(140, 120, 16045)
(140, 18, 14161)
(140, 58, 16917)
(140, 46, 4088)
(140, 43, 2721)
(140, 78, 19500)
(140, 104, 13543)
(140, 115, 4499)
(140, 34, 16463)
(140, 139, 17203)
(140, 33, 17521)
(140, 49, 15571)
(140, 16, 1383)
(140, 79, 9160)
(140, 116, 10964)
(140, 69, 16292)
(140, 77, 18452)
(140, 137, 18387)
(140, 114, 1792)
(140, 135, 14192)
(140, 45, 1096)
(140, 55, 14106)
(140, 138, 2152)
(140, 99, 7974)
(140, 125, 16340)
(140, 131, 10398)
(140, 136, 8057)
(140, 91, 17558)
(140, 113, 2978)
(140, 106, 16809)
(140, 40, 9148)
(141, 116, 18696)
(141, 117, 12621)
(141, 28, 8482)
(141, 49, 15040)
(141, 124, 15484)
(141, 6, 6064)
(141, 85, 13108)
(141, 35, 7901)
(141, 47, 10771)
(141, 129, 8850)
(141, 46, 7035)
(141, 63, 13324)
(141, 3, 12540)
(141, 90, 6445)
(141, 70, 17680)
(141, 107, 11128)
(141, 101, 17866)
(141, 5, 6941)
(141, 53, 4134)
(141, 128, 7834)
(141, 106, 13714)
(141, 83, 11013)
(141, 4, 8140)
(141, 79, 710)
(141, 45, 14542)
(141, 78, 6647)
(141, 57, 5098)
(141, 23, 7556)
(141, 60, 7948)
(141, 100, 10750)
(141, 1, 16734)
(141, 11, 2004)
(141, 91, 15553)
(141, 26, 7871)
(141, 39, 17637)
(141, 123, 2540)
(141, 86, 10946)
(141, 8, 4915)
(141, 130, 10087)
(141, 43, 10413)
(141, 21, 8783)
(141, 17, 15973)
(141, 87, 14534)
(141, 29, 13736)
(141, 44, 8856)
(141, 72, 17115)
(141, 122, 14265)
(141, 56, 12360)
(141, 16, 10538)
(141, 118, 1069)
(141, 37, 4068)
(141, 82, 3898)
(141, 132, 17358)
(141, 119, 9157)
(141, 58, 7081)
(141, 103, 800)
(141, 24, 2496)
(141, 133, 7969)
(141, 65, 2387)
(141, 108, 17811)
(141, 38, 2434)
(141, 77, 15529)
(141, 99, 11260)
(141, 12, 16481)
(141, 138, 15727)
(141, 19, 544)
(141, 51, 3158)
(142, 27, 2991)
(142, 55, 4708)
(142, 130, 18732)
(142, 119, 4845)
(142, 81, 19206)
(142, 37, 4328)
(142, 89, 16813)
(142, 54, 18629)
(142, 19, 12614)
(142, 92, 8996)
(142, 95, 2207)
(142, 50, 10429)
(142, 34, 18183)
(142, 31, 11173)
(142, 90, 2295)
(142, 83, 16940)
(142, 43, 4700)
(142, 63, 7118)
(142, 45, 12393)
(142, 25, 10299)
(142, 136, 6523)
(142, 93, 16507)
(142, 101, 4375)
(142, 38, 16529)
(142, 16, 17613)
(142, 106, 11345)
(142, 127, 8159)
(142, 105, 17426)
(142, 59, 7342)
(142, 126, 13595)
(142, 22, 19421)
(142, 79, 17534)
(142, 140, 17364)
(142, 88, 9319)
(142, 99, 17123)
(142, 113, 2161)
(142, 137, 14112)
(142, 2, 15045)
(142, 103, 14489)
(142, 120, 10130)
(142, 133, 11275)
(142, 141, 7280)
(142, 115, 14831)
(142, 17, 6735)
(142, 65, 9950)
(142, 96, 6454)
(142, 69, 15146)
(142, 46, 17418)
(142, 52, 9590)
(142, 109, 17284)
(142, 23, 14800)
(142, 56, 15827)
(142, 6, 5590)
(142, 129, 9854)
(142, 121, 3818)
(142, 132, 16549)
(142, 28, 11536)
(142, 66, 14825)
(142, 57, 15423)
(142, 4, 17678)
(142, 44, 3891)
(142, 114, 2431)
(142, 67, 3366)
(142, 39, 16530)
(142, 18, 6632)
(142, 77, 3508)
(142, 12, 13692)
(142, 20, 13196)
(142, 108, 11092)
(142, 135, 1819)
(142, 42, 6089)
(142, 36, 1924)
(142, 0, 12075)
(142, 107, 19251)
(142, 11, 16023)
(142, 73, 13909)
(142, 76, 3703)
(142, 13, 9546)
(142, 104, 9396)
(142, 110, 19441)
(142, 47, 9561)
(142, 87, 18860)
(142, 32, 8439)
(142, 60, 19096)
(142, 10, 4913)
(142, 75, 2749)
(142, 61, 12179)
(142, 122, 9755)
(142, 7, 5460)
(142, 8, 14287)
(142, 128, 15756)
(142, 118, 1360)
(142, 86, 10614)
(142, 71, 13355)
(142, 24, 14218)
(142, 94, 13147)
(142, 102, 11206)
(142, 48, 12542)
(142, 78, 12094)
(142, 134, 14249)
(142, 40, 3394)
(142, 85, 10079)
(142, 21, 19174)
(142, 100, 2720)
(142, 111, 18770)
(142, 131, 7028)
(142, 80, 4358)
(142, 3, 11956)
(142, 1, 9427)
(142, 5, 9566)
(142, 123, 9844)
(142, 64, 17871)
(142, 49, 18665)
(142, 33, 16327)
(143, 2, 7707)
(143, 22, 15456)
(143, 38, 11689)
(143, 46, 8044)
(143, 15, 9138)
(143, 32, 10066)
(143, 60, 17932)
(143, 7, 17343)
(143, 12, 7350)
(143, 16, 8226)
(143, 102, 15368)
(143, 115, 1624)
(143, 123, 8749)
(143, 133, 17118)
(143, 27, 16856)
(143, 79, 11322)
(143, 18, 13591)
(143, 54, 5051)
(143, 1, 1116)
(143, 84, 8957)
(143, 39, 456)
(143, 89, 17835)
(143, 128, 1523)
(143, 93, 17587)
(143, 82, 15148)
(143, 139, 1496)
(143, 24, 16376)
(143, 9, 16951)
(143, 103, 16153)
(143, 0, 8804)
(143, 129, 3409)
(143, 4, 16755)
(143, 47, 3225)
(143, 127, 16286)
(143, 78, 2033)
(143, 5, 12991)
(143, 97, 4730)
(143, 136, 11010)
(143, 109, 5532)
(143, 134, 6511)
(144, 63, 11109)
(144, 42, 5412)
(144, 30, 14658)
(144, 24, 13602)
(144, 81, 4117)
(144, 108, 3199)
(144, 115, 3597)
(144, 78, 7262)
(144, 21, 12908)
(144, 15, 11020)
(144, 135, 14156)
(144, 98, 10317)
(144, 52, 1680)
(144, 75, 10117)
(144, 22, 13019)
(144, 76, 3781)
(144, 1, 4062)
(144, 83, 13337)
(144, 14, 11747)
(144, 137, 4874)
(144, 112, 17646)
(144, 37, 10792)
(144, 100, 7711)
(144, 33, 17972)
(144, 51, 2871)
(144, 27, 18018)
(144, 35, 19352)
(144, 19, 4496)
(144, 106, 11362)
(144, 111, 1676)
(144, 140, 257)
(144, 88, 18192)
(144, 26, 12324)
(144, 18, 10044)
(144, 72, 15428)
(144, 82, 498)
(144, 17, 17554)
(144, 127, 1082)
(144, 139, 1739)
(144, 16, 5384)
(144, 28, 15950)
(144, 92, 10772)
(144, 70, 1481)
(144, 48, 3087)
(144, 39, 9579)
(144, 62, 10262)
(144, 124, 12904)
(144, 132, 7221)
(144, 41, 1843)
(144, 53, 4281)
(144, 95, 2265)
(144, 101, 7373)
(144, 113, 11902)
(144, 2, 18237)
(144, 43, 19308)
(144, 10, 4343)
(144, 96, 13130)
(144, 4, 12963)
(144, 50, 12747)
(144, 36, 442)
(144, 119, 13193)
(144, 6, 1829)
(144, 118, 8367)
(144, 0, 1793)
(144, 134, 18109)
(144, 8, 2106)
(144, 31, 12671)
(144, 64, 5385)
(144, 7, 11026)
(144, 123, 16375)
(144, 86, 12696)
(144, 67, 5967)
(144, 142, 6697)
(144, 141, 11784)
(144, 69, 1321)
(144, 23, 14275)
(144, 56, 19343)
(144, 68, 19048)
(144, 38, 6021)
(144, 20, 2550)
(144, 77, 12628)
(144, 11, 3348)
(144, 104, 5563)
(144, 57, 6241)
(144, 65, 18113)
(144, 99, 10172)
(144, 136, 1594)
(144, 117, 16240)
(144, 73, 19185)
(144, 61, 12976)
(144, 121, 6247)
(144, 128, 8650)
(144, 126, 10932)
(144, 85, 2019)
(144, 12, 17449)
(144, 130, 13586)
(144, 60, 14730)
(144, 114, 1847)
(144, 40, 384)
(144, 109, 2865)
(144, 5, 13448)
(144, 66, 16247)
(145, 2, 8825)
(145, 64, 17198)
(145, 130, 12629)
(145, 44, 6315)
(145, 83, 12709)
(145, 109, 17563)
(145, 84, 5069)
(145, 106, 7841)
(145, 67, 3384)
(145, 79, 16430)
(145, 136, 6779)
(145, 117, 11267)
(145, 91, 8999)
(145, 69, 6901)
(145, 33, 16206)
(145, 56, 8735)
(145, 89, 5271)
(145, 12, 10698)
(145, 15, 917)
(145, 119, 15684)
(145, 113, 8606)
(145, 37, 4508)
(145, 76, 9452)
(145, 39, 11199)
(145, 98, 9176)
(145, 16, 16388)
(145, 66, 14656)
(145, 87, 17736)
(145, 28, 3008)
(145, 111, 3375)
(145, 122, 1130)
(145, 133, 1319)
(145, 92, 9495)
(145, 123, 3927)
(145, 104, 2453)
(145, 135, 14028)
(145, 62, 933)
(145, 118, 468)
(145, 27, 17759)
(145, 107, 5851)
(145, 6, 7583)
(145, 52, 15291)
(145, 61, 9756)
(145, 90, 10311)
(145, 93, 10706)
(145, 48, 12445)
(145, 13, 8854)
(145, 54, 2076)
(145, 124, 7171)
(145, 60, 12922)
(145, 21, 2160)
(145, 78, 1607)
(145, 74, 2302)
(145, 34, 10048)
(145, 82, 2038)
(145, 72, 18991)
(145, 3, 2359)
(145, 0, 14065)
(145, 65, 9355)
(145, 80, 6008)
(145, 115, 8436)
(145, 20, 14180)
(145, 96, 11250)
(145, 131, 10520)
(145, 51, 12957)
(145, 103, 13178)
(145, 11, 4918)
(145, 58, 9052)
(145, 73, 3750)
(145, 29, 4199)
(145, 31, 17896)
(145, 75, 4894)
(145, 63, 1846)
(145, 126, 8566)
(145, 46, 16491)
(145, 132, 18826)
(145, 110, 11702)
(145, 143, 10632)
(145, 142, 15943)
(145, 95, 195)
(145, 68, 8183)
(145, 36, 12158)
(145, 99, 17874)
(145, 77, 3606)
(145, 71, 18057)
(145, 43, 19019)
(145, 97, 19212)
(145, 57, 2834)
(145, 86, 445)
(145, 41, 17894)
(145, 100, 11969)
(145, 70, 7783)
(145, 59, 985)
(145, 94, 16972)
(145, 137, 2760)
(145, 9, 15343)
(145, 108, 554)
(145, 25, 2463)
(145, 105, 4750)
(145, 8, 8608)
(145, 127, 16128)
(145, 128, 2775)
(145, 18, 10214)
(145, 88, 17007)
(145, 1, 5508)
(145, 85, 204)
(145, 134, 13134)
(145, 101, 13478)
(145, 17, 6972)
(145, 53, 13339)
(145, 116, 14323)
(145, 114, 15501)
(145, 120, 17898)
(145, 5, 2114)
(145, 35, 567)
(145, 55, 7549)
(145, 138, 14617)
(145, 22, 11459)
(145, 7, 11756)
(145, 10, 14176)
(145, 121, 17136)
(145, 30, 6580)
(145, 32, 12579)
(145, 24, 14111)
(145, 19, 2060)
(145, 23, 19054)
(145, 112, 8050)
(145, 141, 6488)
(146, 105, 13777)
(146, 59, 2377)
(146, 14, 9821)
(146, 77, 18185)
(146, 24, 15612)
(146, 129, 17624)
(146, 98, 3700)
(146, 113, 9346)
(146, 33, 19179)
(146, 72, 8146)
(146, 130, 6181)
(146, 96, 5653)
(146, 110, 10764)
(146, 27, 18902)
(146, 25, 1522)
(146, 62, 14690)
(146, 17, 12156)
(146, 66, 48)
(146, 22, 7682)
(146, 86, 18662)
(146, 87, 19085)
(146, 90, 12300)
(146, 91, 10114)
(146, 85, 5282)
(146, 99, 5220)
(146, 29, 16759)
(146, 54, 10529)
(146, 114, 15647)
(146, 10, 5658)
(146, 132, 10728)
(146, 119, 16425)
(146, 103, 17568)
(146, 64, 11056)
(146, 52, 3925)
(146, 34, 6307)
(146, 117, 2579)
(146, 140, 11300)
(146, 133, 10749)
(146, 7, 7554)
(146, 5, 1746)
(146, 128, 15864)
(146, 70, 6727)
(146, 68, 3439)
(146, 101, 13027)
(146, 84, 7817)
(146, 107, 13416)
(146, 75, 5071)
(146, 35, 5103)
(146, 6, 1237)
(146, 56, 18176)
(146, 18, 16178)
(146, 93, 12347)
(146, 46, 15394)
(146, 123, 10710)
(146, 121, 1602)
(146, 118, 9279)
(146, 13, 13190)
(146, 73, 7997)
(146, 4, 13626)
(146, 95, 15587)
(146, 11, 6525)
(146, 32, 4617)
(146, 102, 268)
(146, 16, 4420)
(146, 145, 4307)
(146, 38, 9894)
(146, 8, 8215)
(146, 67, 8751)
(146, 39, 2462)
(146, 120, 10059)
(146, 100, 1874)
(146, 45, 8460)
(146, 51, 8225)
(146, 60, 16516)
(146, 21, 13761)
(146, 26, 15258)
(146, 92, 9962)
(146, 15, 3918)
(146, 135, 3881)
(146, 49, 2635)
(146, 42, 6559)
(146, 48, 5711)
(146, 69, 6870)
(146, 61, 10470)
(146, 79, 10580)
(146, 55, 12541)
(146, 83, 16720)
(146, 127, 14268)
(146, 53, 19022)
(146, 143, 13486)
(146, 19, 2294)
(146, 97, 5075)
(146, 0, 2347)
(146, 30, 16273)
(146, 65, 14328)
(146, 57, 1561)
(146, 78, 15256)
(146, 125, 13503)
(146, 40, 14221)
(146, 37, 11508)
(146, 58, 13966)
(146, 112, 10183)
(146, 124, 11332)
(146, 115, 8138)
(146, 82, 8949)
(146, 63, 7514)
(146, 81, 2259)
(146, 71, 15141)
(146, 23, 16361)
(146, 36, 19473)
(146, 126, 1998)
(146, 122, 3529)
(146, 28, 18489)
(146, 88, 1054)
(146, 41, 1908)
(146, 104, 12263)
(146, 50, 12284)
(146, 47, 15400)
(146, 76, 7088)
(147, 111, 4148)
(147, 112, 7703)
(147, 71, 1316)
(147, 47, 15805)
(147, 98, 13820)
(147, 96, 4515)
(147, 133, 7904)
(147, 84, 14506)
(147, 75, 1722)
(147, 37, 1294)
(147, 66, 10259)
(147, 83, 13853)
(147, 45, 14177)
(147, 49, 16794)
(147, 34, 9045)
(147, 113, 10700)
(147, 140, 10625)
(147, 25, 7862)
(147, 27, 13326)
(147, 103, 12741)
(147, 23, 5478)
(147, 10, 18033)
(147, 69, 11193)
(147, 22, 13624)
(147, 136, 7688)
(147, 137, 5966)
(147, 91, 13273)
(147, 9, 622)
(147, 107, 11893)
(147, 85, 8893)
(147, 59, 4475)
(147, 41, 7723)
(147, 7, 3038)
(147, 3, 5483)
(147, 11, 6275)
(147, 46, 4975)
(147, 86, 5018)
(147, 58, 13398)
(147, 119, 6850)
(147, 79, 11497)
(147, 13, 5168)
(147, 146, 10693)
(147, 38, 10613)
(147, 142, 12331)
(147, 121, 5824)
(147, 95, 6191)
(147, 102, 3020)
(147, 90, 15442)
(147, 48, 18530)
(147, 64, 5752)
(147, 51, 19315)
(147, 135, 5197)
(147, 16, 11138)
(147, 42, 6148)
(147, 130, 6737)
(147, 99, 8323)
(147, 124, 14697)
(147, 61, 6278)
(147, 68, 555)
(147, 57, 11642)
(147, 104, 11264)
(147, 117, 18952)
(147, 141, 523)
(147, 76, 17509)
(147, 0, 16790)
(147, 139, 11581)
(147, 17, 1055)
(147, 40, 5756)
(147, 28, 18034)
(147, 18, 6325)
(147, 118, 3664)
(147, 116, 15519)
(147, 70, 6740)
(147, 145, 9883)
(147, 12, 348)
(147, 33, 2620)
(147, 65, 2170)
(147, 138, 14554)
(147, 108, 18007)
(147, 93, 12418)
(147, 53, 11341)
(147, 44, 5312)
(147, 1, 5564)
(147, 106, 5976)
(147, 100, 4003)
(147, 143, 7769)
(147, 63, 3354)
(147, 60, 6596)
(147, 109, 15142)
(147, 20, 14784)
(147, 134, 19440)
(147, 126, 4790)
(147, 82, 8737)
(147, 6, 4406)
(147, 26, 10777)
(147, 35, 2185)
(147, 78, 6071)
(147, 87, 1748)
(147, 62, 4641)
(147, 80, 6776)
(147, 125, 18905)
(147, 89, 2337)
(147, 81, 1078)
(147, 56, 13372)
(147, 73, 12845)
(147, 21, 1093)
(147, 4, 14909)
(147, 5, 11617)
(147, 67, 10053)
(147, 24, 2950)
(147, 115, 17867)
(147, 50, 17855)
(147, 120, 418)
(147, 94, 8789)
(147, 123, 9825)
(147, 105, 11074)
(147, 144, 14974)
(147, 122, 9918)
(147, 74, 857)
(147, 31, 4955)
(147, 30, 15830)
(147, 8, 1768)
(147, 127, 6852)
(147, 32, 9189)
(147, 88, 866)
(147, 129, 1865)
(147, 110, 18402)
(147, 15, 4162)
(148, 25, 9860)
(148, 21, 8296)
(148, 60, 6354)
(148, 145, 5396)
(148, 127, 4555)
(148, 84, 8046)
(148, 15, 6437)
(148, 143, 5175)
(148, 118, 16531)
(148, 119, 6801)
(148, 138, 18115)
(148, 107, 10981)
(148, 79, 8573)
(148, 113, 12784)
(148, 99, 13978)
(148, 115, 11004)
(148, 89, 14182)
(148, 33, 15277)
(148, 54, 10996)
(148, 81, 5135)
(148, 147, 12049)
(148, 75, 1192)
(148, 67, 12933)
(148, 100, 827)
(148, 27, 6820)
(148, 98, 16921)
(148, 124, 15900)
(148, 83, 13470)
(148, 29, 5245)
(148, 36, 5266)
(148, 19, 18050)
(148, 80, 17979)
(148, 72, 14379)
(148, 9, 11598)
(148, 68, 57)
(148, 101, 15105)
(148, 108, 10965)
(148, 82, 3768)
(148, 23, 10093)
(148, 20, 1664)
(148, 11, 15325)
(148, 56, 18781)
(148, 5, 18378)
(148, 1, 16546)
(148, 48, 6752)
(148, 121, 11531)
(148, 34, 13297)
(148, 37, 18893)
(148, 97, 2797)
(148, 3, 15156)
(148, 24, 2343)
(148, 52, 5334)
(148, 47, 13402)
(148, 93, 17767)
(148, 95, 3500)
(148, 105, 1940)
(148, 134, 3556)
(148, 32, 13081)
(148, 126, 8025)
(148, 128, 5509)
(148, 6, 7937)
(148, 13, 16115)
(148, 8, 11427)
(148, 76, 9154)
(148, 135, 2201)
(148, 141, 16843)
(148, 137, 15536)
(148, 144, 16185)
(148, 117, 7784)
(148, 40, 1174)
(148, 92, 10266)
(148, 16, 7498)
(148, 31, 3172)
(148, 77, 8451)
(148, 142, 3964)
(148, 133, 17672)
(148, 103, 13843)
(148, 123, 13455)
(148, 112, 6958)
(148, 62, 16157)
(148, 22, 10312)
(148, 18, 15353)
(148, 122, 8005)
(148, 110, 22)
(148, 87, 10279)
(148, 71, 2409)
(148, 91, 19371)
(148, 109, 13904)
(148, 0, 11019)
(148, 7, 6401)
(148, 26, 8169)
(148, 30, 17935)
(148, 102, 19137)
(148, 35, 18859)
(148, 139, 5313)
(148, 116, 6298)
(148, 129, 14011)
(148, 2, 15431)
(148, 130, 5002)
(148, 96, 4957)
(148, 43, 458)
(148, 49, 7891)
(148, 61, 16757)
(148, 69, 12112)
(148, 111, 4472)
(148, 146, 1507)
(148, 140, 12524)
(148, 12, 12918)
(148, 38, 10268)
(148, 114, 2567)
(148, 53, 4974)
(148, 125, 18035)
(148, 70, 6669)
(148, 120, 7678)
(149, 146, 4280)
(149, 143, 14183)
(149, 82, 14524)
(149, 17, 6732)
(149, 134, 13220)
(149, 129, 9270)
(149, 24, 8264)
(149, 114, 3458)
(149, 112, 5390)
(149, 60, 7383)
(149, 74, 9048)
(149, 83, 18100)
(149, 57, 1439)
(149, 12, 14314)
(149, 9, 1907)
(149, 49, 18648)
(149, 86, 15283)
(149, 124, 907)
(149, 36, 8262)
(149, 125, 11551)
(149, 15, 880)
(149, 136, 2363)
(149, 123, 13805)
(149, 144, 7877)
(149, 107, 5188)
(149, 75, 9316)
(149, 3, 16841)
(149, 106, 10878)
(149, 68, 8915)
(149, 133, 15965)
(149, 14, 16044)
(149, 118, 12180)
(149, 67, 612)
(149, 80, 16919)
(149, 95, 4762)
(149, 127, 12488)
(149, 23, 3460)
(149, 87, 18852)
(149, 93, 304)
(149, 4, 4674)
(149, 46, 9540)
(149, 120, 5720)
(149, 22, 11806)
(149, 94, 9252)
(149, 71, 9331)
(149, 42, 18265)
(149, 61, 1816)
(149, 140, 7459)
(149, 147, 4950)
(149, 148, 10244)
(149, 111, 305)
(149, 13, 2612)
(149, 88, 18164)
(149, 26, 9291)
(149, 47, 19475)
(149, 2, 12551)
(149, 38, 1490)
(149, 21, 5072)
(149, 7, 17763)
(149, 20, 17718)
(149, 121, 15991)
(149, 117, 10455)
(149, 6, 2611)
(149, 11, 4638)
(149, 76, 9337)
(149, 103, 7305)
(149, 110, 4391)
(149, 135, 16444)
(149, 91, 8015)
(149, 5, 1788)
(149, 122, 10909)
(149, 35, 19513)
(149, 79, 18122)
(149, 30, 15831)
(149, 48, 8795)
(149, 128, 12005)
(149, 25, 6430)
(149, 59, 9996)
(149, 90, 1452)
(149, 145, 6344)
(149, 73, 1533)
(149, 119, 3788)
(149, 45, 3159)
(149, 102, 4585)
(149, 52, 18102)
(149, 89, 13307)
(149, 62, 13910)
(149, 8, 13444)
(149, 81, 15664)
(149, 10, 2380)
(149, 0, 12919)
(149, 16, 12893)
(149, 54, 15051)
(149, 56, 3153)
(149, 50, 14449)
(149, 18, 17129)
(149, 108, 14448)
(149, 97, 12046)
(149, 39, 7893)
(149, 139, 3756)
(149, 85, 7968)
(149, 98, 3873)
(149, 92, 13092)
(150, 17, 1784)
(150, 111, 2940)
(150, 49, 19181)
(150, 21, 12218)
(150, 34, 1872)
(150, 12, 9864)
(150, 65, 6394)
(150, 99, 19143)
(150, 133, 7312)
(150, 10, 1735)
(150, 115, 14644)
(150, 124, 15460)
(150, 123, 779)
(150, 85, 1592)
(150, 28, 4690)
(150, 146, 16144)
(150, 132, 7039)
(150, 25, 10784)
(150, 91, 14875)
(150, 48, 4928)
(150, 53, 10050)
(150, 51, 11478)
(150, 88, 16132)
(150, 44, 18691)
(150, 110, 2035)
(150, 6, 8498)
(150, 104, 18803)
(150, 20, 4171)
(150, 19, 2975)
(150, 37, 13403)
(150, 71, 9694)
(150, 126, 5575)
(150, 101, 6331)
(150, 80, 13086)
(150, 72, 18356)
(150, 144, 17751)
(150, 93, 17034)
(150, 142, 11435)
(150, 38, 18133)
(150, 74, 19437)
(150, 136, 13255)
(150, 70, 7055)
(150, 134, 17344)
(150, 46, 17634)
(150, 121, 11857)
(150, 92, 180)
(150, 135, 1553)
(150, 5, 9295)
(150, 82, 15320)
(150, 78, 12955)
(150, 29, 8898)
(150, 62, 17669)
(150, 94, 17892)
(150, 97, 6601)
(150, 2, 763)
(150, 103, 8581)
(150, 64, 685)
(151, 33, 3549)
(151, 92, 14103)
(151, 34, 19002)
(151, 81, 80)
(151, 103, 12885)
(151, 148, 15449)
(151, 7, 13833)
(151, 5, 7404)
(151, 24, 7223)
(151, 96, 14835)
(151, 25, 1980)
(151, 110, 5399)
(151, 84, 17783)
(151, 65, 275)
(151, 52, 16552)
(151, 22, 7445)
(151, 94, 5336)
(151, 49, 2042)
(151, 4, 16419)
(151, 76, 314)
(151, 20, 18312)
(151, 53, 7524)
(151, 8, 2677)
(151, 47, 11290)
(151, 50, 18096)
(151, 86, 17219)
(151, 41, 11983)
(151, 125, 17313)
(151, 66, 17050)
(151, 46, 1983)
(151, 111, 13036)
(151, 6, 1227)
(151, 77, 14808)
(151, 3, 9723)
(151, 9, 796)
(151, 75, 2282)
(151, 105, 15046)
(151, 15, 8585)
(151, 126, 6292)
(151, 133, 4439)
(151, 14, 8013)
(151, 64, 18238)
(151, 51, 16553)
(151, 118, 399)
(151, 58, 5347)
(151, 0, 9551)
(151, 35, 19381)
(151, 38, 2805)
(151, 12, 17282)
(151, 63, 12973)
(151, 40, 8632)
(151, 1, 14414)
(151, 115, 15016)
(151, 89, 15292)
(151, 56, 7706)
(151, 106, 3599)
(151, 82, 9056)
(151, 37, 6270)
(151, 57, 8376)
(151, 150, 1000)
(151, 147, 2248)
(151, 11, 13124)
(151, 135, 7378)
(151, 13, 7869)
(151, 149, 9571)
(151, 145, 15742)
(151, 19, 15304)
(151, 55, 13501)
(151, 31, 9642)
(151, 21, 1191)
(151, 30, 16701)
(151, 97, 19045)
(151, 113, 15008)
(151, 114, 1198)
(151, 136, 4412)
(151, 120, 10672)
(151, 59, 838)
(151, 78, 4872)
(151, 121, 1518)
(151, 36, 17018)
(151, 42, 3425)
(151, 128, 7790)
(151, 134, 17150)
(151, 98, 10061)
(151, 116, 15028)
(151, 119, 15251)
(151, 146, 11031)
(151, 104, 8069)
(151, 79, 3702)
(151, 123, 14843)
(151, 91, 7401)
(151, 139, 9182)
(151, 112, 1744)
(151, 29, 7814)
(151, 32, 2962)
(151, 62, 13474)
(151, 61, 15709)
(151, 138, 17233)
(151, 83, 16653)
(151, 143, 18277)
(151, 26, 8058)
(151, 45, 110)
(151, 131, 10092)
(151, 2, 16085)
(151, 100, 5104)
(151, 67, 8558)
(151, 27, 11222)
(151, 72, 19228)
(151, 43, 5381)
(151, 99, 8269)
(151, 73, 2605)
(151, 70, 6255)
(151, 60, 5063)
(151, 102, 3933)
(151, 130, 11652)
(151, 74, 8489)
(151, 129, 676)
(151, 16, 15391)
(151, 87, 13304)
(151, 39, 7047)
(151, 17, 15554)
(151, 127, 1408)
(151, 48, 12661)
(152, 64, 17857)
(152, 15, 3377)
(152, 63, 7933)
(152, 131, 8199)
(152, 29, 9558)
(152, 124, 8838)
(152, 118, 6226)
(152, 86, 5411)
(152, 128, 6810)
(152, 30, 7192)
(152, 85, 3575)
(152, 75, 573)
(152, 137, 7493)
(152, 16, 4834)
(152, 32, 5058)
(152, 9, 6746)
(152, 55, 11484)
(152, 8, 17550)
(152, 61, 16881)
(152, 126, 1729)
(152, 109, 17880)
(152, 79, 4851)
(152, 133, 16991)
(152, 94, 13996)
(152, 70, 7562)
(152, 150, 10851)
(152, 10, 10167)
(152, 93, 12783)
(152, 11, 2539)
(152, 40, 9315)
(152, 50, 15177)
(152, 140, 6132)
(152, 80, 8922)
(152, 91, 2353)
(152, 76, 8160)
(152, 52, 6728)
(152, 113, 14146)
(152, 119, 19286)
(152, 22, 17822)
(152, 69, 17758)
(152, 84, 4284)
(152, 57, 14932)
(152, 144, 5138)
(152, 151, 16623)
(152, 65, 13786)
(152, 48, 4905)
(152, 149, 18565)
(152, 122, 3450)
(152, 135, 13583)
(152, 148, 4707)
(152, 77, 17294)
(152, 25, 4936)
(152, 71, 16634)
(152, 142, 7123)
(152, 14, 5218)
(152, 42, 9716)
(152, 35, 11871)
(152, 19, 19489)
(152, 5, 6856)
(152, 39, 844)
(152, 33, 17522)
(152, 132, 3437)
(152, 147, 11378)
(152, 134, 11683)
(152, 87, 6785)
(152, 51, 5559)
(152, 44, 18570)
(152, 43, 12290)
(152, 103, 321)
(152, 34, 14137)
(152, 114, 11312)
(152, 139, 12687)
(152, 27, 3467)
(152, 68, 3783)
(153, 99, 1219)
(153, 52, 4650)
(153, 71, 1467)
(153, 123, 16316)
(153, 29, 9952)
(153, 114, 3559)
(153, 127, 19476)
(153, 46, 2102)
(153, 149, 12527)
(153, 79, 121)
(153, 117, 14815)
(153, 7, 14159)
(153, 139, 15787)
(153, 93, 17775)
(153, 104, 11331)
(153, 112, 16890)
(153, 13, 12685)
(153, 58, 684)
(153, 136, 4006)
(153, 89, 18291)
(153, 69, 595)
(153, 36, 13925)
(153, 150, 15205)
(153, 87, 3228)
(153, 86, 3060)
(153, 4, 4344)
(153, 151, 15127)
(153, 95, 9684)
(153, 56, 14115)
(153, 19, 17056)
(153, 92, 8492)
(153, 128, 13821)
(153, 43, 13224)
(153, 100, 2638)
(153, 77, 5262)
(153, 1, 5892)
(153, 140, 16238)
(153, 39, 19485)
(153, 44, 10752)
(153, 121, 14394)
(153, 42, 16013)
(153, 20, 19169)
(153, 97, 16575)
(153, 105, 7607)
(153, 31, 9437)
(153, 103, 4609)
(153, 51, 4132)
(153, 47, 11813)
(153, 147, 10293)
(153, 131, 14047)
(153, 24, 17931)
(153, 133, 13349)
(153, 12, 6204)
(153, 124, 12399)
(153, 40, 11368)
(153, 28, 2758)
(153, 88, 8220)
(153, 113, 16413)
(153, 129, 8965)
(153, 90, 10688)
(153, 33, 17612)
(153, 80, 6220)
(153, 59, 9513)
(153, 130, 18861)
(153, 135, 8131)
(153, 76, 2487)
(153, 120, 13771)
(153, 22, 3978)
(153, 143, 11695)
(153, 21, 13914)
(153, 118, 12543)
(153, 132, 14993)
(153, 32, 13840)
(153, 141, 7737)
(153, 82, 7701)
(153, 75, 16572)
(153, 62, 4943)
(153, 148, 18477)
(153, 38, 2740)
(153, 45, 7568)
(153, 96, 7041)
(153, 98, 10113)
(153, 30, 5933)
(153, 50, 4533)
(153, 126, 10891)
(153, 0, 8223)
(153, 61, 11186)
(153, 107, 4031)
(153, 109, 14986)
(153, 41, 805)
(153, 84, 14454)
(153, 26, 1948)
(153, 122, 15660)
(153, 83, 15515)
(153, 10, 16281)
(153, 134, 15502)
(153, 8, 12682)
(153, 27, 13930)
(153, 142, 6649)
(153, 11, 7424)
(153, 138, 13216)
(153, 78, 10617)
(153, 54, 9169)
(153, 146, 14501)
(153, 94, 17278)
(153, 63, 16410)
(153, 144, 3441)
(153, 110, 4732)
(153, 2, 1406)
(153, 48, 15939)
(153, 145, 17791)
(153, 35, 1687)
(153, 116, 1291)
(153, 67, 8305)
(153, 85, 13632)
(153, 60, 11412)
(153, 102, 4402)
(153, 3, 6670)
(153, 137, 7642)
(153, 16, 15816)
(153, 152, 11099)
(153, 25, 19374)
(153, 119, 10657)
(153, 66, 11870)
(153, 57, 4235)
(153, 108, 11205)
(153, 15, 12231)
(153, 53, 5579)
(153, 74, 1706)
(153, 115, 16753)
(153, 6, 7114)
(153, 18, 4895)
(153, 81, 18698)
(153, 23, 17545)
(153, 72, 2649)
(154, 109, 425)
(154, 97, 6182)
(154, 38, 16667)
(154, 12, 11892)
(154, 4, 4018)
(154, 10, 6397)
(154, 17, 16824)
(154, 115, 13131)
(155, 60, 16765)
(155, 12, 18427)
(155, 1, 39)
(155, 97, 2697)
(155, 100, 1226)
(155, 23, 12987)
(155, 123, 15061)
(155, 41, 9440)
(155, 78, 10043)
(155, 104, 18900)
(155, 147, 4308)
(155, 137, 4274)
(155, 95, 3007)
(155, 28, 10785)
(155, 150, 1083)
(155, 66, 5029)
(155, 7, 18372)
(155, 64, 2888)
(155, 88, 517)
(155, 117, 13338)
(155, 62, 5242)
(155, 26, 11255)
(155, 9, 10302)
(155, 40, 19565)
(155, 101, 7582)
(155, 86, 16494)
(155, 85, 3761)
(155, 70, 4800)
(155, 153, 9506)
(155, 139, 9999)
(155, 91, 15938)
(155, 67, 18548)
(155, 42, 7691)
(155, 132, 4562)
(155, 133, 15481)
(155, 77, 18776)
(155, 118, 9517)
(155, 140, 11797)
(155, 68, 7632)
(155, 149, 17793)
(155, 16, 3625)
(155, 141, 6263)
(155, 72, 8715)
(155, 43, 14463)
(155, 73, 5073)
(155, 111, 12108)
(155, 55, 1166)
(155, 121, 16903)
(155, 46, 11324)
(155, 143, 14694)
(155, 3, 13773)
(155, 93, 4136)
(155, 144, 16612)
(155, 61, 8320)
(155, 122, 15165)
(155, 110, 12119)
(155, 136, 920)
(155, 109, 12801)
(156, 149, 7054)
(156, 115, 12549)
(156, 81, 15131)
(156, 139, 16823)
(156, 153, 9798)
(156, 36, 12349)
(156, 58, 5372)
(156, 150, 2268)
(156, 98, 16360)
(156, 49, 6012)
(156, 117, 16662)
(156, 114, 3406)
(156, 43, 13390)
(156, 135, 10485)
(156, 12, 6817)
(156, 8, 5360)
(156, 94, 14334)
(156, 66, 17735)
(156, 11, 14960)
(156, 86, 15969)
(156, 112, 6526)
(156, 91, 9621)
(156, 146, 7662)
(156, 104, 9941)
(156, 83, 16159)
(156, 61, 17207)
(156, 16, 18081)
(156, 1, 842)
(156, 35, 3655)
(156, 9, 16645)
(156, 116, 10362)
(156, 87, 4190)
(156, 17, 3299)
(156, 122, 11060)
(156, 26, 18641)
(156, 143, 15641)
(156, 45, 8346)
(156, 134, 2880)
(156, 131, 1689)
(156, 22, 5254)
(156, 64, 104)
(156, 120, 3505)
(156, 124, 6843)
(156, 32, 14655)
(156, 102, 5272)
(157, 128, 18985)
(157, 7, 10106)
(157, 104, 2551)
(157, 23, 9249)
(157, 6, 13467)
(157, 65, 4376)
(157, 75, 17181)
(157, 120, 4300)
(157, 18, 13662)
(157, 39, 18499)
(157, 35, 9200)
(157, 117, 11325)
(157, 31, 4717)
(157, 108, 6094)
(157, 16, 3111)
(157, 4, 13305)
(157, 56, 17380)
(157, 44, 8794)
(157, 133, 10957)
(157, 76, 16121)
(157, 38, 5656)
(157, 100, 8028)
(157, 77, 10309)
(157, 34, 10491)
(157, 116, 792)
(157, 87, 1094)
(157, 62, 9834)
(157, 33, 6175)
(157, 84, 15600)
(157, 130, 123)
(157, 19, 13094)
(157, 119, 6882)
(157, 149, 7435)
(157, 2, 9549)
(157, 68, 9253)
(157, 46, 5180)
(157, 151, 8402)
(157, 93, 13072)
(157, 103, 9665)
(157, 102, 18753)
(157, 10, 3077)
(157, 45, 1112)
(157, 129, 1527)
(157, 48, 2442)
(157, 154, 19395)
(157, 97, 18757)
(157, 72, 9116)
(157, 83, 9401)
(157, 80, 18072)
(157, 115, 13937)
(157, 139, 11228)
(157, 73, 10823)
(157, 125, 1146)
(157, 70, 14632)
(157, 26, 2116)
(157, 91, 3230)
(157, 143, 3590)
(157, 27, 3157)
(157, 13, 6427)
(157, 150, 1669)
(157, 101, 4488)
(157, 25, 10923)
(157, 21, 18278)
(157, 137, 2034)
(157, 124, 11817)
(157, 22, 14477)
(157, 69, 10731)
(157, 123, 6883)
(157, 147, 7827)
(157, 105, 18232)
(157, 57, 12148)
(157, 89, 14412)
(157, 134, 19460)
(158, 20, 6360)
(158, 6, 16409)
(158, 77, 3990)
(158, 71, 18091)
(158, 98, 13504)
(158, 95, 3426)
(158, 141, 1314)
(158, 11, 16236)
(158, 57, 5974)
(158, 134, 4824)
(158, 31, 9786)
(158, 76, 5171)
(158, 124, 10441)
(158, 33, 3250)
(158, 16, 8924)
(158, 29, 2075)
(158, 19, 15490)
(158, 130, 5127)
(158, 0, 532)
(158, 73, 17986)
(158, 109, 18652)
(158, 156, 17404)
(158, 91, 12292)
(158, 112, 4452)
(158, 18, 13524)
(158, 137, 17423)
(158, 153, 4314)
(158, 59, 19300)
(158, 121, 15031)
(158, 138, 1395)
(158, 107, 18619)
(158, 87, 12562)
(158, 41, 10855)
(158, 44, 12246)
(158, 60, 766)
(158, 1, 1328)
(158, 9, 1178)
(158, 55, 3986)
(158, 80, 16544)
(158, 97, 4535)
(158, 125, 725)
(158, 22, 14222)
(158, 65, 6531)
(158, 14, 17020)
(158, 79, 1776)
(158, 111, 17048)
(158, 2, 726)
(158, 157, 12017)
(158, 68, 2673)
(158, 120, 16493)
(158, 28, 14019)
(158, 66, 16826)
(158, 113, 19398)
(158, 155, 8707)
(158, 131, 12122)
(158, 43, 3082)
(158, 17, 209)
(158, 51, 3215)
(158, 146, 7174)
(158, 114, 5814)
(158, 26, 11110)
(158, 64, 3454)
(158, 48, 8201)
(158, 88, 18359)
(158, 45, 4393)
(158, 24, 17732)
(158, 83, 15698)
(158, 25, 18022)
(158, 104, 15530)
(158, 67, 12281)
(158, 3, 15318)
(158, 23, 8815)
(158, 49, 6209)
(158, 142, 18351)
(158, 93, 11618)
(158, 117, 1011)
(158, 63, 7293)
(158, 152, 5294)
(158, 151, 1337)
(158, 99, 2222)
(158, 78, 6384)
(158, 13, 12273)
(158, 38, 18292)
(158, 132, 17180)
(158, 27, 8625)
(158, 136, 7873)
(158, 150, 11986)
(158, 30, 11842)
(158, 102, 12101)
(158, 133, 10209)
(158, 81, 19583)
(158, 110, 15076)
(158, 53, 19160)
(158, 82, 18930)
(158, 103, 12598)
(158, 37, 10740)
(158, 52, 16288)
(158, 54, 8963)
(158, 74, 12128)
(158, 127, 7930)
(158, 144, 9089)
(158, 84, 8660)
(158, 15, 8233)
(158, 32, 19011)
(158, 101, 19243)
(158, 129, 3666)
(158, 143, 5159)
(158, 86, 16611)
(158, 61, 2660)
(158, 34, 11874)
(158, 75, 9568)
(158, 12, 11614)
(158, 40, 15994)
(158, 69, 14965)
(158, 123, 6641)
(158, 56, 9238)
(158, 62, 4348)
(158, 128, 16904)
(158, 70, 15595)
(158, 47, 13422)
(158, 10, 15111)
(158, 149, 11616)
(158, 145, 2907)
(158, 8, 10926)
(158, 108, 16947)
(158, 100, 4512)
(158, 39, 10186)
(158, 89, 17955)
(158, 96, 4044)
(158, 122, 16152)
(158, 4, 3452)
(158, 72, 9869)
(158, 115, 16245)
(158, 92, 15308)
(158, 116, 11122)
(158, 5, 7661)
(158, 50, 11113)
(158, 139, 14522)
(158, 46, 17460)
(158, 105, 591)
(158, 154, 14408)
(158, 147, 10779)
(158, 135, 777)
(159, 128, 18606)
(159, 138, 17178)
(159, 30, 19307)
(159, 132, 19519)
(159, 73, 164)
(159, 11, 12152)
(159, 28, 14114)
(159, 10, 5145)
(159, 117, 5973)
(159, 38, 9503)
(159, 131, 5427)
(159, 157, 1283)
(159, 65, 18215)
(159, 110, 892)
(159, 120, 12799)
(159, 103, 14681)
(159, 43, 1646)
(159, 0, 18671)
(159, 100, 4097)
(159, 121, 10812)
(159, 97, 13756)
(159, 51, 17303)
(159, 153, 7060)
(159, 95, 13896)
(159, 21, 6803)
(159, 89, 5593)
(159, 143, 10430)
(159, 19, 4618)
(159, 116, 15990)
(159, 154, 15473)
(159, 152, 1016)
(159, 134, 17201)
(159, 13, 15124)
(159, 52, 14472)
(159, 53, 3894)
(159, 70, 2595)
(159, 15, 11213)
(159, 72, 19418)
(159, 64, 18728)
(159, 79, 3218)
(159, 36, 11768)
(159, 124, 16063)
(159, 2, 7964)
(159, 139, 8443)
(159, 44, 12809)
(159, 22, 1225)
(159, 17, 7517)
(159, 122, 5816)
(159, 20, 14779)
(159, 5, 8163)
(159, 113, 10972)
(159, 123, 4780)
(159, 92, 5114)
(159, 156, 1211)
(159, 6, 14742)
(159, 61, 2095)
(159, 54, 9049)
(159, 106, 7533)
(159, 48, 3956)
(159, 35, 9750)
(159, 144, 923)
(159, 24, 6576)
(159, 145, 5432)
(159, 147, 9097)
(159, 9, 14494)
(159, 50, 2428)
(159, 68, 2338)
(159, 59, 817)
(159, 88, 10691)
(159, 16, 14273)
(159, 40, 17817)
(159, 126, 2247)
(159, 155, 8878)
(159, 150, 9018)
(159, 83, 2531)
(159, 151, 8757)
(159, 102, 7258)
(159, 67, 7271)
(159, 94, 15454)
(159, 14, 10924)
(159, 31, 1537)
(159, 135, 6189)
(159, 130, 18355)
(159, 60, 8167)
(159, 69, 7949)
(159, 104, 18350)
(159, 29, 17060)
(159, 80, 4836)
(159, 66, 12395)
(159, 137, 16751)
(159, 55, 7599)
(159, 146, 15762)
(159, 99, 9290)
(159, 76, 806)
(159, 96, 15715)
(159, 141, 15089)
(159, 112, 2855)
(159, 49, 15948)
(159, 75, 2739)
(159, 108, 14021)
(159, 119, 902)
(159, 105, 13383)
(159, 25, 9740)
(159, 136, 16005)
(159, 115, 2952)
(159, 158, 10094)
(159, 62, 8190)
(159, 125, 7722)
(159, 46, 1310)
(159, 93, 14402)
(159, 8, 9761)
(159, 140, 12183)
(159, 23, 14660)
(160, 22, 14309)
(160, 124, 18218)
(160, 75, 18451)
(160, 117, 12006)
(160, 67, 6544)
(160, 6, 18526)
(160, 17, 4110)
(160, 139, 78)
(160, 149, 2859)
(160, 132, 196)
(160, 31, 16879)
(160, 1, 5433)
(160, 102, 10712)
(160, 147, 17683)
(160, 91, 12271)
(160, 33, 12948)
(160, 13, 7030)
(160, 93, 15085)
(160, 138, 8865)
(160, 125, 17556)
(160, 158, 13778)
(160, 49, 8339)
(160, 35, 10778)
(160, 78, 19209)
(160, 84, 13218)
(160, 5, 1781)
(160, 30, 11706)
(160, 39, 732)
(160, 27, 7587)
(160, 18, 15699)
(160, 103, 14708)
(160, 58, 14184)
(160, 77, 1977)
(160, 88, 14301)
(160, 65, 7257)
(160, 11, 12643)
(160, 25, 12975)
(160, 66, 17329)
(160, 40, 16600)
(160, 122, 17156)
(160, 21, 10762)
(160, 24, 11932)
(160, 38, 10028)
(160, 110, 10615)
(160, 140, 2256)
(160, 148, 8414)
(160, 4, 14549)
(160, 63, 18210)
(160, 82, 10881)
(160, 19, 10826)
(160, 41, 318)
(160, 121, 6393)
(160, 152, 9142)
(160, 15, 9256)
(160, 23, 10899)
(160, 8, 3404)
(160, 47, 4005)
(160, 73, 13752)
(160, 130, 6657)
(160, 56, 15485)
(160, 108, 13872)
(160, 28, 1313)
(160, 141, 11945)
(160, 26, 6005)
(160, 127, 14078)
(160, 60, 1336)
(160, 54, 13399)
(160, 150, 12299)
(160, 69, 5936)
(160, 112, 13677)
(160, 157, 19253)
(160, 16, 7816)
(160, 59, 16976)
(160, 9, 15794)
(160, 156, 4377)
(160, 153, 12466)
(160, 53, 16205)
(160, 90, 12513)
(160, 12, 273)
(160, 52, 9779)
(160, 29, 6871)
(160, 51, 16264)
(160, 37, 9477)
(160, 70, 8191)
(160, 76, 8790)
(160, 98, 7228)
(160, 101, 1581)
(160, 86, 14794)
(160, 129, 12379)
(160, 159, 14740)
(160, 105, 17895)
(160, 144, 1002)
(160, 3, 19509)
(160, 154, 10391)
(160, 62, 13458)
(160, 71, 8500)
(160, 146, 12469)
(160, 81, 3722)
(160, 85, 8820)
(160, 92, 12477)
(160, 135, 1727)
(160, 32, 6282)
(160, 136, 12535)
(160, 72, 144)
(160, 137, 10838)
(160, 36, 8948)
(160, 7, 577)
(160, 48, 15266)
(160, 64, 7487)
(160, 123, 13645)
(160, 113, 14517)
(160, 50, 12575)
(160, 95, 18300)
(160, 42, 8953)
(160, 119, 5580)
(160, 99, 10719)
(160, 151, 15135)
(160, 145, 19471)
(160, 118, 679)
(160, 55, 18424)
(160, 46, 14305)
(160, 104, 18628)
(160, 57, 5896)
(160, 2, 18514)
(160, 155, 15886)
(160, 100, 13343)
(160, 114, 9458)
(160, 111, 1491)
(160, 44, 9364)
(160, 134, 9858)
(160, 107, 14975)
(160, 109, 11582)
(160, 43, 4164)
(160, 128, 5489)
(160, 0, 20)
(160, 74, 10119)
(160, 14, 7027)
(160, 143, 3164)
(160, 116, 4529)
(160, 115, 748)
(160, 142, 7146)
(160, 68, 4389)
(161, 138, 2157)
(161, 32, 12677)
(161, 53, 13809)
(161, 45, 711)
(161, 128, 4786)
(161, 85, 18678)
(161, 74, 14162)
(161, 51, 6273)
(161, 3, 5174)
(161, 100, 5490)
(161, 76, 1141)
(161, 147, 9720)
(161, 86, 11152)
(161, 24, 13010)
(161, 99, 2881)
(161, 34, 16089)
(161, 102, 9466)
(161, 97, 12719)
(161, 150, 18366)
(161, 55, 2918)
(161, 41, 19540)
(161, 155, 18075)
(161, 25, 16391)
(161, 38, 5969)
(161, 72, 465)
(161, 108, 1550)
(161, 63, 1015)
(161, 82, 1419)
(161, 5, 1043)
(161, 156, 4607)
(161, 95, 15697)
(161, 10, 10136)
(161, 20, 19468)
(161, 135, 9152)
(161, 26, 12588)
(161, 43, 7423)
(161, 2, 14220)
(161, 30, 12376)
(161, 31, 738)
(161, 125, 17713)
(161, 141, 16471)
(161, 103, 6007)
(161, 6, 10477)
(161, 140, 8267)
(161, 131, 13323)
(161, 134, 14933)
(161, 123, 3461)
(161, 52, 9248)
(161, 19, 17481)
(161, 136, 4198)
(161, 143, 11697)
(161, 8, 1077)
(161, 101, 2522)
(161, 137, 15019)
(161, 57, 12856)
(161, 37, 3762)
(161, 29, 3192)
(161, 68, 13116)
(161, 39, 15039)
(161, 77, 12739)
(161, 117, 4202)
(161, 56, 18921)
(161, 58, 3682)
(161, 67, 17357)
(161, 42, 6368)
(161, 126, 1470)
(161, 157, 4536)
(161, 23, 310)
(161, 66, 4932)
(161, 54, 9703)
(161, 75, 16604)
(161, 47, 13256)
(161, 119, 2698)
(161, 144, 10443)
(161, 111, 10022)
(161, 107, 14577)
(161, 96, 6300)
(161, 116, 18401)
(161, 50, 12457)
(161, 87, 11454)
(161, 35, 15750)
(161, 115, 18566)
(161, 139, 15804)
(161, 132, 6027)
(161, 79, 9453)
(161, 22, 7835)
(161, 124, 2634)
(161, 133, 2746)
(161, 149, 4039)
(161, 120, 12060)
(161, 78, 9012)
(161, 69, 1279)
(161, 15, 4224)
(161, 104, 15117)
(161, 83, 1785)
(161, 0, 19200)
(161, 36, 8577)
(161, 17, 16010)
(161, 40, 6930)
(161, 148, 16408)
(161, 12, 4519)
(161, 145, 11802)
(161, 27, 13627)
(161, 159, 14370)
(161, 46, 10952)
(161, 84, 12807)
(161, 158, 4256)
(161, 88, 469)
(161, 80, 12217)
(161, 71, 340)
(161, 13, 13554)
(161, 105, 19538)
(161, 122, 4852)
(161, 9, 16796)
(161, 160, 13657)
(161, 113, 19198)
(161, 62, 6081)
(161, 1, 2301)
(161, 130, 18801)
(161, 121, 15361)
(161, 28, 4939)
(161, 33, 6070)
(162, 70, 10904)
(162, 40, 3563)
(162, 34, 14185)
(162, 26, 16998)
(162, 69, 16685)
(162, 121, 14863)
(162, 155, 3374)
(162, 45, 13531)
(162, 73, 14565)
(162, 57, 17051)
(162, 17, 16827)
(162, 6, 19223)
(162, 91, 2810)
(162, 53, 291)
(162, 114, 17603)
(162, 99, 8528)
(162, 14, 1434)
(162, 139, 7042)
(162, 67, 2506)
(162, 43, 16336)
(162, 101, 7292)
(162, 137, 11965)
(162, 11, 154)
(162, 116, 10018)
(162, 90, 6044)
(162, 152, 12033)
(162, 160, 13236)
(162, 37, 3010)
(162, 47, 5734)
(162, 149, 18186)
(162, 93, 16788)
(162, 98, 17881)
(162, 124, 15236)
(162, 128, 16394)
(162, 135, 16676)
(162, 59, 7643)
(162, 117, 4460)
(162, 122, 14877)
(162, 24, 1080)
(162, 87, 6891)
(162, 147, 4214)
(162, 105, 14204)
(162, 38, 6782)
(162, 21, 15321)
(162, 22, 4479)
(162, 76, 9435)
(162, 118, 19092)
(162, 129, 17014)
(162, 7, 14388)
(162, 146, 18695)
(162, 145, 4489)
(162, 3, 15725)
(162, 12, 9264)
(162, 140, 9972)
(162, 68, 2086)
(162, 16, 12238)
(162, 62, 10879)
(162, 1, 15730)
(162, 150, 3677)
(162, 58, 2713)
(162, 20, 14466)
(162, 157, 4588)
(162, 123, 3536)
(162, 78, 18420)
(162, 86, 12888)
(162, 44, 1513)
(162, 2, 19144)
(162, 134, 9370)
(162, 46, 6088)
(162, 102, 5324)
(162, 23, 5452)
(162, 153, 12881)
(162, 143, 3907)
(162, 159, 18953)
(162, 88, 14313)
(162, 56, 13666)
(162, 54, 856)
(162, 18, 15988)
(162, 4, 7490)
(162, 29, 3930)
(162, 83, 17454)
(162, 106, 13734)
(162, 9, 19202)
(162, 156, 14171)
(162, 94, 6391)
(162, 119, 8288)
(162, 92, 941)
(162, 15, 10382)
(162, 84, 10013)
(162, 154, 7073)
(162, 5, 18139)
(162, 27, 4770)
(162, 51, 5016)
(162, 133, 6839)
(162, 36, 13750)
(163, 94, 15397)
(163, 153, 3512)
(163, 82, 16981)
(163, 155, 8640)
(163, 152, 3160)
(163, 78, 9254)
(163, 36, 6844)
(163, 47, 2654)
(163, 96, 15173)
(163, 105, 15513)
(163, 134, 683)
(163, 83, 8525)
(163, 107, 9493)
(163, 3, 5348)
(163, 131, 7321)
(163, 113, 13895)
(163, 68, 16593)
(163, 44, 128)
(163, 121, 12261)
(163, 32, 15463)
(163, 10, 15352)
(163, 79, 8396)
(163, 58, 16118)
(163, 98, 6861)
(163, 89, 12775)
(163, 5, 9054)
(163, 126, 13290)
(163, 71, 10475)
(163, 46, 6306)
(163, 63, 8319)
(163, 118, 16897)
(163, 61, 11589)
(163, 127, 15166)
(163, 80, 5328)
(163, 150, 17403)
(163, 52, 16941)
(163, 135, 11662)
(163, 72, 16107)
(163, 145, 14091)
(163, 73, 2787)
(163, 35, 4023)
(163, 6, 312)
(163, 57, 2762)
(163, 119, 1183)
(163, 88, 17277)
(163, 67, 2014)
(163, 41, 18923)
(163, 85, 15681)
(163, 26, 4715)
(163, 64, 5059)
(163, 29, 2852)
(163, 39, 15838)
(163, 108, 12125)
(163, 154, 16150)
(163, 116, 13075)
(163, 151, 6264)
(163, 4, 14653)
(163, 54, 16622)
(163, 92, 3544)
(163, 111, 6841)
(163, 11, 6905)
(163, 51, 15030)
(163, 102, 14149)
(163, 101, 15788)
(163, 77, 12342)
(163, 69, 17709)
(163, 87, 3208)
(163, 146, 14272)
(163, 7, 6439)
(163, 129, 9129)
(163, 40, 5302)
(163, 38, 4356)
(163, 93, 24)
(163, 45, 10793)
(163, 160, 9903)
(163, 124, 14023)
(163, 138, 17350)
(163, 142, 18966)
(163, 76, 9727)
(163, 161, 6261)
(163, 28, 19061)
(164, 35, 1346)
(164, 15, 12522)
(164, 66, 8330)
(164, 153, 12485)
(164, 97, 2619)
(164, 80, 4345)
(164, 47, 3279)
(164, 138, 992)
(164, 104, 8910)
(164, 23, 18137)
(164, 71, 4071)
(164, 102, 19036)
(164, 55, 12104)
(164, 83, 12977)
(164, 118, 5978)
(164, 64, 14117)
(164, 4, 16677)
(164, 85, 8449)
(164, 1, 14591)
(164, 32, 9121)
(164, 122, 11180)
(164, 150, 4637)
(164, 65, 5028)
(164, 79, 8493)
(164, 159, 15230)
(164, 16, 421)
(164, 3, 6207)
(164, 128, 12269)
(164, 61, 5713)
(164, 90, 14127)
(164, 52, 19322)
(164, 19, 8483)
(164, 60, 8342)
(164, 22, 15980)
(164, 156, 17843)
(164, 68, 17608)
(164, 84, 17244)
(164, 26, 10901)
(164, 6, 14837)
(164, 11, 13043)
(164, 56, 7142)
(164, 94, 7224)
(164, 111, 15568)
(164, 21, 8784)
(164, 44, 16597)
(164, 143, 6179)
(164, 95, 16554)
(164, 145, 14420)
(164, 134, 45)
(164, 137, 11644)
(164, 54, 6272)
(164, 24, 17913)
(164, 136, 19284)
(165, 164, 5844)
(165, 8, 19247)
(165, 5, 12139)
(165, 103, 13878)
(165, 42, 5155)
(165, 78, 3888)
(165, 64, 8158)
(165, 7, 3557)
(165, 72, 1009)
(165, 127, 19302)
(165, 27, 4036)
(165, 138, 9971)
(165, 95, 4804)
(165, 159, 16175)
(165, 13, 19557)
(165, 82, 8238)
(165, 45, 16217)
(165, 54, 12435)
(165, 40, 6935)
(165, 105, 8200)
(165, 76, 18080)
(165, 63, 16737)
(165, 53, 3555)
(165, 160, 12802)
(165, 48, 16849)
(165, 108, 18488)
(165, 136, 5014)
(165, 132, 2924)
(165, 24, 12381)
(165, 137, 6202)
(165, 50, 12329)
(165, 23, 6072)
(165, 17, 14211)
(165, 115, 12766)
(165, 83, 9928)
(165, 112, 2286)
(165, 98, 12193)
(165, 106, 18016)
(165, 153, 8173)
(165, 73, 213)
(165, 15, 16488)
(165, 58, 5850)
(165, 49, 5495)
(165, 116, 5670)
(165, 22, 19110)
(165, 156, 18160)
(165, 104, 3773)
(165, 46, 5477)
(165, 88, 9208)
(165, 87, 4288)
(165, 162, 15892)
(165, 55, 13879)
(165, 43, 10464)
(165, 21, 3162)
(165, 74, 10496)
(165, 110, 1778)
(165, 81, 6681)
(165, 25, 9945)
(165, 151, 7531)
(165, 86, 6636)
(165, 101, 13520)
(165, 107, 15859)
(165, 57, 1386)
(165, 12, 8447)
(165, 125, 1001)
(165, 155, 3562)
(165, 16, 996)
(165, 4, 15728)
(165, 39, 9461)
(165, 70, 2556)
(165, 75, 10635)
(165, 148, 13053)
(165, 52, 14145)
(165, 163, 19404)
(165, 145, 1494)
(165, 66, 12742)
(165, 142, 6798)
(165, 96, 6135)
(165, 71, 7253)
(165, 20, 15811)
(165, 123, 12361)
(165, 6, 2519)
(165, 91, 10699)
(165, 18, 452)
(165, 140, 12863)
(165, 26, 218)
(165, 36, 17769)
(165, 65, 19361)
(165, 109, 13385)
(165, 1, 2260)
(165, 147, 17840)
(165, 84, 4180)
(165, 149, 10229)
(165, 32, 1861)
(165, 44, 14583)
(165, 144, 7184)
(165, 68, 2230)
(165, 93, 829)
(165, 33, 345)
(165, 124, 2274)
(165, 143, 19292)
(165, 14, 2328)
(165, 129, 635)
(165, 35, 15491)
(165, 94, 15885)
(165, 135, 17738)
(165, 130, 3608)
(165, 128, 13694)
(165, 47, 9870)
(165, 60, 16648)
(165, 51, 11417)
(165, 77, 7885)
(165, 79, 9289)
(165, 41, 18386)
(165, 80, 2349)
(165, 114, 9772)
(165, 157, 5533)
(165, 0, 2228)
(165, 29, 11348)
(165, 161, 1751)
(165, 92, 4338)
(165, 11, 18262)
(165, 90, 15646)
(165, 89, 10508)
(165, 10, 7749)
(165, 30, 13813)
(165, 59, 5947)
(165, 38, 11482)
(165, 158, 5599)
(165, 61, 1745)
(165, 113, 2732)
(165, 126, 14695)
(165, 150, 1479)
(165, 146, 13566)
(165, 9, 5912)
(165, 131, 5555)
(165, 154, 19197)
(165, 67, 15082)
(165, 119, 9902)
(165, 56, 2693)
(165, 117, 15020)
(165, 152, 9091)
(165, 34, 8807)
(165, 3, 14907)
(165, 100, 8462)
(165, 122, 4856)
(165, 62, 3125)
(165, 97, 17068)
(165, 141, 13954)
(165, 120, 4090)
(165, 37, 18165)
(165, 133, 4079)
(165, 111, 1830)
(166, 47, 3075)
(166, 54, 8756)
(166, 25, 8580)
(166, 107, 10218)
(166, 148, 852)
(166, 81, 19466)
(166, 156, 10758)
(166, 161, 16313)
(166, 52, 7978)
(166, 66, 6364)
(166, 27, 5179)
(166, 83, 9514)
(166, 93, 15739)
(166, 88, 2495)
(166, 19, 3592)
(166, 71, 5610)
(166, 37, 4627)
(166, 133, 10283)
(166, 77, 18948)
(166, 78, 11475)
(166, 50, 4911)
(166, 64, 16465)
(166, 7, 2602)
(166, 22, 8686)
(166, 26, 16584)
(166, 2, 19526)
(166, 125, 13286)
(166, 108, 14791)
(166, 40, 10574)
(166, 151, 18773)
(166, 31, 8979)
(166, 73, 11721)
(166, 140, 6919)
(166, 82, 3799)
(166, 127, 2181)
(166, 33, 15963)
(166, 38, 13133)
(166, 150, 10372)
(166, 8, 11070)
(166, 147, 1426)
(166, 79, 4553)
(166, 164, 1220)
(166, 36, 10587)
(166, 9, 12666)
(166, 28, 3393)
(166, 155, 9651)
(166, 131, 4652)
(166, 49, 6747)
(166, 70, 3796)
(166, 35, 18654)
(166, 58, 13688)
(166, 89, 18919)
(166, 96, 7757)
(166, 14, 3745)
(166, 157, 6412)
(166, 21, 4863)
(166, 53, 18105)
(166, 144, 14135)
(166, 139, 14868)
(166, 146, 9737)
(166, 99, 9204)
(166, 149, 18751)
(166, 163, 4967)
(166, 162, 5951)
(166, 30, 7977)
(166, 101, 2868)
(166, 113, 14731)
(166, 90, 9044)
(166, 16, 8469)
(166, 160, 4453)
(166, 60, 16125)
(166, 55, 17977)
(166, 122, 18576)
(166, 42, 16588)
(166, 13, 16272)
(166, 12, 17283)
(166, 44, 8241)
(166, 74, 2626)
(166, 154, 9311)
(166, 15, 2123)
(166, 142, 12373)
(166, 86, 15435)
(166, 121, 1101)
(166, 56, 1603)
(166, 84, 6829)
(166, 152, 12589)
(166, 6, 3610)
(166, 115, 3386)
(166, 51, 5431)
(166, 11, 5436)
(166, 130, 10296)
(166, 158, 18581)
(166, 145, 17339)
(166, 18, 3222)
(166, 117, 5047)
(166, 114, 8059)
(166, 20, 19353)
(166, 3, 19201)
(166, 143, 16647)
(166, 76, 2710)
(166, 123, 13949)
(166, 32, 5793)
(166, 118, 19383)
(166, 102, 6002)
(166, 87, 7525)
(166, 41, 288)
(166, 135, 12940)
(167, 123, 13790)
(167, 71, 5743)
(167, 61, 9228)
(167, 69, 10844)
(167, 35, 11391)
(167, 159, 13758)
(167, 74, 14676)
(167, 15, 7954)
(167, 135, 13740)
(167, 19, 13684)
(167, 119, 4221)
(167, 161, 18552)
(167, 99, 9389)
(167, 128, 14650)
(167, 2, 5952)
(167, 16, 13270)
(167, 12, 4644)
(167, 37, 501)
(167, 68, 7076)
(167, 21, 5305)
(167, 77, 9811)
(167, 153, 1628)
(167, 157, 611)
(167, 50, 12316)
(167, 62, 17907)
(167, 20, 18746)
(167, 63, 10125)
(167, 47, 2750)
(167, 72, 3541)
(167, 38, 13306)
(167, 98, 8244)
(167, 138, 700)
(167, 120, 5898)
(167, 127, 17333)
(167, 52, 18708)
(167, 95, 4602)
(167, 158, 3276)
(167, 22, 255)
(167, 103, 12924)
(167, 102, 1498)
(167, 33, 19399)
(167, 124, 8066)
(167, 121, 18416)
(167, 140, 16017)
(167, 113, 5588)
(167, 17, 10460)
(167, 162, 17109)
(167, 46, 3687)
(167, 70, 4075)
(167, 131, 12847)
(167, 148, 18720)
(167, 97, 8997)
(167, 79, 12142)
(167, 10, 10591)
(167, 0, 895)
(167, 104, 15643)
(167, 56, 11766)
(167, 34, 9944)
(167, 116, 4672)
(167, 115, 13664)
(167, 13, 12343)
(167, 57, 11648)
(167, 144, 11155)
(167, 44, 1963)
(167, 109, 17027)
(167, 92, 5781)
(167, 43, 18495)
(167, 105, 16229)
(167, 117, 643)
(167, 55, 15908)
(167, 137, 19412)
(167, 88, 3013)
(167, 36, 10369)
(167, 156, 241)
(167, 30, 217)
(167, 145, 4067)
(167, 142, 7546)
(167, 147, 8648)
(167, 165, 15879)
(167, 60, 807)
(167, 23, 17398)
(167, 150, 5255)
(167, 41, 1662)
(167, 80, 10365)
(167, 42, 2738)
(167, 163, 11462)
(167, 152, 16056)
(167, 5, 16702)
(167, 125, 6461)
(167, 67, 19546)
(167, 146, 6617)
(167, 25, 18685)
(167, 85, 621)
(167, 118, 3706)
(167, 76, 11068)
(167, 45, 3298)
(167, 49, 12016)
(167, 129, 18756)
(167, 28, 3805)
(167, 114, 1688)
(167, 81, 4716)
(167, 122, 5884)
(167, 27, 19221)
(167, 166, 18977)
(167, 160, 1536)
(167, 82, 173)
(167, 89, 1332)
(167, 31, 14867)
(167, 9, 13848)
(167, 139, 19007)
(167, 141, 7200)
(167, 84, 17671)
(167, 86, 8955)
(167, 78, 16621)
(167, 7, 15896)
(167, 93, 17367)
(167, 18, 8583)
(167, 106, 6884)
(167, 73, 15604)
(167, 134, 18539)
(167, 4, 2029)
(167, 126, 14189)
(167, 65, 3680)
(167, 101, 18800)
(167, 29, 5594)
(167, 87, 5882)
(167, 40, 4566)
(167, 3, 12569)
(167, 136, 6478)
(167, 108, 14197)
(167, 75, 6918)
(167, 83, 4295)
(167, 107, 14883)
(167, 143, 2193)
(167, 64, 18042)
(167, 96, 15670)
(167, 100, 5799)
(167, 54, 19416)
(168, 62, 9929)
(168, 160, 16503)
(168, 85, 7778)
(168, 140, 1234)
(168, 51, 6156)
(168, 111, 17667)
(168, 27, 13796)
(168, 138, 2644)
(168, 19, 13772)
(168, 84, 8335)
(168, 90, 8051)
(168, 127, 2150)
(168, 34, 12385)
(168, 156, 6284)
(168, 108, 17342)
(168, 119, 13555)
(168, 70, 6370)
(168, 73, 6952)
(168, 137, 8375)
(168, 2, 12652)
(168, 155, 10603)
(168, 139, 12846)
(168, 80, 18190)
(168, 66, 5045)
(168, 22, 11493)
(168, 106, 14129)
(168, 6, 17341)
(168, 18, 9467)
(168, 16, 16462)
(168, 7, 12270)
(168, 109, 2731)
(168, 23, 5290)
(168, 55, 6309)
(168, 83, 15983)
(168, 124, 6834)
(168, 103, 17990)
(168, 94, 10063)
(168, 101, 16994)
(168, 150, 7109)
(168, 20, 12322)
(168, 88, 10251)
(168, 100, 6474)
(168, 122, 12055)
(168, 57, 14322)
(168, 112, 5054)
(168, 42, 5187)
(168, 43, 3994)
(168, 114, 8579)
(168, 121, 8654)
(168, 97, 9532)
(168, 33, 18598)
(169, 148, 5265)
(169, 27, 14688)
(169, 164, 3453)
(169, 154, 37)
(169, 30, 4799)
(169, 37, 8361)
(169, 130, 12724)
(169, 147, 14968)
(169, 124, 14859)
(169, 128, 15676)
(169, 41, 16372)
(169, 87, 8038)
(169, 135, 11268)
(169, 122, 18318)
(169, 91, 5568)
(169, 3, 5415)
(169, 60, 3070)
(169, 13, 3464)
(169, 113, 7455)
(169, 61, 12080)
(169, 29, 9591)
(169, 117, 3241)
(169, 111, 5994)
(169, 12, 1377)
(169, 140, 2145)
(169, 23, 4766)
(169, 71, 16179)
(170, 6, 9186)
(170, 113, 5916)
(170, 41, 7185)
(170, 38, 17723)
(170, 61, 16294)
(170, 161, 10622)
(170, 95, 3012)
(170, 103, 3757)
(170, 125, 14457)
(170, 93, 6571)
(170, 106, 2266)
(170, 90, 11141)
(170, 58, 7413)
(170, 44, 19165)
(170, 16, 3534)
(170, 154, 4252)
(170, 169, 6147)
(170, 87, 19562)
(170, 68, 16446)
(170, 30, 3720)
(170, 25, 18305)
(170, 20, 9935)
(170, 158, 81)
(170, 59, 5906)
(170, 77, 14851)
(170, 1, 12593)
(170, 100, 16918)
(170, 62, 8697)
(170, 108, 7385)
(170, 159, 5807)
(170, 98, 4523)
(170, 107, 2212)
(170, 51, 4027)
(170, 141, 13972)
(170, 81, 1397)
(170, 42, 7316)
(170, 85, 11360)
(170, 32, 15970)
(170, 54, 7665)
(170, 11, 18141)
(170, 79, 18715)
(170, 118, 4404)
(170, 151, 10148)
(170, 83, 5339)
(170, 163, 6472)
(170, 92, 847)
(170, 66, 6507)
(170, 13, 18986)
(170, 137, 19467)
(170, 130, 15201)
(170, 153, 16927)
(170, 35, 1862)
(170, 96, 1253)
(170, 40, 15087)
(170, 82, 11501)
(170, 72, 13073)
(170, 116, 17499)
(170, 110, 4774)
(170, 43, 6251)
(170, 134, 11699)
(170, 143, 2809)
(170, 152, 3970)
(170, 117, 6099)
(170, 9, 3760)
(170, 120, 9275)
(170, 164, 9889)
(170, 8, 18668)
(170, 67, 9304)
(170, 123, 17090)
(170, 63, 10198)
(170, 114, 14899)
(170, 48, 16220)
(170, 60, 13563)
(170, 89, 2218)
(170, 39, 14288)
(170, 128, 12002)
(170, 31, 5948)
(170, 147, 2336)
(170, 36, 3619)
(170, 109, 617)
(170, 119, 7624)
(170, 167, 5921)
(170, 26, 4871)
(170, 0, 7397)
(170, 49, 7962)
(170, 52, 15375)
(170, 69, 18659)
(170, 56, 8588)
(170, 149, 10966)
(170, 14, 3462)
(170, 139, 9462)
(171, 144, 11703)
(171, 77, 7349)
(171, 91, 17621)
(171, 23, 4451)
(171, 50, 15598)
(171, 158, 15592)
(171, 138, 12251)
(171, 52, 5791)
(171, 94, 2687)
(171, 15, 4517)
(171, 121, 13946)
(171, 58, 17397)
(171, 26, 17708)
(171, 97, 10315)
(171, 135, 693)
(171, 47, 3692)
(171, 152, 14926)
(171, 73, 8035)
(171, 16, 19104)
(171, 116, 12979)
(171, 54, 16308)
(171, 114, 1717)
(171, 35, 16640)
(171, 68, 4518)
(171, 57, 17362)
(171, 101, 4339)
(171, 107, 1478)
(171, 103, 5458)
(171, 99, 15771)
(171, 156, 14918)
(171, 109, 14758)
(171, 154, 988)
(171, 56, 8567)
(171, 148, 19507)
(171, 38, 7887)
(171, 160, 7986)
(171, 34, 3476)
(171, 65, 5586)
(171, 55, 518)
(171, 105, 18525)
(171, 146, 9733)
(171, 89, 8886)
(171, 95, 18174)
(171, 129, 5987)
(171, 145, 9357)
(171, 8, 10196)
(171, 30, 19173)
(171, 12, 6581)
(171, 169, 4909)
(171, 37, 3848)
(171, 93, 6876)
(171, 66, 14330)
(171, 122, 17037)
(171, 82, 16565)
(171, 96, 3148)
(171, 29, 8849)
(171, 22, 2854)
(171, 25, 6108)
(171, 128, 14267)
(171, 85, 15193)
(171, 45, 11064)
(171, 126, 8254)
(171, 64, 17052)
(171, 162, 15497)
(171, 44, 9000)
(171, 62, 16696)
(171, 165, 15255)
(171, 140, 1737)
(171, 106, 1674)
(172, 139, 698)
(172, 116, 10070)
(172, 16, 14746)
(172, 21, 18796)
(172, 19, 4123)
(172, 118, 1444)
(172, 50, 2857)
(172, 38, 18491)
(172, 56, 14066)
(172, 65, 8188)
(172, 109, 10956)
(172, 132, 9069)
(172, 64, 5786)
(172, 160, 15735)
(172, 6, 17266)
(172, 81, 7229)
(172, 48, 746)
(172, 121, 12715)
(172, 87, 2050)
(172, 167, 4279)
(172, 152, 19382)
(172, 123, 12603)
(172, 159, 1740)
(172, 140, 16791)
(172, 84, 4761)
(172, 32, 3227)
(172, 53, 15912)
(172, 71, 10374)
(172, 42, 14286)
(172, 129, 7903)
(172, 12, 14329)
(172, 105, 2734)
(172, 137, 10552)
(172, 142, 301)
(172, 100, 10029)
(172, 163, 5748)
(172, 161, 14166)
(172, 108, 10373)
(172, 7, 18482)
(173, 86, 5398)
(173, 21, 14820)
(173, 104, 5131)
(173, 144, 10840)
(173, 82, 8210)
(173, 52, 16659)
(173, 67, 13868)
(173, 83, 2220)
(173, 135, 15781)
(173, 34, 6431)
(173, 109, 15821)
(173, 66, 9479)
(173, 100, 4429)
(173, 12, 7333)
(173, 6, 14141)
(173, 31, 7506)
(173, 166, 9622)
(173, 101, 6188)
(173, 120, 2021)
(173, 136, 2895)
(173, 36, 14130)
(173, 129, 13604)
(173, 22, 1699)
(173, 69, 12190)
(173, 162, 11787)
(173, 23, 3769)
(173, 153, 10718)
(173, 33, 5253)
(173, 127, 7792)
(173, 28, 10671)
(173, 81, 6998)
(173, 98, 15628)
(173, 17, 12767)
(173, 30, 5023)
(173, 7, 19522)
(173, 49, 14654)
(173, 146, 4495)
(173, 18, 4428)
(173, 2, 566)
(174, 163, 6837)
(174, 112, 6359)
(174, 59, 12736)
(174, 142, 7576)
(174, 159, 11757)
(174, 41, 5542)
(174, 40, 9631)
(174, 34, 14666)
(174, 87, 18117)
(174, 129, 6951)
(174, 124, 4960)
(174, 61, 5235)
(174, 16, 7137)
(174, 45, 5573)
(174, 33, 1774)
(174, 5, 19149)
(174, 81, 7868)
(174, 68, 17267)
(174, 101, 6712)
(174, 63, 14963)
(174, 56, 12367)
(174, 103, 8174)
(174, 110, 16534)
(174, 106, 18143)
(174, 2, 4816)
(174, 57, 5321)
(174, 64, 9922)
(174, 17, 16840)
(174, 65, 9573)
(174, 116, 12419)
(174, 137, 12024)
(174, 102, 13780)
(174, 19, 9392)
(174, 38, 152)
(174, 32, 2360)
(174, 134, 848)
(174, 152, 5932)
(174, 107, 17581)
(174, 140, 17373)
(174, 58, 11937)
(174, 151, 5818)
(174, 28, 15861)
(174, 130, 16431)
(174, 7, 9758)
(174, 53, 5204)
(174, 52, 15194)
(174, 71, 11123)
(174, 82, 17116)
(174, 117, 14573)
(174, 91, 12871)
(174, 70, 4877)
(174, 27, 13842)
(174, 0, 657)
(174, 169, 15949)
(174, 1, 19517)
(174, 132, 14038)
(174, 108, 5710)
(174, 126, 3714)
(174, 75, 1945)
(174, 127, 14545)
(174, 139, 19317)
(174, 89, 8079)
(174, 79, 9897)
(174, 15, 15390)
(174, 160, 9147)
(174, 115, 15066)
(174, 35, 18932)
(174, 170, 9321)
(174, 162, 12951)
(174, 164, 13247)
(174, 131, 4747)
(174, 143, 4042)
(174, 21, 11321)
(174, 97, 1749)
(174, 98, 2557)
(174, 3, 1245)
(174, 22, 6277)
(174, 55, 17915)
(174, 36, 3001)
(174, 83, 2691)
(174, 51, 11402)
(174, 100, 9126)
(174, 148, 98)
(174, 105, 4685)
(174, 109, 2822)
(174, 46, 14981)
(174, 20, 18374)
(174, 90, 13727)
(174, 10, 8037)
(174, 43, 11726)
(174, 99, 5828)
(174, 153, 16754)
(174, 37, 11289)
(175, 61, 11046)
(175, 77, 16928)
(175, 136, 17912)
(175, 23, 83)
(175, 107, 3035)
(175, 5, 1068)
(175, 172, 13705)
(175, 24, 16949)
(175, 133, 2460)
(175, 75, 11323)
(175, 7, 6013)
(175, 66, 17275)
(175, 1, 9801)
(175, 74, 14432)
(175, 73, 9226)
(175, 80, 8626)
(175, 115, 6243)
(175, 174, 15278)
(175, 39, 2146)
(175, 118, 6755)
(175, 167, 4424)
(175, 20, 16117)
(175, 6, 8799)
(175, 147, 8731)
(175, 21, 14642)
(175, 100, 16787)
(176, 26, 7263)
(176, 48, 16724)
(176, 12, 3961)
(176, 81, 16029)
(176, 135, 2099)
(176, 118, 1879)
(176, 159, 2890)
(176, 29, 19508)
(176, 124, 6304)
(176, 50, 3017)
(176, 44, 8133)
(176, 89, 12240)
(176, 165, 18314)
(176, 46, 17942)
(176, 113, 1401)
(176, 69, 9340)
(176, 45, 15441)
(176, 25, 8249)
(176, 122, 12494)
(176, 40, 2863)
(176, 154, 16287)
(176, 109, 12034)
(176, 0, 16632)
(176, 41, 10742)
(176, 162, 8674)
(176, 63, 14553)
(176, 147, 8417)
(176, 8, 6570)
(176, 163, 3996)
(176, 175, 19175)
(176, 59, 19511)
(176, 53, 3751)
(176, 42, 6133)
(176, 127, 11974)
(176, 171, 12544)
(176, 20, 12204)
(176, 146, 2436)
(176, 61, 1812)
(176, 137, 11537)
(176, 11, 8136)
(176, 79, 17862)
(176, 151, 9770)
(176, 19, 5905)
(176, 64, 11904)
(176, 30, 6413)
(176, 34, 9247)
(176, 108, 2678)
(176, 88, 17995)
(176, 39, 3383)
(176, 123, 6382)
(176, 169, 5869)
(176, 91, 12640)
(176, 102, 3107)
(176, 4, 2774)
(176, 17, 10880)
(176, 2, 15265)
(176, 22, 18397)
(176, 173, 7765)
(176, 58, 17484)
(176, 141, 4885)
(176, 104, 5487)
(176, 96, 16883)
(176, 43, 613)
(176, 106, 15705)
(176, 97, 3954)
(176, 110, 3917)
(176, 103, 1137)
(176, 13, 16353)
(176, 5, 14757)
(176, 60, 7268)
(176, 72, 17121)
(176, 126, 7240)
(176, 62, 9524)
(176, 35, 6177)
(176, 95, 12708)
(176, 100, 8552)
(176, 27, 12164)
(177, 156, 11134)
(177, 144, 14469)
(177, 63, 16874)
(177, 54, 3800)
(177, 27, 3169)
(177, 142, 12943)
(177, 45, 9990)
(177, 154, 11174)
(177, 58, 5361)
(177, 0, 18390)
(177, 64, 4688)
(177, 139, 19419)
(177, 175, 15244)
(177, 98, 14464)
(177, 101, 15590)
(177, 68, 11786)
(177, 78, 3815)
(177, 87, 18879)
(177, 84, 2097)
(177, 112, 17186)
(177, 95, 1741)
(177, 52, 6390)
(177, 4, 1970)
(177, 33, 16674)
(177, 114, 13948)
(177, 169, 10006)
(177, 125, 13289)
(177, 141, 11604)
(177, 21, 18657)
(177, 48, 11577)
(177, 153, 6902)
(177, 129, 6087)
(178, 46, 2737)
(178, 102, 10562)
(178, 20, 5911)
(178, 79, 11282)
(178, 110, 14311)
(178, 149, 16280)
(178, 107, 18885)
(178, 86, 12355)
(178, 71, 6568)
(178, 168, 15541)
(178, 38, 11480)
(178, 95, 18263)
(178, 19, 15714)
(178, 144, 7449)
(178, 99, 16500)
(178, 50, 14455)
(178, 113, 6975)
(178, 176, 10011)
(178, 0, 15796)
(178, 30, 16108)
(178, 141, 9090)
(178, 158, 15845)
(178, 80, 9041)
(178, 7, 19000)
(178, 72, 16061)
(178, 162, 16985)
(178, 91, 13393)
(178, 119, 19128)
(178, 143, 14908)
(178, 34, 8717)
(178, 164, 9079)
(178, 146, 12692)
(178, 77, 4423)
(178, 134, 9423)
(178, 89, 8486)
(178, 65, 7806)
(178, 61, 11212)
(178, 88, 13123)
(178, 122, 19081)
(178, 24, 11465)
(178, 132, 15522)
(178, 104, 17311)
(178, 29, 1691)
(178, 58, 7210)
(178, 11, 17497)
(178, 167, 12423)
(178, 114, 6721)
(178, 81, 7782)
(178, 175, 14897)
(178, 69, 8959)
(178, 14, 7569)
(178, 6, 1039)
(178, 152, 3419)
(178, 129, 15267)
(178, 3, 14773)
(178, 112, 7239)
(178, 108, 12642)
(178, 156, 16539)
(178, 97, 17770)
(178, 169, 7287)
(178, 160, 1665)
(178, 57, 2838)
(178, 150, 19071)
(178, 157, 14876)
(178, 66, 8240)
(178, 8, 4866)
(178, 125, 10435)
(178, 18, 1772)
(178, 28, 12182)
(178, 127, 8550)
(178, 78, 972)
(178, 52, 2974)
(178, 174, 19029)
(178, 70, 18000)
(178, 111, 9857)
(178, 13, 13545)
(178, 166, 10616)
(178, 87, 15618)
(178, 41, 8709)
(178, 31, 18741)
(178, 1, 7754)
(178, 128, 13401)
(178, 68, 47)
(178, 170, 3552)
(178, 35, 7674)
(178, 139, 18391)
(178, 177, 14397)
(178, 54, 13100)
(178, 53, 13749)
(178, 51, 1239)
(178, 45, 1898)
(178, 135, 6083)
(178, 44, 11877)
(178, 25, 1053)
(178, 90, 2172)
(178, 56, 8343)
(178, 5, 4809)
(178, 42, 10190)
(178, 161, 17374)
(178, 103, 1693)
(178, 153, 12132)
(178, 9, 4216)
(178, 85, 4193)
(178, 82, 13631)
(178, 120, 17882)
(178, 73, 19521)
(178, 138, 2388)
(178, 63, 1615)
(178, 140, 2326)
(178, 27, 10080)
(178, 10, 14144)
(178, 47, 18535)
(178, 172, 15067)
(178, 49, 3048)
(178, 62, 11129)
(178, 16, 7284)
(178, 98, 6887)
(178, 60, 9652)
(178, 123, 15569)
(178, 165, 17515)
(178, 40, 10330)
(178, 115, 13166)
(178, 22, 794)
(178, 55, 13069)
(178, 32, 16833)
(178, 21, 14086)
(178, 101, 14462)
(178, 136, 17901)
(178, 75, 9383)
(178, 96, 2767)
(178, 48, 3256)
(178, 64, 16170)
(178, 84, 17742)
(178, 133, 15946)
(178, 145, 12137)
(178, 151, 14165)
(178, 92, 2204)
(178, 124, 15635)
(178, 36, 8724)
(178, 33, 16049)
(178, 116, 14453)
(178, 100, 10184)
(178, 12, 17864)
(178, 171, 10105)
(178, 37, 1125)
(178, 15, 11518)
(178, 117, 2819)
(178, 155, 4364)
(178, 67, 6199)
(178, 23, 10192)
(178, 106, 15181)
(178, 126, 7247)
(178, 93, 16129)
(178, 142, 12670)
(178, 173, 15103)
(178, 26, 15360)
(179, 21, 16656)
(179, 17, 7914)
(179, 50, 1299)
(179, 111, 3080)
(179, 116, 4342)
(179, 19, 8313)
(179, 56, 11118)
(179, 47, 16914)
(179, 156, 7847)
(179, 115, 17729)
(179, 82, 2915)
(179, 70, 18099)
(179, 136, 6334)
(179, 25, 19282)
(179, 37, 4542)
(179, 105, 5200)
(179, 20, 865)
(179, 74, 17196)
(179, 75, 7738)
(179, 100, 11791)
(179, 89, 19545)
(179, 79, 12298)
(179, 6, 3047)
(179, 124, 4370)
(179, 31, 18064)
(179, 109, 3397)
(179, 64, 64)
(179, 67, 7911)
(179, 11, 15981)
(179, 174, 4857)
(179, 24, 14711)
(179, 86, 14384)
(179, 102, 19582)
(179, 121, 1944)
(179, 96, 18834)
(179, 30, 10131)
(179, 147, 11543)
(179, 166, 15631)
(179, 3, 9947)
(179, 163, 6983)
(179, 99, 11586)
(179, 69, 19400)
(179, 135, 10997)
(179, 36, 16105)
(179, 170, 7566)
(179, 148, 1697)
(179, 140, 2799)
(179, 153, 9140)
(179, 15, 5776)
(179, 44, 18813)
(179, 127, 7246)
(179, 53, 5765)
(179, 90, 3589)
(179, 72, 8887)
(179, 154, 12787)
(179, 128, 7488)
(179, 52, 13257)
(179, 1, 15094)
(179, 107, 1996)
(179, 59, 278)
(179, 73, 4537)
(179, 106, 11656)
(179, 150, 6858)
(179, 33, 11286)
(179, 108, 360)
(179, 164, 14696)
(179, 51, 14834)
(179, 63, 19492)
(179, 152, 9286)
(179, 112, 11971)
(179, 78, 9388)
(179, 169, 11715)
(179, 61, 13986)
(179, 32, 19178)
(179, 161, 16891)
(179, 119, 12992)
(179, 141, 19086)
(179, 145, 2542)
(179, 49, 3429)
(179, 160, 2544)
(179, 122, 514)
(179, 131, 9788)
(179, 68, 17248)
(179, 54, 19192)
(179, 157, 17063)
(179, 16, 8490)
(179, 172, 10521)
(179, 176, 2270)
(179, 60, 10357)
(179, 34, 4125)
(179, 8, 4285)
(179, 65, 370)
(179, 28, 4712)
(179, 12, 15557)
(179, 91, 2945)
(179, 35, 1301)
(179, 142, 13394)
(179, 42, 406)
(179, 57, 889)
(179, 125, 3733)
(179, 114, 5445)
(179, 94, 2206)
(179, 130, 16582)
(179, 88, 8909)
(179, 129, 7563)
(179, 134, 16658)
(179, 113, 3064)
(179, 110, 17493)
(179, 137, 19499)
(179, 118, 846)
(179, 103, 4888)
(179, 81, 4209)
(179, 48, 2048)
(179, 133, 2688)
(179, 87, 9619)
(179, 146, 8403)
(179, 29, 11841)
(179, 39, 14217)
(179, 139, 19366)
(179, 138, 15317)
(179, 178, 17082)
(179, 95, 15245)
(179, 38, 18065)
(179, 162, 7495)
(179, 14, 11102)
(179, 5, 6361)
(179, 9, 2080)
(179, 43, 16913)
(179, 143, 17665)
(179, 171, 17376)
(179, 155, 13759)
(179, 40, 13378)
(179, 77, 2629)
(179, 7, 12693)
(179, 26, 12454)
(179, 85, 4362)
(179, 62, 17165)
(179, 66, 10834)
(179, 0, 17982)
(179, 55, 17291)
(179, 117, 4448)
(179, 101, 9510)
(179, 104, 1012)
(179, 2, 3123)
(179, 18, 13302)
(179, 46, 10140)
(179, 98, 4924)
(179, 10, 3448)
(180, 179, 3810)
(180, 129, 6260)
(180, 152, 13421)
(180, 68, 5868)
(180, 13, 16064)
(180, 53, 3079)
(180, 92, 2007)
(180, 93, 10243)
(180, 115, 18413)
(180, 146, 15786)
(180, 51, 11539)
(180, 86, 18620)
(180, 62, 1348)
(180, 125, 14995)
(180, 124, 12339)
(180, 113, 8366)
(180, 9, 16298)
(180, 42, 5488)
(180, 109, 17773)
(180, 165, 4096)
(180, 120, 11400)
(180, 138, 1482)
(180, 3, 4823)
(180, 94, 6103)
(180, 117, 14905)
(180, 60, 3880)
(180, 103, 2686)
(180, 11, 16838)
(180, 87, 17592)
(180, 38, 14082)
(180, 10, 11077)
(180, 20, 5772)
(180, 175, 3583)
(180, 127, 734)
(180, 49, 14223)
(180, 18, 10226)
(180, 91, 2662)
(180, 172, 7819)
(180, 48, 12954)
(180, 159, 10788)
(180, 118, 646)
(180, 24, 13729)
(180, 22, 1556)
(180, 30, 19166)
(180, 83, 17401)
(180, 7, 8401)
(180, 135, 15250)
(180, 89, 11215)
(180, 61, 17777)
(180, 112, 19060)
(180, 155, 13769)
(180, 21, 1891)
(180, 8, 10138)
(180, 177, 12120)
(180, 176, 11738)
(180, 164, 4269)
(180, 142, 6686)
(180, 56, 9195)
(180, 95, 9997)
(180, 58, 1298)
(180, 100, 3491)
(180, 98, 19389)
(180, 119, 18478)
(181, 60, 12758)
(181, 172, 10504)
(181, 20, 6302)
(181, 169, 3851)
(181, 46, 9812)
(181, 137, 3947)
(181, 58, 10940)
(181, 90, 1508)
(181, 118, 12291)
(181, 127, 15273)
(181, 145, 2421)
(181, 114, 11742)
(181, 26, 29)
(181, 142, 3749)
(181, 157, 3006)
(181, 80, 13553)
(181, 23, 18299)
(181, 5, 4147)
(181, 91, 13587)
(181, 85, 12889)
(181, 12, 9031)
(181, 2, 10959)
(181, 74, 3109)
(181, 112, 19477)
(181, 106, 12525)
(181, 117, 7826)
(181, 102, 8097)
(181, 57, 9820)
(181, 67, 13242)
(181, 68, 8359)
(181, 28, 7600)
(181, 94, 11620)
(181, 161, 3166)
(181, 77, 12003)
(181, 0, 6897)
(181, 14, 1659)
(181, 121, 5217)
(181, 62, 15869)
(181, 119, 14226)
(181, 1, 9909)
(181, 166, 9531)
(181, 3, 14194)
(181, 19, 16171)
(181, 154, 1820)
(181, 156, 1414)
(181, 48, 7319)
(181, 37, 11547)
(181, 10, 9981)
(181, 105, 2465)
(181, 45, 10786)
(181, 6, 12175)
(181, 159, 14551)
(181, 50, 5284)
(181, 138, 7044)
(181, 130, 14055)
(181, 162, 219)
(181, 34, 2457)
(181, 123, 4436)
(181, 174, 13689)
(181, 160, 19032)
(181, 79, 19289)
(181, 133, 11882)
(181, 177, 4568)
(181, 158, 9210)
(181, 120, 18661)
(181, 103, 8123)
(181, 25, 7395)
(181, 61, 1589)
(181, 16, 410)
(181, 7, 15322)
(181, 9, 12840)
(181, 72, 69)
(181, 55, 11398)
(181, 32, 10721)
(181, 168, 1635)
(181, 47, 16984)
(181, 108, 13438)
(181, 151, 3913)
(181, 96, 6418)
(181, 8, 8315)
(181, 53, 3254)
(181, 128, 10264)
(181, 131, 906)
(181, 173, 10507)
(181, 18, 12215)
(181, 167, 9804)
(181, 27, 5866)
(181, 69, 9602)
(181, 132, 6201)
(181, 70, 15186)
(181, 87, 18255)
(181, 39, 4228)
(181, 31, 19299)
(181, 140, 1040)
(182, 153, 13132)
(182, 25, 12150)
(182, 4, 3359)
(182, 168, 8378)
(182, 29, 8473)
(182, 175, 17567)
(182, 116, 13278)
(182, 102, 17319)
(182, 83, 13498)
(182, 172, 7970)
(182, 12, 10861)
(182, 163, 16978)
(182, 82, 17728)
(182, 50, 5935)
(182, 107, 6174)
(182, 56, 1842)
(182, 140, 14067)
(182, 114, 16797)
(182, 92, 16687)
(182, 128, 9306)
(182, 78, 12303)
(182, 45, 11032)
(182, 38, 13211)
(182, 0, 17764)
(182, 13, 791)
(182, 48, 6293)
(182, 136, 984)
(182, 43, 14279)
(182, 39, 17755)
(182, 16, 3843)
(182, 103, 3097)
(182, 147, 13384)
(182, 68, 16131)
(182, 71, 6058)
(182, 131, 5486)
(182, 97, 5077)
(182, 57, 10643)
(182, 64, 11881)
(182, 18, 18358)
(182, 63, 12461)
(182, 8, 11307)
(182, 59, 11820)
(182, 133, 12356)
(182, 160, 5686)
(182, 138, 11080)
(182, 34, 10860)
(182, 65, 2478)
(182, 120, 11146)
(182, 161, 9046)
(182, 178, 10393)
(182, 66, 16689)
(182, 60, 6399)
(182, 93, 5503)
(182, 139, 13080)
(182, 96, 17503)
(182, 17, 5032)
(182, 69, 5925)
(182, 129, 14302)
(182, 118, 3156)
(182, 86, 17047)
(182, 90, 3307)
(182, 145, 1695)
(182, 111, 16660)
(182, 9, 16630)
(182, 87, 5618)
(182, 174, 16723)
(182, 180, 14627)
(182, 169, 12312)
(182, 126, 6694)
(182, 3, 113)
(182, 88, 7952)
(182, 170, 12484)
(182, 144, 15209)
(182, 165, 11214)
(182, 148, 2425)
(182, 109, 8765)
(182, 2, 10666)
(183, 82, 12095)
(183, 167, 12768)
(183, 118, 6828)
(183, 28, 9938)
(183, 115, 13004)
(183, 172, 12942)
(183, 162, 11901)
(183, 121, 5082)
(183, 137, 10626)
(183, 104, 14888)
(183, 179, 7152)
(183, 94, 8562)
(183, 135, 3999)
(183, 107, 7012)
(183, 71, 422)
(183, 181, 4250)
(183, 180, 16309)
(183, 25, 17505)
(183, 127, 5717)
(183, 122, 15398)
(183, 109, 4100)
(183, 110, 12097)
(183, 87, 15229)
(183, 43, 16681)
(183, 105, 16020)
(183, 17, 19187)
(183, 101, 1759)
(183, 159, 11237)
(183, 103, 11197)
(183, 11, 10327)
(183, 111, 11047)
(183, 148, 16736)
(183, 173, 18241)
(183, 59, 17914)
(183, 152, 7479)
(183, 157, 4297)
(183, 73, 5166)
(183, 72, 12276)
(183, 39, 220)
(183, 57, 7087)
(183, 9, 17861)
(183, 113, 2925)
(183, 54, 851)
(183, 123, 5873)
(183, 158, 17478)
(183, 78, 5745)
(183, 182, 12210)
(183, 168, 5112)
(183, 10, 6587)
(183, 139, 18306)
(183, 163, 9384)
(183, 150, 8700)
(183, 55, 4505)
(183, 27, 10074)
(183, 106, 8652)
(183, 126, 5512)
(183, 0, 19515)
(183, 99, 15693)
(183, 66, 7818)
(183, 170, 5096)
(183, 171, 553)
(183, 41, 14595)
(183, 143, 11899)
(183, 100, 19380)
(183, 20, 8455)
(183, 26, 6381)
(183, 29, 8725)
(183, 130, 9859)
(183, 21, 10257)
(183, 1, 4078)
(183, 6, 2011)
(183, 142, 16680)
(183, 42, 3735)
(183, 4, 15913)
(183, 124, 13406)
(183, 146, 8295)
(183, 88, 3519)
(183, 34, 3257)
(183, 102, 8109)
(183, 49, 12896)
(183, 147, 5148)
(183, 89, 14921)
(183, 64, 10869)
(183, 70, 19194)
(183, 116, 570)
(183, 133, 2763)
(183, 60, 14803)
(183, 46, 18625)
(183, 117, 1160)
(183, 131, 7204)
(183, 50, 10644)
(183, 63, 1771)
(183, 161, 6240)
(183, 67, 12928)
(183, 56, 584)
(183, 140, 18802)
(183, 62, 11980)
(183, 23, 12526)
(183, 120, 18915)
(183, 38, 11774)
(183, 128, 8785)
(183, 51, 17790)
(183, 16, 18163)
(183, 134, 11958)
(183, 129, 5819)
(183, 33, 18792)
(183, 154, 13635)
(183, 45, 16842)
(183, 32, 13933)
(183, 141, 17019)
(183, 7, 10305)
(183, 164, 8722)
(183, 91, 2183)
(183, 114, 13322)
(183, 169, 1836)
(183, 84, 5319)
(183, 90, 6691)
(183, 119, 10453)
(183, 149, 13494)
(183, 174, 7733)
(183, 14, 11335)
(183, 156, 17495)
(183, 85, 10341)
(183, 155, 19452)
(183, 12, 6750)
(183, 2, 3130)
(183, 92, 2666)
(183, 165, 16400)
(183, 13, 10556)
(183, 166, 8124)
(183, 83, 10392)
(183, 97, 4933)
(183, 176, 9183)
(183, 98, 2492)
(183, 145, 10202)
(183, 22, 11736)
(183, 52, 5310)
(183, 74, 9164)
(183, 19, 2965)
(183, 75, 18445)
(183, 112, 17139)
(183, 53, 4949)
(183, 5, 5965)
(183, 160, 10653)
(183, 178, 15475)
(183, 65, 14013)
(183, 68, 6153)
(183, 3, 4388)
(183, 93, 10344)
(183, 77, 656)
(183, 144, 3309)
(183, 35, 18681)
(183, 37, 9583)
(183, 175, 983)
(183, 76, 8892)
(183, 48, 11103)
(183, 61, 14782)
(183, 40, 15747)
(183, 136, 2783)
(183, 30, 13510)
(183, 132, 9595)
(183, 8, 387)
(183, 86, 17400)
(183, 95, 15241)
(183, 153, 12887)
(183, 81, 19210)
(183, 36, 2315)
(183, 80, 15154)
(183, 138, 1278)
(183, 24, 12293)
(183, 177, 3808)
(183, 108, 10684)
(183, 96, 13882)
(183, 79, 13945)
(183, 15, 7181)
(183, 47, 1524)
(183, 58, 11649)
(183, 44, 19238)
(183, 18, 18252)
(183, 31, 17496)
(183, 125, 13652)
(184, 157, 18009)
(184, 20, 4581)
(184, 101, 1122)
(184, 175, 10471)
(184, 49, 9263)
(184, 92, 11022)
(184, 119, 12663)
(184, 68, 2676)
(184, 99, 9019)
(184, 33, 16235)
(184, 133, 8582)
(184, 42, 5122)
(184, 21, 15470)
(184, 38, 15844)
(184, 94, 12309)
(184, 97, 18229)
(184, 161, 1873)
(184, 63, 2211)
(184, 112, 8512)
(184, 25, 14421)
(184, 136, 9181)
(184, 50, 17727)
(184, 103, 16332)
(184, 12, 14839)
(184, 153, 6989)
(184, 135, 2533)
(184, 126, 2707)
(184, 183, 8664)
(184, 87, 17237)
(184, 1, 3402)
(184, 129, 14679)
(184, 142, 16246)
(184, 58, 6835)
(184, 174, 15263)
(184, 127, 8698)
(184, 45, 9913)
(184, 120, 1487)
(184, 160, 5875)
(184, 34, 10387)
(184, 28, 16324)
(184, 108, 18828)
(184, 65, 374)
(184, 114, 7011)
(184, 19, 12028)
(184, 121, 4749)
(184, 118, 6953)
(184, 66, 23)
(184, 128, 10914)
(184, 60, 15696)
(184, 91, 6128)
(184, 116, 16710)
(184, 147, 1142)
(184, 17, 4431)
(184, 148, 18098)
(184, 27, 18904)
(184, 73, 6675)
(184, 93, 2355)
(184, 82, 16148)
(184, 22, 9442)
(184, 62, 18544)
(184, 15, 7959)
(184, 130, 13315)
(184, 139, 15053)
(184, 144, 13389)
(184, 137, 12704)
(184, 182, 17486)
(184, 151, 6366)
(184, 69, 12044)
(184, 18, 94)
(184, 70, 1582)
(184, 0, 14500)
(184, 75, 691)
(184, 166, 1097)
(184, 141, 16004)
(184, 71, 17371)
(184, 40, 7889)
(184, 9, 10744)
(184, 167, 4839)
(184, 83, 19445)
(184, 140, 17144)
(184, 37, 5317)
(184, 54, 12434)
(184, 177, 9523)
(184, 16, 19020)
(184, 36, 10160)
(184, 150, 2967)
(184, 165, 13535)
(184, 158, 12764)
(184, 149, 14629)
(184, 59, 6113)
(184, 173, 2281)
(184, 115, 13030)
(184, 81, 16735)
(184, 96, 12357)
(184, 10, 17232)
(184, 11, 6606)
(184, 84, 5694)
(184, 164, 270)
(184, 110, 8216)
(184, 76, 380)
(184, 31, 17844)
(184, 90, 17309)
(184, 3, 1827)
(184, 155, 15637)
(184, 2, 8863)
(184, 168, 3806)
(184, 105, 3204)
(184, 102, 19559)
(184, 122, 16965)
(184, 143, 19587)
(184, 61, 17437)
(184, 80, 14032)
(184, 67, 14776)
(184, 98, 10739)
(184, 85, 8034)
(184, 7, 18643)
(184, 6, 17606)
(184, 23, 9448)
(184, 79, 11564)
(184, 32, 1041)
(184, 52, 949)
(184, 89, 5407)
(184, 5, 7345)
(184, 51, 11097)
(184, 48, 5678)
(184, 138, 11447)
(184, 30, 4498)
(184, 55, 12844)
(184, 180, 9205)
(184, 78, 17422)
(184, 156, 7145)
(184, 95, 12278)
(184, 74, 15567)
(184, 72, 14536)
(184, 13, 15770)
(184, 41, 2534)
(184, 29, 2118)
(184, 86, 17681)
(184, 124, 5248)
(184, 176, 10722)
(184, 107, 8518)
(184, 39, 9961)
(184, 152, 4409)
(184, 134, 1059)
(184, 53, 13968)
(184, 106, 16961)
(184, 8, 17252)
(184, 132, 3088)
(184, 125, 125)
(184, 163, 18426)
(184, 162, 10512)
(184, 100, 17120)
(184, 56, 3054)
(184, 169, 18152)
(184, 117, 2820)
(184, 104, 559)
(184, 146, 18676)
(184, 43, 10004)
(184, 113, 12500)
(184, 14, 12798)
(184, 24, 19316)
(184, 145, 8400)
(184, 179, 5380)
(185, 174, 5665)
(185, 35, 12197)
(185, 71, 7663)
(185, 103, 18104)
(185, 38, 1605)
(185, 48, 17994)
(185, 169, 4792)
(185, 119, 1420)
(185, 110, 13230)
(185, 109, 19348)
(185, 12, 7550)
(185, 111, 11081)
(185, 50, 5679)
(185, 177, 9137)
(185, 133, 17474)
(185, 120, 6878)
(185, 145, 1197)
(185, 144, 11985)
(185, 124, 14698)
(185, 101, 5523)
(185, 59, 7767)
(185, 25, 4326)
(185, 167, 9914)
(185, 94, 3076)
(185, 115, 18862)
(185, 160, 12726)
(185, 68, 13012)
(185, 79, 2594)
(185, 107, 15527)
(185, 129, 12582)
(185, 39, 10103)
(185, 81, 4920)
(185, 26, 1103)
(185, 163, 764)
(185, 159, 12984)
(185, 66, 2005)
(185, 140, 2580)
(185, 56, 930)
(185, 85, 4234)
(185, 181, 5773)
(185, 166, 14238)
(185, 90, 17447)
(185, 96, 8935)
(185, 14, 8763)
(185, 99, 6767)
(185, 49, 17126)
(185, 15, 10836)
(185, 76, 14977)
(185, 60, 11024)
(185, 154, 19390)
(185, 179, 7987)
(185, 46, 16988)
(185, 165, 17916)
(185, 29, 5182)
(185, 161, 10982)
(185, 128, 7820)
(185, 117, 7541)
(185, 63, 9653)
(185, 0, 1396)
(185, 176, 2949)
(185, 135, 4940)
(185, 183, 5311)
(185, 139, 5363)
(185, 143, 17604)
(185, 75, 7407)
(185, 65, 14154)
(185, 118, 234)
(185, 13, 17256)
(185, 182, 17599)
(185, 95, 8488)
(185, 24, 11891)
(185, 152, 5663)
(185, 64, 18037)
(185, 19, 30)
(185, 10, 13149)
(185, 87, 12782)
(185, 43, 13158)
(185, 44, 14762)
(185, 168, 4606)
(185, 112, 7458)
(185, 40, 17985)
(185, 136, 15858)
(185, 11, 3031)
(185, 28, 10620)
(185, 51, 15883)
(185, 153, 14269)
(185, 180, 13807)
(185, 34, 3989)
(185, 164, 17814)
(185, 74, 142)
(185, 134, 9845)
(185, 173, 6322)
(185, 156, 12081)
(185, 62, 3644)
(185, 36, 3247)
(185, 127, 2163)
(185, 88, 16096)
(185, 123, 11078)
(185, 20, 2429)
(185, 100, 17131)
(185, 17, 3444)
(185, 102, 3177)
(185, 61, 7565)
(185, 175, 19496)
(185, 27, 9087)
(185, 93, 11450)
(185, 32, 6560)
(185, 73, 7014)
(185, 2, 5090)
(185, 80, 7793)
(185, 5, 19273)
(185, 53, 17029)
(185, 172, 7928)
(185, 57, 3016)
(185, 86, 6917)
(185, 158, 17461)
(185, 52, 16946)
(185, 170, 802)
(185, 126, 8020)
(185, 91, 14799)
(185, 146, 13738)
(185, 151, 15305)
(185, 137, 11038)
(185, 18, 9666)
(185, 9, 8568)
(185, 97, 12931)
(185, 113, 19365)
(186, 111, 14438)
(186, 163, 9193)
(186, 115, 5657)
(186, 173, 15069)
(186, 42, 16130)
(186, 105, 17276)
(186, 153, 16806)
(186, 63, 19191)
(186, 40, 10320)
(186, 7, 15271)
(186, 68, 6964)
(186, 73, 2246)
(186, 45, 4052)
(186, 14, 12731)
(186, 157, 11811)
(186, 128, 1378)
(186, 94, 2009)
(186, 28, 4019)
(186, 108, 11853)
(186, 181, 6589)
(186, 89, 2933)
(186, 97, 2741)
(186, 125, 19075)
(186, 27, 16310)
(186, 137, 8373)
(186, 30, 3969)
(186, 114, 12868)
(186, 16, 18783)
(186, 74, 14373)
(186, 41, 18819)
(186, 91, 9257)
(186, 102, 13415)
(186, 55, 6250)
(186, 133, 4929)
(186, 59, 10385)
(186, 4, 7275)
(186, 118, 633)
(186, 46, 10557)
(186, 147, 7099)
(186, 159, 457)
(186, 65, 8938)
(186, 56, 11182)
(186, 107, 19572)
(186, 33, 4813)
(186, 119, 10361)
(186, 80, 4697)
(186, 11, 9802)
(186, 83, 2876)
(186, 43, 9333)
(186, 58, 4244)
(186, 99, 3509)
(186, 19, 12981)
(186, 39, 3145)
(186, 1, 12580)
(186, 144, 2913)
(186, 117, 1584)
(186, 180, 18547)
(186, 150, 14298)
(186, 156, 10007)
(186, 166, 14339)
(186, 178, 18797)
(186, 161, 1631)
(186, 123, 5845)
(186, 165, 16625)
(186, 126, 6949)
(186, 53, 5929)
(186, 36, 11687)
(186, 15, 4156)
(186, 143, 1323)
(186, 160, 14513)
(186, 95, 17542)
(186, 112, 9757)
(186, 85, 15690)
(186, 20, 11153)
(186, 164, 6120)
(186, 110, 7302)
(186, 93, 6150)
(186, 132, 10258)
(186, 103, 16177)
(186, 182, 2479)
(186, 92, 10873)
(186, 96, 5702)
(186, 64, 13808)
(186, 76, 7992)
(186, 25, 12408)
(186, 72, 8760)
(186, 78, 9796)
(186, 162, 1273)
(186, 32, 5955)
(186, 170, 18315)
(186, 155, 17781)
(186, 131, 5031)
(186, 49, 3507)
(186, 52, 1067)
(186, 120, 3485)
(186, 26, 13472)
(186, 109, 9131)
(186, 134, 10856)
(186, 31, 6940)
(186, 122, 4820)
(186, 169, 17937)
(187, 140, 2252)
(187, 99, 8040)
(187, 13, 10039)
(187, 0, 5829)
(187, 123, 5377)
(187, 109, 2416)
(187, 42, 4438)
(187, 98, 9371)
(187, 152, 2043)
(187, 172, 18863)
(187, 127, 13831)
(187, 92, 17593)
(187, 14, 9823)
(187, 120, 3777)
(187, 35, 1555)
(187, 44, 13742)
(187, 166, 5183)
(187, 154, 4826)
(187, 22, 2921)
(187, 170, 6140)
(187, 85, 6822)
(187, 125, 9995)
(187, 165, 9144)
(187, 121, 4728)
(187, 134, 690)
(187, 38, 6600)
(187, 5, 19298)
(187, 119, 8205)
(187, 138, 11116)
(187, 61, 1189)
(187, 37, 17332)
(187, 10, 17017)
(187, 71, 259)
(187, 59, 15798)
(187, 83, 284)
(187, 132, 5691)
(187, 17, 15057)
(187, 135, 16489)
(187, 129, 13891)
(187, 40, 18361)
(187, 180, 4017)
(187, 90, 10634)
(187, 11, 3595)
(187, 159, 3099)
(187, 117, 688)
(187, 107, 2489)
(187, 167, 4999)
(187, 94, 5760)
(187, 104, 2837)
(187, 113, 15860)
(187, 97, 6824)
(187, 27, 19456)
(187, 69, 8213)
(187, 48, 14181)
(187, 58, 13646)
(187, 126, 4029)
(187, 146, 5874)
(187, 77, 2651)
(187, 57, 11851)
(187, 89, 344)
(187, 142, 2055)
(187, 101, 3920)
(187, 50, 16161)
(187, 55, 6764)
(187, 3, 8104)
(187, 64, 15492)
(187, 53, 15603)
(187, 171, 7621)
(187, 25, 10253)
(187, 156, 8576)
(187, 160, 11804)
(187, 186, 5858)
(187, 105, 15719)
(187, 80, 16367)
(187, 143, 343)
(187, 9, 1345)
(187, 130, 9862)
(187, 148, 10126)
(187, 131, 7340)
(187, 139, 12867)
(187, 168, 6440)
(187, 68, 9994)
(187, 87, 18914)
(187, 39, 15033)
(187, 176, 18710)
(187, 75, 1959)
(187, 114, 8355)
(187, 185, 1657)
(187, 177, 7634)
(187, 145, 3063)
(187, 184, 8655)
(187, 32, 18518)
(187, 88, 15380)
(187, 43, 18669)
(187, 100, 16506)
(187, 115, 14848)
(187, 4, 8151)
(187, 73, 7953)
(187, 81, 17611)
(187, 144, 17)
(187, 29, 17897)
(187, 163, 3370)
(187, 151, 2920)
(187, 157, 13146)
(187, 52, 15410)
(187, 169, 16319)
(187, 66, 7842)
(187, 60, 2297)
(187, 7, 4047)
(187, 128, 3071)
(187, 12, 13493)
(187, 72, 16703)
(187, 2, 16995)
(187, 147, 5459)
(187, 118, 3601)
(187, 63, 18888)
(187, 108, 3482)
(187, 21, 9618)
(187, 8, 8651)
(187, 62, 10025)
(187, 136, 15140)
(187, 91, 16587)
(187, 86, 11045)
(187, 158, 18743)
(187, 181, 18476)
(188, 106, 3284)
(188, 110, 5013)
(188, 135, 3738)
(188, 83, 6289)
(188, 186, 7650)
(188, 40, 8186)
(188, 15, 6586)
(188, 18, 16203)
(188, 140, 13979)
(188, 57, 10813)
(188, 148, 7719)
(188, 166, 4666)
(188, 105, 3673)
(188, 152, 11025)
(188, 180, 13589)
(188, 104, 10104)
(188, 24, 16055)
(188, 10, 5617)
(188, 91, 16590)
(188, 136, 18486)
(188, 85, 16730)
(188, 42, 16828)
(188, 178, 745)
(188, 89, 5534)
(188, 149, 15184)
(188, 142, 8635)
(188, 63, 8847)
(188, 131, 14203)
(188, 98, 11957)
(188, 130, 2062)
(188, 6, 19484)
(188, 170, 15911)
(188, 181, 3641)
(188, 14, 14460)
(188, 177, 1937)
(188, 81, 11690)
(188, 103, 13938)
(188, 99, 16935)
(188, 143, 9450)
(188, 86, 19592)
(188, 20, 8782)
(188, 88, 14922)
(188, 45, 15005)
(188, 126, 13517)
(188, 76, 6612)
(188, 151, 8256)
(188, 113, 18889)
(188, 19, 260)
(188, 65, 13005)
(188, 21, 4806)
(188, 34, 2296)
(188, 185, 7111)
(188, 30, 15021)
(188, 144, 1028)
(188, 96, 6565)
(188, 137, 10847)
(188, 146, 1925)
(188, 117, 18172)
(188, 95, 16626)
(188, 184, 6324)
(188, 161, 9397)
(188, 147, 10524)
(188, 138, 16495)
(188, 41, 9288)
(188, 123, 6460)
(188, 97, 3998)
(188, 17, 1690)
(188, 124, 10727)
(188, 58, 9979)
(188, 72, 1519)
(188, 134, 6578)
(188, 47, 1172)
(188, 13, 4361)
(188, 102, 1969)
(188, 176, 10133)
(188, 55, 15306)
(189, 57, 19057)
(189, 92, 13774)
(189, 103, 12067)
(189, 66, 7507)
(189, 42, 16574)
(189, 45, 14270)
(189, 134, 18679)
(189, 40, 16855)
(189, 62, 441)
(189, 61, 17710)
(189, 151, 12947)
(189, 1, 5443)
(189, 174, 19239)
(189, 2, 12143)
(189, 116, 8894)
(189, 82, 1180)
(189, 51, 6562)
(189, 33, 14409)
(189, 131, 10297)
(189, 149, 11723)
(189, 93, 8687)
(189, 130, 1425)
(189, 75, 4556)
(189, 167, 6497)
(189, 114, 6911)
(189, 22, 10857)
(189, 119, 11873)
(189, 34, 3182)
(189, 123, 13179)
(189, 137, 16052)
(189, 32, 11203)
(189, 101, 15550)
(189, 74, 1750)
(189, 86, 4215)
(189, 117, 7712)
(189, 113, 6242)
(189, 184, 2423)
(189, 14, 6025)
(189, 95, 13192)
(189, 118, 18531)
(189, 187, 9159)
(189, 52, 6594)
(189, 162, 19306)
(189, 73, 6470)
(189, 39, 6955)
(189, 157, 10145)
(189, 152, 5624)
(189, 179, 5143)
(189, 65, 7412)
(189, 94, 18189)
(189, 84, 6508)
(189, 47, 12262)
(189, 165, 16783)
(189, 83, 8235)
(189, 164, 19124)
(189, 108, 13252)
(189, 177, 13715)
(189, 63, 5878)
(189, 142, 14326)
(189, 78, 16722)
(189, 70, 18170)
(189, 126, 14869)
(189, 37, 5027)
(189, 28, 18213)
(189, 58, 14310)
(189, 169, 9356)
(189, 178, 9700)
(189, 127, 7182)
(189, 121, 6865)
(189, 139, 10567)
(189, 153, 12925)
(189, 17, 1344)
(189, 44, 7906)
(189, 35, 18111)
(189, 25, 68)
(189, 129, 6679)
(189, 97, 7188)
(189, 0, 15657)
(189, 46, 7591)
(189, 23, 2765)
(189, 170, 4021)
(189, 79, 10984)
(189, 80, 7797)
(189, 76, 14446)
(189, 166, 14196)
(189, 20, 18693)
(189, 105, 14673)
(189, 3, 18856)
(189, 172, 18342)
(189, 64, 16829)
(189, 112, 3650)
(189, 53, 6637)
(189, 19, 19581)
(189, 183, 1409)
(189, 144, 5924)
(189, 120, 15921)
(189, 11, 3870)
(189, 12, 8824)
(189, 115, 19566)
(189, 56, 17625)
(189, 141, 3551)
(189, 186, 2001)
(189, 171, 14860)
(190, 155, 14985)
(190, 99, 15525)
(190, 130, 17028)
(190, 62, 5105)
(190, 55, 15866)
(190, 70, 432)
(190, 163, 2077)
(190, 15, 4768)
(190, 118, 3539)
(190, 40, 15092)
(190, 35, 4101)
(190, 153, 14480)
(190, 42, 17598)
(190, 121, 9677)
(190, 14, 2262)
(190, 93, 3977)
(190, 21, 16412)
(190, 185, 317)
(190, 0, 2616)
(190, 104, 19599)
(190, 60, 13373)
(190, 186, 13453)
(190, 53, 17722)
(190, 114, 12353)
(190, 115, 18825)
(190, 3, 3287)
(190, 72, 2096)
(190, 41, 13464)
(190, 110, 6528)
(190, 175, 4038)
(190, 32, 5251)
(190, 90, 10889)
(190, 34, 16104)
(190, 112, 1205)
(190, 170, 11929)
(190, 125, 4016)
(190, 26, 13351)
(190, 106, 8021)
(190, 126, 4589)
(190, 31, 1949)
(190, 64, 7243)
(190, 63, 357)
(190, 139, 19401)
(190, 145, 5275)
(190, 120, 16249)
(190, 105, 11651)
(190, 156, 16895)
(190, 5, 8873)
(190, 122, 2796)
(190, 160, 7740)
(190, 13, 16767)
(190, 127, 13775)
(190, 179, 18073)
(190, 22, 12222)
(190, 184, 16087)
(190, 113, 11500)
(190, 189, 5660)
(190, 9, 11283)
(190, 38, 6458)
(190, 50, 18658)
(190, 135, 5989)
(190, 80, 4614)
(190, 44, 7144)
(190, 66, 3143)
(190, 150, 18175)
(191, 158, 11423)
(191, 9, 15381)
(191, 25, 2081)
(191, 110, 1579)
(191, 43, 18575)
(191, 82, 2984)
(191, 153, 8543)
(191, 24, 14618)
(191, 170, 13426)
(191, 172, 11466)
(191, 73, 18118)
(191, 98, 15478)
(191, 126, 15190)
(191, 179, 12895)
(191, 0, 2850)
(191, 100, 2441)
(191, 135, 9005)
(191, 109, 12007)
(191, 161, 17356)
(191, 60, 5307)
(191, 157, 7705)
(191, 20, 8764)
(191, 106, 15332)
(191, 155, 1712)
(191, 181, 8409)
(191, 114, 351)
(191, 129, 19429)
(191, 64, 7366)
(191, 8, 14173)
(191, 68, 19230)
(191, 15, 16028)
(191, 80, 9167)
(191, 162, 4530)
(191, 186, 10767)
(191, 74, 16854)
(191, 137, 17177)
(191, 149, 7058)
(191, 67, 12511)
(191, 37, 15972)
(191, 17, 10536)
(191, 50, 11534)
(191, 11, 4593)
(191, 93, 16532)
(191, 130, 18513)
(191, 160, 6129)
(191, 19, 3471)
(191, 169, 4474)
(191, 121, 15930)
(191, 45, 9074)
(191, 49, 18799)
(191, 147, 1169)
(191, 141, 4769)
(191, 75, 17482)
(191, 34, 6992)
(191, 46, 9096)
(191, 29, 11612)
(191, 52, 11232)
(191, 111, 11373)
(191, 81, 2961)
(191, 35, 5809)
(191, 51, 8086)
(191, 27, 9127)
(191, 70, 2976)
(191, 104, 10831)
(191, 44, 17551)
(191, 176, 18069)
(191, 105, 15591)
(191, 96, 3297)
(191, 1, 2866)
(191, 145, 3466)
(191, 173, 15780)
(191, 115, 4934)
(191, 189, 2723)
(191, 90, 737)
(191, 59, 13887)
(191, 152, 929)
(191, 183, 8030)
(191, 78, 4371)
(191, 94, 7289)
(191, 118, 9917)
(191, 103, 283)
(191, 36, 4020)
(191, 178, 3804)
(191, 119, 4724)
(191, 134, 15097)
(191, 166, 18439)
(191, 57, 10129)
(191, 63, 12841)
(191, 128, 5639)
(191, 112, 16655)
(191, 79, 7801)
(192, 188, 12664)
(192, 7, 7753)
(192, 114, 12995)
(192, 146, 17992)
(192, 190, 8855)
(192, 2, 15999)
(192, 175, 13822)
(192, 118, 17345)
(192, 130, 7967)
(192, 158, 5782)
(192, 110, 2642)
(192, 20, 5152)
(192, 98, 14025)
(192, 60, 16542)
(192, 161, 5468)
(192, 73, 13118)
(192, 79, 5429)
(192, 120, 4024)
(192, 171, 1986)
(192, 149, 14814)
(192, 116, 674)
(192, 66, 14010)
(192, 105, 19046)
(192, 184, 6931)
(192, 191, 19076)
(192, 41, 8036)
(192, 153, 16155)
(192, 81, 10072)
(192, 61, 6719)
(192, 13, 16077)
(192, 87, 18059)
(192, 85, 13670)
(192, 112, 13034)
(192, 26, 8727)
(192, 29, 5500)
(192, 174, 18945)
(192, 62, 9739)
(192, 12, 16197)
(192, 113, 3900)
(192, 152, 17000)
(192, 49, 16766)
(192, 27, 10152)
(192, 17, 16875)
(192, 107, 17320)
(192, 67, 2027)
(192, 55, 18821)
(192, 117, 3320)
(192, 115, 17151)
(192, 95, 504)
(192, 6, 11886)
(192, 32, 5247)
(192, 135, 269)
(192, 147, 4653)
(192, 19, 17504)
(192, 100, 4776)
(192, 51, 4441)
(192, 134, 8728)
(192, 181, 5761)
(192, 14, 19094)
(192, 64, 10920)
(192, 157, 3992)
(192, 18, 4150)
(192, 65, 6078)
(192, 176, 272)
(192, 132, 6056)
(192, 148, 15500)
(192, 35, 11057)
(192, 23, 14537)
(192, 5, 1032)
(192, 8, 5250)
(192, 136, 4636)
(192, 179, 1241)
(192, 78, 13746)
(192, 94, 5106)
(192, 151, 12227)
(192, 133, 13244)
(192, 44, 16643)
(192, 31, 3350)
(192, 45, 7165)
(192, 154, 10478)
(192, 91, 6896)
(192, 88, 2376)
(192, 155, 5511)
(192, 77, 5581)
(192, 92, 4032)
(192, 162, 12199)
(192, 53, 14543)
(192, 48, 2508)
(192, 145, 12287)
(192, 72, 13156)
(192, 33, 8546)
(192, 16, 10845)
(193, 66, 13592)
(193, 189, 12876)
(193, 143, 19167)
(193, 18, 6417)
(193, 164, 503)
(193, 14, 2923)
(193, 187, 8279)
(193, 128, 18527)
(193, 30, 9741)
(193, 60, 3582)
(193, 157, 6579)
(193, 186, 18214)
(193, 190, 18382)
(193, 163, 4682)
(193, 191, 3877)
(193, 15, 5576)
(193, 44, 8301)
(193, 97, 12537)
(193, 28, 14092)
(193, 115, 10055)
(193, 106, 6443)
(193, 179, 15721)
(193, 96, 7393)
(193, 185, 14389)
(193, 94, 9009)
(193, 127, 18522)
(193, 113, 13499)
(193, 46, 17876)
(193, 168, 14440)
(193, 61, 9509)
(193, 183, 14029)
(193, 65, 11646)
(193, 70, 9203)
(193, 167, 17810)
(193, 48, 5376)
(193, 104, 16113)
(193, 47, 548)
(193, 12, 7843)
(193, 172, 4501)
(193, 112, 17562)
(193, 110, 10452)
(193, 159, 19493)
(193, 92, 19097)
(193, 95, 13414)
(193, 166, 18)
(193, 33, 18532)
(193, 152, 16591)
(193, 98, 8937)
(193, 77, 14048)
(193, 62, 13109)
(193, 71, 8369)
(193, 17, 9034)
(193, 122, 302)
(193, 188, 17957)
(193, 146, 16886)
(193, 64, 12877)
(193, 26, 15909)
(193, 178, 7199)
(193, 57, 434)
(193, 139, 7091)
(193, 8, 8968)
(193, 16, 16523)
(193, 23, 7260)
(193, 126, 1048)
(193, 29, 13240)
(193, 3, 8471)
(193, 52, 10358)
(193, 103, 10041)
(193, 27, 11686)
(193, 111, 8744)
(193, 130, 17663)
(193, 88, 5409)
(193, 78, 16050)
(193, 177, 16378)
(193, 0, 17704)
(193, 58, 16066)
(193, 118, 19157)
(193, 10, 6039)
(193, 51, 6010)
(193, 69, 15417)
(193, 11, 411)
(193, 123, 11753)
(193, 147, 2973)
(193, 101, 9680)
(193, 83, 16202)
(193, 86, 13614)
(193, 162, 3151)
(193, 2, 19424)
(193, 41, 14592)
(193, 160, 16398)
(193, 25, 9923)
(193, 74, 7629)
(193, 155, 17975)
(193, 150, 188)
(193, 102, 3161)
(193, 107, 3740)
(193, 56, 13915)
(193, 45, 12465)
(193, 87, 18874)
(193, 120, 14327)
(193, 171, 11906)
(193, 133, 17462)
(193, 121, 910)
(193, 5, 4734)
(193, 125, 16127)
(193, 156, 6332)
(193, 114, 1902)
(193, 53, 1597)
(193, 40, 10732)
(193, 100, 17093)
(193, 49, 14416)
(193, 181, 2932)
(193, 6, 10569)
(193, 32, 19098)
(193, 76, 10790)
(193, 90, 369)
(193, 180, 19184)
(193, 129, 3982)
(193, 116, 18045)
(193, 176, 130)
(193, 148, 75)
(193, 31, 9496)
(193, 54, 159)
(193, 81, 6114)
(193, 151, 7227)
(193, 91, 10734)
(193, 37, 3972)
(193, 119, 5314)
(193, 35, 13173)
(193, 149, 10233)
(193, 184, 14062)
(193, 19, 14491)
(193, 108, 16639)
(193, 145, 15213)
(193, 63, 10928)
(193, 42, 9663)
(193, 36, 15933)
(193, 50, 12154)
(193, 165, 15313)
(193, 7, 11571)
(193, 13, 10465)
(193, 117, 3030)
(193, 169, 19569)
(193, 134, 3547)
(193, 135, 9649)
(193, 67, 8260)
(193, 38, 3831)
(193, 137, 5813)
(193, 20, 10215)
(193, 73, 15934)
(193, 173, 163)
(193, 158, 14284)
(193, 140, 3046)
(193, 22, 3388)
(193, 82, 2856)
(193, 80, 368)
(193, 182, 4891)
(193, 174, 785)
(193, 9, 6383)
(194, 173, 8166)
(194, 180, 11072)
(194, 103, 6369)
(194, 92, 17061)
(194, 181, 11592)
(194, 73, 16869)
(194, 37, 286)
(194, 122, 14105)
(194, 135, 16769)
(194, 47, 7681)
(194, 111, 2769)
(194, 75, 15720)
(194, 78, 12079)
(194, 53, 2870)
(194, 0, 9239)
(194, 118, 18046)
(194, 74, 9957)
(194, 46, 7205)
(194, 153, 6773)
(194, 57, 1535)
(194, 95, 2955)
(194, 171, 14225)
(194, 107, 11374)
(194, 192, 8644)
(194, 91, 8487)
(194, 58, 9572)
(194, 152, 3424)
(194, 8, 8860)
(194, 143, 13753)
(194, 190, 6269)
(194, 41, 17147)
(194, 56, 19483)
(194, 29, 3502)
(194, 161, 17159)
(194, 148, 8285)
(194, 131, 14715)
(194, 115, 2070)
(194, 102, 19123)
(194, 105, 2111)
(194, 178, 12129)
(194, 17, 12332)
(194, 100, 1462)
(194, 39, 13754)
(194, 49, 3766)
(194, 94, 14319)
(194, 98, 7593)
(194, 186, 10866)
(194, 106, 3640)
(194, 138, 3672)
(194, 128, 10337)
(194, 130, 18506)
(194, 172, 9472)
(194, 42, 7127)
(194, 66, 15818)
(194, 76, 12078)
(194, 104, 5891)
(194, 179, 14317)
(194, 21, 19518)
(194, 141, 13141)
(194, 158, 12428)
(194, 119, 12851)
(194, 184, 7016)
(194, 110, 954)
(194, 163, 17250)
(194, 51, 2144)
(194, 182, 13488)
(194, 155, 10871)
(194, 83, 17304)
(194, 7, 3537)
(194, 11, 18161)
(194, 16, 12625)
(194, 191, 1644)
(194, 176, 19216)
(194, 145, 13671)
(194, 12, 1024)
(194, 121, 12133)
(194, 3, 13763)
(194, 116, 632)
(194, 20, 13002)
(194, 142, 18396)
(194, 31, 6180)
(194, 193, 18438)
(194, 137, 1138)
(194, 80, 10298)
(194, 134, 13032)
(194, 87, 13723)
(194, 136, 1267)
(194, 146, 12443)
(194, 97, 18672)
(194, 169, 18327)
(194, 35, 49)
(194, 188, 5942)
(194, 48, 16866)
(194, 61, 9133)
(194, 183, 6305)
(194, 85, 5246)
(194, 25, 4830)
(194, 27, 10308)
(194, 112, 16670)
(194, 89, 15434)
(194, 177, 16031)
(194, 69, 14599)
(194, 9, 13013)
(194, 101, 10306)
(194, 84, 6048)
(194, 113, 9983)
(194, 86, 18810)
(194, 15, 3823)
(194, 129, 16782)
(194, 127, 689)
(194, 72, 2680)
(194, 170, 11896)
(194, 189, 13312)
(194, 175, 12616)
(194, 156, 1164)
(194, 43, 6915)
(194, 88, 1609)
(194, 79, 11090)
(194, 126, 15227)
(194, 4, 18151)
(194, 60, 14123)
(194, 114, 521)
(194, 187, 12914)
(195, 135, 1111)
(195, 57, 14928)
(195, 11, 14422)
(195, 160, 3725)
(195, 169, 8041)
(195, 136, 13229)
(195, 30, 1430)
(195, 103, 3633)
(195, 63, 3513)
(195, 184, 11739)
(195, 183, 19328)
(195, 94, 15465)
(195, 36, 6049)
(195, 17, 16873)
(195, 111, 19426)
(195, 126, 4509)
(195, 70, 15163)
(195, 188, 19312)
(195, 88, 6196)
(195, 127, 10201)
(195, 4, 5331)
(195, 107, 247)
(195, 105, 8831)
(195, 101, 13269)
(195, 42, 10998)
(195, 43, 18870)
(195, 46, 10195)
(195, 49, 7489)
(195, 72, 13369)
(195, 34, 6730)
(195, 131, 6722)
(195, 25, 17440)
(195, 151, 10955)
(195, 102, 7916)
(195, 82, 4574)
(195, 186, 216)
(195, 148, 1013)
(195, 109, 3984)
(195, 165, 13743)
(195, 20, 15746)
(195, 1, 15206)
(195, 180, 10026)
(195, 162, 10977)
(195, 41, 2073)
(195, 133, 14404)
(195, 181, 11522)
(195, 66, 10239)
(195, 97, 16320)
(195, 132, 13071)
(195, 50, 8308)
(195, 104, 13342)
(195, 192, 15893)
(195, 2, 8087)
(195, 18, 19480)
(195, 177, 9030)
(195, 106, 18940)
(195, 156, 7031)
(195, 185, 8437)
(195, 158, 16514)
(195, 56, 13936)
(195, 53, 8890)
(195, 121, 331)
(195, 9, 15573)
(195, 23, 4033)
(195, 124, 18589)
(195, 35, 10467)
(195, 118, 15716)
(195, 10, 15630)
(195, 76, 7686)
(195, 145, 8316)
(195, 80, 3223)
(195, 153, 7644)
(195, 39, 7971)
(195, 75, 3339)
(195, 6, 10724)
(195, 194, 13959)
(195, 74, 15775)
(195, 12, 18248)
(195, 71, 14382)
(195, 96, 2742)
(195, 140, 5792)
(195, 143, 6134)
(195, 13, 8073)
(195, 47, 19260)
(195, 45, 6318)
(195, 55, 16466)
(195, 172, 2090)
(195, 191, 4903)
(195, 187, 8314)
(195, 134, 5666)
(195, 86, 19514)
(195, 176, 19290)
(195, 168, 9592)
(195, 155, 8775)
(195, 24, 1802)
(195, 138, 17776)
(195, 27, 17045)
(195, 67, 10576)
(195, 93, 191)
(195, 21, 4855)
(195, 142, 9274)
(195, 84, 15625)
(195, 175, 9501)
(195, 7, 1149)
(195, 163, 4590)
(195, 174, 11615)
(195, 48, 1790)
(195, 110, 6510)
(195, 189, 4907)
(195, 3, 13582)
(195, 90, 14263)
(195, 154, 9951)
(196, 96, 14042)
(196, 114, 15987)
(196, 115, 13523)
(196, 128, 10416)
(196, 49, 13446)
(196, 33, 15650)
(196, 69, 14139)
(196, 9, 3629)
(196, 11, 15050)
(196, 169, 5004)
(196, 74, 858)
(196, 154, 12911)
(196, 85, 14588)
(196, 192, 16496)
(196, 42, 11678)
(196, 2, 7976)
(196, 14, 17193)
(196, 140, 5359)
(196, 48, 14398)
(196, 127, 8805)
(196, 57, 6116)
(196, 98, 2164)
(196, 20, 2778)
(196, 122, 9317)
(196, 189, 15901)
(196, 41, 479)
(196, 181, 4507)
(196, 171, 11273)
(196, 59, 6786)
(196, 111, 423)
(196, 28, 8929)
(196, 188, 6050)
(196, 24, 6230)
(196, 76, 8476)
(196, 6, 14911)
(196, 148, 15264)
(196, 61, 17756)
(196, 126, 12503)
(196, 94, 2323)
(196, 63, 16920)
(196, 105, 316)
(196, 109, 5798)
(196, 88, 3268)
(196, 110, 11562)
(196, 179, 13541)
(196, 90, 13801)
(196, 27, 11389)
(196, 29, 16214)
(196, 130, 10868)
(196, 35, 18388)
(196, 170, 1921)
(196, 159, 7837)
(196, 64, 15373)
(196, 113, 17200)
(196, 67, 4111)
(196, 1, 10021)
(196, 145, 5274)
(196, 193, 14594)
(196, 132, 2675)
(196, 107, 15944)
(196, 106, 4561)
(196, 45, 11184)
(196, 12, 416)
(196, 60, 1789)
(196, 52, 2325)
(196, 8, 634)
(196, 101, 968)
(196, 71, 16042)
(196, 144, 17251)
(196, 160, 4848)
(196, 65, 6229)
(196, 138, 6238)
(196, 155, 13864)
(196, 93, 10714)
(196, 104, 6122)
(196, 51, 3285)
(197, 196, 3065)
(197, 166, 3840)
(197, 42, 6232)
(197, 195, 15807)
(197, 140, 4341)
(197, 168, 3117)
(197, 13, 3100)
(197, 46, 9222)
(197, 132, 7291)
(197, 91, 15606)
(197, 10, 14450)
(197, 83, 9156)
(197, 144, 14170)
(197, 113, 18892)
(197, 131, 11185)
(197, 176, 8984)
(197, 177, 8377)
(197, 6, 1715)
(197, 193, 2586)
(197, 164, 3772)
(197, 71, 1384)
(197, 79, 2790)
(197, 186, 771)
(197, 12, 7354)
(197, 62, 13082)
(197, 15, 9320)
(197, 129, 5125)
(197, 21, 7774)
(197, 53, 8673)
(197, 97, 11737)
(197, 81, 3782)
(197, 68, 11306)
(197, 99, 6864)
(197, 32, 3626)
(197, 23, 14684)
(197, 109, 12352)
(197, 24, 11365)
(197, 130, 2384)
(197, 45, 15765)
(197, 139, 10633)
(197, 119, 14754)
(197, 149, 4996)
(197, 3, 17644)
(197, 28, 293)
(197, 183, 118)
(197, 98, 9656)
(197, 138, 19576)
(197, 34, 13512)
(197, 86, 4958)
(197, 192, 14769)
(197, 160, 5320)
(197, 58, 6555)
(197, 145, 1196)
(197, 61, 475)
(197, 93, 15246)
(197, 116, 14816)
(197, 43, 11876)
(197, 55, 15358)
(197, 74, 5750)
(197, 87, 3418)
(197, 154, 5662)
(197, 117, 18534)
(197, 124, 11792)
(197, 114, 2503)
(197, 38, 15003)
(197, 92, 14952)
(197, 70, 15824)
(197, 30, 2299)
(197, 150, 18195)
(197, 110, 536)
(197, 57, 19337)
(197, 106, 12473)
(197, 100, 11769)
(197, 175, 17409)
(197, 194, 11065)
(197, 151, 16147)
(197, 108, 9974)
(197, 191, 7590)
(197, 78, 7439)
(197, 133, 3538)
(197, 107, 6968)
(197, 56, 15412)
(197, 121, 9537)
(197, 77, 9326)
(197, 156, 19154)
(197, 187, 13680)
(197, 26, 16851)
(197, 0, 3897)
(197, 103, 11709)
(197, 127, 15446)
(197, 29, 17959)
(197, 18, 16957)
(197, 126, 11401)
(197, 136, 7093)
(197, 112, 9374)
(197, 19, 14342)
(197, 65, 7855)
(197, 142, 11461)
(197, 172, 12200)
(197, 22, 5681)
(197, 41, 9229)
(197, 35, 3289)
(197, 163, 8636)
(197, 1, 10274)
(197, 152, 3928)
(197, 84, 15422)
(197, 171, 8704)
(197, 178, 18633)
(197, 141, 15518)
(197, 59, 18377)
