341
(1, 0, 47159)
(2, 1, 7029)
(3, 1, 23517)
(3, 0, 21799)
(3, 2, 43293)
(4, 3, 24902)
(4, 1, 40804)
(5, 2, 9410)
(6, 5, 53418)
(6, 4, 22243)
(6, 1, 30355)
(6, 0, 20560)
(7, 5, 27328)
(7, 1, 617)
(7, 2, 33545)
(7, 4, 31624)
(7, 0, 28018)
(7, 6, 34217)
(8, 2, 24638)
(8, 6, 30017)
(8, 7, 41536)
(8, 4, 17690)
(9, 8, 20685)
(10, 1, 51314)
(10, 9, 14072)
(10, 0, 21354)
(10, 2, 53085)
(10, 3, 45802)
(10, 4, 53282)
(10, 8, 54821)
(10, 6, 8862)
(10, 7, 8995)
(11, 2, 8537)
(11, 4, 31131)
(11, 5, 52616)
(11, 3, 52460)
(11, 8, 10349)
(11, 6, 10727)
(11, 9, 23764)
(11, 10, 37623)
(11, 0, 7505)
(11, 7, 35004)
(12, 4, 42824)
(12, 7, 33855)
(12, 10, 40489)
(12, 2, 47196)
(12, 0, 783)
(12, 1, 29288)
(12, 3, 48296)
(12, 5, 31853)
(12, 11, 46930)
(13, 12, 50159)
(13, 9, 36659)
(13, 6, 34243)
(13, 0, 13477)
(13, 5, 12648)
(13, 11, 39517)
(13, 4, 14656)
(13, 1, 45678)
(13, 3, 19358)
(13, 2, 20957)
(13, 7, 23291)
(14, 4, 26968)
(14, 1, 43030)
(14, 10, 39106)
(14, 12, 14802)
(14, 13, 6378)
(15, 13, 56836)
(15, 8, 33577)
(15, 5, 27732)
(15, 3, 49302)
(15, 0, 10704)
(15, 12, 18143)
(15, 14, 49195)
(15, 7, 5920)
(15, 11, 50986)
(15, 4, 9857)
(15, 9, 33480)
(15, 10, 30490)
(15, 6, 49929)
(15, 2, 47840)
(15, 1, 9024)
(16, 15, 35378)
(17, 9, 50587)
(17, 16, 31186)
(17, 10, 56058)
(17, 6, 48945)
(17, 4, 36510)
(17, 11, 33699)
(17, 5, 54674)
(17, 7, 21883)
(17, 0, 24646)
(17, 12, 18971)
(17, 15, 34818)
(18, 7, 46303)
(18, 12, 54918)
(18, 9, 27624)
(18, 13, 47982)
(18, 4, 30597)
(18, 5, 5843)
(18, 1, 28489)
(18, 11, 57048)
(18, 2, 18628)
(18, 14, 52656)
(18, 3, 13476)
(19, 16, 15350)
(19, 12, 40759)
(19, 4, 12785)
(19, 1, 40866)
(19, 9, 52360)
(19, 8, 3210)
(19, 6, 939)
(19, 0, 42244)
(19, 2, 31851)
(19, 7, 54830)
(19, 3, 14895)
(19, 14, 437)
(20, 13, 46313)
(20, 4, 46202)
(20, 1, 43523)
(20, 10, 34893)
(20, 0, 1797)
(20, 3, 5065)
(20, 14, 10029)
(20, 6, 51215)
(20, 2, 4193)
(20, 16, 14689)
(21, 17, 33445)
(21, 9, 37324)
(21, 12, 41347)
(21, 18, 10083)
(21, 10, 2040)
(21, 15, 54479)
(21, 16, 41894)
(21, 14, 34094)
(21, 13, 40553)
(21, 7, 25943)
(21, 3, 57586)
(21, 8, 543)
(21, 4, 22402)
(21, 0, 35586)
(21, 6, 28872)
(21, 1, 13553)
(21, 2, 36779)
(22, 8, 49385)
(22, 0, 32028)
(22, 6, 52291)
(22, 19, 25957)
(22, 13, 39896)
(22, 5, 38205)
(22, 3, 26600)
(23, 16, 9278)
(23, 2, 24655)
(23, 7, 921)
(24, 5, 13835)
(24, 14, 49531)
(25, 2, 45795)
(25, 7, 9653)
(25, 5, 37889)
(25, 9, 1335)
(25, 24, 26518)
(25, 8, 53527)
(25, 17, 57683)
(25, 1, 36106)
(25, 23, 43188)
(25, 19, 27061)
(25, 15, 31415)
(25, 6, 28356)
(25, 22, 53091)
(26, 19, 45180)
(26, 10, 8221)
(26, 11, 19167)
(26, 12, 44693)
(26, 8, 18693)
(26, 20, 11049)
(26, 17, 43340)
(26, 5, 51439)
(26, 18, 45861)
(26, 1, 19677)
(26, 3, 21315)
(26, 4, 22904)
(26, 21, 39407)
(26, 22, 38444)
(26, 14, 30120)
(26, 24, 35401)
(26, 7, 21716)
(26, 0, 23538)
(26, 6, 27680)
(26, 9, 46712)
(26, 15, 32093)
(26, 13, 882)
(26, 23, 47798)
(26, 2, 51766)
(26, 25, 20544)
(27, 20, 1213)
(27, 9, 11711)
(28, 26, 33509)
(28, 12, 33932)
(28, 3, 43876)
(28, 10, 50445)
(28, 27, 27229)
(28, 4, 36171)
(28, 2, 33335)
(28, 16, 46679)
(28, 8, 17982)
(28, 15, 14797)
(28, 0, 25186)
(28, 14, 49276)
(28, 23, 9821)
(28, 13, 46469)
(28, 21, 14567)
(28, 7, 9649)
(28, 19, 19802)
(29, 4, 9302)
(29, 14, 56779)
(29, 21, 40980)
(29, 18, 21923)
(29, 25, 21240)
(29, 13, 49896)
(29, 6, 25176)
(29, 20, 38193)
(29, 26, 30640)
(29, 24, 21038)
(29, 23, 29747)
(29, 22, 32888)
(29, 9, 13982)
(30, 10, 14983)
(30, 13, 41691)
(30, 27, 56868)
(30, 29, 10825)
(30, 6, 22215)
(30, 23, 6347)
(30, 21, 19725)
(30, 20, 37303)
(30, 15, 27007)
(30, 14, 31130)
(30, 0, 33704)
(30, 25, 31345)
(30, 26, 34808)
(30, 28, 36479)
(30, 7, 54702)
(30, 16, 23197)
(30, 4, 20706)
(30, 2, 10515)
(30, 24, 404)
(30, 3, 15084)
(30, 18, 31692)
(30, 11, 309)
(31, 28, 2369)
(31, 9, 36808)
(31, 17, 36422)
(31, 26, 55868)
(31, 25, 10846)
(31, 13, 11075)
(31, 23, 16417)
(31, 14, 9378)
(31, 20, 52506)
(31, 10, 46356)
(31, 1, 23303)
(31, 21, 50245)
(31, 3, 1162)
(32, 9, 6937)
(32, 19, 31577)
(32, 1, 36325)
(32, 7, 31000)
(32, 13, 48691)
(32, 30, 36060)
(33, 2, 40357)
(33, 7, 5014)
(33, 3, 1549)
(33, 23, 38326)
(33, 21, 53492)
(33, 5, 16548)
(33, 28, 26392)
(33, 30, 5808)
(33, 29, 24453)
(33, 20, 32639)
(33, 27, 38)
(33, 26, 32647)
(33, 17, 10321)
(33, 0, 52891)
(33, 24, 779)
(33, 18, 34631)
(33, 9, 33767)
(33, 8, 52738)
(33, 13, 40836)
(33, 12, 6803)
(33, 4, 25335)
(33, 6, 517)
(33, 22, 6127)
(33, 31, 48918)
(33, 25, 56841)
(33, 10, 33309)
(33, 14, 18200)
(33, 15, 33678)
(33, 11, 30787)
(33, 16, 48141)
(33, 19, 33134)
(34, 1, 22086)
(34, 19, 20145)
(34, 29, 24709)
(34, 6, 3797)
(34, 14, 44767)
(34, 23, 9059)
(34, 22, 17185)
(34, 4, 34365)
(34, 7, 16947)
(34, 32, 7533)
(34, 27, 21818)
(34, 20, 16022)
(34, 30, 11996)
(34, 5, 9938)
(34, 13, 2976)
(34, 11, 11463)
(34, 10, 31816)
(34, 25, 28884)
(34, 24, 16991)
(34, 12, 32602)
(34, 18, 6111)
(34, 9, 46009)
(34, 17, 21966)
(34, 16, 11710)
(34, 2, 9798)
(34, 28, 19353)
(34, 0, 3896)
(34, 26, 48759)
(34, 15, 45313)
(34, 33, 55232)
(34, 21, 43649)
(35, 4, 53700)
(35, 6, 4642)
(35, 5, 16204)
(35, 16, 42947)
(35, 24, 45815)
(35, 11, 44386)
(35, 27, 21714)
(35, 7, 13388)
(35, 14, 51905)
(35, 18, 2058)
(35, 20, 48608)
(35, 33, 40110)
(35, 26, 42916)
(35, 8, 12283)
(35, 1, 31385)
(35, 13, 7561)
(35, 17, 16816)
(35, 2, 24621)
(35, 22, 18582)
(35, 3, 18084)
(35, 23, 33267)
(35, 10, 1529)
(35, 15, 30775)
(35, 34, 40485)
(35, 28, 196)
(35, 19, 30317)
(35, 25, 36001)
(35, 21, 39199)
(35, 32, 6423)
(35, 30, 23512)
(36, 11, 2109)
(36, 4, 51164)
(36, 30, 9690)
(36, 18, 14748)
(36, 17, 53332)
(36, 27, 25072)
(36, 33, 45418)
(36, 35, 28511)
(36, 29, 35339)
(36, 13, 9592)
(36, 32, 57558)
(36, 23, 40818)
(36, 21, 6579)
(36, 16, 6962)
(36, 8, 17345)
(36, 15, 21982)
(36, 7, 15528)
(36, 1, 27493)
(36, 6, 2914)
(36, 25, 29022)
(36, 5, 24370)
(36, 24, 17217)
(36, 34, 57209)
(36, 31, 50164)
(36, 10, 49845)
(36, 9, 25630)
(36, 20, 46235)
(36, 12, 17979)
(37, 1, 22812)
(37, 24, 35610)
(37, 20, 35248)
(37, 32, 11242)
(37, 3, 48997)
(37, 0, 38731)
(37, 11, 54961)
(37, 27, 826)
(37, 28, 49237)
(37, 33, 25471)
(37, 7, 9931)
(37, 34, 37022)
(38, 3, 46638)
(38, 15, 595)
(38, 31, 9682)
(38, 28, 42246)
(38, 16, 45647)
(38, 2, 6976)
(38, 33, 39734)
(38, 1, 13661)
(38, 7, 8700)
(38, 5, 3269)
(38, 21, 52188)
(38, 34, 11644)
(38, 9, 42898)
(38, 17, 852)
(38, 8, 124)
(38, 18, 45832)
(38, 23, 23193)
(38, 36, 12888)
(38, 35, 32682)
(38, 29, 41829)
(38, 30, 19440)
(38, 32, 52236)
(38, 0, 4109)
(38, 12, 3714)
(38, 6, 29407)
(38, 10, 10837)
(38, 26, 45161)
(38, 20, 3591)
(38, 14, 51860)
(39, 21, 31085)
(39, 14, 16094)
(39, 13, 29265)
(39, 29, 15955)
(39, 27, 46672)
(39, 35, 39254)
(39, 11, 22858)
(39, 3, 24677)
(39, 37, 54222)
(39, 32, 42480)
(39, 24, 39934)
(39, 36, 41197)
(39, 12, 16679)
(39, 31, 36834)
(39, 34, 28276)
(39, 0, 48704)
(39, 1, 24872)
(39, 5, 37741)
(39, 7, 27538)
(39, 2, 3708)
(39, 28, 42518)
(39, 10, 13241)
(39, 33, 27014)
(39, 15, 29978)
(39, 18, 25655)
(39, 6, 11134)
(39, 8, 6846)
(39, 20, 56553)
(39, 4, 39593)
(39, 22, 52759)
(39, 19, 1939)
(39, 30, 46943)
(39, 23, 30015)
(39, 25, 23432)
(40, 6, 45986)
(40, 38, 37529)
(40, 26, 12834)
(40, 21, 42506)
(40, 18, 48929)
(40, 33, 24319)
(40, 3, 34739)
(40, 32, 32654)
(40, 2, 39234)
(40, 5, 23552)
(40, 22, 8758)
(40, 15, 42000)
(40, 29, 24341)
(40, 39, 45999)
(40, 13, 28048)
(40, 16, 52220)
(40, 28, 47426)
(40, 9, 41055)
(40, 37, 50698)
(40, 23, 47806)
(40, 36, 11135)
(40, 0, 24526)
(40, 8, 43263)
(40, 12, 46999)
(40, 4, 26559)
(40, 24, 56064)
(40, 34, 26308)
(40, 17, 23296)
(40, 7, 13394)
(40, 10, 8921)
(40, 14, 178)
(41, 2, 42887)
(42, 25, 48126)
(42, 26, 43241)
(42, 39, 43719)
(42, 23, 12450)
(42, 8, 13082)
(42, 24, 41191)
(42, 22, 2818)
(42, 12, 44895)
(42, 0, 810)
(42, 35, 2687)
(42, 27, 19913)
(42, 28, 30195)
(42, 37, 2046)
(42, 38, 2577)
(42, 6, 26178)
(42, 2, 1384)
(42, 14, 30196)
(42, 36, 51302)
(42, 16, 22278)
(42, 19, 6700)
(42, 15, 20985)
(42, 20, 39861)
(42, 29, 13207)
(42, 30, 2282)
(42, 31, 24736)
(42, 13, 7975)
(42, 9, 45334)
(42, 11, 37491)
(42, 1, 38540)
(42, 34, 27551)
(42, 32, 2266)
(42, 5, 46154)
(42, 21, 47312)
(42, 3, 11658)
(42, 4, 31101)
(42, 40, 29246)
(42, 18, 34031)
(42, 41, 19889)
(43, 30, 3386)
(43, 35, 12141)
(43, 33, 1649)
(43, 42, 21062)
(43, 4, 49914)
(43, 9, 21017)
(43, 15, 23216)
(43, 6, 48939)
(43, 38, 16101)
(43, 31, 1342)
(43, 7, 23465)
(43, 5, 22992)
(43, 23, 10241)
(43, 2, 1632)
(43, 8, 32649)
(43, 3, 17652)
(43, 24, 38724)
(43, 11, 48744)
(43, 41, 36700)
(43, 28, 38453)
(43, 22, 5124)
(43, 21, 7711)
(43, 19, 52296)
(43, 32, 57565)
(43, 34, 50855)
(43, 25, 33976)
(43, 20, 32958)
(43, 10, 481)
(43, 29, 37971)
(43, 36, 13211)
(43, 16, 48638)
(43, 40, 37740)
(43, 26, 35404)
(44, 34, 24343)
(44, 30, 56911)
(44, 2, 57834)
(44, 11, 50570)
(44, 36, 11019)
(44, 27, 49011)
(44, 33, 42491)
(44, 38, 22923)
(44, 4, 42905)
(44, 9, 11841)
(44, 17, 44974)
(44, 41, 8361)
(44, 28, 23553)
(44, 29, 45579)
(44, 7, 40405)
(44, 42, 7290)
(44, 12, 20906)
(44, 3, 48402)
(44, 16, 6743)
(44, 8, 25714)
(44, 43, 54780)
(45, 32, 9361)
(45, 5, 55624)
(46, 6, 23343)
(46, 8, 43725)
(46, 15, 15510)
(46, 32, 41633)
(46, 16, 19527)
(46, 41, 6201)
(46, 11, 37762)
(46, 34, 46414)
(46, 13, 8205)
(46, 40, 20737)
(46, 10, 56929)
(46, 20, 38005)
(46, 4, 44796)
(46, 3, 24111)
(46, 7, 26671)
(46, 22, 24394)
(46, 17, 39966)
(46, 0, 5089)
(46, 35, 52623)
(46, 18, 2730)
(46, 5, 14670)
(46, 27, 47295)
(46, 23, 42409)
(46, 12, 47992)
(46, 1, 26725)
(46, 44, 9328)
(46, 38, 28200)
(46, 42, 34167)
(46, 19, 5210)
(46, 24, 6204)
(46, 31, 44288)
(46, 36, 26324)
(46, 9, 25152)
(46, 26, 13769)
(47, 11, 22976)
(48, 10, 44347)
(48, 19, 24249)
(48, 41, 12589)
(48, 32, 46234)
(48, 11, 27584)
(48, 7, 10583)
(48, 9, 22854)
(48, 12, 292)
(48, 22, 47623)
(48, 39, 9521)
(48, 42, 45712)
(49, 31, 49063)
(49, 33, 55704)
(49, 27, 38349)
(49, 8, 33797)
(49, 23, 16833)
(49, 41, 27178)
(49, 9, 25691)
(49, 21, 29885)
(49, 40, 53440)
(49, 16, 37787)
(49, 48, 20820)
(49, 5, 19536)
(49, 12, 4181)
(49, 47, 16268)
(49, 10, 4825)
(49, 6, 46092)
(49, 7, 49895)
(49, 46, 41930)
(49, 18, 6927)
(49, 17, 42423)
(49, 32, 2097)
(50, 16, 39803)
(50, 19, 6812)
(50, 35, 422)
(50, 7, 42992)
(50, 26, 21856)
(50, 28, 3029)
(50, 38, 10883)
(50, 47, 12893)
(50, 4, 23063)
(50, 44, 8165)
(50, 24, 49591)
(50, 45, 39320)
(50, 25, 22169)
(50, 27, 45527)
(50, 22, 23015)
(50, 0, 30766)
(50, 8, 28953)
(50, 34, 1314)
(50, 39, 48882)
(51, 16, 29893)
(51, 24, 51520)
(51, 20, 46385)
(51, 43, 35661)
(51, 44, 11559)
(51, 34, 26579)
(51, 49, 56476)
(51, 15, 44668)
(51, 29, 55980)
(51, 48, 25543)
(51, 35, 14153)
(51, 19, 49603)
(51, 0, 21591)
(51, 30, 45784)
(51, 6, 48101)
(51, 8, 46531)
(51, 17, 43540)
(51, 37, 19217)
(51, 11, 26233)
(52, 27, 49243)
(52, 46, 49887)
(52, 2, 42615)
(52, 35, 26334)
(52, 24, 11085)
(52, 6, 10404)
(52, 48, 58115)
(52, 44, 12757)
(52, 12, 38200)
(52, 38, 9758)
(53, 14, 25357)
(53, 11, 42146)
(53, 10, 10553)
(53, 50, 30008)
(53, 19, 37677)
(53, 0, 40234)
(53, 29, 48821)
(53, 32, 37522)
(53, 37, 26732)
(53, 22, 25565)
(53, 7, 16756)
(53, 27, 7475)
(53, 20, 13458)
(53, 3, 28089)
(53, 1, 28429)
(53, 16, 15073)
(53, 45, 18660)
(53, 18, 46156)
(53, 43, 19497)
(53, 30, 5915)
(53, 28, 42028)
(53, 40, 22493)
(53, 12, 28999)
(53, 33, 12237)
(53, 24, 15447)
(54, 13, 3877)
(54, 9, 55053)
(54, 51, 8674)
(54, 23, 36802)
(54, 33, 48702)
(54, 10, 34591)
(54, 53, 4376)
(54, 21, 32589)
(54, 35, 52992)
(54, 52, 49337)
(54, 28, 29524)
(54, 26, 43364)
(54, 22, 2686)
(54, 5, 54865)
(54, 3, 17271)
(54, 37, 22414)
(54, 47, 50052)
(54, 43, 10077)
(54, 18, 38812)
(54, 41, 25741)
(55, 20, 19707)
(56, 14, 11095)
(56, 39, 24318)
(56, 46, 27456)
(56, 2, 4519)
(56, 23, 53406)
(56, 24, 8398)
(56, 38, 31100)
(56, 37, 20960)
(56, 11, 6081)
(56, 6, 40378)
(56, 8, 55542)
(56, 48, 18141)
(56, 43, 48834)
(56, 42, 2905)
(56, 36, 55395)
(56, 5, 14707)
(56, 16, 37423)
(56, 35, 25343)
(56, 17, 25228)
(56, 20, 44993)
(56, 10, 5606)
(56, 31, 56934)
(56, 1, 12349)
(56, 28, 55782)
(56, 29, 39880)
(56, 26, 25509)
(56, 27, 9929)
(56, 49, 16179)
(56, 51, 19036)
(56, 7, 12564)
(56, 18, 30609)
(56, 52, 22954)
(56, 12, 1844)
(56, 19, 15060)
(56, 55, 50959)
(56, 54, 41981)
(56, 4, 50713)
(56, 30, 19339)
(56, 34, 8215)
(56, 47, 5852)
(57, 47, 50631)
(57, 26, 42374)
(57, 35, 1823)
(57, 54, 25750)
(57, 50, 46847)
(57, 9, 14795)
(57, 33, 54114)
(57, 23, 35367)
(57, 42, 45637)
(57, 17, 34013)
(57, 34, 18003)
(57, 4, 56029)
(57, 38, 3062)
(57, 30, 14322)
(57, 51, 1057)
(57, 19, 23201)
(57, 44, 27315)
(57, 13, 46703)
(58, 15, 52685)
(59, 14, 54735)
(59, 2, 6891)
(59, 52, 25015)
(59, 27, 29814)
(59, 9, 56550)
(59, 43, 56267)
(59, 36, 45346)
(59, 37, 52682)
(59, 26, 55206)
(59, 3, 38964)
(59, 46, 21702)
(59, 7, 43730)
(59, 5, 14715)
(59, 41, 29916)
(59, 13, 39367)
(59, 47, 42914)
(59, 33, 3634)
(59, 49, 14591)
(59, 44, 14025)
(59, 56, 36913)
(59, 8, 4809)
(59, 21, 5736)
(59, 17, 50055)
(59, 15, 46402)
(59, 4, 5685)
(59, 11, 37877)
(59, 18, 38132)
(59, 54, 42718)
(59, 16, 54553)
(59, 57, 39697)
(59, 39, 44163)
(59, 34, 25010)
(59, 12, 31269)
(59, 51, 5062)
(59, 24, 47401)
(59, 20, 17361)
(59, 25, 40131)
(59, 10, 10998)
(59, 22, 50222)
(59, 19, 15194)
(59, 40, 13568)
(60, 35, 22754)
(60, 38, 18990)
(60, 51, 8440)
(60, 6, 553)
(60, 34, 3787)
(60, 28, 37038)
(60, 32, 10582)
(60, 14, 37056)
(60, 16, 22476)
(60, 17, 23068)
(61, 56, 9996)
(61, 46, 16918)
(61, 41, 49372)
(61, 11, 32663)
(61, 26, 5662)
(61, 36, 3450)
(61, 7, 22475)
(61, 13, 3099)
(61, 45, 51915)
(61, 60, 47591)
(62, 0, 153)
(62, 50, 52596)
(62, 28, 53044)
(62, 47, 8322)
(62, 30, 1485)
(62, 44, 34776)
(62, 9, 14908)
(62, 61, 18581)
(63, 3, 27809)
(63, 58, 15469)
(63, 27, 8701)
(63, 51, 9045)
(63, 39, 51510)
(63, 38, 49368)
(63, 36, 1185)
(63, 13, 39040)
(63, 15, 9262)
(63, 47, 924)
(63, 12, 5927)
(63, 25, 39757)
(63, 60, 31357)
(63, 44, 10929)
(63, 22, 45956)
(63, 53, 53099)
(63, 4, 18596)
(63, 46, 43750)
(63, 43, 442)
(63, 42, 32366)
(63, 10, 25425)
(63, 41, 44980)
(63, 19, 56025)
(63, 17, 2922)
(63, 5, 9975)
(63, 30, 974)
(63, 55, 15967)
(63, 40, 31173)
(63, 7, 42052)
(63, 2, 24602)
(63, 21, 21305)
(63, 0, 55593)
(63, 57, 18305)
(63, 54, 31773)
(63, 59, 27856)
(63, 32, 42852)
(63, 16, 49245)
(63, 61, 9327)
(63, 20, 8788)
(63, 56, 40455)
(64, 36, 5001)
(64, 35, 28790)
(64, 42, 45455)
(64, 19, 30029)
(64, 9, 3875)
(64, 33, 43000)
(64, 54, 50992)
(64, 48, 10826)
(64, 26, 18735)
(64, 47, 23239)
(64, 10, 4373)
(65, 49, 55320)
(65, 24, 31392)
(65, 10, 18891)
(65, 37, 14994)
(65, 44, 38863)
(65, 59, 10059)
(65, 32, 52945)
(65, 1, 3113)
(65, 47, 2360)
(65, 19, 194)
(65, 31, 12904)
(65, 4, 10577)
(65, 29, 32936)
(65, 0, 40129)
(66, 64, 38607)
(66, 44, 57284)
(66, 56, 40207)
(66, 47, 29260)
(66, 4, 14017)
(66, 51, 25905)
(66, 54, 49118)
(66, 15, 11542)
(66, 41, 58132)
(66, 17, 5143)
(66, 6, 4250)
(66, 22, 41656)
(66, 24, 30391)
(66, 14, 51812)
(66, 25, 6949)
(66, 42, 6383)
(66, 3, 3350)
(66, 8, 45287)
(66, 0, 19118)
(66, 45, 27334)
(66, 1, 45779)
(66, 50, 16540)
(66, 31, 45218)
(66, 63, 2476)
(66, 35, 33218)
(66, 19, 20963)
(66, 48, 48609)
(66, 33, 57201)
(66, 7, 20315)
(67, 40, 43489)
(67, 15, 53338)
(67, 19, 50768)
(67, 10, 4698)
(67, 64, 702)
(67, 41, 41780)
(67, 6, 42562)
(67, 32, 14719)
(67, 44, 54874)
(67, 9, 47709)
(67, 14, 52988)
(67, 0, 3944)
(67, 29, 57386)
(67, 27, 10785)
(67, 35, 10182)
(67, 42, 22689)
(67, 30, 35994)
(67, 33, 51825)
(67, 13, 22634)
(67, 18, 41120)
(67, 12, 28732)
(67, 65, 42924)
(68, 3, 16673)
(68, 0, 9621)
(68, 10, 9175)
(68, 59, 11810)
(68, 19, 26421)
(68, 38, 22987)
(68, 11, 51429)
(68, 29, 35696)
(68, 54, 11062)
(68, 6, 29227)
(68, 48, 49624)
(68, 49, 1419)
(68, 23, 28054)
(68, 46, 25964)
(68, 53, 4354)
(68, 13, 22369)
(68, 7, 56694)
(68, 25, 17082)
(68, 5, 19417)
(68, 35, 48977)
(68, 4, 39379)
(68, 66, 35509)
(68, 16, 19372)
(68, 28, 49236)
(68, 17, 49248)
(68, 61, 37493)
(68, 37, 6504)
(68, 12, 40589)
(68, 34, 57494)
(68, 32, 2283)
(68, 43, 30814)
(68, 58, 40237)
(68, 30, 20812)
(68, 57, 8487)
(68, 31, 24802)
(68, 9, 41177)
(68, 51, 12359)
(68, 55, 41974)
(68, 47, 37535)
(68, 22, 26362)
(68, 21, 41822)
(68, 64, 31995)
(68, 52, 8331)
(68, 15, 57967)
(69, 27, 40727)
(69, 60, 38694)
(69, 4, 10540)
(69, 35, 30884)
(69, 58, 49923)
(69, 3, 49750)
(69, 5, 36922)
(69, 50, 47483)
(69, 6, 4867)
(69, 39, 50664)
(69, 18, 53468)
(69, 23, 45203)
(69, 28, 44656)
(69, 34, 15)
(69, 1, 38878)
(70, 41, 2552)
(70, 61, 24281)
(70, 12, 46743)
(70, 28, 44986)
(70, 55, 18109)
(70, 43, 20833)
(70, 30, 18283)
(70, 17, 1461)
(70, 34, 5649)
(70, 37, 43439)
(70, 45, 40183)
(70, 1, 51724)
(70, 59, 51165)
(70, 33, 35198)
(71, 5, 46173)
(71, 39, 5861)
(71, 44, 57914)
(71, 53, 23895)
(71, 27, 46939)
(71, 29, 29041)
(71, 19, 46905)
(71, 36, 50672)
(71, 43, 33765)
(71, 42, 43276)
(71, 66, 496)
(71, 25, 47570)
(71, 37, 22973)
(71, 41, 9538)
(71, 13, 3175)
(71, 14, 11253)
(71, 11, 38411)
(71, 62, 32376)
(71, 50, 18759)
(71, 40, 24987)
(71, 70, 51769)
(71, 47, 4658)
(71, 45, 34796)
(71, 3, 33970)
(71, 32, 49186)
(71, 26, 5107)
(71, 49, 45270)
(71, 15, 21282)
(71, 59, 47831)
(71, 60, 24438)
(71, 12, 23318)
(71, 1, 32527)
(71, 61, 19021)
(71, 65, 9207)
(71, 55, 18152)
(71, 16, 32242)
(71, 2, 38222)
(71, 0, 29150)
(71, 8, 37190)
(71, 17, 28487)
(71, 30, 51805)
(71, 7, 57415)
(71, 64, 35054)
(71, 18, 21439)
(71, 46, 6455)
(71, 24, 29177)
(72, 62, 3149)
(72, 56, 4909)
(72, 9, 43631)
(72, 51, 11822)
(72, 22, 34399)
(72, 69, 49862)
(72, 35, 40481)
(72, 18, 34548)
(72, 17, 7272)
(72, 49, 53681)
(72, 61, 42920)
(72, 25, 37729)
(72, 71, 3053)
(72, 23, 52743)
(72, 26, 11294)
(72, 12, 4161)
(72, 64, 10037)
(72, 16, 51458)
(72, 70, 20768)
(72, 36, 8227)
(72, 57, 5069)
(72, 7, 41494)
(72, 43, 6450)
(72, 27, 3724)
(72, 21, 35557)
(72, 28, 1054)
(72, 60, 15686)
(72, 46, 56016)
(72, 68, 12655)
(72, 37, 13944)
(72, 1, 20434)
(72, 66, 14190)
(72, 39, 35759)
(72, 67, 31699)
(72, 6, 19218)
(72, 31, 17685)
(72, 44, 18950)
(72, 53, 17978)
(72, 30, 36244)
(72, 59, 44292)
(72, 11, 6290)
(72, 4, 26048)
(72, 15, 24082)
(72, 8, 6661)
(72, 10, 53451)
(72, 3, 24624)
(72, 5, 800)
(72, 50, 7959)
(72, 13, 37691)
(72, 33, 12392)
(72, 63, 32786)
(72, 32, 44098)
(72, 55, 2291)
(72, 24, 27715)
(72, 47, 30885)
(72, 54, 38362)
(72, 41, 4162)
(72, 0, 48592)
(72, 58, 472)
(72, 52, 7595)
(72, 19, 42493)
(72, 14, 47017)
(72, 29, 3923)
(72, 40, 4778)
(72, 65, 13756)
(72, 48, 45585)
(72, 34, 52376)
(73, 13, 5407)
(73, 23, 28288)
(74, 7, 38973)
(74, 56, 46719)
(74, 32, 9676)
(74, 51, 33125)
(74, 72, 26217)
(74, 14, 25878)
(74, 31, 2165)
(74, 13, 51065)
(74, 42, 53375)
(74, 18, 11827)
(74, 41, 31295)
(74, 25, 28195)
(74, 61, 31659)
(74, 11, 51054)
(74, 36, 51368)
(74, 63, 54446)
(74, 37, 28657)
(74, 70, 36522)
(74, 47, 40786)
(74, 35, 27707)
(74, 38, 37275)
(74, 43, 21399)
(74, 71, 25678)
(74, 2, 24446)
(74, 39, 46175)
(74, 1, 34168)
(74, 62, 6142)
(74, 52, 41525)
(74, 40, 1815)
(74, 9, 47184)
(74, 66, 49785)
(74, 3, 19639)
(74, 22, 49159)
(74, 15, 46413)
(74, 65, 47579)
(74, 64, 41579)
(74, 45, 52915)
(74, 4, 45305)
(74, 68, 42005)
(74, 67, 35872)
(74, 26, 35230)
(74, 49, 24819)
(74, 23, 4367)
(74, 59, 48643)
(74, 6, 10651)
(74, 8, 32084)
(74, 46, 37548)
(74, 27, 57877)
(74, 53, 11851)
(74, 48, 23884)
(74, 55, 16532)
(74, 19, 53139)
(74, 69, 39241)
(74, 54, 32532)
(74, 33, 19612)
(74, 44, 30863)
(74, 50, 7829)
(74, 21, 5154)
(75, 20, 19430)
(75, 10, 56192)
(75, 16, 57387)
(75, 66, 6332)
(75, 44, 3038)
(75, 30, 5275)
(75, 72, 36931)
(75, 18, 54216)
(75, 38, 48245)
(75, 54, 17033)
(75, 4, 20178)
(75, 32, 151)
(75, 73, 28347)
(75, 11, 55994)
(75, 12, 38693)
(75, 56, 12437)
(75, 62, 45869)
(75, 37, 7588)
(75, 45, 41379)
(75, 15, 15674)
(75, 27, 29511)
(75, 74, 40672)
(75, 50, 36328)
(75, 29, 12794)
(75, 41, 50629)
(75, 65, 15810)
(75, 61, 48212)
(75, 48, 33452)
(75, 36, 30680)
(75, 64, 58049)
(75, 21, 55285)
(75, 6, 25205)
(75, 43, 16133)
(75, 24, 13737)
(75, 60, 24767)
(75, 19, 52533)
(75, 71, 2921)
(75, 0, 26431)
(75, 7, 38753)
(75, 28, 24853)
(75, 35, 38985)
(75, 31, 55986)
(75, 34, 11983)
(75, 47, 36446)
(75, 1, 34663)
(75, 26, 44564)
(75, 63, 5741)
(75, 52, 47856)
(75, 53, 9499)
(75, 9, 264)
(75, 25, 16420)
(75, 17, 36742)
(75, 69, 14924)
(75, 5, 10523)
(75, 51, 1846)
(75, 14, 35324)
(75, 8, 33208)
(75, 49, 43437)
(75, 2, 22358)
(75, 46, 20101)
(75, 23, 23664)
(75, 67, 3399)
(75, 42, 6706)
(75, 55, 20599)
(75, 13, 15687)
(75, 57, 11596)
(76, 22, 48097)
(76, 10, 35344)
(76, 5, 3398)
(76, 48, 10075)
(76, 58, 50937)
(76, 28, 19962)
(76, 15, 28133)
(76, 46, 44999)
(76, 75, 38189)
(76, 21, 45550)
(76, 68, 34353)
(76, 0, 42454)
(76, 74, 5214)
(76, 37, 13374)
(76, 50, 48567)
(76, 19, 27326)
(76, 57, 24194)
(76, 2, 42921)
(76, 72, 32925)
(76, 36, 6214)
(76, 38, 15642)
(76, 64, 39100)
(76, 65, 34971)
(76, 27, 21054)
(76, 9, 52293)
(76, 7, 26459)
(76, 60, 54568)
(76, 30, 17400)
(76, 11, 50857)
(76, 17, 45112)
(76, 29, 37982)
(76, 8, 21511)
(76, 52, 14945)
(76, 35, 26117)
(77, 31, 5975)
(77, 18, 37030)
(77, 14, 50948)
(77, 9, 6546)
(77, 38, 49040)
(77, 47, 7448)
(77, 58, 9200)
(77, 3, 56294)
(77, 36, 53009)
(77, 13, 18916)
(77, 76, 26181)
(77, 19, 20050)
(77, 27, 16564)
(78, 20, 21711)
(78, 6, 17578)
(78, 15, 5983)
(78, 3, 53106)
(78, 37, 30436)
(78, 2, 49342)
(78, 66, 32538)
(78, 16, 43782)
(78, 31, 33015)
(78, 28, 39274)
(78, 58, 52514)
(78, 68, 29283)
(78, 73, 4606)
(78, 17, 13120)
(78, 18, 47599)
(78, 10, 17937)
(78, 65, 10435)
(78, 42, 13914)
(78, 40, 34474)
(78, 33, 41679)
(78, 54, 2149)
(78, 36, 28921)
(78, 38, 50489)
(78, 72, 49822)
(79, 0, 17962)
(79, 16, 41845)
(79, 31, 11952)
(79, 53, 37327)
(79, 40, 18595)
(79, 70, 34143)
(79, 43, 31058)
(79, 20, 42369)
(79, 4, 20955)
(79, 59, 44996)
(79, 42, 48561)
(79, 68, 11384)
(79, 14, 4817)
(79, 7, 8879)
(79, 76, 12926)
(79, 8, 30582)
(79, 22, 36875)
(79, 1, 50755)
(79, 77, 55136)
(79, 3, 57530)
(79, 48, 30054)
(79, 38, 39470)
(79, 75, 48901)
(79, 18, 44461)
(79, 15, 47603)
(79, 67, 8362)
(79, 44, 46491)
(79, 30, 35938)
(79, 13, 15646)
(79, 54, 30205)
(79, 49, 7372)
(79, 50, 30571)
(79, 62, 46980)
(79, 25, 36468)
(79, 63, 21887)
(79, 33, 44045)
(79, 64, 24320)
(79, 60, 3274)
(79, 61, 39382)
(79, 17, 46922)
(79, 21, 41913)
(79, 57, 57961)
(79, 65, 23722)
(79, 45, 41333)
(79, 46, 35134)
(79, 26, 17631)
(79, 58, 4897)
(79, 74, 44968)
(79, 39, 6573)
(79, 41, 24322)
(79, 9, 179)
(79, 36, 34402)
(79, 73, 3313)
(79, 66, 39921)
(79, 12, 43691)
(79, 27, 27606)
(79, 52, 55774)
(79, 5, 32305)
(79, 71, 4977)
(79, 19, 49409)
(79, 2, 10079)
(79, 28, 16275)
(79, 69, 38592)
(79, 23, 30095)
(79, 56, 14883)
(79, 51, 7415)
(79, 24, 5700)
(79, 35, 50921)
(79, 6, 856)
(79, 55, 18503)
(79, 29, 8790)
(79, 37, 47141)
(79, 78, 31216)
(79, 11, 5755)
(79, 47, 16507)
(79, 10, 22960)
(79, 34, 57416)
(79, 32, 56949)
(80, 21, 11657)
(80, 73, 7275)
(80, 3, 17432)
(81, 38, 31785)
(82, 61, 42412)
(82, 64, 26632)
(82, 41, 32147)
(82, 26, 446)
(82, 46, 54021)
(82, 0, 33791)
(82, 78, 43802)
(82, 29, 1441)
(82, 62, 4447)
(82, 44, 22945)
(82, 73, 26328)
(82, 39, 2685)
(82, 16, 10453)
(82, 28, 37765)
(82, 38, 1624)
(82, 17, 43136)
(82, 53, 19952)
(82, 67, 19696)
(82, 8, 4644)
(82, 52, 11495)
(82, 4, 8284)
(82, 80, 17410)
(82, 40, 28037)
(82, 54, 9141)
(82, 18, 639)
(82, 2, 43397)
(82, 21, 52399)
(82, 12, 49933)
(82, 65, 54755)
(82, 13, 11907)
(82, 7, 9215)
(82, 25, 52037)
(82, 43, 3346)
(82, 11, 45959)
(82, 63, 55843)
(82, 50, 31916)
(82, 77, 7173)
(82, 49, 9052)
(82, 9, 10968)
(82, 37, 23349)
(82, 24, 5311)
(82, 55, 19323)
(82, 70, 36381)
(82, 68, 21164)
(82, 57, 56818)
(82, 60, 39153)
(82, 74, 2928)
(82, 6, 183)
(82, 47, 34916)
(82, 79, 46259)
(82, 42, 3080)
(82, 72, 37507)
(82, 23, 46911)
(82, 34, 27836)
(82, 45, 24193)
(82, 20, 48832)
(82, 19, 11345)
(82, 76, 14574)
(82, 14, 44094)
(82, 33, 40940)
(82, 58, 6008)
(82, 75, 57966)
(82, 10, 5365)
(82, 71, 47557)
(82, 81, 56097)
(82, 22, 11639)
(82, 51, 305)
(82, 59, 35310)
(82, 32, 49723)
(82, 15, 53853)
(82, 3, 5)
(82, 69, 6358)
(82, 31, 6118)
(82, 30, 27088)
(82, 1, 2316)
(82, 5, 40590)
(82, 35, 15100)
(83, 11, 55840)
(83, 18, 43527)
(83, 71, 41748)
(83, 48, 2585)
(83, 79, 55553)
(83, 75, 44223)
(83, 59, 9126)
(83, 60, 45581)
(83, 74, 49341)
(83, 51, 35555)
(83, 6, 25364)
(83, 33, 13675)
(83, 56, 55759)
(83, 14, 56042)
(83, 47, 52779)
(83, 82, 14893)
(83, 38, 6943)
(83, 39, 34060)
(83, 70, 54921)
(83, 36, 23562)
(83, 25, 3760)
(83, 15, 41072)
(83, 52, 29144)
(83, 80, 29167)
(83, 54, 7336)
(83, 57, 42286)
(83, 46, 30931)
(83, 34, 25611)
(83, 26, 36205)
(83, 1, 46123)
(83, 22, 25986)
(83, 64, 44253)
(83, 76, 34113)
(83, 19, 32357)
(83, 81, 45532)
(83, 49, 34489)
(83, 41, 41388)
(83, 42, 56713)
(83, 55, 41211)
(83, 5, 28016)
(83, 29, 50905)
(83, 73, 1586)
(83, 7, 25944)
(83, 3, 56233)
(83, 65, 52926)
(83, 69, 33109)
(83, 9, 45082)
(83, 13, 36370)
(83, 10, 46182)
(83, 43, 40708)
(83, 61, 9218)
(83, 31, 36224)
(83, 12, 27941)
(83, 78, 39348)
(83, 28, 17834)
(83, 30, 36484)
(83, 77, 44967)
(83, 4, 56882)
(84, 4, 18063)
(84, 17, 9291)
(84, 51, 1564)
(84, 49, 34283)
(84, 31, 29611)
(84, 32, 13716)
(84, 19, 22527)
(84, 73, 36489)
(84, 40, 8891)
(84, 20, 17656)
(84, 6, 12120)
(84, 18, 25985)
(84, 13, 23872)
(84, 74, 43425)
(84, 1, 12895)
(84, 56, 54170)
(84, 5, 57313)
(84, 23, 30754)
(84, 55, 37897)
(84, 10, 30433)
(84, 77, 49127)
(84, 26, 55249)
(84, 28, 15881)
(84, 43, 30839)
(84, 67, 1992)
(84, 33, 42081)
(84, 38, 25841)
(84, 72, 16412)
(84, 36, 22855)
(84, 7, 7620)
(84, 59, 13322)
(84, 30, 53321)
(84, 47, 38101)
(84, 42, 33962)
(84, 37, 33278)
(84, 25, 33421)
(84, 8, 14138)
(84, 39, 49911)
(84, 50, 50335)
(84, 45, 48510)
(84, 70, 48430)
(84, 64, 37735)
(84, 60, 12769)
(84, 35, 53228)
(84, 15, 28130)
(84, 62, 41692)
(84, 41, 3390)
(84, 21, 55643)
(84, 12, 45540)
(84, 3, 10907)
(84, 27, 32334)
(84, 58, 57312)
(84, 63, 49714)
(84, 66, 30551)
(85, 42, 13672)
(85, 37, 54005)
(85, 43, 21088)
(85, 77, 53737)
(85, 9, 10158)
(85, 17, 38589)
(85, 6, 6085)
(85, 54, 10206)
(85, 4, 40144)
(85, 18, 18512)
(85, 58, 54757)
(85, 65, 26958)
(85, 14, 9085)
(85, 2, 43215)
(85, 38, 5238)
(85, 39, 1219)
(85, 48, 56741)
(85, 7, 1829)
(85, 49, 10591)
(85, 36, 34015)
(85, 8, 56002)
(85, 3, 25838)
(85, 71, 56038)
(85, 50, 57700)
(85, 47, 53302)
(85, 55, 49455)
(85, 25, 51002)
(85, 51, 34033)
(85, 73, 37815)
(85, 82, 13809)
(85, 59, 23167)
(85, 22, 37240)
(85, 45, 54538)
(85, 84, 38322)
(85, 40, 19724)
(85, 79, 18500)
(85, 23, 50655)
(85, 70, 32006)
(85, 53, 31118)
(85, 1, 9477)
(85, 31, 53438)
(85, 16, 56348)
(85, 56, 5921)
(85, 30, 37233)
(86, 26, 33672)
(86, 38, 29258)
(86, 78, 41428)
(86, 4, 50398)
(86, 17, 46082)
(86, 22, 57273)
(86, 62, 24650)
(86, 37, 940)
(86, 66, 35108)
(86, 12, 6691)
(86, 43, 22342)
(86, 51, 5579)
(86, 52, 33050)
(86, 81, 42752)
(86, 41, 7110)
(86, 75, 18825)
(86, 48, 44144)
(86, 68, 18518)
(86, 60, 51813)
(86, 35, 2501)
(86, 76, 32588)
(86, 29, 44818)
(86, 21, 6191)
(86, 0, 29050)
(87, 85, 15954)
(87, 4, 38104)
(87, 46, 33803)
(87, 49, 6642)
(87, 28, 17715)
(87, 56, 50399)
(87, 58, 13876)
(87, 1, 21299)
(87, 39, 45238)
(87, 36, 35925)
(87, 57, 54663)
(87, 76, 44361)
(87, 65, 44984)
(87, 66, 15276)
(87, 61, 22540)
(87, 23, 47357)
(87, 10, 54302)
(87, 45, 51199)
(87, 37, 2368)
(87, 78, 15415)
(87, 14, 9136)
(87, 21, 11429)
(87, 81, 41035)
(87, 55, 16226)
(87, 41, 17164)
(87, 43, 36191)
(87, 62, 41686)
(87, 83, 43784)
(87, 33, 24409)
(87, 25, 14346)
(87, 0, 1191)
(87, 8, 39478)
(87, 74, 45930)
(87, 17, 12728)
(87, 84, 50148)
(87, 32, 14533)
(87, 71, 54610)
(87, 26, 53637)
(87, 42, 30191)
(87, 72, 53124)
(87, 64, 1490)
(87, 82, 12084)
(87, 59, 49392)
(87, 80, 19525)
(87, 47, 28824)
(87, 40, 32872)
(87, 79, 23591)
(87, 77, 46586)
(87, 27, 53918)
(87, 75, 10813)
(87, 22, 11369)
(87, 19, 25053)
(87, 48, 32059)
(87, 2, 22363)
(87, 5, 21754)
(87, 73, 46822)
(87, 20, 24391)
(87, 31, 23087)
(87, 67, 6420)
(87, 68, 57712)
(87, 24, 16759)
(87, 30, 41584)
(87, 9, 19000)
(87, 52, 37487)
(87, 15, 55695)
(87, 18, 6950)
(87, 70, 57674)
(87, 6, 50122)
(87, 38, 20319)
(87, 86, 37236)
(87, 63, 42162)
(87, 35, 21254)
(87, 7, 32777)
(87, 11, 40025)
(87, 44, 34005)
(87, 16, 24828)
(87, 34, 4887)
(87, 13, 40121)
(87, 60, 42678)
(88, 34, 21267)
(88, 42, 56339)
(88, 52, 28788)
(88, 43, 40962)
(88, 57, 5553)
(88, 37, 5015)
(88, 14, 7773)
(88, 22, 38073)
(88, 68, 44303)
(88, 39, 44711)
(88, 54, 2387)
(88, 75, 9427)
(88, 17, 54337)
(88, 61, 20342)
(88, 50, 57443)
(88, 62, 8171)
(88, 18, 1938)
(88, 70, 23788)
(88, 28, 21641)
(88, 7, 13768)
(88, 36, 43207)
(88, 27, 35111)
(88, 67, 38019)
(88, 59, 30429)
(88, 44, 50405)
(88, 5, 25648)
(88, 72, 49987)
(88, 29, 29125)
(88, 6, 27320)
(88, 38, 39352)
(88, 85, 53793)
(88, 32, 31291)
(88, 87, 53199)
(88, 13, 29252)
(88, 80, 39326)
(88, 21, 52885)
(88, 9, 57187)
(88, 2, 47081)
(88, 84, 19377)
(88, 78, 9217)
(88, 81, 7813)
(88, 1, 2280)
(88, 16, 723)
(88, 23, 31631)
(88, 46, 35628)
(88, 86, 4938)
(88, 12, 23104)
(88, 8, 50767)
(88, 63, 43644)
(88, 83, 33567)
(89, 31, 9062)
(89, 57, 52492)
(89, 28, 54336)
(89, 4, 9027)
(89, 8, 27299)
(89, 17, 46992)
(89, 67, 3191)
(89, 44, 47079)
(89, 33, 18661)
(89, 43, 58090)
(89, 7, 20723)
(89, 16, 42997)
(89, 2, 29655)
(89, 77, 10073)
(89, 64, 21946)
(89, 50, 344)
(90, 54, 49298)
(90, 32, 12760)
(90, 36, 8220)
(90, 69, 31271)
(90, 29, 28681)
(90, 1, 47046)
(90, 19, 15006)
(90, 30, 36978)
(90, 46, 17596)
(90, 65, 16476)
(90, 82, 30489)
(90, 88, 56407)
(90, 75, 15512)
(90, 28, 44781)
(90, 73, 56773)
(90, 83, 49459)
(91, 34, 51688)
(91, 59, 7403)
(91, 78, 26687)
(91, 66, 38575)
(91, 64, 34963)
(91, 1, 44412)
(91, 55, 25871)
(91, 10, 40195)
(91, 32, 56159)
(91, 53, 22881)
(91, 62, 25952)
(91, 22, 40031)
(91, 58, 39871)
(91, 23, 33272)
(91, 61, 38459)
(91, 70, 42790)
(91, 30, 23944)
(91, 54, 26960)
(91, 25, 4989)
(91, 48, 29033)
(91, 87, 9055)
(91, 52, 11389)
(91, 50, 7476)
(91, 29, 40472)
(91, 72, 4359)
(91, 2, 54227)
(91, 80, 5284)
(91, 14, 23311)
(91, 4, 16278)
(91, 27, 14541)
(91, 16, 30663)
(91, 7, 6310)
(91, 57, 26188)
(91, 51, 7614)
(91, 71, 46529)
(91, 77, 16696)
(91, 90, 49821)
(91, 21, 43101)
(91, 89, 2749)
(91, 3, 20744)
(91, 37, 6426)
(91, 82, 12571)
(91, 75, 43534)
(91, 35, 2276)
(91, 13, 30870)
(91, 46, 31488)
(91, 85, 4461)
(91, 73, 53054)
(91, 68, 9685)
(91, 36, 49065)
(91, 65, 23388)
(91, 83, 22056)
(91, 0, 42101)
(91, 69, 42662)
(91, 11, 10263)
(91, 44, 46015)
(91, 40, 15721)
(91, 12, 27075)
(92, 51, 41797)
(92, 34, 41047)
(92, 81, 58114)
(92, 13, 38708)
(92, 88, 31094)
(92, 89, 37293)
(92, 2, 19102)
(92, 20, 8923)
(92, 26, 34294)
(92, 75, 55434)
(92, 45, 34019)
(92, 3, 32072)
(92, 78, 44089)
(92, 80, 43939)
(92, 9, 4075)
(92, 68, 56897)
(92, 30, 1472)
(92, 63, 25396)
(92, 91, 27758)
(92, 48, 47934)
(92, 49, 22773)
(92, 19, 17081)
(92, 58, 10933)
(92, 76, 39503)
(92, 61, 20292)
(92, 10, 51469)
(92, 15, 54196)
(92, 54, 14930)
(92, 82, 27103)
(92, 47, 20867)
(92, 4, 1742)
(92, 43, 4579)
(92, 60, 31124)
(92, 77, 26070)
(92, 21, 19997)
(92, 83, 33440)
(92, 55, 26512)
(92, 73, 16091)
(92, 16, 39906)
(92, 85, 2750)
(92, 7, 42290)
(92, 56, 17722)
(92, 42, 2935)
(92, 31, 29264)
(92, 36, 37166)
(92, 53, 54580)
(92, 0, 28559)
(92, 33, 35216)
(92, 64, 44218)
(92, 62, 52747)
(92, 40, 6125)
(92, 8, 6522)
(92, 74, 45480)
(92, 17, 55814)
(92, 6, 56942)
(92, 35, 51524)
(92, 71, 50574)
(92, 29, 6261)
(92, 11, 44890)
(92, 79, 12207)
(92, 86, 22536)
(92, 24, 30591)
(92, 22, 22485)
(92, 28, 57213)
(92, 72, 27466)
(92, 69, 551)
(92, 87, 47961)
(92, 67, 2689)
(92, 23, 48178)
(92, 14, 34846)
(92, 84, 17246)
(92, 70, 11590)
(92, 39, 51672)
(92, 1, 46745)
(92, 52, 32101)
(92, 59, 37211)
(92, 5, 51409)
(92, 44, 20801)
(92, 12, 5530)
(92, 90, 24230)
(92, 57, 21886)
(92, 18, 5240)
(92, 41, 43324)
(92, 65, 43212)
(92, 38, 4874)
(92, 46, 8014)
(92, 37, 21249)
(93, 63, 2514)
(93, 80, 46272)
(93, 36, 40494)
(93, 87, 24673)
(93, 34, 43443)
(93, 39, 41864)
(93, 64, 8745)
(93, 8, 950)
(93, 81, 41680)
(93, 75, 52132)
(93, 3, 16289)
(93, 70, 14624)
(93, 0, 48630)
(93, 51, 1687)
(93, 61, 7373)
(93, 67, 10518)
(93, 42, 32797)
(93, 19, 10919)
(93, 49, 52923)
(93, 31, 47055)
(93, 76, 50099)
(93, 88, 9397)
(94, 13, 28698)
(94, 42, 49436)
(94, 54, 54140)
(94, 71, 522)
(94, 5, 54970)
(94, 48, 36836)
(94, 92, 34811)
(94, 85, 39908)
(94, 63, 53005)
(94, 17, 16888)
(94, 4, 23604)
(94, 65, 23548)
(94, 45, 41174)
(94, 37, 19910)
(94, 6, 20915)
(94, 34, 52999)
(94, 14, 34695)
(94, 23, 39041)
(94, 41, 16095)
(94, 61, 64)
(94, 43, 22606)
(95, 27, 24741)
(95, 31, 24823)
(95, 4, 14513)
(95, 53, 34843)
(95, 47, 52129)
(95, 15, 35075)
(95, 58, 34389)
(95, 22, 21413)
(95, 79, 816)
(95, 84, 38972)
(95, 43, 9529)
(95, 2, 33326)
(95, 93, 7765)
(95, 7, 2958)
(95, 81, 12164)
(95, 17, 21784)
(95, 37, 51250)
(95, 64, 31944)
(95, 74, 48205)
(95, 60, 31611)
(95, 52, 8882)
(95, 57, 39828)
(95, 91, 51732)
(95, 40, 2158)
(95, 18, 35333)
(95, 35, 54)
(95, 6, 30661)
(95, 68, 54805)
(95, 9, 14359)
(95, 62, 37446)
(95, 20, 9707)
(95, 38, 57293)
(95, 21, 21551)
(95, 89, 40476)
(95, 1, 37434)
(95, 71, 15877)
(95, 86, 15767)
(95, 77, 40712)
(95, 33, 19320)
(95, 48, 28415)
(95, 90, 20973)
(95, 44, 19346)
(95, 26, 41145)
(95, 41, 13785)
(95, 28, 20936)
(96, 27, 19195)
(96, 62, 55642)
(96, 26, 31595)
(96, 67, 18163)
(96, 56, 5232)
(96, 0, 41028)
(96, 10, 2289)
(96, 8, 23713)
(96, 15, 18948)
(96, 42, 44978)
(96, 49, 8718)
(96, 68, 19082)
(96, 48, 32495)
(96, 14, 11976)
(96, 7, 16444)
(96, 51, 57104)
(96, 63, 32554)
(96, 90, 49836)
(96, 28, 18005)
(96, 21, 27205)
(96, 6, 54562)
(96, 59, 743)
(96, 76, 38272)
(96, 23, 43028)
(96, 39, 15980)
(96, 73, 31227)
(96, 54, 56045)
(96, 94, 14260)
(96, 25, 29435)
(96, 82, 1508)
(96, 75, 40747)
(96, 52, 27984)
(96, 17, 46522)
(96, 79, 23892)
(96, 80, 45263)
(96, 78, 35626)
(96, 40, 14869)
(96, 44, 57210)
(96, 74, 42747)
(96, 2, 2250)
(96, 77, 30981)
(96, 92, 39948)
(96, 20, 51645)
(96, 11, 55348)
(96, 53, 50316)
(96, 37, 41528)
(96, 60, 6695)
(96, 85, 668)
(96, 19, 14786)
(96, 50, 911)
(96, 22, 12323)
(96, 13, 51109)
(96, 47, 48575)
(96, 84, 21645)
(96, 66, 31548)
(96, 91, 18549)
(96, 32, 10700)
(96, 5, 31185)
(96, 95, 31211)
(96, 65, 41558)
(96, 9, 31542)
(96, 93, 48517)
(96, 70, 3242)
(96, 81, 27818)
(97, 70, 701)
(97, 11, 53300)
(97, 81, 10551)
(97, 40, 759)
(97, 60, 39287)
(97, 69, 27347)
(97, 32, 24501)
(97, 94, 44834)
(97, 54, 24447)
(97, 77, 11519)
(97, 19, 26684)
(97, 4, 1315)
(97, 91, 1689)
(97, 57, 23609)
(97, 96, 45385)
(97, 75, 33917)
(97, 93, 52578)
(97, 33, 18214)
(97, 48, 45843)
(97, 89, 23382)
(97, 30, 41405)
(97, 16, 17014)
(97, 85, 17390)
(97, 17, 19307)
(97, 15, 55307)
(97, 22, 29843)
(97, 1, 27689)
(97, 68, 27887)
(97, 55, 34615)
(97, 2, 36864)
(97, 7, 43880)
(97, 26, 4506)
(97, 34, 47972)
(97, 56, 1538)
(97, 71, 33101)
(97, 64, 42866)
(97, 90, 41489)
(97, 47, 56141)
(97, 78, 40259)
(97, 8, 36396)
(97, 29, 13159)
(97, 38, 42338)
(97, 66, 9608)
(97, 44, 30900)
(97, 35, 20509)
(97, 87, 18085)
(97, 41, 21550)
(97, 83, 5451)
(97, 73, 7117)
(97, 18, 45559)
(97, 36, 25183)
(97, 42, 50263)
(97, 74, 5430)
(97, 63, 23137)
(97, 88, 38512)
(97, 65, 8536)
(97, 37, 23757)
(97, 23, 12369)
(97, 14, 53410)
(97, 95, 13482)
(97, 6, 6498)
(97, 13, 36474)
(97, 9, 48011)
(97, 53, 46581)
(97, 46, 50128)
(97, 28, 549)
(97, 86, 22785)
(97, 20, 33283)
(97, 0, 3936)
(97, 62, 18157)
(97, 31, 35907)
(97, 92, 21252)
(97, 21, 5337)
(97, 10, 51695)
(97, 39, 38382)
(97, 12, 53457)
(97, 67, 3801)
(97, 61, 9279)
(97, 3, 3165)
(97, 76, 20868)
(97, 45, 9923)
(97, 80, 36590)
(97, 25, 41858)
(97, 59, 5327)
(97, 27, 23413)
(97, 50, 21858)
(97, 5, 53717)
(97, 58, 16080)
(97, 43, 36854)
(97, 72, 57987)
(97, 52, 21562)
(97, 24, 52962)
(97, 79, 6516)
(97, 49, 25677)
(98, 19, 2122)
(98, 67, 56535)
(98, 7, 36576)
(98, 47, 26912)
(98, 51, 19057)
(98, 90, 3764)
(98, 83, 43111)
(98, 9, 8787)
(98, 1, 42370)
(98, 79, 17837)
(98, 42, 38843)
(98, 12, 40199)
(98, 46, 21186)
(98, 56, 4287)
(98, 53, 26606)
(98, 13, 38917)
(98, 92, 45038)
(98, 20, 38129)
(98, 3, 50362)
(98, 6, 19828)
(98, 73, 1242)
(98, 30, 21605)
(98, 61, 38434)
(98, 88, 26595)
(98, 60, 16886)
(98, 77, 18482)
(98, 63, 24749)
(98, 93, 45603)
(98, 43, 37251)
(98, 34, 14101)
(98, 69, 57857)
(98, 85, 691)
(98, 87, 37851)
(98, 39, 32683)
(98, 26, 14420)
(98, 75, 22820)
(98, 96, 42930)
(98, 23, 41576)
(98, 55, 23145)
(98, 58, 1167)
(98, 84, 24440)
(98, 82, 8677)
(98, 72, 22103)
(98, 49, 42417)
(98, 95, 12656)
(98, 65, 34301)
(98, 21, 14633)
(98, 28, 50329)
(98, 68, 48988)
(98, 14, 46626)
(98, 89, 35116)
(98, 5, 29378)
(98, 66, 40583)
(98, 86, 5333)
(98, 38, 42560)
(98, 57, 30838)
(98, 8, 16059)
(98, 64, 44765)
(98, 33, 40158)
(98, 27, 39799)
(98, 71, 17120)
(98, 36, 30165)
(98, 35, 25044)
(98, 31, 56024)
(98, 2, 52074)
(98, 24, 19171)
(98, 16, 14204)
(98, 40, 13068)
(98, 62, 36697)
(99, 57, 93)
(99, 13, 9899)
(99, 78, 46524)
(99, 87, 7915)
(99, 21, 47638)
(99, 9, 41860)
(99, 10, 32153)
(99, 7, 51151)
(99, 89, 48470)
(99, 23, 42303)
(99, 68, 42287)
(99, 83, 50827)
(99, 27, 11017)
(99, 19, 26325)
(99, 46, 18780)
(99, 29, 51229)
(99, 62, 5517)
(99, 1, 2866)
(99, 69, 51744)
(99, 11, 26259)
(99, 14, 43500)
(99, 98, 3952)
(99, 30, 50832)
(99, 49, 38651)
(99, 26, 45553)
(99, 56, 4305)
(99, 6, 846)
(99, 90, 52612)
(99, 51, 55909)
(99, 97, 5257)
(99, 33, 12688)
(99, 18, 47803)
(99, 36, 6710)
(99, 16, 26963)
(99, 70, 30898)
(99, 71, 53865)
(99, 17, 11487)
(99, 4, 44578)
(100, 80, 5990)
(100, 82, 9332)
(100, 67, 47386)
(100, 8, 36480)
(100, 5, 5296)
(100, 97, 4010)
(100, 52, 52008)
(100, 25, 21475)
(100, 70, 15580)
(100, 98, 20249)
(100, 94, 51259)
(100, 45, 52660)
(100, 20, 55878)
(100, 85, 17585)
(100, 44, 36397)
(100, 75, 21857)
(100, 61, 40552)
(100, 16, 28331)
(100, 6, 34199)
(100, 2, 16015)
(100, 90, 7824)
(100, 87, 29827)
(100, 54, 56109)
(100, 14, 43929)
(100, 73, 50452)
(100, 9, 56326)
(100, 93, 4086)
(100, 84, 54572)
(100, 3, 38719)
(100, 57, 13984)
(100, 86, 9884)
(100, 50, 23535)
(100, 92, 50454)
(100, 74, 35710)
(100, 34, 2737)
(100, 96, 57564)
(100, 81, 25201)
(100, 15, 33148)
(100, 83, 55737)
(100, 17, 47705)
(100, 28, 16716)
(100, 30, 19629)
(100, 76, 50267)
(100, 31, 52337)
(100, 43, 1300)
(100, 68, 50201)
(100, 10, 9569)
(100, 26, 34659)
(100, 47, 29180)
(100, 62, 43065)
(100, 19, 53347)
(100, 40, 19215)
(100, 24, 4834)
(100, 33, 52756)
(100, 88, 56606)
(100, 22, 41972)
(100, 35, 45523)
(100, 71, 42352)
(100, 27, 43426)
(100, 56, 5826)
(100, 7, 9669)
(100, 95, 26553)
(100, 77, 9193)
(100, 0, 18808)
(100, 55, 53505)
(100, 41, 15104)
(100, 36, 25824)
(100, 46, 4724)
(100, 32, 18350)
(100, 13, 45249)
(100, 53, 53393)
(100, 72, 6815)
(100, 42, 4695)
(100, 91, 25142)
(100, 37, 41432)
(100, 23, 41126)
(100, 29, 47026)
(100, 1, 952)
(100, 51, 16977)
(100, 63, 35917)
(100, 59, 44742)
(100, 79, 37041)
(100, 78, 34363)
(100, 89, 19099)
(100, 18, 41300)
(100, 49, 20974)
(100, 66, 26742)
(100, 21, 55419)
(100, 58, 34802)
(101, 56, 32551)
(101, 43, 7500)
(101, 30, 5152)
(101, 49, 26337)
(101, 68, 7320)
(101, 16, 3204)
(101, 91, 16916)
(101, 11, 9089)
(102, 41, 4559)
(102, 31, 24207)
(102, 85, 33311)
(102, 55, 4739)
(102, 72, 27377)
(102, 60, 10649)
(102, 24, 12493)
(102, 61, 54620)
(102, 21, 52847)
(102, 8, 5369)
(102, 76, 43815)
(102, 62, 31107)
(103, 87, 49587)
(103, 40, 43306)
(103, 11, 31282)
(103, 96, 24593)
(103, 67, 9959)
(103, 90, 30528)
(103, 52, 15504)
(103, 53, 54266)
(103, 5, 34958)
(103, 0, 8258)
(103, 3, 40624)
(103, 20, 45564)
(103, 19, 24439)
(103, 77, 46727)
(103, 42, 48333)
(103, 71, 34552)
(103, 9, 35873)
(103, 97, 50034)
(103, 58, 9044)
(103, 39, 8872)
(103, 50, 37127)
(103, 43, 37766)
(103, 80, 36260)
(103, 95, 37225)
(103, 54, 45481)
(104, 51, 34722)
(104, 4, 42213)
(104, 38, 56073)
(104, 48, 49768)
(104, 43, 10004)
(104, 30, 52329)
(104, 45, 54093)
(104, 56, 2673)
(104, 93, 6046)
(104, 82, 5622)
(104, 91, 12497)
(104, 59, 43213)
(104, 87, 55359)
(104, 2, 43657)
(104, 99, 40675)
(104, 67, 18387)
(104, 88, 12451)
(104, 33, 30264)
(104, 42, 25493)
(104, 53, 9879)
(104, 97, 57843)
(104, 89, 6321)
(104, 6, 51453)
(104, 54, 49757)
(104, 95, 29727)
(104, 47, 15166)
(104, 83, 1454)
(104, 23, 40572)
(104, 18, 22427)
(104, 16, 30402)
(104, 44, 26638)
(104, 52, 9073)
(104, 57, 14658)
(104, 61, 32221)
(104, 84, 20332)
(104, 68, 14313)
(104, 90, 36600)
(104, 1, 22806)
(104, 62, 51353)
(104, 40, 33778)
(104, 74, 11732)
(104, 10, 382)
(104, 94, 5215)
(104, 80, 6751)
(104, 78, 4641)
(104, 25, 37857)
(104, 100, 22308)
(104, 19, 20774)
(104, 35, 46145)
(104, 39, 17169)
(104, 41, 18139)
(104, 66, 19635)
(104, 37, 36342)
(104, 21, 37031)
(104, 32, 49684)
(104, 8, 49460)
(104, 70, 22673)
(104, 7, 25467)
(104, 79, 21805)
(104, 60, 706)
(104, 26, 25706)
(104, 3, 13969)
(104, 50, 57)
(104, 102, 19155)
(104, 96, 31336)
(104, 85, 50591)
(104, 15, 4294)
(104, 75, 36170)
(104, 72, 5786)
(104, 101, 5061)
(104, 31, 25474)
(104, 34, 45913)
(104, 58, 49446)
(104, 28, 7545)
(104, 0, 4667)
(104, 103, 44588)
(104, 55, 22401)
(104, 11, 38172)
(104, 81, 42210)
(104, 12, 15793)
(104, 73, 38879)
(104, 69, 24743)
(104, 24, 5173)
(104, 71, 25240)
(104, 36, 50738)
(104, 98, 3199)
(104, 86, 17761)
(104, 9, 19544)
(104, 76, 36767)
(104, 17, 55274)
(104, 5, 20970)
(104, 14, 34073)
(104, 63, 31205)
(104, 22, 8748)
(104, 92, 20146)
(104, 27, 17769)
(104, 46, 22604)
(104, 64, 28817)
(104, 49, 39516)
(104, 13, 39171)
(104, 29, 52521)
(105, 3, 8108)
(105, 56, 21756)
(105, 102, 36567)
(105, 34, 54191)
(105, 87, 42092)
(105, 42, 54841)
(105, 78, 7325)
(105, 19, 2711)
(105, 4, 31103)
(105, 37, 44064)
(105, 17, 27485)
(105, 47, 54335)
(105, 6, 24571)
(105, 50, 28666)
(105, 58, 10155)
(105, 66, 48870)
(105, 84, 22770)
(105, 7, 23212)
(105, 52, 15303)
(105, 44, 16748)
(105, 93, 26977)
(105, 23, 57783)
(105, 35, 8826)
(105, 67, 57057)
(105, 81, 39054)
(105, 12, 31169)
(105, 31, 48383)
(105, 33, 14244)
(105, 95, 26633)
(105, 65, 45788)
(105, 18, 48580)
(105, 79, 8885)
(105, 101, 53323)
(105, 14, 34104)
(105, 59, 33886)
(105, 82, 7908)
(105, 91, 48463)
(105, 70, 25569)
(105, 76, 10173)
(105, 8, 34335)
(105, 72, 31593)
(105, 63, 3423)
(105, 96, 207)
(105, 38, 38234)
(105, 25, 27985)
(105, 83, 34862)
(105, 90, 48238)
(105, 100, 4100)
(105, 0, 19064)
(105, 48, 37963)
(105, 53, 3928)
(105, 62, 32099)
(105, 51, 10982)
(105, 71, 2824)
(105, 60, 6488)
(105, 94, 57336)
(105, 54, 45328)
(105, 45, 51361)
(105, 39, 24870)
(105, 11, 34382)
(105, 55, 15242)
(105, 43, 50586)
(105, 75, 17975)
(105, 2, 3871)
(105, 97, 29819)
(105, 68, 1635)
(105, 36, 1964)
(105, 46, 27851)
(105, 21, 43121)
(105, 77, 23185)
(105, 49, 49187)
(105, 73, 35604)
(106, 7, 35208)
(106, 79, 310)
(106, 9, 9711)
(106, 21, 28027)
(106, 93, 20426)
(106, 3, 24844)
(106, 74, 39321)
(106, 19, 24664)
(106, 16, 39404)
(106, 84, 21431)
(106, 26, 33113)
(106, 56, 8854)
(106, 65, 34454)
(106, 60, 56491)
(106, 13, 23672)
(106, 102, 42349)
(106, 82, 32281)
(106, 68, 4422)
(106, 103, 6413)
(106, 83, 24307)
(106, 44, 23294)
(106, 96, 53719)
(106, 40, 26262)
(106, 92, 54470)
(106, 105, 45453)
(106, 42, 50001)
(106, 98, 36257)
(107, 52, 48800)
(107, 102, 13712)
(107, 99, 16134)
(107, 105, 25052)
(107, 66, 24262)
(107, 23, 7863)
(107, 35, 28991)
(107, 38, 51810)
(107, 22, 19846)
(107, 92, 12566)
(107, 106, 51519)
(107, 4, 44733)
(107, 79, 55710)
(107, 40, 21066)
(107, 82, 57129)
(107, 94, 11563)
(107, 69, 44590)
(107, 12, 9964)
(107, 81, 23973)
(107, 14, 31797)
(107, 51, 18869)
(107, 30, 7229)
(107, 48, 44648)
(107, 74, 51921)
(107, 33, 6192)
(107, 7, 5611)
(107, 98, 7342)
(107, 60, 6035)
(107, 10, 55442)
(107, 80, 48043)
(107, 97, 49984)
(107, 13, 37061)
(107, 71, 37376)
(107, 1, 48104)
(107, 36, 46074)
(107, 61, 56477)
(107, 55, 25551)
(107, 6, 46778)
(107, 0, 24779)
(107, 63, 21357)
(107, 86, 57301)
(107, 11, 15185)
(107, 29, 11411)
(107, 39, 31378)
(107, 100, 29143)
(107, 93, 28218)
(107, 27, 1568)
(107, 96, 25411)
(108, 48, 7422)
(108, 85, 1082)
(108, 95, 45268)
(108, 107, 33518)
(108, 46, 2532)
(108, 30, 42474)
(108, 54, 37913)
(108, 11, 46539)
(108, 81, 25503)
(108, 3, 20325)
(108, 10, 55326)
(108, 84, 30162)
(108, 13, 46589)
(108, 14, 22861)
(108, 56, 7565)
(108, 83, 39894)
(108, 6, 28818)
(108, 65, 6906)
(108, 9, 2593)
(108, 20, 26218)
(108, 49, 20246)
(108, 61, 54213)
(108, 47, 23746)
(108, 75, 33275)
(108, 71, 3931)
(108, 66, 32025)
(108, 0, 55755)
(108, 80, 18538)
(108, 36, 16735)
(108, 100, 34464)
(108, 12, 57689)
(108, 92, 22076)
(108, 27, 37716)
(108, 96, 17159)
(108, 26, 41046)
(108, 86, 25995)
(108, 88, 17944)
(108, 105, 5100)
(108, 2, 35978)
(108, 52, 41535)
(108, 19, 9243)
(108, 89, 10900)
(108, 17, 27669)
(108, 73, 50693)
(108, 90, 29382)
(108, 29, 20613)
(108, 91, 8625)
(108, 44, 54448)
(108, 50, 50282)
(108, 51, 24554)
(108, 72, 26782)
(108, 104, 54380)
(108, 39, 41625)
(108, 1, 368)
(108, 33, 29744)
(108, 97, 15255)
(108, 45, 20646)
(108, 5, 12201)
(108, 7, 13696)
(108, 34, 15431)
(108, 68, 20517)
(108, 22, 39732)
(108, 23, 10353)
(108, 106, 31067)
(108, 18, 23088)
(108, 64, 4775)
(108, 98, 1053)
(108, 42, 57445)
(108, 78, 14959)
(108, 87, 34571)
(108, 8, 17222)
(108, 28, 25073)
(108, 35, 9158)
(108, 76, 51498)
(108, 58, 30421)
(108, 82, 2454)
(108, 63, 47987)
(108, 59, 46240)
(108, 53, 56948)
(108, 40, 10873)
(108, 32, 7308)
(108, 60, 4928)
(108, 21, 32174)
(108, 62, 1421)
(108, 69, 47559)
(108, 16, 11606)
(108, 93, 10897)
(108, 79, 28707)
(108, 67, 40126)
(108, 31, 28757)
(108, 38, 24435)
(108, 70, 6515)
(108, 74, 27176)
(108, 37, 13151)
(109, 92, 37569)
(109, 84, 540)
(109, 68, 9448)
(109, 102, 2017)
(109, 49, 28675)
(109, 34, 20620)
(109, 45, 53778)
(109, 17, 53276)
(109, 5, 40123)
(109, 101, 36362)
(109, 11, 52573)
(109, 6, 53063)
(109, 36, 20787)
(109, 71, 36120)
(109, 29, 42746)
(109, 20, 2469)
(110, 85, 34369)
(110, 31, 41770)
(110, 83, 31621)
(110, 14, 29322)
(110, 55, 29185)
(110, 59, 27356)
(110, 70, 16789)
(110, 16, 6786)
(110, 79, 2254)
(110, 71, 5494)
(110, 30, 26010)
(110, 13, 26685)
(110, 105, 1562)
(110, 45, 33909)
(110, 64, 54500)
(110, 39, 54673)
(110, 19, 22889)
(110, 28, 18181)
(110, 76, 13664)
(110, 40, 34592)
(110, 91, 56111)
(110, 73, 31834)
(110, 65, 22728)
(110, 10, 49355)
(110, 92, 52022)
(110, 63, 94)
(110, 67, 3460)
(110, 94, 26852)
(110, 22, 40617)
(110, 103, 38568)
(110, 12, 32825)
(110, 32, 53328)
(110, 99, 2448)
(110, 107, 21701)
(110, 61, 21241)
(110, 80, 24112)
(110, 52, 52797)
(110, 25, 40238)
(110, 15, 34158)
(110, 29, 20229)
(110, 100, 50833)
(110, 54, 39846)
(110, 81, 1401)
(110, 75, 23107)
(110, 26, 57820)
(110, 66, 34087)
(110, 20, 17103)
(110, 58, 8163)
(110, 9, 53788)
(110, 5, 57887)
(110, 77, 37788)
(110, 42, 46707)
(110, 102, 49525)
(110, 41, 22849)
(110, 82, 49749)
(110, 44, 36146)
(110, 57, 49880)
(110, 68, 34744)
(110, 49, 21861)
(110, 89, 36195)
(110, 104, 32460)
(110, 50, 22000)
(110, 1, 14069)
(110, 37, 38517)
(110, 38, 28894)
(110, 33, 29294)
(110, 69, 13359)
(110, 3, 45918)
(110, 7, 13957)
(110, 98, 53988)
(110, 6, 39086)
(110, 56, 4044)
(110, 11, 23956)
(110, 18, 55841)
(110, 74, 2406)
(110, 96, 41294)
(110, 87, 6467)
(110, 106, 40994)
(110, 27, 24796)
(110, 62, 46555)
(110, 35, 32414)
(110, 36, 47446)
(110, 93, 45516)
(110, 17, 32368)
(110, 97, 29120)
(110, 21, 38105)
(110, 23, 4681)
(110, 47, 38884)
(110, 53, 17898)
(110, 8, 14105)
(110, 95, 41167)
(110, 72, 39049)
(110, 4, 25022)
(110, 48, 13802)
(110, 51, 30284)
(110, 78, 33554)
(110, 60, 29193)
(110, 86, 13680)
(110, 0, 32436)
(110, 90, 57899)
(110, 101, 19972)
(110, 24, 50491)
(110, 88, 35939)
(110, 34, 30046)
(110, 108, 15800)
(110, 109, 35035)
(110, 84, 51217)
(111, 72, 40022)
(111, 75, 13861)
(111, 21, 54854)
(111, 38, 9331)
(111, 34, 18267)
(111, 64, 40503)
(111, 102, 46058)
(111, 46, 27722)
(111, 50, 17347)
(111, 73, 14371)
(111, 88, 4669)
(111, 28, 24305)
(111, 61, 29399)
(111, 81, 40593)
(111, 16, 43578)
(111, 3, 15523)
(111, 19, 6194)
(111, 86, 9564)
(111, 58, 11608)
(111, 93, 2365)
(111, 89, 4610)
(111, 10, 36504)
(111, 29, 41183)
(111, 84, 4870)
(111, 1, 16246)
(111, 80, 10291)
(111, 44, 36184)
(111, 97, 47431)
(111, 27, 12512)
(111, 96, 50334)
(111, 92, 41723)
(111, 32, 44841)
(111, 51, 49322)
(111, 87, 7089)
(111, 40, 13792)
(111, 90, 35646)
(111, 91, 32448)
(111, 70, 15971)
(111, 62, 51686)
(111, 15, 51173)
(111, 74, 40252)
(111, 60, 54316)
(111, 45, 36442)
(111, 66, 11919)
(111, 30, 13248)
(111, 101, 22054)
(111, 78, 50374)
(111, 6, 30955)
(111, 35, 19894)
(111, 22, 57381)
(111, 76, 5180)
(111, 13, 705)
(111, 59, 6899)
(111, 100, 45487)
(111, 54, 7191)
(111, 52, 49440)
(111, 33, 19716)
(111, 17, 30789)
(112, 32, 3476)
(112, 105, 23854)
(112, 20, 25641)
(112, 108, 30788)
(112, 55, 43699)
(112, 107, 57648)
(112, 88, 35186)
(112, 33, 52479)
(112, 86, 16036)
(112, 16, 20986)
(112, 97, 28742)
(112, 77, 29836)
(112, 47, 15816)
(112, 71, 26844)
(112, 60, 52330)
(112, 56, 10879)
(112, 81, 56248)
(112, 34, 55911)
(112, 36, 17829)
(112, 109, 57972)
(112, 22, 24166)
(112, 9, 28735)
(113, 86, 47248)
(113, 15, 23853)
(113, 4, 10535)
(113, 78, 8188)
(113, 97, 31814)
(113, 64, 36521)
(113, 44, 5095)
(113, 32, 49986)
(113, 3, 45704)
(113, 40, 6796)
(113, 16, 24978)
(113, 111, 47339)
(113, 8, 42642)
(113, 112, 36818)
(113, 7, 18079)
(113, 73, 57929)
(113, 74, 13662)
(113, 54, 43262)
(113, 33, 24881)
(113, 11, 26014)
(113, 68, 5804)
(113, 103, 8310)
(113, 53, 57551)
(113, 90, 47485)
(113, 101, 34400)
(113, 52, 21771)
(113, 29, 14258)
(113, 77, 9601)
(113, 36, 5632)
(113, 87, 3707)
(113, 10, 15488)
(113, 25, 47609)
(113, 2, 8401)
(113, 75, 3048)
(113, 19, 20793)
(113, 66, 16227)
(113, 55, 18252)
(113, 20, 1802)
(113, 51, 50911)
(113, 6, 50161)
(113, 12, 47071)
(113, 34, 18360)
(113, 30, 42950)
(113, 5, 41429)
(113, 79, 39173)
(113, 88, 30833)
(113, 102, 18667)
(113, 105, 36692)
(113, 31, 18257)
(113, 95, 12256)
(113, 50, 2641)
(113, 61, 20088)
(113, 56, 25694)
(113, 71, 17779)
(113, 23, 35649)
(113, 72, 54438)
(113, 38, 53301)
(113, 9, 23298)
(113, 46, 39772)
(113, 39, 53870)
(113, 27, 57570)
(113, 59, 9872)
(113, 37, 46928)
(113, 107, 9950)
(113, 0, 54253)
(113, 42, 49732)
(113, 14, 39519)
(113, 96, 49194)
(113, 35, 36256)
(113, 57, 29109)
(113, 21, 898)
(113, 67, 25070)
(113, 80, 54768)
(113, 49, 40343)
(114, 91, 36387)
(114, 54, 40493)
(114, 42, 17459)
(114, 14, 25773)
(114, 101, 11570)
(114, 55, 20644)
(114, 109, 24332)
(114, 19, 45485)
(114, 111, 40636)
(114, 18, 18818)
(114, 64, 48782)
(114, 2, 36608)
(114, 71, 45927)
(114, 102, 46632)
(114, 94, 38877)
(114, 15, 55154)
(114, 81, 7669)
(114, 76, 41968)
(114, 49, 37232)
(114, 86, 3499)
(114, 7, 1075)
(114, 58, 40969)
(114, 11, 28827)
(114, 82, 38563)
(114, 78, 10938)
(114, 104, 13285)
(114, 33, 53999)
(114, 98, 39585)
(114, 113, 27474)
(114, 108, 5326)
(114, 100, 18303)
(114, 39, 31869)
(114, 4, 28075)
(114, 96, 19764)
(114, 105, 28350)
(114, 75, 49921)
(114, 107, 23425)
(114, 29, 43360)
(114, 65, 47904)
(114, 44, 41443)
(114, 50, 42211)
(114, 99, 29534)
(114, 12, 1987)
(114, 48, 18647)
(114, 51, 31689)
(114, 9, 2113)
(114, 88, 43806)
(114, 17, 52298)
(114, 60, 2761)
(114, 27, 2477)
(114, 13, 43994)
(114, 22, 39818)
(114, 25, 23957)
(114, 6, 51234)
(114, 52, 27350)
(114, 32, 10969)
(114, 8, 26114)
(114, 26, 41099)
(114, 67, 53490)
(114, 31, 18382)
(114, 62, 24575)
(114, 23, 26924)
(114, 72, 51674)
(114, 77, 26953)
(114, 36, 20648)
(114, 37, 23251)
(114, 28, 45758)
(114, 46, 34856)
(114, 80, 51564)
(114, 16, 26071)
(114, 59, 17171)
(114, 0, 52264)
(114, 84, 16014)
(114, 68, 50012)
(114, 110, 10427)
(114, 70, 34176)
(114, 87, 2823)
(114, 57, 31061)
(114, 21, 28561)
(114, 112, 16237)
(114, 85, 54022)
(114, 79, 221)
(114, 43, 15702)
(114, 20, 56469)
(114, 24, 16993)
(114, 73, 26618)
(114, 40, 48410)
(115, 57, 53940)
(115, 14, 33185)
(115, 13, 12003)
(115, 69, 10131)
(116, 10, 47913)
(116, 33, 48370)
(116, 109, 46944)
(116, 95, 13187)
(116, 7, 25080)
(116, 43, 20401)
(116, 94, 38656)
(116, 47, 43867)
(116, 96, 2434)
(116, 78, 8064)
(116, 69, 10619)
(116, 27, 16109)
(116, 68, 15925)
(116, 65, 34623)
(116, 48, 55345)
(116, 13, 17013)
(116, 16, 26471)
(116, 55, 16544)
(116, 115, 36932)
(116, 1, 36018)
(116, 9, 26344)
(116, 23, 21725)
(116, 83, 21366)
(116, 14, 6932)
(116, 39, 50051)
(116, 46, 48975)
(116, 15, 51103)
(116, 111, 19564)
(116, 30, 176)
(116, 74, 56220)
(116, 54, 13892)
(116, 40, 49711)
(116, 103, 8596)
(117, 7, 30357)
(117, 13, 23518)
(117, 111, 52569)
(117, 73, 45664)
(117, 90, 49156)
(117, 76, 12215)
(117, 93, 57181)
(117, 81, 30188)
(117, 18, 9412)
(117, 82, 38394)
(117, 91, 26941)
(117, 20, 45508)
(117, 66, 53795)
(117, 78, 48891)
(117, 32, 5127)
(117, 49, 8683)
(117, 103, 29554)
(117, 107, 39755)
(117, 16, 14601)
(117, 69, 23050)
(117, 25, 12485)
(117, 101, 33360)
(117, 63, 7410)
(117, 40, 8117)
(117, 65, 24377)
(117, 79, 19517)
(117, 17, 36251)
(117, 14, 32161)
(117, 51, 13926)
(117, 48, 22949)
(117, 42, 3459)
(117, 24, 16345)
(117, 3, 2005)
(117, 95, 26895)
(117, 54, 15716)
(117, 113, 41229)
(117, 77, 7196)
(117, 61, 28246)
(117, 75, 8273)
(117, 12, 17913)
(117, 109, 53050)
(117, 89, 3357)
(117, 68, 27482)
(117, 23, 40735)
(117, 45, 49251)
(117, 72, 48790)
(117, 50, 8590)
(117, 106, 21167)
(117, 6, 12578)
(117, 39, 31799)
(117, 46, 56695)
(117, 60, 28595)
(117, 47, 54485)
(117, 110, 48778)
(117, 59, 18878)
(117, 19, 11498)
(117, 33, 56993)
(117, 99, 46978)
(117, 10, 3914)
(117, 57, 28738)
(117, 88, 22398)
(117, 27, 34917)
(117, 55, 56162)
(117, 31, 13639)
(117, 52, 14387)
(117, 80, 39411)
(117, 92, 17714)
(117, 34, 5521)
(117, 53, 39671)
(117, 56, 24633)
(117, 35, 33789)
(117, 4, 46648)
(117, 58, 9465)
(117, 8, 36049)
(117, 2, 37962)
(117, 28, 13917)
(117, 29, 49643)
(117, 100, 9356)
(117, 112, 54558)
(117, 15, 36361)
(117, 37, 19669)
(117, 94, 15142)
(117, 97, 36732)
(117, 115, 29830)
(117, 86, 46042)
(117, 1, 512)
(117, 26, 44055)
(117, 114, 6934)
(117, 36, 22584)
(117, 85, 3083)
(117, 104, 26826)
(117, 38, 55979)
(117, 83, 36973)
(117, 9, 46564)
(117, 108, 37167)
(117, 62, 54680)
(117, 67, 27316)
(117, 84, 49542)
(117, 21, 30202)
(117, 71, 26558)
(118, 71, 33994)
(118, 63, 39023)
(118, 105, 7032)
(118, 15, 19295)
(118, 91, 8547)
(118, 37, 32206)
(118, 40, 34079)
(118, 1, 56690)
(118, 45, 31047)
(118, 10, 16827)
(118, 58, 13610)
(118, 39, 44536)
(118, 60, 664)
(118, 117, 35355)
(118, 95, 35452)
(118, 86, 55592)
(118, 111, 44119)
(118, 59, 42906)
(118, 113, 3978)
(118, 107, 55090)
(118, 73, 12918)
(118, 49, 16725)
(118, 17, 48569)
(118, 29, 30222)
(118, 114, 56171)
(118, 116, 41250)
(118, 20, 53425)
(118, 8, 52020)
(118, 65, 7039)
(118, 5, 26723)
(118, 56, 157)
(118, 76, 36895)
(118, 54, 37172)
(118, 26, 8633)
(118, 88, 55164)
(118, 110, 33119)
(118, 92, 10871)
(118, 38, 1763)
(118, 83, 57362)
(118, 67, 35484)
(118, 98, 6370)
(118, 93, 25769)
(118, 103, 39653)
(118, 100, 2344)
(118, 21, 13747)
(118, 41, 31856)
(118, 47, 39856)
(118, 2, 44846)
(118, 52, 15396)
(118, 13, 5459)
(118, 32, 14537)
(118, 87, 45613)
(118, 28, 3296)
(118, 104, 29923)
(119, 112, 17720)
(119, 48, 23475)
(119, 95, 34465)
(119, 36, 34042)
(119, 49, 32483)
(119, 108, 32940)
(119, 65, 22727)
(119, 45, 40601)
(119, 111, 53129)
(119, 2, 53081)
(119, 6, 19134)
(119, 53, 11916)
(119, 84, 13729)
(119, 38, 17564)
(119, 34, 9247)
(119, 54, 31614)
(119, 101, 38612)
(119, 43, 44520)
(119, 76, 7011)
(119, 114, 42588)
(119, 87, 52214)
(119, 37, 16009)
(119, 117, 23135)
(119, 56, 8359)
(119, 41, 39449)
(119, 73, 13366)
(119, 63, 23429)
(119, 77, 54155)
(119, 86, 732)
(119, 67, 22111)
(119, 0, 39035)
(119, 16, 9399)
(119, 5, 22109)
(119, 113, 19194)
(119, 24, 27693)
(119, 79, 16102)
(119, 30, 16281)
(119, 27, 224)
(119, 110, 20949)
(119, 10, 31150)
(119, 8, 9008)
(119, 33, 37693)
(119, 50, 54877)
(119, 29, 22021)
(119, 52, 806)
(119, 62, 56315)
(119, 31, 40906)
(119, 19, 12356)
(119, 57, 28842)
(119, 94, 24109)
(119, 83, 13828)
(119, 75, 40755)
(119, 80, 14840)
(119, 109, 18699)
(119, 15, 31708)
(119, 70, 3106)
(119, 51, 46133)
(119, 118, 24825)
(119, 104, 17024)
(119, 93, 19759)
(119, 44, 54208)
(119, 60, 52203)
(119, 59, 13954)
(119, 102, 17847)
(119, 91, 18653)
(119, 115, 14441)
(119, 106, 46444)
(119, 96, 32135)
(119, 42, 39933)
(119, 103, 6105)
(119, 61, 10376)
(119, 17, 39453)
(119, 26, 22399)
(119, 35, 37492)
(119, 92, 30689)
(119, 74, 14300)
(119, 98, 21055)
(119, 13, 21948)
(119, 82, 56777)
(119, 55, 43829)
(119, 100, 7041)
(119, 21, 2617)
(119, 23, 19666)
(119, 90, 39004)
(119, 20, 653)
(119, 66, 11621)
(119, 71, 34732)
(119, 64, 44630)
(119, 88, 30043)
(119, 11, 34534)
(119, 47, 54364)
(120, 81, 40594)
(120, 35, 53212)
(120, 119, 31745)
(120, 17, 44136)
(120, 5, 9478)
(120, 62, 7334)
(120, 69, 8582)
(120, 6, 9876)
(120, 33, 9953)
(120, 107, 43467)
(120, 7, 26427)
(120, 37, 19528)
(120, 63, 46005)
(120, 55, 2432)
(120, 80, 989)
(120, 14, 20412)
(120, 102, 51723)
(120, 111, 2757)
(120, 18, 23919)
(120, 77, 20302)
(120, 36, 3181)
(120, 51, 48881)
(120, 49, 6485)
(120, 72, 40950)
(120, 61, 4810)
(120, 76, 16763)
(120, 93, 32337)
(120, 117, 3379)
(120, 26, 38830)
(120, 8, 32861)
(120, 74, 52211)
(120, 75, 31212)
(120, 28, 6174)
(120, 31, 35402)
(120, 42, 31347)
(120, 65, 24021)
(120, 105, 22078)
(120, 22, 52077)
(120, 71, 23187)
(120, 101, 41480)
(120, 13, 36162)
(120, 50, 37162)
(120, 67, 23169)
(120, 53, 20496)
(120, 1, 52325)
(120, 97, 11849)
(120, 27, 35567)
(120, 106, 25915)
(120, 109, 26426)
(120, 79, 36169)
(120, 110, 21744)
(120, 15, 50838)
(120, 16, 6556)
(120, 3, 33010)
(120, 98, 24712)
(120, 113, 12592)
(120, 57, 19097)
(120, 32, 29732)
(120, 23, 54971)
(120, 95, 24448)
(120, 19, 31372)
(120, 56, 55406)
(120, 11, 52619)
(120, 66, 38131)
(120, 34, 2244)
(120, 59, 50652)
(120, 103, 41278)
(120, 90, 5978)
(120, 60, 22217)
(120, 108, 180)
(120, 88, 51174)
(120, 118, 38801)
(120, 92, 16423)
(120, 54, 11715)
(120, 4, 56283)
(120, 12, 32705)
(120, 41, 43492)
(120, 21, 57593)
(120, 114, 27126)
(120, 25, 34970)
(120, 68, 42715)
(121, 57, 39665)
(121, 95, 54384)
(121, 117, 7354)
(121, 102, 28871)
(121, 88, 40991)
(121, 83, 18125)
(121, 40, 21093)
(121, 93, 44020)
(121, 38, 21133)
(121, 80, 4326)
(121, 46, 55460)
(121, 29, 54193)
(121, 55, 13965)
(121, 69, 40790)
(121, 6, 26617)
(121, 79, 7315)
(121, 75, 34538)
(121, 15, 31071)
(121, 35, 55580)
(121, 104, 30223)
(121, 7, 3093)
(121, 30, 27534)
(121, 24, 29081)
(121, 63, 56731)
(121, 84, 27952)
(121, 114, 12761)
(121, 74, 16243)
(121, 111, 52911)
(121, 67, 49116)
(121, 20, 22033)
(121, 87, 38366)
(121, 39, 44149)
(121, 78, 42496)
(121, 50, 44785)
(121, 64, 41314)
(121, 65, 54282)
(121, 97, 18269)
(122, 98, 3478)
(122, 75, 8739)
(122, 56, 7463)
(122, 18, 12042)
(122, 58, 3059)
(122, 40, 6209)
(122, 62, 15348)
(122, 63, 41464)
(122, 57, 15300)
(122, 17, 40731)
(122, 30, 44448)
(122, 112, 13096)
(122, 92, 13907)
(122, 109, 14649)
(122, 13, 29090)
(122, 59, 42469)
(122, 76, 35726)
(122, 24, 4299)
(122, 35, 19989)
(122, 37, 41435)
(122, 26, 6338)
(122, 90, 54591)
(122, 99, 3689)
(122, 96, 13435)
(122, 64, 4434)
(122, 79, 24855)
(122, 23, 30653)
(122, 83, 36597)
(122, 0, 57675)
(122, 60, 31769)
(122, 38, 10219)
(122, 119, 41486)
(122, 52, 34059)
(122, 95, 53446)
(122, 97, 4691)
(122, 117, 45654)
(122, 74, 35560)
(122, 66, 20222)
(122, 46, 45570)
(122, 118, 3892)
(122, 102, 52846)
(122, 19, 52803)
(122, 47, 29960)
(122, 44, 52467)
(122, 81, 18831)
(122, 85, 11510)
(122, 87, 22211)
(122, 3, 2463)
(122, 14, 44340)
(122, 100, 26365)
(122, 61, 56950)
(122, 91, 5890)
(122, 116, 39118)
(122, 2, 3993)
(122, 10, 23682)
(122, 106, 44861)
(122, 110, 6050)
(122, 15, 30060)
(122, 45, 16774)
(122, 93, 7517)
(122, 9, 6017)
(122, 27, 31949)
(122, 22, 6841)
(122, 51, 29616)
(122, 103, 44697)
(122, 28, 47144)
(122, 7, 18430)
(122, 33, 55964)
(122, 53, 416)
(122, 121, 47602)
(122, 73, 42036)
(122, 104, 19280)
(122, 72, 48634)
(122, 88, 2809)
(122, 1, 19211)
(122, 89, 38188)
(122, 55, 53629)
(122, 11, 17314)
(122, 31, 33499)
(122, 107, 16139)
(122, 115, 57718)
(122, 49, 51893)
(122, 71, 35843)
(122, 32, 21531)
(122, 80, 30629)
(122, 25, 49989)
(122, 48, 14626)
(122, 68, 57286)
(122, 39, 9025)
(122, 111, 217)
(122, 113, 54472)
(122, 65, 31225)
(122, 41, 15169)
(122, 43, 7940)
(123, 42, 12168)
(124, 13, 42517)
(124, 100, 56600)
(124, 59, 47808)
(124, 26, 27490)
(124, 114, 23978)
(124, 63, 18743)
(124, 57, 40474)
(124, 65, 23955)
(124, 27, 28414)
(124, 21, 56583)
(124, 25, 29696)
(124, 51, 50457)
(124, 32, 13986)
(124, 3, 34881)
(124, 12, 58076)
(124, 113, 1260)
(124, 106, 15888)
(124, 28, 40653)
(124, 79, 4639)
(124, 60, 37505)
(124, 47, 3566)
(124, 75, 38653)
(124, 23, 55719)
(124, 37, 55091)
(124, 41, 3819)
(124, 45, 11820)
(124, 55, 56020)
(124, 58, 34943)
(124, 9, 8096)
(124, 48, 57180)
(124, 38, 8956)
(124, 95, 22531)
(124, 39, 23265)
(124, 14, 38224)
(124, 53, 15278)
(124, 85, 18311)
(124, 62, 49706)
(124, 73, 15739)
(124, 71, 4619)
(124, 78, 38962)
(124, 72, 20254)
(124, 34, 12081)
(124, 86, 35657)
(124, 82, 57062)
(124, 108, 16316)
(124, 19, 37528)
(124, 56, 34177)
(124, 49, 17333)
(124, 20, 55082)
(124, 66, 2960)
(124, 84, 53286)
(124, 40, 12288)
(124, 123, 27791)
(124, 102, 23196)
(124, 10, 56366)
(124, 77, 20180)
(124, 6, 47200)
(124, 115, 7571)
(124, 15, 43164)
(124, 112, 51376)
(124, 43, 15419)
(124, 35, 29366)
(124, 93, 47207)
(124, 119, 56325)
(124, 4, 47978)
(124, 36, 43249)
(124, 50, 11382)
(124, 92, 37315)
(124, 107, 34872)
(124, 61, 30048)
(124, 76, 55428)
(124, 89, 33211)
(124, 52, 8939)
(124, 68, 23579)
(124, 69, 46993)
(124, 31, 11836)
(124, 2, 27069)
(124, 90, 3933)
(124, 94, 32424)
(124, 11, 16897)
(124, 16, 40752)
(124, 111, 34858)
(124, 30, 2391)
(124, 64, 7016)
(124, 17, 33412)
(124, 5, 55857)
(124, 122, 34863)
(124, 91, 32701)
(124, 101, 3930)
(124, 116, 24581)
(124, 44, 51293)
(124, 29, 26023)
(124, 99, 19008)
(124, 88, 21688)
(124, 103, 21154)
(124, 46, 4099)
(124, 24, 30289)
(124, 7, 46032)
(124, 104, 40716)
(124, 105, 9557)
(124, 96, 43353)
(124, 70, 10632)
(124, 81, 18044)
(124, 33, 34861)
(124, 0, 4954)
(124, 87, 22920)
(124, 121, 30613)
(124, 80, 4280)
(124, 8, 1496)
(124, 120, 5735)
(124, 109, 31263)
(124, 97, 23790)
(124, 67, 46293)
(124, 18, 41497)
(125, 117, 37936)
(125, 103, 11665)
(125, 89, 10659)
(125, 23, 9305)
(126, 118, 33692)
(126, 4, 11230)
(126, 67, 24121)
(126, 102, 1193)
(126, 76, 5280)
(126, 31, 4094)
(126, 93, 20158)
(126, 12, 48036)
(126, 48, 15111)
(126, 57, 22880)
(126, 55, 27747)
(126, 65, 15511)
(126, 110, 43240)
(126, 101, 39121)
(126, 44, 10519)
(126, 9, 13778)
(126, 3, 42706)
(126, 32, 40506)
(126, 117, 19256)
(126, 61, 39400)
(126, 13, 11642)
(126, 83, 27190)
(126, 17, 50154)
(126, 119, 4272)
(126, 58, 51102)
(126, 84, 27413)
(126, 64, 49879)
(126, 27, 56413)
(126, 111, 7439)
(126, 25, 31798)
(126, 100, 16563)
(126, 80, 1863)
(126, 51, 58040)
(126, 113, 38695)
(126, 24, 30581)
(126, 43, 57830)
(126, 121, 42212)
(126, 89, 33607)
(126, 49, 17048)
(126, 74, 56121)
(126, 107, 30619)
(126, 69, 34451)
(126, 92, 2101)
(126, 37, 29074)
(126, 52, 15233)
(126, 8, 30159)
(126, 22, 33774)
(126, 86, 57327)
(126, 104, 43339)
(126, 20, 46644)
(126, 124, 39834)
(126, 14, 51816)
(126, 108, 5378)
(126, 97, 5552)
(126, 112, 10952)
(126, 2, 11623)
(126, 122, 5349)
(126, 10, 33031)
(126, 47, 23392)
(126, 50, 28050)
(126, 88, 17213)
(126, 94, 15733)
(126, 109, 34728)
(126, 5, 53516)
(126, 7, 44117)
(126, 120, 532)
(126, 36, 49079)
(126, 106, 51985)
(126, 33, 55734)
(127, 82, 51528)
(127, 120, 22126)
(127, 90, 56788)
(127, 61, 26548)
(127, 53, 34951)
(127, 114, 3741)
(127, 92, 19906)
(127, 21, 55097)
(127, 2, 42858)
(127, 57, 568)
(127, 121, 3236)
(127, 83, 13901)
(127, 45, 31946)
(127, 8, 39065)
(127, 106, 49133)
(127, 110, 11905)
(127, 46, 26628)
(127, 14, 27404)
(127, 40, 56101)
(127, 94, 44342)
(127, 123, 55894)
(127, 44, 57501)
(127, 4, 3485)
(127, 0, 29997)
(127, 5, 26822)
(127, 34, 44446)
(127, 112, 2714)
(127, 126, 35437)
(127, 62, 13586)
(127, 98, 43570)
(127, 35, 42317)
(127, 89, 28299)
(127, 78, 47406)
(128, 90, 49123)
(128, 30, 25627)
(128, 92, 36865)
(128, 79, 13499)
(128, 63, 33166)
(128, 61, 36058)
(128, 65, 7393)
(128, 56, 51752)
(128, 109, 39162)
(128, 110, 46667)
(128, 11, 15074)
(128, 31, 41260)
(128, 49, 27116)
(128, 8, 43961)
(128, 64, 10602)
(128, 68, 2056)
(128, 13, 33983)
(128, 34, 11892)
(128, 6, 44494)
(128, 47, 32009)
(128, 50, 40306)
(128, 113, 18380)
(128, 76, 6628)
(128, 69, 57948)
(128, 54, 52986)
(128, 38, 51499)
(128, 127, 41108)
(128, 122, 39498)
(128, 41, 19900)
(128, 45, 4728)
(128, 26, 52224)
(128, 99, 31203)
(128, 22, 38745)
(128, 111, 40860)
(128, 44, 38024)
(128, 14, 30310)
(128, 89, 9815)
(128, 75, 25127)
(128, 83, 54677)
(128, 35, 29402)
(128, 98, 32854)
(128, 121, 20436)
(128, 15, 43983)
(128, 94, 49650)
(128, 37, 24052)
(128, 16, 45077)
(128, 27, 33138)
(128, 74, 30971)
(128, 114, 50441)
(128, 55, 34346)
(128, 101, 49291)
(128, 4, 28717)
(128, 9, 21355)
(128, 10, 954)
(128, 84, 14425)
(128, 24, 17615)
(128, 71, 34946)
(128, 88, 31977)
(128, 60, 38309)
(128, 95, 31629)
(128, 59, 23092)
(128, 53, 42026)
(128, 96, 52373)
(128, 81, 19011)
(128, 0, 30612)
(128, 78, 10618)
(128, 115, 43906)
(128, 25, 1019)
(128, 2, 11717)
(128, 80, 39071)
(128, 5, 16967)
(128, 86, 20698)
(128, 123, 19935)
(128, 32, 56011)
(128, 124, 42198)
(128, 3, 57500)
(128, 77, 13024)
(128, 91, 6805)
(128, 112, 45231)
(128, 102, 29728)
(128, 93, 34418)
(128, 57, 27052)
(128, 23, 19062)
(128, 73, 53823)
(128, 103, 30829)
(128, 82, 24268)
(128, 67, 2882)
(128, 43, 51333)
(128, 19, 35428)
(128, 66, 637)
(128, 12, 16714)
(128, 106, 56728)
(128, 85, 45754)
(128, 28, 5777)
(128, 40, 8783)
(128, 116, 33253)
(128, 20, 15863)
(128, 21, 9505)
(128, 39, 23128)
(128, 119, 47885)
(128, 105, 52354)
(128, 118, 11460)
(128, 51, 43388)
(128, 117, 43414)
(128, 36, 47594)
(128, 72, 39507)
(128, 29, 28793)
(128, 42, 23589)
(128, 46, 54518)
(128, 126, 39082)
(128, 17, 14144)
(128, 70, 19513)
(128, 1, 11834)
(128, 48, 22926)
(128, 125, 3803)
(128, 108, 20603)
(128, 120, 35899)
(128, 104, 16422)
(128, 58, 33906)
(128, 107, 17153)
(128, 7, 23038)
(128, 62, 23269)
(128, 100, 13059)
(128, 18, 51051)
(128, 52, 8987)
(128, 87, 10617)
(128, 97, 28355)
(129, 105, 44845)
(129, 91, 23295)
(129, 25, 25004)
(129, 72, 43737)
(129, 97, 53117)
(129, 128, 28234)
(129, 65, 41587)
(129, 88, 42874)
(129, 122, 43981)
(129, 59, 49360)
(129, 6, 13253)
(129, 113, 6631)
(129, 85, 36908)
(129, 71, 3925)
(129, 90, 29377)
(129, 81, 48847)
(129, 124, 5719)
(129, 79, 15186)
(129, 14, 49579)
(129, 20, 30965)
(129, 94, 56916)
(129, 48, 43015)
(129, 80, 12691)
(129, 10, 31910)
(129, 13, 4957)
(129, 8, 44793)
(129, 78, 26342)
(129, 41, 12632)
(129, 19, 26033)
(129, 3, 12740)
(129, 127, 23582)
(130, 28, 54081)
(131, 73, 21348)
(131, 95, 38363)
(131, 31, 52856)
(131, 8, 50547)
(131, 128, 191)
(131, 111, 4108)
(131, 63, 26488)
(131, 80, 26988)
(131, 55, 9822)
(131, 121, 25557)
(131, 88, 12265)
(131, 1, 36838)
(131, 69, 48208)
(131, 12, 17313)
(131, 35, 15697)
(131, 29, 9765)
(131, 67, 2193)
(131, 102, 57348)
(131, 110, 48981)
(131, 14, 54587)
(132, 117, 527)
(132, 61, 35722)
(132, 32, 42816)
(132, 125, 25616)
(132, 33, 10174)
(132, 12, 3976)
(132, 102, 5117)
(132, 63, 49157)
(132, 46, 42105)
(132, 86, 48586)
(132, 14, 33645)
(132, 72, 27079)
(132, 85, 42860)
(132, 90, 56135)
(132, 110, 23785)
(132, 34, 33854)
(132, 84, 29563)
(132, 108, 45154)
(132, 97, 54112)
(132, 44, 10529)
(132, 98, 17117)
(132, 101, 33881)
(132, 79, 7794)
(132, 65, 46037)
(132, 96, 22289)
(132, 8, 53112)
(132, 106, 10085)
(132, 37, 40606)
(132, 82, 3129)
(132, 4, 23680)
(132, 57, 34645)
(132, 54, 25274)
(132, 39, 40872)
(132, 121, 16569)
(132, 26, 4238)
(132, 64, 47905)
(132, 41, 3183)
(132, 113, 35805)
(132, 109, 55464)
(132, 9, 49860)
(132, 71, 972)
(132, 75, 20498)
(132, 38, 8920)
(132, 122, 37500)
(132, 128, 33070)
(132, 77, 41450)
(132, 80, 43441)
(132, 74, 1022)
(132, 21, 20728)
(132, 104, 5659)
(132, 88, 56509)
(132, 36, 8875)
(132, 112, 31523)
(132, 76, 39397)
(132, 11, 51687)
(132, 70, 22313)
(132, 91, 1905)
(132, 23, 41502)
(132, 115, 24089)
(132, 68, 54981)
(132, 52, 32416)
(132, 120, 28036)
(132, 5, 51892)
(132, 130, 29901)
(132, 30, 43371)
(132, 50, 8138)
(132, 105, 51240)
(132, 40, 37727)
(132, 60, 37593)
(132, 81, 31508)
(132, 25, 54088)
(132, 53, 46580)
(132, 58, 40372)
(132, 42, 27175)
(132, 3, 7432)
(132, 6, 51007)
(132, 55, 28198)
(132, 48, 15779)
(132, 111, 22748)
(132, 31, 56876)
(132, 22, 44096)
(132, 10, 9668)
(132, 49, 51301)
(132, 16, 28915)
(132, 66, 43732)
(132, 107, 3432)
(132, 83, 35839)
(132, 114, 38256)
(132, 67, 8300)
(132, 2, 16860)
(132, 73, 41265)
(132, 78, 19225)
(132, 28, 29984)
(132, 129, 16828)
(132, 17, 26356)
(132, 94, 51265)
(132, 62, 46736)
(132, 69, 11980)
(132, 35, 33620)
(132, 103, 44172)
(132, 56, 43394)
(132, 126, 6879)
(132, 93, 37977)
(132, 92, 22867)
(132, 19, 23078)
(132, 116, 48057)
(133, 14, 20317)
(133, 80, 11207)
(133, 123, 20708)
(133, 126, 49485)
(133, 58, 57025)
(133, 15, 23519)
(133, 25, 55414)
(133, 41, 14038)
(133, 88, 49700)
(133, 95, 38942)
(133, 17, 33124)
(133, 45, 2446)
(133, 86, 3086)
(133, 89, 15026)
(133, 68, 36735)
(133, 37, 49733)
(133, 26, 12080)
(133, 116, 1892)
(133, 54, 25369)
(133, 65, 49286)
(133, 49, 17396)
(133, 29, 1836)
(133, 73, 4493)
(133, 9, 40610)
(133, 8, 25326)
(133, 102, 17855)
(133, 96, 38360)
(133, 21, 18993)
(133, 61, 24674)
(133, 63, 27529)
(133, 90, 26926)
(133, 106, 13014)
(133, 12, 7613)
(133, 62, 26708)
(133, 69, 18206)
(133, 47, 41973)
(133, 124, 33827)
(133, 71, 56674)
(133, 2, 36016)
(133, 112, 15747)
(133, 122, 39848)
(133, 128, 45486)
(133, 60, 29051)
(133, 70, 3311)
(133, 55, 9927)
(133, 16, 56714)
(133, 114, 13377)
(133, 39, 42565)
(133, 93, 24628)
(133, 3, 54911)
(133, 79, 4083)
(133, 81, 44723)
(133, 77, 51056)
(133, 30, 47684)
(133, 50, 42972)
(133, 33, 37005)
(133, 72, 5734)
(133, 78, 44688)
(133, 42, 31137)
(133, 59, 27580)
(133, 18, 50138)
(133, 115, 33068)
(133, 132, 40644)
(133, 97, 24381)
(133, 130, 57085)
(133, 24, 1135)
(133, 20, 18569)
(133, 76, 52268)
(133, 105, 40229)
(133, 32, 21480)
(133, 104, 52883)
(133, 4, 29645)
(133, 57, 9415)
(133, 10, 1023)
(133, 35, 56306)
(133, 34, 46953)
(133, 91, 32098)
(133, 38, 33531)
(133, 118, 9907)
(133, 27, 4340)
(133, 22, 6155)
(133, 94, 56316)
(133, 36, 1692)
(133, 51, 31541)
(133, 46, 53859)
(133, 1, 41588)
(133, 127, 12892)
(133, 66, 12117)
(133, 120, 24545)
(133, 108, 17183)
(133, 101, 43754)
(133, 119, 28727)
(133, 92, 57168)
(133, 125, 28810)
(133, 6, 23247)
(133, 67, 30966)
(133, 85, 18183)
(133, 87, 2483)
(133, 100, 33533)
(134, 9, 26535)
(134, 84, 21313)
(134, 120, 39929)
(134, 49, 34707)
(134, 122, 33074)
(134, 107, 40807)
(134, 77, 37085)
(134, 103, 36794)
(134, 85, 28461)
(134, 23, 53836)
(134, 93, 56345)
(134, 74, 789)
(134, 62, 17865)
(134, 129, 11488)
(134, 58, 30509)
(134, 63, 56215)
(134, 127, 8105)
(134, 42, 35319)
(135, 19, 53293)
(135, 95, 38537)
(135, 78, 56321)
(135, 62, 22908)
(135, 90, 25559)
(135, 70, 44289)
(135, 59, 31461)
(135, 76, 22588)
(135, 50, 29358)
(135, 109, 19820)
(135, 52, 28168)
(135, 127, 12424)
(135, 67, 6428)
(135, 3, 41578)
(135, 89, 54018)
(135, 16, 57971)
(135, 15, 14596)
(135, 56, 39773)
(135, 93, 31277)
(135, 48, 29461)
(135, 134, 51980)
(135, 44, 25972)
(135, 87, 23508)
(135, 82, 13195)
(135, 30, 35826)
(135, 94, 15518)
(135, 57, 38249)
(135, 117, 38432)
(135, 116, 28009)
(135, 124, 12363)
(135, 128, 39561)
(135, 9, 50512)
(135, 65, 11201)
(135, 91, 55638)
(135, 98, 24538)
(135, 37, 22629)
(135, 23, 41711)
(135, 131, 28411)
(135, 24, 1056)
(135, 79, 1695)
(135, 22, 50116)
(135, 63, 57632)
(135, 107, 40263)
(135, 112, 2719)
(135, 55, 36306)
(135, 38, 10319)
(135, 12, 16480)
(135, 105, 1908)
(135, 119, 51402)
(135, 4, 27265)
(135, 51, 45088)
(135, 40, 11616)
(135, 122, 45994)
(135, 72, 41696)
(135, 34, 33291)
(135, 27, 18738)
(135, 68, 57024)
(135, 101, 17025)
(135, 53, 8309)
(135, 60, 18921)
(135, 103, 50345)
(135, 11, 43926)
(135, 14, 17603)
(135, 42, 32989)
(135, 75, 13257)
(135, 69, 50439)
(135, 17, 8525)
(135, 39, 6589)
(136, 49, 49990)
(136, 121, 34528)
(136, 78, 17646)
(136, 75, 28389)
(136, 100, 35044)
(136, 108, 40839)
(136, 0, 8267)
(136, 30, 7971)
(136, 119, 27144)
(136, 10, 931)
(136, 12, 17686)
(136, 24, 28039)
(136, 62, 56210)
(136, 55, 19374)
(136, 127, 8697)
(136, 8, 19129)
(136, 36, 34551)
(136, 98, 32489)
(136, 65, 18664)
(136, 61, 9203)
(136, 125, 242)
(136, 84, 37546)
(136, 19, 28525)
(136, 72, 37249)
(136, 2, 42616)
(136, 94, 52205)
(136, 128, 8045)
(136, 35, 52959)
(136, 117, 12174)
(136, 5, 6222)
(136, 130, 13832)
(136, 51, 49709)
(136, 110, 55161)
(136, 56, 50504)
(136, 131, 27439)
(136, 89, 43155)
(136, 20, 36245)
(136, 112, 46068)
(136, 9, 895)
(136, 90, 23415)
(136, 42, 13189)
(136, 39, 40070)
(136, 28, 45992)
(136, 14, 55661)
(136, 15, 44740)
(136, 99, 8483)
(136, 64, 23588)
(136, 123, 53006)
(136, 103, 9479)
(136, 58, 44940)
(136, 57, 8023)
(136, 23, 57549)
(136, 135, 2200)
(136, 105, 48725)
(136, 1, 21692)
(136, 74, 47092)
(136, 41, 28222)
(136, 76, 19233)
(136, 66, 41292)
(136, 25, 32002)
(136, 17, 48431)
(136, 48, 44106)
(136, 60, 14973)
(136, 63, 21986)
(136, 47, 51118)
(136, 104, 43609)
(136, 13, 52592)
(136, 70, 41112)
(136, 7, 40706)
(136, 53, 38635)
(136, 68, 22553)
(136, 92, 38987)
(136, 95, 53172)
(136, 126, 45634)
(136, 45, 51394)
(136, 29, 12531)
(137, 50, 25351)
(137, 35, 26720)
(137, 77, 50644)
(137, 34, 37715)
(137, 136, 40673)
(137, 85, 6079)
(137, 106, 31315)
(137, 54, 38430)
(137, 20, 19678)
(137, 72, 36960)
(137, 125, 52968)
(137, 81, 46391)
(137, 93, 42801)
(137, 94, 13459)
(137, 73, 50270)
(137, 91, 12742)
(137, 49, 2626)
(137, 76, 1430)
(137, 112, 13288)
(137, 115, 26347)
(137, 135, 1745)
(137, 86, 16818)
(137, 19, 56074)
(137, 0, 45134)
(137, 25, 21034)
(137, 92, 23844)
(137, 65, 51636)
(137, 10, 7256)
(137, 12, 8083)
(137, 133, 35864)
(137, 5, 28225)
(137, 24, 35420)
(137, 80, 56337)
(137, 55, 15959)
(137, 87, 24737)
(137, 22, 11483)
(137, 48, 35976)
(137, 105, 44377)
(137, 84, 2962)
(137, 124, 1923)
(137, 9, 45787)
(137, 78, 14499)
(137, 59, 30353)
(137, 117, 24361)
(137, 30, 47924)
(137, 109, 55186)
(137, 119, 50945)
(137, 74, 44867)
(137, 128, 57848)
(137, 23, 12815)
(137, 95, 13271)
(137, 121, 54802)
(137, 57, 28856)
(137, 52, 31534)
(137, 7, 33916)
(137, 131, 14397)
(137, 123, 13343)
(137, 37, 776)
(137, 58, 26212)
(137, 132, 23340)
(137, 51, 2389)
(137, 14, 45190)
(137, 40, 1161)
(137, 102, 30935)
(137, 75, 12752)
(137, 120, 39365)
(137, 63, 29594)
(137, 61, 3761)
(137, 44, 37513)
(137, 45, 20712)
(137, 64, 1420)
(137, 60, 56918)
(137, 56, 57113)
(137, 11, 40615)
(137, 96, 35242)
(137, 104, 37937)
(137, 31, 37620)
(137, 82, 43821)
(137, 4, 46677)
(137, 1, 44003)
(137, 110, 40943)
(137, 111, 24235)
(137, 38, 48857)
(137, 28, 48787)
(137, 15, 39575)
(137, 8, 6622)
(137, 2, 16085)
(137, 114, 48745)
(137, 41, 52452)
(137, 107, 25293)
(137, 90, 57982)
(137, 67, 15329)
(137, 6, 34428)
(137, 97, 27333)
(137, 127, 11543)
(137, 13, 41186)
(137, 27, 3040)
(137, 33, 46449)
(137, 108, 40564)
(137, 3, 31972)
(137, 21, 8268)
(137, 79, 21360)
(137, 68, 35191)
(137, 116, 26780)
(137, 88, 42958)
(137, 71, 8542)
(137, 129, 40008)
(137, 83, 31559)
(137, 69, 50467)
(137, 99, 17538)
(137, 62, 37653)
(137, 26, 18116)
(137, 118, 23422)
(137, 29, 6532)
(137, 17, 24781)
(137, 32, 10125)
(137, 89, 30253)
(137, 122, 41356)
(137, 98, 51891)
(137, 46, 28979)
(137, 100, 11778)
(137, 18, 48568)
(137, 103, 449)
(137, 134, 44884)
(137, 130, 33612)
(137, 101, 9888)
(137, 16, 7302)
(137, 66, 12274)
(137, 42, 17598)
(137, 47, 47702)
(137, 70, 9657)
(137, 113, 14109)
(137, 39, 57370)
(137, 36, 51772)
(137, 43, 51522)
(137, 126, 16428)
(137, 53, 35052)
(138, 130, 52924)
(138, 117, 42440)
(138, 93, 31919)
(138, 91, 27094)
(138, 46, 15421)
(138, 107, 34938)
(138, 53, 7653)
(138, 2, 18352)
(138, 133, 47450)
(138, 123, 29803)
(138, 65, 15081)
(138, 110, 55398)
(138, 70, 26277)
(138, 39, 41355)
(138, 11, 17584)
(138, 75, 18690)
(138, 12, 14949)
(138, 109, 28671)
(138, 62, 25023)
(138, 63, 20407)
(138, 77, 34292)
(138, 4, 14147)
(138, 66, 57726)
(138, 25, 34110)
(138, 60, 49075)
(139, 101, 23743)
(139, 130, 58017)
(139, 46, 53571)
(139, 109, 46262)
(139, 95, 19609)
(139, 75, 55939)
(139, 25, 21542)
(139, 22, 29478)
(139, 119, 43616)
(139, 96, 28308)
(139, 113, 43700)
(139, 40, 35530)
(139, 1, 10586)
(139, 79, 23485)
(139, 24, 32665)
(139, 91, 43003)
(139, 97, 5380)
(139, 23, 27437)
(139, 27, 51450)
(139, 88, 4751)
(139, 6, 20675)
(139, 17, 17446)
(139, 63, 38343)
(139, 103, 55866)
(139, 71, 55321)
(139, 11, 3726)
(139, 76, 57537)
(139, 121, 51236)
(139, 12, 10988)
(139, 36, 13216)
(139, 4, 2858)
(139, 132, 28484)
(139, 43, 27085)
(139, 38, 30721)
(139, 41, 52104)
(139, 78, 42650)
(139, 57, 43588)
(139, 14, 20333)
(139, 92, 38029)
(139, 54, 28902)
(139, 16, 46064)
(139, 116, 57166)
(139, 72, 24382)
(139, 131, 2561)
(139, 7, 22582)
(139, 5, 52400)
(139, 37, 32485)
(139, 33, 6234)
(139, 112, 13749)
(139, 13, 49055)
(139, 3, 22238)
(139, 93, 55041)
(139, 21, 34254)
(139, 126, 45405)
(139, 138, 8275)
(139, 49, 33281)
(139, 135, 14568)
(139, 62, 20130)
(139, 104, 9264)
(139, 20, 16865)
(139, 90, 10748)
(139, 100, 51253)
(139, 128, 127)
(139, 45, 47939)
(139, 67, 34491)
(139, 98, 50662)
(139, 107, 3381)
(139, 66, 3581)
(139, 94, 6126)
(139, 61, 26772)
(139, 0, 17431)
(139, 15, 22715)
(139, 124, 24728)
(139, 106, 30056)
(140, 113, 33212)
(140, 15, 54421)
(140, 5, 47413)
(140, 116, 44601)
(140, 89, 38063)
(140, 28, 11674)
(140, 1, 15072)
(140, 99, 5085)
(140, 60, 43520)
(140, 30, 30296)
(140, 10, 51388)
(140, 33, 52702)
(140, 79, 23850)
(140, 117, 28481)
(140, 63, 45609)
(140, 110, 57198)
(140, 8, 24294)
(140, 37, 40697)
(140, 11, 43490)
(140, 9, 11630)
(140, 25, 30589)
(140, 123, 47261)
(140, 136, 14124)
(140, 26, 29722)
(140, 95, 43080)
(140, 38, 55262)
(140, 85, 47487)
(140, 135, 20018)
(140, 114, 24269)
(140, 64, 56739)
(140, 121, 12138)
(140, 90, 24208)
(140, 96, 21845)
(140, 133, 14933)
(140, 78, 7153)
(140, 82, 40787)
(140, 27, 25893)
(140, 51, 41298)
(140, 92, 55365)
(140, 80, 31017)
(140, 115, 15317)
(140, 68, 4185)
(140, 57, 12758)
(140, 6, 19566)
(141, 120, 50340)
(141, 133, 30535)
(141, 15, 55147)
(141, 95, 33214)
(141, 105, 23914)
(141, 6, 50347)
(141, 134, 9579)
(141, 10, 10749)
(141, 76, 31796)
(141, 60, 38679)
(141, 86, 42117)
(141, 55, 31839)
(141, 102, 42475)
(141, 107, 50926)
(141, 14, 46750)
(141, 100, 1881)
(141, 16, 15429)
(141, 83, 17862)
(141, 82, 1744)
(142, 112, 42094)
(142, 22, 42380)
(142, 29, 26763)
(142, 130, 14380)
(142, 48, 56292)
(142, 75, 41036)
(142, 114, 26995)
(142, 101, 53269)
(142, 10, 23264)
(142, 13, 57084)
(142, 113, 52271)
(142, 35, 25602)
(142, 134, 17688)
(142, 80, 53463)
(142, 124, 1172)
(142, 47, 17340)
(142, 41, 55040)
(142, 110, 3389)
(142, 15, 49781)
(142, 30, 11930)
(142, 65, 51858)
(142, 116, 38406)
(142, 122, 31332)
(142, 39, 28674)
(142, 133, 22736)
(142, 131, 21302)
(142, 54, 24746)
(142, 64, 666)
(142, 25, 31423)
(142, 62, 54469)
(142, 98, 1088)
(142, 19, 41702)
(142, 5, 52597)
(142, 12, 28387)
(142, 50, 35472)
(142, 59, 11633)
(142, 71, 20424)
(142, 87, 34885)
(142, 55, 10949)
(142, 73, 24154)
(142, 74, 16044)
(142, 78, 48318)
(142, 40, 33097)
(142, 60, 29657)
(142, 44, 29783)
(142, 132, 1210)
(142, 105, 53905)
(142, 76, 42932)
(142, 79, 6070)
(142, 81, 51965)
(142, 86, 20905)
(142, 136, 5679)
(142, 128, 5350)
(142, 46, 54855)
(142, 77, 40587)
(142, 141, 2278)
(142, 117, 25269)
(142, 67, 28006)
(142, 32, 13055)
(142, 89, 24765)
(142, 24, 8736)
(142, 52, 13573)
(142, 92, 29567)
(142, 6, 15402)
(142, 17, 25169)
(142, 108, 43373)
(142, 84, 46248)
(142, 123, 19085)
(142, 18, 23203)
(142, 8, 11121)
(142, 27, 6685)
(142, 119, 30152)
(142, 125, 33316)
(142, 121, 52863)
(142, 2, 56961)
(142, 11, 14619)
(142, 137, 11104)
(142, 63, 6270)
(142, 33, 20255)
(142, 66, 19360)
(142, 23, 44152)
(142, 3, 14681)
(142, 45, 31088)
(142, 57, 30187)
(142, 56, 1584)
(143, 11, 16482)
(143, 119, 42324)
(143, 51, 18396)
(143, 136, 30480)
(143, 6, 53884)
(143, 8, 10858)
(143, 75, 32105)
(143, 32, 38304)
(143, 90, 27167)
(143, 62, 47227)
(143, 116, 31405)
(143, 68, 2550)
(143, 9, 26424)
(143, 64, 2576)
(143, 40, 7859)
(143, 26, 11808)
(143, 139, 11325)
(143, 141, 26194)
(143, 112, 50695)
(143, 57, 32898)
(143, 98, 29182)
(143, 108, 46060)
(143, 20, 19631)
(143, 100, 6831)
(143, 80, 17974)
(143, 14, 29129)
(143, 95, 5473)
(143, 69, 36601)
(143, 67, 3958)
(143, 47, 4892)
(143, 124, 21898)
(143, 115, 4950)
(143, 66, 340)
(143, 2, 11758)
(143, 35, 27268)
(143, 133, 39895)
(143, 56, 40060)
(143, 91, 24234)
(143, 123, 33088)
(143, 78, 7486)
(143, 129, 37128)
(143, 125, 31589)
(143, 77, 39907)
(143, 52, 24739)
(143, 101, 8225)
(143, 131, 48705)
(143, 43, 19069)
(143, 28, 8579)
(143, 127, 33728)
(143, 137, 22168)
(143, 42, 33717)
(143, 89, 11086)
(143, 65, 1724)
(143, 7, 33093)
(143, 23, 50397)
(143, 3, 6958)
(143, 79, 3486)
(143, 126, 13473)
(143, 41, 52232)
(143, 55, 44792)
(143, 111, 2821)
(143, 18, 41895)
(143, 29, 441)
(143, 103, 54766)
(143, 121, 39056)
(143, 83, 19898)
(143, 4, 4764)
(143, 45, 56394)
(143, 132, 49654)
(143, 21, 17011)
(143, 94, 29865)
(143, 13, 20169)
(143, 27, 54726)
(143, 73, 44482)
(143, 128, 27555)
(143, 142, 9790)
(143, 71, 15621)
(143, 140, 32749)
(143, 15, 4009)
(143, 46, 46006)
(143, 44, 34203)
(144, 90, 43142)
(144, 110, 54602)
(144, 99, 16811)
(144, 63, 15235)
(144, 86, 25766)
(144, 85, 43066)
(144, 125, 25084)
(144, 7, 36389)
(144, 130, 55281)
(144, 141, 37617)
(144, 46, 57400)
(144, 137, 1583)
(144, 56, 38622)
(144, 133, 18683)
(144, 68, 53636)
(144, 94, 25919)
(144, 82, 26175)
(144, 18, 4119)
(144, 139, 46069)
(144, 60, 2407)
(144, 123, 16715)
(144, 106, 1366)
(144, 35, 708)
(144, 66, 38645)
(144, 42, 21609)
(144, 41, 6014)
(144, 34, 44385)
(144, 105, 4539)
(144, 28, 57128)
(144, 124, 57526)
(144, 126, 27756)
(144, 13, 49666)
(144, 138, 468)
(144, 142, 49843)
(144, 22, 5436)
(144, 64, 48824)
(144, 83, 30982)
(144, 101, 54799)
(144, 29, 12559)
(144, 78, 47473)
(144, 102, 26675)
(144, 61, 55243)
(144, 45, 16460)
(144, 58, 6443)
(144, 117, 11225)
(144, 43, 13104)
(144, 96, 40257)
(144, 57, 402)
(144, 55, 12123)
(144, 37, 884)
(144, 36, 28787)
(144, 12, 39114)
(144, 75, 32921)
(144, 88, 52165)
(144, 129, 20501)
(144, 24, 46314)
(144, 72, 22659)
(144, 26, 31950)
(144, 89, 5029)
(144, 15, 13557)
(144, 11, 16118)
(144, 81, 20391)
(144, 77, 52954)
(144, 54, 56747)
(144, 53, 16660)
(144, 115, 52773)
(145, 33, 17997)
(145, 13, 47243)
(145, 59, 37743)
(145, 3, 57609)
(145, 103, 39917)
(145, 138, 38279)
(145, 110, 41349)
(145, 118, 35369)
(145, 34, 38732)
(145, 135, 21806)
(145, 62, 15838)
(145, 5, 46780)
(145, 143, 56808)
(145, 64, 23989)
(145, 73, 19292)
(145, 127, 14297)
(145, 32, 1395)
(145, 133, 39510)
(145, 104, 20310)
(145, 113, 19055)
(145, 65, 14434)
(145, 111, 36141)
(145, 60, 34326)
(145, 83, 2633)
(145, 30, 26591)
(145, 97, 6182)
(145, 102, 24397)
(145, 68, 41855)
(145, 53, 6689)
(145, 77, 21927)
(145, 27, 1462)
(145, 10, 15648)
(145, 20, 24836)
(145, 44, 53480)
(145, 99, 6632)
(145, 112, 53690)
(145, 79, 17200)
(145, 90, 25066)
(145, 124, 29137)
(145, 109, 35963)
(145, 52, 47576)
(145, 78, 44682)
(145, 140, 27386)
(145, 28, 27834)
(145, 130, 15031)
(145, 29, 49126)
(145, 80, 41140)
(145, 8, 47687)
(145, 18, 12636)
(145, 70, 20104)
(145, 139, 40286)
(145, 134, 36311)
(145, 36, 1970)
(145, 19, 35287)
(145, 95, 1000)
(145, 115, 10270)
(145, 131, 49173)
(145, 45, 45914)
(145, 24, 10214)
(145, 23, 1305)
(145, 67, 31519)
(145, 144, 36234)
(145, 9, 20925)
(145, 71, 34271)
(145, 41, 20562)
(145, 88, 9199)
(145, 132, 52315)
(145, 142, 15790)
(145, 126, 50899)
(145, 42, 22129)
(145, 21, 41402)
(145, 92, 15558)
(145, 1, 33498)
(145, 31, 46669)
(145, 4, 50100)
(145, 107, 13593)
(145, 66, 52314)
(145, 55, 54993)
(145, 46, 9191)
(145, 61, 56250)
(145, 121, 34231)
(145, 12, 3122)
(145, 129, 57847)
(145, 125, 26975)
(145, 85, 17669)
(145, 49, 11955)
(145, 69, 21917)
(145, 74, 802)
(145, 39, 45689)
(145, 120, 48639)
(145, 136, 37488)
(145, 37, 26523)
(145, 15, 29281)
(145, 38, 14632)
(145, 123, 56989)
(145, 96, 57799)
(145, 54, 5837)
(145, 141, 23466)
(145, 6, 24862)
(145, 100, 41623)
(145, 108, 24118)
(145, 14, 548)
(145, 75, 39471)
(145, 7, 7245)
(145, 2, 57552)
(145, 119, 2919)
(145, 117, 57919)
(145, 106, 9253)
(145, 35, 23479)
(145, 91, 19782)
(145, 43, 42561)
(145, 94, 50719)
(145, 86, 24748)
(145, 72, 25268)
(145, 57, 31244)
(145, 82, 22356)
(145, 105, 49888)
(145, 50, 33408)
(145, 89, 7836)
(145, 22, 22314)
(145, 17, 57616)
(145, 128, 9401)
(145, 26, 45496)
(145, 101, 25246)
(145, 47, 58116)
(145, 51, 42581)
(145, 114, 40406)
(145, 58, 6357)
(145, 0, 30621)
(145, 40, 6842)
(145, 25, 14851)
(145, 122, 5900)
(145, 93, 54687)
(145, 84, 53030)
(145, 11, 16864)
(145, 98, 49932)
(145, 87, 57234)
(145, 116, 56874)
(145, 56, 43309)
(145, 76, 35425)
(146, 133, 41745)
(146, 110, 51386)
(146, 83, 43314)
(146, 111, 39046)
(146, 142, 57714)
(146, 135, 7564)
(146, 112, 41753)
(146, 6, 57452)
(146, 67, 29643)
(146, 55, 1977)
(146, 129, 40107)
(146, 15, 17413)
(146, 49, 38510)
(146, 59, 51541)
(146, 58, 53604)
(146, 144, 3753)
(146, 47, 41953)
(146, 117, 5749)
(146, 29, 53963)
(146, 21, 12913)
(146, 145, 52076)
(146, 75, 27164)
(146, 28, 14981)
(146, 0, 208)
(146, 123, 56007)
(146, 93, 48112)
(146, 73, 13276)
(146, 96, 28462)
(146, 118, 44336)
(146, 41, 48756)
(146, 119, 53632)
(146, 72, 8961)
(146, 32, 29389)
(146, 63, 39824)
(146, 88, 1776)
(146, 17, 348)
(146, 101, 18164)
(146, 18, 26373)
(146, 105, 57543)
(146, 121, 27914)
(146, 11, 38499)
(146, 20, 27080)
(146, 40, 10187)
(146, 27, 52757)
(146, 137, 47789)
(146, 100, 43024)
(146, 2, 28180)
(146, 120, 21904)
(146, 37, 36007)
(146, 141, 56556)
(146, 82, 1762)
(146, 91, 35822)
(146, 43, 46045)
(146, 1, 52318)
(146, 108, 45145)
(146, 126, 18404)
(146, 23, 11100)
(146, 102, 28390)
(146, 4, 40607)
(146, 106, 11364)
(146, 22, 7938)
(146, 25, 46962)
(146, 97, 20777)
(146, 5, 29318)
(146, 84, 33896)
(146, 76, 41210)
(146, 44, 7054)
(146, 80, 54478)
(146, 81, 55549)
(146, 8, 38831)
(146, 62, 14967)
(146, 125, 33502)
(146, 130, 15295)
(146, 131, 2997)
(146, 103, 32681)
(146, 45, 48240)
(146, 64, 7573)
(146, 65, 21810)
(146, 52, 33780)
(146, 26, 33393)
(146, 7, 40865)
(146, 46, 34437)
(146, 127, 41865)
(146, 24, 12712)
(146, 19, 51391)
(146, 16, 35187)
(146, 66, 49421)
(146, 48, 12167)
(146, 74, 42971)
(146, 54, 19206)
(146, 107, 10443)
(146, 51, 12722)
(146, 60, 9949)
(146, 139, 2993)
(146, 79, 30837)
(146, 69, 30687)
(146, 42, 27967)
(146, 86, 5813)
(146, 95, 52707)
(146, 115, 34666)
(146, 38, 42445)
(146, 13, 39889)
(146, 87, 694)
(146, 71, 14466)
(146, 9, 1995)
(146, 10, 30331)
(146, 14, 33877)
(146, 61, 49904)
(146, 104, 51235)
(146, 34, 44073)
(146, 77, 4388)
(146, 12, 23210)
(146, 35, 35655)
(146, 136, 1643)
(146, 99, 14210)
(146, 109, 48294)
(146, 68, 44944)
(146, 116, 49926)
(146, 31, 10456)
(146, 89, 13678)
(146, 85, 43859)
(147, 90, 49378)
(147, 19, 20569)
(147, 9, 23721)
(147, 101, 1039)
(147, 70, 25794)
(147, 130, 33411)
(147, 78, 23787)
(147, 94, 48923)
(147, 76, 37418)
(147, 8, 48325)
(147, 137, 34118)
(147, 81, 24055)
(147, 109, 7926)
(147, 131, 31557)
(147, 84, 44777)
(147, 134, 57510)
(147, 55, 20265)
(147, 95, 57946)
(147, 66, 21009)
(147, 145, 40019)
(147, 30, 39009)
(147, 144, 24689)
(147, 51, 37138)
(147, 143, 5893)
(147, 45, 52088)
(147, 138, 32244)
(147, 102, 56436)
(147, 50, 50209)
(147, 141, 15477)
(147, 38, 35701)
(147, 110, 3624)
(147, 56, 42774)
(147, 64, 51292)
(147, 58, 32873)
(147, 63, 7660)
(147, 119, 56390)
(147, 32, 51849)
(147, 41, 29529)
(147, 62, 41843)
(147, 140, 16603)
(147, 59, 35296)
(147, 36, 10922)
(147, 57, 23486)
(147, 7, 31279)
(147, 88, 56386)
(147, 39, 43554)
(147, 6, 42053)
(147, 124, 6853)
(147, 53, 3078)
(148, 129, 34720)
(148, 0, 53396)
(148, 111, 54280)
(148, 31, 36547)
(148, 107, 54819)
(148, 87, 18756)
(148, 96, 4274)
(148, 28, 9618)
(148, 121, 21877)
(148, 59, 57165)
(148, 95, 50421)
(148, 30, 26769)
(148, 75, 1275)
(148, 44, 8964)
(148, 94, 57047)
(148, 33, 42829)
(148, 120, 44598)
(148, 6, 15602)
(148, 88, 52845)
(148, 26, 31894)
(148, 143, 12911)
(148, 48, 29975)
(148, 102, 13136)
(148, 19, 26108)
(148, 23, 44654)
(148, 63, 52657)
(148, 12, 53358)
(148, 67, 31642)
(148, 106, 4532)
(148, 113, 27627)
(148, 52, 37281)
(148, 4, 36109)
(148, 125, 55805)
(148, 128, 54555)
(148, 90, 14881)
(148, 49, 17845)
(148, 16, 44450)
(148, 24, 44405)
(148, 118, 30902)
(148, 27, 44328)
(148, 43, 56691)
(149, 144, 13334)
(149, 143, 104)
(149, 53, 39094)
(149, 13, 16360)
(149, 69, 7318)
(149, 12, 49099)
(149, 103, 44189)
(149, 29, 55059)
(149, 80, 23724)
(149, 111, 54745)
(149, 2, 314)
(149, 16, 22345)
(149, 74, 30460)
(149, 130, 34237)
(149, 102, 35380)
(149, 81, 15319)
(149, 44, 52825)
(149, 20, 49417)
(149, 97, 47110)
(149, 98, 41430)
(149, 19, 54305)
(149, 17, 23549)
(149, 39, 5850)
(149, 77, 52886)
(149, 73, 56490)
(149, 5, 1878)
(149, 91, 39997)
(149, 23, 53830)
(149, 24, 15885)
(149, 15, 16021)
(149, 68, 18807)
(149, 100, 40012)
(149, 63, 331)
(149, 48, 328)
(149, 121, 10323)
(149, 113, 36266)
(149, 106, 33180)
(149, 115, 29301)
(149, 141, 57357)
(149, 27, 13045)
(149, 3, 1555)
(149, 40, 19974)
(149, 25, 53888)
(149, 105, 50912)
(149, 7, 46565)
(149, 128, 8999)
(149, 34, 56880)
(149, 18, 30851)
(149, 93, 11513)
(149, 32, 55263)
(149, 35, 53974)
(149, 10, 52950)
(149, 38, 48991)
(149, 131, 51281)
(149, 64, 8855)
(149, 72, 17158)
(149, 85, 988)
(149, 31, 33400)
(149, 78, 19742)
(149, 88, 43161)
(149, 82, 17475)
(149, 43, 52892)
(149, 8, 29842)
(149, 61, 24570)
(149, 41, 57941)
(149, 84, 9844)
(149, 147, 32666)
(149, 6, 17586)
(149, 57, 29948)
(149, 49, 48120)
(149, 75, 16238)
(149, 95, 26983)
(149, 67, 43484)
(149, 146, 27674)
(150, 57, 28463)
(150, 79, 5341)
(150, 34, 53548)
(150, 144, 55480)
(150, 30, 57408)
(150, 91, 35773)
(150, 67, 43936)
(150, 118, 17678)
(150, 134, 6952)
(150, 52, 36827)
(150, 35, 39486)
(150, 112, 29647)
(150, 93, 10126)
(150, 43, 11317)
(150, 136, 30252)
(150, 2, 23254)
(150, 10, 27883)
(150, 106, 36555)
(150, 138, 18927)
(150, 77, 30948)
(150, 33, 50101)
(150, 127, 41971)
(150, 60, 57450)
(150, 95, 46600)
(150, 51, 41384)
(150, 62, 725)
(150, 37, 52895)
(150, 90, 54161)
(150, 115, 8538)
(150, 110, 32855)
(150, 50, 10084)
(150, 147, 48620)
(150, 59, 15989)
(150, 87, 35549)
(150, 116, 40069)
(150, 84, 54579)
(150, 83, 19027)
(150, 66, 37260)
(150, 65, 11467)
(150, 133, 42226)
(150, 135, 51584)
(150, 120, 7952)
(150, 11, 41934)
(150, 16, 5654)
(150, 117, 3134)
(150, 6, 37527)
(150, 101, 1047)
(150, 124, 37608)
(150, 142, 3371)
(150, 45, 5156)
(150, 41, 33908)
(150, 31, 53894)
(150, 27, 48412)
(150, 114, 31427)
(150, 149, 16980)
(150, 99, 33472)
(150, 55, 2701)
(150, 75, 49829)
(150, 49, 37965)
(150, 9, 22662)
(150, 73, 15828)
(150, 145, 49814)
(150, 47, 15371)
(151, 42, 17795)
(151, 72, 28041)
(151, 142, 11347)
(151, 16, 12903)
(151, 69, 17642)
(151, 129, 45004)
(151, 127, 10396)
(152, 141, 3394)
(152, 60, 22015)
(152, 18, 20228)
(152, 54, 9612)
(152, 110, 27382)
(152, 76, 35622)
(152, 5, 23057)
(152, 65, 12640)
(152, 146, 21941)
(152, 111, 26494)
(152, 63, 36021)
(152, 115, 23727)
(152, 50, 17786)
(152, 90, 40973)
(152, 137, 25999)
(152, 108, 57241)
(152, 143, 38185)
(152, 79, 46463)
(152, 97, 20933)
(152, 140, 47267)
(152, 122, 40851)
(152, 98, 57723)
(152, 20, 57237)
(152, 105, 10213)
(152, 22, 29464)
(152, 38, 17629)
(152, 41, 4841)
(152, 3, 43091)
(152, 74, 57486)
(152, 21, 8546)
(152, 68, 12530)
(152, 133, 27078)
(152, 12, 31686)
(152, 27, 50628)
(152, 53, 4066)
(152, 0, 48667)
(152, 14, 27700)
(152, 92, 23119)
(152, 2, 19991)
(152, 151, 35508)
(152, 130, 17055)
(152, 73, 55305)
(152, 148, 34180)
(152, 134, 29338)
(152, 47, 33828)
(152, 128, 41946)
(152, 55, 8794)
(152, 56, 26589)
(152, 19, 14956)
(152, 150, 902)
(152, 1, 17170)
(152, 78, 19269)
(152, 66, 37440)
(152, 103, 24955)
(152, 95, 10423)
(152, 96, 15607)
(152, 138, 43970)
(152, 8, 45503)
(152, 30, 38095)
(152, 82, 24586)
(152, 42, 36160)
(152, 84, 29872)
(152, 93, 31472)
(152, 4, 57952)
(152, 51, 865)
(152, 129, 21216)
(152, 35, 47135)
(152, 107, 52901)
(152, 104, 33413)
(152, 77, 31358)
(152, 45, 28836)
(152, 112, 53147)
(152, 124, 52670)
(152, 33, 29460)
(152, 87, 36545)
(152, 57, 29799)
(152, 16, 29752)
(152, 31, 55130)
(152, 49, 18531)
(152, 119, 33140)
(152, 46, 39458)
(152, 23, 3777)
(152, 52, 10562)
(152, 15, 27615)
(152, 113, 21028)
(152, 71, 39477)
(152, 118, 53773)
(152, 89, 56932)
(152, 88, 15326)
(152, 70, 54289)
(152, 121, 39255)
(152, 120, 53587)
(152, 139, 3471)
(152, 36, 35122)
(152, 40, 13185)
(152, 37, 8378)
(152, 7, 49359)
(152, 144, 47867)
(152, 80, 58062)
(152, 132, 32090)
(152, 147, 43560)
(152, 13, 23079)
(152, 39, 45518)
(152, 106, 11289)
(152, 69, 14992)
(152, 75, 32406)
(152, 58, 18398)
(152, 114, 30238)
(152, 126, 25224)
(152, 136, 34537)
(152, 83, 21045)
(152, 9, 32708)
(152, 62, 29981)
(152, 117, 37975)
(152, 25, 33062)
(152, 44, 17354)
(152, 32, 29414)
(152, 72, 20144)
(152, 123, 35171)
(152, 67, 26193)
(152, 131, 32571)
(152, 26, 35068)
(152, 116, 52711)
(152, 149, 22221)
(152, 135, 49916)
(152, 86, 49982)
(152, 145, 38620)
(152, 10, 45652)
(152, 17, 9288)
(152, 11, 42164)
(152, 24, 30183)
(152, 34, 1437)
(152, 127, 40803)
(152, 101, 4799)
(152, 6, 25805)
(152, 85, 38567)
(152, 64, 14418)
(152, 61, 42388)
(152, 59, 23620)
(152, 99, 9880)
(152, 29, 25783)
(152, 48, 47573)
(152, 102, 15927)
(152, 109, 27568)
(152, 100, 12050)
(153, 7, 53236)
(153, 0, 53244)
(153, 21, 8011)
(153, 35, 27635)
(153, 64, 30973)
(153, 50, 35220)
(153, 13, 20350)
(153, 61, 49181)
(153, 33, 33542)
(153, 104, 56701)
(153, 6, 52243)
(153, 14, 51859)
(153, 87, 10555)
(153, 36, 52297)
(153, 132, 3268)
(153, 56, 43930)
(153, 126, 20638)
(153, 89, 7379)
(153, 11, 39993)
(153, 83, 38993)
(153, 39, 32437)
(153, 85, 8026)
(153, 71, 81)
(153, 115, 52944)
(153, 113, 27397)
(153, 129, 5041)
(153, 127, 46291)
(153, 102, 30529)
(153, 82, 46049)
(153, 88, 47835)
(153, 141, 40084)
(153, 92, 12884)
(153, 119, 16885)
(153, 65, 10622)
(153, 29, 20065)
(153, 100, 15062)
(153, 99, 29017)
(153, 69, 56633)
(153, 138, 9263)
(153, 28, 35766)
(153, 3, 17380)
(153, 95, 42675)
(153, 19, 29219)
(153, 75, 8029)
(153, 37, 12955)
(153, 152, 57022)
(153, 67, 21308)
(153, 25, 7507)
(153, 66, 26621)
(154, 141, 45355)
(154, 42, 34628)
(154, 74, 57261)
(154, 85, 11037)
(154, 1, 56656)
(154, 99, 37923)
(154, 39, 26283)
(154, 117, 34857)
(154, 137, 13265)
(154, 64, 37634)
(154, 68, 44650)
(154, 43, 31954)
(154, 32, 1831)
(154, 153, 2601)
(154, 128, 22196)
(154, 100, 17835)
(154, 111, 29314)
(154, 16, 38319)
(154, 40, 20621)
(154, 89, 17689)
(154, 105, 33295)
(154, 62, 13998)
(154, 67, 51192)
(154, 51, 16239)
(154, 22, 14408)
(154, 94, 13460)
(154, 73, 37609)
(154, 77, 49115)
(154, 125, 11939)
(154, 118, 25203)
(154, 38, 6714)
(154, 66, 37589)
(154, 133, 56769)
(154, 108, 33427)
(154, 112, 46731)
(154, 12, 27162)
(154, 31, 13606)
(154, 58, 31044)
(154, 29, 39869)
(154, 146, 32762)
(154, 14, 5531)
(154, 70, 21776)
(154, 122, 34608)
(154, 143, 33935)
(154, 20, 48708)
(154, 75, 42280)
(154, 41, 12997)
(154, 116, 45151)
(154, 140, 28495)
(154, 71, 20294)
(154, 69, 22417)
(154, 95, 27600)
(154, 142, 36849)
(154, 109, 23468)
(154, 53, 28346)
(154, 49, 49526)
(154, 102, 51279)
(154, 46, 40418)
(154, 8, 50519)
(154, 104, 14575)
(154, 24, 23434)
(154, 152, 17967)
(154, 6, 18597)
(154, 17, 56644)
(154, 63, 21644)
(154, 151, 1779)
(154, 26, 43938)
(154, 93, 23669)
(154, 103, 28092)
(154, 131, 52568)
(154, 79, 36661)
(154, 13, 52411)
(154, 61, 49517)
(154, 0, 6893)
(154, 27, 12210)
(154, 56, 27261)
(154, 15, 16230)
(154, 83, 5339)
(154, 60, 26766)
(154, 127, 46934)
(154, 135, 37836)
(154, 4, 678)
(154, 134, 17749)
(154, 97, 38934)
(154, 147, 2318)
(154, 113, 19180)
(154, 9, 20605)
(154, 130, 38062)
(154, 3, 3397)
(154, 25, 6181)
(154, 119, 19275)
(154, 7, 57968)
(154, 149, 32669)
(154, 19, 7563)
(154, 47, 57263)
(154, 107, 17424)
(154, 10, 37672)
(154, 88, 17940)
(154, 50, 27905)
(154, 78, 55846)
(154, 76, 34435)
(154, 120, 39307)
(154, 123, 6416)
(154, 139, 23225)
(154, 81, 15501)
(154, 106, 48444)
(154, 144, 29148)
(154, 110, 11223)
(154, 150, 7301)
(154, 59, 56635)
(154, 82, 5080)
(154, 114, 53055)
(154, 2, 55382)
(154, 115, 41446)
(154, 30, 42382)
(154, 35, 1592)
(154, 132, 28035)
(154, 145, 8552)
(154, 121, 6621)
(154, 136, 56032)
(154, 80, 17601)
(154, 52, 50199)
(154, 72, 51690)
(154, 23, 5790)
(154, 5, 38380)
(154, 11, 36688)
(154, 126, 31470)
(154, 37, 18854)
(154, 101, 5690)
(154, 21, 22492)
(154, 98, 23175)
(154, 55, 57909)
(155, 125, 46381)
(155, 47, 50723)
(155, 136, 15656)
(155, 10, 26936)
(155, 27, 19942)
(155, 87, 45103)
(155, 39, 43680)
(155, 148, 38438)
(155, 54, 43479)
(155, 146, 47166)
(155, 121, 39918)
(155, 86, 52859)
(155, 80, 41710)
(155, 145, 44808)
(155, 78, 24954)
(155, 31, 40149)
(155, 108, 49020)
(155, 35, 13269)
(155, 118, 8775)
(155, 59, 39030)
(155, 82, 51634)
(155, 137, 7883)
(155, 60, 6410)
(155, 8, 28298)
(155, 66, 13580)
(155, 64, 34622)
(155, 43, 36967)
(155, 57, 49250)
(155, 98, 542)
(155, 53, 55697)
(155, 44, 360)
(155, 40, 32620)
(155, 33, 1388)
(155, 135, 12842)
(155, 5, 1048)
(155, 65, 57323)
(155, 139, 30115)
(155, 55, 38754)
(155, 142, 6866)
(155, 74, 7526)
(155, 68, 11718)
(155, 128, 23547)
(155, 7, 2643)
(155, 113, 39079)
(155, 61, 46020)
(155, 2, 39502)
(155, 15, 13960)
(155, 88, 22225)
(155, 38, 51946)
(155, 134, 29454)
(155, 48, 21194)
(155, 41, 49087)
(155, 17, 30890)
(155, 92, 41326)
(155, 1, 17270)
(155, 4, 10666)
(155, 152, 19603)
(155, 144, 16652)
(155, 140, 51392)
(155, 94, 23984)
(155, 16, 55781)
(155, 93, 36463)
(155, 63, 9596)
(155, 75, 30997)
(155, 147, 10508)
(155, 102, 57069)
(155, 42, 53259)
(155, 104, 54774)
(155, 153, 55627)
(155, 116, 7683)
(155, 89, 36296)
(155, 90, 57307)
(155, 79, 11425)
(155, 100, 54991)
(155, 34, 41441)
(155, 85, 46699)
(155, 131, 14623)
(155, 20, 2224)
(155, 154, 10474)
(155, 51, 9917)
(155, 110, 28768)
(155, 130, 40720)
(155, 91, 28366)
(155, 99, 16486)
(155, 111, 35430)
(155, 72, 33318)
(155, 101, 1241)
(155, 26, 36383)
(155, 126, 27857)
(155, 83, 50253)
(155, 105, 18951)
(155, 0, 48715)
(155, 109, 25350)
(155, 119, 24259)
(155, 84, 14585)
(156, 128, 34099)
(156, 6, 35817)
(156, 11, 24891)
(156, 57, 54956)
(156, 17, 39497)
(156, 149, 20041)
(156, 111, 32582)
(156, 151, 16292)
(156, 93, 35169)
(156, 9, 58066)
(156, 117, 49169)
(156, 155, 33606)
(156, 127, 5599)
(156, 139, 40795)
(156, 108, 47153)
(156, 60, 20011)
(156, 96, 15428)
(156, 56, 49536)
(156, 74, 35952)
(156, 7, 35457)
(156, 39, 16960)
(156, 75, 37348)
(156, 101, 11774)
(156, 34, 138)
(156, 137, 14969)
(156, 64, 23651)
(156, 4, 38554)
(156, 44, 50748)
(156, 154, 49253)
(156, 82, 31223)
(156, 20, 26680)
(156, 26, 24487)
(156, 124, 14498)
(156, 25, 31310)
(156, 146, 38045)
(156, 52, 37109)
(156, 99, 6448)
(156, 61, 11628)
(156, 30, 13108)
(156, 38, 35147)
(156, 76, 28622)
(156, 68, 26607)
(156, 132, 30777)
(156, 87, 8335)
(156, 16, 16959)
(156, 86, 7918)
(157, 152, 33240)
(157, 92, 47102)
(157, 46, 55027)
(157, 66, 40179)
(157, 140, 12798)
(157, 104, 55196)
(157, 143, 45046)
(157, 54, 47906)
(157, 77, 1739)
(157, 33, 23677)
(157, 80, 36219)
(157, 103, 13110)
(157, 111, 10086)
(157, 13, 32360)
(157, 20, 8508)
(157, 87, 13251)
(157, 19, 23026)
(157, 6, 40711)
(157, 64, 55377)
(157, 36, 46061)
(157, 126, 47545)
(157, 4, 19451)
(157, 55, 32119)
(157, 105, 9386)
(157, 141, 41130)
(157, 133, 53916)
(157, 79, 5025)
(157, 90, 30915)
(157, 7, 12666)
(157, 57, 36699)
(157, 17, 26933)
(157, 67, 22067)
(157, 62, 7998)
(157, 44, 14079)
(157, 118, 21722)
(157, 154, 39620)
(157, 68, 378)
(157, 109, 6382)
(157, 148, 26475)
(157, 29, 58035)
(157, 59, 34213)
(157, 120, 18061)
(157, 97, 2991)
(157, 72, 11512)
(157, 71, 13289)
(157, 30, 16330)
(157, 8, 48148)
(157, 74, 47951)
(157, 37, 31383)
(157, 52, 22939)
(157, 113, 12140)
(157, 50, 54467)
(157, 116, 30949)
(157, 93, 13985)
(157, 15, 13803)
(157, 107, 30894)
(157, 91, 52389)
(157, 65, 7479)
(157, 124, 49232)
(157, 108, 31653)
(157, 122, 14556)
(157, 47, 9536)
(158, 92, 32410)
(158, 0, 17988)
(158, 69, 47529)
(158, 129, 21581)
(158, 138, 12183)
(158, 42, 21996)
(158, 60, 54299)
(158, 54, 18438)
(158, 121, 13179)
(158, 62, 31716)
(158, 91, 15666)
(158, 77, 43852)
(158, 149, 42607)
(158, 135, 29367)
(158, 59, 1936)
(158, 70, 51474)
(158, 111, 48110)
(158, 144, 32702)
(158, 80, 48413)
(158, 11, 54257)
(158, 101, 28460)
(158, 150, 45027)
(158, 143, 53886)
(158, 81, 42676)
(158, 127, 1974)
(158, 115, 33)
(158, 84, 30657)
(158, 96, 48197)
(158, 110, 123)
(158, 2, 37628)
(158, 154, 49033)
(158, 51, 1956)
(158, 30, 45277)
(158, 15, 28240)
(158, 9, 4328)
(158, 133, 34677)
(158, 141, 34455)
(158, 66, 912)
(158, 118, 43648)
(158, 26, 7681)
(158, 136, 52595)
(158, 116, 25506)
(158, 117, 40634)
(158, 21, 27048)
(158, 47, 44558)
(158, 95, 36128)
(158, 107, 23685)
(158, 64, 11964)
(158, 157, 1595)
(158, 5, 53048)
(158, 43, 24027)
(158, 20, 28670)
(158, 119, 4765)
(158, 32, 57773)
(158, 102, 23931)
(158, 87, 57812)
(158, 46, 48726)
(158, 52, 18534)
(159, 83, 23663)
(159, 56, 47979)
(159, 117, 10308)
(159, 154, 57611)
(159, 135, 49113)
(159, 141, 51608)
(159, 36, 9647)
(159, 82, 33470)
(159, 139, 7043)
(159, 7, 26397)
(159, 129, 41976)
(159, 157, 10276)
(159, 88, 32788)
(159, 38, 27076)
(159, 90, 40336)
(159, 39, 18240)
(159, 119, 54833)
(159, 158, 28873)
(159, 14, 39536)
(159, 111, 54017)
(159, 32, 13021)
(159, 6, 10974)
(159, 87, 43408)
(159, 77, 22051)
(159, 33, 33848)
(159, 12, 9238)
(159, 44, 17286)
(159, 123, 6149)
(159, 91, 2390)
(159, 99, 50292)
(159, 118, 30201)
(159, 125, 58043)
(159, 126, 53832)
(159, 23, 9496)
(159, 18, 3727)
(159, 124, 36698)
(159, 149, 44863)
(159, 55, 53542)
(159, 127, 43068)
(159, 128, 7109)
(159, 2, 57459)
(159, 10, 8578)
(159, 142, 42456)
(159, 27, 57268)
(159, 17, 7296)
(159, 19, 40225)
(159, 153, 41063)
(159, 51, 50480)
(159, 155, 57481)
(159, 69, 17679)
(159, 15, 20408)
(159, 131, 46603)
(159, 9, 42881)
(159, 140, 15993)
(159, 108, 50896)
(159, 21, 19398)
(159, 97, 26047)
(159, 93, 21064)
(159, 49, 26321)
(159, 3, 37141)
(159, 62, 46614)
(159, 24, 18223)
(159, 151, 480)
(159, 22, 31838)
(160, 93, 30856)
(160, 53, 9099)
(160, 98, 9181)
(160, 146, 47219)
(160, 150, 22031)
(160, 110, 37509)
(160, 90, 55153)
(160, 83, 9565)
(160, 143, 5125)
(160, 65, 49491)
(160, 10, 37531)
(160, 101, 45314)
(160, 52, 7384)
(160, 158, 48754)
(160, 116, 24623)
(160, 7, 25589)
(160, 141, 37632)
(160, 64, 8367)
(160, 1, 40401)
(160, 119, 11932)
(160, 28, 36858)
(160, 142, 21506)
(160, 96, 30781)
(160, 87, 32058)
(160, 108, 50597)
(160, 42, 33579)
(160, 41, 45226)
(160, 32, 22746)
(160, 30, 33269)
(160, 47, 23424)
(160, 97, 14702)
(160, 22, 37664)
(160, 139, 4496)
(160, 134, 36455)
(160, 111, 40775)
(160, 2, 52819)
(160, 152, 4266)
(160, 57, 40235)
(160, 136, 32660)
(160, 15, 36293)
(160, 62, 55075)
(160, 26, 25507)
(160, 94, 2510)
(160, 69, 5572)
(160, 124, 46459)
(160, 148, 2844)
(160, 153, 33537)
(160, 137, 13498)
(160, 34, 29976)
(160, 45, 17787)
(160, 86, 51337)
(160, 77, 37475)
(160, 8, 21543)
(160, 121, 41660)
(160, 140, 6271)
(160, 144, 17018)
(160, 80, 10501)
(160, 106, 48271)
(160, 54, 56356)
(160, 117, 53258)
(160, 20, 9294)
(160, 126, 56792)
(160, 104, 15585)
(160, 9, 36623)
(160, 59, 30879)
(160, 102, 23266)
(160, 84, 42960)
(160, 103, 48714)
(160, 109, 16853)
(160, 135, 16685)
(160, 14, 8070)
(160, 60, 15077)
(160, 131, 45316)
(160, 100, 10480)
(160, 16, 25288)
(160, 24, 35323)
(160, 3, 50428)
(160, 23, 17823)
(160, 33, 56466)
(160, 63, 28473)
(160, 120, 24168)
(160, 156, 55451)
(160, 19, 58098)
(160, 155, 27186)
(160, 118, 38895)
(160, 17, 44302)
(160, 95, 51489)
(160, 71, 9060)
(160, 13, 25928)
(160, 18, 55571)
(160, 91, 30993)
(160, 149, 39131)
(160, 123, 43367)
(160, 79, 25843)
(160, 40, 42856)
(160, 125, 31457)
(160, 113, 15459)
(160, 105, 33696)
(160, 43, 45686)
(161, 137, 49637)
(161, 9, 54014)
(161, 96, 41395)
(161, 67, 47993)
(161, 77, 9580)
(161, 63, 21937)
(161, 0, 30708)
(161, 104, 13364)
(161, 147, 5057)
(161, 140, 48409)
(161, 10, 14236)
(161, 111, 18366)
(161, 61, 51160)
(161, 29, 37791)
(161, 12, 57544)
(161, 131, 5551)
(161, 56, 32327)
(161, 25, 41792)
(161, 114, 7207)
(161, 115, 1301)
(161, 11, 1423)
(161, 150, 51193)
(161, 55, 16954)
(161, 87, 54275)
(161, 123, 45839)
(161, 69, 5865)
(161, 154, 45424)
(161, 120, 23953)
(161, 32, 30961)
(161, 109, 41023)
(161, 64, 35399)
(161, 143, 39645)
(161, 18, 48299)
(161, 89, 37334)
(161, 79, 40161)
(161, 156, 18261)
(161, 139, 16807)
(161, 47, 14128)
(161, 121, 57662)
(161, 37, 27341)
(161, 26, 53051)
(161, 33, 40495)
(161, 127, 56085)
(161, 66, 38252)
(161, 57, 4198)
(161, 160, 45059)
(161, 99, 357)
(161, 58, 45370)
(161, 36, 38767)
(161, 39, 54851)
(161, 107, 13829)
(161, 145, 24505)
(161, 106, 48282)
(161, 157, 51990)
(161, 53, 35371)
(161, 83, 51189)
(161, 2, 49524)
(161, 7, 25541)
(161, 48, 38655)
(161, 126, 4725)
(161, 130, 43032)
(161, 72, 33458)
(161, 112, 38294)
(161, 14, 51537)
(161, 42, 22605)
(161, 141, 9970)
(161, 70, 12919)
(161, 6, 7072)
(161, 23, 33524)
(161, 128, 37512)
(161, 8, 27331)
(161, 40, 44554)
(161, 24, 4333)
(161, 152, 20131)
(161, 51, 47199)
(161, 113, 57555)
(161, 43, 22137)
(161, 20, 55865)
(161, 134, 26303)
(161, 142, 22487)
(161, 78, 45636)
(161, 144, 13236)
(161, 62, 24156)
(161, 71, 42605)
(161, 73, 15960)
(161, 81, 13839)
(161, 19, 20352)
(161, 149, 42566)
(161, 129, 12580)
(161, 17, 30809)
(161, 90, 2228)
(161, 117, 23322)
(161, 13, 26733)
(161, 98, 13422)
(161, 22, 16459)
(161, 52, 14344)
(161, 86, 39947)
(161, 146, 29298)
(161, 148, 56711)
(161, 60, 33368)
(161, 138, 10102)
(161, 1, 56185)
(161, 76, 54764)
(161, 92, 42794)
(161, 41, 1310)
(161, 59, 13314)
(161, 158, 2451)
(161, 50, 38083)
(161, 16, 9167)
(161, 21, 43903)
(162, 1, 57477)
(162, 45, 20157)
(162, 52, 16549)
(162, 4, 49608)
(162, 63, 29896)
(162, 10, 32069)
(162, 13, 34091)
(162, 91, 29222)
(162, 40, 22347)
(162, 108, 36265)
(162, 154, 8650)
(162, 26, 36175)
(162, 36, 6227)
(162, 160, 25431)
(162, 81, 40923)
(162, 139, 5796)
(162, 64, 30974)
(162, 122, 22041)
(162, 71, 7368)
(162, 8, 53871)
(162, 74, 9134)
(162, 144, 41779)
(162, 84, 29186)
(162, 0, 20574)
(162, 94, 3383)
(162, 102, 27545)
(162, 150, 50153)
(162, 123, 23330)
(162, 42, 36919)
(162, 114, 57744)
(162, 158, 51149)
(162, 7, 44248)
(162, 155, 51372)
(162, 82, 33887)
(162, 107, 14746)
(162, 73, 11251)
(162, 17, 11922)
(162, 38, 9546)
(162, 57, 43169)
(162, 67, 18092)
(162, 128, 39831)
(162, 60, 13319)
(162, 87, 34295)
(162, 34, 44173)
(162, 120, 8973)
(162, 43, 32440)
(162, 141, 43039)
(162, 5, 5118)
(162, 159, 19539)
(162, 65, 23332)
(162, 44, 20479)
(162, 147, 48624)
(162, 50, 20514)
(162, 76, 9146)
(162, 18, 31749)
(162, 80, 36674)
(162, 37, 13856)
(162, 145, 52073)
(162, 46, 1935)
(163, 18, 39335)
(163, 85, 18896)
(163, 37, 33027)
(163, 43, 10234)
(163, 26, 57350)
(163, 87, 54996)
(163, 108, 27735)
(163, 110, 50584)
(163, 63, 48978)
(163, 127, 44663)
(163, 129, 18695)
(163, 42, 8287)
(163, 75, 21760)
(163, 39, 15684)
(163, 10, 6646)
(163, 21, 30660)
(163, 145, 50985)
(163, 62, 23505)
(163, 148, 5778)
(163, 117, 50645)
(163, 140, 49466)
(163, 120, 44320)
(163, 23, 37626)
(163, 103, 34184)
(163, 160, 34380)
(163, 67, 55914)
(163, 109, 9619)
(163, 19, 17573)
(163, 111, 42214)
(163, 151, 26540)
(163, 142, 54878)
(163, 156, 30978)
(163, 80, 41087)
(163, 13, 15867)
(163, 25, 50241)
(163, 40, 21624)
(163, 135, 54758)
(163, 132, 55004)
(163, 74, 3441)
(163, 139, 18437)
(163, 138, 33580)
(163, 107, 54220)
(163, 52, 11735)
(163, 65, 54800)
(163, 104, 16850)
(163, 47, 25539)
(163, 69, 47593)
(163, 79, 16651)
(163, 144, 9330)
(163, 8, 26441)
(163, 27, 22288)
(163, 159, 8015)
(163, 57, 15522)
(163, 100, 52438)
(163, 128, 32269)
(163, 113, 1757)
(163, 83, 913)
(163, 44, 43992)
(163, 36, 40715)
(163, 153, 35679)
(163, 2, 38665)
(163, 92, 38071)
(163, 105, 19072)
(163, 48, 18111)
(163, 7, 15818)
(163, 77, 31898)
(163, 133, 45588)
(163, 60, 11090)
(163, 101, 51878)
(163, 121, 7901)
(163, 35, 42594)
(163, 106, 52960)
(163, 94, 48828)
(164, 70, 16067)
(164, 41, 40605)
(164, 119, 55975)
(164, 100, 49332)
(164, 77, 29202)
(164, 134, 55838)
(164, 154, 9892)
(164, 33, 35053)
(164, 130, 46073)
(164, 120, 15688)
(164, 110, 229)
(164, 132, 12343)
(164, 46, 34810)
(164, 117, 20747)
(164, 140, 12819)
(164, 145, 6449)
(164, 44, 37442)
(164, 73, 48377)
(164, 141, 6839)
(164, 19, 1142)
(164, 91, 48627)
(164, 69, 41557)
(164, 113, 44707)
(164, 36, 47001)
(164, 60, 29019)
(164, 94, 13956)
(164, 54, 23509)
(164, 14, 3595)
(164, 62, 42359)
(164, 157, 16667)
(164, 90, 36232)
(164, 64, 50444)
(164, 13, 24524)
(164, 6, 16688)
(164, 142, 30751)
(164, 38, 40508)
(164, 52, 41899)
(164, 71, 1708)
(164, 93, 9041)
(164, 68, 2586)
(164, 116, 24640)
(164, 7, 41637)
(164, 148, 7047)
(164, 108, 12569)
(164, 53, 8541)
(164, 114, 28607)
(164, 49, 50194)
(164, 61, 33209)
(164, 82, 56765)
(164, 58, 1159)
(164, 29, 1385)
(164, 50, 19160)
(164, 15, 4748)
(164, 133, 32451)
(164, 16, 28205)
(164, 153, 27222)
(164, 150, 17197)
(164, 78, 37675)
(164, 99, 16819)
(164, 104, 18067)
(164, 118, 15130)
(164, 103, 32189)
(164, 43, 25112)
(164, 17, 7259)
(164, 79, 17896)
(164, 136, 15450)
(164, 66, 39930)
(164, 27, 21191)
(164, 162, 1676)
(164, 111, 24790)
(164, 72, 42557)
(164, 55, 12304)
(164, 137, 14256)
(164, 151, 13908)
(164, 102, 50528)
(164, 31, 52084)
(164, 10, 2293)
(164, 42, 22972)
(164, 22, 25697)
(164, 37, 49505)
(164, 8, 1625)
(164, 123, 39851)
(164, 2, 11755)
(164, 24, 55684)
(164, 11, 51924)
(164, 23, 38278)
(164, 0, 16269)
(164, 65, 22766)
(164, 101, 24256)
(164, 25, 52796)
(165, 51, 23592)
(165, 135, 4258)
(165, 127, 2740)
(165, 140, 28946)
(165, 8, 56200)
(165, 116, 29149)
(165, 154, 51931)
(165, 159, 27531)
(165, 90, 8642)
(165, 3, 34690)
(165, 136, 39923)
(165, 26, 15161)
(165, 82, 43892)
(165, 35, 54581)
(165, 133, 20005)
(165, 131, 55820)
(165, 117, 36633)
(165, 58, 56659)
(165, 149, 1122)
(165, 95, 25786)
(165, 2, 16829)
(165, 109, 50753)
(165, 39, 57230)
(165, 147, 41964)
(165, 6, 13973)
(165, 80, 48263)
(165, 161, 47062)
(165, 114, 39499)
(165, 5, 57598)
(165, 22, 30598)
(165, 108, 48007)
(165, 122, 48504)
(165, 32, 18424)
(165, 28, 34290)
(165, 68, 7113)
(165, 102, 10646)
(165, 49, 39265)
(165, 107, 23859)
(165, 4, 45463)
(165, 76, 37957)
(165, 126, 19907)
(165, 27, 24483)
(165, 41, 12037)
(165, 151, 24466)
(165, 31, 24903)
(165, 59, 14392)
(165, 0, 7893)
(165, 101, 16835)
(165, 46, 17214)
(165, 142, 45056)
(165, 100, 63)
(165, 137, 44091)
(165, 87, 18108)
(165, 145, 45113)
(165, 74, 55543)
(165, 84, 18680)
(165, 153, 37490)
(165, 112, 55614)
(165, 18, 51260)
(165, 113, 7615)
(165, 103, 17224)
(165, 105, 7293)
(165, 85, 40320)
(165, 110, 52626)
(165, 83, 56284)
(165, 64, 47816)
(165, 152, 36357)
(165, 134, 25456)
(165, 63, 43619)
(165, 55, 7675)
(165, 160, 35732)
(165, 91, 56223)
(165, 119, 9956)
(165, 69, 3980)
(165, 45, 57902)
(165, 124, 5806)
(165, 138, 31693)
(165, 157, 45460)
(165, 53, 53584)
(165, 66, 46318)
(165, 156, 877)
(165, 120, 20174)
(165, 47, 27557)
(165, 13, 13384)
(165, 123, 41564)
(165, 67, 3370)
(165, 52, 26598)
(165, 125, 53950)
(165, 163, 55140)
(165, 146, 29393)
(165, 88, 49756)
(165, 143, 27537)
(165, 79, 8375)
(165, 23, 24064)
(165, 73, 7234)
(165, 43, 38531)
(165, 94, 29544)
(165, 61, 20637)
(165, 11, 26296)
(165, 7, 24285)
(165, 75, 41824)
(165, 96, 45642)
(165, 104, 11153)
(165, 19, 47498)
(165, 48, 27249)
(165, 65, 30450)
(165, 93, 51727)
(165, 60, 50740)
(165, 15, 6750)
(165, 144, 45551)
(165, 139, 42946)
(165, 150, 18989)
(165, 164, 1606)
(165, 36, 2386)
(165, 38, 51538)
(165, 77, 56727)
(165, 14, 9372)
(165, 99, 15654)
(165, 17, 11540)
(165, 16, 17572)
(165, 70, 15181)
(165, 29, 49614)
(165, 130, 1375)
(165, 1, 12539)
(165, 158, 33564)
(165, 132, 52835)
(165, 33, 10756)
(165, 81, 52404)
(165, 25, 19980)
(165, 24, 9364)
(165, 72, 11)
(165, 129, 20681)
(165, 12, 49889)
(165, 92, 36030)
(165, 141, 10702)
(165, 42, 37070)
(165, 21, 36089)
(165, 162, 30670)
(165, 121, 35814)
(165, 155, 29111)
(165, 40, 24412)
(165, 86, 1901)
(165, 54, 3783)
(165, 98, 7082)
(165, 57, 46862)
(165, 111, 7809)
(165, 34, 14943)
(165, 37, 44449)
(165, 78, 36896)
(165, 44, 423)
(165, 115, 14947)
(165, 106, 17941)
(165, 97, 37277)
(165, 50, 14187)
(165, 118, 15715)
(165, 148, 13013)
(165, 20, 351)
(165, 9, 1107)
(165, 62, 9641)
(165, 89, 40861)
(165, 10, 1503)
(165, 128, 25383)
(165, 71, 33353)
(165, 56, 31299)
(165, 30, 29557)
(166, 19, 23870)
(166, 39, 16458)
(166, 136, 25104)
(166, 165, 11908)
(166, 163, 54429)
(166, 67, 48203)
(166, 97, 56617)
(166, 129, 18004)
(166, 75, 2241)
(166, 70, 121)
(166, 36, 12556)
(166, 120, 30021)
(166, 93, 13145)
(166, 122, 33334)
(166, 137, 30785)
(166, 29, 7689)
(166, 9, 52219)
(166, 103, 37168)
(166, 32, 56247)
(166, 66, 56534)
(166, 84, 37046)
(166, 51, 49289)
(166, 79, 9862)
(166, 8, 49234)
(166, 49, 12001)
(166, 62, 55524)
(166, 65, 14413)
(166, 117, 16511)
(166, 151, 12887)
(166, 1, 32427)
(166, 125, 43458)
(166, 98, 13256)
(166, 110, 45080)
(166, 47, 40873)
(166, 90, 11033)
(166, 112, 58030)
(166, 118, 35563)
(166, 162, 11702)
(166, 102, 42739)
(166, 28, 40970)
(166, 54, 42407)
(166, 130, 54099)
(166, 153, 10373)
(166, 30, 13124)
(166, 71, 2672)
(166, 24, 18147)
(166, 155, 7397)
(166, 34, 18435)
(166, 160, 42695)
(166, 156, 12861)
(166, 161, 38422)
(166, 87, 37443)
(166, 145, 4419)
(166, 46, 44719)
(166, 64, 46169)
(166, 3, 51835)
(166, 2, 15394)
(166, 107, 34039)
(166, 95, 34894)
(166, 72, 9048)
(166, 159, 28438)
(166, 17, 5985)
(166, 21, 24549)
(166, 63, 41207)
(166, 20, 26736)
(166, 150, 10368)
(166, 135, 45619)
(166, 50, 2366)
(166, 116, 2168)
(166, 149, 48753)
(166, 109, 6910)
(166, 88, 40619)
(166, 142, 9311)
(166, 45, 50423)
(166, 0, 46948)
(166, 27, 56540)
(166, 53, 10120)
(166, 124, 27008)
(166, 16, 20714)
(166, 106, 37353)
(166, 83, 35106)
(166, 10, 12608)
(166, 56, 37597)
(166, 52, 50119)
(166, 68, 33875)
(166, 134, 18897)
(166, 99, 20527)
(166, 11, 18727)
(166, 104, 27477)
(166, 76, 11351)
(166, 89, 48187)
(166, 100, 57809)
(166, 148, 9482)
(166, 85, 21002)
(166, 33, 21048)
(166, 82, 54276)
(166, 81, 7904)
(166, 144, 31285)
(166, 14, 38911)
(166, 40, 30168)
(166, 26, 25399)
(166, 126, 7126)
(166, 60, 50623)
(166, 13, 23755)
(166, 55, 8743)
(166, 152, 39346)
(166, 5, 12309)
(166, 22, 46773)
(166, 141, 34482)
(166, 154, 31262)
(166, 35, 32638)
(166, 139, 52687)
(166, 115, 42490)
(166, 12, 40463)
(166, 7, 8818)
(166, 43, 10510)
(166, 15, 16678)
(166, 18, 26939)
(166, 25, 41718)
(166, 127, 46724)
(166, 111, 39984)
(166, 164, 39431)
(166, 44, 573)
(166, 61, 10434)
(166, 121, 57398)
(166, 80, 24223)
(166, 133, 27814)
(166, 96, 24022)
(166, 146, 33247)
(166, 143, 55945)
(166, 92, 58065)
(166, 132, 47944)
(166, 128, 23243)
(166, 113, 47187)
(166, 86, 44549)
(166, 101, 51691)
(166, 123, 14500)
(166, 131, 31188)
(166, 94, 9965)
(166, 38, 37062)
(166, 42, 32743)
(166, 74, 17420)
(167, 46, 4106)
(167, 35, 6660)
(167, 14, 18913)
(167, 57, 162)
(167, 39, 36945)
(167, 4, 33722)
(167, 55, 20937)
(167, 88, 43955)
(167, 10, 23041)
(167, 54, 46401)
(167, 26, 37355)
(167, 119, 38613)
(167, 163, 33018)
(167, 11, 47562)
(167, 92, 8444)
(167, 146, 53452)
(167, 83, 5097)
(167, 61, 30270)
(167, 73, 49185)
(167, 149, 30401)
(167, 71, 29741)
(167, 100, 8725)
(167, 16, 38795)
(167, 106, 32032)
(167, 128, 51618)
(167, 147, 6362)
(167, 45, 17859)
(167, 70, 20823)
(167, 135, 24072)
(167, 77, 26410)
(167, 84, 14772)
(167, 125, 41722)
(167, 13, 3569)
(167, 142, 24927)
(167, 21, 35051)
(167, 68, 36814)
(167, 0, 6211)
(167, 95, 11200)
(167, 24, 40938)
(167, 89, 24566)
(167, 25, 52635)
(167, 101, 8042)
(167, 145, 40975)
(167, 113, 36977)
(167, 122, 20941)
(167, 29, 1090)
(167, 8, 30224)
(167, 107, 1707)
(167, 42, 5827)
(167, 94, 47930)
(167, 148, 31242)
(167, 138, 9887)
(167, 30, 31159)
(167, 76, 17500)
(167, 136, 42449)
(167, 108, 1651)
(167, 81, 34635)
(167, 98, 24898)
(167, 162, 25189)
(167, 133, 32478)
(167, 53, 10572)
(167, 117, 49)
(167, 121, 20386)
(167, 123, 236)
(167, 22, 52871)
(167, 134, 25502)
(167, 140, 31384)
(167, 2, 55474)
(167, 126, 57136)
(167, 7, 14403)
(167, 49, 34980)
(167, 86, 42260)
(167, 118, 17456)
(167, 9, 38136)
(167, 27, 20379)
(167, 160, 44634)
(167, 63, 47659)
(167, 31, 20210)
(167, 65, 22063)
(167, 20, 6740)
(167, 152, 25390)
(167, 157, 58015)
(167, 120, 20616)
(167, 137, 40224)
(167, 12, 50938)
(167, 82, 44615)
(167, 52, 11662)
(167, 62, 41877)
(167, 99, 6775)
(167, 87, 930)
(167, 33, 14141)
(167, 41, 41490)
(167, 105, 15357)
(167, 97, 30447)
(167, 159, 15443)
(167, 66, 34573)
(167, 78, 44237)
(167, 141, 30126)
(167, 112, 2201)
(167, 1, 25989)
(167, 69, 23877)
(167, 58, 52003)
(167, 15, 26861)
(167, 161, 48696)
(167, 38, 36478)
(167, 40, 37171)
(167, 50, 14007)
(167, 75, 36518)
(167, 103, 12291)
(167, 85, 48029)
(167, 90, 32515)
(167, 154, 50311)
(167, 139, 53858)
(167, 116, 35603)
(167, 32, 52727)
(167, 36, 27861)
(167, 18, 37202)
(167, 164, 55010)
(167, 131, 40056)
(167, 28, 21174)
(167, 60, 17315)
(167, 44, 20821)
(167, 111, 25709)
(167, 153, 55148)
(167, 37, 45600)
(167, 72, 2528)
(167, 19, 39847)
(167, 115, 39945)
(167, 79, 42608)
(167, 17, 16541)
(167, 64, 28792)
(167, 156, 47163)
(167, 3, 52671)
(167, 104, 26892)
(167, 110, 2614)
(167, 48, 29573)
(167, 114, 2651)
(167, 34, 12901)
(167, 144, 30185)
(167, 93, 11569)
(167, 127, 12391)
(167, 74, 14205)
(167, 102, 50133)
(167, 155, 57960)
(167, 51, 36910)
(167, 96, 34169)
(167, 56, 26312)
(167, 165, 30389)
(167, 143, 49380)
(167, 59, 16543)
(167, 150, 5230)
(167, 23, 25544)
(167, 47, 53479)
(168, 29, 28207)
(169, 6, 16740)
(169, 110, 27691)
(169, 38, 31715)
(169, 150, 31938)
(169, 143, 7273)
(169, 80, 795)
(169, 128, 19428)
(169, 22, 55444)
(169, 36, 51191)
(169, 16, 22244)
(169, 40, 43645)
(169, 44, 6353)
(169, 109, 30673)
(169, 65, 34298)
(169, 10, 2872)
(169, 157, 57521)
(169, 97, 8295)
(169, 68, 23111)
(169, 99, 14487)
(169, 71, 41590)
(169, 158, 28302)
(169, 43, 36654)
(169, 33, 24372)
(169, 85, 24874)
(169, 130, 33301)
(169, 20, 27081)
(169, 12, 35494)
(169, 135, 26668)
(169, 46, 8164)
(169, 59, 50799)
(169, 148, 16334)
(169, 153, 3905)
(169, 3, 26232)
(169, 92, 56313)
(169, 146, 1097)
(169, 4, 24771)
(169, 54, 10715)
(169, 134, 53673)
(169, 79, 37195)
(169, 124, 56219)
(169, 56, 28417)
(169, 94, 18627)
(169, 105, 51370)
(169, 77, 24589)
(169, 61, 36431)
(169, 72, 29221)
(169, 91, 41859)
(169, 162, 32784)
(169, 41, 19399)
(169, 76, 8966)
(169, 17, 47548)
(169, 102, 49981)
(169, 64, 34908)
(169, 48, 5367)
(169, 142, 30704)
(169, 78, 28457)
(169, 116, 6005)
(169, 163, 57422)
(169, 113, 30722)
(169, 15, 46514)
(169, 55, 31723)
(169, 108, 12333)
(169, 83, 42819)
(169, 166, 20631)
(169, 29, 53317)
(169, 32, 38259)
(169, 123, 12270)
(169, 93, 18761)
(169, 70, 51906)
(169, 23, 37516)
(169, 140, 25646)
(169, 114, 37340)
(169, 69, 53954)
(169, 154, 37091)
(169, 144, 23300)
(169, 117, 30919)
(169, 84, 36308)
(169, 120, 41305)
(169, 67, 17463)
(169, 121, 34258)
(170, 95, 47447)
(170, 112, 30456)
(170, 15, 13233)
(170, 84, 13336)
(170, 11, 24543)
(170, 40, 20060)
(170, 17, 54047)
(170, 75, 31497)
(170, 129, 19439)
(170, 0, 3696)
(170, 147, 47363)
(170, 29, 25898)
(170, 76, 14545)
(170, 124, 1928)
(170, 54, 10564)
(170, 88, 24642)
(170, 102, 7323)
(170, 14, 14177)
(171, 121, 4712)
(171, 49, 1009)
(171, 20, 6368)
(171, 6, 13880)
(171, 127, 24555)
(171, 22, 8484)
(171, 23, 7149)
(171, 72, 25801)
(171, 97, 40383)
(171, 134, 57795)
(171, 91, 45997)
(171, 53, 37503)
(171, 103, 6034)
(171, 36, 17799)
(171, 142, 53971)
(171, 143, 42987)
(171, 90, 55003)
(171, 8, 37757)
(171, 89, 12242)
(171, 65, 12833)
(171, 87, 56429)
(171, 81, 57577)
(171, 130, 20267)
(171, 42, 51873)
(171, 33, 23898)
(171, 123, 5930)
(171, 166, 1544)
(171, 32, 23691)
(171, 46, 54232)
(171, 19, 41977)
(171, 138, 39325)
(171, 112, 14096)
(171, 109, 33155)
(171, 147, 10074)
(171, 26, 24556)
(171, 79, 57429)
(171, 157, 1046)
(171, 167, 40202)
(171, 94, 41372)
(171, 37, 13846)
(171, 63, 39810)
(171, 139, 51944)
(171, 150, 1898)
(171, 3, 57331)
(171, 104, 32678)
(171, 86, 19355)
(171, 18, 1657)
(171, 75, 15829)
(171, 111, 23473)
(171, 50, 24935)
(171, 117, 41199)
(171, 4, 23261)
(171, 124, 9615)
(171, 144, 42529)
(171, 115, 21116)
(171, 83, 11027)
(171, 125, 3182)
(171, 158, 9614)
(171, 27, 379)
(171, 60, 44164)
(171, 119, 39389)
(171, 77, 18128)
(171, 45, 15433)
(171, 146, 24758)
(171, 16, 2460)
(171, 149, 35704)
(171, 70, 22799)
(171, 102, 38134)
(171, 107, 38016)
(171, 7, 25000)
(171, 145, 37314)
(171, 69, 32774)
(171, 136, 49724)
(171, 95, 12966)
(171, 156, 40900)
(171, 5, 37698)
(171, 54, 32185)
(171, 152, 55692)
(171, 98, 56241)
(171, 68, 36055)
(171, 169, 2790)
(171, 35, 2033)
(171, 48, 24658)
(171, 78, 24016)
(171, 161, 46851)
(171, 100, 2630)
(171, 101, 32007)
(171, 108, 14503)
(171, 160, 33673)
(171, 135, 16522)
(171, 64, 51076)
(171, 9, 44313)
(171, 52, 40554)
(171, 41, 55573)
(171, 129, 27471)
(171, 13, 35859)
(171, 0, 43466)
(171, 92, 44704)
(171, 56, 15743)
(171, 34, 33770)
(171, 12, 132)
(171, 44, 36333)
(171, 17, 15020)
(171, 40, 9611)
(171, 159, 45748)
(171, 82, 45057)
(171, 151, 49659)
(171, 131, 7447)
(171, 15, 32171)
(171, 164, 26959)
(171, 38, 24713)
(171, 120, 47552)
(171, 84, 10145)
(171, 163, 43695)
(171, 2, 10525)
(171, 140, 30570)
(171, 58, 27731)
(171, 59, 42666)
(171, 55, 54136)
(171, 113, 49479)
(171, 122, 50841)
(171, 93, 22374)
(171, 71, 463)
(171, 106, 11518)
(171, 67, 14708)
(171, 30, 20435)
(171, 155, 23491)
(171, 137, 25645)
(171, 105, 57453)
(171, 116, 42281)
(171, 28, 28424)
(171, 66, 15113)
(172, 8, 44243)
(172, 151, 37811)
(172, 80, 15039)
(172, 89, 35955)
(172, 86, 32913)
(172, 119, 46277)
(172, 82, 52137)
(172, 78, 49816)
(172, 23, 28626)
(172, 9, 42867)
(172, 28, 8278)
(172, 11, 15579)
(172, 138, 20623)
(172, 20, 56305)
(172, 36, 5079)
(173, 55, 12849)
(173, 131, 52850)
(173, 162, 32573)
(173, 56, 20819)
(173, 138, 31462)
(173, 150, 46668)
(173, 171, 41458)
(173, 53, 44802)
(173, 136, 55203)
(173, 141, 41214)
(173, 111, 38152)
(173, 129, 51245)
(173, 88, 2622)
(173, 108, 55645)
(173, 29, 25368)
(173, 66, 40402)
(173, 153, 49295)
(173, 39, 50733)
(173, 43, 33751)
(173, 103, 32506)
(173, 124, 16426)
(173, 52, 3306)
(173, 34, 19454)
(173, 119, 9532)
(173, 170, 12119)
(173, 113, 56249)
(173, 116, 12527)
(173, 137, 49884)
(173, 106, 25756)
(173, 118, 52898)
(173, 90, 16889)
(173, 58, 6726)
(173, 42, 2006)
(173, 46, 3109)
(173, 151, 5835)
(173, 37, 6536)
(173, 92, 6618)
(173, 132, 49391)
(173, 93, 52080)
(173, 74, 3590)
(173, 22, 15464)
(173, 32, 57315)
(173, 143, 5832)
(173, 100, 26203)
(173, 127, 9589)
(173, 166, 45877)
(173, 82, 42168)
(173, 140, 15356)
(173, 71, 24807)
(173, 3, 8460)
(173, 105, 29275)
(173, 54, 17658)
(173, 25, 16250)
(173, 94, 35128)
(173, 6, 46567)
(173, 10, 9856)
(173, 128, 42248)
(173, 0, 35534)
(173, 4, 52979)
(173, 69, 38103)
(173, 158, 47294)
(173, 164, 9925)
(173, 87, 52700)
(173, 50, 8675)
(173, 7, 11813)
(173, 5, 25139)
(173, 115, 26200)
(173, 1, 15741)
(173, 83, 38699)
(173, 73, 10348)
(173, 160, 12693)
(173, 168, 57916)
(173, 13, 42494)
(173, 33, 6456)
(173, 107, 8930)
(173, 123, 10728)
(173, 112, 15445)
(173, 44, 42681)
(173, 101, 57743)
(173, 38, 8207)
(173, 147, 42465)
(173, 97, 32767)
(173, 28, 17781)
(174, 70, 30359)
(174, 108, 53931)
(174, 152, 34664)
(174, 4, 53095)
(174, 81, 47128)
(174, 170, 12499)
(174, 53, 49636)
(174, 42, 16112)
(174, 161, 649)
(174, 88, 27380)
(174, 37, 12269)
(174, 91, 23974)
(175, 133, 8857)
(175, 155, 5929)
(175, 91, 52973)
(175, 34, 3068)
(175, 80, 29189)
(175, 76, 40381)
(175, 158, 3326)
(175, 102, 18394)
(175, 79, 33343)
(175, 22, 18210)
(175, 20, 15532)
(175, 44, 2863)
(175, 110, 21356)
(175, 89, 40688)
(175, 1, 29610)
(175, 120, 22594)
(175, 160, 38547)
(175, 38, 20568)
(175, 69, 35393)
(175, 84, 49674)
(175, 137, 120)
(175, 15, 54504)
(175, 54, 16753)
(175, 129, 23830)
(175, 105, 20312)
(175, 154, 50234)
(175, 123, 9597)
(175, 90, 35837)
(175, 9, 29846)
(175, 174, 17879)
(175, 131, 52310)
(175, 151, 48598)
(175, 46, 2829)
(175, 25, 8139)
(175, 104, 1713)
(175, 146, 47445)
(175, 30, 49954)
(175, 121, 56968)
(175, 95, 50884)
(175, 72, 22944)
(175, 106, 14454)
(175, 17, 25788)
(175, 143, 107)
(175, 12, 21265)
(175, 117, 50802)
(175, 36, 16791)
(175, 39, 40929)
(175, 14, 42973)
(175, 7, 45702)
(175, 88, 23467)
(175, 112, 55959)
(175, 149, 45734)
(175, 0, 39288)
(175, 99, 37556)
(175, 119, 6748)
(175, 169, 18020)
(175, 100, 43841)
(175, 145, 14984)
(175, 77, 4567)
(175, 21, 3382)
(175, 11, 23395)
(175, 136, 51115)
(175, 8, 840)
(175, 78, 42630)
(175, 83, 51403)
(175, 31, 56387)
(175, 70, 37351)
(175, 113, 10292)
(175, 144, 26207)
(175, 65, 34499)
(175, 135, 2553)
(175, 48, 56425)
(175, 147, 56420)
(175, 42, 3259)
(175, 41, 56270)
(175, 94, 21919)
(175, 33, 49734)
(175, 86, 5972)
(175, 32, 13579)
(175, 27, 19308)
(175, 74, 28087)
(175, 159, 54776)
(175, 82, 37618)
(175, 127, 11457)
(175, 64, 56805)
(175, 166, 47805)
(175, 109, 20834)
(175, 111, 45538)
(175, 60, 56129)
(175, 45, 30880)
(175, 165, 6964)
(175, 50, 26315)
(175, 162, 50801)
(175, 126, 17936)
(175, 116, 23807)
(175, 13, 51020)
(175, 10, 10431)
(175, 61, 10545)
(175, 132, 12199)
(175, 97, 31491)
(175, 168, 43359)
(175, 134, 18233)
(175, 173, 377)
(175, 52, 46044)
(175, 56, 4813)
(175, 92, 8888)
(175, 172, 14872)
(175, 28, 16992)
(175, 115, 7724)
(175, 103, 17773)
(175, 68, 36795)
(175, 40, 40013)
(175, 124, 21769)
(175, 53, 25014)
(175, 139, 27301)
(175, 71, 30116)
(175, 43, 16870)
(175, 62, 52565)
(175, 81, 38990)
(175, 47, 42498)
(175, 16, 51214)
(175, 148, 13552)
(176, 42, 7555)
(176, 61, 43722)
(176, 105, 6366)
(176, 102, 1821)
(176, 152, 14850)
(176, 34, 25050)
(176, 37, 39277)
(176, 139, 34738)
(176, 38, 21827)
(176, 36, 13371)
(176, 117, 27909)
(176, 167, 46010)
(176, 158, 34904)
(176, 103, 45574)
(176, 31, 6394)
(176, 82, 42275)
(176, 166, 307)
(176, 65, 335)
(176, 60, 15694)
(176, 55, 13581)
(176, 120, 50063)
(176, 70, 29178)
(176, 47, 47872)
(176, 159, 8352)
(176, 44, 11496)
(176, 57, 188)
(176, 74, 54883)
(176, 112, 21121)
(176, 43, 45821)
(176, 114, 2519)
(176, 76, 17339)
(176, 100, 4385)
(176, 135, 38075)
(176, 126, 34170)
(176, 115, 8385)
(176, 32, 38998)
(176, 128, 22234)
(176, 0, 21237)
(176, 24, 31276)
(176, 7, 10793)
(176, 175, 48995)
(176, 23, 50047)
(176, 4, 16738)
(176, 52, 23837)
(176, 69, 39722)
(176, 72, 10144)
(176, 165, 42730)
(176, 140, 34578)
(176, 111, 592)
(176, 91, 3693)
(176, 133, 9453)
(176, 130, 47555)
(176, 49, 3230)
(176, 90, 7723)
(176, 138, 8695)
(176, 45, 18008)
(176, 53, 7670)
(176, 40, 19348)
(176, 147, 31975)
(176, 145, 33243)
(176, 94, 25077)
(176, 150, 45942)
(176, 92, 37831)
(176, 124, 32621)
(176, 137, 778)
(176, 95, 38100)
(176, 35, 31356)
(176, 77, 18816)
(176, 129, 12962)
(176, 101, 13085)
(176, 146, 56443)
(176, 16, 30984)
(176, 99, 41045)
(176, 164, 22198)
(176, 131, 46295)
(176, 86, 45513)
(176, 20, 55861)
(176, 173, 42269)
(176, 148, 38552)
(176, 97, 25307)
(176, 46, 6792)
(176, 107, 44220)
(176, 118, 54218)
(176, 151, 30485)
(176, 18, 15393)
(176, 170, 28588)
(176, 127, 51009)
(176, 81, 49086)
(176, 87, 6818)
(176, 172, 45661)
(176, 12, 52170)
(176, 5, 55508)
(176, 50, 40279)
(176, 33, 24079)
(176, 22, 7419)
(176, 93, 45985)
(176, 163, 37239)
(176, 27, 17122)
(176, 63, 41442)
(176, 125, 47600)
(176, 157, 34518)
(176, 15, 10656)
(176, 19, 20152)
(176, 71, 33681)
(176, 96, 52189)
(176, 109, 15879)
(176, 51, 34027)
(176, 116, 8003)
(177, 176, 7059)
(177, 160, 54178)
(177, 27, 31233)
(177, 76, 18494)
(177, 135, 50079)
(177, 93, 52063)
(177, 1, 23328)
(177, 21, 40769)
(177, 51, 16384)
(177, 98, 39239)
(177, 65, 13086)
(177, 156, 30155)
(177, 110, 16270)
(177, 52, 21495)
(177, 58, 21728)
(177, 89, 25966)
(177, 54, 30248)
(177, 113, 51696)
(177, 43, 12814)
(177, 23, 43007)
(177, 145, 28553)
(177, 20, 32216)
(177, 56, 9033)
(177, 111, 46026)
(177, 11, 6335)
(177, 59, 11334)
(177, 75, 21384)
(177, 13, 42289)
(177, 168, 26213)
(177, 7, 34190)
(177, 91, 7167)
(177, 165, 7232)
(177, 116, 21203)
(177, 53, 40776)
(177, 128, 28173)
(177, 144, 6304)
(177, 77, 17392)
(177, 87, 37773)
(177, 67, 16273)
(177, 149, 2260)
(177, 92, 23623)
(177, 103, 44824)
(177, 14, 48774)
(177, 5, 3691)
(177, 157, 16062)
(177, 133, 537)
(177, 132, 34589)
(177, 154, 34706)
(177, 9, 807)
(177, 41, 7965)
(177, 22, 602)
(177, 42, 20919)
(177, 127, 19132)
(177, 138, 37098)
(177, 39, 18612)
(177, 31, 25131)
(177, 150, 55217)
(177, 84, 19994)
(177, 64, 25873)
(177, 70, 4635)
(177, 79, 56548)
(177, 80, 41127)
(177, 134, 11973)
(177, 78, 40691)
(177, 166, 44943)
(177, 35, 47661)
(177, 73, 35882)
(177, 37, 6665)
(177, 96, 2205)
(177, 161, 27977)
(177, 155, 3482)
(177, 130, 24626)
(177, 62, 11830)
(177, 112, 32881)
(177, 119, 21778)
(177, 94, 13671)
(177, 88, 19923)
(177, 71, 51833)
(177, 3, 35337)
(177, 126, 13413)
(177, 142, 11161)
(177, 106, 25638)
(177, 83, 43230)
(177, 68, 13078)
(177, 118, 41916)
(177, 115, 10215)
(177, 162, 10864)
(177, 8, 8873)
(177, 32, 45803)
(177, 66, 22271)
(177, 47, 14113)
(177, 170, 8093)
(177, 10, 18197)
(177, 97, 33967)
(177, 24, 44800)
(177, 100, 58042)
(177, 164, 53841)
(177, 12, 13958)
(177, 44, 55410)
(177, 16, 8636)
(177, 61, 29632)
(177, 163, 56980)
(177, 140, 4132)
(177, 0, 34131)
(177, 109, 21670)
(177, 95, 53712)
(177, 158, 53327)
(177, 129, 23889)
(177, 136, 58023)
(177, 147, 37590)
(177, 28, 38329)
(177, 48, 39531)
(177, 6, 23768)
(177, 86, 52287)
(177, 123, 36186)
(177, 121, 21300)
(177, 55, 23709)
(177, 25, 13475)
(177, 38, 11750)
(177, 90, 3994)
(177, 105, 48961)
(177, 15, 51470)
(177, 104, 50342)
(177, 153, 46894)
(177, 69, 43423)
(177, 57, 38783)
(177, 34, 54199)
(177, 114, 25129)
(177, 169, 33898)
(177, 101, 11730)
(178, 163, 936)
(178, 47, 21436)
(178, 97, 35762)
(178, 168, 55565)
(178, 84, 17747)
(178, 115, 21099)
(178, 154, 5823)
(178, 40, 42339)
(178, 83, 56191)
(178, 174, 14015)
(178, 78, 8476)
(178, 152, 2203)
(178, 88, 30072)
(178, 2, 47383)
(178, 151, 45387)
(178, 79, 27459)
(178, 160, 3271)
(178, 69, 22352)
(178, 108, 30027)
(178, 56, 43090)
(178, 23, 12699)
(178, 128, 43477)
(178, 57, 31019)
(178, 66, 53677)
(178, 15, 11959)
(178, 131, 54734)
(178, 107, 28647)
(178, 121, 4269)
(178, 156, 53297)
(178, 70, 55718)
(178, 39, 14787)
(179, 100, 33519)
(179, 152, 12102)
(179, 87, 51110)
(179, 33, 25168)
(179, 26, 1639)
(179, 151, 28805)
(179, 32, 30620)
(179, 153, 35658)
(179, 157, 2688)
(179, 146, 6038)
(179, 1, 34555)
(179, 161, 41444)
(179, 91, 17261)
(179, 149, 39797)
(179, 54, 11984)
(179, 148, 25174)
(179, 164, 20132)
(179, 171, 28485)
(179, 4, 3519)
(179, 88, 21344)
(179, 143, 53166)
(179, 112, 56611)
(179, 63, 6283)
(179, 17, 11517)
(179, 141, 40670)
(179, 59, 30030)
(179, 72, 7145)
(179, 56, 29348)
(179, 123, 13464)
(179, 174, 34181)
(179, 107, 14953)
(179, 150, 47755)
(179, 122, 23490)
(179, 90, 3838)
(179, 20, 12850)
(179, 138, 57221)
(179, 60, 33080)
(179, 77, 12212)
(179, 163, 8149)
(179, 98, 7884)
(179, 30, 46423)
(179, 116, 49873)
(179, 22, 21233)
(179, 102, 486)
(179, 105, 57601)
(179, 66, 34993)
(179, 99, 32251)
(179, 111, 14465)
(179, 11, 26399)
(179, 9, 49287)
(179, 162, 41758)
(179, 16, 21566)
(179, 170, 3876)
(179, 132, 20396)
(179, 13, 56281)
(179, 64, 47255)
(179, 21, 31037)
(179, 177, 22073)
(179, 53, 44000)
(179, 79, 13877)
(179, 172, 38534)
(179, 28, 24663)
(179, 70, 13130)
(179, 45, 18131)
(179, 78, 55658)
(179, 137, 45941)
(179, 126, 32194)
(179, 65, 49124)
(179, 155, 35913)
(179, 75, 14600)
(179, 94, 54605)
(179, 101, 35090)
(179, 5, 4666)
(179, 176, 11565)
(179, 178, 27044)
(179, 145, 31312)
(179, 86, 14238)
(179, 147, 40972)
(179, 7, 49225)
(179, 130, 21272)
(179, 34, 27462)
(179, 165, 40296)
(179, 124, 1891)
(179, 92, 49468)
(179, 89, 25003)
(179, 49, 33200)
(179, 175, 57223)
(179, 38, 52427)
(179, 25, 24800)
(179, 36, 31878)
(179, 52, 38333)
(179, 50, 46713)
(179, 57, 32249)
(179, 40, 18914)
(179, 71, 26642)
(179, 83, 15028)
(179, 55, 38790)
(179, 144, 48869)
(179, 104, 39887)
(179, 106, 44404)
(179, 158, 8890)
(179, 128, 10629)
(179, 113, 24845)
(179, 14, 30077)
(179, 0, 41735)
(179, 121, 46100)
(179, 47, 29757)
(179, 58, 6365)
(179, 2, 33173)
(179, 15, 36655)
(179, 10, 4335)
(179, 74, 20133)
(179, 82, 29316)
(179, 160, 47677)
(179, 35, 9180)
(179, 96, 49072)
(180, 37, 14222)
(180, 28, 2744)
(180, 42, 30215)
(180, 136, 2083)
(180, 31, 54659)
(180, 76, 5441)
(180, 25, 28936)
(180, 55, 8592)
(180, 23, 26863)
(180, 153, 52055)
(180, 46, 35432)
(180, 144, 57619)
(180, 150, 1617)
(180, 51, 23617)
(180, 130, 7991)
(180, 154, 20581)
(180, 72, 25302)
(180, 121, 22083)
(181, 73, 18547)
(181, 63, 37825)
(181, 47, 28046)
(181, 144, 16213)
(181, 102, 40415)
(181, 70, 26934)
(181, 145, 27204)
(181, 159, 14366)
(181, 130, 55606)
(181, 44, 53529)
(181, 26, 1833)
(181, 64, 35157)
(181, 169, 28759)
(181, 123, 17433)
(181, 162, 43070)
(181, 8, 10021)
(181, 139, 48583)
(181, 176, 32595)
(181, 57, 48546)
(181, 12, 26833)
(181, 97, 37724)
(181, 74, 29935)
(181, 4, 52715)
(181, 114, 38667)
(181, 165, 53746)
(181, 150, 48237)
(181, 75, 10954)
(181, 128, 15672)
(181, 16, 51185)
(181, 175, 5535)
(181, 79, 52618)
(181, 51, 56149)
(181, 173, 28615)
(181, 41, 53057)
(181, 2, 43908)
(181, 156, 50865)
(181, 58, 44438)
(181, 140, 40095)
(181, 56, 48032)
(181, 1, 10642)
(181, 134, 26556)
(181, 131, 53316)
(181, 135, 28584)
(181, 38, 27658)
(181, 120, 43473)
(181, 48, 40770)
(181, 152, 49288)
(181, 87, 12582)
(181, 52, 7396)
(181, 157, 20943)
(181, 94, 27942)
(181, 143, 10924)
(181, 118, 36165)
(181, 11, 2051)
(181, 180, 15931)
(181, 86, 41747)
(181, 62, 26248)
(181, 137, 3030)
(181, 117, 54901)
(181, 17, 44134)
(181, 133, 5908)
(181, 53, 47015)
(181, 100, 51920)
(181, 119, 11281)
(181, 0, 5776)
(181, 54, 45853)
(181, 105, 50220)
(181, 84, 29537)
(181, 7, 30800)
(181, 132, 48645)
(181, 21, 57765)
(181, 40, 44873)
(181, 164, 23761)
(181, 37, 27050)
(181, 35, 28777)
(181, 106, 30295)
(181, 60, 46691)
(181, 31, 7430)
(181, 14, 10098)
(181, 93, 8471)
(181, 121, 24443)
(181, 149, 40427)
(181, 116, 6013)
(181, 126, 3124)
(181, 136, 27294)
(181, 83, 22490)
(181, 23, 37756)
(181, 163, 10416)
(181, 65, 42503)
(181, 154, 38036)
(181, 3, 49046)
(181, 49, 11318)
(181, 76, 51713)
(181, 148, 19076)
(181, 172, 56195)
(181, 30, 31108)
(181, 127, 32213)
(181, 89, 40852)
(181, 71, 42993)
(181, 19, 24150)
(181, 161, 33306)
(181, 101, 55990)
(181, 46, 11581)
(181, 77, 34441)
(181, 109, 6483)
(181, 153, 46991)
(181, 103, 6278)
(181, 174, 26378)
(181, 158, 4534)
(181, 15, 12616)
(181, 55, 49061)
(181, 66, 44649)
(181, 99, 28098)
(181, 129, 23381)
(181, 85, 17821)
(181, 138, 47846)
(181, 122, 38358)
(181, 167, 45706)
(181, 91, 3016)
(181, 104, 3417)
(181, 67, 41020)
(181, 168, 28620)
(181, 146, 36364)
(181, 147, 42701)
(181, 115, 2345)
(181, 111, 48512)
(181, 59, 53779)
(181, 69, 36041)
(181, 78, 3553)
(181, 110, 56131)
(181, 10, 17429)
(181, 18, 10581)
(181, 81, 32207)
(181, 141, 35788)
(181, 90, 33912)
(181, 160, 27327)
(181, 124, 46721)
(181, 45, 18824)
(181, 50, 40549)
(181, 113, 37948)
(181, 112, 23179)
(181, 27, 11756)
(181, 80, 36935)
(181, 107, 34508)
(181, 72, 32598)
(181, 13, 44431)
(181, 9, 22240)
(181, 39, 55239)
(181, 179, 56864)
(181, 96, 219)
(181, 95, 26119)
(181, 22, 26038)
(181, 42, 40043)
(181, 92, 7326)
(181, 43, 853)
(181, 5, 28980)
(181, 20, 32166)
(181, 61, 48892)
(181, 33, 31783)
(181, 171, 33972)
(181, 108, 33451)
(181, 34, 11415)
(181, 98, 23168)
(181, 36, 55237)
(181, 88, 40443)
(181, 151, 56756)
(181, 170, 11787)
(181, 125, 42609)
(181, 25, 39656)
(181, 28, 25443)
(181, 166, 3288)
(182, 111, 31111)
(182, 163, 32047)
(182, 28, 38110)
(182, 19, 52749)
(182, 127, 6798)
(182, 171, 30826)
(182, 174, 44527)
(182, 129, 49408)
(182, 181, 4807)
(182, 169, 6496)
(182, 22, 23815)
(182, 42, 25470)
(182, 58, 12195)
(182, 53, 52490)
(182, 3, 38235)
(182, 54, 26125)
(182, 84, 14534)
(182, 55, 15855)
(182, 81, 25216)
(182, 21, 1958)
(182, 51, 54440)
(182, 98, 46620)
(182, 146, 30255)
(182, 138, 4479)
(182, 125, 54631)
(182, 83, 51624)
(182, 69, 30239)
(182, 99, 15737)
(182, 36, 52335)
(182, 124, 23327)
(182, 8, 38528)
(182, 62, 1840)
(182, 179, 42285)
(182, 16, 15882)
(182, 6, 51166)
(182, 68, 27855)
(182, 4, 49610)
(182, 2, 16272)
(182, 5, 5412)
(182, 14, 17956)
(182, 70, 6178)
(182, 87, 23938)
(182, 80, 56578)
(182, 33, 32223)
(182, 164, 26231)
(182, 27, 20301)
(182, 41, 49512)
(182, 79, 15117)
(182, 165, 32349)
(182, 29, 29824)
(182, 104, 25935)
(182, 63, 51346)
(182, 52, 22263)
(182, 168, 26903)
(182, 150, 717)
(182, 26, 6479)
(182, 148, 21746)
(182, 96, 9524)
(182, 130, 3116)
(182, 30, 12405)
(182, 66, 9604)
(182, 82, 39994)
(182, 59, 42700)
(182, 162, 2792)
(182, 109, 41391)
(182, 89, 36437)
(182, 114, 24085)
(182, 131, 8612)
(182, 151, 15044)
(182, 34, 18381)
(182, 153, 49868)
(182, 156, 35756)
(182, 1, 27112)
(182, 11, 25712)
(182, 135, 27442)
(182, 121, 17020)
(182, 102, 30397)
(182, 25, 3160)
(182, 106, 10811)
(182, 137, 57300)
(182, 160, 53917)
(182, 94, 6722)
(182, 143, 40581)
(182, 116, 26261)
(182, 40, 50582)
(182, 65, 29489)
(182, 31, 29785)
(182, 161, 45888)
(182, 126, 42313)
(182, 72, 2163)
(182, 47, 43673)
(182, 149, 38133)
(182, 170, 45432)
(182, 78, 14462)
(182, 100, 33239)
(182, 122, 2107)
(182, 17, 48820)
(183, 147, 19722)
(183, 156, 26636)
(183, 61, 7567)
(183, 180, 28814)
(183, 130, 26000)
(183, 66, 15735)
(183, 163, 2869)
(183, 70, 48721)
(183, 74, 4153)
(183, 35, 35488)
(183, 19, 50552)
(183, 8, 48336)
(183, 104, 18671)
(183, 125, 2337)
(183, 167, 54870)
(183, 112, 27419)
(183, 53, 42548)
(183, 143, 18616)
(183, 138, 33511)
(183, 103, 6597)
(183, 151, 26054)
(183, 33, 21115)
(183, 165, 16600)
(183, 64, 13946)
(183, 177, 45072)
(183, 99, 23716)
(183, 46, 22489)
(183, 88, 48452)
(183, 161, 43723)
(183, 50, 7414)
(183, 129, 3834)
(183, 11, 48448)
(183, 37, 16306)
(183, 25, 57280)
(183, 34, 47239)
(183, 73, 30801)
(183, 77, 22177)
(183, 134, 16198)
(183, 2, 25596)
(183, 176, 39511)
(183, 144, 3974)
(183, 32, 26658)
(183, 132, 41828)
(183, 170, 57600)
(183, 55, 38996)
(183, 89, 20347)
(183, 83, 46076)
(183, 128, 45982)
(183, 181, 28188)
(183, 146, 15041)
(183, 148, 21977)
(183, 24, 37228)
(183, 72, 34109)
(183, 160, 47814)
(183, 157, 56926)
(183, 135, 44504)
(183, 28, 30135)
(183, 78, 40902)
(183, 9, 39687)
(183, 102, 31703)
(183, 67, 20983)
(183, 152, 24525)
(183, 21, 25124)
(183, 48, 17965)
(183, 40, 43109)
(183, 10, 33948)
(183, 29, 31028)
(183, 116, 30329)
(183, 182, 53597)
(183, 16, 32122)
(183, 141, 24869)
(183, 158, 56063)
(183, 63, 42069)
(183, 159, 46022)
(183, 47, 29671)
(183, 111, 51226)
(183, 95, 28649)
(183, 126, 24385)
(183, 1, 20307)
(183, 82, 57390)
(183, 121, 20209)
(183, 14, 6559)
(183, 173, 15961)
(183, 84, 47829)
(183, 62, 18193)
(183, 23, 15056)
(183, 153, 3710)
(183, 26, 26083)
(183, 164, 33418)
(183, 18, 32768)
(183, 22, 41699)
(183, 100, 11494)
(183, 60, 28819)
(183, 12, 29653)
(183, 76, 26236)
(183, 31, 39646)
(183, 169, 29251)
(183, 51, 25134)
(183, 127, 49056)
(183, 52, 10283)
(183, 109, 22183)
(183, 113, 19201)
(183, 57, 51478)
(183, 155, 20811)
(183, 75, 54389)
(183, 7, 53450)
(183, 96, 51776)
(183, 65, 37615)
(183, 86, 42408)
(183, 20, 13053)
(183, 85, 52464)
(183, 101, 38236)
(183, 90, 7226)
(183, 39, 44888)
(183, 179, 33426)
(183, 49, 3014)
(183, 123, 51894)
(183, 4, 3058)
(183, 154, 26166)
(183, 120, 26865)
(183, 114, 6136)
(183, 142, 33984)
(183, 93, 55999)
(183, 71, 18138)
(183, 97, 31115)
(183, 3, 13991)
(183, 168, 8584)
(183, 110, 23523)
(183, 69, 21184)
(183, 59, 43149)
(183, 58, 40569)
(183, 107, 16929)
(183, 56, 12719)
(183, 17, 8833)
(183, 38, 39469)
(183, 115, 42080)
(183, 118, 19605)
(183, 119, 4796)
(183, 81, 47150)
(183, 140, 42559)
(183, 42, 9897)
(183, 36, 45809)
(183, 105, 55740)
(183, 117, 18895)
(183, 122, 1536)
(183, 87, 37064)
(183, 92, 49648)
(183, 150, 24892)
(183, 166, 12066)
(183, 124, 56351)
(183, 15, 57379)
(183, 5, 40600)
(183, 171, 55701)
(183, 106, 41507)
(183, 44, 38787)
(183, 136, 36782)
(183, 94, 31897)
(183, 41, 14276)
(183, 131, 9409)
(183, 45, 43978)
(183, 27, 48276)
(183, 133, 19532)
(183, 80, 58058)
(183, 174, 10853)
(183, 172, 22293)
(183, 162, 40173)
(183, 43, 20997)
(183, 178, 28015)
(184, 51, 41936)
(184, 64, 51896)
(184, 76, 16568)
(184, 178, 26973)
(184, 82, 29173)
(184, 49, 6076)
(184, 144, 43611)
(184, 95, 35606)
(184, 113, 39119)
(184, 31, 45456)
(184, 122, 37332)
(184, 45, 20224)
(184, 27, 12456)
(184, 157, 53395)
(184, 94, 17136)
(184, 96, 16925)
(184, 83, 25847)
(184, 52, 14293)
(184, 22, 22515)
(184, 91, 19748)
(184, 1, 36723)
(184, 151, 21381)
(184, 24, 49292)
(184, 118, 15086)
(184, 30, 36045)
(184, 84, 10297)
(184, 145, 14819)
(184, 164, 25685)
(184, 135, 57218)
(184, 183, 28513)
(184, 8, 50590)
(184, 0, 33174)
(184, 39, 41424)
(184, 25, 5005)
(184, 6, 31628)
(184, 158, 18617)
(184, 21, 17754)
(184, 166, 334)
(184, 172, 15692)
(184, 34, 22233)
(184, 28, 13446)
(184, 155, 35569)
(184, 3, 22267)
(184, 176, 50404)
(184, 119, 31921)
(184, 173, 54792)
(184, 102, 27779)
(184, 58, 31825)
(184, 161, 1710)
(184, 15, 14218)
(184, 133, 12079)
(184, 153, 48998)
(184, 26, 40623)
(184, 2, 12526)
(184, 19, 56165)
(184, 20, 47873)
(184, 54, 44815)
(184, 77, 1565)
(184, 66, 18217)
(184, 50, 3895)
(184, 14, 20999)
(184, 168, 42507)
(184, 42, 40514)
(184, 160, 13545)
(184, 9, 37499)
(184, 46, 44011)
(184, 126, 1041)
(184, 79, 18958)
(184, 111, 4984)
(184, 5, 24506)
(184, 171, 15545)
(184, 92, 45948)
(184, 149, 26931)
(184, 121, 41189)
(184, 132, 18168)
(184, 180, 51662)
(184, 109, 16601)
(184, 4, 20402)
(184, 152, 18253)
(184, 47, 41826)
(184, 129, 51864)
(184, 105, 18280)
(184, 85, 31544)
(184, 170, 22093)
(184, 88, 23409)
(184, 124, 41436)
(184, 78, 52611)
(184, 156, 52870)
(184, 72, 39216)
(184, 100, 8841)
(184, 32, 36900)
(184, 106, 15012)
(184, 73, 12046)
(184, 17, 54648)
(184, 38, 1132)
(184, 154, 54094)
(184, 87, 29323)
(184, 16, 22102)
(184, 41, 43834)
(184, 110, 54492)
(184, 69, 16202)
(184, 89, 33409)
(184, 23, 44262)
(184, 131, 36710)
(184, 18, 12412)
(184, 86, 54212)
(184, 68, 22229)
(184, 141, 47238)
(184, 174, 37736)
(184, 159, 12681)
(184, 107, 32847)
(184, 143, 49875)
(184, 59, 48082)
(184, 123, 5508)
(184, 146, 7464)
(184, 162, 12581)
(184, 165, 46487)
(184, 127, 56392)
(184, 65, 14)
(184, 104, 43816)
(184, 75, 32316)
(184, 93, 6072)
(184, 138, 9828)
(184, 150, 26564)
(184, 137, 1204)
(184, 62, 33943)
(184, 48, 17959)
(184, 108, 11694)
(184, 57, 40437)
(184, 10, 20016)
(184, 163, 50379)
(184, 139, 23308)
(184, 90, 50567)
(184, 53, 31969)
(184, 112, 33325)
(184, 74, 56546)
(184, 103, 36427)
(184, 71, 56507)
(184, 44, 50463)
(184, 181, 34466)
(184, 169, 4975)
(184, 29, 41639)
(184, 167, 2709)
(184, 115, 14663)
(184, 55, 33380)
(184, 97, 11412)
(184, 136, 42698)
(184, 12, 17846)
(184, 81, 47256)
(184, 114, 44638)
(184, 134, 58026)
(184, 116, 43792)
(184, 80, 35571)
(184, 63, 38520)
(184, 101, 55037)
(184, 61, 46631)
(184, 128, 26081)
(184, 140, 27173)
(184, 142, 1645)
(184, 177, 53155)
(184, 67, 5356)
(184, 36, 21712)
(184, 99, 23831)
(184, 11, 19611)
(184, 13, 45148)
(184, 56, 41123)
(185, 73, 14261)
(185, 133, 6540)
(185, 20, 40429)
(185, 103, 41925)
(185, 49, 50488)
(185, 81, 48192)
(185, 86, 39781)
(185, 54, 28068)
(185, 88, 13953)
(185, 142, 39592)
(185, 29, 21867)
(185, 100, 34034)
(185, 164, 45685)
(185, 72, 32386)
(185, 39, 44032)
(185, 125, 15562)
(185, 159, 26304)
(185, 50, 36331)
(185, 79, 57752)
(185, 153, 11402)
(185, 120, 30810)
(185, 98, 53354)
(185, 113, 24504)
(185, 48, 35559)
(185, 67, 34814)
(185, 43, 43459)
(185, 77, 5980)
(185, 40, 41996)
(185, 99, 12987)
(185, 121, 45411)
(185, 150, 26322)
(185, 2, 33433)
(185, 71, 51599)
(185, 64, 45140)
(185, 130, 25398)
(185, 21, 881)
(185, 45, 48037)
(185, 148, 16703)
(185, 9, 4252)
(185, 76, 14892)
(185, 78, 10719)
(185, 87, 49760)
(185, 63, 32891)
(185, 163, 1885)
(185, 23, 37772)
(185, 184, 21548)
(185, 14, 20201)
(185, 138, 52075)
(185, 114, 14229)
(185, 37, 37949)
(185, 24, 41618)
(185, 119, 22200)
(185, 0, 19252)
(185, 11, 28272)
(185, 109, 8320)
(185, 174, 9084)
(185, 128, 7125)
(185, 53, 15792)
(185, 17, 52050)
(185, 91, 34892)
(185, 95, 35101)
(185, 83, 51597)
(185, 162, 33495)
(185, 145, 38564)
(185, 167, 24958)
(185, 106, 35806)
(185, 12, 8054)
(185, 75, 47123)
(185, 60, 24686)
(185, 166, 54041)
(185, 66, 30219)
(185, 117, 13161)
(185, 57, 15274)
(185, 51, 42525)
(185, 34, 18481)
(185, 55, 14196)
(185, 181, 8955)
(185, 31, 9456)
(185, 122, 46591)
(185, 70, 54988)
(185, 161, 29088)
(185, 96, 46884)
(185, 93, 36815)
(185, 105, 56033)
(185, 158, 35192)
(185, 74, 56998)
(185, 56, 35971)
(185, 69, 4585)
(185, 139, 56717)
(185, 36, 22323)
(185, 173, 49058)
(185, 147, 34381)
(185, 143, 8708)
(185, 124, 14554)
(185, 42, 46908)
(185, 59, 19754)
(185, 33, 19660)
(185, 102, 21532)
(185, 58, 2886)
(185, 180, 24302)
(185, 169, 6773)
(185, 19, 27518)
(185, 116, 9997)
(185, 6, 255)
(185, 154, 5023)
(185, 160, 4916)
(185, 141, 50472)
(185, 152, 15293)
(185, 155, 7340)
(185, 137, 4007)
(185, 172, 45824)
(185, 182, 57043)
(186, 97, 12807)
(186, 114, 20817)
(186, 170, 49644)
(186, 66, 46147)
(186, 183, 18184)
(186, 73, 20593)
(186, 85, 17767)
(186, 169, 51968)
(186, 11, 41773)
(186, 159, 37865)
(186, 48, 18302)
(186, 14, 49959)
(186, 178, 37032)
(186, 44, 25490)
(186, 135, 48371)
(186, 82, 26195)
(186, 94, 17960)
(186, 172, 35173)
(186, 68, 26045)
(186, 60, 15724)
(186, 110, 2014)
(186, 19, 45944)
(186, 185, 37972)
(186, 129, 13252)
(186, 90, 38948)
(186, 171, 28080)
(186, 124, 45449)
(186, 150, 23148)
(186, 65, 53649)
(186, 141, 27574)
(186, 9, 24829)
(186, 182, 15958)
(186, 23, 10232)
(186, 74, 44186)
(186, 36, 5231)
(186, 113, 13867)
(186, 100, 53740)
(186, 22, 31846)
(186, 165, 16502)
(186, 126, 16512)
(186, 37, 52831)
(186, 156, 718)
(186, 115, 27432)
(186, 98, 14682)
(186, 101, 25864)
(186, 55, 3235)
(186, 173, 30593)
(186, 125, 21604)
(186, 116, 57633)
(186, 121, 38489)
(186, 70, 13657)
(186, 147, 38027)
(186, 96, 52662)
(186, 75, 47160)
(186, 61, 7671)
(186, 149, 16477)
(186, 35, 20250)
(186, 39, 21741)
(186, 154, 48030)
(186, 161, 30861)
(186, 41, 15448)
(186, 3, 30349)
(186, 4, 33552)
(186, 51, 48965)
(186, 15, 31550)
(186, 106, 25860)
(186, 104, 26703)
(186, 118, 2419)
(186, 143, 4348)
(186, 32, 2102)
(186, 127, 19479)
(186, 133, 23596)
(186, 28, 2834)
(186, 50, 41541)
(186, 91, 30003)
(186, 137, 55014)
(186, 139, 22435)
(186, 18, 6326)
(186, 128, 25242)
(186, 167, 20976)
(186, 81, 5319)
(186, 52, 37165)
(186, 10, 18568)
(186, 76, 31540)
(186, 84, 35411)
(186, 119, 54135)
(187, 36, 34229)
(187, 49, 25558)
(187, 31, 21403)
(187, 168, 56500)
(187, 146, 3362)
(187, 141, 22397)
(187, 172, 57202)
(187, 50, 23007)
(187, 73, 46168)
(187, 32, 49375)
(187, 164, 7241)
(187, 175, 8492)
(187, 156, 762)
(187, 7, 54827)
(187, 154, 5359)
(187, 9, 52465)
(187, 86, 44129)
(187, 22, 42737)
(187, 12, 54525)
(187, 155, 47195)
(187, 181, 29818)
(187, 125, 30538)
(187, 21, 11144)
(187, 98, 49972)
(187, 152, 5254)
(187, 160, 24138)
(187, 162, 1754)
(187, 62, 40290)
(187, 102, 14239)
(187, 52, 35595)
(187, 59, 52933)
(187, 105, 17284)
(187, 139, 10061)
(187, 1, 9933)
(187, 56, 49514)
(187, 111, 36289)
(187, 57, 308)
(187, 93, 33083)
(187, 78, 1399)
(187, 8, 6393)
(187, 133, 11234)
(187, 65, 24407)
(187, 110, 52421)
(187, 126, 35443)
(187, 84, 33618)
(187, 174, 35607)
(187, 91, 49503)
(187, 142, 42612)
(187, 33, 16653)
(187, 157, 27846)
(187, 55, 8180)
(187, 150, 50142)
(187, 173, 23899)
(187, 25, 55511)
(187, 6, 54569)
(187, 87, 38700)
(187, 19, 15365)
(187, 145, 14361)
(187, 51, 12773)
(187, 116, 18677)
(187, 34, 16402)
(187, 30, 15650)
(187, 47, 14754)
(187, 177, 53359)
(187, 108, 20653)
(187, 2, 19322)
(187, 67, 11967)
(187, 96, 10392)
(187, 107, 31106)
(187, 90, 14985)
(187, 15, 30685)
(188, 85, 1914)
(188, 121, 31434)
(188, 16, 44204)
(188, 89, 51493)
(188, 124, 44254)
(188, 38, 25571)
(188, 86, 16690)
(188, 140, 40484)
(188, 44, 48268)
(188, 181, 5991)
(188, 24, 4531)
(188, 153, 52068)
(188, 98, 34185)
(188, 155, 47727)
(188, 117, 54897)
(188, 14, 25942)
(188, 110, 6285)
(188, 166, 11472)
(188, 96, 43152)
(188, 45, 3004)
(188, 104, 21814)
(188, 7, 35217)
(189, 49, 879)
(189, 68, 18445)
(189, 10, 56708)
(189, 105, 10944)
(189, 17, 52285)
(189, 180, 42291)
(189, 186, 31903)
(189, 19, 43561)
(189, 96, 38417)
(189, 166, 5834)
(189, 69, 506)
(189, 92, 49555)
(189, 164, 49394)
(189, 36, 5113)
(189, 148, 57432)
(189, 2, 33965)
(189, 77, 13748)
(189, 108, 34952)
(189, 76, 5723)
(189, 175, 14170)
(189, 70, 13927)
(189, 187, 57722)
(189, 119, 54550)
(189, 56, 51062)
(189, 167, 57205)
(189, 104, 29538)
(189, 138, 44325)
(189, 109, 484)
(189, 4, 34478)
(189, 83, 15714)
(189, 38, 37521)
(189, 144, 54849)
(189, 128, 22774)
(189, 53, 13750)
(189, 50, 32079)
(189, 147, 30246)
(189, 120, 16180)
(189, 114, 18055)
(189, 75, 17348)
(189, 142, 30768)
(189, 153, 6110)
(189, 139, 36647)
(189, 122, 47054)
(189, 82, 20505)
(189, 182, 10009)
(189, 98, 30141)
(189, 84, 23477)
(189, 94, 43059)
(189, 103, 35264)
(189, 159, 13005)
(189, 86, 32323)
(190, 8, 15906)
(190, 76, 27140)
(190, 104, 46557)
(190, 121, 2959)
(190, 158, 42621)
(190, 55, 12703)
(190, 64, 15965)
(190, 29, 44501)
(190, 61, 56586)
(190, 138, 49110)
(190, 5, 14798)
(190, 119, 8210)
(190, 34, 48186)
(190, 91, 42460)
(190, 13, 53459)
(190, 171, 35690)
(190, 4, 22804)
(190, 179, 716)
(190, 48, 35395)
(190, 21, 38535)
(190, 188, 17683)
(190, 24, 35193)
(190, 101, 35797)
(190, 78, 36235)
(190, 40, 10584)
(190, 68, 55998)
(190, 140, 52016)
(190, 97, 41021)
(190, 130, 53032)
(190, 49, 49558)
(190, 163, 26577)
(190, 99, 54154)
(190, 176, 17335)
(190, 155, 967)
(190, 39, 55641)
(190, 65, 53889)
(190, 23, 46334)
(190, 174, 46263)
(190, 181, 47883)
(190, 42, 50391)
(190, 46, 29618)
(190, 94, 42707)
(190, 166, 30666)
(190, 161, 30001)
(190, 28, 24286)
(190, 160, 51092)
(190, 164, 148)
(190, 112, 20748)
(190, 189, 56730)
(190, 153, 20945)
(190, 127, 32095)
(190, 100, 23702)
(190, 89, 14946)
(190, 77, 54072)
(190, 87, 43302)
(190, 71, 1862)
(190, 177, 22136)
(190, 186, 31936)
(190, 180, 42951)
(190, 102, 1457)
(190, 142, 22370)
(190, 182, 55931)
(190, 135, 42057)
(191, 115, 34086)
(191, 176, 32849)
(191, 175, 42027)
(191, 92, 17745)
(191, 186, 4791)
(191, 67, 14517)
(191, 163, 9169)
(191, 5, 42659)
(191, 99, 28120)
(192, 91, 43512)
(192, 94, 47490)
(192, 18, 49652)
(192, 42, 2742)
(192, 78, 5740)
(192, 10, 9492)
(192, 154, 37425)
(192, 47, 2186)
(192, 158, 33792)
(192, 161, 25761)
(192, 142, 26581)
(192, 12, 2773)
(192, 140, 20473)
(192, 87, 28761)
(192, 66, 8313)
(192, 125, 6947)
(192, 121, 15753)
(192, 159, 56440)
(192, 43, 47028)
(192, 49, 33553)
(192, 162, 15307)
(192, 56, 13945)
(192, 83, 17581)
(192, 126, 51008)
(192, 117, 28053)
(192, 57, 13510)
(192, 99, 46285)
(192, 148, 29941)
(192, 4, 44788)
(192, 105, 32355)
(192, 75, 39380)
(192, 20, 13534)
(192, 69, 35539)
(192, 15, 42368)
(192, 110, 42150)
(192, 181, 48086)
(192, 36, 44644)
(192, 34, 5228)
(192, 5, 46554)
(192, 95, 44752)
(192, 7, 7956)
(192, 131, 19277)
(192, 186, 46488)
(192, 37, 45879)
(192, 3, 8253)
(192, 1, 37188)
(192, 164, 44195)
(192, 182, 25151)
(192, 70, 790)
(192, 177, 28236)
(192, 55, 41086)
(192, 9, 50024)
(192, 60, 5587)
(192, 146, 43650)
(192, 29, 27449)
(192, 149, 50759)
(192, 135, 46307)
(192, 85, 2128)
(192, 48, 11782)
(192, 84, 31389)
(192, 32, 39188)
(192, 0, 9848)
(192, 62, 14997)
(192, 155, 80)
(192, 63, 22220)
(192, 124, 26164)
(192, 41, 9423)
(192, 191, 6678)
(192, 65, 13627)
(192, 93, 43825)
(192, 64, 9438)
(192, 17, 5051)
(192, 185, 18421)
(192, 144, 9051)
(192, 153, 56083)
(192, 2, 3095)
(192, 111, 9020)
(192, 28, 55312)
(192, 27, 12686)
(192, 30, 1424)
(192, 101, 10803)
(192, 103, 57676)
(192, 38, 11999)
(192, 134, 25730)
(192, 89, 29684)
(192, 152, 25877)
(192, 173, 51177)
(192, 33, 11772)
(192, 74, 51795)
(192, 96, 41364)
(192, 21, 51993)
(192, 166, 8457)
(192, 122, 27369)
(192, 67, 18332)
(192, 163, 7143)
(192, 145, 15930)
(192, 81, 18414)
(192, 171, 18476)
(192, 175, 6683)
(192, 90, 2838)
(192, 179, 30668)
(192, 108, 22462)
(192, 176, 10360)
(192, 123, 42744)
(192, 76, 24996)
(192, 157, 43934)
(192, 98, 10191)
(192, 68, 49808)
(192, 116, 4607)
(192, 130, 37496)
(192, 61, 8216)
(192, 100, 2588)
(192, 80, 19262)
(192, 109, 8177)
(192, 150, 52169)
(192, 44, 52535)
(192, 151, 39623)
(192, 104, 55055)
(192, 114, 27383)
(193, 97, 20438)
(193, 5, 11663)
(193, 100, 32379)
(193, 90, 51003)
(193, 152, 55330)
(193, 136, 2642)
(193, 167, 7442)
(193, 65, 49307)
(193, 56, 51101)
(193, 10, 55983)
(193, 148, 1511)
(193, 170, 19071)
(193, 142, 38587)
(193, 63, 31530)
(193, 59, 1346)
(193, 135, 43412)
(193, 105, 54688)
(193, 162, 7942)
(193, 134, 2065)
(193, 6, 26582)
(193, 132, 57751)
(193, 4, 22187)
(193, 20, 57051)
(193, 16, 37059)
(193, 188, 20204)
(193, 120, 56829)
(193, 131, 57851)
(193, 174, 45577)
(193, 9, 26206)
(193, 53, 15144)
(193, 94, 35879)
(193, 75, 5574)
(193, 79, 42309)
(193, 143, 2934)
(193, 110, 19735)
(193, 118, 36380)
(193, 78, 22837)
(193, 92, 24485)
(193, 69, 52217)
(193, 139, 4969)
(193, 30, 24468)
(193, 62, 52122)
(193, 31, 30010)
(193, 26, 49076)
(193, 149, 57274)
(193, 116, 47723)
(193, 32, 46067)
(193, 19, 11212)
(193, 33, 48877)
(193, 112, 9461)
(193, 187, 3032)
(193, 104, 53031)
(193, 52, 49892)
(193, 125, 18326)
(193, 146, 34274)
(193, 43, 14555)
(193, 68, 43040)
(193, 169, 2151)
(193, 190, 33646)
(193, 133, 12436)
(193, 114, 26729)
(193, 115, 42229)
(193, 96, 12261)
(193, 74, 41387)
(193, 129, 45108)
(193, 87, 27928)
(193, 47, 41526)
(193, 42, 13000)
(193, 67, 26103)
(193, 55, 45851)
(193, 147, 21675)
(193, 48, 22573)
(193, 119, 25505)
(193, 166, 14739)
(193, 41, 3437)
(193, 106, 48190)
(193, 64, 51547)
(193, 99, 6756)
(193, 161, 11076)
(193, 57, 17951)
(193, 0, 3506)
(193, 158, 45887)
(193, 159, 41493)
(193, 3, 37113)
(193, 23, 41018)
(193, 82, 42788)
(193, 81, 52551)
(193, 77, 4777)
(193, 186, 40660)
(193, 172, 33354)
(193, 127, 18373)
(193, 21, 31400)
(193, 121, 19542)
(193, 123, 38144)
(193, 12, 43277)
(193, 144, 18278)
(193, 124, 12937)
(193, 126, 26167)
(193, 71, 45722)
(193, 13, 22101)
(193, 38, 43103)
(193, 155, 1510)
(193, 84, 7389)
(193, 89, 37084)
(193, 130, 37115)
(193, 37, 2166)
(193, 35, 32199)
(193, 153, 26904)
(193, 178, 19296)
(193, 39, 13184)
(193, 160, 27994)
(193, 157, 43769)
(193, 128, 37992)
(193, 163, 33264)
(193, 51, 32910)
(193, 191, 42634)
(193, 28, 17802)
(193, 70, 8366)
(193, 85, 10472)
(193, 98, 46749)
(193, 86, 10972)
(193, 111, 8684)
(193, 164, 37034)
(193, 24, 23469)
(193, 103, 13488)
(193, 80, 21042)
(193, 109, 50973)
(193, 49, 35252)
(193, 137, 27826)
(193, 29, 8377)
(193, 108, 10800)
(193, 117, 6451)
(193, 25, 17738)
(193, 189, 40273)
(193, 179, 10668)
(193, 168, 30901)
(193, 36, 41346)
(193, 76, 22947)
(193, 101, 34653)
(193, 192, 8404)
(193, 40, 37072)
(193, 11, 2294)
(193, 165, 16357)
(193, 156, 49628)
(193, 154, 28932)
(193, 7, 33100)
(193, 1, 27277)
(193, 184, 52144)
(193, 46, 43117)
(193, 176, 8907)
(193, 72, 13061)
(193, 60, 24158)
(193, 2, 31892)
(193, 102, 50842)
(193, 88, 43986)
(193, 58, 54532)
(193, 83, 44145)
(193, 91, 15018)
(193, 150, 12092)
(193, 138, 695)
(193, 18, 36627)
(193, 14, 47263)
(193, 145, 44208)
(193, 61, 32966)
(193, 151, 8493)
(193, 22, 5042)
(193, 140, 10156)
(193, 95, 52308)
(193, 175, 44712)
(193, 183, 52716)
(193, 8, 45273)
(193, 15, 55112)
(193, 107, 22171)
(193, 177, 8388)
(193, 17, 5976)
(193, 171, 10989)
(193, 182, 34438)
(193, 185, 38168)
(193, 45, 18813)
(193, 113, 27690)
(193, 50, 20058)
(193, 180, 18586)
(193, 34, 7518)
(193, 173, 10937)
(193, 27, 15717)
(193, 66, 47866)
(193, 93, 57482)
(194, 183, 39442)
(194, 169, 46470)
(194, 160, 43398)
(194, 85, 23868)
(194, 141, 33810)
(194, 27, 49501)
(194, 178, 11970)
(194, 102, 24915)
(194, 82, 16358)
(194, 164, 41616)
(194, 177, 436)
(194, 64, 42619)
(194, 30, 14251)
(194, 144, 45525)
(194, 32, 50092)
(194, 87, 45868)
(194, 70, 28571)
(194, 191, 3598)
(194, 146, 14640)
(194, 162, 36114)
(194, 189, 27349)
(194, 167, 8905)
(194, 28, 36338)
(194, 134, 11202)
(194, 108, 19968)
(194, 8, 49299)
(194, 114, 1630)
(194, 112, 37143)
(194, 1, 57344)
(194, 150, 37368)
(194, 188, 32915)
(194, 182, 54349)
(194, 127, 45495)
(194, 179, 39061)
(194, 190, 52215)
(194, 79, 8717)
(194, 105, 38474)
(194, 149, 3498)
(194, 76, 10160)
(194, 3, 24436)
(194, 165, 5588)
(194, 59, 23500)
(194, 185, 10928)
(194, 126, 31876)
(194, 41, 43755)
(194, 97, 33071)
(194, 100, 7184)
(194, 116, 14720)
(194, 106, 47030)
(194, 4, 15083)
(194, 53, 27915)
(194, 132, 10468)
(194, 93, 35924)
(194, 40, 41683)
(194, 157, 2140)
(194, 140, 42808)
(194, 152, 3853)
(194, 143, 32168)
(194, 55, 9528)
(194, 13, 19769)
(194, 184, 49396)
(194, 36, 9695)
(194, 18, 7405)
(194, 0, 22851)
(194, 31, 30892)
(194, 99, 15178)
(194, 71, 19627)
(194, 75, 2853)
(194, 37, 27284)
(194, 58, 54460)
(194, 136, 57260)
(194, 16, 49728)
(194, 52, 48446)
(194, 92, 24868)
(194, 69, 51060)
(194, 111, 3588)
(194, 19, 53522)
(194, 168, 29353)
(194, 120, 10896)
(194, 12, 53720)
(194, 155, 37227)
(194, 166, 3720)
(194, 91, 39405)
(194, 66, 10600)
(194, 124, 4924)
(194, 129, 46452)
(194, 50, 9133)
(194, 109, 52017)
(194, 43, 2184)
(194, 110, 26360)
(194, 137, 3226)
(194, 61, 16792)
(194, 15, 16445)
(195, 25, 2756)
(195, 111, 55935)
(195, 150, 26329)
(195, 161, 35471)
(195, 17, 51841)
(195, 143, 56965)
(195, 63, 30073)
(195, 75, 20755)
(195, 152, 14130)
(195, 95, 4625)
(195, 79, 42759)
(195, 70, 40223)
(195, 131, 13840)
(195, 94, 20689)
(195, 170, 56209)
(195, 126, 29884)
(195, 67, 23905)
(195, 0, 6145)
(195, 185, 3975)
(195, 139, 7680)
(195, 176, 26837)
(195, 97, 3055)
(195, 4, 28501)
(195, 178, 4743)
(195, 55, 44727)
(195, 22, 22642)
(195, 54, 28095)
(195, 85, 32606)
(195, 177, 19789)
(195, 155, 10179)
(195, 114, 42842)
(195, 65, 6717)
(195, 71, 2569)
(195, 38, 18730)
(195, 179, 21524)
(195, 8, 18393)
(195, 9, 24009)
(195, 15, 24422)
(195, 163, 18555)
(195, 169, 6673)
(195, 32, 9908)
(195, 68, 25426)
(195, 7, 36203)
(195, 36, 22998)
(195, 77, 42001)
(195, 128, 2145)
(195, 103, 27746)
(195, 58, 17469)
(195, 23, 11794)
(195, 21, 5285)
(195, 5, 54052)
(195, 11, 8413)
(195, 183, 57217)
(195, 118, 25536)
(195, 135, 33196)
(195, 192, 18179)
(195, 142, 57177)
(195, 149, 28944)
(195, 87, 19710)
(195, 151, 14381)
(195, 148, 9365)
(196, 94, 51940)
(196, 10, 32684)
(196, 167, 40254)
(196, 85, 53668)
(196, 65, 41077)
(196, 105, 52931)
(196, 157, 41730)
(196, 119, 25278)
(196, 41, 10815)
(196, 188, 45890)
(196, 129, 47070)
(196, 5, 22133)
(196, 30, 24591)
(196, 109, 6838)
(196, 59, 47149)
(196, 136, 43315)
(196, 190, 5032)
(196, 151, 25206)
(196, 82, 8298)
(196, 181, 28206)
(196, 128, 48331)
(196, 100, 19587)
(196, 8, 55849)
(196, 161, 28176)
(196, 67, 4120)
(196, 111, 49244)
(196, 31, 41119)
(196, 195, 32346)
(196, 156, 31344)
(196, 172, 5010)
(196, 139, 20160)
(196, 121, 56559)
(196, 15, 10567)
(196, 26, 10444)
(196, 160, 51377)
(196, 164, 21427)
(196, 153, 46717)
(196, 79, 45586)
(196, 4, 22501)
(196, 184, 17289)
(196, 21, 41202)
(196, 89, 12881)
(196, 101, 40136)
(196, 11, 49211)
(196, 64, 6823)
(196, 148, 41997)
(196, 145, 6088)
(196, 35, 2239)
(196, 118, 30266)
(196, 47, 44612)
(196, 102, 12467)
(196, 39, 30888)
(196, 154, 36136)
(196, 43, 55766)
(196, 54, 46143)
(196, 144, 874)
(196, 173, 13080)
(196, 78, 44503)
(196, 124, 37763)
(196, 149, 4780)
(196, 77, 58118)
(196, 87, 53975)
(196, 127, 30018)
(196, 175, 23416)
(196, 122, 13565)
(196, 120, 34624)
(196, 152, 31172)
(196, 194, 34244)
(196, 16, 34128)
(196, 66, 12784)
(196, 115, 22421)
(196, 99, 19988)
(196, 177, 48021)
(196, 113, 9846)
(196, 130, 32356)
(196, 155, 39260)
(196, 180, 27832)
(196, 185, 32846)
(196, 33, 7127)
(196, 146, 42149)
(196, 137, 40558)
(196, 22, 36404)
(196, 74, 21375)
(196, 114, 8343)
(196, 75, 5090)
(196, 141, 22668)
(196, 104, 33925)
(196, 62, 37526)
(196, 108, 32060)
(196, 112, 24572)
(196, 46, 15539)
(196, 163, 50073)
(196, 142, 17756)
(196, 6, 31931)
(196, 50, 34763)
(196, 3, 38799)
(196, 57, 36745)
(196, 14, 37758)
(196, 95, 41328)
(196, 96, 49662)
(196, 98, 5570)
(196, 27, 31199)
(196, 126, 39873)
(196, 84, 47585)
(196, 45, 48344)
(196, 138, 45296)
(196, 51, 24217)
(196, 125, 42927)
(196, 52, 45471)
(196, 36, 43827)
(196, 7, 18787)
(196, 23, 52186)
(196, 9, 31815)
(196, 159, 42999)
(196, 76, 33065)
(196, 58, 19734)
(196, 28, 6289)
(196, 183, 45536)
(196, 165, 5305)
(196, 42, 34897)
(196, 189, 5497)
(196, 37, 43749)
(196, 110, 8200)
(196, 61, 53122)
(196, 70, 18341)
(196, 179, 33410)
(196, 93, 21995)
(196, 170, 8369)
(196, 48, 12585)
(196, 92, 38746)
(196, 0, 31943)
(196, 143, 50322)
(196, 192, 30348)
(196, 90, 28433)
(196, 134, 48066)
(196, 140, 54842)
(196, 20, 8874)
(196, 68, 4445)
(196, 56, 36971)
(196, 150, 13501)
(196, 123, 7155)
(196, 171, 46223)
(196, 49, 54126)
(196, 13, 51153)
(196, 169, 27480)
(196, 32, 31255)
(196, 81, 39777)
(196, 116, 38938)
(196, 55, 27588)
(196, 71, 100)
(196, 1, 46870)
(196, 147, 30909)
(196, 135, 2855)
(197, 2, 1080)
(197, 153, 54198)
(197, 122, 21422)
(197, 62, 32615)
(197, 177, 33175)
(197, 66, 4435)
(197, 24, 49669)
(197, 107, 39343)
(197, 195, 25199)
(197, 41, 57428)
(197, 6, 49357)
(197, 114, 35903)
(197, 144, 33592)
(197, 137, 36222)
(197, 26, 28712)
(197, 52, 21882)
(197, 139, 16515)
(197, 37, 16537)
(197, 140, 40729)
(197, 138, 11330)
(197, 74, 5321)
(197, 152, 35197)
(197, 182, 999)
(197, 76, 8786)
(197, 170, 1660)
(197, 65, 50785)
(197, 171, 4360)
(197, 13, 15150)
(197, 51, 31192)
(197, 43, 27242)
(197, 39, 19805)
(197, 143, 6020)
(197, 127, 29507)
(197, 27, 56925)
(197, 92, 26601)
(197, 192, 36435)
(197, 158, 20368)
(197, 36, 20559)
(197, 185, 45293)
(197, 99, 9131)
(197, 53, 2933)
(197, 187, 5633)
(197, 98, 54147)
(197, 10, 32267)
(197, 63, 47667)
(197, 162, 57461)
(197, 87, 8564)
(197, 164, 26550)
(197, 104, 25963)
(197, 93, 19936)
(197, 131, 45900)
(197, 123, 11166)
(197, 191, 32283)
(197, 40, 22644)
(197, 48, 41988)
(197, 115, 51883)
(197, 100, 38080)
(197, 82, 25347)
(197, 113, 48897)
(197, 109, 47892)
(197, 64, 21113)
(197, 146, 24813)
(197, 12, 19771)
(197, 14, 29295)
(197, 4, 24803)
(197, 34, 28596)
(197, 57, 8061)
(197, 25, 3861)
(197, 49, 16231)
(197, 84, 22100)
(197, 133, 52801)
(197, 174, 16881)
(197, 189, 36526)
(197, 22, 22425)
(197, 148, 4790)
(197, 17, 4180)
(197, 103, 8924)
(197, 97, 41171)
(197, 55, 52956)
(197, 16, 45363)
(197, 102, 44642)
(198, 197, 55388)
(198, 24, 7096)
(198, 136, 18716)
(198, 154, 12934)
(198, 43, 8962)
(198, 160, 18886)
(198, 66, 12110)
(198, 74, 49334)
(198, 72, 24172)
(198, 180, 48157)
(198, 59, 45671)
(198, 170, 8662)
(198, 42, 7539)
(198, 5, 29956)
(198, 90, 52799)
(198, 46, 26443)
(198, 166, 17046)
(198, 71, 29625)
(198, 151, 10589)
(198, 98, 50511)
(198, 107, 19574)
(198, 146, 41948)
(198, 138, 4063)
(198, 70, 28798)
(198, 142, 13865)
(198, 97, 25640)
(198, 57, 34901)
(198, 187, 50534)
(198, 9, 48948)
(198, 63, 11965)
(198, 39, 39580)
(198, 108, 23902)
(198, 56, 10833)
(198, 189, 19667)
(198, 126, 40536)
(198, 148, 15199)
(198, 131, 45648)
(198, 18, 21820)
(198, 41, 36414)
(198, 45, 33757)
(198, 117, 23227)
(198, 102, 6375)
(198, 186, 29064)
(198, 95, 9140)
(198, 86, 29612)
(198, 137, 15823)
(198, 172, 35460)
(198, 50, 57772)
(198, 49, 26298)
(198, 141, 57251)
(198, 100, 47282)
(198, 83, 50658)
(198, 162, 33246)
(198, 93, 40032)
(198, 156, 42224)
(198, 124, 28848)
(198, 25, 19533)
(198, 169, 23274)
(198, 21, 39441)
(198, 193, 18902)
(198, 67, 45950)
(198, 161, 55379)
(198, 103, 31679)
(198, 47, 36877)
(198, 85, 5528)
(198, 178, 1590)
(198, 177, 57149)
(198, 192, 4580)
(198, 29, 803)
(198, 118, 29237)
(198, 23, 15521)
(198, 69, 41206)
(198, 159, 31883)
(198, 64, 56985)
(198, 158, 9559)
(198, 75, 35020)
(198, 76, 8222)
(198, 165, 27004)
(198, 7, 57927)
(198, 129, 57447)
(198, 167, 23055)
(198, 164, 17532)
(198, 91, 49025)
(198, 105, 19306)
(198, 183, 5634)
(198, 22, 56892)
(198, 80, 5270)
(198, 33, 53138)
(198, 32, 38447)
(198, 20, 23605)
(198, 84, 23741)
(198, 89, 48751)
(198, 152, 40135)
(198, 4, 1146)
(198, 81, 1810)
(198, 3, 44924)
(198, 13, 13770)
(198, 127, 45119)
(198, 176, 10056)
(198, 139, 1785)
(198, 58, 48437)
(198, 34, 18975)
(198, 44, 7097)
(198, 135, 14447)
(198, 111, 8992)
(198, 87, 29113)
(198, 1, 38408)
(198, 195, 4087)
(198, 68, 17395)
(198, 133, 9017)
(198, 104, 20510)
(198, 112, 40800)
(198, 190, 20782)
(198, 65, 50265)
(198, 115, 19371)
(198, 94, 47592)
(198, 31, 6482)
(198, 114, 36737)
(198, 48, 30749)
(198, 121, 38428)
(198, 191, 44995)
(198, 16, 31571)
(198, 79, 29955)
(199, 173, 38361)
(199, 33, 25789)
(199, 95, 16087)
(199, 163, 21762)
(199, 152, 38901)
(199, 164, 51575)
(199, 21, 15543)
(199, 101, 31700)
(199, 12, 42954)
(199, 59, 52824)
(199, 155, 15538)
(199, 4, 42386)
(199, 43, 14618)
(199, 153, 47607)
(199, 41, 46357)
(199, 141, 13011)
(199, 73, 4020)
(199, 57, 45765)
(199, 159, 41924)
(199, 49, 52882)
(199, 58, 11696)
(199, 99, 13631)
(199, 168, 47807)
(199, 52, 58108)
(199, 132, 30989)
(199, 98, 15453)
(199, 158, 55631)
(199, 121, 34208)
(199, 77, 43270)
(199, 64, 44936)
(199, 116, 41648)
(199, 102, 39724)
(199, 113, 10441)
(199, 87, 53727)
(199, 118, 42724)
(199, 62, 43822)
(199, 188, 38003)
(199, 189, 38377)
(199, 18, 4065)
(199, 107, 39840)
(199, 182, 8030)
(199, 106, 48780)
(200, 185, 45595)
(200, 65, 13267)
(200, 194, 25249)
(200, 129, 38582)
(200, 16, 14934)
(200, 191, 3424)
(200, 86, 38142)
(200, 138, 49202)
(200, 33, 53060)
(200, 70, 22836)
(200, 163, 2846)
(200, 98, 55582)
(201, 103, 53181)
(201, 167, 30573)
(201, 146, 57023)
(201, 60, 42364)
(201, 25, 36022)
(201, 123, 15505)
(201, 43, 42420)
(201, 173, 36640)
(201, 152, 16174)
(201, 189, 55256)
(201, 166, 3932)
(201, 194, 101)
(201, 81, 1866)
(201, 104, 51010)
(201, 35, 47837)
(201, 78, 10211)
(201, 16, 23100)
(201, 137, 47408)
(201, 156, 53364)
(201, 126, 1367)
(201, 12, 7067)
(201, 143, 14848)
(201, 9, 46428)
(201, 198, 19967)
(201, 82, 36666)
(201, 47, 25631)
(201, 135, 44653)
(201, 132, 558)
(201, 149, 45254)
(201, 80, 31023)
(201, 11, 8496)
(201, 56, 44758)
(201, 52, 57045)
(201, 139, 48940)
(201, 68, 43392)
(201, 65, 43847)
(201, 127, 5748)
(201, 32, 3010)
(201, 40, 3897)
(201, 199, 38332)
(201, 72, 29620)
(201, 27, 27865)
(201, 147, 44212)
(201, 58, 36656)
(201, 20, 13687)
(201, 62, 35512)
(201, 161, 78)
(201, 88, 34641)
(201, 41, 5707)
(201, 200, 17790)
(201, 57, 27697)
(201, 92, 17822)
(201, 75, 18189)
(201, 172, 33256)
(201, 93, 57762)
(201, 1, 33036)
(201, 4, 55046)
(201, 118, 32262)
(201, 157, 43488)
(201, 105, 20746)
(201, 184, 25961)
(201, 185, 48842)
(201, 181, 49925)
(201, 7, 55120)
(201, 49, 27705)
(201, 134, 41386)
(201, 34, 11038)
(201, 74, 20636)
(201, 70, 8016)
(201, 23, 16471)
(201, 83, 8606)
(201, 196, 16469)
(201, 17, 55441)
(201, 197, 57119)
(201, 107, 10207)
(201, 154, 3333)
(201, 67, 26265)
(201, 71, 16683)
(201, 73, 34998)
(201, 110, 37945)
(201, 86, 22888)
(201, 116, 29233)
(201, 163, 39578)
(201, 15, 18224)
(201, 175, 11902)
(201, 121, 50501)
(201, 44, 41666)
(201, 158, 31712)
(201, 33, 32277)
(201, 109, 2793)
(201, 151, 12647)
(201, 19, 19010)
(201, 125, 33746)
(202, 196, 9520)
(202, 38, 9658)
(202, 66, 53912)
(202, 125, 51228)
(202, 90, 31337)
(202, 108, 47194)
(202, 143, 43861)
(202, 86, 51837)
(202, 25, 7583)
(202, 20, 1861)
(202, 81, 26762)
(202, 129, 30146)
(202, 51, 43201)
(202, 102, 11784)
(202, 154, 3045)
(202, 118, 33951)
(202, 172, 6499)
(202, 136, 51720)
(202, 194, 20923)
(202, 132, 22935)
(202, 48, 4962)
(202, 119, 50765)
(202, 2, 29352)
(202, 65, 57913)
(202, 190, 10862)
(202, 11, 30987)
(202, 42, 16912)
(202, 63, 30819)
(202, 170, 29965)
(202, 27, 21173)
(202, 76, 15463)
(202, 192, 54718)
(202, 127, 10457)
(202, 88, 44812)
(202, 17, 39448)
(202, 151, 49777)
(202, 181, 45811)
(202, 26, 19731)
(202, 55, 30383)
(202, 14, 53324)
(202, 139, 17187)
(202, 50, 58024)
(202, 77, 6166)
(202, 158, 24834)
(202, 89, 48814)
(202, 115, 24237)
(202, 145, 46501)
(202, 95, 54491)
(202, 43, 10678)
(202, 110, 10105)
(202, 10, 36143)
(202, 32, 16902)
(202, 56, 25058)
(202, 53, 2427)
(202, 185, 50936)
(202, 18, 17861)
(202, 104, 39175)
(202, 184, 23880)
(202, 98, 2533)
(202, 73, 16981)
(202, 22, 37374)
(202, 60, 48188)
(202, 29, 18136)
(202, 160, 45325)
(202, 1, 19884)
(202, 148, 10488)
(202, 41, 47919)
(202, 15, 29016)
(202, 21, 7459)
(202, 54, 54772)
(202, 57, 30129)
(202, 168, 50071)
(202, 128, 34116)
(202, 153, 17138)
(202, 31, 31947)
(202, 140, 22469)
(202, 91, 4465)
(202, 176, 4402)
(202, 187, 42817)
(202, 62, 10503)
(202, 109, 45425)
(202, 146, 36486)
(202, 149, 9196)
(202, 120, 32397)
(202, 126, 11359)
(202, 147, 53380)
(202, 6, 10887)
(202, 23, 57310)
(202, 75, 20799)
(202, 175, 21763)
(202, 8, 4805)
(202, 166, 3256)
(202, 83, 9760)
(202, 177, 41258)
(202, 113, 30051)
(202, 123, 174)
(202, 159, 29331)
(202, 155, 3489)
(202, 16, 27596)
(202, 106, 24552)
(202, 156, 7046)
(202, 134, 350)
(202, 186, 37361)
(202, 93, 3723)
(202, 121, 27971)
(202, 169, 4421)
(202, 133, 1018)
(202, 131, 42351)
(202, 36, 15267)
(202, 152, 13879)
(202, 99, 49071)
(202, 87, 51038)
(202, 180, 31518)
(202, 200, 36684)
(202, 195, 16016)
(202, 101, 16733)
(202, 96, 22547)
(202, 157, 30414)
(202, 193, 41789)
(202, 135, 24965)
(202, 201, 21584)
(202, 70, 13127)
(202, 19, 12271)
(202, 161, 54577)
(202, 144, 8694)
(202, 117, 15082)
(202, 199, 22559)
(202, 72, 1045)
(202, 165, 55145)
(202, 61, 23513)
(202, 94, 56018)
(202, 179, 51380)
(202, 164, 48373)
(202, 74, 13900)
(202, 46, 3621)
(202, 39, 44279)
(202, 84, 26307)
(202, 82, 13801)
(202, 12, 9645)
(202, 138, 50027)
(202, 33, 47480)
(202, 191, 10307)
(202, 30, 3492)
(202, 111, 2216)
(202, 130, 22720)
(202, 24, 52366)
(202, 150, 41881)
(202, 40, 4483)
(202, 69, 25578)
(202, 45, 40625)
(202, 44, 17151)
(202, 182, 21015)
(202, 107, 5278)
(202, 37, 40639)
(202, 0, 11490)
(202, 67, 57826)
(202, 34, 25975)
(202, 58, 7979)
(202, 52, 25187)
(202, 114, 10936)
(202, 198, 37828)
(202, 79, 45655)
(202, 171, 19385)
(202, 97, 15360)
(202, 137, 41785)
(202, 68, 13706)
(202, 189, 99)
(202, 188, 19379)
(203, 80, 40683)
(203, 97, 22405)
(203, 17, 7068)
(203, 124, 23985)
(203, 91, 5708)
(203, 52, 10212)
(203, 62, 13646)
(203, 73, 25927)
(203, 86, 13559)
(203, 147, 47781)
(203, 95, 15309)
(203, 96, 47318)
(203, 112, 20961)
(203, 37, 7557)
(203, 87, 19012)
(203, 109, 4379)
(203, 144, 49297)
(203, 129, 44406)
(203, 54, 54477)
(203, 30, 51274)
(203, 138, 49548)
(203, 14, 34586)
(203, 51, 31257)
(203, 81, 34587)
(203, 61, 43702)
(203, 151, 22043)
(203, 180, 35522)
(203, 53, 5784)
(203, 133, 48123)
(203, 165, 51553)
(203, 1, 51673)
(203, 47, 3193)
(203, 31, 33154)
(203, 145, 45215)
(203, 66, 20125)
(203, 26, 40802)
(203, 13, 48039)
(203, 194, 1759)
(203, 75, 26509)
(203, 20, 26996)
(203, 55, 41791)
(203, 117, 17929)
(203, 177, 9858)
(203, 46, 8802)
(203, 8, 24983)
(203, 35, 18840)
(203, 140, 18820)
(203, 101, 28552)
(203, 192, 47791)
(203, 98, 24520)
(203, 122, 45071)
(203, 172, 27056)
(203, 111, 27548)
(203, 74, 31161)
(203, 76, 2215)
(203, 105, 37722)
(203, 78, 30556)
(203, 155, 37654)
(203, 134, 33415)
(203, 2, 38898)
(203, 183, 24058)
(203, 82, 4397)
(203, 132, 11058)
(203, 18, 22591)
(203, 60, 57556)
(203, 79, 46464)
(203, 49, 12121)
(203, 69, 48850)
(203, 200, 9841)
(203, 118, 46214)
(203, 100, 9696)
(203, 50, 1005)
(203, 68, 15994)
(203, 198, 10726)
(203, 186, 251)
(203, 70, 22239)
(203, 32, 5050)
(203, 110, 54872)
(203, 21, 46986)
(203, 71, 48571)
(203, 33, 48111)
(203, 92, 57245)
(203, 3, 15034)
(203, 190, 11856)
(203, 123, 14129)
(203, 173, 39535)
(203, 149, 19614)
(203, 130, 21420)
(203, 29, 7666)
(203, 160, 57039)
(203, 108, 55788)
(203, 56, 56013)
(203, 28, 13741)
(203, 104, 48092)
(203, 191, 27875)
(203, 139, 53661)
(203, 184, 541)
(203, 196, 50042)
(203, 58, 4634)
(203, 126, 1094)
(203, 42, 53768)
(203, 197, 22646)
(203, 65, 13572)
(203, 10, 45013)
(203, 12, 10069)
(203, 9, 45777)
(203, 128, 55808)
(203, 85, 890)
(203, 38, 47875)
(203, 121, 20150)
(203, 171, 2160)
(203, 148, 15202)
(203, 0, 28541)
(203, 168, 37288)
(203, 25, 44170)
(203, 39, 32019)
(203, 137, 3686)
(203, 179, 47168)
(203, 154, 38941)
(203, 24, 23927)
(203, 193, 37081)
(203, 116, 1730)
(203, 182, 39264)
(203, 102, 30335)
(203, 156, 13995)
(203, 43, 16224)
(203, 34, 30947)
(203, 153, 3248)
(203, 7, 10549)
(203, 103, 37291)
(203, 167, 23443)
(203, 199, 30988)
(203, 6, 11215)
(203, 4, 52237)
(203, 189, 38940)
(203, 45, 27217)
(203, 93, 51494)
(203, 135, 33158)
(203, 169, 47716)
(203, 181, 18254)
(203, 99, 26876)
(203, 195, 33176)
(203, 22, 56183)
(203, 161, 9160)
(203, 175, 12865)
(203, 63, 7300)
(203, 174, 14269)
(203, 141, 24170)
(203, 84, 23151)
(203, 164, 1127)
(203, 113, 35708)
(203, 201, 9952)
(203, 125, 21492)
(203, 19, 43009)
(203, 157, 13373)
(203, 77, 28055)
(203, 94, 24142)
(203, 36, 48943)
(203, 40, 21024)
(203, 185, 18931)
(203, 89, 9363)
(203, 11, 38939)
(203, 59, 35084)
(203, 72, 33268)
(203, 106, 2236)
(203, 88, 246)
(203, 188, 34186)
(203, 166, 55449)
(203, 131, 13633)
(203, 41, 5594)
(203, 143, 39111)
(203, 159, 25145)
(203, 142, 54464)
(203, 158, 37709)
(203, 176, 50618)
(203, 23, 19740)
(203, 67, 15001)
(203, 5, 32710)
(203, 170, 21832)
(203, 107, 52538)
(203, 146, 34423)
(203, 136, 25844)
(203, 15, 44687)
(203, 120, 46247)
(203, 83, 40621)
(203, 187, 10108)
(203, 27, 22154)
(203, 150, 3233)
(203, 163, 7524)
(203, 64, 53519)
(203, 115, 25156)
(203, 44, 57252)
(203, 90, 28882)
(203, 127, 47523)
(203, 16, 31646)
(203, 202, 32813)
(204, 20, 44026)
(204, 122, 38283)
(204, 23, 53305)
(204, 75, 55767)
(204, 40, 10036)
(204, 35, 2410)
(204, 15, 2889)
(204, 96, 10203)
(204, 60, 44826)
(204, 84, 36803)
(204, 70, 2011)
(204, 99, 34618)
(204, 121, 1092)
(204, 134, 31302)
(204, 33, 36870)
(204, 36, 29247)
(204, 179, 33052)
(204, 97, 43083)
(204, 101, 16805)
(204, 130, 10599)
(204, 171, 19228)
(204, 128, 10830)
(204, 63, 3221)
(204, 61, 56051)
(204, 173, 4575)
(204, 111, 57182)
(204, 51, 31654)
(204, 67, 50566)
(204, 17, 6989)
(204, 80, 2825)
(204, 176, 29165)
(204, 52, 35349)
(204, 135, 21250)
(204, 87, 22764)
(204, 82, 43788)
(204, 10, 53684)
(204, 136, 54473)
(204, 58, 46376)
(204, 30, 29037)
(204, 112, 9388)
(204, 125, 57382)
(204, 3, 8631)
(204, 0, 45011)
(204, 197, 30764)
(204, 53, 17595)
(204, 91, 19100)
(204, 57, 57384)
(204, 181, 21078)
(204, 1, 5815)
(204, 127, 50778)
(204, 86, 2915)
(204, 28, 13325)
(204, 158, 40886)
(204, 177, 39020)
(204, 129, 40730)
(204, 26, 4680)
(204, 157, 22087)
(204, 155, 51280)
(204, 182, 17352)
(204, 72, 12280)
(204, 201, 22988)
(204, 19, 6091)
(204, 133, 2979)
(204, 29, 16397)
(204, 144, 19845)
(204, 131, 896)
(204, 200, 17223)
(204, 8, 46429)
(204, 199, 36964)
(205, 169, 17239)
(205, 8, 1983)
(205, 59, 49414)
(205, 13, 13206)
(205, 175, 4821)
(205, 150, 43932)
(205, 98, 3052)
(205, 71, 50011)
(205, 136, 8848)
(205, 112, 4648)
(205, 15, 23769)
(205, 92, 23001)
(205, 171, 36118)
(205, 96, 52396)
(205, 115, 35629)
(205, 143, 39310)
(205, 141, 28184)
(205, 135, 45528)
(205, 44, 27362)
(205, 106, 400)
(205, 36, 43132)
(205, 72, 19189)
(205, 164, 16187)
(205, 39, 57277)
(205, 123, 23599)
(205, 176, 18811)
(205, 34, 51262)
(205, 11, 52594)
(205, 43, 50679)
(205, 188, 8148)
(205, 124, 1130)
(205, 105, 1998)
(205, 25, 41872)
(205, 90, 12916)
(205, 160, 49852)
(205, 161, 27683)
(205, 50, 56743)
(205, 153, 9543)
(205, 162, 54547)
(205, 177, 32939)
(205, 190, 2987)
(205, 159, 53203)
(205, 68, 40855)
(205, 23, 22508)
(205, 70, 22201)
(205, 197, 14913)
(205, 66, 25055)
(205, 152, 54521)
(205, 108, 15071)
(205, 113, 6982)
(205, 80, 33938)
(205, 93, 57607)
(205, 12, 35528)
(205, 114, 33812)
(205, 57, 19050)
(205, 204, 15627)
(205, 133, 15508)
(205, 64, 30124)
(205, 7, 31754)
(205, 144, 10787)
(205, 51, 42875)
(205, 10, 33730)
(205, 95, 24716)
(205, 22, 5788)
(205, 104, 18165)
(205, 138, 42665)
(205, 53, 38677)
(205, 202, 14484)
(205, 48, 44397)
(205, 47, 14250)
(205, 109, 44333)
(205, 149, 33714)
(205, 38, 39148)
(205, 37, 15411)
(205, 1, 14422)
(205, 129, 54826)
(205, 181, 46879)
(205, 154, 40785)
(205, 116, 35831)
(205, 165, 34566)
(205, 67, 6782)
(205, 24, 38543)
(205, 145, 43239)
(205, 179, 28655)
(205, 46, 22578)
(205, 78, 26238)
(205, 119, 29230)
(205, 29, 30384)
(205, 19, 48959)
(205, 185, 50219)
(205, 89, 44326)
(205, 180, 52688)
(205, 157, 15603)
(205, 139, 25078)
(205, 148, 21911)
(205, 27, 23097)
(205, 58, 4612)
(205, 54, 2781)
(205, 131, 12576)
(205, 32, 48228)
(205, 132, 43714)
(205, 170, 27483)
(205, 4, 6505)
(205, 183, 3316)
(205, 65, 33669)
(205, 18, 45489)
(205, 125, 42390)
(205, 81, 19665)
(205, 86, 54237)
(205, 199, 46714)
(205, 14, 10911)
(205, 35, 57380)
(205, 137, 2024)
(205, 100, 11198)
(205, 102, 49487)
(205, 192, 37886)
(205, 87, 4267)
(205, 88, 36701)
(205, 5, 52867)
(205, 3, 42125)
(205, 118, 37960)
(205, 17, 24745)
(205, 82, 46570)
(205, 191, 33123)
(205, 167, 42180)
(205, 158, 20854)
(205, 178, 51111)
(205, 16, 16919)
(205, 140, 57495)
(205, 91, 25466)
(205, 55, 20001)
(205, 52, 48278)
(205, 194, 52414)
(205, 187, 13509)
(205, 2, 42381)
(205, 30, 37089)
(205, 126, 15263)
(205, 134, 39473)
(205, 117, 5424)
(205, 21, 16933)
(205, 182, 46288)
(205, 49, 44180)
(205, 56, 49318)
(205, 122, 51095)
(205, 103, 35043)
(205, 75, 11901)
(205, 40, 38561)
(205, 6, 16117)
(205, 128, 23091)
(205, 163, 29542)
(205, 198, 24008)
(205, 147, 42111)
(205, 196, 39614)
(205, 130, 42031)
(205, 76, 35468)
(205, 110, 55284)
(205, 33, 10574)
(205, 121, 12858)
(205, 168, 3898)
(205, 173, 55341)
(205, 28, 5019)
(205, 69, 38532)
(205, 94, 14547)
(205, 111, 48179)
(205, 63, 24306)
(205, 62, 44917)
(205, 151, 12577)
(205, 84, 56140)
(205, 127, 16147)
(205, 74, 39269)
(205, 172, 51738)
(205, 146, 1859)
(205, 200, 1803)
(205, 60, 50135)
(205, 142, 42896)
(205, 31, 8264)
(205, 189, 23448)
(205, 9, 18887)
(205, 155, 14039)
(205, 156, 24667)
(205, 195, 32302)
(206, 183, 51030)
(206, 70, 48085)
(207, 185, 34725)
(207, 200, 54139)
(207, 37, 40538)
(207, 105, 52180)
(207, 183, 20288)
(207, 134, 48544)
(207, 41, 46976)
(207, 44, 956)
(207, 28, 37514)
(207, 140, 17517)
(207, 168, 1273)
(207, 93, 1993)
(207, 15, 23922)
(207, 104, 23455)
(207, 63, 46008)
(207, 68, 48854)
(207, 56, 39691)
(207, 195, 22936)
(207, 142, 45831)
(207, 57, 10607)
(207, 171, 45568)
(207, 3, 14019)
(207, 162, 21426)
(207, 147, 35366)
(207, 121, 37473)
(207, 177, 55791)
(207, 173, 49580)
(207, 8, 22188)
(207, 53, 55411)
(207, 161, 18731)
(207, 125, 43558)
(207, 92, 1403)
(207, 110, 42387)
(207, 60, 47366)
(207, 83, 26064)
(207, 139, 1626)
(207, 72, 3893)
(207, 82, 53812)
(207, 157, 23003)
(207, 126, 33038)
(207, 174, 29241)
(207, 133, 4597)
(207, 154, 42767)
(207, 128, 28910)
(207, 14, 40001)
(207, 106, 9016)
(207, 12, 18493)
(207, 166, 57771)
(207, 17, 51066)
(207, 193, 42354)
(207, 141, 16742)
(207, 42, 34195)
(207, 87, 14356)
(207, 196, 10994)
(207, 74, 8566)
(207, 61, 9914)
(207, 31, 25929)
(207, 189, 11239)
(207, 136, 32278)
(207, 54, 39157)
(207, 199, 14829)
(207, 23, 23449)
(207, 131, 31751)
(207, 191, 55797)
(207, 186, 17106)
(207, 9, 38299)
(207, 32, 35238)
(207, 100, 8348)
(207, 81, 46563)
(207, 182, 2930)
(207, 170, 44369)
(207, 46, 9850)
(207, 145, 54373)
(207, 58, 40348)
(207, 78, 22064)
(207, 116, 4649)
(207, 179, 48874)
(207, 151, 54843)
(207, 109, 57460)
(207, 85, 19806)
(207, 19, 35129)
(207, 98, 32803)
(207, 40, 38507)
(207, 124, 2315)
(207, 36, 20357)
(207, 86, 37701)
(207, 175, 35500)
(207, 206, 2423)
(207, 202, 14505)
(207, 197, 7747)
(207, 178, 54746)
(207, 102, 16465)
(207, 24, 25267)
(207, 50, 19313)
(207, 1, 4473)
(207, 112, 1509)
(207, 35, 23245)
(207, 95, 47361)
(207, 172, 38609)
(207, 153, 11217)
(207, 123, 52598)
(207, 6, 8868)
(207, 2, 2302)
(207, 26, 42326)
(207, 107, 37659)
(207, 120, 54633)
(207, 18, 8704)
(207, 190, 18721)
(207, 38, 42652)
(207, 148, 5292)
(207, 34, 48220)
(207, 113, 52512)
(207, 149, 26507)
(207, 89, 37441)
(207, 33, 25574)
(207, 132, 15936)
(207, 108, 15035)
(207, 79, 18781)
(207, 49, 47804)
(207, 187, 27550)
(207, 159, 30097)
(207, 90, 4574)
(207, 76, 27921)
(207, 143, 45389)
(207, 167, 27478)
(207, 94, 34956)
(207, 27, 22638)
(207, 117, 16996)
(207, 5, 49193)
(207, 198, 47486)
(207, 194, 30846)
(207, 62, 44203)
(207, 201, 56130)
(207, 164, 24489)
(207, 137, 41645)
(207, 59, 20600)
(207, 169, 5429)
(207, 204, 52033)
(207, 146, 25081)
(207, 181, 227)
(207, 114, 25417)
(207, 7, 12734)
(207, 203, 4847)
(207, 39, 49783)
(207, 152, 2546)
(207, 205, 45055)
(207, 67, 13653)
(207, 101, 50987)
(207, 184, 40984)
(207, 163, 8208)
(207, 129, 18764)
(207, 69, 23840)
(207, 135, 31160)
(207, 115, 40611)
(207, 64, 18479)
(207, 176, 38044)
(207, 51, 11867)
(207, 122, 34412)
(207, 99, 14837)
(207, 13, 11805)
(207, 96, 47526)
(207, 130, 43203)
(207, 73, 55596)
(207, 29, 1731)
(207, 25, 15155)
(207, 103, 3436)
(207, 52, 18171)
(207, 77, 4135)
(207, 119, 1484)
(207, 118, 11426)
(207, 43, 20245)
(207, 160, 23304)
(207, 155, 5532)
(207, 4, 17104)
(207, 71, 15612)
(207, 138, 27001)
(207, 47, 50685)
(207, 55, 36229)
(207, 91, 15748)
(207, 20, 38472)
(207, 70, 14699)
(207, 75, 27578)
(208, 51, 4072)
(208, 27, 10000)
(208, 137, 2911)
(208, 84, 13318)
(208, 135, 40288)
(208, 93, 526)
(208, 39, 28376)
(208, 189, 28802)
(208, 117, 56099)
(208, 22, 20567)
(208, 206, 38002)
(208, 124, 31831)
(208, 69, 13321)
(208, 31, 4113)
(208, 49, 14557)
(208, 201, 18609)
(208, 64, 54998)
(208, 127, 8426)
(208, 133, 29284)
(208, 165, 34067)
(208, 10, 11271)
(208, 94, 47509)
(208, 95, 6139)
(208, 33, 28360)
(208, 138, 4959)
(208, 113, 56750)
(208, 114, 42575)
(208, 77, 42464)
(208, 158, 11823)
(208, 6, 5974)
(208, 38, 6229)
(208, 23, 47768)
(208, 86, 19618)
(208, 65, 11889)
(208, 140, 28517)
(208, 169, 52794)
(208, 75, 30059)
(208, 139, 46649)
(208, 111, 15996)
(208, 76, 43005)
(208, 188, 47753)
(208, 141, 6009)
(208, 87, 35464)
(208, 67, 33492)
(208, 129, 22378)
(208, 40, 42470)
(208, 190, 16971)
(208, 119, 28275)
(208, 70, 13834)
(208, 149, 16906)
(208, 81, 5855)
(208, 12, 23829)
(208, 152, 32096)
(208, 62, 38147)
(208, 198, 11817)
(208, 59, 18130)
(208, 0, 30237)
(208, 178, 36173)
(208, 167, 3044)
(208, 174, 44866)
(208, 89, 16195)
(208, 7, 11534)
(208, 8, 1370)
(208, 195, 48641)
(208, 163, 46509)
(208, 112, 24809)
(208, 96, 3687)
(208, 16, 29244)
(208, 207, 49377)
(208, 122, 31561)
(208, 194, 33447)
(208, 157, 31033)
(208, 182, 51187)
(208, 78, 23543)
(208, 126, 55021)
(208, 88, 7190)
(208, 3, 28505)
(208, 35, 30393)
(208, 104, 28755)
(208, 115, 18763)
(208, 4, 49093)
(208, 55, 6817)
(208, 15, 2156)
(208, 46, 10521)
(208, 161, 5585)
(208, 83, 1820)
(208, 68, 4235)
(208, 132, 18577)
(208, 11, 51964)
(208, 101, 6484)
(208, 92, 25464)
(208, 110, 21652)
(208, 176, 42267)
(208, 82, 12649)
(208, 21, 6066)
(208, 73, 6230)
(208, 99, 29232)
(208, 134, 5505)
(208, 5, 30132)
(208, 63, 10161)
(208, 47, 8619)
(208, 180, 25939)
(208, 105, 31360)
(208, 58, 37570)
(208, 143, 30068)
(208, 203, 31547)
(208, 142, 14648)
(208, 9, 46849)
(208, 56, 17568)
(208, 26, 28259)
(208, 159, 57623)
(208, 145, 48793)
(208, 102, 19702)
(208, 17, 47405)
(208, 52, 18907)
(208, 116, 9118)
(209, 1, 32126)
(209, 30, 48530)
(209, 31, 11699)
(209, 94, 53664)
(209, 165, 239)
(209, 97, 14762)
(209, 189, 41290)
(209, 157, 19098)
(209, 131, 4247)
(209, 38, 18487)
(209, 76, 18208)
(209, 185, 3483)
(209, 186, 31366)
(209, 103, 36248)
(209, 117, 26787)
(209, 71, 1897)
(209, 75, 37191)
(209, 11, 3589)
(209, 136, 15990)
(209, 93, 36685)
(209, 163, 3330)
(209, 199, 36903)
(209, 12, 3532)
(209, 167, 30496)
(209, 121, 17667)
(209, 151, 37582)
(209, 15, 43110)
(209, 46, 56643)
(209, 125, 21496)
(209, 58, 21189)
(209, 20, 26080)
(209, 37, 34569)
(209, 4, 12238)
(209, 98, 914)
(209, 173, 20135)
(209, 159, 17844)
(209, 182, 9736)
(209, 78, 38290)
(209, 62, 31945)
(209, 14, 18643)
(209, 111, 11155)
(209, 123, 21597)
(209, 41, 28464)
(209, 205, 17244)
(209, 3, 38312)
(209, 80, 36332)
(209, 45, 9854)
(209, 139, 44168)
(209, 9, 57010)
(209, 203, 12546)
(209, 34, 32184)
(209, 126, 19886)
(209, 174, 25666)
(209, 143, 42335)
(209, 127, 15225)
(209, 154, 32186)
(209, 206, 39042)
(209, 61, 20053)
(209, 179, 21817)
(209, 48, 20977)
(209, 105, 55618)
(209, 88, 21032)
(209, 130, 52649)
(209, 155, 13437)
(209, 195, 8887)
(209, 50, 5727)
(209, 35, 29102)
(209, 135, 47502)
(209, 5, 34376)
(209, 69, 50407)
(209, 170, 54789)
(209, 36, 33126)
(209, 171, 8889)
(209, 193, 8714)
(209, 43, 14971)
(209, 73, 15803)
(209, 90, 34820)
(209, 180, 22566)
(209, 118, 5336)
(209, 99, 40137)
(209, 200, 43300)
(209, 188, 25747)
(209, 72, 38479)
(209, 95, 7948)
(209, 120, 34191)
(209, 65, 33650)
(209, 114, 6373)
(209, 6, 30304)
(209, 142, 18318)
(209, 42, 39468)
(209, 59, 38837)
(209, 53, 21538)
(209, 110, 9437)
(209, 150, 46866)
(209, 169, 55815)
(209, 160, 37995)
(209, 33, 27835)
(209, 204, 6162)
(209, 29, 52163)
(209, 107, 39867)
(209, 22, 54533)
(209, 158, 40478)
(209, 27, 8160)
(209, 64, 47615)
(209, 184, 4550)
(209, 82, 33993)
(209, 196, 26754)
(209, 187, 39342)
(209, 16, 10447)
(209, 77, 25006)
(209, 18, 41491)
(209, 68, 20421)
(209, 134, 19586)
(209, 96, 31267)
(209, 119, 35462)
(209, 129, 17157)
(209, 81, 25333)
(209, 51, 8017)
(209, 40, 55555)
(209, 140, 46687)
(209, 152, 26198)
(209, 57, 49793)
(209, 2, 51936)
(209, 194, 52181)
(209, 0, 39558)
(209, 201, 31538)
(209, 21, 53965)
(209, 7, 42484)
(209, 164, 10635)
(209, 28, 15466)
(209, 70, 18288)
(209, 24, 31536)
(209, 172, 4730)
(209, 112, 530)
(209, 54, 25)
(209, 192, 51097)
(209, 149, 45136)
(209, 191, 19412)
(209, 183, 54207)
(209, 39, 40878)
(209, 208, 43585)
(209, 26, 41752)
(209, 147, 40049)
(209, 85, 51759)
(209, 100, 52176)
(209, 86, 49330)
(209, 10, 31667)
(209, 141, 19943)
(209, 124, 36789)
(209, 104, 53333)
(209, 176, 20383)
(209, 115, 16207)
(209, 13, 17897)
(209, 175, 25703)
(209, 60, 27594)
(209, 91, 9636)
(209, 181, 12313)
(209, 146, 25144)
(209, 101, 48345)
(209, 74, 43781)
(209, 63, 58074)
(209, 156, 37849)
(209, 161, 24875)
(209, 197, 37024)
(209, 55, 8617)
(209, 19, 4273)
(209, 145, 39746)
(209, 92, 43454)
(209, 198, 42870)
(209, 23, 32903)
(209, 162, 25839)
(209, 202, 55816)
(209, 128, 5676)
(209, 144, 12645)
(209, 166, 38346)
(209, 44, 49442)
(209, 89, 40575)
(209, 17, 39759)
(209, 87, 29490)
(209, 32, 665)
(209, 102, 1534)
(209, 56, 49774)
(209, 133, 18151)
(209, 106, 49748)
(209, 66, 9727)
(209, 207, 1174)
(209, 148, 24993)
(209, 8, 5044)
(209, 47, 198)
(209, 79, 15949)
(209, 177, 16002)
(209, 49, 57000)
(209, 132, 22915)
(209, 116, 48868)
(209, 84, 36675)
(209, 153, 38323)
(209, 83, 31038)
(209, 178, 20588)
(209, 137, 10935)
(209, 113, 46858)
(209, 108, 37159)
(210, 108, 56869)
(210, 142, 19138)
(210, 195, 32815)
(210, 106, 34416)
(210, 12, 36063)
(210, 114, 50300)
(210, 96, 546)
(210, 144, 48514)
(210, 30, 9928)
(210, 26, 9963)
(210, 35, 19075)
(210, 33, 15080)
(210, 10, 4560)
(210, 129, 26034)
(210, 75, 40685)
(210, 42, 27859)
(210, 198, 15514)
(210, 73, 19047)
(210, 156, 47278)
(210, 45, 20091)
(210, 61, 10425)
(210, 16, 5303)
(210, 172, 20114)
(210, 8, 54514)
(210, 128, 26363)
(210, 134, 46380)
(210, 98, 6877)
(210, 145, 36221)
(210, 82, 56198)
(210, 91, 51511)
(210, 202, 56624)
(210, 147, 11990)
(210, 93, 29333)
(210, 180, 55207)
(210, 43, 12055)
(210, 92, 32821)
(210, 138, 51442)
(210, 186, 2339)
(210, 189, 47782)
(210, 88, 12596)
(210, 57, 2679)
(210, 5, 53070)
(210, 19, 45747)
(210, 72, 56479)
(210, 185, 56768)
(210, 162, 13898)
(210, 116, 42889)
(210, 70, 56166)
(210, 166, 9309)
(210, 143, 49316)
(210, 53, 185)
(210, 1, 34304)
(210, 78, 36209)
(210, 49, 19955)
(210, 74, 35857)
(210, 194, 52173)
(210, 102, 38276)
(210, 190, 45301)
(210, 87, 46072)
(210, 100, 56576)
(210, 177, 39709)
(210, 79, 36352)
(210, 171, 25644)
(210, 203, 52390)
(210, 151, 11587)
(210, 146, 36147)
(210, 208, 55852)
(210, 20, 31602)
(210, 124, 57588)
(210, 117, 35185)
(210, 158, 41776)
(210, 111, 32192)
(210, 103, 40723)
(210, 112, 20095)
(210, 67, 16964)
(210, 148, 389)
(210, 204, 41097)
(210, 118, 17851)
(210, 7, 41870)
(210, 71, 44285)
(210, 41, 37810)
(210, 115, 18284)
(210, 150, 10273)
(210, 183, 53453)
(210, 137, 43357)
(210, 101, 10381)
(210, 168, 39068)
(210, 4, 2259)
(210, 169, 45377)
(210, 123, 33732)
(210, 149, 45629)
(210, 170, 11124)
(210, 77, 10101)
(210, 157, 53414)
(210, 199, 17604)
(210, 193, 46807)
(210, 83, 56369)
(210, 94, 17570)
(210, 136, 54032)
(210, 197, 41226)
(210, 40, 56342)
(210, 37, 6890)
(210, 23, 3303)
(210, 126, 22010)
(210, 140, 1240)
(210, 13, 45983)
(210, 31, 54245)
(210, 163, 43122)
(210, 6, 25046)
(210, 119, 47472)
(210, 176, 36189)
(210, 120, 56434)
(210, 141, 5769)
(210, 161, 35239)
(210, 65, 40010)
(210, 155, 24211)
(210, 201, 16778)
(210, 179, 53026)
(210, 68, 2154)
(210, 34, 57978)
(210, 27, 33422)
(210, 48, 41562)
(210, 38, 27357)
(210, 164, 19550)
(210, 167, 22040)
(210, 85, 42255)
(210, 196, 54624)
(210, 153, 50521)
(210, 188, 17497)
(210, 32, 23142)
(210, 191, 55403)
(210, 14, 28031)
(210, 54, 55562)
(210, 63, 21718)
(210, 181, 57322)
(210, 121, 57240)
(210, 9, 19161)
(210, 44, 25816)
(210, 89, 28213)
(210, 28, 33865)
(210, 104, 49335)
(210, 182, 46134)
(210, 165, 53643)
(210, 86, 15197)
(210, 207, 53506)
(210, 56, 50174)
(210, 130, 8231)
(210, 187, 22147)
(210, 139, 13226)
(210, 29, 33365)
(210, 60, 15720)
(211, 7, 10317)
(211, 44, 43200)
(211, 47, 30113)
(211, 158, 38673)
(211, 97, 57308)
(211, 130, 56331)
(211, 120, 16366)
(211, 192, 3755)
(211, 151, 4650)
(211, 176, 6783)
(211, 93, 44402)
(211, 85, 19146)
(211, 76, 44416)
(212, 155, 56017)
(212, 58, 31492)
(212, 129, 49532)
(212, 174, 8586)
(212, 46, 36125)
(212, 158, 40646)
(212, 45, 27015)
(212, 7, 49941)
(212, 162, 53448)
(212, 102, 18638)
(212, 140, 32773)
(212, 34, 48334)
(212, 112, 22365)
(213, 47, 57227)
(213, 145, 18604)
(213, 3, 23085)
(213, 143, 10015)
(213, 40, 43552)
(213, 98, 40990)
(213, 5, 14870)
(213, 188, 13107)
(213, 120, 13906)
(213, 48, 6653)
(213, 117, 5818)
(213, 175, 36211)
(213, 34, 25285)
(213, 177, 25790)
(213, 59, 53226)
(213, 205, 55429)
(213, 182, 52326)
(213, 84, 8211)
(213, 22, 8953)
(213, 104, 34539)
(213, 44, 12029)
(213, 107, 29743)
(213, 172, 42722)
(213, 54, 54350)
(213, 113, 30118)
(213, 100, 56919)
(213, 135, 21213)
(213, 195, 45207)
(213, 198, 42907)
(213, 23, 22203)
(213, 45, 36727)
(213, 51, 36821)
(213, 18, 11175)
(213, 204, 9355)
(213, 68, 18912)
(213, 10, 55533)
(213, 37, 14145)
(213, 6, 56539)
(213, 114, 12124)
(213, 77, 21171)
(213, 101, 5377)
(213, 173, 56514)
(213, 139, 43385)
(213, 86, 39333)
(213, 103, 4097)
(213, 200, 21910)
(213, 12, 37330)
(213, 121, 16074)
(213, 176, 23996)
(213, 49, 54618)
(213, 72, 56707)
(213, 212, 24884)
(213, 191, 36398)
(213, 160, 6687)
(213, 61, 49837)
(213, 55, 11146)
(213, 124, 19774)
(213, 74, 50459)
(213, 85, 31922)
(213, 108, 32056)
(213, 208, 44891)
(213, 150, 35672)
(213, 8, 22020)
(213, 186, 20432)
(213, 199, 10384)
(213, 189, 30444)
(213, 125, 39451)
(213, 14, 24631)
(213, 38, 31)
(213, 11, 29598)
(213, 210, 4884)
(213, 41, 11489)
(213, 134, 46654)
(213, 159, 4014)
(213, 148, 32385)
(213, 201, 3205)
(213, 203, 11014)
(213, 71, 3378)
(213, 16, 12367)
(213, 13, 56424)
(213, 127, 40186)
(214, 184, 52736)
(214, 207, 40961)
(214, 11, 5026)
(214, 65, 3697)
(214, 44, 23358)
(214, 20, 7022)
(214, 190, 44338)
(214, 133, 21926)
(214, 165, 53174)
(214, 163, 27688)
(214, 149, 45000)
(214, 51, 56752)
(214, 25, 35477)
(214, 12, 49769)
(214, 143, 23662)
(214, 135, 37433)
(214, 139, 32779)
(214, 160, 43563)
(214, 47, 57862)
(214, 86, 13003)
(214, 50, 23520)
(214, 202, 35061)
(214, 148, 11393)
(214, 169, 49861)
(214, 189, 9285)
(214, 37, 44123)
(214, 146, 2903)
(214, 61, 41950)
(214, 121, 8615)
(214, 198, 21819)
(214, 176, 8239)
(214, 138, 46927)
(214, 10, 25032)
(214, 173, 18551)
(214, 109, 23194)
(214, 6, 27736)
(214, 200, 7359)
(214, 168, 52951)
(214, 117, 14383)
(214, 126, 26713)
(214, 182, 31600)
(214, 41, 34883)
(214, 70, 15874)
(214, 179, 41754)
(214, 154, 28731)
(214, 118, 2589)
(214, 113, 13234)
(214, 58, 7892)
(214, 106, 28598)
(214, 208, 49683)
(214, 18, 14630)
(214, 74, 43678)
(214, 95, 54678)
(214, 103, 50014)
(214, 15, 33187)
(214, 28, 48114)
(214, 151, 15796)
(214, 27, 16466)
(214, 64, 18170)
(214, 162, 19341)
(214, 97, 16671)
(214, 2, 19264)
(214, 124, 4195)
(214, 158, 55180)
(214, 129, 54505)
(214, 105, 16375)
(214, 104, 11209)
(214, 31, 53249)
(214, 14, 57962)
(214, 102, 45923)
(214, 83, 39010)
(214, 213, 49407)
(214, 111, 38483)
(214, 19, 56706)
(214, 204, 28868)
(214, 172, 12706)
(214, 42, 41088)
(214, 110, 17710)
(214, 35, 2380)
(214, 21, 20364)
(214, 174, 30100)
(214, 206, 19386)
(214, 3, 8585)
(214, 59, 51933)
(214, 56, 42741)
(214, 136, 3611)
(214, 45, 758)
(214, 196, 35424)
(214, 152, 53415)
(214, 211, 44514)
(214, 92, 51817)
(214, 114, 51362)
(214, 185, 14330)
(214, 132, 8761)
(214, 77, 11839)
(214, 194, 35409)
(214, 48, 54977)
(214, 24, 13950)
(214, 127, 45281)
(214, 212, 5468)
(214, 123, 17399)
(214, 157, 18516)
(214, 52, 10350)
(214, 8, 27137)
(214, 210, 12664)
(214, 180, 48687)
(214, 130, 13076)
(214, 73, 7624)
(214, 164, 16479)
(214, 178, 31574)
(214, 191, 27785)
(214, 36, 16867)
(214, 55, 10999)
(214, 171, 7954)
(214, 67, 35723)
(214, 81, 1038)
(214, 156, 12347)
(214, 54, 55233)
(214, 186, 33845)
(214, 150, 39686)
(214, 62, 12745)
(214, 101, 36020)
(214, 78, 55528)
(214, 75, 35135)
(214, 76, 23461)
(214, 1, 37904)
(214, 119, 21765)
(214, 181, 29802)
(214, 203, 26538)
(214, 38, 32982)
(214, 122, 20113)
(214, 30, 17133)
(214, 5, 10932)
(214, 79, 44950)
(214, 193, 48547)
(214, 125, 54665)
(214, 153, 9325)
(214, 66, 57631)
(214, 137, 28760)
(214, 84, 40441)
(214, 57, 48810)
(214, 87, 8409)
(214, 49, 37069)
(214, 94, 8452)
(214, 40, 13167)
(214, 93, 37645)
(214, 4, 49633)
(214, 108, 54565)
(214, 145, 8815)
(214, 99, 32270)
(214, 115, 22856)
(214, 116, 42333)
(214, 53, 53592)
(214, 16, 38287)
(214, 170, 4721)
(214, 46, 5646)
(214, 201, 52495)
(214, 140, 31376)
(214, 134, 7369)
(214, 205, 55763)
(214, 199, 32536)
(214, 39, 33867)
(214, 33, 53549)
(214, 13, 14808)
(214, 147, 6156)
(215, 129, 14075)
(215, 128, 18703)
(215, 54, 29199)
(215, 163, 17511)
(215, 104, 36044)
(215, 64, 51254)
(215, 141, 27592)
(215, 179, 47459)
(215, 204, 30638)
(215, 107, 17606)
(215, 212, 14333)
(215, 27, 12956)
(215, 16, 15690)
(215, 92, 48843)
(215, 203, 598)
(215, 18, 37959)
(215, 196, 13719)
(215, 17, 53115)
(215, 111, 57661)
(215, 127, 51311)
(215, 62, 2644)
(215, 113, 17137)
(215, 59, 1838)
(215, 8, 7268)
(215, 154, 20393)
(215, 142, 45947)
(215, 139, 13245)
(215, 81, 13782)
(215, 46, 38757)
(215, 184, 56755)
(215, 2, 47023)
(215, 5, 14143)
(215, 124, 45295)
(215, 84, 4808)
(215, 31, 31208)
(215, 52, 15795)
(215, 189, 8046)
(215, 112, 26133)
(215, 160, 28328)
(215, 71, 52240)
(215, 158, 48405)
(215, 191, 10613)
(215, 72, 9093)
(215, 137, 50036)
(215, 188, 50747)
(215, 117, 50103)
(215, 115, 27528)
(215, 91, 19824)
(215, 121, 32210)
(215, 9, 610)
(215, 175, 29248)
(215, 56, 5423)
(215, 32, 33529)
(215, 94, 2063)
(215, 198, 15830)
(215, 145, 16758)
(215, 192, 48804)
(215, 1, 31680)
(215, 207, 39108)
(215, 153, 50431)
(215, 156, 19465)
(215, 202, 34182)
(215, 193, 39700)
(215, 176, 36313)
(215, 98, 4281)
(215, 151, 29169)
(215, 97, 56123)
(215, 119, 16092)
(215, 211, 27602)
(215, 53, 13596)
(215, 87, 12775)
(215, 88, 49319)
(215, 136, 12622)
(215, 131, 52345)
(215, 61, 22596)
(215, 155, 57715)
(215, 37, 21958)
(215, 83, 3885)
(215, 214, 9901)
(215, 173, 1830)
(215, 66, 11199)
(215, 172, 48811)
(215, 125, 42141)
(215, 73, 22603)
(215, 29, 42023)
(215, 167, 19610)
(215, 23, 16851)
(215, 174, 2174)
(215, 95, 24985)
(215, 20, 1570)
(215, 123, 18407)
(215, 93, 55064)
(215, 177, 51912)
(215, 6, 17405)
(215, 164, 48442)
(215, 7, 38228)
(215, 132, 51818)
(215, 122, 33215)
(215, 96, 57073)
(215, 106, 29879)
(215, 78, 27661)
(215, 178, 51170)
(215, 103, 30506)
(215, 39, 36791)
(215, 159, 40311)
(215, 185, 55225)
(215, 74, 13576)
(215, 41, 14123)
(215, 38, 32419)
(215, 45, 12149)
(215, 36, 39036)
(215, 138, 30372)
(215, 197, 19657)
(215, 180, 44627)
(215, 208, 50704)
(215, 194, 39221)
(215, 170, 10492)
(215, 181, 2606)
(215, 108, 31619)
(215, 4, 57172)
(215, 205, 7298)
(215, 150, 50963)
(215, 21, 37436)
(215, 12, 10395)
(215, 89, 49434)
(215, 195, 49676)
(215, 102, 21361)
(215, 77, 10082)
(215, 68, 57550)
(215, 101, 2595)
(215, 15, 53143)
(215, 206, 57484)
(215, 147, 3088)
(215, 133, 53949)
(215, 135, 22504)
(215, 126, 57760)
(215, 35, 57634)
(215, 143, 22483)
(215, 48, 3314)
(215, 30, 55448)
(215, 80, 15791)
(215, 34, 54202)
(215, 22, 40772)
(215, 201, 42079)
(215, 47, 42885)
(215, 69, 22546)
(215, 51, 43638)
(215, 152, 47761)
(215, 118, 139)
(215, 100, 8828)
(215, 13, 49196)
(215, 44, 8884)
(215, 67, 35032)
(215, 86, 50877)
(215, 33, 22663)
(215, 99, 366)
(215, 79, 55468)
(215, 0, 38328)
(215, 11, 49452)
(215, 183, 55364)
(215, 213, 43502)
(215, 50, 53667)
(215, 28, 26529)
(215, 114, 20908)
(215, 186, 41983)
(215, 76, 22094)
(215, 116, 25432)
(215, 182, 44453)
(215, 26, 2999)
(215, 63, 28960)
(215, 24, 34529)
(215, 134, 49642)
(215, 40, 18220)
(215, 146, 35283)
(215, 10, 44070)
(215, 171, 56174)
(215, 65, 52710)
(215, 19, 14252)
(215, 209, 27353)
(215, 130, 47337)
(215, 110, 16178)
(215, 85, 19324)
(215, 165, 55319)
(215, 49, 44339)
(215, 162, 51571)
(215, 109, 26616)
(215, 210, 26380)
(215, 157, 46630)
(216, 195, 6770)
(216, 209, 3135)
(216, 49, 42345)
(216, 116, 20090)
(216, 187, 4818)
(216, 29, 54651)
(216, 174, 32935)
(216, 2, 36954)
(216, 200, 14350)
(216, 211, 28032)
(216, 199, 20716)
(216, 96, 26557)
(216, 80, 9195)
(216, 185, 10909)
(216, 176, 45797)
(216, 113, 24049)
(216, 30, 9706)
(216, 73, 17793)
(216, 3, 3312)
(216, 95, 7297)
(216, 103, 52283)
(216, 159, 4386)
(216, 128, 28307)
(216, 178, 22718)
(216, 182, 18892)
(216, 4, 1769)
(216, 64, 36059)
(216, 104, 9905)
(216, 35, 21520)
(216, 194, 13683)
(217, 21, 26079)
(217, 172, 18263)
(217, 91, 51113)
(217, 69, 50692)
(217, 189, 37102)
(217, 194, 44907)
(217, 212, 7866)
(217, 163, 16720)
(217, 150, 52966)
(217, 75, 45123)
(217, 175, 35065)
(217, 148, 52432)
(217, 61, 53192)
(217, 123, 40658)
(217, 192, 14511)
(217, 58, 30340)
(217, 146, 22577)
(217, 120, 35616)
(217, 66, 20303)
(217, 96, 6057)
(217, 72, 44580)
(217, 87, 24699)
(217, 78, 15341)
(217, 81, 13831)
(217, 214, 40258)
(217, 155, 689)
(217, 97, 42253)
(217, 36, 25978)
(217, 103, 47410)
(217, 201, 39609)
(217, 176, 11641)
(217, 131, 52502)
(217, 20, 39784)
(217, 216, 26803)
(217, 5, 36557)
(217, 37, 3735)
(217, 147, 47868)
(217, 55, 15457)
(217, 71, 23939)
(217, 3, 25413)
(217, 53, 43133)
(217, 135, 48234)
(217, 144, 11833)
(217, 137, 15531)
(217, 142, 12058)
(217, 143, 2249)
(217, 169, 28769)
(217, 200, 24896)
(217, 188, 11622)
(217, 198, 32403)
(217, 64, 34795)
(217, 154, 38588)
(217, 185, 39204)
(217, 77, 20466)
(217, 95, 50757)
(217, 92, 47078)
(217, 170, 31847)
(217, 106, 6401)
(217, 138, 37252)
(217, 205, 16485)
(217, 12, 32446)
(217, 15, 28572)
(217, 199, 54098)
(217, 159, 50671)
(217, 1, 6427)
(217, 157, 14046)
(217, 14, 4205)
(217, 182, 45105)
(218, 109, 44409)
(218, 159, 55124)
(218, 9, 50246)
(218, 98, 26430)
(218, 53, 53862)
(218, 194, 27166)
(218, 195, 41367)
(218, 136, 39586)
(218, 103, 19868)
(218, 143, 6593)
(218, 110, 52896)
(218, 54, 32752)
(218, 23, 34678)
(218, 132, 35685)
(218, 193, 28887)
(218, 75, 57707)
(218, 151, 19816)
(218, 180, 44799)
(218, 129, 25772)
(218, 191, 4034)
(218, 138, 1224)
(218, 73, 48229)
(218, 155, 38296)
(218, 58, 46985)
(218, 91, 57749)
(218, 198, 849)
(218, 187, 1547)
(218, 99, 12762)
(218, 11, 40856)
(218, 105, 9806)
(218, 122, 8459)
(218, 104, 9984)
(218, 102, 25920)
(218, 38, 57072)
(218, 152, 17409)
(218, 27, 33761)
(218, 26, 52445)
(218, 215, 29153)
(218, 22, 33442)
(218, 2, 55030)
(218, 107, 22190)
(218, 127, 27412)
(218, 111, 6795)
(218, 117, 46412)
(218, 178, 21828)
(218, 123, 1168)
(218, 137, 30343)
(218, 1, 25560)
(218, 157, 19006)
(218, 79, 43547)
(218, 171, 55907)
(218, 66, 13642)
(218, 174, 1098)
(218, 179, 18127)
(218, 163, 18826)
(218, 37, 39912)
(218, 43, 12513)
(218, 92, 35551)
(218, 183, 38595)
(218, 36, 2995)
(218, 6, 23116)
(218, 173, 14031)
(218, 69, 53243)
(218, 181, 40934)
(218, 217, 19866)
(218, 116, 20717)
(218, 124, 20924)
(218, 45, 23615)
(218, 206, 9515)
(218, 3, 14712)
(218, 134, 26019)
(218, 158, 52524)
(218, 141, 38469)
(218, 168, 58139)
(218, 30, 7830)
(218, 24, 14491)
(218, 64, 14217)
(218, 35, 39663)
(218, 19, 19643)
(218, 112, 51261)
(218, 78, 50098)
(218, 41, 36445)
(218, 203, 20671)
(218, 184, 15886)
(218, 150, 30148)
(218, 93, 16229)
(218, 114, 17748)
(218, 70, 54928)
(218, 83, 53325)
(218, 96, 35693)
(218, 76, 43597)
(218, 108, 14524)
(218, 131, 5027)
(218, 170, 25317)
(218, 149, 35654)
(218, 139, 16574)
(218, 120, 17233)
(218, 25, 2900)
(218, 119, 19915)
(218, 106, 3888)
(218, 208, 11355)
(218, 192, 7699)
(218, 42, 25146)
(218, 52, 25475)
(218, 0, 49805)
(218, 115, 16737)
(218, 16, 11303)
(218, 165, 8919)
(218, 88, 19040)
(218, 80, 4613)
(218, 94, 53100)
(218, 147, 55492)
(218, 74, 9235)
(218, 207, 8000)
(218, 46, 35064)
(218, 97, 13239)
(218, 47, 16608)
(218, 186, 45288)
(218, 113, 58138)
(218, 182, 50976)
(218, 204, 50481)
(218, 13, 13938)
(218, 31, 35036)
(218, 86, 32562)
(218, 71, 23537)
(218, 177, 9464)
(218, 167, 50933)
(218, 20, 1236)
(218, 153, 35071)
(218, 118, 45101)
(218, 130, 415)
(218, 95, 52542)
(218, 72, 46957)
(218, 121, 1874)
(218, 205, 2704)
(218, 39, 42941)
(218, 60, 54916)
(218, 8, 34305)
(218, 67, 19526)
(218, 32, 34124)
(218, 211, 10019)
(218, 82, 10017)
(218, 63, 18054)
(218, 59, 15176)
(218, 189, 29079)
(218, 172, 34817)
(218, 48, 41092)
(218, 34, 15982)
(218, 40, 24386)
(218, 148, 41454)
(218, 164, 13112)
(218, 57, 52676)
(218, 33, 584)
(218, 188, 38675)
(218, 85, 57204)
(218, 10, 41707)
(218, 44, 35345)
(218, 28, 18010)
(218, 49, 48095)
(218, 169, 34753)
(218, 166, 11013)
(218, 209, 40020)
(218, 197, 17980)
(218, 202, 30505)
(218, 214, 11131)
(218, 212, 6987)
(218, 84, 22585)
(218, 142, 4071)
(218, 50, 47998)
(218, 190, 54025)
(218, 68, 45282)
(218, 51, 18221)
(218, 90, 26358)
(218, 146, 24173)
(218, 160, 5981)
(218, 29, 12797)
(218, 144, 13261)
(218, 89, 2306)
(218, 61, 12685)
(218, 7, 15811)
(218, 15, 56475)
(218, 100, 1407)
(218, 185, 52918)
(218, 200, 43900)
(218, 135, 34834)
(218, 176, 12260)
(218, 175, 11112)
(218, 128, 22255)
(218, 125, 39368)
(218, 126, 10275)
(218, 4, 53810)
(218, 81, 21288)
(218, 213, 25672)
(218, 162, 10106)
(218, 196, 25241)
(218, 216, 2351)
(218, 77, 21286)
(218, 62, 15977)
(218, 154, 15661)
(218, 5, 10383)
(218, 133, 12804)
(218, 201, 49329)
(218, 101, 42427)
(218, 140, 45050)
(218, 56, 3517)
(218, 17, 50331)
(218, 12, 52279)
(218, 55, 10255)
(218, 65, 55208)
(218, 199, 46662)
(218, 145, 26774)
(218, 161, 39808)
(218, 21, 50760)
(219, 13, 42261)
(219, 97, 17489)
(219, 47, 33501)
(219, 31, 17412)
(219, 144, 1585)
(219, 90, 9807)
(219, 154, 6860)
(219, 73, 52)
(219, 64, 36750)
(219, 212, 35172)
(219, 211, 52250)
(219, 157, 47265)
(219, 115, 14858)
(219, 192, 49034)
(219, 109, 10531)
(219, 94, 23502)
(219, 218, 3465)
(219, 196, 43448)
(219, 5, 43514)
(219, 23, 7634)
(219, 215, 32568)
(219, 11, 44383)
(219, 186, 10358)
(219, 72, 50215)
(219, 91, 53748)
(219, 37, 4993)
(219, 166, 16003)
(219, 200, 34766)
(219, 56, 18772)
(219, 30, 50871)
(219, 141, 39257)
(219, 8, 26076)
(219, 6, 43428)
(219, 89, 23076)
(219, 42, 38301)
(219, 25, 3651)
(219, 76, 47252)
(219, 55, 36653)
(219, 189, 56991)
(219, 156, 49453)
(219, 60, 33818)
(219, 201, 45349)
(219, 148, 41920)
(219, 85, 35920)
(219, 68, 47507)
(220, 83, 54090)
(220, 180, 45257)
(220, 131, 12341)
(220, 217, 13651)
(220, 107, 39084)
(220, 207, 22933)
(220, 203, 4257)
(220, 78, 2138)
(220, 52, 37139)
(220, 5, 25690)
(220, 58, 29895)
(220, 166, 1129)
(220, 140, 55958)
(220, 193, 2536)
(220, 69, 2496)
(220, 141, 30686)
(220, 45, 24597)
(220, 191, 16324)
(220, 0, 47107)
(220, 86, 28109)
(220, 213, 37150)
(220, 161, 23531)
(220, 97, 10890)
(220, 111, 55303)
(220, 62, 48855)
(220, 75, 34055)
(220, 150, 31576)
(220, 210, 54236)
(220, 201, 7755)
(220, 26, 54023)
(220, 187, 33403)
(220, 121, 32747)
(220, 168, 26819)
(220, 113, 3747)
(220, 57, 35796)
(220, 139, 51427)
(220, 152, 23645)
(220, 15, 3355)
(220, 149, 11600)
(220, 33, 32719)
(220, 184, 49765)
(220, 169, 18606)
(220, 56, 49039)
(220, 32, 38026)
(220, 119, 37145)
(220, 8, 52828)
(220, 34, 32792)
(220, 31, 43432)
(220, 51, 4319)
(220, 205, 57822)
(220, 192, 17294)
(220, 130, 42297)
(220, 153, 46913)
(220, 64, 22206)
(220, 25, 49657)
(220, 73, 39140)
(220, 214, 34638)
(220, 123, 41385)
(220, 129, 8102)
(220, 157, 9091)
(220, 136, 35659)
(220, 40, 48584)
(220, 175, 21826)
(220, 19, 52428)
(220, 7, 23507)
(220, 88, 28847)
(220, 196, 8569)
(220, 67, 14372)
(220, 55, 36068)
(220, 3, 3631)
(220, 18, 40035)
(220, 177, 1103)
(220, 23, 3190)
(220, 47, 734)
(220, 215, 37684)
(220, 91, 23621)
(220, 29, 11807)
(220, 135, 19420)
(220, 99, 4088)
(220, 2, 9778)
(220, 212, 3096)
(220, 36, 181)
(220, 182, 16637)
(220, 43, 12448)
(220, 219, 27110)
(220, 183, 28064)
(220, 216, 35433)
(220, 204, 47281)
(220, 118, 53082)
(220, 28, 31750)
(220, 37, 42546)
(220, 114, 51294)
(220, 163, 5902)
(220, 110, 17127)
(220, 84, 45514)
(220, 143, 56577)
(220, 202, 17725)
(220, 101, 9395)
(220, 194, 54571)
(220, 82, 20870)
(220, 122, 7254)
(220, 60, 52382)
(220, 137, 34704)
(220, 128, 33419)
(220, 92, 27780)
(220, 181, 3739)
(220, 186, 1158)
(220, 185, 23457)
(220, 102, 20266)
(220, 85, 10990)
(220, 188, 20259)
(220, 189, 28426)
(220, 178, 40854)
(220, 77, 11455)
(220, 14, 29096)
(220, 171, 22338)
(220, 48, 50731)
(220, 76, 55287)
(220, 160, 28821)
(220, 74, 32926)
(220, 158, 36337)
(220, 39, 26455)
(220, 112, 51325)
(220, 89, 27411)
(220, 103, 29586)
(220, 138, 7542)
(220, 81, 5931)
(220, 93, 42478)
(220, 218, 50696)
(220, 71, 28419)
(220, 155, 26961)
(220, 72, 11887)
(220, 197, 12348)
(220, 53, 37381)
(220, 50, 16520)
(220, 87, 57134)
(220, 11, 42110)
(220, 211, 17910)
(220, 209, 42186)
(220, 125, 55527)
(220, 199, 6276)
(220, 176, 22863)
(220, 17, 53956)
(220, 104, 27370)
(220, 41, 6587)
(220, 4, 34509)
(220, 9, 18777)
(220, 24, 6963)
(220, 167, 48497)
(220, 10, 2983)
(220, 170, 35660)
(220, 208, 55260)
(220, 151, 2666)
(220, 190, 33569)
(220, 100, 24007)
(220, 148, 28321)
(220, 49, 52755)
(220, 179, 10705)
(220, 126, 25355)
(220, 16, 22329)
(220, 98, 6298)
(220, 144, 48615)
(220, 117, 15325)
(220, 79, 38995)
(220, 109, 50689)
(220, 146, 15324)
(220, 20, 25745)
(220, 159, 2953)
(220, 1, 27202)
(220, 63, 4350)
(220, 70, 23309)
(220, 6, 30417)
(220, 142, 4312)
(220, 80, 25469)
(220, 173, 52304)
(220, 165, 31379)
(220, 120, 30795)
(220, 22, 8240)
(220, 134, 51761)
(220, 61, 41201)
(220, 96, 18012)
(220, 154, 42771)
(220, 38, 47228)
(220, 124, 43738)
(220, 106, 53785)
(220, 35, 20030)
(220, 46, 54546)
(220, 172, 25260)
(220, 94, 51227)
(220, 133, 53128)
(220, 44, 40909)
(220, 156, 18402)
(220, 200, 37710)
(220, 12, 8363)
(220, 116, 10386)
(220, 27, 28862)
(220, 198, 27740)
(220, 108, 20128)
(220, 65, 29584)
(220, 174, 3563)
(220, 54, 51212)
(221, 45, 13659)
(221, 112, 6641)
(221, 145, 27734)
(221, 175, 54762)
(221, 31, 20067)
(221, 187, 17808)
(221, 81, 17661)
(221, 25, 10018)
(221, 181, 51734)
(221, 117, 47691)
(221, 38, 48461)
(221, 123, 3997)
(221, 170, 1849)
(221, 189, 19762)
(221, 72, 9172)
(221, 217, 30197)
(221, 150, 44201)
(221, 169, 55530)
(221, 114, 22581)
(221, 137, 16754)
(221, 87, 7033)
(221, 205, 42009)
(221, 135, 8604)
(221, 97, 14352)
(221, 3, 1879)
(221, 125, 45416)
(221, 101, 269)
(221, 138, 56648)
(221, 50, 32181)
(221, 6, 6537)
(221, 92, 15346)
(221, 90, 22349)
(221, 119, 32309)
(221, 113, 56525)
(221, 26, 27682)
(221, 192, 50943)
(221, 21, 21244)
(221, 144, 27058)
(221, 64, 1980)
(221, 184, 47271)
(221, 55, 32756)
(221, 98, 16406)
(221, 11, 12679)
(221, 46, 56344)
(221, 200, 51213)
(221, 32, 34289)
(221, 62, 7098)
(221, 96, 46340)
(221, 36, 33720)
(221, 88, 25408)
(221, 141, 39778)
(221, 8, 42021)
(221, 149, 36790)
(221, 9, 57369)
(221, 74, 39392)
(221, 102, 54411)
(221, 115, 9177)
(221, 207, 24496)
(221, 165, 19288)
(221, 173, 23994)
(221, 39, 33110)
(221, 78, 26698)
(221, 166, 45793)
(221, 100, 39420)
(221, 71, 2287)
(221, 194, 45727)
(221, 136, 28232)
(221, 148, 7686)
(221, 151, 49145)
(221, 110, 31013)
(221, 1, 54512)
(221, 168, 13943)
(221, 58, 15950)
(221, 41, 42336)
(221, 53, 32246)
(221, 24, 22840)
(221, 179, 34964)
(221, 116, 40050)
(221, 199, 17923)
(221, 91, 13205)
(221, 129, 555)
(221, 82, 31239)
(221, 183, 29135)
(221, 152, 15260)
(221, 140, 53652)
(221, 193, 6438)
(221, 167, 30799)
(221, 218, 29765)
(221, 197, 12625)
(221, 210, 42673)
(221, 29, 2396)
(221, 171, 47338)
(221, 203, 20337)
(221, 84, 51168)
(221, 206, 20282)
(221, 161, 23885)
(221, 142, 10739)
(221, 7, 23747)
(221, 47, 21499)
(221, 204, 11530)
(221, 122, 53911)
(221, 111, 35718)
(221, 191, 5484)
(221, 178, 54811)
(221, 146, 33804)
(221, 157, 45891)
(221, 66, 26809)
(221, 44, 1397)
(221, 16, 22895)
(221, 89, 5458)
(221, 128, 51605)
(221, 212, 18746)
(221, 108, 30976)
(221, 94, 30099)
(221, 61, 44543)
(221, 195, 34020)
(221, 133, 49070)
(221, 215, 6116)
(221, 130, 36092)
(221, 70, 26641)
(221, 220, 49109)
(221, 155, 18432)
(221, 65, 1044)
(222, 125, 26594)
(222, 189, 22675)
(222, 46, 57995)
(222, 98, 48270)
(222, 154, 21649)
(222, 159, 27878)
(222, 82, 39683)
(222, 162, 22265)
(222, 95, 36889)
(222, 104, 5043)
(222, 14, 1392)
(222, 122, 21098)
(222, 44, 40367)
(222, 136, 41152)
(222, 16, 1567)
(222, 22, 54453)
(222, 80, 57015)
(222, 47, 9969)
(222, 219, 53575)
(222, 33, 20888)
(222, 13, 43248)
(222, 23, 53713)
(222, 180, 12949)
(222, 145, 5137)
(222, 215, 55171)
(222, 99, 39890)
(222, 169, 10495)
(222, 129, 10696)
(222, 100, 2990)
(222, 144, 48499)
(222, 76, 29482)
(222, 212, 18841)
(222, 118, 38127)
(222, 193, 33006)
(222, 65, 33942)
(222, 97, 41061)
(222, 184, 32879)
(222, 87, 22847)
(222, 173, 24599)
(222, 45, 46856)
(222, 31, 11195)
(222, 81, 17038)
(222, 68, 7777)
(222, 130, 7576)
(222, 38, 1937)
(222, 27, 1184)
(222, 218, 11480)
(222, 102, 45639)
(222, 6, 48565)
(222, 175, 4409)
(222, 203, 18784)
(222, 156, 31178)
(222, 166, 44569)
(222, 120, 28610)
(222, 53, 13760)
(222, 128, 24244)
(222, 9, 8056)
(222, 35, 48662)
(222, 107, 47617)
(222, 220, 5564)
(222, 132, 26916)
(222, 24, 48490)
(222, 63, 34939)
(222, 56, 73)
(222, 155, 31526)
(222, 79, 41902)
(222, 29, 1691)
(222, 139, 42584)
(222, 206, 1049)
(222, 192, 29368)
(222, 137, 38832)
(222, 216, 36407)
(222, 110, 26074)
(222, 4, 6560)
(222, 121, 32404)
(222, 117, 43343)
(222, 167, 34913)
(222, 17, 6723)
(222, 32, 40344)
(222, 152, 43842)
(222, 197, 7474)
(222, 51, 13274)
(222, 66, 51106)
(222, 105, 20731)
(222, 116, 25346)
(222, 211, 55072)
(222, 168, 20684)
(222, 149, 50749)
(222, 7, 15377)
(222, 141, 53555)
(222, 43, 49930)
(222, 153, 44655)
(222, 207, 29958)
(222, 15, 37932)
(222, 84, 43610)
(222, 126, 54190)
(222, 190, 32700)
(222, 119, 31142)
(222, 106, 35005)
(222, 21, 54436)
(222, 123, 22657)
(222, 5, 11293)
(222, 41, 21766)
(222, 158, 15440)
(222, 64, 35968)
(222, 18, 24785)
(222, 69, 1808)
(222, 25, 24097)
(222, 151, 17800)
(222, 12, 10851)
(222, 67, 52143)
(222, 58, 43637)
(222, 204, 32204)
(222, 172, 20705)
(222, 30, 58077)
(222, 111, 13751)
(222, 49, 11896)
(222, 57, 4497)
(222, 138, 6300)
(222, 92, 40978)
(222, 42, 15452)
(222, 157, 15008)
(222, 178, 43745)
(222, 48, 52140)
(222, 174, 36192)
(222, 161, 11725)
(222, 94, 54785)
(222, 89, 384)
(222, 10, 37958)
(222, 150, 13088)
(222, 96, 56320)
(222, 59, 3319)
(222, 143, 5609)
(222, 133, 55227)
(222, 74, 57717)
(222, 70, 40074)
(222, 134, 21387)
(222, 179, 5086)
(222, 176, 35066)
(222, 71, 28227)
(222, 200, 43877)
(222, 2, 56096)
(222, 187, 26165)
(222, 217, 43580)
(222, 186, 20071)
(222, 78, 36086)
(222, 114, 47504)
(222, 194, 8998)
(222, 103, 7921)
(222, 54, 31490)
(222, 135, 36372)
(222, 148, 32034)
(222, 40, 3212)
(222, 177, 14471)
(222, 170, 11236)
(222, 91, 17328)
(222, 165, 27554)
(222, 50, 53873)
(222, 214, 11575)
(222, 60, 1587)
(222, 62, 11180)
(222, 183, 50381)
(222, 171, 40198)
(222, 140, 9322)
(222, 221, 52766)
(222, 36, 16301)
(222, 182, 10421)
(222, 208, 56465)
(222, 85, 7516)
(222, 160, 22047)
(222, 1, 53635)
(222, 185, 5568)
(222, 147, 33271)
(222, 75, 1474)
(222, 199, 37520)
(222, 127, 9211)
(222, 34, 46162)
(222, 131, 29423)
(222, 205, 14103)
(222, 195, 50129)
(222, 3, 296)
(222, 8, 42534)
(222, 209, 46140)
(222, 55, 23857)
(222, 109, 475)
(222, 72, 28138)
(222, 101, 626)
(222, 73, 266)
(222, 198, 8922)
(222, 93, 28896)
(222, 90, 27923)
(222, 28, 6609)
(222, 20, 10672)
(222, 61, 44574)
(222, 86, 7559)
(222, 26, 19875)
(222, 181, 1847)
(222, 88, 57608)
(222, 163, 18153)
(222, 108, 18998)
(222, 0, 42194)
(222, 164, 40330)
(222, 113, 27657)
(222, 188, 24999)
(222, 210, 33491)
(222, 37, 54890)
(222, 112, 15332)
(222, 19, 18564)
(222, 146, 15703)
(222, 77, 48285)
(222, 142, 52245)
(223, 218, 43636)
(223, 53, 45509)
(223, 95, 18880)
(223, 50, 318)
(223, 21, 36176)
(223, 113, 27492)
(223, 127, 31568)
(223, 72, 29924)
(223, 81, 52872)
(223, 63, 43173)
(223, 57, 34649)
(223, 198, 16820)
(223, 192, 32542)
(223, 142, 23737)
(223, 185, 52928)
(223, 193, 4374)
(223, 80, 14910)
(223, 195, 3522)
(223, 73, 3197)
(223, 143, 37692)
(223, 177, 18779)
(223, 70, 30794)
(223, 123, 44807)
(223, 68, 28060)
(223, 100, 24042)
(223, 14, 15288)
(223, 85, 42564)
(223, 212, 7099)
(223, 174, 32607)
(223, 84, 51848)
(223, 8, 49364)
(223, 104, 52899)
(223, 134, 24637)
(223, 69, 36440)
(223, 110, 16191)
(223, 19, 47375)
(223, 210, 41168)
(223, 219, 32369)
(223, 99, 25233)
(223, 7, 9007)
(223, 196, 2447)
(223, 6, 16942)
(223, 111, 33981)
(223, 140, 20907)
(223, 114, 49129)
(223, 93, 47235)
(223, 67, 48168)
(223, 176, 6206)
(223, 1, 25830)
(223, 119, 26176)
(223, 188, 28174)
(223, 182, 9308)
(223, 157, 36025)
(223, 58, 40412)
(223, 47, 56167)
(223, 187, 37112)
(223, 62, 8326)
(223, 124, 27398)
(223, 55, 9301)
(223, 183, 14522)
(223, 206, 33698)
(223, 35, 1999)
(223, 105, 17094)
(223, 44, 10980)
(223, 2, 4460)
(223, 148, 41926)
(223, 16, 1377)
(223, 25, 26078)
(223, 155, 51248)
(223, 40, 39444)
(223, 83, 52725)
(223, 175, 50247)
(223, 203, 22514)
(223, 3, 47022)
(223, 214, 21969)
(223, 166, 32350)
(223, 151, 12536)
(223, 109, 2320)
(223, 199, 7917)
(223, 61, 13934)
(223, 33, 3784)
(223, 133, 46671)
(223, 23, 54540)
(223, 27, 44194)
(223, 190, 49014)
(223, 112, 13506)
(223, 222, 22390)
(223, 106, 23383)
(223, 60, 19723)
(223, 64, 24250)
(223, 128, 33213)
(223, 46, 25221)
(223, 164, 11484)
(223, 4, 3035)
(223, 12, 17142)
(223, 0, 45338)
(223, 162, 45840)
(223, 52, 276)
(223, 191, 26220)
(223, 137, 30395)
(223, 178, 401)
(223, 66, 32031)
(223, 24, 39768)
(223, 202, 8249)
(223, 172, 41681)
(223, 11, 2706)
(223, 31, 48590)
(223, 179, 39113)
(223, 18, 6458)
(223, 146, 5760)
(223, 118, 3057)
(223, 97, 28970)
(223, 121, 38570)
(223, 41, 49030)
(223, 168, 51828)
(223, 163, 23022)
(223, 170, 2653)
(223, 76, 12673)
(223, 28, 34188)
(223, 98, 29200)
(223, 220, 1793)
(223, 9, 2223)
(223, 150, 4735)
(223, 77, 24718)
(223, 17, 28854)
(223, 116, 1516)
(223, 153, 28569)
(223, 130, 18256)
(223, 141, 31827)
(223, 88, 47824)
(223, 216, 55746)
(223, 22, 22344)
(223, 139, 35280)
(223, 30, 22506)
(223, 39, 36891)
(223, 184, 57624)
(223, 65, 50140)
(223, 54, 43757)
(223, 15, 15064)
(223, 89, 36634)
(223, 156, 55696)
(223, 87, 40439)
(223, 165, 4130)
(223, 135, 11790)
(223, 37, 42191)
(223, 215, 41153)
(223, 29, 5848)
(223, 43, 45957)
(223, 49, 15109)
(223, 115, 19067)
(223, 161, 8883)
(223, 152, 27481)
(223, 160, 39427)
(223, 149, 47272)
(223, 117, 57670)
(223, 32, 21285)
(223, 131, 45676)
(223, 167, 30552)
(223, 180, 8012)
(223, 186, 29345)
(223, 159, 11031)
(223, 208, 45723)
(223, 90, 46462)
(223, 38, 35451)
(223, 221, 11365)
(223, 36, 30125)
(223, 158, 32775)
(223, 92, 12548)
(223, 138, 51644)
(223, 181, 8798)
(223, 108, 32529)
(223, 126, 9335)
(223, 71, 13992)
(223, 103, 11701)
(223, 120, 34655)
(223, 213, 25680)
(223, 45, 23706)
(223, 82, 19852)
(223, 101, 44118)
(223, 96, 51143)
(223, 217, 43158)
(223, 205, 49559)
(223, 154, 18427)
(223, 173, 56917)
(223, 91, 23147)
(223, 144, 17143)
(223, 5, 30705)
(223, 189, 10327)
(223, 136, 22245)
(223, 125, 19461)
(223, 42, 16545)
(223, 171, 45905)
(223, 59, 45466)
(223, 204, 22059)
(223, 56, 56587)
(223, 48, 29453)
(223, 129, 2705)
(223, 75, 4024)
(223, 10, 1569)
(223, 13, 46382)
(223, 74, 22172)
(223, 209, 46842)
(223, 122, 37331)
(223, 86, 5715)
(223, 201, 52873)
(223, 197, 14010)
(223, 147, 19844)
(223, 145, 22526)
(223, 26, 32977)
(223, 20, 2512)
(223, 194, 55204)
(223, 200, 48235)
(223, 207, 49974)
(223, 102, 8516)
(223, 51, 24817)
(224, 124, 30583)
(224, 114, 8279)
(224, 126, 50705)
(224, 19, 46351)
(224, 166, 43779)
(224, 183, 22478)
(224, 55, 35114)
(224, 34, 10965)
(224, 63, 50814)
(224, 190, 1245)
(224, 79, 49398)
(224, 30, 56651)
(224, 134, 33670)
(224, 112, 12134)
(224, 107, 44716)
(224, 157, 27038)
(224, 150, 50343)
(224, 43, 40071)
(224, 208, 20530)
(224, 25, 46519)
(224, 138, 50837)
(224, 67, 13041)
(224, 135, 5881)
(224, 184, 4381)
(224, 8, 44296)
(224, 98, 20320)
(224, 64, 36605)
(224, 220, 116)
(224, 92, 9155)
(224, 155, 6727)
(224, 32, 12523)
(224, 127, 48930)
(224, 141, 29867)
(224, 140, 6265)
(224, 22, 41963)
(224, 156, 5318)
(224, 173, 44392)
(224, 200, 2765)
(224, 192, 6334)
(224, 0, 813)
(224, 120, 19930)
(224, 158, 3679)
(224, 7, 28829)
(224, 87, 13462)
(224, 13, 35138)
(224, 3, 19760)
(224, 60, 41151)
(224, 171, 17953)
(224, 10, 35414)
(224, 78, 52605)
(224, 17, 16539)
(224, 214, 43508)
(224, 151, 3622)
(224, 74, 26622)
(224, 100, 44408)
(224, 83, 36673)
(224, 165, 51694)
(224, 15, 52820)
(224, 104, 28454)
(224, 80, 31289)
(224, 168, 21119)
(224, 94, 30832)
(224, 28, 41080)
(224, 215, 52105)
(224, 53, 54630)
(224, 96, 57142)
(224, 176, 20491)
(224, 195, 29124)
(224, 129, 22572)
(224, 59, 52639)
(224, 93, 45732)
(224, 36, 46670)
(224, 12, 32468)
(224, 101, 10677)
(224, 179, 23809)
(224, 95, 37097)
(224, 191, 2377)
(224, 133, 26291)
(224, 210, 6883)
(224, 65, 34211)
(224, 69, 52937)
(224, 118, 56557)
(224, 188, 22751)
(224, 205, 4863)
(224, 35, 26364)
(224, 26, 10597)
(224, 175, 47433)
(224, 21, 4879)
(224, 221, 27280)
(224, 216, 52115)
(224, 213, 29552)
(224, 113, 41568)
(224, 40, 42039)
(224, 207, 28816)
(224, 18, 20340)
(224, 42, 37504)
(224, 50, 24561)
(224, 170, 4117)
(224, 49, 17132)
(224, 121, 39176)
(224, 73, 49475)
(224, 29, 26928)
(224, 81, 57866)
(224, 109, 56054)
(224, 201, 50230)
(224, 5, 51867)
(224, 115, 8247)
(224, 212, 34434)
(224, 31, 48314)
(224, 57, 28228)
(224, 159, 11313)
(224, 142, 14955)
(224, 199, 51336)
(224, 85, 47422)
(224, 116, 26107)
(224, 136, 5348)
(224, 187, 43012)
(224, 77, 2517)
(224, 123, 31808)
(224, 153, 28044)
(224, 38, 36664)
(224, 172, 48867)
(225, 191, 29731)
(225, 146, 18934)
(225, 11, 24573)
(225, 119, 7969)
(225, 138, 46795)
(225, 49, 31456)
(225, 131, 2153)
(225, 172, 57475)
(225, 221, 2071)
(225, 140, 30866)
(225, 86, 37060)
(225, 168, 22176)
(225, 135, 38445)
(226, 225, 33638)
(226, 68, 2497)
(226, 163, 26712)
(226, 214, 27415)
(226, 50, 31082)
(226, 185, 17062)
(226, 97, 52523)
(226, 165, 51923)
(226, 22, 56001)
(226, 96, 14364)
(226, 32, 18419)
(226, 149, 21327)
(226, 2, 18994)
(226, 28, 35779)
(226, 211, 24180)
(226, 14, 42734)
(226, 223, 53694)
(226, 84, 17376)
(226, 13, 30267)
(226, 62, 82)
(226, 181, 16305)
(226, 139, 44823)
(226, 107, 46438)
(226, 52, 28625)
(226, 187, 36482)
(226, 116, 20446)
(226, 0, 18038)
(226, 83, 41318)
(226, 159, 50319)
(226, 92, 7212)
(226, 148, 37347)
(226, 215, 54985)
(226, 85, 2105)
(226, 78, 58010)
(226, 152, 20459)
(226, 219, 53970)
(226, 158, 11733)
(226, 150, 14821)
(226, 195, 4175)
(226, 48, 54936)
(226, 79, 41979)
(226, 26, 25883)
(226, 73, 30649)
(226, 191, 31648)
(226, 30, 49898)
(226, 110, 52948)
(226, 178, 5573)
(226, 43, 44282)
(226, 162, 1826)
(226, 208, 43114)
(226, 34, 15618)
(226, 117, 47434)
(226, 168, 50412)
(226, 44, 48574)
(226, 42, 11277)
(226, 3, 6291)
(226, 131, 18059)
(226, 175, 1425)
(226, 31, 32801)
(226, 4, 37878)
(226, 202, 15529)
(226, 134, 23734)
(226, 201, 32476)
(226, 56, 11968)
(226, 23, 16321)
(226, 153, 3017)
(226, 169, 57983)
(226, 102, 50955)
(226, 36, 24782)
(226, 157, 12086)
(226, 65, 22143)
(226, 220, 15187)
(226, 86, 52136)
(226, 160, 47512)
(226, 11, 47456)
(226, 6, 56382)
(226, 80, 14421)
(226, 222, 2392)
(226, 199, 6071)
(226, 132, 50700)
(226, 9, 53799)
(226, 154, 5064)
(226, 115, 46184)
(226, 54, 50517)
(226, 87, 40651)
(226, 57, 38544)
(226, 197, 49806)
(226, 61, 17483)
(226, 146, 11160)
(226, 25, 4125)
(226, 210, 13812)
(226, 125, 29873)
(226, 142, 55028)
(226, 109, 19701)
(226, 108, 35896)
(226, 82, 53229)
(226, 58, 57115)
(226, 224, 35703)
(226, 75, 32457)
(226, 123, 47901)
(226, 55, 50922)
(226, 156, 10504)
(226, 207, 31823)
(226, 101, 27105)
(226, 144, 34142)
(226, 17, 13872)
(226, 216, 57699)
(226, 1, 49744)
(226, 180, 44875)
(226, 166, 1153)
(226, 218, 10986)
(226, 119, 18615)
(226, 33, 711)
(226, 104, 18091)
(226, 5, 23440)
(226, 205, 23059)
(226, 136, 2263)
(226, 171, 33647)
(226, 186, 52552)
(226, 64, 45719)
(226, 120, 1007)
(226, 112, 10730)
(226, 69, 13044)
(226, 77, 3157)
(226, 206, 41664)
(226, 155, 20225)
(226, 204, 25447)
(226, 60, 6187)
(226, 198, 42504)
(226, 183, 11804)
(226, 47, 6468)
(226, 147, 40703)
(226, 182, 45978)
(226, 15, 46087)
(226, 81, 39169)
(226, 21, 46033)
(226, 127, 43038)
(226, 99, 33805)
(226, 94, 18532)
(226, 170, 7148)
(226, 100, 49842)
(226, 167, 7431)
(226, 8, 13717)
(226, 29, 12786)
(226, 145, 10052)
(226, 164, 18015)
(226, 200, 21303)
(226, 49, 16680)
(226, 24, 31588)
(226, 151, 4812)
(226, 203, 43751)
(226, 176, 53903)
(226, 212, 47652)
(226, 194, 50537)
(226, 93, 6902)
(226, 126, 25530)
(226, 122, 28532)
(226, 59, 49541)
(226, 12, 4880)
(226, 66, 56031)
(226, 138, 25472)
(226, 140, 16518)
(227, 162, 39974)
(227, 19, 34463)
(227, 168, 34075)
(227, 55, 11786)
(227, 220, 48236)
(227, 30, 45205)
(227, 186, 34097)
(227, 75, 28005)
(227, 61, 26906)
(227, 142, 6819)
(227, 63, 29174)
(227, 84, 39893)
(227, 164, 20656)
(227, 195, 20241)
(227, 17, 8756)
(227, 197, 1358)
(227, 180, 44531)
(227, 21, 4628)
(227, 5, 42822)
(227, 57, 33858)
(227, 211, 7844)
(227, 225, 13928)
(227, 184, 56573)
(227, 199, 35060)
(227, 23, 41404)
(227, 119, 57262)
(227, 182, 56363)
(227, 56, 50283)
(227, 85, 38456)
(227, 152, 28241)
(227, 172, 37859)
(227, 44, 14077)
(227, 175, 7446)
(227, 109, 52200)
(227, 173, 16499)
(227, 226, 13708)
(227, 149, 45682)
(227, 66, 16310)
(227, 113, 2881)
(227, 118, 19052)
(227, 206, 7839)
(227, 114, 19424)
(227, 59, 35374)
(227, 125, 24867)
(227, 40, 42219)
(227, 111, 4028)
(227, 179, 39959)
(227, 176, 42762)
(227, 8, 30153)
(227, 161, 51411)
(227, 171, 33014)
(227, 24, 12702)
(227, 123, 36095)
(227, 22, 13332)
(227, 122, 19251)
(227, 170, 44596)
(227, 71, 11446)
(227, 204, 36516)
(227, 208, 37820)
(227, 9, 34714)
(227, 32, 18979)
(227, 93, 50376)
(227, 60, 6972)
(227, 145, 36238)
(227, 54, 19661)
(227, 151, 11284)
(227, 167, 50064)
(227, 46, 1445)
(227, 143, 14057)
(227, 181, 24681)
(227, 120, 18849)
(227, 160, 52726)
(227, 128, 19463)
(227, 159, 36828)
(227, 217, 44309)
(227, 121, 26911)
(227, 107, 49533)
(227, 86, 21965)
(227, 4, 40109)
(227, 88, 33771)
(227, 58, 29771)
(227, 34, 30291)
(227, 77, 39639)
(227, 29, 7899)
(227, 216, 50260)
(227, 178, 46891)
(227, 20, 29060)
(227, 115, 6043)
(227, 207, 19554)
(227, 102, 13975)
(227, 193, 28432)
(227, 89, 19241)
(227, 72, 15658)
(227, 42, 5702)
(227, 104, 48005)
(227, 147, 10773)
(227, 192, 37050)
(227, 26, 3187)
(227, 41, 31504)
(227, 68, 13817)
(227, 116, 30624)
(227, 87, 40710)
(227, 130, 34246)
(227, 12, 14929)
(227, 67, 50158)
(227, 144, 25955)
(227, 209, 32778)
(227, 203, 24240)
(227, 69, 32644)
(227, 2, 40656)
(227, 28, 30442)
(227, 31, 4971)
(227, 166, 26997)
(227, 156, 48376)
(227, 222, 3154)
(227, 223, 28542)
(227, 201, 57439)
(227, 43, 56933)
(227, 127, 54786)
(227, 110, 15592)
(227, 148, 24671)
(227, 146, 14642)
(227, 101, 757)
(227, 131, 57937)
(227, 169, 20198)
(227, 219, 49344)
(227, 137, 32315)
(227, 25, 38929)
(227, 51, 8867)
(227, 74, 15420)
(227, 139, 6419)
(227, 3, 24619)
(227, 174, 28807)
(227, 1, 430)
(227, 99, 18663)
(227, 112, 33897)
(227, 129, 37538)
(227, 185, 4017)
(227, 133, 19314)
(227, 138, 1666)
(227, 163, 44381)
(227, 106, 35969)
(227, 90, 53264)
(227, 62, 53232)
(227, 188, 37642)
(227, 81, 5463)
(227, 108, 27373)
(227, 83, 53405)
(227, 105, 39852)
(227, 158, 51484)
(227, 73, 17992)
(227, 154, 33905)
(227, 16, 45632)
(227, 202, 47342)
(227, 13, 3121)
(227, 50, 56347)
(227, 136, 17921)
(227, 70, 32156)
(227, 96, 36961)
(227, 165, 20378)
(227, 52, 18457)
(227, 196, 10057)
(227, 80, 57936)
(227, 213, 51639)
(227, 141, 31658)
(227, 33, 44878)
(227, 135, 27332)
(227, 134, 6041)
(227, 157, 55969)
(227, 7, 44946)
(227, 194, 52622)
(227, 78, 10914)
(227, 15, 28339)
(227, 45, 24687)
(227, 187, 46378)
(227, 126, 21031)
(227, 65, 51868)
(227, 189, 20625)
(227, 37, 35943)
(227, 14, 52177)
(227, 140, 26149)
(227, 6, 1464)
(227, 39, 34088)
(227, 35, 23494)
(227, 124, 24530)
(227, 94, 16514)
(227, 98, 11183)
(227, 190, 22869)
(227, 0, 44207)
(227, 79, 22763)
(227, 212, 37768)
(227, 210, 32426)
(227, 92, 6794)
(227, 27, 11656)
(227, 76, 33420)
(227, 155, 9389)
(227, 11, 18565)
(227, 53, 42723)
(227, 177, 47612)
(228, 53, 12099)
(228, 168, 40939)
(228, 130, 6045)
(228, 63, 2636)
(228, 221, 17056)
(228, 0, 56119)
(228, 206, 19240)
(228, 209, 14583)
(228, 14, 18433)
(228, 111, 16114)
(228, 219, 24632)
(228, 52, 15895)
(228, 178, 3528)
(228, 225, 14227)
(228, 93, 35003)
(228, 94, 48)
(228, 70, 16591)
(228, 95, 51169)
(228, 29, 40394)
(228, 176, 36394)
(228, 87, 46511)
(228, 32, 22696)
(228, 81, 31794)
(228, 75, 18007)
(228, 44, 14693)
(228, 163, 5300)
(228, 227, 2490)
(228, 169, 8022)
(228, 207, 53002)
(228, 78, 14126)
(228, 127, 26172)
(228, 159, 29488)
(228, 18, 30968)
(228, 177, 43862)
(228, 38, 53577)
(228, 188, 35749)
(228, 54, 13304)
(228, 182, 54215)
(228, 22, 25650)
(228, 65, 33459)
(228, 21, 39648)
(228, 97, 46193)
(228, 184, 12026)
(228, 173, 31069)
(228, 204, 45805)
(228, 23, 11683)
(228, 73, 54456)
(228, 60, 11101)
(228, 122, 6909)
(228, 35, 39726)
(228, 118, 56160)
(228, 195, 51603)
(228, 217, 37463)
(228, 211, 23660)
(228, 158, 48071)
(228, 36, 42074)
(228, 180, 16586)
(228, 166, 45836)
(228, 102, 279)
(228, 208, 15149)
(228, 10, 46590)
(228, 64, 42163)
(228, 106, 43883)
(228, 147, 20612)
(228, 48, 29211)
(228, 103, 15943)
(228, 170, 20189)
(228, 116, 38642)
(228, 26, 26508)
(228, 124, 6702)
(228, 190, 22156)
(228, 80, 53119)
(228, 19, 15059)
(228, 174, 34241)
(228, 133, 55426)
(228, 5, 44975)
(228, 165, 42693)
(228, 192, 52491)
(228, 187, 24312)
(228, 96, 35861)
(228, 153, 40742)
(228, 156, 42516)
(228, 115, 29954)
(228, 144, 6608)
(228, 49, 57578)
(229, 183, 29838)
(229, 220, 37259)
(229, 225, 52256)
(229, 94, 12257)
(229, 16, 45339)
(229, 210, 30225)
(229, 47, 20127)
(229, 106, 33399)
(229, 171, 26016)
(229, 99, 18978)
(229, 157, 13570)
(229, 127, 11229)
(229, 149, 41006)
(229, 131, 20240)
(229, 48, 49695)
(229, 57, 15937)
(229, 109, 34984)
(229, 130, 40737)
(229, 124, 33568)
(229, 3, 17249)
(229, 54, 54285)
(229, 126, 33344)
(229, 49, 42763)
(229, 194, 54368)
(229, 62, 6808)
(229, 134, 36553)
(229, 10, 33207)
(229, 61, 41610)
(229, 11, 52958)
(229, 92, 55633)
(229, 185, 29)
(229, 137, 18893)
(229, 116, 46047)
(229, 205, 2870)
(229, 65, 3510)
(229, 83, 38370)
(229, 7, 18417)
(229, 158, 3404)
(229, 213, 17970)
(229, 226, 16347)
(229, 209, 47850)
(229, 31, 41539)
(229, 156, 5503)
(229, 63, 45133)
(229, 221, 14449)
(229, 159, 26222)
(229, 173, 10975)
(229, 146, 57249)
(229, 56, 42166)
(229, 208, 32013)
(229, 141, 25356)
(229, 215, 20298)
(229, 198, 39569)
(229, 193, 28318)
(229, 177, 7311)
(229, 0, 5935)
(229, 135, 57898)
(229, 82, 13507)
(229, 28, 30557)
(229, 174, 56922)
(229, 41, 34021)
(229, 108, 27792)
(229, 17, 40668)
(229, 86, 27838)
(229, 138, 1308)
(229, 164, 947)
(229, 123, 36580)
(229, 46, 24510)
(229, 163, 50503)
(229, 64, 34849)
(229, 27, 14938)
(229, 223, 39155)
(229, 212, 938)
(229, 2, 38243)
(229, 39, 56827)
(229, 206, 4779)
(229, 227, 20269)
(229, 182, 26449)
(229, 26, 43447)
(229, 37, 56105)
(229, 35, 50988)
(229, 22, 6617)
(229, 8, 49274)
(229, 203, 4512)
(229, 79, 39297)
(229, 58, 26688)
(229, 120, 30009)
(229, 113, 37695)
(229, 33, 41938)
(229, 217, 10164)
(229, 121, 26795)
(229, 129, 20183)
(229, 69, 18996)
(229, 188, 14507)
(229, 72, 35164)
(229, 201, 35516)
(229, 52, 36763)
(229, 90, 55165)
(229, 25, 10843)
(229, 224, 29995)
(229, 98, 4776)
(229, 214, 56226)
(229, 97, 30000)
(229, 111, 25358)
(229, 13, 13578)
(229, 154, 22383)
(229, 128, 20922)
(229, 34, 14635)
(229, 43, 38870)
(229, 81, 23568)
(229, 175, 44683)
(229, 161, 32172)
(229, 80, 49312)
(229, 169, 39443)
(229, 93, 32011)
(229, 160, 8127)
(229, 180, 40408)
(229, 178, 13254)
(229, 181, 24431)
(229, 1, 57775)
(229, 53, 1554)
(229, 179, 33600)
(229, 96, 31864)
(229, 73, 53170)
(229, 101, 25653)
(229, 218, 11899)
(229, 100, 56028)
(229, 150, 16244)
(229, 14, 36878)
(229, 125, 32592)
(229, 88, 57869)
(229, 151, 39682)
(229, 60, 33712)
(229, 136, 30550)
(229, 122, 40140)
(229, 142, 9583)
(229, 199, 34600)
(229, 77, 12220)
(229, 152, 50411)
(229, 110, 54692)
(229, 40, 44925)
(229, 42, 51719)
(229, 176, 46446)
(230, 224, 12619)
(230, 69, 45848)
(230, 149, 17298)
(230, 60, 10865)
(230, 122, 26640)
(230, 97, 12052)
(230, 89, 10130)
(230, 178, 84)
(230, 53, 21578)
(230, 10, 15788)
(230, 154, 1155)
(230, 136, 117)
(230, 145, 57304)
(230, 7, 54406)
(230, 129, 43569)
(230, 215, 33879)
(230, 50, 46275)
(230, 90, 45841)
(230, 189, 26092)
(230, 134, 28091)
(230, 229, 21502)
(230, 132, 4310)
(230, 123, 30446)
(230, 165, 8089)
(230, 23, 35361)
(230, 151, 5147)
(230, 133, 56866)
(230, 100, 15594)
(230, 15, 47525)
(230, 48, 43497)
(230, 12, 52822)
(230, 164, 20830)
(230, 31, 55175)
(230, 21, 53538)
(230, 126, 12486)
(230, 56, 55093)
(230, 75, 7869)
(230, 186, 9767)
(230, 118, 16051)
(230, 163, 15055)
(230, 44, 9274)
(230, 112, 38162)
(230, 105, 16698)
(230, 222, 23911)
(230, 167, 19143)
(230, 170, 31399)
(230, 33, 22750)
(230, 2, 27976)
(230, 80, 20872)
(230, 207, 17877)
(230, 96, 35149)
(230, 119, 49844)
(230, 179, 49864)
(230, 147, 19390)
(230, 174, 21091)
(230, 4, 27227)
(230, 156, 38759)
(230, 43, 35199)
(230, 87, 54160)
(230, 52, 2942)
(230, 32, 46236)
(230, 177, 40968)
(230, 113, 41552)
(230, 206, 31012)
(230, 109, 23750)
(230, 57, 6269)
(230, 49, 54751)
(230, 159, 260)
(230, 91, 30860)
(230, 169, 22883)
(230, 108, 49371)
(230, 181, 2945)
(230, 214, 96)
(230, 205, 23417)
(230, 70, 9293)
(230, 175, 12873)
(230, 106, 5668)
(230, 14, 41839)
(230, 34, 21797)
(230, 99, 21316)
(230, 168, 21924)
(230, 216, 41835)
(230, 148, 36077)
(230, 184, 23540)
(230, 120, 9447)
(230, 176, 2023)
(230, 196, 27776)
(230, 26, 7154)
(230, 203, 43375)
(230, 173, 17759)
(230, 58, 38049)
(230, 162, 43358)
(230, 20, 13419)
(230, 180, 6208)
(230, 128, 30622)
(230, 25, 5567)
(230, 209, 19928)
(230, 5, 11082)
(230, 74, 28294)
(230, 190, 18943)
(230, 46, 50232)
(230, 55, 28132)
(230, 66, 40040)
(230, 38, 45772)
(230, 9, 961)
(230, 141, 13047)
(230, 27, 28779)
(230, 67, 34840)
(230, 142, 7749)
(230, 59, 45962)
(230, 13, 41965)
(230, 138, 9079)
(230, 188, 9839)
(230, 191, 31736)
(230, 121, 31395)
(230, 35, 18765)
(230, 153, 46117)
(230, 127, 28540)
(230, 6, 7639)
(230, 19, 25969)
(230, 187, 9337)
(230, 54, 56799)
(230, 204, 37111)
(230, 51, 13001)
(230, 82, 13046)
(230, 161, 28082)
(230, 217, 41483)
(230, 101, 23454)
(230, 130, 20123)
(230, 166, 44251)
(230, 107, 11643)
(230, 140, 18292)
(230, 200, 3986)
(230, 83, 20845)
(230, 211, 72)
(230, 225, 25884)
(230, 28, 47769)
(230, 11, 15593)
(230, 124, 36343)
(230, 86, 29880)
(230, 131, 33990)
(230, 71, 220)
(230, 155, 13420)
(230, 68, 52615)
(230, 194, 47127)
(230, 198, 46874)
(230, 146, 56311)
(230, 24, 51366)
(230, 65, 34822)
(230, 45, 52894)
(230, 72, 875)
(230, 193, 39233)
(230, 84, 749)
(230, 192, 56688)
(230, 158, 6935)
(230, 117, 31813)
(230, 17, 8437)
(230, 220, 49876)
(230, 77, 53114)
(230, 115, 45919)
(230, 95, 33742)
(230, 61, 40563)
(231, 113, 12489)
(231, 112, 32133)
(231, 18, 44958)
(231, 185, 29190)
(231, 92, 43387)
(231, 20, 29194)
(231, 111, 35772)
(231, 26, 5416)
(231, 85, 30409)
(231, 86, 13842)
(231, 210, 22831)
(231, 62, 29465)
(231, 170, 39258)
(231, 58, 13411)
(231, 165, 58009)
(231, 5, 35961)
(231, 84, 23534)
(231, 200, 52299)
(231, 57, 35844)
(231, 214, 50703)
(231, 224, 21248)
(231, 69, 51323)
(231, 36, 53360)
(231, 152, 33824)
(231, 195, 23240)
(231, 134, 25366)
(231, 198, 845)
(231, 199, 18406)
(231, 25, 47452)
(231, 24, 5068)
(231, 133, 32716)
(231, 187, 21656)
(231, 114, 14538)
(231, 130, 47094)
(231, 50, 25987)
(231, 97, 39849)
(231, 74, 17705)
(231, 161, 14826)
(231, 223, 21678)
(231, 177, 547)
(231, 186, 56859)
(231, 89, 2924)
(231, 16, 7548)
(231, 17, 18613)
(231, 77, 23751)
(231, 189, 47735)
(231, 31, 34497)
(231, 150, 19366)
(231, 184, 35469)
(231, 64, 6715)
(231, 203, 53023)
(231, 172, 37126)
(231, 129, 10020)
(231, 219, 51934)
(231, 53, 39423)
(231, 90, 41008)
(231, 47, 47688)
(231, 66, 53285)
(231, 118, 22868)
(231, 81, 21350)
(231, 99, 43036)
(231, 105, 43744)
(231, 175, 53581)
(231, 28, 45291)
(231, 110, 21751)
(231, 100, 12213)
(231, 157, 20965)
(231, 34, 26216)
(231, 41, 57836)
(231, 49, 51991)
(231, 135, 31091)
(231, 96, 20654)
(231, 109, 48526)
(231, 29, 39136)
(231, 9, 20423)
(231, 23, 10033)
(231, 45, 26700)
(231, 3, 31167)
(231, 88, 55392)
(231, 7, 2690)
(231, 132, 13522)
(231, 123, 50456)
(231, 14, 43442)
(231, 108, 27524)
(231, 162, 43242)
(231, 2, 42749)
(231, 158, 17266)
(231, 145, 9485)
(231, 68, 37420)
(231, 213, 15685)
(231, 70, 34919)
(231, 102, 32129)
(231, 15, 37951)
(231, 206, 35034)
(231, 218, 7816)
(231, 51, 20237)
(231, 225, 40105)
(231, 73, 22122)
(231, 193, 39816)
(231, 126, 18458)
(231, 0, 19642)
(231, 67, 14672)
(231, 155, 17002)
(231, 128, 56481)
(231, 226, 8218)
(231, 194, 51288)
(231, 227, 14816)
(231, 39, 28378)
(231, 44, 42040)
(231, 60, 43227)
(231, 121, 20745)
(231, 76, 10950)
(231, 115, 53374)
(231, 80, 18104)
(231, 142, 41768)
(231, 196, 32273)
(231, 95, 37861)
(231, 91, 43857)
(231, 87, 28163)
(231, 71, 5501)
(231, 107, 23123)
(231, 171, 43384)
(231, 183, 5158)
(231, 153, 37308)
(231, 8, 55101)
(231, 33, 52079)
(231, 197, 36336)
(231, 65, 37565)
(231, 147, 55850)
(231, 98, 52158)
(231, 178, 54019)
(231, 32, 39910)
(231, 148, 55987)
(231, 167, 18192)
(231, 192, 5355)
(231, 212, 55299)
(231, 52, 39294)
(231, 136, 5697)
(231, 146, 15291)
(231, 122, 43967)
(231, 120, 44378)
(231, 19, 16190)
(231, 159, 26287)
(231, 63, 38908)
(231, 216, 21563)
(231, 21, 23516)
(231, 220, 18422)
(231, 140, 18235)
(231, 143, 37333)
(231, 11, 11227)
(231, 43, 5189)
(231, 168, 46017)
(231, 93, 33608)
(231, 149, 14887)
(231, 131, 39052)
(231, 94, 12358)
(231, 174, 41467)
(231, 209, 56662)
(231, 104, 55490)
(231, 176, 45854)
(231, 181, 18708)
(232, 39, 39728)
(232, 202, 56581)
(232, 148, 14546)
(232, 227, 10251)
(232, 200, 30554)
(232, 121, 51142)
(232, 115, 8723)
(232, 164, 19219)
(232, 191, 34987)
(232, 182, 25239)
(232, 34, 18025)
(232, 9, 52603)
(232, 219, 22952)
(232, 163, 47347)
(232, 60, 43135)
(232, 206, 56008)
(232, 2, 10183)
(232, 216, 41911)
(232, 86, 20610)
(232, 40, 29840)
(232, 213, 2611)
(232, 211, 55906)
(232, 62, 25300)
(232, 3, 4336)
(232, 118, 27121)
(232, 156, 20257)
(232, 196, 21547)
(232, 95, 20766)
(232, 136, 14951)
(232, 172, 51089)
(232, 179, 33285)
(232, 117, 16391)
(232, 138, 7635)
(232, 186, 17067)
(232, 142, 10452)
(232, 188, 49812)
(232, 199, 16258)
(232, 24, 8288)
(232, 76, 24014)
(232, 64, 17682)
(232, 16, 7025)
(232, 69, 44524)
(232, 120, 16766)
(232, 149, 22354)
(232, 28, 57094)
(232, 162, 57716)
(232, 67, 6337)
(232, 126, 38784)
(232, 41, 35357)
(232, 231, 12035)
(232, 49, 2031)
(232, 77, 40403)
(232, 146, 46885)
(232, 207, 18205)
(232, 110, 42346)
(232, 170, 36549)
(232, 91, 45938)
(232, 50, 5838)
(232, 111, 5829)
(232, 80, 57137)
(232, 51, 46424)
(232, 30, 22447)
(232, 169, 7289)
(232, 58, 8489)
(232, 204, 22283)
(232, 87, 5511)
(232, 55, 32560)
(232, 171, 10889)
(232, 230, 44432)
(232, 105, 16116)
(232, 130, 2548)
(232, 17, 16606)
(232, 47, 7570)
(232, 13, 8259)
(232, 223, 39078)
(232, 124, 30123)
(232, 6, 37448)
(232, 183, 27187)
(232, 66, 52559)
(232, 208, 677)
(232, 114, 50961)
(232, 73, 55455)
(232, 8, 22486)
(232, 90, 21706)
(232, 79, 9744)
(232, 226, 40392)
(232, 203, 31398)
(232, 96, 46852)
(232, 53, 49257)
(232, 167, 28342)
(232, 83, 45029)
(232, 152, 56323)
(232, 218, 6263)
(232, 75, 33473)
(232, 68, 44087)
(232, 178, 44346)
(232, 26, 18830)
(232, 214, 24110)
(232, 82, 19113)
(232, 175, 57970)
(232, 154, 37785)
(232, 137, 51085)
(232, 177, 25163)
(232, 140, 28544)
(232, 94, 45721)
(232, 107, 50415)
(232, 122, 2897)
(232, 160, 52705)
(232, 93, 8430)
(232, 174, 48578)
(232, 33, 1753)
(232, 18, 49454)
(232, 125, 32145)
(232, 52, 42753)
(232, 15, 24128)
(232, 150, 53151)
(232, 210, 36091)
(232, 42, 6301)
(232, 20, 51050)
(232, 185, 53895)
(232, 181, 31081)
(232, 46, 37900)
(232, 21, 20474)
(232, 212, 10289)
(232, 228, 37258)
(232, 209, 31179)
(232, 1, 57625)
(232, 205, 48952)
(232, 155, 34567)
(232, 221, 47952)
(232, 12, 4451)
(232, 201, 54781)
(232, 192, 52269)
(232, 72, 33072)
(232, 139, 770)
(232, 158, 37180)
(232, 11, 24334)
(232, 88, 34083)
(232, 193, 37669)
(232, 190, 13178)
(232, 101, 23710)
(232, 165, 33700)
(232, 44, 35745)
(232, 81, 53532)
(232, 166, 48671)
(232, 224, 18447)
(232, 27, 3117)
(232, 43, 1256)
(232, 103, 56438)
(232, 0, 2847)
(232, 222, 10645)
(232, 37, 53307)
(233, 52, 51220)
(233, 182, 29004)
(233, 11, 3781)
(233, 213, 11280)
(233, 5, 1402)
(233, 178, 14857)
(233, 193, 7810)
(233, 21, 48805)
(233, 57, 57473)
(233, 232, 36736)
(233, 10, 14923)
(233, 141, 40005)
(233, 98, 43824)
(233, 65, 8142)
(233, 132, 3879)
(233, 120, 26705)
(233, 149, 11168)
(233, 169, 19685)
(233, 15, 32082)
(233, 83, 7882)
(233, 144, 2575)
(233, 43, 5264)
(233, 210, 38109)
(233, 157, 38298)
(233, 164, 27652)
(233, 78, 10269)
(233, 127, 55758)
(233, 85, 16984)
(233, 108, 4141)
(233, 185, 2795)
(233, 159, 57764)
(233, 44, 27539)
(233, 126, 19391)
(233, 27, 55608)
(233, 18, 23779)
(233, 20, 46977)
(233, 63, 10462)
(233, 106, 54666)
(233, 163, 12074)
(233, 104, 34048)
(233, 229, 31670)
(233, 130, 6148)
(233, 81, 51999)
(233, 0, 20208)
(233, 133, 22924)
(233, 227, 55601)
(233, 54, 8339)
(233, 59, 40047)
(233, 216, 19966)
(234, 101, 6048)
(234, 151, 52511)
(234, 110, 45970)
(234, 157, 50894)
(234, 11, 42044)
(234, 117, 55828)
(234, 161, 39059)
(234, 89, 40251)
(234, 218, 45159)
(234, 88, 29376)
(234, 195, 49308)
(234, 229, 982)
(234, 104, 36096)
(234, 9, 8823)
(234, 75, 38861)
(234, 153, 43922)
(234, 196, 51647)
(234, 16, 34420)
(234, 5, 3617)
(234, 80, 55507)
(234, 182, 1104)
(234, 113, 7929)
(234, 70, 30468)
(234, 103, 47451)
(234, 100, 19117)
(234, 219, 35190)
(234, 50, 38817)
(234, 10, 53763)
(234, 66, 10162)
(234, 201, 43210)
(234, 221, 23897)
(234, 19, 22865)
(234, 35, 25628)
(234, 181, 44110)
(234, 38, 55205)
(234, 140, 48019)
(234, 223, 17296)
(234, 129, 18161)
(234, 215, 41668)
(234, 36, 44910)
(234, 102, 50605)
(234, 61, 42956)
(234, 55, 48730)
(234, 224, 50302)
(234, 197, 44039)
(234, 133, 2978)
(234, 42, 5474)
(234, 231, 18452)
(234, 166, 8302)
(234, 220, 45297)
(234, 217, 44306)
(234, 111, 19937)
(234, 174, 40420)
(234, 193, 16309)
(234, 222, 13634)
(234, 149, 46012)
(234, 43, 32609)
(234, 79, 48386)
(234, 142, 49758)
(234, 26, 36443)
(234, 226, 8621)
(234, 21, 10836)
(234, 183, 34734)
(234, 122, 3551)
(234, 112, 33333)
(234, 130, 30430)
(234, 156, 4261)
(234, 141, 23630)
(234, 213, 31863)
(234, 178, 25818)
(234, 53, 29014)
(234, 132, 26084)
(234, 105, 9112)
(234, 210, 49882)
(234, 52, 621)
(234, 121, 16674)
(234, 214, 22408)
(234, 14, 54405)
(234, 230, 6386)
(234, 209, 6711)
(234, 190, 56153)
(234, 93, 7838)
(234, 139, 55955)
(234, 6, 50968)
(234, 164, 25997)
(234, 3, 50789)
(234, 54, 50502)
(234, 74, 26311)
(234, 107, 30617)
(234, 143, 30876)
(234, 124, 26878)
(234, 152, 9607)
(234, 145, 19872)
(234, 83, 27136)
(234, 84, 234)
(234, 186, 11263)
(234, 109, 6047)
(234, 94, 45488)
(234, 114, 44065)
(234, 73, 42895)
(234, 128, 1991)
(234, 188, 54195)
(234, 30, 53056)
(234, 150, 48115)
(234, 77, 9416)
(234, 144, 27991)
(234, 99, 37410)
(234, 216, 52909)
(234, 96, 37770)
(234, 51, 46881)
(234, 204, 28370)
(234, 56, 18313)
(234, 91, 33561)
(234, 135, 24541)
(234, 171, 10828)
(234, 167, 44104)
(234, 97, 6744)
(234, 39, 48351)
(234, 176, 6140)
(234, 58, 35878)
(234, 98, 50139)
(234, 18, 33184)
(234, 208, 43976)
(234, 81, 39568)
(234, 45, 3243)
(234, 68, 26602)
(234, 189, 3556)
(234, 175, 32132)
(234, 207, 38385)
(234, 12, 31125)
(234, 118, 7239)
(234, 49, 3155)
(234, 194, 10671)
(234, 15, 18918)
(234, 2, 12318)
(234, 123, 4417)
(234, 72, 11435)
(234, 65, 46998)
(234, 87, 2827)
(234, 177, 54654)
(234, 136, 3848)
(234, 127, 13426)
(234, 120, 12031)
(234, 233, 37929)
(234, 131, 19996)
(234, 7, 51276)
(234, 29, 12154)
(234, 147, 55188)
(234, 200, 45430)
(234, 106, 42453)
(234, 57, 26646)
(234, 212, 19849)
(234, 170, 56232)
(234, 47, 10680)
(234, 27, 40815)
(234, 41, 6237)
(234, 40, 1550)
(234, 115, 33191)
(235, 98, 26853)
(235, 32, 22282)
(235, 118, 11024)
(235, 229, 3962)
(235, 21, 28153)
(235, 18, 48501)
(235, 93, 34757)
(235, 149, 31877)
(235, 147, 30144)
(235, 227, 21008)
(235, 214, 21738)
(235, 216, 46762)
(235, 192, 28507)
(235, 37, 40743)
(235, 140, 39168)
(235, 70, 15231)
(235, 208, 46204)
(235, 85, 38123)
(235, 150, 48173)
(235, 77, 26169)
(235, 82, 17095)
(235, 124, 8402)
(236, 213, 39731)
(236, 15, 55649)
(236, 13, 8671)
(236, 121, 4380)
(236, 132, 23515)
(236, 137, 55421)
(236, 127, 43431)
(236, 39, 46753)
(236, 29, 5279)
(236, 117, 48429)
(236, 25, 10110)
(236, 49, 37121)
(236, 100, 15876)
(236, 18, 13468)
(236, 6, 10614)
(236, 51, 14565)
(236, 125, 57099)
(236, 200, 33649)
(236, 55, 15813)
(236, 163, 32829)
(236, 222, 13470)
(236, 156, 7381)
(236, 17, 16188)
(236, 1, 17867)
(236, 2, 18550)
(236, 176, 52701)
(236, 116, 54613)
(236, 19, 48813)
(236, 192, 28159)
(236, 74, 10894)
(236, 183, 53556)
(236, 145, 50357)
(236, 59, 35780)
(236, 224, 17093)
(236, 228, 36720)
(236, 33, 17065)
(236, 95, 44209)
(236, 160, 1655)
(236, 181, 29207)
(236, 174, 18870)
(236, 208, 24421)
(236, 204, 33979)
(236, 148, 41545)
(236, 232, 25875)
(236, 54, 35966)
(236, 118, 37943)
(236, 12, 6507)
(236, 193, 6019)
(236, 211, 14506)
(236, 131, 14183)
(236, 85, 13323)
(236, 189, 32151)
(236, 21, 57571)
(236, 72, 23144)
(236, 179, 53941)
(236, 203, 10754)
(236, 61, 43332)
(236, 24, 50627)
(236, 123, 22343)
(236, 157, 23527)
(236, 104, 52218)
(236, 102, 13349)
(236, 115, 48047)
(236, 130, 46973)
(236, 90, 43643)
(236, 146, 39466)
(236, 223, 19556)
(236, 226, 57831)
(236, 56, 16602)
(236, 69, 34266)
(236, 78, 51326)
(236, 128, 38796)
(236, 227, 50824)
(236, 209, 41271)
(236, 147, 34111)
(236, 93, 39594)
(236, 199, 29157)
(236, 122, 10946)
(236, 212, 8722)
(236, 120, 54494)
(236, 219, 22454)
(236, 9, 52961)
(236, 158, 54357)
(236, 58, 40329)
(236, 168, 38599)
(236, 83, 55383)
(236, 190, 57285)
(236, 135, 51436)
(236, 10, 51987)
(236, 155, 21322)
(236, 195, 12389)
(236, 92, 6436)
(236, 112, 29087)
(236, 81, 7171)
(236, 207, 35793)
(236, 0, 24542)
(236, 198, 35738)
(236, 138, 13177)
(236, 201, 28577)
(236, 202, 55054)
(236, 28, 28728)
(236, 43, 30821)
(236, 23, 14776)
(236, 206, 10225)
(236, 5, 38477)
(236, 126, 8214)
(236, 119, 50137)
(236, 182, 58046)
(236, 220, 58072)
(236, 63, 44232)
(236, 164, 15992)
(236, 186, 37750)
(236, 97, 50417)
(236, 171, 48219)
(236, 113, 4676)
(236, 197, 23323)
(236, 71, 53915)
(236, 109, 56252)
(236, 67, 21291)
(236, 38, 21631)
(236, 75, 39259)
(236, 221, 16005)
(236, 216, 53412)
(236, 76, 26517)
(236, 152, 10979)
(236, 191, 34668)
(236, 180, 5664)
(236, 134, 28726)
(236, 96, 34760)
(236, 149, 12219)
(236, 26, 45524)
(236, 42, 44579)
(236, 178, 13389)
(236, 136, 1434)
(236, 40, 50182)
(236, 231, 33407)
(236, 129, 16501)
(236, 215, 35282)
(236, 196, 26137)
(236, 165, 48020)
(236, 68, 8155)
(236, 99, 26859)
(236, 159, 46350)
(236, 108, 48127)
(236, 170, 28650)
(236, 8, 20019)
(236, 107, 54627)
(236, 89, 34007)
(236, 169, 33455)
(236, 3, 42687)
(236, 53, 6223)
(236, 16, 51830)
(236, 175, 9383)
(236, 88, 2022)
(236, 73, 5797)
(236, 154, 3593)
(236, 60, 6137)
(236, 4, 5712)
(236, 11, 14362)
(236, 111, 3279)
(236, 41, 49089)
(236, 162, 28403)
(236, 45, 56431)
(236, 177, 7183)
(236, 34, 26022)
(236, 47, 46246)
(236, 77, 4021)
(236, 103, 45701)
(236, 44, 33104)
(236, 142, 41932)
(236, 205, 7857)
(236, 172, 50636)
(236, 233, 56352)
(236, 31, 8020)
(236, 235, 40738)
(236, 14, 41580)
(236, 84, 34235)
(236, 94, 41350)
(236, 52, 33873)
(236, 173, 40698)
(236, 217, 38258)
(236, 161, 39996)
(236, 64, 38714)
(236, 62, 42834)
(236, 140, 47125)
(236, 101, 10662)
(236, 79, 48291)
(236, 106, 2148)
(236, 141, 57553)
(236, 214, 10465)
(236, 166, 54183)
(236, 185, 17973)
(236, 184, 16636)
(236, 36, 16106)
(236, 114, 31146)
(236, 139, 31214)
(236, 48, 22227)
(237, 87, 6862)
(237, 6, 24351)
(237, 80, 21483)
(237, 144, 37942)
(237, 13, 56260)
(237, 115, 26984)
(237, 234, 52082)
(237, 205, 44976)
(237, 168, 18411)
(237, 188, 2143)
(237, 165, 51770)
(237, 24, 39544)
(237, 60, 23463)
(237, 65, 20306)
(237, 178, 18845)
(237, 40, 57013)
(237, 11, 8068)
(237, 207, 44495)
(237, 28, 52097)
(237, 203, 56092)
(237, 31, 1988)
(237, 128, 54907)
(237, 17, 55613)
(237, 222, 55355)
(237, 92, 56696)
(237, 73, 9757)
(237, 107, 52553)
(237, 48, 24649)
(237, 210, 21669)
(237, 169, 35218)
(237, 116, 47119)
(237, 7, 31581)
(237, 227, 20147)
(237, 198, 16666)
(237, 41, 22525)
(237, 23, 17719)
(237, 70, 15392)
(237, 68, 15177)
(237, 10, 49445)
(237, 98, 53134)
(237, 63, 44092)
(237, 226, 25605)
(237, 194, 58020)
(237, 32, 42570)
(237, 18, 25735)
(237, 58, 13930)
(237, 143, 20362)
(237, 236, 33461)
(237, 145, 11080)
(237, 62, 19151)
(237, 35, 55670)
(237, 114, 25100)
(237, 193, 41750)
(237, 106, 45360)
(237, 192, 35312)
(237, 215, 2300)
(237, 39, 34526)
(237, 33, 36081)
(237, 45, 21730)
(237, 158, 40671)
(237, 101, 20223)
(237, 176, 16221)
(237, 3, 48723)
(237, 90, 22449)
(237, 30, 7078)
(237, 221, 11470)
(237, 133, 36027)
(237, 195, 50313)
(237, 29, 49024)
(237, 231, 45673)
(237, 72, 11523)
(237, 135, 26701)
(237, 88, 12672)
(237, 163, 47836)
(237, 171, 26908)
(237, 76, 23805)
(237, 138, 41958)
(237, 170, 40360)
(237, 217, 36813)
(237, 166, 56150)
(237, 155, 16882)
(237, 96, 30101)
(237, 36, 34565)
(237, 37, 57185)
(237, 197, 29845)
(237, 126, 1973)
(237, 14, 53545)
(237, 44, 34698)
(237, 142, 29871)
(237, 159, 33330)
(237, 16, 5696)
(237, 151, 34543)
(237, 141, 27996)
(237, 123, 40471)
(237, 56, 28545)
(237, 69, 26896)
(237, 51, 17566)
(237, 27, 27741)
(237, 20, 26752)
(237, 5, 53723)
(237, 208, 34740)
(237, 104, 58095)
(237, 19, 14164)
(237, 111, 22128)
(238, 65, 8355)
(238, 219, 57106)
(238, 89, 34982)
(238, 32, 10806)
(238, 90, 23365)
(238, 157, 8238)
(238, 61, 4774)
(238, 126, 57534)
(238, 148, 13089)
(238, 50, 50240)
(238, 29, 37725)
(238, 237, 13833)
(238, 188, 40436)
(238, 120, 37662)
(238, 213, 38388)
(238, 131, 47758)
(238, 76, 34691)
(238, 44, 54414)
(238, 214, 15738)
(238, 33, 34442)
(238, 235, 29312)
(238, 230, 10578)
(238, 137, 44473)
(238, 122, 14166)
(238, 88, 23408)
(238, 118, 1234)
(238, 190, 15207)
(238, 54, 14022)
(238, 184, 8334)
(238, 46, 56417)
(238, 181, 56563)
(238, 91, 45398)
(238, 104, 45850)
(238, 220, 13855)
(238, 203, 42410)
(238, 92, 47626)
(238, 127, 381)
(238, 173, 46550)
(238, 7, 56865)
(238, 222, 32063)
(238, 200, 19948)
(238, 60, 19508)
(238, 26, 49356)
(238, 204, 28119)
(238, 177, 45717)
(238, 93, 48309)
(238, 77, 52808)
(238, 42, 6246)
(238, 86, 10611)
(238, 236, 24880)
(238, 192, 54893)
(238, 87, 1028)
(238, 85, 2234)
(238, 96, 30637)
(238, 232, 5157)
(238, 30, 13381)
(238, 43, 11988)
(238, 66, 18505)
(238, 80, 50065)
(238, 210, 51685)
(238, 172, 52419)
(238, 175, 25914)
(238, 59, 54959)
(238, 115, 22911)
(238, 83, 36631)
(238, 16, 54321)
(238, 94, 37177)
(238, 27, 8799)
(238, 130, 21894)
(238, 161, 5791)
(238, 51, 22704)
(238, 142, 13291)
(238, 212, 21256)
(238, 117, 3374)
(238, 6, 25548)
(238, 162, 42473)
(238, 31, 23141)
(238, 133, 8024)
(238, 63, 14384)
(238, 40, 48214)
(238, 121, 1680)
(238, 136, 27664)
(238, 48, 56579)
(238, 58, 4011)
(238, 145, 16946)
(238, 22, 11410)
(238, 99, 16421)
(238, 100, 2949)
(238, 170, 41034)
(238, 103, 3970)
(238, 201, 20901)
(238, 98, 11214)
(238, 21, 43879)
(238, 57, 23642)
(238, 39, 10970)
(238, 206, 44428)
(238, 0, 7721)
(238, 125, 25514)
(238, 2, 21634)
(238, 53, 33825)
(238, 138, 9629)
(238, 149, 27089)
(238, 135, 49016)
(238, 41, 23865)
(238, 156, 43145)
(238, 69, 44290)
(238, 111, 31520)
(238, 229, 57824)
(238, 132, 14531)
(238, 146, 52800)
(238, 218, 8820)
(238, 134, 36411)
(238, 95, 19600)
(238, 116, 43014)
(238, 215, 13754)
(238, 24, 35302)
(238, 79, 15057)
(238, 75, 57490)
(238, 78, 56607)
(238, 25, 29271)
(238, 108, 35466)
(238, 224, 49903)
(238, 195, 16372)
(238, 97, 53256)
(238, 226, 13859)
(238, 194, 10181)
(238, 81, 55626)
(238, 187, 38197)
(238, 217, 47247)
(238, 153, 43785)
(238, 15, 54906)
(238, 151, 42625)
(238, 55, 54716)
(238, 225, 33193)
(238, 155, 35609)
(238, 13, 40496)
(238, 147, 25956)
(238, 169, 50041)
(238, 70, 50435)
(238, 234, 39038)
(238, 179, 25681)
(238, 74, 22513)
(238, 84, 32992)
(238, 49, 8407)
(238, 123, 58089)
(238, 8, 12244)
(238, 67, 53716)
(238, 144, 25687)
(238, 114, 39780)
(238, 52, 15403)
(238, 110, 46931)
(238, 168, 26153)
(238, 38, 15290)
(238, 35, 21205)
(238, 4, 29147)
(238, 185, 5273)
(238, 28, 8041)
(238, 163, 9801)
(238, 178, 33940)
(238, 207, 21783)
(238, 17, 17302)
(238, 109, 17550)
(238, 105, 57101)
(238, 5, 5859)
(238, 211, 41517)
(238, 189, 29689)
(238, 223, 57750)
(238, 56, 16573)
(238, 106, 26478)
(238, 64, 39979)
(238, 197, 38260)
(238, 202, 18195)
(238, 174, 5101)
(238, 165, 33543)
(238, 196, 56592)
(238, 150, 48473)
(238, 45, 41803)
(238, 180, 1382)
(238, 102, 54065)
(238, 227, 4172)
(238, 19, 19176)
(238, 209, 34452)
(238, 119, 14970)
(238, 159, 23411)
(238, 62, 40245)
(238, 37, 20987)
(238, 18, 20414)
(239, 72, 19221)
(239, 58, 56952)
(239, 2, 34572)
(239, 105, 18614)
(239, 169, 11114)
(239, 202, 49731)
(239, 18, 52599)
(239, 23, 23004)
(239, 98, 46273)
(239, 121, 28938)
(239, 99, 32125)
(239, 140, 8379)
(239, 188, 4358)
(239, 8, 34117)
(239, 80, 50438)
(239, 11, 30174)
(239, 120, 50541)
(239, 175, 52383)
(239, 10, 45002)
(239, 137, 12324)
(239, 26, 43831)
(239, 218, 37920)
(239, 33, 16019)
(239, 65, 16638)
(239, 42, 32134)
(239, 122, 10188)
(239, 198, 57515)
(239, 209, 31471)
(239, 83, 6762)
(239, 224, 867)
(239, 27, 29521)
(239, 236, 40228)
(239, 219, 25327)
(239, 182, 41038)
(239, 163, 28543)
(239, 126, 8737)
(239, 237, 13916)
(239, 207, 50093)
(239, 94, 26915)
(239, 29, 6924)
(239, 231, 11597)
(239, 166, 17704)
(239, 181, 41854)
(239, 108, 36083)
(239, 70, 46823)
(239, 109, 35115)
(239, 222, 51788)
(239, 139, 817)
(239, 13, 47018)
(239, 57, 9572)
(239, 230, 13990)
(239, 138, 23183)
(239, 127, 21626)
(239, 106, 15929)
(239, 238, 5028)
(239, 171, 24684)
(239, 1, 15537)
(239, 91, 10959)
(239, 227, 9725)
(239, 206, 24126)
(239, 52, 26532)
(239, 129, 56405)
(239, 223, 54152)
(239, 35, 36645)
(239, 56, 12668)
(239, 199, 57135)
(239, 162, 3889)
(239, 36, 41268)
(239, 31, 53612)
(239, 63, 51015)
(239, 184, 36928)
(239, 0, 38121)
(239, 150, 54559)
(239, 3, 13518)
(239, 76, 11915)
(239, 226, 54686)
(239, 5, 21281)
(239, 142, 1345)
(239, 165, 11716)
(239, 73, 39438)
(239, 229, 33665)
(239, 37, 46370)
(239, 115, 52722)
(239, 235, 25389)
(239, 161, 5176)
(239, 176, 36941)
(239, 178, 21804)
(239, 71, 32173)
(239, 141, 7052)
(240, 98, 28400)
(240, 97, 16267)
(240, 113, 1101)
(240, 177, 57784)
(240, 196, 38768)
(240, 218, 22645)
(240, 197, 50523)
(240, 53, 17273)
(240, 192, 4076)
(240, 137, 361)
(240, 43, 4154)
(240, 147, 21606)
(240, 54, 22006)
(240, 187, 29587)
(240, 94, 7887)
(240, 86, 39748)
(240, 198, 40462)
(240, 13, 8864)
(240, 130, 3439)
(240, 157, 13688)
(240, 228, 21165)
(240, 0, 56026)
(240, 195, 52493)
(240, 78, 31317)
(240, 185, 8408)
(240, 159, 13415)
(240, 42, 1855)
(240, 219, 44413)
(240, 75, 42147)
(240, 129, 10951)
(240, 135, 43222)
(240, 108, 26143)
(240, 121, 43165)
(240, 141, 51681)
(240, 74, 9123)
(240, 116, 26429)
(240, 143, 50808)
(240, 22, 58)
(240, 73, 11521)
(240, 127, 19613)
(240, 57, 21540)
(240, 40, 13238)
(240, 203, 49366)
(240, 179, 21663)
(240, 89, 31453)
(240, 47, 50392)
(240, 232, 18316)
(240, 205, 56199)
(240, 163, 34607)
(240, 36, 35131)
(240, 201, 51032)
(240, 231, 14528)
(240, 173, 49044)
(240, 56, 19779)
(240, 25, 43205)
(240, 133, 57955)
(240, 84, 28086)
(240, 61, 43663)
(240, 234, 16689)
(240, 80, 33716)
(240, 189, 45421)
(240, 96, 32054)
(240, 183, 32902)
(240, 37, 6923)
(240, 212, 57004)
(240, 107, 36997)
(240, 126, 18175)
(240, 95, 21517)
(240, 158, 56567)
(240, 168, 22407)
(240, 188, 25257)
(240, 18, 5146)
(240, 238, 8816)
(240, 229, 12927)
(240, 60, 4237)
(240, 19, 52780)
(240, 165, 6578)
(240, 172, 15768)
(240, 122, 22575)
(240, 151, 15424)
(240, 65, 53724)
(240, 68, 21232)
(240, 207, 22026)
(240, 45, 42876)
(240, 28, 34172)
(240, 63, 35792)
(240, 134, 10925)
(240, 208, 14476)
(240, 87, 7654)
(240, 17, 16169)
(240, 49, 55220)
(240, 106, 53116)
(240, 81, 37472)
(240, 102, 51808)
(240, 6, 24603)
(240, 66, 39638)
(240, 29, 6858)
(240, 202, 39640)
(240, 139, 4665)
(240, 11, 50876)
(240, 184, 29548)
(240, 235, 29406)
(240, 92, 5523)
(240, 217, 58070)
(240, 10, 49594)
(240, 194, 24618)
(240, 178, 24257)
(240, 82, 24084)
(240, 227, 34887)
(240, 171, 44360)
(240, 181, 14097)
(240, 216, 30707)
(240, 46, 39791)
(240, 209, 13262)
(240, 215, 19009)
(240, 26, 52120)
(240, 35, 21696)
(240, 4, 32776)
(240, 144, 6746)
(240, 91, 8086)
(240, 174, 13249)
(240, 23, 49041)
(240, 99, 22633)
(240, 38, 28450)
(240, 220, 12277)
(240, 30, 22350)
(240, 77, 24775)
(240, 138, 21438)
(240, 14, 11753)
(240, 156, 47290)
(240, 114, 52654)
(240, 176, 6766)
(240, 59, 503)
(240, 104, 44307)
(240, 70, 42156)
(240, 115, 7847)
(240, 90, 32530)
(240, 166, 49047)
(240, 39, 5082)
(240, 20, 3884)
(240, 236, 38354)
(240, 142, 21341)
(240, 149, 33416)
(240, 170, 43898)
(240, 213, 14705)
(240, 123, 16355)
(240, 1, 47921)
(240, 154, 5498)
(240, 100, 50821)
(240, 152, 45406)
(240, 41, 16350)
(240, 31, 31292)
(240, 225, 12221)
(240, 24, 50168)
(240, 230, 56782)
(240, 34, 37380)
(240, 2, 48818)
(240, 71, 34062)
(240, 93, 50603)
(240, 136, 56826)
(240, 210, 22024)
(240, 117, 50258)
(240, 7, 18899)
(240, 111, 24757)
(240, 58, 33718)
(240, 167, 17633)
(240, 55, 20842)
(240, 124, 4719)
(240, 223, 7626)
(240, 131, 443)
(240, 105, 16806)
(240, 101, 23377)
(240, 155, 23563)
(240, 8, 14492)
(240, 69, 8629)
(240, 226, 52517)
(240, 5, 57011)
(240, 33, 39300)
(240, 204, 65)
(240, 103, 7992)
(240, 110, 25577)
(240, 175, 19870)
(240, 237, 190)
(240, 15, 40566)
(240, 132, 23571)
(240, 62, 53547)
(240, 48, 8603)
(240, 119, 17403)
(240, 44, 27764)
(240, 153, 40841)
(240, 161, 57088)
(240, 32, 9932)
(240, 190, 13789)
(240, 83, 44283)
(240, 118, 13312)
(240, 239, 34010)
(240, 148, 52631)
(240, 182, 43736)
(240, 162, 24964)
(240, 76, 15156)
(240, 233, 29989)
(240, 200, 1733)
(240, 206, 55216)
(240, 120, 1081)
(240, 150, 49623)
(240, 9, 20506)
(240, 160, 32235)
(240, 109, 137)
(240, 52, 50007)
(240, 193, 17245)
(241, 210, 41377)
(241, 222, 29590)
(241, 41, 32968)
(241, 15, 42183)
(241, 3, 38300)
(241, 194, 47622)
(241, 146, 2303)
(241, 74, 52446)
(241, 18, 40868)
(241, 38, 18248)
(241, 205, 17963)
(241, 118, 1539)
(241, 159, 43940)
(241, 214, 37268)
(241, 223, 22130)
(241, 64, 1274)
(241, 89, 5242)
(241, 232, 19655)
(241, 142, 13655)
(241, 39, 39800)
(241, 61, 8942)
(241, 96, 41447)
(241, 187, 9068)
(241, 189, 4852)
(241, 62, 34590)
(241, 57, 5491)
(241, 209, 33903)
(241, 5, 45379)
(241, 80, 30516)
(241, 147, 44935)
(241, 1, 40562)
(241, 69, 14201)
(241, 63, 18029)
(241, 122, 28729)
(241, 215, 1934)
(241, 185, 11634)
(241, 140, 31752)
(241, 94, 41495)
(241, 182, 14899)
(241, 228, 15550)
(241, 113, 4318)
(241, 25, 20810)
(241, 117, 11555)
(241, 95, 17915)
(241, 93, 43786)
(241, 23, 21280)
(241, 219, 29908)
(241, 150, 56554)
(241, 72, 37881)
(241, 227, 8800)
(241, 47, 40211)
(241, 58, 34443)
(241, 157, 49523)
(241, 60, 33596)
(241, 112, 12007)
(241, 128, 26651)
(241, 173, 51357)
(241, 86, 34134)
(241, 236, 36733)
(241, 106, 51434)
(241, 90, 56819)
(241, 7, 54723)
(241, 135, 31032)
(241, 85, 7776)
(241, 99, 43434)
(241, 233, 55179)
(241, 188, 17668)
(241, 51, 7769)
(241, 2, 35039)
(241, 36, 18272)
(241, 181, 26648)
(241, 152, 33945)
(241, 163, 40304)
(241, 204, 51588)
(241, 216, 13350)
(241, 45, 46479)
(241, 148, 55715)
(241, 48, 37644)
(241, 14, 8678)
(241, 66, 43160)
(241, 40, 44674)
(241, 169, 44465)
(241, 136, 47784)
(241, 133, 33868)
(241, 224, 22842)
(241, 211, 42062)
(241, 125, 41594)
(241, 127, 7951)
(241, 132, 57912)
(241, 87, 50960)
(241, 237, 46833)
(241, 200, 5442)
(241, 158, 19494)
(241, 154, 37257)
(241, 98, 53454)
(241, 131, 36843)
(241, 226, 4352)
(241, 220, 27361)
(241, 52, 9832)
(241, 139, 20602)
(241, 31, 37035)
(241, 240, 31251)
(241, 102, 46507)
(241, 13, 21892)
(241, 68, 45434)
(241, 160, 3793)
(241, 217, 12659)
(241, 167, 12375)
(241, 119, 18585)
(241, 56, 40842)
(241, 76, 11340)
(241, 183, 17942)
(241, 121, 20460)
(241, 70, 42783)
(241, 208, 25965)
(241, 195, 22786)
(241, 137, 29704)
(241, 16, 49048)
(241, 30, 42441)
(241, 175, 35389)
(241, 21, 10859)
(241, 198, 5556)
(241, 35, 47611)
(241, 44, 44730)
(241, 107, 37036)
(241, 162, 11246)
(241, 179, 45165)
(241, 84, 45916)
(241, 0, 41179)
(241, 153, 38624)
(241, 126, 33656)
(241, 124, 49084)
(241, 105, 51205)
(241, 235, 39109)
(241, 101, 57340)
(241, 120, 37652)
(241, 230, 24383)
(241, 6, 41042)
(241, 225, 13370)
(241, 27, 31623)
(241, 11, 48917)
(241, 77, 6509)
(241, 81, 43231)
(241, 83, 44992)
(241, 177, 3531)
(241, 92, 38274)
(241, 192, 25639)
(241, 145, 54068)
(242, 222, 29121)
(242, 80, 1852)
(242, 102, 21782)
(242, 71, 37364)
(242, 232, 43820)
(242, 122, 33901)
(242, 173, 42728)
(242, 20, 15282)
(242, 240, 45830)
(242, 149, 2805)
(242, 32, 21992)
(242, 10, 204)
(242, 135, 30318)
(242, 174, 10709)
(242, 59, 8622)
(242, 177, 26572)
(242, 18, 43838)
(242, 165, 27616)
(242, 195, 9129)
(242, 156, 13863)
(242, 85, 3956)
(242, 236, 33597)
(242, 94, 48879)
(242, 107, 22257)
(242, 167, 20838)
(242, 144, 23800)
(242, 7, 14968)
(242, 147, 26069)
(242, 233, 24034)
(242, 93, 11629)
(242, 100, 18949)
(242, 21, 108)
(242, 136, 39756)
(242, 42, 10722)
(242, 182, 34024)
(242, 229, 54404)
(242, 133, 7738)
(242, 103, 27324)
(242, 6, 48395)
(242, 180, 7525)
(242, 184, 32003)
(242, 63, 49111)
(242, 9, 45987)
(242, 146, 26817)
(242, 83, 22873)
(242, 203, 14094)
(242, 213, 12747)
(242, 37, 30481)
(242, 193, 57523)
(242, 140, 1813)
(242, 209, 46596)
(242, 14, 23153)
(242, 28, 37357)
(242, 128, 11157)
(242, 115, 41957)
(242, 25, 47538)
(242, 38, 33197)
(242, 27, 25304)
(242, 164, 45053)
(242, 131, 37572)
(242, 238, 2708)
(242, 234, 18218)
(242, 109, 51352)
(242, 91, 36538)
(242, 235, 41987)
(242, 139, 38848)
(242, 76, 27937)
(243, 187, 49983)
(243, 52, 45531)
(243, 205, 42343)
(243, 102, 22348)
(243, 209, 28891)
(243, 219, 8353)
(243, 218, 56379)
(243, 40, 42467)
(243, 237, 47843)
(243, 183, 28684)
(243, 101, 56520)
(243, 98, 47108)
(243, 203, 21278)
(243, 80, 20792)
(243, 20, 20196)
(243, 36, 14489)
(243, 139, 43905)
(243, 27, 32990)
(243, 140, 43701)
(243, 153, 44396)
(243, 146, 53348)
(243, 168, 55885)
(243, 194, 41589)
(243, 13, 4626)
(243, 157, 8958)
(243, 62, 55297)
(243, 60, 6418)
(243, 233, 26453)
(243, 78, 9533)
(243, 211, 56426)
(243, 149, 23641)
(243, 72, 212)
(243, 145, 15699)
(243, 132, 50242)
(243, 227, 13773)
(243, 231, 9276)
(243, 141, 5302)
(243, 59, 41129)
(243, 94, 1807)
(243, 225, 18105)
(243, 208, 20855)
(243, 34, 34733)
(243, 165, 7106)
(243, 84, 35235)
(243, 0, 27739)
(243, 120, 28746)
(243, 172, 34874)
(243, 158, 10254)
(243, 206, 1824)
(243, 152, 26730)
(243, 195, 6615)
(243, 88, 30604)
(243, 58, 6905)
(243, 204, 42967)
(243, 55, 57708)
(243, 56, 52468)
(243, 83, 32853)
(243, 135, 31914)
(243, 121, 4654)
(243, 170, 49786)
(243, 90, 54027)
(243, 166, 4609)
(243, 181, 15361)
(243, 23, 36276)
(243, 160, 38437)
(243, 222, 46788)
(243, 15, 57291)
(243, 185, 37841)
(243, 137, 34981)
(243, 18, 34934)
(243, 238, 13603)
(243, 3, 48122)
(243, 46, 15010)
(243, 162, 39112)
(243, 96, 2420)
(243, 234, 11891)
(243, 93, 2799)
(243, 99, 21920)
(243, 31, 34550)
(243, 213, 14078)
(243, 89, 2347)
(243, 202, 5390)
(243, 11, 10335)
(243, 131, 45764)
(243, 53, 43167)
(243, 26, 2652)
(243, 186, 29279)
(243, 130, 6623)
(243, 97, 22974)
(243, 129, 17428)
(243, 179, 13270)
(243, 175, 28643)
(243, 28, 10024)
(243, 42, 51022)
(243, 167, 20547)
(243, 154, 26131)
(243, 21, 48932)
(243, 127, 11838)
(243, 112, 25698)
(243, 87, 32353)
(243, 174, 1690)
(243, 71, 2466)
(243, 69, 4251)
(243, 76, 30229)
(243, 232, 33689)
(243, 118, 30288)
(243, 164, 27371)
(243, 176, 53707)
(243, 65, 6784)
(243, 5, 14976)
(243, 182, 34427)
(243, 115, 17746)
(243, 74, 24461)
(243, 100, 387)
(243, 86, 44265)
(243, 92, 55819)
(243, 134, 16225)
(243, 68, 56070)
(243, 229, 18944)
(243, 214, 54930)
(243, 24, 35565)
(243, 107, 51600)
(243, 173, 23793)
(243, 199, 16997)
(243, 212, 48732)
(243, 150, 56027)
(244, 96, 6514)
(244, 160, 8913)
(244, 69, 45450)
(244, 176, 53019)
(244, 185, 2784)
(244, 34, 4441)
(244, 120, 1882)
(244, 205, 24030)
(244, 76, 25323)
(244, 143, 56809)
(244, 3, 57605)
(244, 59, 46284)
(244, 226, 47537)
(244, 1, 23903)
(244, 137, 14063)
(244, 239, 6040)
(244, 30, 26664)
(244, 102, 44532)
(244, 235, 20290)
(244, 133, 31934)
(244, 202, 48560)
(244, 227, 19216)
(244, 149, 2981)
(244, 159, 30933)
(244, 158, 31063)
(244, 154, 56951)
(244, 78, 26773)
(244, 241, 37550)
(244, 113, 57915)
(244, 115, 15439)
(244, 71, 19651)
(244, 114, 57610)
(244, 49, 35226)
(244, 180, 16973)
(244, 26, 31724)
(244, 124, 37813)
(244, 17, 35681)
(244, 218, 36956)
(244, 127, 41991)
(244, 86, 57163)
(244, 82, 58022)
(244, 204, 28170)
(244, 68, 6719)
(244, 164, 40733)
(244, 90, 55103)
(244, 141, 9071)
(244, 62, 31552)
(244, 2, 5626)
(244, 58, 9326)
(244, 111, 27590)
(244, 131, 43419)
(244, 11, 51057)
(244, 110, 19490)
(244, 134, 45545)
(244, 40, 36625)
(244, 193, 1563)
(244, 210, 12532)
(244, 8, 15554)
(244, 101, 1946)
(244, 168, 29335)
(244, 23, 17264)
(244, 79, 41307)
(244, 161, 19956)
(244, 81, 2530)
(244, 44, 42452)
(244, 177, 2851)
(244, 163, 56112)
(244, 130, 5873)
(244, 103, 24791)
(244, 67, 39750)
(244, 21, 47693)
(244, 104, 23320)
(244, 225, 23058)
(244, 80, 37781)
(244, 20, 18274)
(244, 150, 42294)
(244, 36, 46354)
(244, 190, 7547)
(244, 165, 44717)
(244, 33, 7804)
(244, 52, 53447)
(244, 74, 53257)
(244, 64, 51246)
(244, 138, 7785)
(244, 122, 26745)
(244, 157, 1455)
(244, 219, 41817)
(244, 146, 46390)
(244, 171, 50910)
(244, 48, 51887)
(244, 0, 52739)
(244, 169, 56740)
(244, 153, 44811)
(244, 242, 44423)
(244, 188, 8344)
(244, 223, 38945)
(244, 179, 21122)
(244, 140, 25695)
(244, 135, 30530)
(244, 175, 20072)
(244, 142, 26498)
(244, 220, 48202)
(244, 14, 36689)
(244, 106, 6904)
(244, 85, 14777)
(244, 243, 50268)
(244, 123, 6616)
(244, 228, 17893)
(244, 200, 10281)
(244, 105, 8659)
(244, 61, 1799)
(244, 4, 22123)
(244, 207, 20452)
(244, 181, 26770)
(244, 201, 19626)
(244, 236, 6464)
(244, 66, 17812)
(244, 222, 42994)
(244, 94, 45679)
(244, 214, 52303)
(244, 10, 29466)
(244, 189, 20760)
(244, 24, 31440)
(244, 139, 11572)
(244, 198, 48156)
(244, 5, 15940)
(244, 88, 52980)
(244, 108, 47269)
(244, 25, 30092)
(244, 43, 8364)
(244, 45, 18021)
(244, 46, 6585)
(244, 232, 36610)
(244, 65, 32486)
(244, 230, 25458)
(244, 57, 51542)
(244, 237, 27445)
(244, 209, 3825)
(244, 77, 28888)
(244, 132, 48906)
(244, 72, 4723)
(244, 238, 18945)
(244, 136, 56307)
(244, 224, 53878)
(244, 119, 35317)
(244, 211, 52789)
(244, 93, 37272)
(244, 53, 50546)
(244, 240, 8341)
(244, 15, 25172)
(244, 18, 5661)
(244, 197, 38810)
(244, 75, 46793)
(244, 173, 9567)
(244, 56, 37421)
(244, 195, 40039)
(244, 98, 50946)
(244, 152, 48289)
(244, 22, 18791)
(244, 19, 461)
(244, 194, 18598)
(244, 187, 53350)
(244, 95, 51157)
(244, 126, 42086)
(244, 231, 46923)
(244, 92, 47973)
(244, 213, 13940)
(244, 7, 32371)
(244, 112, 3318)
(244, 148, 25853)
(244, 182, 34101)
(244, 38, 27769)
(244, 50, 39366)
(244, 12, 48198)
(244, 107, 33514)
(244, 166, 3791)
(244, 35, 24143)
(244, 155, 5623)
(244, 55, 42910)
(244, 183, 46776)
(244, 47, 23703)
(244, 128, 4208)
(244, 203, 30299)
(244, 215, 45862)
(244, 31, 18573)
(244, 151, 4737)
(244, 170, 1259)
(244, 91, 7085)
(244, 162, 31786)
(244, 145, 29122)
(244, 73, 23112)
(244, 51, 4503)
(244, 32, 7282)
(244, 199, 31454)
(244, 221, 30449)
(244, 41, 41657)
(244, 99, 1628)
(244, 97, 7128)
(244, 144, 25553)
(244, 70, 22756)
(244, 117, 12070)
(244, 42, 42058)
(244, 178, 10338)
(244, 125, 4345)
(244, 87, 24219)
(245, 104, 24609)
(245, 43, 48450)
(245, 219, 40813)
(245, 45, 55045)
(245, 178, 37007)
(245, 77, 18624)
(245, 52, 7351)
(245, 79, 4098)
(245, 102, 54679)
(245, 243, 55244)
(245, 177, 54958)
(245, 226, 19662)
(245, 140, 34955)
(245, 139, 33373)
(245, 210, 7146)
(245, 181, 10491)
(245, 106, 4293)
(245, 159, 17785)
(245, 198, 38664)
(245, 70, 55172)
(245, 20, 18329)
(245, 83, 39632)
(245, 31, 1737)
(245, 179, 54891)
(245, 230, 5445)
(245, 227, 37864)
(245, 180, 36126)
(245, 190, 10005)
(245, 124, 12438)
(245, 229, 44862)
(245, 87, 5820)
(245, 171, 23687)
(245, 5, 57247)
(245, 86, 49160)
(245, 80, 2309)
(245, 204, 56885)
(245, 117, 22667)
(245, 184, 56637)
(245, 38, 40280)
(245, 196, 31591)
(245, 98, 46355)
(245, 96, 4426)
(245, 220, 17482)
(245, 28, 50325)
(245, 59, 8664)
(245, 148, 39939)
(245, 163, 28265)
(245, 183, 28455)
(245, 61, 35159)
(245, 206, 47775)
(245, 228, 26367)
(245, 67, 56193)
(245, 138, 31517)
(245, 131, 55833)
(245, 56, 22284)
(245, 143, 38804)
(245, 207, 12520)
(245, 168, 22771)
(245, 9, 36695)
(245, 74, 36379)
(245, 40, 24039)
(245, 68, 8360)
(245, 107, 6308)
(245, 145, 56367)
(245, 10, 57849)
(245, 66, 25647)
(245, 221, 16736)
(245, 202, 28776)
(245, 8, 5194)
(245, 73, 5133)
(245, 15, 29597)
(245, 156, 52481)
(245, 84, 45016)
(245, 157, 14880)
(245, 99, 5384)
(245, 89, 39775)
(245, 186, 44983)
(245, 42, 46431)
(245, 231, 47393)
(245, 109, 14363)
(245, 155, 56127)
(245, 14, 18720)
(245, 239, 445)
(245, 193, 27842)
(245, 47, 8478)
(245, 90, 57074)
(245, 62, 28508)
(245, 150, 5195)
(245, 134, 31734)
(245, 93, 51509)
(245, 195, 294)
(245, 189, 47863)
(245, 217, 54947)
(245, 95, 16209)
(245, 216, 8928)
(245, 192, 15004)
(245, 97, 35042)
(245, 71, 25665)
(245, 164, 36392)
(245, 200, 52861)
(245, 48, 36559)
(245, 26, 25836)
(245, 39, 35936)
(245, 57, 51563)
(245, 108, 35359)
(245, 88, 9718)
(245, 130, 21455)
(245, 7, 32959)
(245, 0, 25230)
(245, 234, 19039)
(245, 123, 50296)
(245, 16, 13600)
(245, 218, 39149)
(245, 37, 23019)
(245, 118, 51119)
(245, 212, 48404)
(245, 132, 32723)
(245, 120, 53084)
(245, 242, 48554)
(245, 236, 54537)
(245, 51, 11909)
(245, 65, 34068)
(245, 78, 39454)
(245, 215, 26521)
(245, 125, 16097)
(245, 170, 14711)
(245, 54, 37723)
(245, 175, 7852)
(245, 2, 39805)
(245, 75, 53337)
(245, 166, 18191)
(245, 76, 56377)
(245, 222, 56242)
(245, 127, 11205)
(245, 101, 43190)
(245, 46, 29973)
(245, 91, 48199)
(245, 165, 40846)
(245, 23, 1334)
(245, 69, 47597)
(245, 136, 28965)
(245, 160, 16322)
(245, 146, 53766)
(245, 105, 46964)
(245, 176, 4891)
(245, 191, 43130)
(245, 103, 42725)
(245, 13, 3227)
(245, 214, 49358)
(245, 209, 8039)
(245, 235, 25654)
(245, 244, 24287)
(245, 30, 32291)
(245, 6, 52254)
(245, 12, 5187)
(245, 32, 56700)
(245, 17, 23080)
(245, 241, 6876)
(245, 49, 12397)
(245, 205, 55137)
(245, 141, 46075)
(245, 238, 33336)
(245, 50, 1110)
(245, 158, 69)
(245, 167, 48733)
(245, 149, 6503)
(245, 21, 22550)
(245, 194, 44193)
(245, 25, 42551)
(245, 129, 2893)
(245, 114, 52046)
(245, 85, 9551)
(245, 188, 25686)
(245, 203, 34360)
(245, 197, 26748)
(245, 33, 24149)
(245, 27, 20126)
(245, 187, 3198)
(245, 36, 15645)
(245, 128, 40033)
(245, 224, 3559)
(245, 41, 11308)
(245, 3, 12678)
(245, 4, 16441)
(245, 64, 28306)
(245, 111, 30818)
(245, 35, 13327)
(245, 112, 56037)
(245, 174, 42793)
(245, 233, 7303)
(245, 92, 15368)
(245, 144, 20841)
(245, 121, 3402)
(245, 82, 37106)
(245, 22, 42056)
(245, 232, 5251)
(245, 169, 11422)
(245, 116, 2353)
(245, 162, 11722)
(245, 115, 43176)
(245, 151, 4206)
(245, 225, 30104)
(245, 34, 10054)
(245, 60, 6328)
(245, 223, 14814)
(245, 44, 47009)
(245, 110, 1877)
(245, 208, 19185)
(245, 211, 13465)
(245, 19, 6977)
(245, 29, 24088)
(245, 153, 52934)
(245, 137, 11835)
(245, 154, 531)
(245, 133, 22568)
(245, 24, 34864)
(245, 147, 3856)
(245, 172, 18057)
(245, 18, 7270)
(245, 199, 37899)
(245, 72, 30333)
(245, 58, 44757)
(245, 1, 36829)
(245, 161, 18974)
(245, 173, 15589)
(245, 53, 11949)
(245, 213, 1156)
(245, 142, 20895)
(245, 55, 52042)
(245, 94, 47077)
(245, 185, 2361)
(245, 81, 48885)
(245, 182, 54247)
(245, 100, 42154)
(245, 240, 22555)
(245, 119, 25753)
(245, 63, 47241)
(245, 126, 8792)
(245, 135, 11870)
(245, 237, 42122)
(245, 113, 21090)
(245, 11, 45329)
(246, 36, 39472)
(246, 104, 1095)
(246, 138, 16218)
(246, 23, 41362)
(246, 129, 9628)
(246, 169, 13561)
(246, 181, 12931)
(247, 94, 8850)
(247, 108, 57728)
(247, 131, 58120)
(247, 91, 7390)
(247, 2, 32650)
(247, 88, 23250)
(247, 23, 34152)
(248, 136, 17764)
(248, 196, 29906)
(248, 242, 2362)
(248, 124, 25419)
(248, 223, 22044)
(248, 150, 38119)
(248, 41, 56170)
(248, 191, 7453)
(248, 96, 33013)
(248, 22, 13772)
(248, 246, 8945)
(248, 204, 32155)
(248, 98, 9502)
(248, 56, 29726)
(248, 203, 25275)
(248, 12, 37754)
(248, 69, 55342)
(248, 45, 36335)
(248, 70, 24801)
(248, 153, 40953)
(248, 50, 54528)
(248, 131, 24511)
(248, 106, 36493)
(248, 201, 13398)
(248, 103, 964)
(248, 97, 993)
(248, 5, 27237)
(248, 87, 51360)
(248, 245, 15676)
(248, 99, 18774)
(248, 43, 28927)
(248, 232, 55446)
(248, 110, 19145)
(248, 123, 40801)
(248, 151, 35815)
(248, 238, 40871)
(248, 64, 45501)
(248, 235, 5170)
(248, 71, 50126)
(248, 74, 5495)
(248, 197, 825)
(248, 115, 6897)
(248, 31, 32162)
(248, 140, 5153)
(248, 185, 14012)
(248, 117, 45409)
(248, 162, 6372)
(248, 220, 31567)
(248, 128, 9593)
(248, 198, 29067)
(248, 30, 52614)
(248, 9, 44006)
(248, 127, 15102)
(248, 163, 12516)
(248, 75, 52940)
(248, 148, 24420)
(248, 6, 38084)
(248, 29, 19285)
(248, 52, 38571)
(248, 114, 20525)
(248, 125, 24197)
(248, 8, 5013)
(248, 82, 11961)
(248, 221, 8724)
(248, 187, 28783)
(248, 172, 17498)
(248, 182, 9948)
(248, 190, 32857)
(248, 199, 32834)
(248, 26, 10424)
(248, 241, 9514)
(248, 239, 14463)
(248, 208, 16012)
(248, 112, 39129)
(248, 137, 13613)
(248, 85, 43987)
(248, 42, 30991)
(248, 144, 45428)
(248, 210, 46201)
(248, 154, 28656)
(248, 72, 57974)
(248, 227, 54543)
(248, 133, 3002)
(248, 18, 34699)
(248, 200, 46407)
(248, 80, 57861)
(248, 218, 19210)
(248, 4, 35870)
(248, 222, 1933)
(248, 67, 27637)
(248, 2, 54008)
(248, 165, 12621)
(248, 108, 21802)
(248, 55, 39581)
(248, 95, 7411)
(248, 38, 2618)
(248, 44, 33192)
(248, 10, 23270)
(248, 68, 11377)
(248, 155, 45724)
(248, 76, 2659)
(248, 184, 10750)
(248, 73, 6928)
(248, 247, 56807)
(248, 193, 32196)
(248, 94, 36230)
(248, 63, 22192)
(248, 233, 43874)
(248, 243, 51525)
(248, 170, 42839)
(248, 27, 54214)
(248, 79, 27394)
(248, 152, 5539)
(248, 119, 20633)
(248, 217, 26884)
(248, 176, 15713)
(248, 147, 35384)
(248, 211, 43823)
(248, 102, 8190)
(248, 91, 54243)
(248, 101, 20239)
(248, 138, 159)
(248, 92, 20534)
(248, 86, 38471)
(248, 118, 29599)
(248, 36, 36706)
(248, 65, 47072)
(248, 59, 11781)
(248, 24, 5370)
(248, 228, 15190)
(248, 100, 51804)
(249, 166, 40782)
(249, 137, 24114)
(249, 67, 22993)
(249, 227, 31805)
(249, 20, 43411)
(249, 14, 27816)
(249, 66, 56470)
(249, 212, 2796)
(249, 16, 19409)
(249, 163, 10963)
(249, 235, 23217)
(249, 68, 6460)
(249, 151, 31306)
(249, 32, 2830)
(249, 41, 6288)
(249, 81, 40177)
(249, 203, 10943)
(249, 243, 23335)
(249, 190, 44093)
(249, 160, 34999)
(249, 80, 44898)
(249, 62, 39706)
(249, 220, 49090)
(249, 8, 3458)
(249, 52, 25451)
(249, 139, 26946)
(249, 188, 4773)
(249, 51, 43958)
(249, 114, 25525)
(249, 69, 42091)
(249, 172, 808)
(249, 74, 42745)
(249, 18, 14473)
(249, 110, 17809)
(249, 211, 32995)
(249, 128, 2551)
(249, 162, 55358)
(249, 248, 34717)
(249, 93, 56787)
(249, 75, 25012)
(249, 156, 29110)
(249, 111, 47844)
(249, 226, 52587)
(249, 132, 44865)
(249, 77, 9124)
(249, 176, 9516)
(249, 96, 1318)
(249, 3, 31725)
(249, 53, 37997)
(249, 167, 37794)
(249, 100, 30853)
(249, 39, 41105)
(249, 216, 29105)
(249, 11, 36438)
(249, 178, 48164)
(249, 142, 30564)
(249, 209, 48651)
(249, 59, 23976)
(249, 90, 27250)
(249, 165, 9403)
(249, 215, 36765)
(249, 210, 37359)
(249, 107, 52159)
(249, 164, 57131)
(249, 26, 57790)
(249, 191, 22713)
(249, 158, 46269)
(249, 2, 45911)
(249, 0, 56423)
(249, 240, 57766)
(249, 40, 12765)
(249, 171, 1199)
(249, 205, 46575)
(249, 195, 8071)
(249, 206, 10615)
(249, 71, 41567)
(249, 193, 27510)
(249, 213, 39952)
(249, 38, 31918)
(249, 108, 26918)
(249, 186, 18336)
(249, 118, 47324)
(249, 10, 28778)
(249, 4, 1086)
(249, 63, 43953)
(249, 7, 41423)
(249, 233, 23228)
(249, 113, 4383)
(249, 121, 2699)
(249, 30, 44241)
(249, 183, 48605)
(249, 57, 4004)
(249, 136, 54932)
(249, 95, 19856)
(249, 179, 17437)
(249, 127, 218)
(249, 200, 37157)
(249, 242, 15802)
(249, 170, 15587)
(249, 245, 32516)
(249, 134, 10302)
(249, 28, 20967)
(249, 138, 18929)
(249, 143, 12445)
(249, 202, 57346)
(249, 24, 58004)
(249, 223, 6374)
(249, 181, 4018)
(249, 194, 37269)
(249, 130, 52584)
(249, 76, 24622)
(249, 228, 46206)
(249, 177, 53206)
(249, 45, 38218)
(249, 149, 54850)
(249, 196, 48134)
(249, 102, 49556)
(249, 13, 714)
(249, 9, 16854)
(249, 159, 41518)
(249, 98, 29365)
(249, 184, 43980)
(249, 43, 12085)
(249, 152, 17545)
(249, 25, 50358)
(249, 104, 57811)
(249, 23, 12286)
(249, 22, 29869)
(249, 79, 23339)
(249, 141, 12630)
(249, 199, 18376)
(249, 56, 34520)
(249, 144, 24324)
(249, 124, 34598)
(249, 105, 2325)
(249, 115, 26320)
(249, 64, 17277)
(249, 21, 39935)
(249, 46, 17895)
(249, 54, 24540)
(249, 50, 12118)
(249, 12, 14639)
(249, 146, 18317)
(249, 117, 17201)
(249, 6, 21329)
(249, 58, 20971)
(249, 91, 25165)
(249, 55, 51393)
(249, 232, 50964)
(249, 106, 7963)
(249, 229, 54567)
(249, 169, 51580)
(249, 65, 44882)
(249, 34, 39057)
(249, 241, 29372)
(249, 174, 32420)
(249, 239, 55369)
(249, 49, 9795)
(249, 17, 10448)
(249, 238, 29204)
(249, 47, 54386)
(249, 60, 31930)
(249, 201, 15566)
(249, 231, 1235)
(249, 73, 52539)
(249, 207, 48049)
(249, 246, 14589)
(249, 182, 45901)
(249, 133, 2066)
(249, 129, 16708)
(249, 35, 7267)
(249, 101, 53543)
(249, 27, 8632)
(249, 99, 53669)
(249, 85, 30078)
(249, 94, 39434)
(249, 123, 51625)
(249, 175, 27933)
(249, 5, 48973)
(249, 70, 2231)
(249, 92, 11785)
(249, 185, 19794)
(249, 244, 9350)
(249, 173, 52761)
(249, 135, 44365)
(249, 157, 29638)
(249, 234, 1207)
(249, 87, 1756)
(249, 84, 57735)
(249, 217, 51963)
(249, 33, 2268)
(249, 208, 43799)
(249, 236, 39211)
(249, 131, 44147)
(249, 219, 38074)
(249, 221, 12991)
(249, 122, 56789)
(249, 88, 34026)
(249, 204, 51154)
(249, 147, 33157)
(249, 109, 14713)
(249, 72, 46111)
(249, 31, 5742)
(249, 15, 23256)
(249, 224, 42904)
(249, 37, 39742)
(249, 214, 19354)
(249, 120, 42123)
(249, 197, 57540)
(249, 225, 41479)
(249, 192, 30042)
(249, 150, 15649)
(249, 154, 28702)
(249, 103, 46132)
(249, 237, 23772)
(249, 29, 55309)
(249, 222, 48481)
(249, 78, 56638)
(249, 112, 44505)
(249, 230, 10856)
(249, 97, 25204)
(249, 86, 57620)
(250, 86, 16905)
(250, 171, 55268)
(250, 57, 55357)
(250, 28, 21454)
(250, 142, 31163)
(250, 147, 50559)
(250, 33, 28616)
(250, 204, 13106)
(250, 208, 1648)
(250, 99, 14939)
(250, 34, 29117)
(250, 47, 27929)
(250, 230, 7488)
(250, 193, 46383)
(250, 60, 29359)
(250, 122, 38365)
(250, 129, 56071)
(250, 200, 32692)
(250, 216, 49658)
(250, 2, 31039)
(250, 74, 3159)
(250, 212, 6103)
(250, 220, 20376)
(250, 219, 8325)
(250, 217, 35890)
(250, 90, 3145)
(250, 117, 50432)
(250, 180, 15736)
(250, 14, 58129)
(250, 45, 56724)
(250, 139, 52758)
(250, 195, 45650)
(250, 22, 31042)
(250, 62, 30804)
(250, 116, 17379)
(250, 26, 39813)
(250, 41, 14082)
(250, 185, 915)
(250, 76, 11220)
(250, 91, 19865)
(250, 85, 23418)
(250, 25, 56990)
(250, 19, 44684)
(250, 176, 27770)
(250, 205, 39626)
(250, 213, 33076)
(250, 199, 36759)
(250, 4, 54204)
(250, 53, 27390)
(250, 83, 44141)
(250, 103, 6656)
(250, 12, 1369)
(250, 118, 27871)
(250, 148, 5803)
(250, 167, 24139)
(250, 112, 48724)
(250, 42, 17108)
(250, 10, 55545)
(250, 43, 15120)
(250, 49, 686)
(250, 50, 14179)
(250, 113, 18459)
(250, 215, 36100)
(250, 211, 3001)
(250, 27, 17300)
(250, 56, 6132)
(250, 67, 43147)
(250, 13, 14594)
(250, 160, 30388)
(250, 48, 53926)
(250, 115, 827)
(250, 245, 53718)
(250, 63, 11473)
(250, 7, 24053)
(250, 181, 25609)
(250, 127, 8600)
(250, 149, 25643)
(250, 169, 33506)
(250, 84, 56729)
(250, 236, 4645)
(250, 3, 55550)
(250, 128, 23436)
(250, 111, 23356)
(250, 154, 16724)
(250, 174, 15781)
(250, 114, 10314)
(250, 197, 35113)
(250, 68, 52791)
(250, 150, 9734)
(250, 82, 30085)
(250, 20, 6224)
(250, 158, 14402)
(250, 16, 2695)
(250, 153, 11599)
(250, 69, 54039)
(250, 152, 29332)
(250, 137, 3091)
(250, 97, 5932)
(250, 107, 9730)
(250, 239, 14673)
(250, 52, 55831)
(250, 29, 19284)
(250, 145, 20590)
(250, 5, 28394)
(250, 163, 53011)
(250, 124, 19226)
(250, 46, 11276)
(250, 54, 50235)
(250, 248, 16283)
(250, 136, 45173)
(250, 72, 35340)
(250, 202, 9315)
(250, 95, 14131)
(250, 207, 12337)
(250, 21, 9547)
(250, 133, 19294)
(250, 146, 44228)
(250, 189, 35760)
(250, 78, 24056)
(250, 37, 24174)
(250, 161, 19832)
(250, 80, 10364)
(250, 11, 27706)
(250, 135, 30012)
(250, 134, 56503)
(250, 165, 20115)
(250, 59, 10996)
(250, 209, 24342)
(250, 232, 3295)
(250, 246, 2161)
(250, 228, 55501)
(250, 24, 698)
(250, 247, 17614)
(250, 121, 18717)
(250, 249, 21488)
(250, 231, 32399)
(250, 73, 50906)
(250, 221, 36166)
(250, 172, 43044)
(250, 224, 30963)
(250, 241, 14519)
(250, 182, 41215)
(250, 77, 15533)
(250, 240, 29902)
(250, 192, 43338)
(250, 36, 30301)
(250, 40, 19350)
(250, 0, 4212)
(250, 98, 52840)
(250, 38, 55651)
(250, 93, 42569)
(250, 106, 27811)
(250, 222, 3968)
(250, 243, 35261)
(250, 130, 17005)
(250, 119, 24804)
(250, 175, 26786)
(250, 109, 46330)
(250, 170, 614)
(250, 203, 11533)
(250, 235, 54128)
(250, 226, 17089)
(250, 88, 56603)
(250, 1, 36635)
(250, 168, 40897)
(250, 188, 5012)
(250, 92, 49015)
(250, 173, 27351)
(250, 32, 13188)
(250, 8, 2817)
(250, 227, 23696)
(250, 96, 16241)
(250, 141, 49825)
(250, 166, 49451)
(250, 125, 5635)
(250, 6, 3477)
(250, 18, 48320)
(250, 81, 52620)
(250, 108, 413)
(250, 35, 42095)
(250, 198, 45604)
(250, 17, 40811)
(250, 206, 10180)
(250, 157, 53110)
(250, 120, 27460)
(250, 66, 28185)
(251, 246, 43344)
(251, 73, 54224)
(251, 208, 8735)
(251, 233, 28349)
(251, 108, 26952)
(251, 104, 12202)
(251, 155, 28601)
(251, 180, 33233)
(251, 189, 57087)
(251, 42, 48566)
(251, 36, 52124)
(251, 124, 52359)
(251, 193, 49438)
(251, 194, 42912)
(251, 142, 56956)
(251, 236, 51256)
(251, 132, 346)
(251, 176, 35303)
(251, 107, 27473)
(251, 185, 27889)
(251, 154, 27499)
(251, 140, 26715)
(251, 117, 44401)
(251, 159, 42772)
(251, 28, 48144)
(251, 200, 9)
(251, 153, 55062)
(251, 93, 24550)
(251, 111, 45560)
(251, 240, 28730)
(251, 214, 28061)
(251, 229, 44951)
(251, 181, 39217)
(251, 13, 31737)
(251, 114, 19784)
(251, 101, 41509)
(251, 243, 28238)
(251, 238, 46701)
(251, 119, 3136)
(251, 127, 38606)
(251, 56, 25017)
(251, 225, 21253)
(251, 4, 23556)
(251, 26, 29374)
(251, 179, 10271)
(251, 156, 9450)
(251, 0, 4349)
(251, 86, 56940)
(251, 242, 9656)
(251, 196, 56893)
(251, 97, 27969)
(251, 218, 19158)
(251, 237, 45762)
(251, 249, 55433)
(251, 21, 4919)
(251, 244, 37818)
(251, 9, 1942)
(251, 220, 41778)
(251, 32, 1659)
(251, 241, 27956)
(251, 202, 53782)
(251, 19, 41068)
(251, 70, 51121)
(251, 24, 15220)
(251, 2, 22684)
(251, 184, 28494)
(252, 232, 52663)
(252, 221, 56371)
(252, 192, 3494)
(252, 213, 12605)
(252, 53, 22208)
(252, 98, 57659)
(252, 237, 42048)
(252, 73, 5179)
(252, 242, 28835)
(252, 32, 49727)
(252, 244, 11948)
(252, 45, 5644)
(252, 19, 28445)
(252, 183, 4001)
(252, 63, 56355)
(252, 211, 50616)
(252, 2, 53534)
(252, 216, 12192)
(252, 204, 4882)
(252, 37, 50613)
(252, 120, 4771)
(252, 15, 13822)
(252, 49, 2890)
(252, 229, 53108)
(252, 162, 37140)
(252, 243, 34467)
(252, 184, 44352)
(252, 95, 44744)
(252, 48, 52839)
(252, 78, 56682)
(252, 50, 3246)
(252, 52, 45631)
(252, 42, 56585)
(252, 165, 50363)
(252, 134, 33476)
(252, 109, 17375)
(252, 150, 15248)
(252, 139, 24260)
(252, 154, 57173)
(252, 20, 16363)
(252, 80, 12515)
(252, 44, 5590)
(252, 140, 20349)
(252, 226, 54862)
(252, 173, 8400)
(252, 125, 31174)
(252, 82, 623)
(252, 247, 46593)
(252, 94, 17425)
(252, 215, 24600)
(252, 77, 41084)
(252, 236, 39823)
(252, 69, 11260)
(252, 13, 47460)
(252, 85, 12938)
(252, 75, 26611)
(252, 102, 36663)
(252, 111, 47715)
(252, 35, 27150)
(252, 34, 29526)
(252, 160, 27585)
(252, 129, 44372)
(252, 182, 17640)
(252, 191, 56710)
(252, 224, 3178)
(252, 70, 29650)
(252, 6, 1313)
(252, 92, 11766)
(252, 212, 8707)
(252, 227, 20015)
(252, 218, 28628)
(252, 107, 9254)
(252, 210, 27064)
(252, 231, 6104)
(252, 0, 40853)
(252, 198, 50040)
(252, 225, 21879)
(252, 185, 17009)
(252, 66, 34095)
(252, 91, 16058)
(252, 16, 27367)
(252, 151, 36885)
(252, 207, 15203)
(252, 24, 46192)
(252, 62, 32200)
(252, 54, 35272)
(252, 209, 2475)
(252, 130, 55286)
(252, 138, 53369)
(252, 230, 34401)
(252, 55, 54637)
(252, 23, 57693)
(252, 105, 4988)
(252, 71, 46188)
(252, 21, 27626)
(252, 124, 29693)
(252, 11, 26525)
(252, 76, 17476)
(252, 127, 52323)
(252, 30, 42288)
(252, 179, 12203)
(252, 113, 49881)
(252, 217, 4416)
(252, 22, 27939)
(252, 161, 25455)
(252, 5, 25039)
(252, 234, 3321)
(252, 147, 35910)
(252, 116, 20914)
(252, 64, 27086)
(252, 167, 58079)
(252, 250, 30462)
(252, 136, 47847)
(252, 27, 35523)
(252, 18, 15266)
(252, 112, 43253)
(252, 164, 39909)
(252, 223, 40997)
(252, 118, 17343)
(252, 84, 2895)
(252, 39, 15840)
(252, 65, 5220)
(252, 31, 21667)
(252, 46, 21010)
(252, 189, 36492)
(252, 7, 55261)
(252, 97, 54270)
(252, 4, 26029)
(252, 193, 54529)
(252, 142, 40307)
(252, 186, 47245)
(252, 158, 23784)
(252, 169, 49091)
(252, 163, 34876)
(252, 58, 21968)
(252, 26, 51105)
(252, 241, 41955)
(252, 108, 17387)
(252, 87, 13753)
(252, 175, 28147)
(252, 47, 55693)
(252, 60, 29708)
(252, 28, 49942)
(252, 3, 38451)
(252, 79, 23874)
(252, 188, 21393)
(252, 208, 46256)
(252, 104, 55995)
(252, 99, 9188)
(252, 248, 12947)
(252, 81, 17205)
(252, 156, 42356)
(252, 176, 18247)
(252, 214, 55044)
(252, 239, 39844)
(252, 166, 36991)
(252, 249, 10334)
(252, 174, 34058)
(252, 122, 36541)
(252, 36, 49745)
(252, 86, 13889)
(252, 178, 31889)
(252, 119, 2957)
(252, 171, 47762)
(252, 168, 20467)
(252, 143, 8715)
(252, 132, 38001)
(252, 103, 31999)
(252, 12, 55600)
(252, 205, 16315)
(252, 89, 29127)
(252, 233, 48518)
(252, 56, 6873)
(252, 180, 42925)
(252, 90, 30926)
(252, 135, 48083)
(252, 1, 40203)
(252, 195, 36651)
(252, 72, 20173)
(252, 181, 10514)
(252, 149, 1522)
(252, 200, 27803)
(252, 114, 52386)
(252, 57, 43584)
(252, 251, 55754)
(252, 194, 24729)
(252, 59, 47542)
(252, 110, 23389)
(252, 159, 19205)
(252, 131, 57037)
(252, 25, 11191)
(252, 128, 48233)
(252, 199, 14056)
(252, 240, 19692)
(252, 197, 21105)
(252, 29, 37403)
(252, 190, 20014)
(252, 68, 43370)
(252, 146, 54129)
(252, 145, 35362)
(252, 222, 29912)
(252, 133, 53483)
(252, 96, 2841)
(252, 202, 39985)
(252, 93, 39814)
(252, 41, 35682)
(252, 33, 54105)
(252, 220, 19921)
(252, 141, 9983)
(252, 228, 3953)
(252, 61, 38097)
(252, 106, 35881)
(252, 246, 34362)
(252, 51, 35130)
(252, 117, 37524)
(252, 9, 13550)
(252, 14, 25448)
(252, 187, 19531)
(252, 38, 20693)
(252, 10, 14423)
(252, 100, 2902)
(252, 43, 3281)
(252, 123, 6175)
(252, 245, 15808)
(252, 40, 5821)
(252, 17, 43137)
(252, 115, 19192)
(252, 137, 36704)
(252, 144, 23464)
(252, 177, 41107)
(252, 196, 8941)
(252, 148, 8092)
(252, 126, 36130)
(252, 170, 21840)
(252, 121, 39619)
(252, 172, 27381)
(252, 67, 52783)
(252, 152, 40764)
(252, 155, 15846)
(253, 52, 46981)
(253, 47, 53995)
(253, 217, 9717)
(253, 176, 55016)
(253, 250, 47655)
(253, 66, 33228)
(253, 175, 13911)
(253, 236, 51534)
(253, 164, 54777)
(253, 54, 42185)
(253, 211, 48232)
(253, 205, 3862)
(253, 80, 43189)
(253, 115, 4502)
(253, 101, 30996)
(253, 184, 5899)
(253, 212, 38305)
(253, 152, 8557)
(253, 218, 16483)
(253, 230, 48797)
(253, 128, 16945)
(253, 146, 24693)
(253, 220, 13709)
(253, 173, 26635)
(253, 119, 38580)
(253, 34, 2892)
(253, 22, 37837)
(253, 112, 15444)
(253, 59, 18388)
(253, 145, 4144)
(253, 178, 32791)
(253, 191, 46875)
(253, 72, 1058)
(253, 223, 15759)
(253, 190, 61)
(253, 215, 43057)
(253, 163, 40933)
(253, 15, 372)
(253, 48, 13301)
(253, 67, 52162)
(253, 148, 40559)
(253, 42, 39679)
(253, 49, 21409)
(253, 5, 894)
(253, 18, 28111)
(253, 4, 37182)
(253, 153, 30058)
(253, 226, 54400)
(253, 97, 53165)
(253, 224, 31305)
(253, 61, 22400)
(253, 174, 22815)
(253, 138, 19467)
(253, 179, 30275)
(253, 195, 51970)
(253, 9, 31762)
(253, 247, 14367)
(253, 56, 28706)
(253, 27, 30520)
(253, 17, 35076)
(253, 207, 6099)
(253, 58, 51619)
(253, 57, 37352)
(253, 214, 47991)
(253, 189, 52694)
(253, 28, 26552)
(253, 130, 33530)
(253, 117, 54338)
(253, 143, 8130)
(253, 3, 56972)
(253, 202, 30587)
(253, 134, 51698)
(253, 12, 43051)
(253, 69, 25167)
(253, 172, 12444)
(253, 219, 43463)
(253, 68, 43817)
(253, 187, 42572)
(253, 150, 45714)
(253, 209, 52334)
(253, 156, 51184)
(253, 248, 41867)
(253, 122, 19719)
(253, 62, 6251)
(253, 26, 28909)
(253, 0, 17247)
(253, 157, 11228)
(253, 123, 36572)
(253, 127, 14331)
(253, 197, 38822)
(253, 29, 14341)
(253, 237, 42120)
(253, 30, 45354)
(253, 133, 36811)
(253, 192, 8755)
(253, 87, 28354)
(253, 238, 11920)
(253, 167, 31313)
(253, 200, 5840)
(253, 188, 569)
(253, 7, 26949)
(253, 55, 29280)
(253, 45, 53180)
(253, 60, 53053)
(253, 228, 11537)
(253, 244, 244)
(253, 37, 26371)
(253, 46, 35714)
(253, 35, 42803)
(253, 159, 21627)
(253, 208, 24842)
(253, 96, 57801)
(253, 194, 20934)
(253, 151, 28392)
(253, 106, 19404)
(253, 203, 47115)
(253, 137, 4837)
(253, 110, 9384)
(253, 33, 3228)
(253, 186, 27762)
(253, 65, 15799)
(253, 135, 41527)
(253, 111, 9770)
(253, 232, 35547)
(253, 182, 33748)
(253, 53, 47138)
(253, 168, 18231)
(253, 251, 40460)
(253, 169, 43564)
(253, 216, 4330)
(253, 241, 30923)
(253, 124, 29969)
(253, 85, 38994)
(253, 63, 16279)
(253, 107, 2852)
(253, 114, 27434)
(253, 95, 46489)
(253, 120, 46189)
(253, 104, 7521)
(253, 181, 33547)
(253, 51, 56474)
(253, 245, 29699)
(253, 147, 30791)
(253, 79, 40119)
(253, 90, 28771)
(253, 109, 33619)
(253, 222, 5411)
(253, 141, 21959)
(253, 249, 43871)
(253, 136, 17620)
(253, 252, 34929)
(253, 206, 50017)
(253, 16, 10848)
(253, 39, 37511)
(253, 140, 41795)
(253, 213, 51093)
(253, 113, 6077)
(253, 227, 50786)
(253, 180, 56055)
(253, 2, 38015)
(253, 100, 27725)
(253, 240, 22458)
(253, 129, 21704)
(253, 234, 24357)
(253, 171, 48631)
(253, 160, 11362)
(253, 154, 41743)
(253, 103, 56324)
(253, 108, 8372)
(253, 210, 15067)
(253, 166, 16830)
(253, 102, 1291)
(253, 19, 14106)
(253, 201, 7688)
(253, 78, 55370)
(253, 165, 5999)
(253, 125, 29659)
(253, 132, 5265)
(253, 32, 4653)
(253, 83, 24389)
(253, 11, 15216)
(253, 170, 55602)
(253, 99, 10049)
(253, 38, 53852)
(253, 196, 15974)
(253, 8, 466)
(253, 144, 30448)
(254, 33, 46048)
(254, 8, 42132)
(254, 80, 42511)
(254, 248, 7508)
(254, 180, 54359)
(254, 167, 27192)
(254, 71, 51496)
(254, 206, 33009)
(254, 139, 57837)
(254, 219, 26436)
(254, 1, 43246)
(254, 79, 40805)
(254, 171, 4744)
(254, 175, 46029)
(254, 152, 22291)
(254, 181, 3364)
(254, 224, 44930)
(254, 45, 48084)
(254, 51, 9739)
(254, 178, 16335)
(254, 143, 21148)
(254, 89, 6198)
(254, 166, 36011)
(254, 249, 34983)
(254, 108, 28781)
(255, 163, 4285)
(255, 180, 43194)
(255, 18, 36965)
(255, 74, 37321)
(255, 6, 51591)
(255, 20, 55650)
(255, 71, 16125)
(255, 29, 44639)
(255, 2, 17841)
(255, 48, 49830)
(255, 11, 8734)
(255, 81, 38023)
(255, 33, 37419)
(255, 188, 40881)
(255, 202, 45230)
(255, 190, 9937)
(255, 98, 21011)
(255, 131, 50372)
(255, 150, 30939)
(255, 104, 46544)
(255, 97, 49991)
(255, 251, 48153)
(255, 220, 56639)
(255, 95, 20993)
(255, 113, 52397)
(255, 96, 47698)
(255, 169, 10877)
(255, 185, 25416)
(255, 101, 31772)
(255, 199, 33508)
(255, 196, 43491)
(255, 37, 54104)
(255, 13, 35127)
(255, 184, 46181)
(255, 34, 55487)
(255, 164, 16582)
(255, 132, 30026)
(255, 59, 43571)
(255, 218, 50633)
(255, 30, 6345)
(255, 213, 33231)
(255, 134, 32076)
(255, 179, 37935)
(255, 123, 5288)
(255, 112, 31584)
(255, 231, 56981)
(255, 56, 36722)
(255, 49, 6264)
(255, 39, 44440)
(255, 52, 14991)
(255, 195, 3094)
(255, 249, 45225)
(255, 174, 35617)
(255, 181, 54656)
(255, 73, 49424)
(255, 204, 45440)
(255, 227, 56734)
(255, 87, 32512)
(255, 119, 19650)
(255, 26, 36483)
(255, 85, 48589)
(255, 80, 15418)
(255, 83, 21297)
(255, 175, 29114)
(255, 162, 36461)
(255, 145, 55076)
(255, 173, 13303)
(255, 45, 8528)
(255, 170, 18454)
(255, 152, 20134)
(255, 86, 10035)
(255, 91, 55609)
(255, 125, 12698)
(255, 253, 30200)
(255, 209, 8520)
(255, 135, 25582)
(255, 138, 6073)
(255, 189, 55547)
(255, 114, 8682)
(255, 42, 44619)
(255, 254, 28166)
(255, 4, 33526)
(255, 233, 56855)
(255, 192, 24850)
(255, 223, 3020)
(255, 155, 8834)
(255, 153, 28020)
(255, 3, 42624)
(255, 141, 2192)
(255, 64, 26366)
(255, 247, 10507)
(255, 212, 50485)
(255, 110, 41928)
(255, 228, 41220)
(255, 240, 28137)
(255, 31, 42350)
(255, 106, 39711)
(255, 72, 14512)
(255, 25, 26007)
(255, 244, 50192)
(255, 108, 25170)
(255, 92, 20598)
(255, 143, 21865)
(255, 67, 48636)
(255, 122, 44187)
(255, 103, 45663)
(255, 248, 37123)
(255, 38, 21092)
(255, 75, 29291)
(255, 232, 22882)
(255, 211, 47186)
(255, 236, 35922)
(255, 1, 33063)
(255, 57, 47365)
(255, 146, 53326)
(255, 115, 19580)
(255, 158, 13401)
(255, 166, 45240)
(255, 140, 48629)
(255, 208, 2505)
(255, 186, 16669)
(255, 36, 40545)
(255, 7, 30750)
(255, 124, 45127)
(255, 62, 30108)
(255, 70, 27145)
(255, 157, 9487)
(255, 66, 38573)
(255, 205, 41113)
(255, 129, 54210)
(255, 148, 50950)
(255, 78, 37578)
(255, 219, 55174)
(255, 12, 43214)
(255, 151, 48439)
(255, 171, 18711)
(255, 214, 26129)
(255, 121, 29506)
(255, 154, 17440)
(255, 221, 22213)
(255, 147, 27364)
(255, 245, 19388)
(255, 216, 42848)
(255, 17, 27644)
(255, 183, 22967)
(255, 22, 17664)
(255, 207, 2443)
(255, 239, 22824)
(255, 128, 9127)
(255, 142, 28449)
(255, 200, 18521)
(255, 178, 46160)
(255, 137, 4039)
(255, 215, 8797)
(255, 21, 7065)
(255, 159, 2262)
(255, 61, 28345)
(255, 8, 47389)
(255, 201, 47575)
(255, 237, 9153)
(255, 250, 45662)
(255, 111, 15599)
(255, 68, 2073)
(255, 93, 42239)
(255, 118, 1025)
(255, 156, 51660)
(255, 5, 22290)
(255, 117, 6791)
(255, 14, 53291)
(255, 203, 1208)
(255, 55, 18885)
(255, 161, 18355)
(255, 15, 53536)
(255, 198, 23947)
(255, 139, 24761)
(255, 238, 3240)
(255, 35, 998)
(255, 230, 16001)
(255, 28, 12876)
(255, 126, 39340)
(255, 9, 52222)
(255, 225, 54328)
(255, 27, 40027)
(255, 43, 6539)
(255, 46, 17670)
(255, 84, 15704)
(255, 187, 56549)
(255, 109, 16068)
(255, 47, 57250)
(255, 224, 28537)
(255, 168, 15671)
(255, 54, 31676)
(255, 41, 33349)
(255, 51, 1442)
(255, 217, 22679)
(255, 242, 45972)
(255, 69, 1405)
(255, 144, 50375)
(255, 234, 23166)
(255, 243, 43348)
(255, 191, 42611)
(255, 82, 2238)
(255, 210, 57767)
(255, 53, 49675)
(255, 194, 11343)
(255, 222, 44069)
(255, 197, 30080)
(255, 76, 56566)
(255, 77, 13601)
(255, 127, 22990)
(255, 226, 35675)
(255, 60, 24464)
(255, 235, 57103)
(255, 100, 39654)
(255, 44, 26637)
(255, 165, 38493)
(255, 130, 50490)
(255, 19, 47521)
(255, 88, 2775)
(255, 172, 51797)
(255, 133, 36820)
(255, 24, 37075)
(255, 229, 24265)
(255, 167, 25595)
(255, 58, 56172)
(255, 246, 54463)
(255, 116, 11264)
(255, 0, 46395)
(255, 50, 7200)
(255, 16, 38758)
(255, 32, 22110)
(255, 107, 609)
(255, 193, 40388)
(255, 149, 2856)
(255, 176, 38527)
(255, 177, 45395)
(255, 182, 24379)
(256, 80, 20729)
(256, 159, 56179)
(256, 46, 42077)
(256, 5, 30368)
(256, 51, 3141)
(256, 92, 45070)
(256, 22, 18082)
(256, 19, 7169)
(256, 244, 14794)
(256, 122, 370)
(256, 228, 40863)
(256, 130, 23373)
(256, 73, 57844)
(256, 76, 52348)
(256, 221, 32984)
(256, 152, 6407)
(256, 32, 40761)
(256, 177, 36648)
(256, 226, 40613)
(256, 107, 30274)
(256, 8, 20139)
(256, 204, 35846)
(256, 224, 16053)
(256, 62, 25106)
(256, 7, 52127)
(256, 106, 23317)
(256, 24, 31020)
(256, 89, 38216)
(256, 142, 55558)
(256, 222, 15932)
(256, 97, 51573)
(256, 220, 51646)
(256, 147, 38470)
(256, 102, 18709)
(256, 165, 44138)
(256, 150, 11638)
(256, 21, 45745)
(256, 135, 38584)
(256, 126, 33024)
(256, 87, 23679)
(256, 28, 31346)
(256, 175, 32051)
(256, 178, 7102)
(256, 186, 42204)
(256, 31, 57436)
(256, 64, 29342)
(256, 101, 46582)
(256, 168, 25940)
(256, 61, 91)
(256, 248, 27409)
(256, 245, 24120)
(256, 235, 36712)
(256, 123, 33900)
(257, 153, 46063)
(257, 233, 17)
(257, 177, 3276)
(257, 256, 27907)
(257, 44, 10274)
(257, 165, 29412)
(257, 71, 36144)
(257, 179, 29269)
(257, 187, 56640)
(257, 145, 42032)
(257, 150, 31515)
(257, 14, 22900)
(257, 169, 51879)
(257, 227, 1873)
(257, 132, 29002)
(257, 92, 620)
(257, 9, 33719)
(257, 244, 34769)
(257, 93, 41658)
(257, 160, 12336)
(257, 83, 42378)
(257, 139, 52253)
(257, 175, 53222)
(257, 134, 23901)
(257, 101, 10429)
(257, 54, 52734)
(257, 231, 17608)
(257, 219, 1761)
(257, 217, 14914)
(257, 238, 38098)
(257, 82, 54303)
(257, 95, 26290)
(257, 12, 28256)
(257, 170, 57819)
(257, 126, 56498)
(257, 98, 9445)
(257, 236, 49766)
(257, 104, 14377)
(257, 173, 2813)
(257, 60, 57776)
(257, 72, 8442)
(257, 79, 32697)
(257, 63, 19890)
(257, 56, 13790)
(257, 7, 27106)
(257, 115, 11986)
(257, 206, 45394)
(257, 65, 14086)
(257, 155, 54048)
(257, 120, 48695)
(257, 80, 38261)
(257, 235, 38485)
(257, 181, 37100)
(257, 178, 12724)
(257, 196, 45049)
(257, 42, 50326)
(257, 144, 54419)
(257, 243, 29196)
(257, 163, 31059)
(257, 166, 50563)
(257, 22, 27858)
(257, 114, 39582)
(257, 251, 21632)
(257, 103, 39617)
(257, 140, 7166)
(257, 17, 23372)
(257, 156, 34610)
(257, 94, 50166)
(257, 89, 5457)
(257, 35, 54054)
(257, 241, 4334)
(257, 168, 45089)
(257, 75, 29306)
(257, 59, 22707)
(257, 226, 47974)
(257, 36, 25137)
(257, 164, 13012)
(257, 57, 35058)
(257, 248, 31543)
(257, 19, 9317)
(257, 183, 52851)
(257, 77, 39299)
(257, 111, 37771)
(257, 47, 41673)
(257, 133, 7024)
(257, 46, 36850)
(257, 202, 8245)
(257, 158, 12103)
(257, 52, 12638)
(257, 33, 24695)
(257, 124, 50453)
(257, 86, 49383)
(257, 200, 45126)
(257, 149, 32252)
(257, 43, 51340)
(257, 117, 12939)
(257, 225, 12009)
(257, 100, 28201)
(257, 180, 2857)
(257, 18, 24430)
(257, 32, 2274)
(257, 232, 28966)
(257, 64, 36382)
(257, 53, 46733)
(257, 161, 8870)
(257, 214, 39802)
(257, 220, 52741)
(257, 216, 45477)
(257, 73, 48675)
(257, 245, 6316)
(257, 21, 19553)
(257, 34, 56776)
(257, 55, 15410)
(257, 182, 42831)
(257, 130, 16120)
(257, 184, 32790)
(257, 97, 53498)
(257, 116, 17096)
(257, 136, 56632)
(257, 250, 6707)
(257, 45, 8472)
(257, 201, 4684)
(257, 253, 39416)
(257, 127, 34251)
(257, 162, 8914)
(257, 87, 11760)
(257, 215, 21021)
(257, 205, 47984)
(257, 172, 2982)
(257, 228, 56692)
(257, 222, 19581)
(257, 49, 8611)
(257, 213, 18461)
(257, 131, 44139)
(257, 218, 32955)
(257, 223, 42116)
(257, 194, 42196)
(257, 123, 54596)
(257, 195, 40947)
(257, 237, 19347)
(257, 68, 11739)
(257, 91, 4562)
(257, 99, 40018)
(257, 197, 46956)
(257, 204, 42375)
(257, 62, 36299)
(257, 147, 21750)
(257, 188, 45170)
(257, 242, 3356)
(257, 230, 51852)
(257, 13, 16078)
(257, 26, 49964)
(257, 8, 55089)
(257, 209, 8959)
(257, 191, 29245)
(257, 239, 33844)
(257, 212, 48491)
(257, 221, 40444)
(257, 105, 36561)
(257, 142, 29832)
(257, 2, 22702)
(257, 51, 40182)
(257, 16, 8863)
(257, 40, 50350)
(257, 186, 40952)
(257, 85, 41222)
(257, 20, 49018)
(257, 234, 39793)
(257, 108, 53760)
(257, 90, 45575)
(257, 254, 47590)
(257, 255, 31801)
(257, 128, 41329)
(257, 3, 18646)
(257, 252, 11378)
(257, 66, 37402)
(257, 102, 36436)
(257, 240, 5954)
(257, 141, 53675)
(257, 58, 25202)
(257, 88, 18747)
(257, 27, 19814)
(257, 70, 11417)
(257, 81, 9138)
(257, 25, 39932)
(257, 106, 38094)
(257, 69, 32473)
(257, 96, 50869)
(257, 61, 26513)
(257, 224, 31748)
(257, 249, 48050)
(257, 28, 12796)
(257, 229, 6986)
(257, 30, 57009)
(257, 107, 49958)
(257, 109, 9320)
(257, 192, 37476)
(257, 41, 7375)
(257, 148, 49271)
(257, 208, 18610)
(257, 129, 55391)
(257, 210, 36026)
(257, 78, 37616)
(257, 185, 30936)
(257, 6, 14641)
(257, 246, 58103)
(257, 23, 49543)
(257, 157, 20916)
(257, 15, 50675)
(257, 121, 19916)
(257, 190, 22088)
(257, 125, 53907)
(257, 76, 578)
(257, 31, 48985)
(257, 11, 35651)
(257, 39, 39949)
(257, 113, 12618)
(257, 5, 26276)
(257, 84, 47779)
(257, 146, 39938)
(257, 74, 21849)
(257, 10, 8099)
(257, 159, 8865)
(257, 193, 38158)
(257, 110, 35030)
(257, 135, 36629)
(257, 1, 51304)
(257, 167, 32728)
(257, 50, 56994)
(257, 67, 46505)
(257, 199, 55687)
(258, 183, 9877)
(258, 42, 44817)
(258, 118, 48727)
(258, 49, 11084)
(258, 230, 41511)
(258, 176, 7554)
(258, 156, 12441)
(258, 251, 29940)
(258, 133, 31672)
(258, 204, 29979)
(258, 146, 29007)
(258, 229, 14255)
(258, 208, 43814)
(258, 93, 42853)
(258, 238, 37155)
(258, 151, 34008)
(258, 158, 51472)
(258, 252, 45708)
(258, 34, 27646)
(258, 58, 7932)
(258, 10, 12193)
(258, 197, 23686)
(258, 9, 2321)
(258, 87, 38271)
(258, 51, 6813)
(258, 38, 57468)
(258, 95, 5762)
(258, 223, 21643)
(258, 84, 12275)
(258, 98, 38751)
(258, 181, 48765)
(258, 47, 52588)
(258, 117, 40094)
(258, 143, 43079)
(258, 192, 52193)
(259, 253, 11307)
(259, 173, 51052)
(259, 137, 36174)
(259, 156, 45200)
(259, 176, 31960)
(259, 12, 10)
(259, 133, 26797)
(259, 47, 54635)
(259, 203, 8008)
(259, 42, 33744)
(259, 52, 1532)
(259, 13, 36447)
(259, 235, 9913)
(259, 63, 15472)
(259, 221, 56222)
(259, 27, 28906)
(259, 199, 21172)
(259, 70, 47941)
(259, 207, 30841)
(259, 140, 22273)
(259, 25, 28962)
(259, 240, 20477)
(259, 16, 19017)
(259, 204, 51877)
(259, 7, 35301)
(259, 180, 53806)
(259, 46, 53320)
(259, 101, 753)
(259, 225, 55456)
(259, 129, 4413)
(259, 5, 25305)
(259, 212, 42003)
(259, 22, 26210)
(259, 107, 24612)
(259, 224, 50048)
(259, 58, 22287)
(259, 26, 184)
(259, 109, 40812)
(259, 170, 20410)
(259, 234, 13604)
(259, 227, 3358)
(259, 20, 37282)
(259, 247, 50558)
(259, 197, 528)
(259, 17, 9102)
(259, 250, 23094)
(259, 78, 11399)
(259, 185, 52746)
(259, 136, 14599)
(259, 165, 15093)
(259, 122, 566)
(259, 158, 13478)
(259, 213, 24425)
(259, 32, 51526)
(259, 138, 39189)
(259, 121, 29395)
(259, 49, 25593)
(259, 254, 9428)
(259, 37, 48738)
(259, 48, 49162)
(259, 179, 31942)
(259, 34, 21104)
(259, 131, 37817)
(259, 111, 19959)
(259, 35, 30594)
(259, 208, 54710)
(259, 61, 2729)
(259, 147, 48424)
(259, 29, 36214)
(259, 14, 19364)
(259, 188, 5814)
(259, 242, 41474)
(259, 244, 55300)
(259, 98, 40875)
(259, 110, 1527)
(259, 241, 38997)
(259, 94, 42959)
(259, 24, 37216)
(259, 139, 33654)
(259, 117, 35991)
(259, 154, 8981)
(259, 127, 26573)
(259, 163, 19104)
(259, 3, 13320)
(259, 245, 32367)
(259, 169, 51206)
(259, 0, 11130)
(259, 68, 28290)
(259, 83, 17677)
(259, 33, 11249)
(259, 190, 57969)
(259, 2, 56095)
(259, 200, 40011)
(259, 222, 20028)
(259, 23, 26520)
(259, 205, 41101)
(259, 85, 26106)
(259, 96, 17168)
(259, 82, 25164)
(259, 100, 29162)
(259, 69, 43503)
(259, 210, 36259)
(259, 53, 3938)
(259, 97, 33958)
(259, 149, 47074)
(259, 116, 55821)
(259, 255, 29256)
(259, 206, 46761)
(259, 223, 45562)
(259, 182, 28747)
(259, 59, 48267)
(259, 93, 373)
(259, 162, 52792)
(259, 256, 4890)
(259, 249, 10466)
(259, 172, 44652)
(259, 168, 25573)
(259, 114, 35983)
(259, 99, 2677)
(259, 45, 17265)
(259, 171, 30083)
(259, 104, 20079)
(259, 142, 37891)
(259, 92, 31780)
(259, 216, 50974)
(259, 81, 31145)
(259, 38, 798)
(259, 181, 9900)
(259, 217, 53928)
(259, 11, 16061)
(259, 62, 21527)
(259, 15, 1188)
(259, 126, 52929)
(259, 198, 40374)
(259, 166, 17253)
(259, 86, 12593)
(259, 201, 13515)
(259, 134, 26857)
(259, 161, 8346)
(259, 64, 19970)
(259, 66, 38122)
(259, 189, 42617)
(259, 91, 20796)
(259, 41, 15331)
(259, 195, 4690)
(259, 232, 21067)
(259, 123, 31241)
(259, 39, 44827)
(259, 214, 49773)
(259, 108, 42243)
(259, 226, 25215)
(259, 146, 7376)
(259, 4, 27945)
(259, 57, 2132)
(259, 19, 7193)
(259, 31, 54935)
(259, 75, 52443)
(259, 178, 28560)
(259, 187, 47307)
(259, 120, 24961)
(259, 236, 32021)
(259, 115, 34770)
(259, 132, 26885)
(259, 89, 48161)
(259, 148, 46409)
(259, 6, 13692)
(259, 88, 14602)
(259, 73, 1427)
(259, 76, 43966)
(259, 1, 51778)
(259, 54, 7180)
(259, 105, 55056)
(259, 153, 41270)
(259, 177, 14167)
(259, 135, 13176)
(259, 246, 32979)
(259, 144, 55143)
(259, 243, 46371)
(259, 21, 42190)
(259, 237, 20931)
(259, 193, 18154)
(259, 60, 17140)
(259, 238, 2125)
(259, 102, 48357)
(259, 174, 4427)
(259, 51, 18188)
(259, 103, 45767)
(259, 257, 144)
(259, 164, 20741)
(259, 118, 43429)
(259, 230, 3539)
(259, 72, 56778)
(259, 36, 26714)
(259, 8, 42083)
(259, 106, 22080)
(259, 218, 43760)
(259, 119, 57665)
(259, 186, 2059)
(259, 152, 9063)
(259, 159, 42871)
(259, 194, 24768)
(259, 30, 53154)
(259, 71, 38841)
(259, 125, 12106)
(259, 157, 21259)
(259, 9, 976)
(259, 192, 15722)
(259, 215, 10394)
(259, 74, 9142)
(259, 87, 50224)
(259, 248, 29107)
(259, 80, 41550)
(259, 191, 13677)
(259, 211, 44929)
(259, 67, 43860)
(259, 90, 7897)
(259, 167, 57363)
(259, 150, 22491)
(259, 251, 11539)
(259, 175, 40230)
(259, 44, 27979)
(259, 155, 12583)
(259, 113, 3147)
(259, 202, 8521)
(259, 50, 54188)
(259, 112, 460)
(259, 258, 45849)
(259, 219, 16777)
(259, 65, 21390)
(259, 141, 38829)
(259, 233, 11536)
(259, 28, 50297)
(259, 143, 14365)
(259, 160, 22744)
(259, 79, 7412)
(259, 56, 3262)
(259, 10, 16172)
(259, 84, 7825)
(259, 55, 22665)
(260, 18, 53798)
(260, 56, 26040)
(260, 224, 56798)
(260, 67, 487)
(260, 32, 26674)
(260, 211, 51483)
(260, 182, 1965)
(260, 92, 7894)
(260, 185, 20171)
(260, 116, 12915)
(260, 239, 45790)
(260, 80, 20674)
(260, 196, 34855)
(260, 198, 39876)
(260, 102, 28718)
(260, 131, 44331)
(260, 63, 46018)
(260, 9, 13157)
(260, 175, 16413)
(260, 123, 49937)
(260, 60, 38291)
(260, 191, 1952)
(260, 170, 38257)
(260, 146, 57420)
(260, 7, 35025)
(260, 140, 5414)
(260, 12, 33195)
(260, 155, 16326)
(260, 235, 22533)
(260, 144, 38025)
(260, 20, 39110)
(260, 104, 32431)
(260, 110, 26387)
(260, 129, 35876)
(260, 3, 1282)
(260, 232, 32890)
(260, 178, 4311)
(260, 147, 26413)
(260, 118, 2093)
(260, 75, 36454)
(260, 160, 12018)
(260, 5, 33895)
(260, 162, 46305)
(260, 36, 17561)
(260, 212, 41232)
(260, 203, 7478)
(260, 30, 28034)
(260, 100, 16359)
(260, 87, 52289)
(260, 26, 9749)
(260, 47, 38262)
(260, 34, 47564)
(260, 55, 32740)
(260, 42, 21896)
(260, 111, 37974)
(260, 114, 16311)
(260, 33, 18625)
(260, 151, 48958)
(260, 125, 37004)
(260, 219, 28286)
(260, 241, 44643)
(260, 121, 57959)
(261, 226, 51290)
(261, 189, 51278)
(261, 234, 5219)
(261, 97, 27378)
(261, 210, 41600)
(261, 196, 31274)
(261, 221, 52394)
(261, 200, 36513)
(261, 132, 35094)
(261, 182, 40885)
(261, 35, 51649)
(261, 153, 49690)
(261, 108, 34323)
(261, 71, 23941)
(261, 126, 48623)
(261, 111, 2246)
(261, 252, 56047)
(261, 236, 27837)
(261, 201, 40547)
(261, 244, 52818)
(261, 130, 45369)
(261, 69, 39492)
(261, 172, 52852)
(261, 217, 28867)
(261, 124, 22341)
(261, 52, 8152)
(261, 151, 24948)
(261, 178, 45197)
(261, 183, 54526)
(261, 32, 27146)
(261, 95, 23032)
(261, 88, 52292)
(261, 101, 22286)
(261, 229, 24460)
(261, 249, 21415)
(261, 166, 14668)
(261, 68, 27120)
(261, 37, 6857)
(261, 21, 29084)
(261, 65, 57622)
(261, 133, 50217)
(261, 228, 39128)
(261, 67, 54721)
(261, 248, 1747)
(261, 255, 52005)
(261, 102, 1957)
(261, 216, 28714)
(261, 26, 54143)
(261, 127, 2815)
(261, 251, 48455)
(261, 173, 37702)
(261, 259, 7761)
(261, 109, 41933)
(261, 209, 41224)
(261, 45, 30216)
(261, 213, 52561)
(261, 199, 17474)
(261, 250, 51023)
(261, 225, 44530)
(261, 103, 1475)
(261, 91, 19212)
(261, 43, 8607)
(261, 180, 39220)
(261, 131, 58085)
(261, 9, 8306)
(261, 179, 11461)
(261, 74, 2802)
(261, 110, 27570)
(261, 147, 18672)
(261, 112, 28021)
(261, 145, 19487)
(261, 86, 33625)
(261, 247, 6429)
(261, 193, 29805)
(261, 175, 38864)
(261, 159, 24462)
(261, 113, 3653)
(261, 139, 46337)
(261, 202, 37378)
(261, 212, 7766)
(261, 42, 41148)
(261, 146, 7374)
(261, 150, 33327)
(261, 20, 57709)
(261, 70, 7833)
(261, 39, 15904)
(261, 142, 21044)
(261, 92, 44382)
(261, 206, 40976)
(261, 11, 7489)
(261, 128, 32487)
(261, 207, 12171)
(261, 78, 50248)
(261, 134, 17882)
(261, 223, 27128)
(261, 6, 43682)
(261, 49, 33841)
(261, 191, 46290)
(261, 48, 54342)
(261, 10, 20121)
(261, 203, 16904)
(261, 194, 56543)
(261, 144, 35027)
(261, 219, 4084)
(261, 137, 41653)
(261, 33, 18839)
(261, 63, 49798)
(261, 53, 31180)
(261, 171, 19447)
(261, 38, 43465)
(261, 141, 8754)
(261, 239, 16041)
(261, 66, 18375)
(261, 205, 22800)
(261, 50, 22811)
(261, 257, 51501)
(261, 105, 53046)
(261, 129, 29808)
(261, 222, 41577)
(261, 1, 15151)
(261, 185, 47430)
(261, 157, 25258)
(261, 76, 44566)
(261, 190, 16922)
(261, 174, 53346)
(261, 77, 32393)
(261, 160, 56091)
(261, 114, 22558)
(261, 104, 27196)
(261, 107, 36882)
(261, 254, 39422)
(261, 195, 36469)
(261, 120, 54101)
(261, 118, 2364)
(261, 220, 19971)
(261, 73, 57874)
(261, 96, 4605)
(262, 75, 3985)
(262, 101, 25362)
(262, 256, 12087)
(262, 128, 18911)
(262, 164, 5739)
(262, 70, 47057)
(262, 59, 55798)
(262, 201, 38086)
(262, 1, 30024)
(262, 213, 57170)
(262, 77, 54509)
(262, 85, 11673)
(262, 78, 28667)
(262, 6, 9624)
(262, 207, 56811)
(262, 160, 17091)
(262, 27, 27430)
(262, 8, 46242)
(262, 53, 53803)
(262, 212, 18527)
(262, 243, 8571)
(262, 159, 30534)
(262, 113, 12235)
(262, 48, 32808)
(262, 34, 272)
(262, 187, 40848)
(262, 251, 54325)
(262, 133, 12971)
(262, 152, 44310)
(262, 249, 22649)
(262, 156, 550)
(262, 229, 23951)
(262, 93, 5880)
(262, 206, 18729)
(262, 51, 34263)
(262, 239, 57653)
(262, 55, 6470)
(262, 151, 49415)
(262, 117, 57107)
(262, 60, 1931)
(262, 89, 247)
(262, 30, 53213)
(262, 196, 23060)
(262, 130, 54834)
(262, 143, 10940)
(262, 216, 46218)
(262, 110, 31001)
(262, 64, 28933)
(262, 147, 6445)
(262, 235, 27634)
(262, 134, 47378)
(262, 19, 29851)
(262, 220, 33265)
(262, 169, 6439)
(262, 12, 11767)
(262, 4, 10742)
(262, 91, 3916)
(262, 234, 24760)
(262, 144, 43532)
(262, 0, 44184)
(262, 221, 31206)
(262, 96, 41915)
(262, 237, 45098)
(262, 157, 29130)
(262, 161, 31952)
(262, 100, 8317)
(262, 109, 18363)
(262, 25, 6339)
(262, 248, 10891)
(262, 81, 43839)
(262, 168, 5208)
(262, 250, 32211)
(262, 123, 43813)
(262, 246, 14592)
(262, 179, 48690)
(262, 199, 31387)
(262, 257, 6652)
(262, 223, 31531)
(262, 43, 35858)
(262, 190, 45283)
(262, 62, 28502)
(262, 28, 51937)
(262, 141, 23551)
(262, 241, 3223)
(262, 23, 15037)
(262, 119, 56984)
(262, 36, 32452)
(262, 132, 21187)
(262, 105, 25718)
(262, 106, 20029)
(262, 11, 44519)
(262, 154, 5475)
(262, 226, 19352)
(262, 68, 42104)
(262, 40, 30098)
(262, 32, 57098)
(262, 231, 27982)
(262, 171, 19993)
(262, 252, 54848)
(262, 112, 39548)
(262, 180, 5245)
(262, 211, 47681)
(262, 175, 23792)
(262, 122, 46014)
(262, 35, 33358)
(262, 26, 21180)
(262, 225, 1839)
(262, 54, 1089)
(262, 208, 20006)
(262, 92, 28877)
(262, 99, 17922)
(262, 233, 28181)
(262, 47, 29629)
(262, 79, 38697)
(262, 65, 4788)
(263, 11, 13338)
(263, 228, 28284)
(263, 156, 4008)
(263, 12, 26490)
(263, 226, 54790)
(263, 207, 57518)
(263, 189, 47639)
(263, 74, 33991)
(263, 133, 37156)
(263, 81, 30020)
(263, 220, 14169)
(263, 238, 34639)
(263, 70, 6)
(263, 153, 49820)
(263, 211, 7556)
(263, 143, 51827)
(263, 13, 44457)
(263, 218, 44658)
(263, 2, 50592)
(263, 179, 5737)
(263, 199, 24888)
(263, 43, 28402)
(263, 221, 54239)
(263, 145, 20753)
(263, 186, 39941)
(263, 183, 57383)
(263, 194, 2963)
(263, 33, 3900)
(263, 163, 35613)
(263, 62, 44403)
(263, 42, 26354)
(263, 192, 14417)
(263, 60, 40249)
(263, 250, 50531)
(263, 202, 23451)
(263, 25, 56253)
(263, 208, 16389)
(263, 173, 12423)
(263, 180, 23806)
(263, 52, 27822)
(263, 67, 21666)
(263, 231, 25415)
(263, 115, 26063)
(263, 258, 3419)
(263, 26, 47956)
(263, 242, 38726)
(263, 141, 40024)
(263, 16, 29737)
(263, 95, 9056)
(263, 155, 40298)
(263, 40, 31391)
(263, 103, 25159)
(263, 15, 8121)
(263, 262, 12287)
(263, 144, 56519)
(263, 154, 54024)
(263, 76, 53645)
(263, 3, 66)
(263, 121, 14117)
(263, 178, 57318)
(263, 49, 4558)
(263, 182, 32191)
(263, 169, 10565)
(263, 32, 11617)
(263, 61, 24876)
(263, 93, 10329)
(263, 126, 38508)
(263, 14, 30426)
(263, 150, 14792)
(263, 100, 56529)
(263, 80, 43037)
(263, 39, 9781)
(263, 111, 53559)
(263, 146, 47233)
(263, 21, 29424)
(263, 224, 50113)
(263, 69, 41462)
(263, 102, 8098)
(263, 48, 13624)
(263, 45, 7115)
(263, 160, 36520)
(263, 79, 31200)
(263, 157, 56760)
(263, 28, 12396)
(263, 252, 4757)
(263, 19, 9185)
(263, 244, 55176)
(263, 91, 29528)
(263, 36, 58011)
(263, 106, 34017)
(263, 29, 55001)
(263, 135, 37782)
(263, 248, 34688)
(263, 148, 47065)
(263, 240, 37955)
(263, 188, 14108)
(263, 140, 18339)
(263, 170, 25338)
(263, 1, 26115)
(263, 94, 44746)
(263, 185, 28723)
(263, 24, 5904)
(263, 139, 23775)
(263, 117, 18243)
(263, 108, 34051)
(263, 109, 6510)
(263, 47, 53655)
(263, 151, 35416)
(263, 37, 33811)
(263, 255, 51264)
(263, 120, 2604)
(263, 251, 14000)
(263, 142, 35205)
(263, 162, 50711)
(263, 234, 48817)
(263, 222, 12921)
(263, 9, 41636)
(263, 125, 25460)
(263, 158, 10325)
(263, 165, 29815)
(263, 123, 48883)
(263, 53, 29515)
(263, 118, 8084)
(263, 213, 13007)
(263, 217, 5601)
(263, 198, 50274)
(263, 112, 14825)
(263, 89, 31505)
(263, 249, 54578)
(263, 56, 35812)
(263, 132, 34205)
(263, 214, 42416)
(263, 85, 52877)
(263, 51, 56455)
(263, 197, 41612)
(263, 46, 9015)
(263, 171, 21242)
(263, 57, 45306)
(263, 44, 50927)
(263, 97, 27053)
(263, 31, 27309)
(263, 256, 14906)
(263, 0, 45812)
(263, 260, 3069)
(263, 201, 17444)
(263, 219, 17468)
(263, 230, 15462)
(263, 257, 41407)
(263, 128, 2281)
(263, 18, 29658)
(263, 195, 9494)
(263, 59, 35279)
(263, 216, 42488)
(263, 50, 5951)
(263, 261, 38014)
(263, 101, 27573)
(263, 233, 14877)
(263, 75, 28063)
(263, 175, 21888)
(263, 212, 56502)
(263, 190, 38686)
(263, 225, 5392)
(263, 184, 33474)
(263, 34, 26649)
(263, 174, 41246)
(263, 92, 40709)
(263, 239, 56528)
(263, 227, 46860)
(263, 71, 27185)
(263, 130, 48739)
(263, 65, 26938)
(263, 232, 31349)
(263, 8, 53351)
(263, 149, 16621)
(263, 136, 57889)
(263, 27, 38636)
(263, 38, 48776)
(263, 159, 44759)
(263, 138, 4703)
(263, 131, 53218)
(263, 63, 15275)
(263, 107, 21243)
(263, 72, 34813)
(263, 168, 52679)
(263, 87, 51454)
(263, 20, 35518)
(263, 77, 6736)
(263, 246, 7132)
(263, 90, 7235)
(263, 243, 52031)
(263, 17, 7070)
(263, 64, 44236)
(263, 124, 28497)
(263, 253, 47193)
(264, 122, 19721)
(264, 213, 33926)
(264, 107, 35775)
(264, 82, 8013)
(264, 146, 5872)
(264, 64, 49537)
(264, 263, 168)
(264, 201, 1373)
(264, 99, 5591)
(264, 181, 24763)
(264, 198, 34407)
(264, 2, 34408)
(264, 14, 38862)
(264, 210, 19416)
(264, 204, 31779)
(264, 53, 45502)
(264, 42, 15383)
(264, 0, 1206)
(264, 223, 22264)
(264, 1, 51179)
(264, 62, 12496)
(264, 3, 26970)
(264, 262, 27418)
(264, 71, 25114)
(264, 228, 5039)
(264, 83, 25068)
(264, 28, 12562)
(264, 240, 30214)
(264, 197, 29458)
(264, 25, 30164)
(264, 44, 30007)
(264, 59, 56287)
(264, 15, 50243)
(264, 166, 1467)
(264, 183, 23013)
(264, 12, 19434)
(264, 54, 5126)
(264, 46, 35270)
(264, 17, 22844)
(264, 248, 42148)
(264, 251, 52653)
(264, 193, 31329)
(264, 48, 30071)
(264, 186, 26776)
(264, 235, 53754)
(264, 175, 57423)
(264, 92, 57081)
(264, 8, 14920)
(264, 241, 54179)
(264, 242, 52128)
(264, 32, 37752)
(264, 116, 56645)
(264, 111, 54327)
(264, 105, 19591)
(264, 29, 19124)
(264, 246, 23876)
(264, 159, 57421)
(264, 236, 22708)
(264, 178, 56144)
(264, 206, 51895)
(264, 63, 51702)
(264, 90, 11424)
(264, 128, 54387)
(264, 47, 38348)
(264, 144, 36835)
(264, 243, 52255)
(264, 153, 51807)
(264, 91, 40046)
(264, 190, 34436)
(264, 37, 55859)
(264, 165, 48968)
(264, 255, 40132)
(264, 86, 37874)
(264, 115, 12067)
(264, 56, 37088)
(264, 229, 640)
(264, 129, 7348)
(264, 232, 35351)
(264, 61, 42033)
(264, 162, 51413)
(264, 123, 28869)
(264, 195, 16558)
(264, 24, 22899)
(265, 120, 35802)
(265, 58, 47743)
(265, 54, 40000)
(265, 46, 16633)
(265, 232, 34884)
(265, 130, 13895)
(265, 57, 31215)
(265, 251, 41777)
(265, 11, 26476)
(265, 123, 56736)
(265, 122, 30103)
(265, 148, 20476)
(265, 56, 17035)
(265, 221, 50050)
(265, 128, 22818)
(265, 109, 56184)
(265, 70, 53881)
(265, 264, 57951)
(265, 194, 28386)
(265, 71, 54071)
(265, 177, 13771)
(265, 229, 11522)
(265, 0, 30136)
(265, 190, 5584)
(265, 142, 47177)
(265, 126, 1458)
(265, 181, 11342)
(265, 240, 33075)
(265, 89, 18526)
(265, 173, 42655)
(265, 51, 11927)
(265, 1, 33129)
(265, 192, 3608)
(265, 166, 50151)
(265, 31, 42568)
(265, 202, 19014)
(265, 63, 45623)
(265, 230, 24517)
(265, 224, 12869)
(265, 238, 52408)
(265, 262, 27023)
(265, 7, 31116)
(265, 138, 8519)
(265, 218, 38280)
(265, 134, 51552)
(265, 150, 13341)
(265, 215, 9754)
(265, 154, 1154)
(265, 73, 2089)
(265, 231, 37137)
(265, 5, 32770)
(265, 108, 12094)
(265, 161, 45584)
(265, 159, 43082)
(265, 263, 39689)
(265, 110, 25126)
(265, 107, 19515)
(265, 25, 47350)
(265, 88, 16197)
(265, 80, 15873)
(265, 8, 30171)
(265, 94, 5698)
(265, 187, 20086)
(265, 234, 31090)
(265, 206, 43538)
(265, 143, 31707)
(265, 91, 42330)
(265, 172, 5557)
(265, 261, 3188)
(265, 151, 38967)
(265, 241, 47448)
(265, 93, 6453)
(265, 196, 29874)
(265, 199, 22706)
(265, 222, 52071)
(265, 2, 5928)
(265, 176, 43206)
(265, 96, 29622)
(265, 20, 6011)
(265, 105, 21590)
(265, 162, 8036)
(265, 184, 11344)
(265, 44, 49207)
(265, 129, 18040)
(265, 201, 1615)
(265, 106, 5091)
(265, 90, 32943)
(265, 156, 46936)
(265, 24, 15557)
(265, 255, 40187)
(265, 219, 17798)
(265, 27, 11437)
(265, 38, 55912)
(265, 118, 11591)
(265, 135, 1253)
(265, 55, 2474)
(265, 239, 30736)
(265, 16, 9270)
(265, 117, 25336)
(265, 211, 51960)
(265, 236, 51162)
(265, 49, 3766)
(265, 180, 24529)
(265, 212, 1764)
(265, 244, 54889)
(265, 26, 5224)
(265, 168, 17917)
(265, 183, 54034)
(265, 169, 206)
(265, 40, 5722)
(265, 193, 27882)
(265, 127, 52971)
(265, 68, 47876)
(265, 250, 57892)
(265, 65, 30380)
(265, 155, 27638)
(265, 21, 1604)
(265, 235, 52993)
(265, 145, 22433)
(265, 258, 43828)
(265, 95, 50908)
(265, 47, 36571)
(265, 253, 1145)
(265, 42, 38420)
(265, 23, 49456)
(265, 86, 14355)
(265, 6, 34308)
(265, 28, 51070)
(265, 67, 7827)
(265, 144, 32597)
(265, 92, 56712)
(265, 9, 15438)
(265, 52, 40677)
(265, 60, 42628)
(265, 22, 28317)
(265, 213, 42334)
(265, 114, 1312)
(265, 179, 20676)
(266, 21, 52223)
(266, 95, 5549)
(266, 96, 4833)
(266, 44, 17509)
(266, 106, 9834)
(266, 183, 26848)
(266, 22, 4142)
(266, 83, 27874)
(266, 82, 35391)
(266, 119, 53816)
(266, 180, 20860)
(266, 233, 45015)
(266, 107, 13337)
(266, 225, 11723)
(266, 240, 3257)
(266, 163, 47741)
(266, 140, 26555)
(266, 241, 16122)
(266, 42, 6966)
(266, 139, 2003)
(266, 137, 20783)
(266, 40, 7590)
(266, 200, 51242)
(266, 197, 47620)
(266, 262, 5460)
(266, 236, 14066)
(266, 230, 20372)
(266, 173, 1890)
(266, 71, 46055)
(266, 3, 8849)
(266, 166, 37342)
(266, 168, 3527)
(266, 51, 5766)
(266, 105, 38533)
(266, 98, 9241)
(266, 184, 9710)
(266, 32, 22610)
(266, 181, 49444)
(266, 257, 24494)
(266, 110, 642)
(266, 264, 29804)
(266, 209, 45353)
(266, 6, 15294)
(266, 67, 3637)
(266, 132, 34049)
(266, 130, 52301)
(266, 151, 27033)
(266, 235, 12338)
(266, 216, 31862)
(266, 176, 26932)
(266, 227, 41630)
(266, 208, 34632)
(266, 185, 7937)
(266, 260, 36739)
(266, 90, 22609)
(266, 11, 52061)
(266, 136, 39186)
(266, 104, 25832)
(266, 164, 20571)
(266, 156, 2357)
(266, 182, 1343)
(266, 66, 39874)
(266, 78, 161)
(266, 24, 3817)
(266, 192, 35291)
(266, 93, 48771)
(266, 128, 8980)
(266, 57, 53496)
(266, 196, 44988)
(266, 161, 20516)
(266, 201, 31235)
(266, 206, 46899)
(266, 74, 56593)
(266, 59, 20280)
(266, 99, 29523)
(266, 259, 48764)
(266, 61, 45248)
(266, 220, 56909)
(266, 13, 6835)
(266, 64, 35918)
(266, 116, 35923)
(266, 79, 2696)
(266, 152, 34119)
(266, 261, 19704)
(266, 255, 23614)
(266, 218, 8073)
(266, 50, 22300)
(266, 256, 46652)
(266, 35, 45068)
(266, 148, 37717)
(266, 238, 53069)
(266, 123, 38165)
(266, 159, 19382)
(266, 62, 45590)
(266, 219, 20017)
(266, 100, 30240)
(266, 141, 45935)
(266, 221, 52733)
(266, 138, 43937)
(266, 122, 40266)
(266, 89, 48632)
(266, 97, 19086)
(266, 191, 51617)
(266, 80, 39684)
(266, 20, 30206)
(266, 23, 39246)
(266, 127, 51197)
(266, 76, 1502)
(266, 118, 39014)
(266, 142, 57433)
(266, 245, 19282)
(266, 8, 44468)
(266, 232, 31582)
(266, 85, 22247)
(266, 172, 29890)
(266, 124, 12014)
(266, 217, 25629)
(266, 202, 43268)
(266, 54, 48196)
(266, 45, 45001)
(266, 4, 1780)
(266, 153, 24029)
(266, 223, 34315)
(266, 14, 57856)
(266, 237, 53253)
(266, 115, 35533)
(266, 109, 57789)
(266, 94, 5608)
(266, 26, 28693)
(266, 178, 18133)
(266, 211, 4570)
(266, 39, 57456)
(266, 179, 14737)
(266, 102, 51692)
(266, 210, 7936)
(266, 12, 22274)
(266, 131, 42758)
(266, 10, 50809)
(266, 244, 47989)
(266, 224, 32696)
(266, 189, 32810)
(266, 234, 44883)
(266, 205, 38211)
(266, 146, 45726)
(266, 18, 11535)
(266, 103, 52138)
(266, 43, 45633)
(266, 31, 29750)
(266, 265, 14348)
(266, 145, 10838)
(266, 170, 9036)
(266, 214, 23717)
(266, 165, 4883)
(266, 46, 3429)
(266, 81, 3341)
(266, 174, 9623)
(266, 253, 46410)
(266, 84, 51995)
(266, 263, 14245)
(266, 204, 23671)
(266, 188, 31431)
(266, 58, 14125)
(266, 53, 1037)
(266, 134, 37447)
(266, 150, 21103)
(266, 246, 4663)
(266, 213, 48069)
(266, 147, 28126)
(266, 70, 23533)
(266, 229, 8465)
(267, 169, 3260)
(267, 162, 55457)
(267, 9, 5869)
(267, 239, 48146)
(267, 193, 5868)
(267, 108, 52995)
(267, 42, 2845)
(267, 40, 17485)
(267, 41, 25583)
(267, 46, 34406)
(267, 245, 14206)
(267, 143, 55417)
(267, 24, 15916)
(267, 58, 45827)
(267, 56, 3552)
(267, 10, 31649)
(267, 28, 16184)
(267, 114, 42535)
(267, 209, 24376)
(267, 255, 16911)
(267, 8, 7491)
(267, 244, 19922)
(267, 11, 13229)
(267, 171, 20203)
(267, 21, 9299)
(267, 261, 37178)
(267, 85, 53663)
(267, 237, 27251)
(267, 107, 58136)
(267, 96, 2898)
(267, 207, 41844)
(267, 90, 55811)
(267, 147, 40440)
(267, 138, 42545)
(267, 248, 36746)
(267, 131, 24843)
(267, 54, 57629)
(267, 256, 56825)
(267, 242, 32322)
(267, 160, 45515)
(267, 129, 47083)
(267, 37, 21544)
(267, 106, 29551)
(267, 134, 22057)
(267, 27, 16303)
(267, 167, 53092)
(267, 53, 6197)
(267, 101, 51267)
(267, 259, 22039)
(267, 36, 37530)
(267, 38, 35787)
(267, 116, 40337)
(267, 184, 39559)
(267, 25, 55279)
(267, 148, 28359)
(267, 31, 17479)
(267, 47, 21576)
(267, 59, 11745)
(267, 89, 39733)
(267, 88, 36268)
(267, 16, 17864)
(267, 215, 9256)
(267, 17, 20179)
(267, 164, 50895)
(267, 32, 12557)
(267, 180, 45206)
(267, 238, 52742)
(267, 112, 34004)
(267, 156, 12289)
(267, 260, 45605)
(267, 34, 40134)
(267, 18, 39508)
(267, 80, 42929)
(267, 64, 56780)
(267, 158, 60)
(267, 157, 53040)
(267, 181, 33736)
(267, 199, 20039)
(267, 120, 54062)
(267, 49, 40058)
(267, 212, 22758)
(267, 60, 54241)
(267, 197, 27181)
(267, 122, 2331)
(267, 165, 38815)
(267, 35, 26812)
(267, 211, 31409)
(267, 263, 426)
(267, 104, 10638)
(267, 189, 12023)
(267, 166, 41896)
(267, 246, 27440)
(267, 179, 31204)
(267, 132, 52638)
(267, 84, 5636)
(267, 98, 8673)
(267, 182, 52398)
(267, 217, 53292)
(267, 149, 50498)
(267, 12, 46411)
(267, 2, 46819)
(267, 57, 44547)
(267, 4, 54058)
(267, 55, 40220)
(267, 136, 41677)
(267, 123, 43709)
(267, 233, 49859)
(267, 257, 20221)
(267, 258, 29766)
(267, 70, 3366)
(267, 77, 5603)
(267, 69, 55351)
(267, 110, 27733)
(267, 115, 48758)
(267, 206, 965)
(267, 121, 23918)
(267, 72, 54937)
(267, 29, 34496)
(267, 170, 55682)
(267, 87, 41163)
(267, 226, 51754)
(267, 61, 8951)
(267, 141, 24037)
(267, 266, 43576)
(267, 23, 46961)
(267, 7, 7284)
(267, 198, 22829)
(267, 97, 2777)
(267, 33, 35448)
(267, 76, 57533)
(267, 205, 40410)
(267, 1, 38869)
(267, 140, 5726)
(267, 83, 52118)
(267, 264, 48129)
(267, 91, 5882)
(267, 100, 26173)
(267, 203, 50346)
(267, 74, 38961)
(267, 240, 58061)
(267, 191, 19776)
(267, 200, 47819)
(267, 39, 30872)
(267, 241, 4591)
(267, 159, 27863)
(267, 234, 27895)
(267, 154, 54369)
(267, 194, 53589)
(267, 176, 26578)
(267, 6, 53247)
(267, 105, 23753)
(267, 125, 48944)
(267, 190, 8150)
(267, 78, 11668)
(267, 3, 17739)
(267, 196, 6361)
(267, 65, 29575)
(267, 178, 3400)
(267, 214, 23714)
(267, 62, 13650)
(267, 128, 16214)
(267, 172, 51954)
(267, 204, 8195)
(267, 223, 34334)
(267, 127, 14374)
(267, 227, 48119)
(267, 26, 50958)
(267, 221, 25993)
(267, 30, 7445)
(267, 139, 13815)
(267, 145, 34456)
(267, 249, 1748)
(267, 177, 6387)
(267, 20, 40079)
(267, 185, 40272)
(267, 117, 5713)
(267, 230, 52985)
(267, 50, 19208)
(267, 133, 1669)
(267, 187, 56264)
(267, 68, 38706)
(267, 99, 50835)
(267, 153, 2440)
(267, 94, 43107)
(267, 175, 31788)
(267, 252, 52385)
(267, 222, 30213)
(267, 251, 41611)
(267, 201, 26738)
(267, 103, 22721)
(267, 92, 52854)
(267, 213, 7203)
(267, 210, 47624)
(267, 208, 3309)
(267, 63, 12696)
(267, 188, 16398)
(267, 236, 12360)
(267, 52, 39007)
(267, 232, 31053)
(267, 202, 8291)
(267, 220, 42293)
(267, 155, 9981)
(267, 86, 44876)
(267, 81, 52563)
(267, 126, 54097)
(267, 253, 15009)
(267, 163, 25256)
(267, 102, 14961)
(267, 45, 44467)
(267, 19, 55169)
(267, 79, 26130)
(267, 67, 8256)
(267, 144, 54402)
(267, 124, 28661)
(267, 192, 46610)
(267, 174, 3959)
(267, 229, 4632)
(267, 142, 26877)
(267, 243, 53043)
(267, 51, 24123)
(267, 137, 7789)
(267, 95, 32237)
(267, 218, 48622)
(267, 119, 18689)
(267, 44, 42961)
(267, 150, 49229)
(267, 93, 22396)
(267, 111, 9549)
(267, 161, 29274)
(267, 43, 18962)
(267, 250, 53231)
(267, 225, 8450)
(267, 73, 18250)
(267, 183, 16614)
(267, 247, 44537)
(267, 195, 32387)
(267, 109, 1257)
(267, 228, 19567)
(267, 66, 15284)
(267, 71, 41134)
(267, 216, 35478)
(267, 14, 29883)
(267, 13, 20904)
(267, 151, 55800)
(267, 262, 52153)
(267, 15, 7906)
(268, 149, 12350)
(268, 207, 44084)
(268, 220, 17906)
(268, 45, 48223)
(268, 197, 3977)
(268, 58, 31787)
(268, 82, 45534)
(268, 114, 51069)
(268, 214, 40341)
(268, 29, 17958)
(268, 16, 30784)
(268, 85, 49561)
(268, 155, 35515)
(268, 252, 20154)
(268, 176, 23565)
(268, 254, 56725)
(268, 119, 15632)
(268, 3, 50550)
(268, 94, 32964)
(268, 121, 8129)
(268, 228, 52691)
(268, 18, 8801)
(268, 148, 38605)
(268, 31, 10128)
(268, 76, 56343)
(268, 188, 43104)
(268, 120, 907)
(268, 186, 33432)
(268, 80, 57687)
(268, 243, 35327)
(268, 20, 40498)
(268, 87, 50312)
(268, 187, 55810)
(268, 137, 20701)
(268, 135, 22431)
(268, 64, 54095)
(268, 245, 6696)
(268, 152, 14208)
(268, 54, 23893)
(268, 96, 5464)
(268, 202, 50735)
(268, 109, 34648)
(268, 167, 32037)
(268, 232, 20394)
(268, 100, 21521)
(268, 46, 57742)
(268, 169, 28430)
(268, 217, 14369)
(268, 156, 5703)
(268, 158, 51443)
(268, 132, 37193)
(268, 138, 55034)
(268, 106, 39115)
(268, 11, 46080)
(268, 136, 10412)
(268, 44, 26391)
(268, 22, 34831)
(268, 179, 46926)
(268, 107, 12327)
(268, 239, 7051)
(268, 255, 7186)
(268, 242, 10322)
(268, 165, 10062)
(268, 170, 21773)
(268, 37, 6053)
(268, 71, 2114)
(268, 56, 22388)
(268, 43, 44080)
(268, 74, 47720)
(268, 126, 44418)
(268, 47, 20850)
(268, 250, 57388)
(268, 84, 24247)
(268, 77, 16235)
(268, 98, 29493)
(268, 27, 51716)
(268, 185, 25738)
(268, 203, 48166)
(268, 147, 19560)
(268, 140, 141)
(268, 221, 42022)
(268, 206, 8421)
(268, 97, 12964)
(268, 194, 18213)
(268, 212, 56941)
(268, 95, 1389)
(268, 216, 15116)
(268, 36, 32243)
(268, 26, 44849)
(268, 143, 19456)
(268, 144, 53225)
(268, 192, 22025)
(268, 41, 4291)
(268, 23, 52655)
(268, 113, 53517)
(268, 211, 40077)
(268, 14, 23042)
(268, 52, 39329)
(268, 213, 37726)
(268, 189, 52964)
(268, 258, 36718)
(268, 123, 55401)
(268, 266, 49278)
(268, 40, 36075)
(268, 32, 56268)
(268, 142, 37000)
(268, 25, 41325)
(268, 104, 6772)
(268, 230, 42789)
(268, 223, 9523)
(268, 154, 7826)
(268, 118, 26295)
(268, 81, 12551)
(268, 68, 4220)
(268, 236, 12770)
(268, 139, 9898)
(268, 153, 56621)
(268, 133, 56642)
(268, 231, 8926)
(268, 66, 47931)
(268, 247, 14414)
(268, 204, 46698)
(268, 260, 37925)
(268, 249, 39971)
(268, 253, 38891)
(268, 108, 237)
(268, 89, 9527)
(268, 265, 28333)
(268, 124, 54574)
(268, 90, 50461)
(268, 111, 3504)
(268, 115, 20447)
(268, 92, 25457)
(268, 88, 41678)
(268, 193, 49238)
(268, 196, 18358)
(268, 8, 50901)
(268, 209, 29119)
(268, 128, 16205)
(268, 61, 5260)
(268, 264, 38823)
(268, 159, 16526)
(268, 50, 15183)
(268, 122, 29447)
(268, 235, 37544)
(268, 101, 7050)
(268, 257, 2100)
(268, 190, 46975)
(268, 238, 56815)
(268, 240, 50144)
(268, 4, 8494)
(268, 73, 48672)
(268, 75, 25116)
(268, 57, 49720)
(268, 42, 16983)
(268, 183, 15807)
(268, 0, 3110)
(268, 171, 23391)
(268, 218, 12754)
(268, 28, 9831)
(268, 191, 21383)
(268, 177, 6462)
(268, 9, 43496)
(268, 267, 3535)
(268, 261, 56143)
(268, 162, 38442)
(268, 38, 50167)
(268, 69, 54295)
(268, 127, 43451)
(268, 219, 40979)
(268, 112, 7775)
(268, 7, 46387)
(268, 5, 13328)
(268, 259, 46752)
(268, 39, 35306)
(268, 178, 21616)
(268, 13, 53113)
(268, 48, 53596)
(268, 224, 42049)
(268, 91, 21905)
(268, 150, 51611)
(268, 65, 12689)
(268, 21, 12780)
(268, 19, 15338)
(268, 79, 25751)
(268, 146, 15745)
(268, 182, 43446)
(268, 116, 11324)
(268, 10, 12004)
(268, 83, 31147)
(268, 145, 55918)
(268, 198, 29821)
(268, 229, 43)
(268, 256, 38602)
(268, 248, 1986)
(268, 234, 15777)
(268, 30, 10630)
(268, 163, 28995)
(268, 49, 52483)
(268, 208, 57090)
(268, 184, 17098)
(268, 63, 25552)
(268, 67, 32236)
(268, 93, 28796)
(268, 151, 37136)
(268, 175, 37637)
(268, 222, 38219)
(268, 70, 31287)
(268, 72, 14186)
(268, 35, 29191)
(268, 51, 36123)
(268, 33, 38384)
(268, 174, 30548)
(268, 200, 11799)
(268, 227, 19670)
(268, 105, 2731)
(268, 173, 48456)
(268, 130, 57061)
(268, 24, 11057)
(268, 134, 20611)
(268, 199, 44523)
(268, 62, 52267)
(268, 53, 14582)
(268, 251, 45549)
(268, 141, 48549)
(268, 117, 22312)
(268, 201, 31985)
(268, 86, 14288)
(268, 55, 18700)
(268, 180, 54643)
(268, 164, 24495)
(268, 205, 4457)
(268, 225, 48783)
(268, 59, 30405)
(268, 103, 17365)
(268, 215, 54488)
(268, 195, 13121)
(268, 168, 8527)
(268, 34, 41315)
(268, 17, 10111)
(268, 78, 5313)
(268, 60, 19452)
(268, 262, 39749)
(268, 166, 28077)
(268, 2, 40082)
(268, 131, 57075)
(268, 129, 2029)
(268, 99, 11390)
(268, 246, 29707)
(268, 15, 21037)
(268, 244, 51348)
(268, 6, 33933)
(268, 157, 5629)
(268, 233, 54951)
(268, 1, 42984)
(268, 241, 19562)
(268, 263, 43410)
(269, 82, 40417)
(269, 101, 37067)
(269, 229, 28151)
(269, 26, 32290)
(269, 54, 33242)
(269, 151, 49693)
(269, 100, 53893)
(269, 130, 39789)
(269, 123, 19518)
(269, 166, 18959)
(269, 206, 57673)
(269, 181, 30351)
(269, 265, 55862)
(269, 253, 13598)
(269, 163, 23117)
(269, 47, 27366)
(270, 109, 34344)
(270, 164, 32572)
(270, 137, 23262)
(270, 128, 2123)
(270, 147, 6705)
(270, 34, 52441)
(270, 244, 34860)
(270, 77, 29225)
(270, 255, 10357)
(270, 79, 16404)
(270, 200, 40087)
(270, 96, 21843)
(270, 88, 33627)
(270, 187, 27604)
(270, 101, 7589)
(270, 41, 16046)
(270, 7, 13340)
(270, 228, 37887)
(270, 136, 48225)
(270, 6, 15575)
(270, 130, 35935)
(270, 263, 4822)
(270, 195, 37304)
(270, 32, 29781)
(270, 220, 34559)
(270, 13, 15306)
(270, 89, 34396)
(270, 248, 16333)
(270, 81, 55470)
(270, 29, 46607)
(270, 103, 55023)
(270, 84, 33468)
(270, 232, 1982)
(270, 117, 55362)
(270, 262, 55934)
(270, 118, 47060)
(270, 75, 9115)
(270, 171, 646)
(270, 213, 22716)
(270, 201, 29243)
(270, 56, 28420)
(270, 123, 41445)
(270, 78, 51982)
(270, 107, 34046)
(270, 266, 49717)
(270, 140, 13480)
(270, 205, 29262)
(270, 192, 23046)
(270, 66, 23190)
(270, 211, 1732)
(270, 8, 24102)
(270, 179, 7911)
(270, 231, 13989)
(270, 183, 39988)
(270, 27, 451)
(270, 54, 28311)
(270, 172, 49172)
(270, 58, 38764)
(270, 191, 9591)
(270, 93, 24924)
(270, 68, 15760)
(270, 9, 23053)
(270, 46, 18089)
(270, 190, 53742)
(270, 161, 52697)
(270, 251, 8778)
(271, 184, 52095)
(271, 221, 4913)
(271, 196, 32325)
(271, 64, 42109)
(271, 22, 41701)
(271, 245, 52953)
(271, 127, 49689)
(271, 119, 56266)
(271, 257, 39133)
(271, 164, 49486)
(271, 43, 53605)
(271, 197, 27245)
(271, 214, 48171)
(271, 67, 49107)
(271, 202, 40433)
(271, 121, 2547)
(271, 95, 3545)
(271, 56, 29539)
(271, 92, 19511)
(271, 55, 30596)
(271, 116, 11137)
(271, 246, 42743)
(271, 256, 42969)
(271, 53, 33755)
(271, 23, 516)
(271, 248, 46324)
(271, 215, 5916)
(271, 174, 11125)
(271, 31, 47016)
(271, 172, 7690)
(271, 143, 47926)
(271, 255, 23102)
(271, 251, 29469)
(271, 12, 47348)
(271, 206, 42663)
(271, 126, 9554)
(271, 260, 43366)
(271, 186, 6134)
(271, 142, 41621)
(271, 185, 53501)
(271, 217, 36391)
(271, 194, 4278)
(271, 179, 15578)
(271, 91, 22580)
(271, 135, 46663)
(271, 54, 25111)
(271, 216, 46903)
(271, 7, 43236)
(271, 28, 27752)
(271, 72, 18123)
(271, 207, 43026)
(271, 223, 8286)
(271, 111, 13894)
(271, 153, 7123)
(271, 270, 51976)
(271, 243, 6997)
(271, 0, 10973)
(271, 93, 31330)
(271, 261, 57896)
(271, 203, 40261)
(271, 233, 8731)
(271, 46, 19095)
(271, 137, 30086)
(271, 35, 25531)
(271, 165, 13292)
(271, 128, 19808)
(271, 114, 15347)
(271, 240, 42778)
(271, 11, 24013)
(271, 267, 3619)
(271, 211, 54638)
(271, 39, 46997)
(271, 182, 48151)
(271, 112, 51355)
(271, 176, 13780)
(271, 41, 54407)
(271, 59, 1340)
(271, 110, 56508)
(271, 259, 6994)
(271, 17, 54332)
(271, 247, 2927)
(271, 238, 39301)
(271, 269, 27025)
(271, 80, 3084)
(271, 140, 49215)
(271, 258, 34077)
(271, 25, 39801)
(271, 61, 35566)
(271, 199, 17984)
(271, 85, 36724)
(271, 178, 48477)
(271, 254, 47474)
(271, 210, 1064)
(271, 30, 33453)
(271, 195, 46279)
(271, 123, 22058)
(271, 77, 3945)
(271, 183, 47732)
(271, 32, 5716)
(271, 37, 56530)
(271, 13, 41083)
(271, 97, 34144)
(271, 212, 10366)
(271, 201, 38116)
(271, 65, 48668)
(271, 104, 41720)
(271, 117, 6200)
(271, 76, 19174)
(271, 21, 31253)
(271, 74, 10780)
(271, 170, 13190)
(271, 48, 20536)
(271, 96, 22910)
(271, 154, 6867)
(271, 115, 8067)
(271, 145, 35902)
(271, 125, 2211)
(271, 103, 18198)
(271, 208, 48367)
(271, 136, 17692)
(271, 88, 1837)
(271, 175, 18048)
(271, 133, 28663)
(271, 47, 26923)
(271, 188, 36515)
(271, 44, 4720)
(271, 220, 4215)
(271, 235, 47943)
(271, 8, 3127)
(271, 209, 25132)
(271, 62, 35350)
(271, 161, 30410)
(271, 98, 40269)
(271, 219, 36281)
(271, 90, 1164)
(271, 14, 13309)
(271, 108, 50356)
(271, 227, 41900)
(271, 213, 34972)
(271, 237, 10590)
(271, 193, 19455)
(271, 129, 28570)
(271, 150, 51319)
(271, 149, 56718)
(271, 66, 23635)
(271, 262, 41059)
(271, 169, 27727)
(271, 50, 21461)
(271, 124, 50577)
(271, 51, 33544)
(271, 86, 1654)
(271, 5, 33695)
(271, 268, 32154)
(271, 2, 54945)
(271, 105, 5888)
(271, 160, 4685)
(271, 27, 22457)
(271, 191, 22981)
(271, 83, 39599)
(271, 218, 53562)
(271, 120, 42796)
(271, 107, 25793)
(271, 168, 46163)
(271, 252, 29619)
(271, 109, 11188)
(271, 100, 51295)
(271, 122, 19773)
(271, 70, 23810)
(271, 236, 34028)
(271, 16, 24852)
(271, 87, 26061)
(271, 33, 29444)
(271, 187, 40665)
(272, 56, 21200)
(272, 239, 6044)
(272, 152, 23438)
(272, 134, 38720)
(272, 107, 28997)
(272, 19, 54482)
(272, 248, 21070)
(272, 164, 31594)
(272, 28, 30052)
(272, 261, 19995)
(272, 169, 33417)
(272, 22, 6797)
(272, 55, 12604)
(272, 140, 57394)
(272, 109, 24340)
(272, 253, 34647)
(272, 220, 51590)
(272, 262, 11438)
(272, 129, 2722)
(272, 162, 35720)
(272, 24, 17542)
(272, 54, 56137)
(272, 82, 37415)
(272, 90, 26470)
(272, 254, 50210)
(272, 75, 28470)
(272, 4, 5764)
(272, 251, 47154)
(272, 192, 23014)
(272, 240, 51746)
(272, 15, 40618)
(272, 30, 57591)
(272, 108, 15915)
(272, 106, 24565)
(272, 245, 21651)
(272, 163, 12381)
(272, 237, 8079)
(272, 232, 37697)
(272, 238, 24181)
(272, 183, 37805)
(272, 33, 31016)
(272, 161, 26101)
(272, 124, 15832)
(272, 122, 20759)
(272, 263, 20958)
(272, 182, 52123)
(272, 72, 12871)
(272, 148, 7158)
(272, 218, 19016)
(272, 83, 48621)
(272, 99, 56333)
(272, 98, 11169)
(272, 67, 53570)
(272, 81, 9773)
(272, 79, 29530)
(272, 172, 4842)
(272, 94, 9194)
(272, 198, 51287)
(272, 62, 37852)
(272, 195, 8058)
(272, 135, 7120)
(272, 154, 10236)
(272, 116, 39643)
(272, 25, 57347)
(272, 37, 42574)
(272, 268, 57829)
(272, 221, 41308)
(272, 52, 47132)
(272, 176, 6260)
(272, 199, 30962)
(272, 31, 14841)
(272, 170, 17655)
(272, 208, 40766)
(272, 260, 47031)
(272, 88, 36360)
(272, 95, 37416)
(272, 91, 45552)
(272, 241, 17590)
(272, 222, 56501)
(272, 63, 46917)
(272, 123, 209)
(272, 265, 6388)
(272, 229, 16348)
(272, 11, 52294)
(272, 149, 53936)
(272, 264, 19512)
(272, 228, 49019)
(272, 8, 7850)
(272, 185, 57757)
(272, 145, 27890)
(272, 271, 48191)
(272, 166, 46739)
(272, 2, 16801)
(272, 250, 53792)
(272, 257, 12208)
(272, 13, 5724)
(272, 205, 18832)
(272, 39, 36070)
(272, 177, 9835)
(272, 175, 6508)
(272, 236, 16705)
(272, 144, 36432)
(272, 138, 32195)
(272, 233, 21458)
(272, 118, 48052)
(272, 45, 11793)
(272, 115, 45904)
(272, 85, 15972)
(272, 3, 55114)
(272, 114, 51021)
(272, 235, 692)
(272, 244, 1822)
(272, 97, 53833)
(272, 270, 28058)
(272, 137, 4980)
(272, 214, 29278)
(272, 159, 37732)
(272, 120, 27246)
(272, 227, 3201)
(272, 86, 57755)
(272, 9, 9489)
(272, 133, 26839)
(272, 119, 32567)
(272, 6, 10489)
(272, 189, 29779)
(272, 150, 47148)
(272, 211, 50941)
(272, 242, 50228)
(272, 231, 36776)
(272, 243, 7795)
(272, 139, 39903)
(272, 93, 34835)
(272, 125, 56385)
(272, 36, 23342)
(272, 70, 28287)
(272, 61, 37086)
(272, 35, 8397)
(272, 180, 18590)
(272, 168, 16387)
(272, 158, 35265)
(272, 246, 27104)
(272, 102, 3979)
(272, 43, 56536)
(272, 186, 23273)
(272, 68, 38634)
(272, 212, 17665)
(272, 215, 53728)
(272, 194, 57668)
(272, 136, 32085)
(272, 57, 46617)
(272, 142, 31297)
(272, 34, 39026)
(272, 219, 34223)
(272, 127, 39027)
(272, 21, 21127)
(272, 225, 51781)
(272, 105, 35050)
(272, 146, 632)
(272, 204, 55060)
(272, 14, 13641)
(272, 130, 53352)
(272, 206, 43624)
(272, 224, 11595)
(272, 74, 50588)
(272, 143, 31327)
(272, 40, 23760)
(272, 266, 14068)
(272, 165, 12498)
(272, 73, 31710)
(272, 217, 37176)
(272, 104, 54489)
(272, 173, 23056)
(272, 47, 29206)
(272, 267, 8655)
(272, 16, 11427)
(272, 96, 15078)
(272, 117, 28733)
(272, 179, 29299)
(272, 71, 27847)
(272, 121, 57457)
(272, 5, 37734)
(272, 65, 16129)
(272, 38, 24220)
(272, 110, 19598)
(272, 64, 33012)
(272, 209, 1413)
(272, 252, 25704)
(272, 234, 32509)
(272, 87, 56052)
(272, 249, 43095)
(272, 32, 16257)
(272, 18, 341)
(272, 66, 29292)
(272, 153, 36378)
(272, 223, 30696)
(272, 80, 43975)
(272, 216, 52970)
(272, 155, 47356)
(272, 187, 52810)
(272, 84, 37297)
(272, 200, 28427)
(272, 112, 8420)
(272, 20, 16121)
(272, 132, 16453)
(272, 157, 56012)
(272, 191, 21145)
(272, 131, 39796)
(272, 41, 46919)
(272, 203, 22780)
(272, 255, 24497)
(272, 50, 14090)
(272, 184, 41187)
(272, 17, 41551)
(272, 103, 37964)
(272, 51, 51753)
(272, 101, 12705)
(272, 178, 48655)
(272, 60, 49516)
(272, 10, 27414)
(272, 48, 33968)
(272, 59, 30050)
(272, 201, 25087)
(272, 92, 54118)
(272, 69, 6731)
(272, 12, 31640)
(272, 147, 29549)
(272, 141, 10121)
(272, 26, 47634)
(272, 259, 36514)
(272, 190, 9162)
(272, 111, 47915)
(272, 156, 55020)
(272, 46, 44879)
(272, 27, 55691)
(272, 49, 38860)
(273, 235, 45247)
(273, 70, 33035)
(273, 123, 5986)
(273, 90, 50670)
(273, 153, 8698)
(273, 33, 45510)
(273, 2, 11893)
(273, 16, 55471)
(273, 31, 25089)
(273, 20, 9382)
(273, 199, 52585)
(273, 77, 46949)
(273, 247, 50624)
(273, 204, 44805)
(273, 27, 8796)
(273, 174, 5792)
(273, 223, 3599)
(273, 171, 48498)
(273, 49, 21770)
(273, 40, 8809)
(273, 143, 38789)
(273, 0, 20191)
(273, 150, 16099)
(273, 154, 41737)
(273, 9, 45976)
(273, 272, 40753)
(273, 271, 19783)
(273, 121, 6463)
(273, 236, 48716)
(273, 185, 52092)
(273, 86, 26718)
(273, 60, 24685)
(273, 253, 49855)
(273, 229, 1138)
(273, 7, 28677)
(273, 190, 53265)
(273, 163, 43685)
(273, 259, 21864)
(273, 66, 28578)
(273, 168, 42963)
(273, 262, 36113)
(273, 249, 30655)
(273, 85, 31487)
(273, 164, 1117)
(273, 41, 55948)
(273, 133, 44169)
(273, 267, 4983)
(273, 241, 42252)
(273, 166, 4324)
(273, 114, 42538)
(273, 92, 50549)
(273, 50, 39436)
(273, 238, 12732)
(273, 62, 6832)
(273, 37, 34906)
(273, 98, 14284)
(273, 245, 2502)
(273, 157, 51270)
(273, 156, 55727)
(273, 64, 2675)
(273, 251, 33753)
(273, 193, 57918)
(273, 265, 1348)
(273, 96, 19628)
(273, 75, 55976)
(273, 28, 15552)
(273, 212, 3873)
(273, 139, 38793)
(273, 116, 4317)
(273, 120, 17891)
(273, 227, 40102)
(273, 144, 48922)
(273, 172, 50277)
(273, 32, 5939)
(273, 248, 2923)
(273, 159, 7664)
(273, 44, 46321)
(273, 14, 574)
(273, 177, 36185)
(273, 74, 28442)
(273, 38, 32886)
(273, 8, 850)
(273, 101, 31397)
(273, 141, 39432)
(273, 239, 22205)
(273, 131, 10249)
(273, 94, 24313)
(273, 152, 32986)
(273, 56, 18289)
(273, 82, 46086)
(273, 225, 51383)
(273, 140, 37576)
(273, 237, 6331)
(273, 45, 29371)
(273, 188, 27479)
(273, 205, 51945)
(273, 155, 54997)
(273, 135, 37323)
(273, 73, 36264)
(273, 53, 56205)
(273, 189, 48001)
(273, 244, 4069)
(273, 217, 11055)
(273, 29, 56518)
(273, 151, 19239)
(273, 221, 5317)
(273, 178, 33160)
(273, 230, 35618)
(273, 46, 49119)
(273, 23, 35326)
(273, 106, 22376)
(273, 108, 45176)
(273, 182, 30964)
(273, 22, 11906)
(273, 252, 1296)
(273, 112, 16972)
(273, 246, 35767)
(273, 216, 35827)
(273, 165, 53280)
(273, 147, 53698)
(273, 48, 42988)
(273, 126, 700)
(273, 51, 22664)
(273, 220, 45855)
(273, 91, 36345)
(273, 47, 8738)
(273, 234, 20199)
(273, 19, 4495)
(273, 158, 12970)
(273, 209, 39480)
(273, 39, 10114)
(273, 167, 41521)
(273, 24, 44847)
(273, 17, 3214)
(273, 211, 56545)
(273, 30, 56749)
(273, 78, 31015)
(273, 258, 29214)
(273, 137, 41809)
(273, 83, 33161)
(273, 146, 27177)
(273, 207, 6405)
(273, 255, 33008)
(273, 127, 35019)
(273, 162, 28093)
(273, 124, 21509)
(273, 42, 39739)
(273, 218, 44154)
(273, 183, 53638)
(273, 110, 4389)
(273, 99, 10235)
(273, 148, 1736)
(273, 89, 52352)
(273, 3, 17326)
(273, 93, 41688)
(273, 210, 40244)
(273, 138, 46918)
(273, 76, 7981)
(273, 87, 42400)
(273, 25, 19931)
(273, 179, 5024)
(273, 202, 53733)
(273, 149, 26768)
(273, 54, 25689)
(273, 176, 43885)
(273, 79, 4454)
(273, 228, 4186)
(273, 214, 16607)
(273, 97, 32450)
(273, 145, 35662)
(273, 136, 15215)
(273, 215, 28722)
(273, 122, 22161)
(273, 105, 10048)
(273, 180, 38460)
(274, 227, 17803)
(274, 70, 41363)
(274, 189, 32434)
(275, 56, 48230)
(275, 68, 13442)
(275, 107, 6816)
(275, 133, 50526)
(275, 5, 28135)
(275, 269, 36566)
(275, 104, 46030)
(275, 21, 2932)
(275, 30, 56863)
(275, 244, 17791)
(275, 132, 52332)
(275, 82, 20969)
(275, 128, 33784)
(275, 254, 41642)
(275, 12, 11588)
(275, 15, 25806)
(275, 79, 25478)
(275, 78, 11319)
(275, 102, 30805)
(275, 113, 4428)
(275, 183, 42660)
(275, 41, 10631)
(275, 170, 33723)
(275, 39, 24375)
(275, 221, 24225)
(275, 7, 501)
(275, 140, 10301)
(275, 238, 23138)
(275, 274, 31482)
(275, 49, 2726)
(275, 257, 16252)
(275, 176, 32887)
(275, 76, 52666)
(275, 212, 39557)
(275, 27, 19331)
(275, 213, 47977)
(275, 260, 55526)
(275, 247, 9283)
(275, 152, 22368)
(275, 33, 31413)
(275, 98, 15492)
(275, 201, 18291)
(275, 262, 56884)
(275, 71, 26767)
(275, 241, 24398)
(275, 69, 7987)
(275, 9, 8277)
(275, 3, 48147)
(275, 58, 2047)
(275, 45, 55077)
(275, 32, 39251)
(275, 22, 40265)
(275, 8, 13513)
(275, 94, 22060)
(275, 220, 25876)
(275, 206, 4408)
(275, 271, 2335)
(275, 29, 17742)
(275, 187, 2157)
(275, 232, 2842)
(275, 66, 49029)
(275, 219, 38538)
(275, 145, 9998)
(275, 119, 55920)
(275, 188, 31060)
(275, 253, 51897)
(275, 84, 56955)
(275, 28, 11041)
(275, 223, 13816)
(275, 163, 54164)
(275, 60, 10794)
(275, 214, 13539)
(275, 222, 19074)
(275, 231, 30128)
(275, 97, 36263)
(275, 121, 33795)
(275, 161, 49361)
(275, 227, 24400)
(275, 175, 31466)
(275, 216, 17866)
(275, 11, 13853)
(275, 261, 29837)
(275, 124, 41891)
(275, 264, 7546)
(275, 54, 40350)
(275, 203, 34078)
(275, 95, 47086)
(275, 174, 30711)
(275, 234, 40037)
(275, 6, 17883)
(275, 179, 18364)
(275, 44, 30532)
(275, 189, 47441)
(275, 108, 40840)
(275, 160, 13058)
(275, 148, 35632)
(275, 259, 6721)
(275, 20, 40573)
(275, 85, 49789)
(275, 198, 25027)
(275, 211, 35636)
(275, 177, 21142)
(275, 268, 17755)
(275, 273, 26719)
(275, 208, 2691)
(275, 159, 20242)
(275, 99, 36029)
(275, 43, 6012)
(275, 164, 22228)
(275, 209, 40324)
(275, 0, 58008)
(275, 26, 53991)
(275, 185, 35213)
(275, 52, 27495)
(275, 38, 19053)
(275, 237, 55760)
(275, 135, 31217)
(275, 114, 46183)
(275, 205, 2304)
(275, 1, 22066)
(275, 199, 14073)
(275, 131, 27583)
(275, 92, 26808)
(275, 165, 49458)
(275, 10, 13351)
(275, 75, 4552)
(275, 143, 52164)
(275, 146, 32799)
(275, 88, 26728)
(275, 195, 41700)
(275, 168, 34322)
(275, 96, 25829)
(275, 127, 7537)
(275, 194, 51756)
(275, 136, 37764)
(275, 100, 10401)
(275, 14, 8049)
(275, 158, 3680)
(275, 266, 539)
(275, 149, 4750)
(275, 242, 40983)
(275, 243, 23763)
(275, 246, 15022)
(275, 91, 51396)
(275, 112, 44559)
(275, 169, 12928)
(275, 50, 44583)
(275, 217, 55605)
(275, 74, 57071)
(275, 250, 30412)
(275, 251, 4593)
(275, 72, 50191)
(275, 25, 47728)
(275, 23, 37665)
(275, 61, 23578)
(275, 202, 497)
(275, 154, 55654)
(275, 110, 41056)
(275, 192, 23370)
(275, 239, 10575)
(275, 17, 27101)
(275, 240, 54706)
(275, 196, 55899)
(275, 236, 21812)
(275, 126, 29531)
(275, 109, 39651)
(275, 172, 14722)
(275, 59, 18766)
(275, 182, 53363)
(275, 171, 44079)
(275, 162, 32258)
(275, 70, 38039)
(275, 87, 18618)
(275, 122, 2698)
(275, 35, 45883)
(275, 265, 1027)
(275, 129, 21681)
(275, 125, 3072)
(276, 267, 43310)
(276, 128, 44354)
(276, 1, 52683)
(276, 214, 19135)
(276, 220, 40728)
(276, 69, 29370)
(276, 190, 16141)
(276, 33, 13123)
(276, 129, 10032)
(276, 77, 26326)
(276, 125, 29315)
(276, 254, 11358)
(276, 29, 57328)
(276, 209, 46636)
(276, 83, 45237)
(276, 41, 56614)
(276, 131, 56930)
(276, 263, 46661)
(276, 203, 22878)
(276, 53, 4486)
(276, 255, 24696)
(276, 56, 2619)
(276, 271, 22628)
(276, 67, 5142)
(276, 186, 25925)
(276, 208, 4500)
(276, 269, 26289)
(276, 68, 39391)
(276, 163, 20539)
(276, 178, 47549)
(276, 237, 21522)
(276, 175, 17519)
(276, 42, 20740)
(276, 205, 2529)
(276, 259, 28514)
(276, 124, 32646)
(276, 171, 48350)
(276, 117, 53284)
(276, 222, 1886)
(276, 195, 43640)
(276, 109, 32331)
(276, 94, 38797)
(276, 26, 29398)
(276, 126, 2721)
(276, 76, 5255)
(276, 79, 5653)
(276, 64, 34473)
(276, 213, 39842)
(276, 142, 9818)
(276, 272, 34495)
(276, 151, 53152)
(276, 10, 13434)
(276, 71, 12894)
(276, 174, 54832)
(276, 253, 20274)
(276, 103, 33490)
(276, 5, 39672)
(276, 150, 42481)
(276, 182, 44641)
(276, 73, 26874)
(276, 11, 13674)
(276, 177, 20528)
(276, 239, 27515)
(276, 145, 20532)
(276, 87, 39859)
(276, 135, 23394)
(276, 200, 20251)
(276, 154, 54185)
(276, 183, 47749)
(276, 4, 38502)
(276, 231, 26957)
(276, 106, 4492)
(276, 192, 16891)
(276, 16, 15615)
(276, 66, 4423)
(276, 81, 57567)
(276, 72, 41838)
(276, 127, 40076)
(276, 96, 32339)
(276, 275, 13543)
(276, 196, 13949)
(276, 155, 49738)
(276, 108, 47656)
(276, 58, 53648)
(276, 51, 15957)
(276, 158, 29433)
(276, 15, 48136)
(276, 133, 30718)
(276, 115, 22424)
(276, 227, 33697)
(276, 216, 46692)
(276, 40, 56562)
(276, 256, 43150)
(276, 185, 20577)
(276, 43, 12824)
(276, 6, 42102)
(276, 7, 33145)
(276, 107, 47113)
(276, 92, 36413)
(276, 149, 48786)
(276, 89, 33341)
(276, 235, 24938)
(276, 244, 28512)
(276, 234, 2438)
(276, 121, 34333)
(276, 161, 4275)
(276, 228, 11127)
(276, 23, 41032)
(276, 25, 17252)
(276, 116, 49596)
(276, 24, 6836)
(276, 270, 57253)
(276, 262, 25617)
(276, 261, 1781)
(276, 166, 48102)
(276, 39, 25261)
(276, 202, 9703)
(276, 75, 43252)
(276, 250, 34164)
(276, 88, 34501)
(276, 165, 26417)
(276, 258, 5982)
(276, 49, 33002)
(276, 229, 34779)
(276, 132, 27124)
(276, 61, 38982)
(276, 113, 52199)
(276, 233, 16440)
(276, 27, 34404)
(276, 17, 50029)
(276, 217, 35953)
(276, 35, 7363)
(276, 45, 33039)
(276, 34, 12986)
(276, 153, 48117)
(276, 80, 25635)
(276, 232, 48265)
(276, 184, 13714)
(276, 52, 34277)
(276, 95, 20950)
(276, 247, 56432)
(276, 111, 56240)
(276, 46, 16788)
(276, 91, 3549)
(276, 112, 9394)
(276, 230, 23945)
(276, 248, 19157)
(276, 104, 22037)
(276, 18, 43642)
(276, 48, 25580)
(276, 152, 24339)
(276, 32, 3927)
(276, 146, 52320)
(276, 159, 6869)
(276, 172, 34621)
(276, 13, 54793)
(276, 20, 55892)
(276, 60, 3126)
(276, 264, 8006)
(276, 147, 27748)
(276, 179, 22691)
(276, 210, 33095)
(276, 99, 40289)
(276, 50, 54306)
(276, 181, 51856)
(276, 12, 1180)
(276, 148, 47416)
(276, 141, 25897)
(276, 138, 12932)
(276, 59, 43450)
(276, 156, 48013)
(276, 74, 25122)
(276, 54, 29651)
(276, 169, 5747)
(276, 84, 18434)
(276, 246, 47469)
(276, 191, 29218)
(276, 162, 44553)
(276, 100, 39786)
(276, 238, 15498)
(276, 212, 55953)
(276, 55, 7164)
(276, 257, 4697)
(276, 207, 22381)
(276, 187, 10002)
(276, 245, 49800)
(276, 193, 13915)
(276, 30, 31870)
(276, 118, 52023)
(276, 198, 56309)
(276, 225, 16589)
(276, 93, 53721)
(276, 144, 35329)
(276, 249, 5650)
(276, 101, 17644)
(276, 119, 44206)
(276, 86, 4675)
(276, 22, 10385)
(276, 173, 32289)
(276, 2, 834)
(276, 176, 20211)
(276, 105, 23371)
(276, 19, 32785)
(276, 38, 16553)
(276, 139, 35587)
(276, 199, 26791)
(276, 260, 49387)
(276, 136, 10209)
(276, 102, 6311)
(276, 36, 2693)
(276, 157, 1411)
(276, 221, 28710)
(276, 63, 54376)
(276, 194, 50494)
(276, 78, 30358)
(276, 82, 8705)
(277, 157, 28613)
(277, 65, 4222)
(277, 182, 5192)
(277, 34, 31076)
(277, 188, 38490)
(277, 247, 26185)
(277, 231, 22014)
(277, 143, 16845)
(277, 251, 57818)
(277, 96, 29931)
(277, 83, 56428)
(277, 211, 6360)
(277, 233, 39794)
(277, 55, 39359)
(277, 103, 49143)
(277, 210, 16627)
(277, 141, 57561)
(277, 60, 33478)
(277, 216, 57503)
(277, 68, 53344)
(277, 19, 28566)
(277, 48, 27108)
(277, 45, 5246)
(277, 250, 30519)
(277, 129, 49696)
(277, 47, 37839)
(277, 191, 54420)
(277, 153, 52064)
(277, 81, 42379)
(277, 46, 8157)
(277, 126, 42635)
(277, 100, 6117)
(277, 212, 38390)
(277, 209, 5308)
(277, 120, 10847)
(277, 160, 53464)
(277, 205, 7356)
(277, 16, 29894)
(277, 258, 24441)
(277, 169, 3195)
(277, 162, 29634)
(277, 38, 24132)
(277, 66, 20366)
(277, 177, 18439)
(277, 107, 20751)
(277, 10, 14451)
(277, 185, 28116)
(277, 106, 28516)
(277, 204, 31157)
(277, 71, 24901)
(277, 57, 9878)
(277, 228, 25904)
(277, 193, 54732)
(277, 77, 9723)
(277, 27, 30753)
(277, 9, 28230)
(277, 197, 8201)
(277, 255, 45009)
(277, 267, 55644)
(277, 180, 45989)
(277, 20, 32543)
(277, 156, 25542)
(277, 53, 7529)
(277, 175, 17693)
(277, 94, 36771)
(277, 37, 19418)
(277, 108, 28786)
(277, 127, 2725)
(277, 31, 7438)
(277, 14, 32680)
(277, 270, 4131)
(277, 99, 43307)
(277, 224, 53590)
(277, 114, 17058)
(277, 67, 54950)
(277, 275, 6279)
(277, 240, 40820)
(277, 4, 40355)
(277, 260, 31722)
(277, 235, 41850)
(277, 72, 40956)
(277, 36, 23244)
(277, 33, 25724)
(277, 236, 6896)
(277, 91, 56177)
(277, 268, 33982)
(277, 172, 18679)
(277, 87, 54069)
(277, 165, 26845)
(277, 118, 43321)
(277, 82, 14033)
(277, 164, 8903)
(277, 151, 6029)
(277, 39, 34940)
(277, 85, 25400)
(277, 239, 40293)
(277, 201, 2952)
(277, 192, 40799)
(277, 253, 54828)
(277, 64, 49412)
(277, 54, 554)
(277, 274, 5894)
(277, 21, 12415)
(277, 225, 11972)
(277, 104, 9503)
(277, 173, 13431)
(277, 227, 37326)
(277, 50, 271)
(277, 168, 56362)
(277, 158, 36084)
(277, 178, 53194)
(277, 243, 40377)
(277, 142, 47621)
(277, 59, 23668)
(277, 133, 46406)
(277, 112, 24061)
(277, 154, 2909)
(277, 203, 45075)
(277, 13, 56954)
(277, 44, 51834)
(277, 195, 37532)
(277, 150, 8844)
(277, 174, 55732)
(277, 70, 30980)
(277, 134, 38065)
(277, 117, 19242)
(277, 56, 7581)
(277, 155, 44304)
(277, 73, 44053)
(277, 196, 596)
(277, 244, 42583)
(277, 74, 35181)
(277, 2, 28914)
(277, 218, 53794)
(277, 110, 37537)
(277, 147, 28186)
(277, 7, 24457)
(277, 128, 41012)
(277, 245, 34329)
(277, 223, 6594)
(277, 148, 32927)
(277, 11, 3349)
(277, 116, 4323)
(277, 215, 2190)
(277, 145, 25083)
(277, 229, 40946)
(277, 146, 52775)
(277, 86, 2414)
(277, 0, 17327)
(277, 183, 53017)
(277, 248, 7034)
(277, 93, 3558)
(277, 35, 19083)
(277, 149, 24518)
(277, 242, 39435)
(277, 5, 6054)
(277, 32, 34869)
(277, 102, 28303)
(277, 261, 43894)
(277, 176, 41837)
(277, 230, 53654)
(277, 23, 1321)
(277, 119, 21567)
(277, 101, 11684)
(277, 122, 51710)
(277, 273, 4104)
(277, 163, 605)
(278, 206, 10455)
(278, 195, 37612)
(278, 253, 54252)
(278, 126, 17533)
(278, 169, 17208)
(278, 42, 48488)
(278, 269, 31052)
(278, 244, 15769)
(278, 274, 54705)
(278, 216, 48368)
(278, 273, 28765)
(278, 77, 44750)
(278, 243, 38340)
(278, 193, 2975)
(278, 164, 52947)
(278, 161, 32826)
(278, 218, 26619)
(278, 116, 53255)
(278, 247, 56164)
(278, 121, 18544)
(278, 137, 46460)
(278, 276, 18369)
(278, 223, 12196)
(278, 49, 17181)
(278, 57, 11894)
(278, 22, 56422)
(278, 101, 37893)
(278, 181, 5875)
(278, 163, 22997)
(278, 205, 44121)
(278, 21, 5507)
(278, 90, 24934)
(278, 155, 43127)
(278, 135, 41466)
(278, 41, 40751)
(278, 86, 48251)
(278, 33, 33051)
(278, 14, 12328)
(278, 50, 54754)
(278, 240, 25340)
(278, 224, 2322)
(278, 69, 52617)
(278, 80, 17061)
(278, 129, 5276)
(278, 230, 48067)
(278, 211, 57359)
(278, 36, 14055)
(278, 258, 42181)
(278, 108, 7905)
(278, 157, 57092)
(278, 84, 35268)
(278, 81, 8896)
(278, 249, 31380)
(278, 143, 49901)
(278, 234, 14162)
(278, 120, 6273)
(278, 268, 12975)
(278, 5, 48167)
(278, 127, 28662)
(278, 271, 46041)
(278, 109, 21134)
(278, 105, 15630)
(278, 159, 25043)
(278, 156, 37428)
(278, 154, 14932)
(278, 15, 5223)
(278, 113, 5607)
(278, 46, 12248)
(278, 191, 54111)
(278, 225, 1055)
(278, 56, 3882)
(278, 73, 31993)
(278, 251, 6568)
(278, 24, 38288)
(278, 237, 14388)
(278, 239, 12298)
(278, 59, 10150)
(278, 252, 17344)
(278, 75, 48466)
(278, 112, 34230)
(278, 23, 35550)
(278, 99, 14662)
(278, 174, 57474)
(278, 17, 49183)
(278, 217, 53822)
(278, 179, 34873)
(278, 166, 40633)
(278, 228, 51064)
(278, 190, 34136)
(278, 142, 50000)
(278, 70, 47008)
(278, 29, 3587)
(278, 16, 10763)
(278, 213, 56106)
(278, 238, 54240)
(278, 188, 29536)
(278, 31, 17004)
(278, 43, 3918)
(278, 20, 19260)
(278, 250, 13843)
(278, 262, 41842)
(278, 26, 22191)
(278, 132, 17843)
(278, 93, 10759)
(278, 60, 36279)
(278, 66, 45311)
(278, 110, 32115)
(278, 115, 48262)
(278, 11, 14021)
(278, 259, 20624)
(279, 261, 1100)
(279, 179, 42651)
(279, 221, 51072)
(279, 155, 5831)
(279, 24, 31979)
(279, 18, 10046)
(279, 107, 24231)
(279, 13, 11397)
(279, 273, 52107)
(279, 188, 43328)
(279, 110, 57724)
(279, 122, 38457)
(279, 25, 11773)
(279, 133, 37090)
(279, 102, 35023)
(279, 120, 12072)
(279, 270, 22296)
(279, 182, 6431)
(279, 178, 55475)
(279, 241, 30117)
(279, 171, 6395)
(279, 152, 4256)
(279, 51, 20485)
(279, 249, 7843)
(279, 187, 6133)
(279, 146, 5324)
(279, 87, 9458)
(279, 73, 22544)
(279, 223, 56803)
(279, 245, 12002)
(279, 101, 39562)
(279, 177, 51829)
(279, 115, 27454)
(279, 61, 12565)
(279, 222, 5233)
(279, 250, 47578)
(279, 199, 48829)
(279, 43, 27540)
(279, 50, 2717)
(279, 111, 47923)
(279, 230, 54606)
(279, 26, 21523)
(279, 190, 29861)
(279, 40, 11406)
(279, 28, 40270)
(279, 255, 5772)
(279, 93, 29069)
(279, 269, 4935)
(279, 217, 38984)
(279, 200, 2925)
(279, 113, 52019)
(279, 60, 38912)
(279, 94, 22835)
(279, 88, 11649)
(279, 104, 31673)
(279, 235, 7168)
(279, 275, 18199)
(279, 46, 25281)
(279, 163, 56213)
(279, 202, 35956)
(279, 142, 51390)
(279, 71, 16809)
(279, 147, 16826)
(279, 248, 32294)
(279, 76, 36207)
(279, 159, 28422)
(279, 158, 11640)
(279, 118, 40499)
(279, 184, 1682)
(279, 11, 43671)
(279, 161, 43390)
(279, 144, 32065)
(279, 174, 51846)
(279, 132, 8900)
(279, 84, 38685)
(279, 229, 46850)
(279, 191, 29145)
(279, 181, 2837)
(279, 129, 26028)
(279, 242, 32757)
(279, 180, 3258)
(279, 134, 42451)
(279, 27, 21324)
(279, 119, 6534)
(279, 169, 25683)
(279, 156, 27760)
(279, 165, 53899)
(279, 56, 15852)
(279, 137, 44471)
(279, 86, 30419)
(279, 136, 7060)
(279, 227, 50195)
(279, 8, 39191)
(279, 201, 53541)
(279, 19, 56079)
(279, 153, 32524)
(279, 148, 14151)
(279, 67, 53983)
(279, 14, 55951)
(279, 224, 41619)
(279, 272, 37254)
(279, 5, 23341)
(279, 185, 13247)
(279, 34, 16216)
(279, 204, 26032)
(279, 166, 4091)
(279, 69, 19198)
(279, 124, 14890)
(279, 89, 21963)
(279, 262, 54601)
(279, 258, 14442)
(279, 205, 11353)
(279, 274, 18279)
(279, 210, 20256)
(279, 83, 26643)
(279, 23, 20244)
(279, 237, 31661)
(279, 29, 32259)
(279, 212, 32929)
(279, 3, 35057)
(279, 117, 40428)
(279, 213, 53235)
(279, 85, 33889)
(279, 170, 46599)
(279, 65, 26145)
(279, 233, 33918)
(279, 240, 25227)
(279, 114, 5122)
(279, 49, 11503)
(279, 207, 53311)
(279, 45, 18342)
(279, 246, 13686)
(279, 35, 50509)
(279, 52, 9248)
(279, 172, 16598)
(279, 57, 13941)
(279, 195, 46545)
(279, 278, 50858)
(279, 160, 30502)
(279, 100, 22757)
(279, 150, 55071)
(279, 1, 45131)
(279, 116, 9716)
(279, 234, 1616)
(279, 31, 47280)
(279, 130, 8643)
(280, 10, 5768)
(280, 256, 48432)
(280, 251, 32362)
(280, 276, 30599)
(280, 127, 55785)
(280, 59, 2637)
(280, 15, 52048)
(280, 148, 34997)
(280, 279, 9779)
(280, 44, 18938)
(280, 224, 10027)
(280, 273, 54922)
(280, 204, 34371)
(280, 27, 50725)
(280, 137, 58032)
(280, 49, 22517)
(280, 52, 12952)
(280, 213, 30776)
(280, 73, 44546)
(280, 104, 286)
(280, 230, 240)
(280, 19, 54383)
(280, 90, 40616)
(280, 67, 1930)
(280, 268, 1350)
(280, 183, 46495)
(280, 202, 26721)
(280, 135, 33159)
(280, 17, 5074)
(280, 237, 51711)
(280, 80, 21353)
(280, 144, 48008)
(280, 175, 15305)
(280, 200, 43544)
(280, 82, 45943)
(280, 70, 411)
(280, 267, 17513)
(280, 33, 17695)
(280, 5, 515)
(280, 233, 51679)
(280, 257, 34891)
(280, 88, 23799)
(280, 106, 57464)
(280, 97, 14855)
(280, 196, 51880)
(280, 108, 51139)
(280, 86, 6241)
(280, 212, 630)
(280, 222, 37718)
(280, 214, 39414)
(280, 178, 12394)
(280, 60, 6767)
(280, 68, 48107)
(280, 255, 40916)
(280, 201, 4832)
(280, 26, 36298)
(280, 112, 4828)
(280, 164, 11395)
(280, 24, 37704)
(280, 81, 21325)
(280, 161, 14488)
(280, 235, 18473)
(280, 220, 10467)
(280, 29, 10655)
(280, 102, 13630)
(280, 192, 10311)
(280, 193, 31412)
(280, 210, 5455)
(280, 179, 8630)
(280, 146, 33701)
(280, 133, 52910)
(280, 186, 11367)
(280, 166, 57427)
(280, 118, 27763)
(280, 170, 25001)
(280, 64, 35120)
(280, 20, 8742)
(280, 57, 40236)
(280, 223, 50847)
(280, 83, 26541)
(280, 28, 23283)
(280, 18, 50252)
(280, 62, 20732)
(280, 11, 11583)
(280, 101, 16261)
(280, 91, 33829)
(280, 103, 39710)
(280, 98, 15286)
(280, 76, 56722)
(280, 275, 19680)
(280, 182, 24722)
(280, 142, 43614)
(280, 138, 14996)
(280, 245, 43707)
(280, 56, 27037)
(280, 203, 4967)
(280, 248, 37822)
(280, 130, 16337)
(280, 96, 23767)
(280, 75, 3788)
(280, 239, 21683)
(280, 23, 17434)
(280, 274, 26090)
(280, 125, 52078)
(280, 69, 359)
(280, 121, 53049)
(280, 218, 10230)
(280, 241, 53913)
(280, 110, 52698)
(280, 79, 18707)
(280, 217, 24940)
(280, 113, 5163)
(280, 85, 6250)
(280, 25, 36223)
(280, 2, 40649)
(280, 254, 17968)
(280, 93, 45110)
(280, 228, 818)
(280, 87, 34047)
(280, 156, 54026)
(280, 209, 20952)
(280, 128, 2175)
(280, 77, 53494)
(280, 21, 13481)
(280, 1, 8156)
(280, 7, 29054)
(280, 129, 6886)
(280, 271, 27721)
(280, 46, 30416)
(280, 40, 13530)
(280, 247, 22901)
(280, 266, 6654)
(280, 234, 42217)
(280, 189, 6682)
(280, 278, 54765)
(280, 89, 27305)
(280, 208, 26162)
(280, 169, 32622)
(280, 139, 26544)
(280, 151, 28963)
(280, 66, 22131)
(280, 252, 50872)
(280, 191, 32178)
(280, 194, 29432)
(280, 207, 55836)
(280, 109, 45035)
(280, 37, 55344)
(280, 105, 14838)
(280, 165, 43766)
(280, 119, 49200)
(280, 188, 14688)
(280, 51, 29391)
(280, 13, 53484)
(280, 145, 47315)
(280, 243, 25564)
(280, 107, 2600)
(280, 71, 43086)
(280, 221, 31822)
(280, 124, 47949)
(280, 160, 6157)
(280, 270, 55749)
(280, 244, 45289)
(280, 92, 41989)
(280, 41, 41871)
(280, 158, 53750)
(280, 143, 47797)
(280, 12, 14156)
(280, 150, 15905)
(280, 171, 29205)
(280, 131, 30740)
(280, 174, 37400)
(280, 122, 6154)
(280, 53, 52436)
(280, 277, 50736)
(280, 215, 34932)
(280, 236, 20324)
(280, 232, 58104)
(280, 31, 39201)
(280, 154, 962)
(280, 260, 7603)
(280, 168, 54584)
(280, 123, 17010)
(280, 61, 50321)
(280, 65, 44200)
(280, 157, 38826)
(280, 114, 49397)
(280, 216, 12011)
(280, 74, 43590)
(280, 84, 52410)
(280, 159, 32138)
(280, 162, 15264)
(280, 48, 27355)
(280, 198, 46105)
(280, 163, 40313)
(280, 35, 56852)
(280, 120, 47093)
(280, 155, 49762)
(280, 16, 15191)
(280, 149, 19437)
(280, 54, 10050)
(280, 185, 14328)
(280, 253, 54858)
(280, 6, 53533)
(280, 141, 17954)
(280, 45, 44706)
(280, 38, 10278)
(280, 63, 17991)
(280, 199, 15541)
(280, 173, 36969)
(280, 99, 8469)
(280, 36, 24205)
(280, 42, 48031)
(280, 117, 37437)
(280, 250, 46209)
(280, 58, 17254)
(280, 181, 45144)
(280, 180, 7436)
(280, 0, 34773)
(280, 152, 11117)
(280, 264, 43023)
(281, 129, 48806)
(281, 125, 57793)
(281, 27, 45899)
(281, 44, 21275)
(281, 123, 49317)
(281, 67, 56664)
(281, 133, 29413)
(281, 184, 19431)
(281, 93, 47180)
(281, 45, 46924)
(281, 180, 32066)
(281, 161, 43913)
(281, 252, 53563)
(281, 106, 10850)
(281, 83, 54954)
(281, 238, 36250)
(281, 41, 24362)
(281, 159, 19175)
(281, 54, 23445)
(281, 8, 1030)
(281, 147, 21990)
(281, 130, 20188)
(281, 228, 19488)
(281, 18, 52426)
(281, 278, 21808)
(281, 3, 23544)
(281, 145, 3111)
(281, 209, 18533)
(281, 39, 43073)
(281, 78, 47368)
(281, 167, 37345)
(281, 277, 30170)
(281, 85, 56257)
(281, 273, 41239)
(281, 152, 28096)
(281, 200, 19712)
(281, 55, 21922)
(281, 157, 13616)
(281, 17, 21682)
(281, 214, 46725)
(281, 111, 12880)
(281, 199, 56036)
(281, 70, 19137)
(281, 175, 33540)
(281, 163, 8292)
(281, 233, 3427)
(281, 240, 9246)
(281, 185, 7327)
(281, 97, 29990)
(281, 12, 56541)
(281, 254, 12609)
(281, 5, 44624)
(281, 16, 43887)
(281, 193, 44298)
(281, 272, 22266)
(281, 224, 44329)
(281, 160, 46119)
(281, 158, 55146)
(281, 210, 12504)
(281, 181, 50086)
(281, 226, 33975)
(281, 196, 45980)
(281, 173, 41674)
(281, 112, 4991)
(281, 24, 17740)
(281, 56, 54016)
(281, 59, 48788)
(281, 20, 25921)
(281, 204, 3713)
(281, 153, 6676)
(281, 72, 8807)
(281, 248, 10633)
(281, 260, 7771)
(281, 223, 16047)
(281, 191, 35959)
(281, 118, 51809)
(281, 71, 10884)
(281, 60, 9282)
(281, 168, 39245)
(281, 2, 47695)
(281, 48, 32124)
(281, 213, 54598)
(281, 150, 48701)
(281, 218, 55402)
(281, 142, 3472)
(281, 136, 37409)
(281, 91, 49406)
(281, 170, 47842)
(281, 174, 53294)
(281, 86, 981)
(281, 137, 22460)
(281, 155, 20277)
(281, 29, 49326)
(281, 276, 54344)
(281, 25, 56100)
(281, 75, 16103)
(281, 90, 28224)
(281, 269, 29100)
(281, 113, 13875)
(281, 203, 55242)
(281, 15, 43796)
(281, 82, 28519)
(281, 197, 53594)
(281, 26, 57402)
(281, 187, 45653)
(281, 239, 55135)
(281, 4, 36148)
(281, 46, 49973)
(282, 265, 37248)
(282, 186, 10962)
(282, 43, 56080)
(282, 210, 11233)
(282, 218, 34965)
(282, 81, 17981)
(282, 229, 22392)
(282, 117, 9387)
(282, 241, 46597)
(282, 16, 22579)
(282, 57, 52478)
(282, 60, 38723)
(282, 252, 49226)
(282, 41, 27729)
(282, 15, 589)
(282, 163, 25874)
(282, 192, 54775)
(282, 86, 11853)
(282, 185, 14907)
(282, 216, 42195)
(282, 249, 15774)
(282, 126, 16298)
(282, 108, 26569)
(282, 168, 9022)
(282, 201, 170)
(282, 242, 19739)
(282, 95, 14452)
(282, 225, 53356)
(282, 260, 41919)
(282, 281, 10064)
(282, 271, 12388)
(282, 66, 3670)
(282, 21, 28282)
(282, 264, 9674)
(282, 55, 53161)
(282, 262, 36385)
(282, 130, 8314)
(282, 7, 39904)
(282, 42, 3473)
(282, 47, 6392)
(282, 190, 4147)
(282, 164, 44912)
(282, 0, 25679)
(282, 58, 54121)
(282, 237, 23062)
(282, 215, 35602)
(282, 96, 12322)
(282, 170, 15253)
(282, 106, 31422)
(282, 114, 47718)
(282, 153, 6590)
(282, 174, 30847)
(282, 157, 44666)
(282, 100, 23146)
(282, 90, 6521)
(282, 104, 31855)
(282, 251, 56877)
(282, 219, 18475)
(282, 80, 6854)
(282, 120, 33584)
(282, 187, 2621)
(282, 113, 14212)
(282, 181, 46612)
(282, 97, 41062)
(282, 91, 17709)
(282, 102, 11469)
(282, 143, 28581)
(282, 208, 33298)
(282, 177, 18182)
(282, 12, 24478)
(282, 147, 39530)
(282, 231, 24117)
(282, 123, 28685)
(282, 232, 15146)
(282, 223, 42900)
(282, 217, 40922)
(282, 125, 24959)
(282, 245, 1476)
(282, 68, 10354)
(282, 46, 22269)
(282, 112, 32549)
(282, 121, 41414)
(282, 110, 14354)
(282, 82, 20475)
(282, 85, 39995)
(282, 145, 7482)
(282, 166, 32577)
(282, 129, 43890)
(282, 65, 29668)
(282, 148, 44529)
(282, 26, 44904)
(282, 136, 19046)
(282, 240, 13310)
(282, 17, 45750)
(282, 274, 9170)
(282, 247, 53599)
(282, 206, 6845)
(282, 10, 44057)
(282, 246, 56667)
(282, 230, 32335)
(282, 204, 6086)
(282, 263, 44621)
(282, 195, 55189)
(282, 38, 58068)
(282, 5, 49540)
(282, 89, 18078)
(282, 39, 1063)
(282, 25, 45220)
(282, 93, 40524)
(282, 54, 10081)
(282, 70, 29673)
(282, 51, 26662)
(282, 180, 48075)
(282, 27, 43724)
(282, 134, 35576)
(282, 4, 33424)
(282, 205, 37363)
(282, 169, 36450)
(282, 152, 44581)
(282, 139, 41343)
(282, 150, 51549)
(282, 278, 40899)
(282, 239, 43837)
(282, 142, 47654)
(282, 149, 49671)
(282, 238, 19004)
(282, 173, 14550)
(282, 140, 51298)
(282, 3, 46523)
(282, 258, 7543)
(282, 184, 17577)
(282, 191, 43632)
(282, 79, 18014)
(282, 155, 25483)
(282, 135, 4029)
(282, 248, 45366)
(282, 272, 42004)
(282, 115, 25562)
(282, 162, 3215)
(282, 48, 44266)
(282, 270, 53558)
(282, 279, 27899)
(282, 156, 38135)
(282, 261, 54320)
(282, 18, 20673)
(282, 2, 46758)
(282, 193, 3578)
(282, 78, 32318)
(282, 268, 47554)
(282, 257, 585)
(282, 222, 21870)
(282, 14, 36390)
(282, 34, 21525)
(282, 71, 18232)
(282, 105, 32067)
(282, 45, 47563)
(282, 63, 39270)
(282, 203, 48014)
(282, 13, 15395)
(282, 213, 41542)
(282, 53, 1997)
(282, 133, 53460)
(282, 207, 49612)
(282, 167, 40057)
(282, 196, 47455)
(282, 214, 40667)
(282, 36, 37161)
(282, 154, 5472)
(282, 197, 4378)
(282, 40, 25937)
(282, 124, 22361)
(282, 101, 10539)
(282, 182, 5078)
(282, 11, 28509)
(282, 64, 12802)
(282, 220, 56767)
(282, 227, 30305)
(282, 211, 12634)
(282, 67, 19874)
(282, 200, 35119)
(282, 84, 56537)
(282, 131, 25465)
(282, 32, 6922)
(282, 20, 22061)
(282, 243, 50743)
(282, 188, 28243)
(282, 30, 38800)
(282, 9, 56194)
(282, 189, 8852)
(282, 178, 36349)
(282, 254, 24070)
(282, 62, 46783)
(282, 259, 30763)
(283, 259, 29790)
(283, 102, 33255)
(283, 85, 9915)
(283, 65, 31080)
(283, 220, 47561)
(283, 260, 46217)
(283, 155, 45572)
(283, 34, 4565)
(283, 105, 1686)
(283, 142, 48924)
(283, 245, 55738)
(283, 176, 17418)
(283, 134, 33337)
(283, 201, 34562)
(283, 97, 53072)
(283, 213, 13689)
(283, 185, 14095)
(283, 58, 32520)
(283, 28, 43904)
(283, 174, 14127)
(283, 192, 27298)
(283, 250, 11413)
(283, 148, 9398)
(283, 74, 26158)
(283, 166, 20194)
(283, 96, 43274)
(283, 40, 37255)
(283, 249, 14235)
(283, 194, 28401)
(283, 35, 5958)
(283, 210, 51721)
(283, 282, 14775)
(283, 125, 31893)
(283, 27, 3310)
(283, 61, 22561)
(283, 42, 30697)
(283, 127, 16930)
(283, 208, 6243)
(283, 63, 55349)
(283, 183, 36255)
(283, 181, 14832)
(283, 14, 6158)
(283, 86, 5212)
(283, 247, 57731)
(283, 76, 57372)
(283, 152, 24793)
(283, 101, 3954)
(283, 177, 23646)
(283, 123, 8417)
(283, 1, 17324)
(283, 202, 42373)
(283, 257, 33923)
(283, 29, 26118)
(283, 198, 18889)
(283, 80, 54484)
(283, 98, 32537)
(283, 69, 11997)
(283, 88, 38191)
(283, 18, 12319)
(283, 9, 42403)
(283, 182, 44893)
(283, 141, 55151)
(283, 244, 18935)
(283, 231, 13970)
(283, 89, 24427)
(283, 234, 55855)
(283, 39, 24119)
(283, 169, 18793)
(283, 229, 13508)
(283, 270, 6889)
(283, 265, 37477)
(283, 156, 35989)
(283, 180, 53507)
(283, 274, 33289)
(283, 52, 45224)
(283, 95, 52422)
(283, 119, 50775)
(283, 64, 22391)
(283, 7, 16562)
(283, 277, 48720)
(283, 51, 54698)
(283, 26, 55796)
(283, 66, 51652)
(283, 264, 19534)
(283, 54, 3487)
(283, 90, 47874)
(283, 103, 24276)
(283, 251, 17274)
(283, 219, 17563)
(283, 214, 23920)
(283, 110, 5110)
(283, 162, 50365)
(283, 84, 4467)
(283, 170, 19893)
(283, 45, 24998)
(283, 25, 8175)
(283, 258, 22222)
(283, 146, 15762)
(283, 279, 9648)
(283, 190, 52350)
(283, 30, 10028)
(283, 75, 7849)
(283, 199, 32787)
(283, 278, 21633)
(283, 144, 29690)
(283, 147, 17337)
(283, 108, 57527)
(283, 184, 50612)
(283, 215, 17552)
(283, 17, 48646)
(283, 211, 19334)
(283, 117, 50716)
(283, 246, 7281)
(283, 62, 17778)
(283, 276, 1120)
(283, 186, 7764)
(283, 122, 31795)
(283, 267, 54740)
(283, 150, 35160)
(283, 15, 25575)
(283, 256, 48417)
(283, 36, 38825)
(283, 132, 40810)
(283, 237, 17174)
(283, 73, 56246)
(283, 143, 45266)
(283, 226, 57947)
(283, 222, 23)
(283, 100, 6274)
(283, 145, 14637)
(283, 53, 9943)
(283, 2, 35977)
(283, 13, 48515)
(283, 280, 44021)
(283, 130, 26990)
(283, 43, 39475)
(283, 19, 41889)
(283, 104, 44603)
(283, 154, 23483)
(283, 203, 49538)
(283, 32, 26499)
(283, 238, 48703)
(283, 83, 54166)
(283, 79, 3972)
(283, 168, 35513)
(283, 153, 42328)
(283, 57, 23501)
(283, 24, 20197)
(283, 136, 7223)
(283, 126, 44466)
(283, 92, 45315)
(283, 242, 12443)
(283, 271, 27949)
(283, 262, 40568)
(283, 151, 9026)
(283, 115, 2376)
(283, 120, 39942)
(283, 225, 49427)
(283, 241, 48698)
(283, 165, 47270)
(283, 138, 29261)
(283, 139, 16718)
(283, 140, 26465)
(283, 252, 21049)
(283, 23, 25657)
(283, 87, 22165)
(283, 131, 23338)
(283, 107, 32999)
(283, 175, 7246)
(283, 178, 54523)
(283, 0, 4150)
(283, 12, 11106)
(283, 60, 8529)
(283, 207, 28881)
(283, 77, 429)
(283, 78, 49420)
(283, 31, 37508)
(283, 196, 28767)
(283, 137, 36384)
(283, 171, 53078)
(283, 11, 43662)
(283, 197, 21673)
(283, 236, 20546)
(283, 212, 24846)
(283, 124, 31865)
(283, 217, 16552)
(283, 70, 9692)
(283, 158, 23090)
(283, 235, 11672)
(283, 243, 32578)
(283, 44, 49035)
(283, 118, 58060)
(284, 282, 9994)
(284, 163, 6165)
(284, 203, 6527)
(284, 243, 13436)
(284, 18, 7562)
(284, 69, 11677)
(284, 12, 23223)
(284, 29, 49472)
(284, 281, 45847)
(284, 245, 5822)
(284, 114, 18728)
(284, 153, 6107)
(284, 233, 10681)
(284, 228, 34445)
(284, 279, 27829)
(284, 258, 55739)
(284, 56, 16672)
(284, 170, 2385)
(284, 197, 48313)
(284, 234, 44969)
(284, 280, 7757)
(284, 174, 21533)
(284, 20, 35908)
(284, 27, 34556)
(284, 257, 29405)
(284, 17, 9090)
(284, 238, 37619)
(284, 176, 23099)
(284, 202, 667)
(284, 65, 3022)
(284, 194, 43128)
(284, 58, 30868)
(284, 68, 12209)
(284, 109, 39426)
(284, 42, 22174)
(284, 164, 6299)
(284, 135, 35098)
(285, 271, 37896)
(285, 205, 38806)
(285, 161, 35498)
(285, 240, 50233)
(285, 157, 12812)
(285, 143, 7202)
(285, 220, 7056)
(285, 133, 42844)
(285, 268, 18537)
(285, 114, 47470)
(285, 277, 24678)
(285, 236, 40892)
(285, 113, 57008)
(285, 163, 50440)
(285, 31, 34367)
(285, 239, 28139)
(285, 99, 31537)
(285, 251, 52693)
(285, 189, 46315)
(285, 37, 34759)
(285, 267, 57888)
(285, 224, 48035)
(285, 57, 9651)
(285, 150, 39145)
(285, 257, 36556)
(285, 85, 30834)
(285, 101, 44540)
(285, 123, 41279)
(285, 34, 20380)
(285, 55, 8112)
(285, 146, 10755)
(285, 105, 28928)
(285, 64, 43768)
(285, 131, 34063)
(285, 229, 46595)
(285, 201, 40679)
(285, 89, 54641)
(285, 152, 44701)
(285, 263, 29652)
(285, 250, 12073)
(285, 67, 20032)
(285, 58, 10652)
(285, 198, 9495)
(285, 47, 40414)
(285, 51, 11746)
(285, 180, 9582)
(285, 107, 53583)
(285, 117, 23235)
(285, 15, 38734)
(285, 264, 19801)
(285, 168, 36757)
(285, 73, 46902)
(285, 59, 41622)
(285, 261, 14820)
(285, 197, 38089)
(285, 128, 6941)
(285, 83, 24148)
(285, 278, 12629)
(285, 35, 14319)
(285, 230, 42182)
(285, 49, 15890)
(285, 190, 4899)
(285, 238, 12263)
(285, 92, 4602)
(285, 26, 50535)
(285, 75, 2683)
(285, 153, 3224)
(285, 214, 19793)
(285, 266, 23352)
(285, 182, 8445)
(285, 103, 41273)
(285, 130, 50286)
(285, 186, 50573)
(285, 194, 2370)
(285, 13, 1267)
(285, 1, 32395)
(285, 210, 58106)
(285, 125, 45757)
(285, 78, 14801)
(285, 0, 39098)
(285, 170, 5647)
(285, 245, 11267)
(285, 140, 2008)
(285, 242, 14812)
(285, 45, 27625)
(285, 139, 56472)
(285, 282, 11768)
(285, 53, 17515)
(285, 109, 25361)
(285, 185, 28775)
(285, 280, 55538)
(285, 165, 971)
(285, 211, 42940)
(285, 63, 27285)
(285, 145, 23396)
(285, 136, 42187)
(285, 110, 48484)
(285, 69, 40128)
(285, 204, 14460)
(285, 111, 56655)
(285, 207, 54035)
(285, 171, 45116)
(285, 184, 43075)
(285, 46, 18970)
(285, 179, 34809)
(285, 160, 57585)
(285, 77, 9972)
(285, 272, 21921)
(285, 33, 55570)
(285, 151, 52361)
(285, 208, 29759)
(285, 121, 53745)
(285, 108, 26479)
(285, 54, 48375)
(285, 81, 36288)
(285, 147, 49615)
(285, 137, 4903)
(285, 227, 55812)
(285, 281, 1387)
(285, 172, 55065)
(285, 30, 22538)
(285, 41, 21311)
(285, 164, 6865)
(285, 71, 14725)
(285, 206, 21655)
(285, 7, 15218)
(285, 3, 48656)
(285, 134, 23016)
(285, 106, 2445)
(285, 16, 17034)
(285, 158, 21983)
(285, 169, 15417)
(285, 6, 14751)
(285, 252, 29550)
(285, 199, 46059)
(285, 148, 53366)
(286, 206, 12912)
(286, 281, 29236)
(286, 120, 9226)
(286, 258, 29588)
(286, 251, 815)
(286, 283, 49607)
(286, 144, 25930)
(286, 55, 47508)
(286, 110, 28253)
(286, 243, 8741)
(286, 226, 3202)
(286, 274, 33431)
(286, 129, 34433)
(286, 96, 57078)
(286, 101, 24905)
(286, 51, 44015)
(286, 44, 5225)
(286, 40, 33785)
(286, 245, 7023)
(286, 128, 7252)
(286, 38, 18496)
(286, 132, 28472)
(286, 87, 11093)
(286, 35, 9556)
(286, 136, 4003)
(286, 225, 53659)
(286, 214, 46538)
(286, 91, 2399)
(286, 254, 57123)
(286, 43, 48184)
(286, 162, 32471)
(286, 223, 16966)
(286, 88, 52673)
(286, 188, 37454)
(286, 3, 34629)
(286, 207, 6708)
(286, 253, 55991)
(286, 131, 35711)
(286, 29, 29305)
(286, 262, 37371)
(286, 107, 34853)
(286, 180, 43721)
(286, 37, 43846)
(286, 12, 44576)
(286, 74, 29929)
(286, 100, 57351)
(286, 135, 46830)
(286, 276, 13625)
(286, 268, 50025)
(286, 193, 43969)
(286, 284, 17694)
(286, 181, 47197)
(286, 269, 21668)
(286, 202, 32384)
(286, 11, 22827)
(286, 261, 48072)
(286, 32, 5959)
(286, 61, 15998)
(286, 221, 6991)
(286, 142, 6318)
(286, 138, 23181)
(286, 266, 46454)
(286, 153, 40707)
(286, 199, 9003)
(286, 248, 1251)
(286, 255, 9295)
(286, 116, 55706)
(286, 15, 19325)
(286, 161, 48684)
(286, 220, 33305)
(286, 117, 9242)
(286, 134, 26097)
(286, 260, 27876)
(286, 76, 17588)
(286, 97, 48912)
(286, 282, 44496)
(286, 45, 46280)
(286, 205, 25770)
(286, 167, 28692)
(286, 197, 34646)
(286, 152, 7834)
(286, 27, 36453)
(286, 34, 50360)
(286, 126, 45813)
(286, 56, 713)
(286, 190, 40774)
(286, 234, 34122)
(286, 185, 315)
(286, 72, 20270)
(286, 182, 46695)
(286, 2, 52182)
(286, 150, 7591)
(286, 224, 31195)
(286, 80, 46886)
(286, 47, 34219)
(286, 238, 35621)
(286, 246, 32677)
(286, 151, 37687)
(286, 59, 35944)
(286, 69, 16856)
(286, 156, 41704)
(286, 252, 43218)
(286, 178, 6999)
(286, 133, 51401)
(286, 173, 36892)
(286, 194, 24018)
(286, 33, 57573)
(286, 195, 16961)
(286, 95, 52011)
(286, 145, 10580)
(286, 166, 408)
(286, 8, 35155)
(286, 57, 12788)
(286, 184, 48077)
(286, 222, 43706)
(286, 105, 47676)
(286, 85, 23824)
(286, 175, 26435)
(286, 4, 35228)
(286, 30, 29286)
(286, 79, 48955)
(286, 31, 26755)
(286, 208, 31545)
(286, 169, 20784)
(286, 67, 30107)
(286, 192, 55921)
(286, 108, 43153)
(286, 13, 16150)
(286, 19, 11187)
(286, 273, 35431)
(286, 89, 50327)
(286, 54, 53146)
(286, 66, 4189)
(286, 218, 26691)
(286, 106, 17319)
(286, 229, 30261)
(286, 26, 45646)
(286, 28, 20328)
(286, 53, 5561)
(286, 25, 43181)
(287, 102, 15858)
(287, 183, 21114)
(287, 146, 7331)
(287, 81, 57871)
(287, 82, 31663)
(287, 172, 4418)
(287, 141, 27107)
(287, 136, 25566)
(287, 89, 27613)
(287, 187, 50197)
(287, 266, 16265)
(287, 85, 28375)
(287, 180, 30840)
(287, 193, 19289)
(287, 92, 27962)
(287, 280, 44061)
(287, 203, 27095)
(287, 115, 27039)
(287, 100, 54288)
(287, 93, 47864)
(287, 173, 48475)
(287, 36, 53408)
(287, 78, 8638)
(287, 264, 20351)
(287, 253, 24418)
(287, 285, 39011)
(287, 161, 42712)
(287, 28, 24080)
(287, 223, 52154)
(287, 286, 26318)
(287, 52, 48822)
(287, 117, 43378)
(287, 11, 56375)
(287, 235, 2412)
(287, 259, 36347)
(287, 230, 16747)
(287, 150, 31666)
(287, 165, 41755)
(287, 282, 4566)
(287, 182, 14671)
(287, 184, 3658)
(287, 97, 16844)
(287, 201, 37160)
(287, 23, 13783)
(287, 121, 9076)
(287, 76, 5537)
(287, 175, 12089)
(287, 267, 30940)
(287, 53, 55537)
(287, 30, 58034)
(287, 42, 57152)
(287, 65, 46996)
(287, 202, 38180)
(287, 7, 20064)
(287, 75, 49431)
(287, 112, 33833)
(287, 258, 26044)
(287, 160, 17149)
(287, 198, 18077)
(287, 135, 17447)
(287, 64, 20665)
(287, 139, 36163)
(287, 241, 46484)
(287, 213, 11888)
(287, 221, 23206)
(287, 25, 20897)
(287, 57, 47099)
(287, 278, 54846)
(287, 164, 26269)
(287, 128, 49688)
(287, 214, 49282)
(287, 58, 2850)
(287, 60, 54317)
(287, 51, 7842)
(287, 8, 11686)
(287, 274, 56844)
(287, 114, 54057)
(287, 129, 36925)
(287, 138, 38598)
(287, 224, 37591)
(287, 154, 19758)
(287, 186, 22658)
(287, 16, 30783)
(287, 242, 30895)
(287, 14, 42337)
(288, 114, 2597)
(288, 284, 2075)
(288, 181, 28950)
(288, 125, 594)
(288, 229, 12905)
(288, 4, 9147)
(288, 80, 21394)
(288, 162, 30752)
(288, 163, 9417)
(288, 168, 13131)
(288, 76, 28880)
(288, 28, 49920)
(289, 164, 41320)
(289, 111, 11306)
(289, 137, 19750)
(289, 99, 22601)
(289, 26, 17938)
(289, 159, 41667)
(289, 131, 57965)
(289, 57, 39774)
(289, 176, 11511)
(289, 74, 14676)
(289, 77, 19101)
(289, 53, 26690)
(289, 216, 36444)
(289, 214, 22552)
(289, 1, 3939)
(289, 175, 45906)
(289, 213, 8927)
(289, 200, 3283)
(289, 189, 46760)
(289, 21, 35000)
(289, 275, 53960)
(289, 61, 57401)
(289, 37, 49600)
(289, 33, 34737)
(289, 193, 50654)
(289, 114, 57375)
(289, 135, 21650)
(289, 236, 31765)
(289, 81, 28416)
(289, 88, 22788)
(289, 155, 5533)
(289, 113, 12767)
(289, 58, 41840)
(289, 253, 38426)
(289, 225, 9471)
(289, 271, 38959)
(289, 92, 11806)
(289, 208, 5732)
(289, 120, 29384)
(289, 146, 22241)
(289, 245, 7218)
(289, 41, 53611)
(289, 69, 41978)
(289, 206, 5434)
(289, 209, 39495)
(289, 24, 58028)
(289, 251, 12535)
(289, 121, 29452)
(289, 202, 49410)
(289, 82, 27308)
(289, 204, 38949)
(289, 56, 6293)
(289, 72, 50090)
(289, 188, 21809)
(289, 142, 50059)
(289, 124, 28850)
(289, 16, 51585)
(289, 165, 17466)
(289, 270, 26419)
(289, 163, 23195)
(289, 50, 6810)
(289, 70, 36451)
(289, 262, 15601)
(289, 10, 30920)
(289, 115, 38412)
(289, 94, 53270)
(289, 268, 22652)
(289, 148, 33588)
(289, 108, 55656)
(289, 60, 12610)
(289, 38, 22925)
(289, 62, 2788)
(289, 211, 13725)
(289, 64, 29008)
(289, 46, 7509)
(289, 104, 52457)
(289, 201, 28143)
(289, 34, 50339)
(289, 2, 28603)
(289, 17, 55213)
(289, 256, 24392)
(289, 80, 54004)
(289, 75, 56512)
(289, 194, 53952)
(289, 278, 8233)
(289, 118, 48175)
(289, 172, 3912)
(289, 234, 19236)
(289, 40, 28766)
(289, 266, 15628)
(289, 22, 12346)
(289, 47, 47707)
(289, 197, 49546)
(289, 119, 41185)
(289, 226, 31564)
(289, 255, 29561)
(289, 39, 18554)
(289, 167, 39564)
(289, 233, 11238)
(289, 171, 2554)
(289, 96, 39601)
(289, 156, 4236)
(289, 103, 28943)
(289, 288, 43061)
(289, 157, 36621)
(289, 215, 50635)
(289, 136, 30307)
(289, 51, 4767)
(289, 279, 957)
(289, 89, 34447)
(289, 105, 11331)
(289, 273, 30927)
(289, 128, 44063)
(289, 110, 14526)
(289, 244, 39167)
(289, 30, 28689)
(289, 229, 7618)
(289, 54, 54055)
(289, 158, 11258)
(289, 205, 30403)
(289, 138, 47124)
(289, 71, 10860)
(289, 143, 11315)
(289, 272, 41746)
(289, 221, 4368)
(289, 281, 27020)
(289, 196, 19199)
(289, 183, 46374)
(289, 31, 25063)
(289, 190, 13808)
(289, 87, 31617)
(289, 287, 34852)
(289, 95, 28996)
(289, 147, 34275)
(289, 93, 21263)
(289, 177, 25141)
(289, 276, 824)
(289, 184, 23390)
(289, 52, 1151)
(289, 269, 31406)
(289, 55, 39764)
(289, 141, 25581)
(289, 145, 36543)
(289, 140, 55360)
(289, 248, 28404)
(289, 144, 33624)
(289, 174, 29123)
(289, 11, 12455)
(289, 91, 20170)
(289, 12, 36986)
(289, 85, 32120)
(289, 254, 15969)
(289, 217, 16508)
(289, 160, 10481)
(289, 45, 20628)
(289, 277, 16893)
(289, 19, 35097)
(289, 224, 50188)
(289, 63, 14774)
(289, 170, 51911)
(289, 29, 33077)
(289, 250, 55397)
(289, 32, 18023)
(289, 149, 18552)
(289, 198, 55311)
(289, 13, 15883)
(289, 260, 33210)
(289, 259, 50918)
(289, 27, 5388)
(289, 36, 23487)
(289, 237, 25517)
(289, 286, 23611)
(289, 162, 2039)
(289, 28, 28367)
(289, 203, 52111)
(289, 35, 31443)
(289, 161, 38404)
(289, 242, 6686)
(289, 227, 20409)
(289, 220, 48859)
(289, 154, 40386)
(289, 0, 38781)
(289, 179, 27742)
(289, 14, 38351)
(289, 178, 54490)
(289, 166, 49878)
(289, 25, 55481)
(289, 199, 7240)
(289, 123, 39039)
(289, 73, 21425)
(289, 247, 35295)
(289, 265, 42600)
(289, 109, 17154)
(289, 181, 3910)
(289, 267, 4466)
(289, 219, 26592)
(289, 246, 43676)
(289, 241, 11035)
(289, 97, 7064)
(289, 117, 49566)
(289, 218, 48106)
(289, 180, 50172)
(289, 258, 12198)
(289, 173, 7087)
(289, 210, 55777)
(289, 282, 25804)
(289, 274, 49678)
(289, 169, 52066)
(289, 127, 6659)
(289, 101, 14310)
(289, 90, 37009)
(289, 228, 48953)
(289, 48, 12550)
(289, 168, 12839)
(289, 185, 52630)
(289, 187, 23061)
(289, 252, 40749)
(289, 9, 39573)
(289, 18, 21761)
(289, 243, 12340)
(289, 130, 5765)
(289, 79, 23458)
(289, 264, 3789)
(289, 239, 51148)
(289, 249, 50250)
(289, 68, 54784)
(289, 151, 35204)
(289, 195, 19958)
(289, 192, 41106)
(289, 49, 45592)
(289, 235, 17367)
(289, 102, 56290)
(289, 280, 450)
(289, 212, 12537)
(289, 59, 16031)
(289, 83, 9189)
(289, 44, 14306)
(289, 66, 4210)
(289, 257, 24451)
(289, 43, 5839)
(289, 122, 977)
(289, 238, 768)
(289, 100, 39152)
(289, 133, 39126)
(289, 152, 2571)
(289, 84, 35960)
(289, 42, 29212)
(289, 132, 23825)
(289, 6, 36906)
(289, 182, 13667)
(289, 284, 28644)
(289, 7, 9351)
(289, 129, 50239)
(289, 8, 11691)
(289, 240, 47796)
(289, 230, 34879)
(289, 20, 30523)
(289, 3, 54815)
(289, 232, 29944)
(289, 107, 6625)
(289, 283, 3802)
(289, 285, 43546)
(289, 231, 5382)
(289, 222, 37966)
(289, 261, 25980)
(289, 263, 29724)
(289, 112, 27645)
(290, 114, 3671)
(290, 226, 1858)
(290, 135, 5914)
(290, 65, 54238)
(290, 126, 34815)
(290, 247, 41670)
(290, 146, 52081)
(290, 77, 50102)
(290, 72, 32370)
(290, 92, 28849)
(290, 129, 24201)
(290, 109, 8199)
(290, 108, 336)
(290, 212, 13679)
(290, 87, 34209)
(290, 11, 53780)
(290, 203, 57175)
(290, 137, 31775)
(290, 47, 20111)
(290, 46, 4738)
(290, 185, 42823)
(290, 34, 34255)
(290, 260, 27241)
(290, 245, 46035)
(290, 230, 55094)
(290, 179, 35386)
(290, 93, 34141)
(290, 67, 56271)
(290, 190, 27195)
(290, 259, 3036)
(290, 102, 6402)
(290, 149, 41244)
(290, 249, 15222)
(290, 85, 51548)
(290, 167, 20487)
(290, 246, 19752)
(290, 207, 19899)
(290, 113, 29796)
(290, 183, 20722)
(290, 155, 19096)
(290, 202, 29156)
(290, 147, 57810)
(290, 170, 51693)
(290, 22, 34503)
(290, 141, 26942)
(290, 150, 49038)
(290, 210, 19859)
(290, 178, 33263)
(290, 283, 24349)
(290, 43, 39322)
(290, 54, 52070)
(290, 50, 2379)
(290, 278, 2363)
(290, 208, 40358)
(290, 1, 9683)
(290, 253, 42221)
(290, 128, 46951)
(290, 182, 17536)
(290, 235, 41644)
(290, 12, 55699)
(290, 251, 42777)
(290, 252, 22999)
(290, 30, 11421)
(290, 69, 36532)
(290, 228, 53674)
(290, 39, 40063)
(290, 74, 49212)
(290, 204, 32608)
(290, 33, 36554)
(290, 272, 2718)
(290, 217, 31401)
(290, 265, 28593)
(290, 258, 21869)
(290, 240, 26998)
(290, 244, 19369)
(290, 105, 42935)
(290, 267, 48933)
(290, 275, 28903)
(290, 263, 20846)
(290, 83, 586)
(290, 6, 29049)
(290, 216, 48507)
(290, 237, 33883)
(290, 236, 34786)
(290, 159, 26346)
(290, 2, 11189)
(290, 5, 14785)
(290, 24, 19881)
(290, 177, 225)
(290, 229, 49811)
(290, 269, 13848)
(290, 57, 21013)
(290, 31, 50734)
(290, 90, 33201)
(290, 194, 53825)
(290, 201, 8811)
(290, 191, 37838)
(290, 271, 44312)
(290, 14, 34676)
(290, 68, 13378)
(290, 152, 37808)
(290, 116, 20381)
(290, 281, 57014)
(290, 20, 14002)
(290, 26, 50266)
(290, 38, 32159)
(290, 120, 32941)
(290, 284, 280)
(290, 96, 39465)
(290, 227, 1841)
(290, 13, 30040)
(290, 37, 28834)
(290, 62, 5174)
(290, 88, 45085)
(290, 175, 53646)
(290, 187, 28750)
(290, 79, 21441)
(290, 285, 8158)
(290, 256, 8732)
(290, 32, 51027)
(290, 9, 12317)
(290, 40, 31996)
(290, 130, 49227)
(290, 220, 8618)
(290, 184, 47497)
(290, 10, 12855)
(290, 168, 30715)
(290, 111, 39164)
(290, 95, 45024)
(290, 214, 43250)
(290, 248, 26707)
(290, 158, 51898)
(290, 279, 38496)
(290, 52, 19318)
(290, 232, 4729)
(290, 44, 42828)
(290, 241, 29516)
(290, 122, 51296)
(290, 181, 42085)
(290, 286, 30037)
(290, 169, 18641)
(290, 4, 44539)
(290, 125, 12891)
(290, 55, 45302)
(290, 53, 8974)
(290, 206, 45804)
(290, 195, 28756)
(290, 136, 33768)
(290, 189, 5290)
(290, 15, 17492)
(290, 200, 49519)
(290, 36, 43780)
(290, 66, 6674)
(290, 172, 32781)
(290, 138, 24860)
(290, 156, 40080)
(290, 60, 249)
(290, 196, 5555)
(290, 145, 21594)
(290, 174, 33202)
(290, 142, 27337)
(290, 49, 29770)
(290, 223, 44775)
(290, 97, 26197)
(290, 164, 34597)
(290, 41, 4136)
(290, 81, 42090)
(290, 153, 16432)
(290, 51, 50469)
(290, 64, 23028)
(290, 289, 12224)
(290, 18, 37271)
(290, 82, 42202)
(290, 94, 56785)
(290, 100, 22429)
(290, 171, 9741)
(290, 176, 10520)
(290, 255, 12398)
(290, 80, 12399)
(290, 99, 34953)
(290, 123, 10808)
(290, 221, 53288)
(290, 28, 4951)
(290, 287, 20110)
(290, 76, 22769)
(290, 215, 28478)
(290, 25, 36239)
(290, 262, 55393)
(290, 115, 35940)
(290, 104, 31691)
(290, 280, 18698)
(290, 211, 39316)
(290, 21, 18245)
(290, 70, 35107)
(290, 288, 18642)
(290, 266, 25870)
(291, 169, 5315)
(291, 180, 21434)
(291, 33, 18239)
(291, 185, 38154)
(291, 148, 32541)
(291, 69, 47121)
(291, 207, 41949)
(291, 103, 37673)
(291, 20, 54209)
(291, 57, 32566)
(291, 55, 27881)
(291, 197, 36628)
(291, 49, 20953)
(291, 237, 51682)
(291, 154, 2627)
(291, 282, 51530)
(291, 4, 43935)
(291, 31, 2025)
(291, 12, 53208)
(291, 183, 3729)
(291, 107, 46174)
(291, 124, 43376)
(291, 166, 41452)
(291, 53, 57997)
(291, 8, 2954)
(291, 287, 45707)
(291, 30, 15835)
(291, 150, 4297)
(291, 40, 47392)
(291, 102, 40959)
(291, 72, 7349)
(291, 151, 46810)
(291, 51, 53511)
(291, 231, 16282)
(291, 61, 3421)
(291, 177, 25382)
(291, 129, 26855)
(291, 109, 56715)
(291, 290, 51343)
(291, 229, 39956)
(291, 249, 48648)
(291, 24, 23430)
(291, 236, 51176)
(291, 130, 26974)
(291, 44, 9738)
(291, 167, 8943)
(291, 178, 40622)
(291, 261, 38988)
(291, 280, 11800)
(291, 7, 12379)
(291, 182, 27233)
(291, 84, 10406)
(291, 86, 41912)
(291, 155, 43266)
(291, 243, 52522)
(291, 119, 15239)
(291, 52, 55963)
(291, 253, 51800)
(291, 90, 33060)
(291, 260, 37290)
(291, 74, 38423)
(291, 10, 380)
(291, 225, 5583)
(291, 105, 49216)
(291, 32, 8230)
(291, 179, 21739)
(291, 38, 22307)
(291, 157, 1230)
(291, 89, 29029)
(291, 35, 24608)
(291, 191, 43010)
(291, 25, 265)
(291, 232, 52086)
(291, 214, 57513)
(291, 80, 29216)
(291, 143, 3675)
(291, 26, 50076)
(291, 198, 37283)
(291, 79, 12442)
(291, 111, 49339)
(291, 276, 17775)
(291, 28, 20876)
(291, 3, 444)
(291, 281, 7251)
(291, 27, 24499)
(291, 58, 20033)
(291, 73, 8744)
(291, 257, 23268)
(291, 112, 6106)
(291, 270, 22994)
(291, 93, 7408)
(291, 274, 35142)
(291, 273, 46536)
(291, 91, 30842)
(291, 95, 18060)
(291, 22, 18741)
(291, 193, 38284)
(291, 36, 15485)
(291, 56, 18065)
(291, 289, 3286)
(291, 140, 49810)
(291, 216, 54067)
(291, 284, 1365)
(291, 106, 27751)
(291, 251, 24368)
(291, 65, 29357)
(291, 21, 3667)
(291, 247, 24733)
(291, 135, 30293)
(291, 108, 37986)
(291, 2, 46126)
(291, 13, 15812)
(291, 201, 47244)
(291, 142, 29701)
(291, 42, 2664)
(291, 37, 46968)
(291, 1, 533)
(291, 206, 13890)
(291, 147, 18204)
(291, 211, 4277)
(291, 184, 46741)
(291, 248, 52607)
(291, 278, 41195)
(291, 123, 34968)
(291, 176, 22142)
(291, 187, 56393)
(291, 126, 24124)
(291, 175, 54590)
(291, 286, 2498)
(291, 43, 26683)
(291, 164, 28986)
(291, 220, 21412)
(291, 48, 9345)
(291, 171, 26807)
(291, 217, 36321)
(291, 9, 17945)
(291, 277, 50831)
(291, 122, 21707)
(291, 87, 39628)
(291, 162, 29242)
(291, 76, 27155)
(291, 141, 31066)
(291, 121, 6988)
(291, 256, 54940)
(291, 146, 47660)
(291, 245, 19196)
(291, 18, 44814)
(291, 145, 41961)
(291, 210, 53388)
(291, 205, 27244)
(291, 190, 3051)
(291, 116, 3495)
(291, 6, 33702)
(291, 239, 4955)
(291, 203, 32030)
(291, 120, 33907)
(291, 131, 7974)
(291, 23, 18106)
(291, 255, 15551)
(291, 223, 25393)
(291, 0, 47536)
(291, 41, 55234)
(291, 259, 12033)
(291, 170, 10977)
(291, 168, 35109)
(291, 200, 44280)
(291, 54, 35309)
(291, 241, 32633)
(291, 75, 52903)
(291, 226, 14160)
(291, 227, 29192)
(291, 64, 12312)
(291, 14, 6444)
(291, 125, 34945)
(291, 104, 21123)
(291, 67, 15854)
(291, 153, 55125)
(291, 59, 6502)
(291, 138, 40260)
(291, 234, 54976)
(291, 16, 4463)
(291, 45, 25508)
(291, 101, 9103)
(291, 242, 53035)
(291, 188, 21786)
(291, 213, 47894)
(291, 267, 22874)
(291, 62, 40276)
(291, 66, 43409)
(291, 70, 21876)
(291, 202, 12454)
(291, 97, 13643)
(291, 160, 38051)
(291, 161, 29228)
(291, 258, 4112)
(291, 283, 16760)
(291, 11, 22612)
(291, 192, 47994)
(291, 149, 49223)
(292, 16, 21056)
(292, 104, 46812)
(292, 180, 22963)
(292, 102, 2891)
(292, 77, 36753)
(292, 237, 23279)
(292, 214, 12866)
(292, 47, 26519)
(292, 57, 19254)
(292, 203, 1285)
(292, 89, 39263)
(292, 234, 52375)
(292, 241, 4415)
(292, 86, 2654)
(292, 17, 44479)
(292, 204, 28212)
(292, 101, 655)
(292, 95, 21891)
(292, 0, 45965)
(292, 131, 7151)
(292, 128, 39718)
(292, 123, 39543)
(292, 138, 14154)
(292, 160, 3285)
(292, 68, 8839)
(292, 48, 34488)
(292, 63, 52402)
(292, 233, 50413)
(292, 81, 46093)
(292, 215, 14904)
(292, 202, 22686)
(292, 200, 40574)
(292, 245, 25563)
(292, 156, 15502)
(292, 153, 37469)
(292, 210, 49166)
(292, 144, 10129)
(292, 3, 35485)
(292, 67, 29473)
(292, 218, 46243)
(292, 75, 31608)
(292, 266, 42798)
(292, 114, 15122)
(292, 1, 11824)
(292, 91, 47388)
(292, 18, 2431)
(292, 46, 27132)
(292, 42, 54396)
(292, 164, 46194)
(292, 111, 52442)
(292, 78, 10428)
(292, 71, 22065)
(292, 137, 36950)
(292, 155, 34923)
(292, 183, 28550)
(292, 72, 12013)
(292, 231, 50625)
(292, 259, 20238)
(292, 53, 38944)
(292, 73, 26223)
(292, 142, 56314)
(292, 166, 31247)
(292, 120, 23154)
(292, 227, 29605)
(292, 281, 5383)
(292, 99, 9893)
(292, 116, 17522)
(292, 165, 39616)
(292, 291, 22017)
(292, 289, 26985)
(292, 171, 35665)
(292, 100, 38106)
(292, 33, 9686)
(292, 30, 26256)
(292, 134, 13903)
(292, 12, 30061)
(292, 174, 10266)
(292, 145, 53309)
(292, 273, 18558)
(292, 168, 45284)
(292, 283, 11795)
(292, 52, 33460)
(292, 242, 6843)
(292, 222, 19559)
(292, 146, 25238)
(292, 60, 34125)
(292, 262, 21708)
(292, 258, 3967)
(292, 65, 25757)
(292, 172, 29450)
(292, 135, 55368)
(292, 280, 13474)
(292, 236, 54165)
(292, 49, 57065)
(292, 152, 32563)
(292, 119, 29443)
(292, 79, 21619)
(292, 249, 32418)
(292, 186, 20938)
(292, 2, 55869)
(292, 45, 10870)
(292, 92, 31190)
(292, 94, 9222)
(292, 58, 36129)
(292, 21, 49593)
(292, 39, 12474)
(292, 38, 43717)
(292, 27, 3902)
(292, 284, 57355)
(292, 181, 42603)
(292, 176, 23368)
(292, 113, 26667)
(292, 187, 44754)
(292, 285, 21779)
(292, 268, 16210)
(292, 20, 57990)
(292, 253, 28697)
(292, 148, 43275)
(292, 93, 53796)
(292, 279, 39882)
(292, 162, 27989)
(292, 127, 56699)
(292, 287, 10506)
(292, 107, 15312)
(292, 158, 38484)
(293, 284, 54372)
(293, 179, 17188)
(293, 5, 15374)
(293, 92, 17378)
(293, 226, 32548)
(293, 100, 6664)
(293, 12, 13039)
(293, 133, 56301)
(293, 33, 31196)
(293, 246, 23627)
(293, 77, 26965)
(293, 20, 47326)
(293, 260, 27719)
(293, 228, 43833)
(293, 150, 47886)
(293, 97, 9251)
(293, 126, 50049)
(293, 86, 51053)
(293, 98, 17966)
(293, 222, 52762)
(293, 72, 34202)
(293, 89, 7502)
(293, 255, 51316)
(293, 197, 8616)
(293, 171, 44155)
(293, 291, 19271)
(293, 244, 56442)
(293, 156, 50097)
(293, 221, 51953)
(293, 13, 24186)
(293, 225, 34533)
(293, 137, 49905)
(293, 30, 39763)
(293, 141, 45917)
(293, 123, 54690)
(293, 57, 6969)
(293, 288, 54704)
(293, 81, 31325)
(293, 16, 29635)
(293, 24, 55826)
(293, 208, 2494)
(293, 14, 3894)
(293, 131, 50991)
(293, 257, 733)
(293, 48, 20293)
(293, 278, 26235)
(293, 270, 57792)
(293, 220, 12781)
(293, 56, 47682)
(293, 219, 35047)
(293, 173, 904)
(293, 236, 22809)
(293, 159, 54864)
(293, 192, 5004)
(293, 105, 45390)
(293, 38, 37093)
(293, 42, 9563)
(293, 9, 27783)
(293, 104, 5593)
(293, 252, 2770)
(293, 292, 16523)
(293, 196, 40338)
(293, 277, 12040)
(293, 127, 53104)
(293, 129, 36760)
(293, 199, 4093)
(293, 152, 54281)
(293, 265, 13065)
(293, 234, 48562)
(293, 241, 1337)
(293, 193, 45064)
(293, 11, 10331)
(293, 49, 12101)
(293, 240, 34745)
(293, 182, 47641)
(293, 110, 51480)
(293, 85, 21824)
(293, 142, 3965)
(293, 25, 34620)
(293, 271, 19042)
(293, 203, 49858)
(293, 71, 6238)
(293, 177, 54682)
(293, 273, 43592)
(293, 204, 43804)
(293, 206, 5961)
(293, 47, 26497)
(293, 184, 56615)
(293, 158, 1481)
(293, 7, 5209)
(293, 65, 41266)
(293, 60, 52806)
(293, 3, 7593)
(293, 28, 36323)
(293, 205, 12644)
(293, 242, 21401)
(293, 210, 67)
(293, 151, 39567)
(293, 276, 13690)
(293, 121, 51843)
(293, 23, 11869)
(293, 239, 663)
(293, 161, 24644)
(293, 254, 29630)
(293, 116, 46331)
(293, 149, 56830)
(293, 88, 2540)
(293, 235, 53312)
(293, 229, 40217)
(293, 79, 15126)
(293, 140, 21501)
(293, 107, 32845)
(293, 266, 20003)
(293, 217, 5841)
(293, 230, 53073)
(293, 84, 33016)
(293, 272, 35412)
(293, 27, 23132)
(293, 213, 53444)
(293, 256, 869)
(293, 95, 16203)
(293, 200, 57725)
(293, 253, 44182)
(293, 280, 41419)
(293, 188, 50607)
(293, 212, 24873)
(293, 2, 2493)
(293, 285, 12778)
(293, 40, 6173)
(293, 120, 25962)
(293, 122, 5175)
(293, 144, 19368)
(293, 125, 52059)
(293, 218, 5374)
(293, 261, 6051)
(293, 74, 19498)
(293, 78, 9920)
(293, 170, 7943)
(293, 237, 40445)
(293, 247, 55903)
(293, 157, 25019)
(293, 215, 15530)
(293, 83, 33045)
(293, 4, 53207)
(293, 118, 55898)
(293, 186, 48315)
(293, 279, 22189)
(293, 287, 32824)
(293, 69, 9866)
(293, 201, 43556)
(293, 263, 1471)
(293, 167, 45362)
(293, 43, 31445)
(293, 216, 30650)
(293, 211, 56161)
(293, 22, 40642)
(293, 166, 55141)
(293, 102, 428)
(293, 227, 32996)
(293, 283, 23925)
(293, 231, 24818)
(293, 250, 27313)
(293, 10, 48520)
(293, 233, 53088)
(293, 128, 53978)
(293, 269, 28364)
(293, 117, 30209)
(293, 223, 3805)
(293, 251, 57086)
(293, 132, 30979)
(293, 52, 31705)
(293, 99, 15213)
(293, 75, 12246)
(294, 40, 58112)
(294, 59, 37564)
(294, 252, 21075)
(294, 58, 29198)
(294, 28, 50380)
(294, 158, 10478)
(294, 257, 51903)
(294, 186, 21137)
(295, 254, 31334)
(295, 168, 23140)
(295, 223, 46863)
(295, 60, 13362)
(295, 244, 45337)
(295, 5, 3955)
(295, 15, 22798)
(295, 155, 28971)
(295, 138, 50648)
(295, 44, 50619)
(295, 61, 57143)
(295, 31, 37387)
(295, 33, 35434)
(295, 191, 20367)
(295, 250, 11969)
(295, 135, 15683)
(295, 29, 43046)
(295, 196, 27122)
(295, 95, 16297)
(295, 263, 10740)
(295, 291, 18543)
(295, 247, 54539)
(295, 194, 39083)
(295, 109, 10762)
(295, 102, 48663)
(295, 286, 5111)
(295, 187, 15652)
(295, 97, 684)
(295, 115, 10543)
(295, 293, 54967)
(295, 258, 41133)
(295, 260, 33046)
(295, 20, 47491)
(295, 207, 38435)
(295, 271, 20502)
(295, 99, 13116)
(295, 88, 11391)
(295, 277, 23525)
(295, 163, 54730)
(295, 130, 55347)
(295, 92, 8416)
(295, 180, 53251)
(295, 238, 41506)
(295, 241, 7443)
(295, 37, 46474)
(295, 215, 36715)
(295, 83, 33790)
(295, 268, 46530)
(295, 275, 50082)
(295, 89, 37462)
(295, 255, 31533)
(295, 123, 4226)
(295, 237, 43457)
(295, 159, 8162)
(295, 292, 31480)
(295, 96, 30590)
(295, 266, 25148)
(295, 162, 22838)
(295, 116, 12738)
(295, 251, 26087)
(295, 64, 32230)
(295, 213, 34212)
(295, 50, 9469)
(295, 108, 20395)
(295, 166, 39156)
(295, 114, 25161)
(295, 38, 12071)
(295, 203, 9034)
(295, 0, 37427)
(295, 146, 13935)
(295, 253, 47544)
(295, 63, 17499)
(295, 21, 4298)
(295, 8, 56310)
(295, 9, 45090)
(295, 176, 30145)
(295, 259, 28889)
(295, 120, 10398)
(295, 81, 45235)
(295, 18, 44721)
(295, 228, 28152)
(295, 111, 995)
(295, 58, 46601)
(295, 139, 49403)
(295, 199, 15125)
(295, 290, 24164)
(295, 85, 47671)
(295, 189, 17043)
(295, 136, 34553)
(295, 133, 25579)
(295, 76, 53860)
(295, 240, 37280)
(295, 71, 48830)
(295, 156, 34032)
(295, 245, 26369)
(295, 118, 6814)
(295, 68, 2183)
(295, 147, 19312)
(295, 7, 51589)
(295, 280, 30899)
(295, 182, 13330)
(295, 52, 42705)
(295, 66, 46660)
(295, 285, 14530)
(295, 234, 37848)
(295, 84, 32301)
(295, 103, 3186)
(296, 205, 50870)
(296, 17, 46421)
(296, 63, 4982)
(296, 245, 22635)
(296, 132, 33713)
(296, 222, 50653)
(296, 3, 53791)
(296, 263, 28040)
(296, 280, 51637)
(296, 93, 4702)
(296, 50, 33098)
(296, 165, 30463)
(296, 182, 23616)
(296, 148, 12872)
(296, 22, 11757)
(296, 83, 5247)
(296, 208, 47729)
(296, 235, 57257)
(296, 25, 23888)
(296, 26, 14638)
(296, 226, 21838)
(297, 98, 58123)
(297, 179, 8296)
(297, 259, 23113)
(297, 125, 43372)
(297, 13, 970)
(297, 214, 7361)
(297, 91, 28837)
(297, 45, 14337)
(297, 64, 39830)
(297, 8, 46877)
(297, 188, 21489)
(297, 82, 14443)
(297, 57, 30492)
(297, 42, 14813)
(297, 288, 30521)
(297, 270, 18864)
(297, 205, 47005)
(297, 69, 54417)
(297, 53, 35136)
(297, 120, 36472)
(297, 130, 23795)
(297, 138, 34747)
(297, 151, 46950)
(297, 122, 2620)
(297, 55, 33361)
(297, 227, 12229)
(297, 54, 32610)
(297, 105, 41559)
(297, 150, 5461)
(297, 293, 5047)
(297, 88, 34248)
(297, 182, 45794)
(297, 80, 30733)
(297, 264, 7612)
(297, 232, 4343)
(297, 263, 33401)
(297, 220, 5578)
(297, 177, 4819)
(297, 137, 49120)
(297, 267, 2435)
(297, 206, 51297)
(297, 186, 52837)
(297, 209, 41862)
(297, 233, 53735)
(297, 197, 40371)
(297, 294, 7345)
(297, 207, 7806)
(297, 185, 31991)
(297, 246, 15563)
(297, 140, 30250)
(297, 78, 52035)
(297, 252, 7672)
(297, 155, 8116)
(298, 28, 52312)
(298, 166, 18418)
(298, 2, 11866)
(298, 15, 24580)
(298, 180, 17218)
(298, 139, 18080)
(298, 106, 41764)
(298, 89, 45172)
(298, 219, 6215)
(298, 260, 55685)
(298, 278, 18121)
(298, 212, 24798)
(298, 64, 24754)
(298, 116, 36883)
(298, 124, 10725)
(298, 74, 5394)
(298, 170, 25755)
(298, 37, 38143)
(298, 295, 10166)
(298, 163, 24932)
(298, 73, 20022)
(298, 169, 48728)
(298, 192, 48919)
(298, 229, 16415)
(298, 220, 25149)
(298, 67, 52146)
(298, 217, 16478)
(298, 177, 6096)
(298, 226, 13980)
(298, 239, 47240)
(298, 286, 19411)
(298, 61, 32052)
(298, 233, 55229)
(298, 71, 52576)
(298, 108, 52760)
(298, 172, 2159)
(298, 182, 38883)
(298, 197, 37478)
(298, 225, 10228)
(298, 27, 11368)
(298, 16, 44715)
(298, 294, 50800)
(298, 156, 19927)
(298, 204, 5612)
(298, 109, 15210)
(298, 247, 43402)
(298, 120, 9390)
(298, 121, 1869)
(298, 188, 35458)
(298, 149, 35842)
(298, 261, 51448)
(298, 288, 10184)
(298, 49, 49401)
(298, 119, 53290)
(298, 280, 9955)
(298, 253, 28897)
(298, 277, 31974)
(298, 206, 6557)
(298, 122, 17535)
(298, 83, 17909)
(298, 228, 4937)
(298, 270, 32319)
(298, 249, 56102)
(298, 95, 29951)
(298, 79, 36857)
(298, 66, 53566)
(298, 99, 54845)
(298, 194, 23444)
(298, 223, 18501)
(298, 176, 45143)
(298, 290, 10389)
(298, 115, 34914)
(298, 29, 32347)
(298, 265, 45756)
(298, 221, 43608)
(298, 45, 46180)
(298, 158, 10915)
(298, 200, 9021)
(298, 193, 50642)
(298, 191, 57118)
(298, 273, 14385)
(298, 127, 30990)
(298, 111, 46200)
(298, 21, 24004)
(298, 58, 5770)
(298, 148, 10113)
(298, 31, 13726)
(298, 3, 32525)
(298, 78, 2694)
(298, 181, 19237)
(298, 19, 16410)
(298, 118, 12005)
(298, 38, 40457)
(298, 134, 19871)
(298, 154, 25538)
(298, 141, 56599)
(298, 12, 23980)
(298, 258, 4501)
(298, 87, 48596)
(298, 235, 29961)
(298, 110, 24630)
(298, 146, 6637)
(298, 22, 56561)
(298, 54, 47666)
(298, 132, 24145)
(298, 76, 54450)
(298, 136, 38331)
(298, 262, 23439)
(298, 160, 39540)
(298, 227, 54277)
(298, 168, 53486)
(298, 289, 44928)
(298, 30, 10339)
(298, 85, 54439)
(298, 57, 858)
(298, 257, 10065)
(298, 104, 43705)
(298, 205, 1181)
(298, 213, 18006)
(298, 1, 53525)
(298, 72, 24971)
(298, 131, 24980)
(298, 159, 11268)
(298, 103, 29057)
(298, 215, 39463)
(298, 151, 25120)
(298, 42, 13788)
(298, 81, 13519)
(298, 250, 24933)
(298, 24, 16719)
(298, 4, 42677)
(298, 263, 51742)
(298, 68, 32945)
(298, 198, 4111)
(298, 77, 25237)
(298, 80, 12611)
(298, 10, 41069)
(298, 147, 56582)
(298, 93, 34673)
(298, 190, 24821)
(298, 75, 33307)
(298, 129, 11493)
(298, 297, 29032)
(298, 11, 36984)
(298, 232, 29740)
(298, 97, 1118)
(298, 32, 31043)
(298, 246, 45625)
(298, 128, 19253)
(298, 236, 55891)
(298, 268, 3664)
(298, 91, 16083)
(298, 36, 36989)
(298, 51, 24576)
(298, 126, 18965)
(298, 167, 23907)
(298, 157, 38021)
(298, 33, 2197)
(298, 138, 13387)
(298, 293, 32077)
(298, 82, 29108)
(298, 281, 2212)
(298, 185, 17227)
(298, 59, 18523)
(298, 142, 36787)
(298, 245, 44919)
(298, 234, 37518)
(298, 6, 2035)
(298, 162, 51799)
(298, 101, 3049)
(298, 267, 22592)
(298, 34, 52281)
(298, 174, 28447)
(298, 130, 10624)
(298, 62, 13977)
(298, 65, 55515)
(298, 274, 54838)
(298, 17, 42596)
(298, 283, 2042)
(298, 244, 44366)
(298, 96, 31569)
(298, 14, 38078)
(298, 90, 35330)
(298, 207, 49399)
(298, 143, 8490)
(298, 292, 52466)
(298, 276, 16787)
(298, 173, 36322)
(298, 8, 52010)
(298, 35, 34014)
(298, 94, 5758)
(298, 256, 45132)
(298, 55, 39272)
(298, 189, 54182)
(298, 161, 1929)
(298, 184, 4490)
(298, 86, 3451)
(298, 282, 42008)
(298, 44, 55639)
(298, 240, 57412)
(298, 171, 55478)
(298, 271, 5376)
(298, 112, 21294)
(298, 69, 33087)
(298, 208, 23634)
(298, 145, 21934)
(298, 144, 15746)
(298, 224, 49064)
(298, 209, 42766)
(298, 291, 45567)
(298, 230, 39747)
(298, 179, 51601)
(298, 269, 15754)
(298, 5, 27257)
(298, 60, 17924)
(298, 165, 23285)
(298, 201, 40172)
(298, 264, 15695)
(298, 26, 16704)
(298, 238, 18957)
(298, 241, 6694)
(298, 140, 40146)
(298, 105, 54352)
(298, 102, 52987)
(298, 218, 30234)
(298, 248, 48327)
(298, 125, 51335)
(298, 48, 26252)
(299, 117, 51058)
(299, 104, 13348)
(299, 248, 1679)
(299, 87, 22163)
(299, 25, 39298)
(299, 60, 43018)
(299, 190, 26377)
(299, 148, 18578)
(299, 275, 38196)
(299, 243, 48098)
(299, 298, 57576)
(299, 146, 27603)
(299, 93, 36014)
(299, 169, 18229)
(299, 84, 35447)
(299, 23, 19592)
(299, 10, 48741)
(299, 189, 46159)
(299, 106, 9989)
(299, 50, 9999)
(299, 4, 4861)
(299, 266, 16113)
(299, 132, 52777)
(299, 173, 15771)
(299, 272, 24195)
(299, 135, 24076)
(299, 183, 55195)
(299, 97, 36215)
(299, 96, 8524)
(299, 284, 26657)
(299, 259, 32040)
(299, 37, 41219)
(299, 2, 6780)
(299, 225, 10524)
(299, 99, 39577)
(299, 178, 53634)
(299, 53, 582)
(299, 13, 53574)
(299, 176, 43085)
(299, 188, 16898)
(299, 241, 30956)
(299, 71, 1035)
(299, 59, 37444)
(300, 152, 11441)
(300, 295, 11305)
(300, 49, 26827)
(300, 29, 4656)
(300, 171, 43542)
(300, 270, 45482)
(300, 72, 8391)
(300, 269, 30539)
(300, 177, 55847)
(300, 14, 42742)
(300, 123, 24408)
(300, 261, 30757)
(300, 102, 4953)
(300, 9, 45384)
(300, 84, 48706)
(300, 179, 41071)
(300, 121, 41396)
(300, 101, 11296)
(300, 209, 6030)
(300, 222, 36177)
(300, 272, 38970)
(300, 25, 45677)
(300, 63, 44291)
(300, 146, 40655)
(300, 83, 19051)
(300, 57, 43184)
(300, 28, 5966)
(300, 161, 12856)
(300, 155, 41999)
(300, 139, 17325)
(300, 43, 42931)
(300, 162, 43141)
(300, 64, 2057)
(300, 39, 27633)
(300, 241, 15238)
(300, 289, 23738)
(300, 278, 18999)
(300, 100, 41004)
(300, 89, 6688)
(300, 195, 33674)
(300, 143, 21097)
(300, 240, 12157)
(300, 230, 32722)
(300, 170, 951)
(300, 189, 24297)
(300, 11, 30217)
(300, 257, 35507)
(300, 104, 16290)
(300, 178, 5073)
(300, 91, 41820)
(300, 33, 48974)
(300, 193, 13791)
(300, 54, 4806)
(300, 149, 53428)
(300, 156, 30881)
(300, 131, 19197)
(300, 58, 34718)
(300, 251, 6764)
(300, 248, 29451)
(300, 258, 43539)
(300, 256, 44703)
(300, 242, 16782)
(300, 268, 5037)
(300, 267, 9693)
(300, 120, 34554)
(300, 229, 35394)
(300, 48, 37105)
(300, 201, 46149)
(300, 61, 52836)
(300, 190, 302)
(300, 98, 41403)
(300, 265, 3603)
(300, 55, 24851)
(300, 238, 26971)
(300, 276, 13795)
(300, 88, 51822)
(300, 32, 51951)
(300, 27, 22279)
(300, 211, 2980)
(300, 216, 25501)
(300, 288, 43193)
(300, 107, 46210)
(300, 80, 40879)
(300, 158, 53679)
(300, 96, 22964)
(300, 181, 14178)
(300, 23, 6330)
(300, 21, 44979)
(300, 1, 29429)
(300, 42, 8711)
(300, 293, 20112)
(300, 262, 49473)
(300, 283, 44059)
(300, 17, 28215)
(300, 3, 26420)
(300, 133, 2707)
(300, 215, 53144)
(300, 126, 34022)
(300, 142, 19261)
(300, 204, 9655)
(300, 165, 45378)
(300, 182, 37122)
(300, 244, 36905)
(300, 71, 25418)
(300, 24, 4049)
(300, 6, 48080)
(300, 73, 52270)
(300, 208, 30273)
(300, 159, 38267)
(300, 4, 53200)
(300, 292, 12054)
(300, 226, 27153)
(300, 236, 55653)
(300, 245, 51167)
(300, 114, 28343)
(300, 8, 680)
(300, 99, 48951)
(300, 45, 47106)
(300, 219, 31156)
(300, 119, 30189)
(300, 138, 8997)
(300, 95, 13315)
(300, 185, 37996)
(300, 109, 36254)
(300, 111, 15171)
(300, 163, 35623)
(300, 147, 30453)
(300, 206, 32470)
(300, 56, 18177)
(300, 284, 57626)
(300, 76, 21874)
(300, 90, 33754)
(300, 298, 41771)
(300, 65, 28948)
(300, 213, 919)
(300, 87, 36845)
(300, 168, 267)
(300, 274, 30999)
(300, 44, 23896)
(300, 249, 15770)
(300, 117, 15205)
(300, 53, 37915)
(300, 10, 4578)
(300, 85, 42990)
(300, 169, 38562)
(300, 202, 29569)
(300, 35, 56406)
(300, 260, 5241)
(300, 184, 4929)
(300, 154, 55366)
(300, 116, 19929)
(300, 252, 26030)
(300, 167, 46772)
(300, 127, 46483)
(300, 150, 51195)
(300, 228, 16723)
(300, 237, 30084)
(300, 66, 30703)
(300, 151, 39992)
(300, 122, 854)
(300, 235, 50288)
(300, 227, 32017)
(300, 19, 13948)
(300, 51, 27421)
(300, 38, 12631)
(300, 212, 32750)
(300, 214, 57338)
(300, 174, 44853)
(300, 180, 12840)
(300, 286, 32488)
(300, 22, 29607)
(300, 5, 45212)
(300, 141, 43697)
(300, 97, 49863)
(300, 197, 30695)
(300, 210, 36832)
(300, 281, 14266)
(300, 246, 38956)
(300, 233, 45680)
(300, 188, 48542)
(300, 200, 42216)
(300, 92, 6614)
(300, 153, 29510)
(300, 218, 17054)
(300, 78, 29133)
(300, 86, 8574)
(300, 221, 2298)
(300, 220, 11759)
(300, 46, 48381)
(300, 282, 8074)
(300, 40, 7691)
(300, 37, 13064)
(300, 280, 46502)
(300, 59, 16915)
(300, 203, 8194)
(300, 132, 34751)
(300, 173, 9340)
(300, 255, 52772)
(300, 217, 40163)
(300, 81, 16328)
(300, 82, 19999)
(300, 20, 26446)
(300, 299, 29983)
(300, 69, 42686)
(300, 36, 22258)
(300, 62, 45945)
(300, 247, 2424)
(300, 198, 30142)
(300, 2, 27238)
(300, 124, 12382)
(300, 129, 46982)
(300, 18, 22678)
(300, 231, 32844)
(300, 52, 27960)
(300, 93, 35777)
(300, 26, 44430)
(300, 7, 32736)
(300, 148, 53703)
(300, 166, 34278)
(300, 224, 39120)
(300, 103, 12282)
(300, 160, 9434)
(300, 294, 51714)
(300, 67, 189)
(301, 140, 16436)
(301, 22, 13931)
(301, 144, 7880)
(301, 236, 26487)
(301, 169, 21570)
(301, 289, 53217)
(301, 244, 19408)
(301, 247, 37266)
(301, 280, 29687)
(301, 291, 51798)
(301, 73, 30398)
(301, 235, 51339)
(301, 201, 45908)
(301, 198, 15711)
(301, 135, 1096)
(301, 54, 53588)
(301, 133, 40926)
(301, 240, 29263)
(301, 271, 45083)
(301, 203, 35588)
(301, 3, 11257)
(301, 126, 48154)
(301, 1, 25549)
(301, 92, 38922)
(301, 197, 50307)
(301, 149, 21569)
(301, 237, 8628)
(301, 68, 43952)
(301, 227, 26503)
(301, 98, 9100)
(301, 36, 22543)
(301, 228, 42917)
(301, 216, 54759)
(301, 100, 41715)
(301, 238, 53220)
(301, 103, 37980)
(301, 168, 27848)
(301, 64, 37051)
(301, 266, 14684)
(301, 67, 54987)
(301, 59, 21612)
(301, 177, 33997)
(301, 94, 21188)
(301, 245, 1546)
(301, 42, 32121)
(301, 81, 15535)
(301, 111, 47893)
(301, 6, 13149)
(301, 258, 23782)
(301, 13, 18425)
(301, 200, 18293)
(301, 21, 39229)
(301, 117, 25845)
(301, 9, 9228)
(301, 243, 11502)
(301, 93, 16978)
(301, 191, 23492)
(301, 194, 12704)
(301, 108, 47663)
(301, 211, 18705)
(301, 130, 56796)
(301, 119, 42799)
(301, 29, 40456)
(301, 31, 20048)
(301, 293, 13048)
(301, 101, 2400)
(301, 251, 5213)
(301, 176, 15775)
(301, 187, 27692)
(301, 218, 7652)
(301, 174, 22477)
(301, 99, 11545)
(301, 48, 32713)
(301, 145, 47273)
(301, 163, 53628)
(301, 95, 9698)
(301, 242, 24289)
(301, 213, 19349)
(301, 131, 24583)
(301, 205, 17301)
(301, 297, 11695)
(301, 160, 2417)
(301, 123, 40153)
(301, 40, 2472)
(301, 207, 304)
(302, 126, 1228)
(302, 81, 53210)
(302, 144, 53546)
(302, 48, 26972)
(302, 247, 26375)
(302, 220, 25792)
(302, 297, 40191)
(302, 132, 45382)
(302, 274, 30579)
(302, 100, 56128)
(302, 15, 32575)
(302, 19, 40170)
(302, 204, 23754)
(302, 155, 33391)
(302, 145, 55436)
(302, 153, 9885)
(302, 223, 7310)
(302, 86, 56468)
(302, 172, 11960)
(302, 193, 46001)
(302, 178, 38475)
(302, 173, 41176)
(302, 219, 17173)
(302, 119, 39401)
(302, 260, 50367)
(302, 148, 12241)
(302, 3, 34549)
(302, 159, 15152)
(302, 27, 50344)
(302, 125, 21072)
(302, 168, 37700)
(302, 64, 52672)
(302, 60, 19340)
(302, 227, 14562)
(302, 186, 37575)
(302, 129, 7876)
(302, 165, 4030)
(302, 131, 53561)
(302, 89, 23864)
(302, 284, 52767)
(302, 298, 36542)
(302, 116, 18460)
(302, 111, 31050)
(302, 147, 7220)
(302, 84, 390)
(302, 69, 20162)
(302, 293, 4646)
(302, 264, 50522)
(302, 289, 52028)
(303, 31, 47849)
(303, 293, 6266)
(303, 185, 3673)
(303, 165, 38316)
(303, 219, 38721)
(303, 161, 33471)
(303, 107, 2947)
(303, 16, 7807)
(303, 17, 38897)
(303, 244, 48884)
(303, 143, 41096)
(303, 290, 12126)
(303, 250, 45348)
(303, 19, 39324)
(303, 11, 20177)
(303, 206, 6551)
(303, 211, 24450)
(303, 203, 26584)
(303, 92, 29767)
(303, 231, 56608)
(303, 14, 21539)
(303, 264, 26355)
(303, 174, 32587)
(303, 69, 25101)
(303, 47, 37033)
(303, 142, 43832)
(303, 115, 12917)
(303, 44, 53752)
(303, 154, 49609)
(303, 135, 5665)
(303, 197, 42113)
(303, 81, 26109)
(303, 117, 14089)
(303, 30, 7944)
(303, 58, 12981)
(303, 215, 41830)
(303, 34, 17888)
(303, 239, 39314)
(303, 116, 18069)
(303, 100, 56634)
(303, 60, 55142)
(303, 42, 39826)
(303, 105, 5941)
(303, 133, 49554)
(303, 63, 10409)
(303, 189, 36231)
(303, 276, 40511)
(303, 166, 11689)
(303, 89, 38785)
(303, 41, 4279)
(303, 156, 4043)
(303, 297, 50604)
(303, 194, 38177)
(303, 181, 17458)
(303, 145, 55747)
(303, 88, 10487)
(303, 20, 40543)
(303, 283, 49268)
(303, 59, 1556)
(303, 240, 18489)
(303, 118, 12495)
(303, 71, 34797)
(303, 136, 36646)
(303, 108, 52526)
(303, 43, 52053)
(303, 254, 14083)
(303, 178, 8583)
(303, 213, 13611)
(303, 91, 47266)
(303, 153, 31073)
(303, 76, 46099)
(303, 119, 40783)
(303, 235, 32652)
(303, 51, 53771)
(303, 245, 12311)
(303, 301, 37181)
(303, 208, 12660)
(303, 198, 19246)
(303, 39, 50186)
(303, 299, 43226)
(303, 266, 32057)
(303, 257, 57679)
(303, 209, 56148)
(303, 132, 15299)
(303, 202, 6380)
(303, 234, 14680)
(303, 24, 28773)
(303, 168, 2054)
(303, 270, 15631)
(303, 258, 11045)
(303, 52, 49413)
(303, 0, 35398)
(303, 255, 16128)
(303, 50, 41892)
(303, 163, 5854)
(303, 111, 50856)
(303, 150, 13723)
(303, 57, 22420)
(303, 22, 19131)
(303, 3, 29713)
(303, 269, 47246)
(303, 230, 28223)
(303, 176, 6855)
(303, 147, 39213)
(303, 28, 211)
(303, 286, 53775)
(303, 86, 5325)
(303, 83, 10407)
(303, 138, 43001)
(303, 271, 12821)
(303, 196, 20165)
(303, 193, 19316)
(303, 55, 53731)
(303, 175, 18755)
(303, 188, 1218)
(303, 96, 43652)
(303, 87, 270)
(303, 212, 3253)
(303, 141, 9545)
(303, 227, 11880)
(303, 40, 8681)
(303, 46, 955)
(303, 1, 52864)
(303, 277, 30600)
(303, 192, 8383)
(303, 218, 21378)
(303, 279, 52774)
(303, 124, 38566)
(303, 26, 55170)
(303, 102, 54727)
(303, 167, 16771)
(303, 224, 28202)
(303, 172, 35503)
(303, 85, 15527)
(303, 268, 48286)
(303, 281, 16368)
(303, 18, 55182)
(303, 180, 197)
(303, 195, 21087)
(303, 170, 28065)
(303, 148, 2194)
(303, 53, 42402)
(303, 15, 21860)
(303, 74, 43311)
(303, 233, 21639)
(303, 289, 42623)
(303, 162, 53986)
(303, 238, 29863)
(303, 131, 963)
(303, 7, 52150)
(303, 246, 11877)
(303, 8, 18846)
(303, 94, 39596)
(303, 5, 42761)
(303, 144, 58134)
(303, 126, 28916)
(303, 205, 16646)
(303, 54, 5947)
(303, 256, 3060)
(303, 253, 7753)
(303, 216, 36810)
(303, 95, 16762)
(303, 35, 12635)
(303, 225, 48823)
(303, 23, 12529)
(303, 130, 29181)
(303, 82, 28589)
(303, 33, 5610)
(303, 274, 27819)
(303, 229, 38836)
(303, 267, 48989)
(303, 296, 32688)
(303, 298, 48390)
(303, 13, 35049)
(303, 232, 13955)
(303, 99, 14262)
(303, 93, 53148)
(303, 187, 6075)
(303, 27, 303)
(303, 217, 21432)
(303, 160, 14232)
(303, 201, 41073)
(303, 64, 51561)
(303, 226, 26526)
(303, 158, 23608)
(303, 103, 55970)
(303, 104, 21939)
(303, 275, 39409)
(303, 265, 20513)
(303, 137, 48931)
(303, 79, 2002)
(303, 32, 16262)
(303, 243, 42320)
(303, 10, 47694)
(303, 291, 33633)
(303, 73, 10544)
(303, 210, 24606)
(303, 236, 53349)
(303, 220, 39649)
(303, 38, 7867)
(303, 273, 40686)
(303, 182, 5655)
(303, 272, 18187)
(303, 80, 25684)
(303, 67, 34279)
(303, 287, 49197)
(303, 97, 43131)
(303, 139, 38369)
(303, 62, 41175)
(303, 37, 18222)
(303, 29, 34842)
(303, 285, 45188)
(303, 149, 35619)
(303, 184, 29455)
(303, 251, 50130)
(303, 9, 45028)
(303, 280, 27687)
(303, 179, 26756)
(303, 2, 26881)
(303, 48, 53357)
(303, 186, 33019)
(303, 292, 48163)
(303, 122, 25623)
(303, 121, 35995)
(303, 200, 31791)
(303, 248, 36987)
(303, 151, 30568)
(303, 237, 21060)
(303, 171, 54408)
(303, 25, 31275)
(303, 228, 12290)
(303, 134, 22898)
(303, 242, 31871)
(303, 112, 38657)
(303, 262, 19683)
(303, 164, 35527)
(303, 65, 44971)
(303, 12, 51373)
(303, 241, 31932)
(303, 77, 23606)
(304, 207, 18655)
(304, 136, 18712)
(304, 147, 2141)
(304, 240, 38167)
(304, 58, 7466)
(304, 139, 3290)
(304, 76, 45963)
(304, 168, 1959)
(304, 238, 56569)
(304, 10, 28922)
(304, 243, 25668)
(304, 141, 38560)
(304, 197, 20360)
(304, 248, 20054)
(304, 31, 34154)
(304, 56, 36278)
(304, 232, 3054)
(304, 272, 6213)
(304, 47, 53272)
(304, 172, 33121)
(304, 78, 20167)
(304, 40, 54124)
(304, 231, 11069)
(304, 205, 26249)
(304, 86, 45810)
(304, 265, 482)
(304, 169, 11428)
(304, 89, 1566)
(304, 236, 11560)
(304, 267, 31701)
(304, 38, 16447)
(304, 298, 23177)
(304, 84, 31260)
(304, 158, 23472)
(304, 278, 23106)
(304, 233, 34250)
(304, 185, 41605)
(304, 244, 35841)
(304, 16, 10517)
(304, 293, 52216)
(304, 19, 17624)
(304, 57, 19005)
(304, 157, 15179)
(304, 66, 16965)
(304, 134, 37562)
(304, 279, 21101)
(304, 264, 2964)
(304, 259, 51061)
(304, 156, 969)
(304, 155, 52185)
(304, 217, 44562)
(304, 271, 41887)
(304, 301, 49641)
(304, 111, 7549)
(304, 36, 21153)
(304, 202, 37114)
(304, 81, 27744)
(304, 118, 22961)
(304, 80, 43996)
(304, 242, 410)
(304, 214, 35904)
(304, 121, 1579)
(304, 116, 36111)
(304, 145, 19092)
(304, 54, 26237)
(304, 135, 54310)
(304, 269, 33663)
(304, 34, 30494)
(304, 41, 24919)
(304, 201, 2937)
(304, 14, 2917)
(304, 295, 57267)
(304, 291, 37614)
(304, 101, 55380)
(304, 13, 38621)
(304, 275, 11404)
(304, 285, 48487)
(304, 195, 39631)
(304, 5, 36057)
(304, 130, 55877)
(304, 127, 39388)
(304, 11, 45865)
(304, 234, 24610)
(304, 153, 4601)
(304, 288, 27586)
(304, 196, 52590)
(304, 208, 57116)
(304, 274, 25020)
(304, 182, 41574)
(304, 192, 2764)
(304, 225, 25754)
(304, 110, 781)
(304, 257, 34309)
(304, 191, 28876)
(304, 146, 42038)
(304, 12, 11067)
(304, 303, 49874)
(304, 20, 24065)
(304, 62, 8028)
(304, 44, 8501)
(304, 133, 37580)
(304, 276, 38894)
(304, 263, 35921)
(304, 268, 36585)
(304, 2, 54348)
(304, 63, 864)
(304, 125, 43204)
(304, 270, 22437)
(304, 290, 30151)
(304, 241, 40612)
(304, 61, 45227)
(304, 107, 19480)
(304, 194, 48326)
(304, 144, 3827)
(304, 23, 54308)
(304, 35, 11558)
(304, 1, 51572)
(304, 42, 46336)
(304, 262, 30431)
(304, 186, 53885)
(304, 163, 24096)
(304, 200, 50539)
(304, 150, 52439)
(304, 30, 4059)
(304, 123, 47048)
(304, 106, 52099)
(304, 83, 31309)
(304, 273, 10660)
(304, 251, 23282)
(304, 299, 48467)
(304, 181, 32729)
(304, 29, 46579)
(304, 3, 38821)
(304, 229, 15226)
(304, 37, 50602)
(304, 71, 35783)
(304, 59, 43265)
(304, 165, 7362)
(304, 256, 10845)
(304, 149, 45870)
(304, 284, 36402)
(304, 95, 3502)
(304, 68, 38242)
(304, 296, 34957)
(304, 302, 21473)
(304, 137, 42398)
(304, 215, 52246)
(304, 222, 53946)
(304, 140, 2656)
(304, 189, 54649)
(304, 219, 46995)
(304, 25, 31981)
(304, 99, 8656)
(304, 239, 24299)
(304, 4, 43783)
(304, 294, 21985)
(304, 24, 27794)
(304, 292, 49835)
(304, 113, 26199)
(304, 164, 31002)
(304, 97, 52621)
(304, 132, 42787)
(304, 94, 16861)
(304, 188, 1729)
(304, 92, 17616)
(304, 53, 33999)
(304, 91, 34198)
(304, 282, 37906)
(304, 258, 21219)
(304, 72, 42319)
(304, 237, 21931)
(304, 51, 53539)
(305, 46, 37369)
(305, 185, 33953)
(305, 88, 35474)
(305, 179, 53159)
(305, 28, 51305)
(305, 173, 30418)
(305, 230, 54820)
(305, 286, 24272)
(305, 111, 31630)
(305, 129, 22802)
(305, 200, 45185)
(305, 80, 6060)
(305, 233, 36134)
(305, 303, 7108)
(305, 239, 54912)
(305, 96, 44901)
(305, 283, 21452)
(305, 216, 31887)
(305, 224, 37872)
(305, 74, 52581)
(305, 63, 32442)
(305, 123, 17050)
(305, 234, 33594)
(305, 209, 21994)
(305, 158, 39230)
(305, 156, 46455)
(305, 31, 9993)
(305, 267, 20699)
(305, 290, 36369)
(305, 81, 55469)
(305, 278, 14769)
(305, 262, 2596)
(305, 197, 57730)
(305, 175, 57377)
(305, 133, 46892)
(305, 253, 26567)
(305, 51, 29415)
(305, 77, 1684)
(305, 75, 46748)
(305, 223, 34479)
(305, 168, 42631)
(305, 20, 9590)
(305, 251, 32490)
(305, 138, 26883)
(305, 201, 34065)
(305, 32, 42218)
(305, 35, 3811)
(305, 97, 16677)
(305, 104, 12027)
(305, 245, 55971)
(305, 102, 21789)
(305, 83, 7322)
(305, 243, 51884)
(305, 166, 24616)
(305, 183, 35850)
(305, 33, 16693)
(305, 264, 1597)
(305, 115, 11928)
(305, 299, 36501)
(305, 274, 25561)
(305, 85, 42245)
(305, 215, 34327)
(305, 181, 39354)
(305, 10, 43089)
(305, 219, 11592)
(305, 66, 16434)
(305, 236, 46136)
(305, 112, 16236)
(305, 113, 1322)
(305, 134, 32016)
(305, 272, 22095)
(305, 47, 48358)
(305, 149, 51989)
(305, 141, 21846)
(305, 153, 19616)
(305, 263, 28191)
(305, 212, 9799)
(305, 159, 30074)
(305, 120, 55158)
(305, 9, 22733)
(305, 72, 6352)
(305, 238, 3515)
(305, 146, 32980)
(305, 58, 5422)
(305, 192, 57975)
(305, 16, 54119)
(305, 118, 18566)
(305, 121, 45711)
(305, 276, 32914)
(305, 128, 52537)
(305, 65, 48494)
(305, 106, 43444)
(305, 297, 7205)
(305, 36, 26190)
(305, 56, 24751)
(305, 259, 22295)
(305, 164, 53435)
(305, 289, 10460)
(305, 281, 49569)
(305, 50, 11254)
(305, 207, 19686)
(305, 78, 21320)
(305, 178, 42307)
(305, 203, 3770)
(305, 105, 49564)
(305, 69, 52317)
(305, 266, 13939)
(305, 26, 40295)
(305, 4, 26873)
(305, 11, 8762)
(305, 130, 35387)
(305, 244, 39811)
(305, 38, 52378)
(305, 254, 40185)
(305, 44, 13617)
(305, 227, 2715)
(305, 37, 24546)
(305, 202, 42230)
(305, 170, 9868)
(305, 282, 45437)
(305, 40, 38295)
(305, 132, 22897)
(305, 220, 11327)
(305, 187, 12933)
(305, 61, 2037)
(305, 295, 22700)
(305, 41, 41439)
(305, 95, 31148)
(305, 13, 26160)
(305, 163, 3209)
(305, 152, 46034)
(305, 139, 10139)
(305, 29, 1644)
(305, 108, 17892)
(305, 150, 48540)
(305, 154, 23536)
(305, 167, 8395)
(305, 6, 44942)
(305, 226, 56381)
(305, 160, 33992)
(305, 222, 2218)
(305, 114, 12155)
(305, 27, 31228)
(305, 155, 8458)
(305, 172, 12851)
(305, 177, 12294)
(305, 151, 8485)
(305, 204, 16416)
(305, 213, 38586)
(305, 143, 16932)
(305, 258, 30023)
(305, 261, 13224)
(305, 271, 50284)
(305, 126, 12999)
(305, 87, 27506)
(305, 2, 52273)
(305, 292, 27655)
(305, 98, 24095)
(305, 189, 10797)
(305, 165, 49269)
(305, 109, 47598)
(305, 7, 23923)
(305, 248, 33397)
(305, 22, 4338)
(305, 162, 23573)
(305, 94, 22677)
(305, 60, 29775)
(305, 127, 23133)
(305, 270, 41284)
(305, 117, 32477)
(305, 252, 38364)
(305, 15, 41808)
(305, 275, 49894)
(305, 256, 45703)
(305, 237, 52328)
(305, 198, 42726)
(305, 250, 36285)
(305, 124, 48809)
(305, 64, 6417)
(305, 67, 57720)
(305, 300, 4820)
(305, 137, 14219)
(305, 52, 27500)
(305, 302, 4789)
(305, 255, 31620)
(305, 119, 1148)
(305, 82, 38511)
(305, 184, 54548)
(305, 208, 27621)
(305, 45, 31191)
(305, 186, 55680)
(305, 301, 39122)
(305, 53, 773)
(305, 284, 43087)
(305, 194, 36498)
(305, 107, 57566)
(305, 176, 30016)
(305, 195, 44896)
(305, 249, 12439)
(305, 242, 7137)
(305, 148, 40361)
(305, 232, 1040)
(305, 42, 39440)
(305, 30, 46440)
(305, 48, 33727)
(305, 135, 20886)
(305, 229, 871)
(305, 14, 2290)
(305, 304, 15884)
(305, 161, 4958)
(305, 291, 35123)
(305, 157, 18556)
(305, 174, 9517)
(305, 24, 25489)
(305, 235, 7703)
(305, 218, 35275)
(305, 21, 43126)
(305, 190, 12402)
(305, 199, 33102)
(305, 182, 15625)
(305, 257, 56494)
(305, 8, 43956)
(305, 206, 34866)
(305, 99, 6985)
(305, 131, 55308)
(305, 241, 55134)
(305, 279, 18135)
(305, 43, 53343)
(305, 169, 41058)
(305, 240, 41365)
(305, 57, 17100)
(305, 196, 35390)
(305, 285, 8902)
(305, 71, 53901)
(305, 288, 34245)
(305, 59, 20375)
(305, 86, 55667)
(306, 231, 26026)
(306, 266, 51560)
(306, 116, 2172)
(306, 303, 5036)
(306, 76, 14216)
(306, 112, 44550)
(306, 135, 29020)
(306, 142, 56076)
(306, 207, 20388)
(306, 284, 30487)
(306, 119, 54231)
(306, 33, 11685)
(306, 146, 35830)
(306, 278, 14566)
(306, 269, 44271)
(306, 265, 26816)
(306, 131, 15249)
(306, 189, 1599)
(306, 264, 8779)
(306, 36, 18752)
(306, 286, 10876)
(306, 141, 41788)
(306, 187, 28772)
(306, 13, 27028)
(306, 110, 40391)
(306, 294, 21175)
(306, 195, 2955)
(306, 222, 20057)
(306, 193, 5627)
(306, 35, 25365)
(306, 267, 42299)
(306, 279, 16595)
(306, 210, 51145)
(306, 153, 48061)
(306, 209, 14444)
(306, 27, 3840)
(306, 1, 14845)
(306, 230, 51491)
(306, 223, 34765)
(306, 93, 19444)
(306, 66, 20069)
(306, 99, 30586)
(306, 246, 23488)
(306, 73, 55881)
(306, 134, 44510)
(306, 170, 19593)
(306, 199, 1004)
(306, 171, 13054)
(306, 262, 17017)
(306, 128, 18455)
(306, 282, 37087)
(306, 227, 53261)
(306, 184, 37737)
(306, 86, 12326)
(306, 89, 22285)
(306, 276, 12163)
(306, 41, 7673)
(306, 130, 15892)
(306, 158, 23496)
(306, 290, 31848)
(306, 118, 25826)
(306, 155, 26925)
(306, 288, 33044)
(306, 176, 36167)
(306, 304, 14121)
(306, 132, 45034)
(306, 62, 38020)
(306, 174, 23968)
(306, 228, 10910)
(306, 16, 4522)
(306, 69, 23447)
(306, 15, 42978)
(306, 40, 14243)
(306, 127, 27726)
(306, 113, 24691)
(306, 104, 39090)
(306, 145, 37560)
(306, 295, 9680)
(306, 120, 49476)
(306, 254, 4515)
(306, 293, 48155)
(306, 161, 10743)
(306, 252, 22019)
(306, 150, 27641)
(306, 211, 12136)
(306, 258, 33666)
(306, 126, 30483)
(306, 238, 47068)
(306, 129, 42327)
(306, 277, 39060)
(306, 25, 39177)
(306, 42, 12868)
(306, 255, 45620)
(306, 101, 53660)
(306, 20, 155)
(306, 105, 56988)
(306, 121, 40165)
(306, 124, 42845)
(306, 219, 10240)
(306, 117, 48992)
(306, 224, 42466)
(306, 168, 53772)
(306, 217, 23934)
(306, 213, 56322)
(306, 239, 55548)
(306, 268, 51091)
(306, 175, 32975)
(306, 90, 4019)
(306, 106, 17702)
(306, 221, 28652)
(306, 11, 16070)
(306, 180, 2152)
(306, 263, 12793)
(306, 72, 9627)
(306, 53, 41783)
(306, 65, 51574)
(306, 68, 30812)
(306, 4, 18748)
(306, 160, 34394)
(306, 181, 24455)
(306, 147, 37006)
(307, 232, 3509)
(307, 156, 40312)
(307, 69, 48525)
(307, 89, 12843)
(307, 203, 47198)
(307, 15, 38054)
(307, 154, 50176)
(307, 160, 57883)
(307, 16, 42457)
(307, 83, 13826)
(307, 270, 27685)
(307, 142, 33839)
(307, 24, 39627)
(307, 176, 41570)
(307, 59, 39885)
(307, 71, 42054)
(307, 246, 42405)
(307, 209, 3385)
(307, 31, 21755)
(307, 200, 30755)
(307, 163, 7970)
(307, 261, 14535)
(307, 255, 32023)
(307, 301, 54110)
(307, 288, 47025)
(307, 211, 27118)
(307, 234, 11148)
(307, 98, 45179)
(307, 96, 3682)
(307, 216, 22590)
(307, 262, 47436)
(307, 40, 25863)
(307, 143, 39293)
(307, 55, 7718)
(307, 164, 21545)
(307, 123, 5896)
(307, 227, 524)
(307, 257, 19081)
(307, 47, 25150)
(307, 30, 7601)
(307, 159, 6520)
(307, 222, 2563)
(307, 256, 10390)
(307, 254, 16631)
(307, 19, 2896)
(307, 46, 17162)
(307, 205, 28602)
(307, 66, 17322)
(307, 152, 49249)
(307, 213, 11171)
(307, 87, 52943)
(307, 43, 721)
(307, 251, 24977)
(307, 67, 26226)
(308, 232, 53829)
(308, 69, 15479)
(308, 187, 54952)
(308, 37, 40066)
(308, 84, 45095)
(308, 249, 48255)
(308, 118, 12)
(308, 215, 14289)
(308, 254, 5616)
(308, 137, 19645)
(308, 25, 26493)
(308, 242, 10955)
(308, 286, 43228)
(308, 288, 53003)
(308, 61, 49651)
(308, 27, 21270)
(308, 132, 7811)
(308, 74, 55713)
(308, 124, 53550)
(308, 244, 37336)
(308, 266, 9004)
(308, 145, 13311)
(308, 154, 14629)
(308, 72, 1011)
(308, 111, 27429)
(309, 133, 13375)
(309, 235, 27793)
(309, 160, 5314)
(309, 19, 38337)
(309, 64, 42804)
(309, 162, 2094)
(309, 288, 44010)
(309, 190, 55432)
(309, 256, 32614)
(309, 0, 32952)
(309, 131, 51029)
(309, 187, 21235)
(309, 230, 45544)
(309, 234, 3681)
(309, 268, 54307)
(309, 156, 36855)
(309, 41, 4456)
(309, 68, 37301)
(309, 150, 17453)
(309, 155, 53455)
(309, 130, 5128)
(309, 208, 54116)
(309, 66, 24816)
(309, 30, 27639)
(309, 272, 33067)
(309, 196, 41252)
(309, 145, 43688)
(309, 246, 53979)
(309, 15, 54381)
(309, 124, 20852)
(309, 209, 10231)
(309, 169, 53686)
(309, 142, 25308)
(309, 184, 31109)
(309, 286, 19706)
(309, 258, 7924)
(309, 153, 36822)
(309, 29, 54020)
(309, 138, 20213)
(309, 214, 32514)
(309, 63, 10343)
(309, 102, 22496)
(309, 205, 22692)
(309, 47, 18936)
(309, 100, 44783)
(309, 8, 14664)
(309, 173, 25380)
(309, 238, 32396)
(309, 306, 8810)
(309, 76, 11670)
(309, 82, 27717)
(309, 249, 35715)
(309, 274, 9574)
(309, 218, 21304)
(309, 75, 17610)
(309, 305, 13874)
(309, 78, 42426)
(309, 37, 12034)
(309, 106, 56048)
(309, 83, 48483)
(309, 167, 34944)
(309, 49, 6912)
(309, 176, 8254)
(309, 247, 27520)
(309, 52, 54944)
(309, 242, 5020)
(309, 223, 32317)
(309, 168, 38268)
(309, 211, 45357)
(309, 260, 581)
(309, 26, 14054)
(309, 122, 8405)
(309, 112, 2441)
(309, 280, 19575)
(309, 123, 12306)
(309, 296, 44780)
(309, 307, 40491)
(309, 172, 47948)
(309, 128, 8766)
(309, 108, 27572)
(309, 245, 48763)
(309, 85, 40029)
(309, 261, 54566)
(309, 195, 53866)
(309, 59, 16223)
(309, 253, 15822)
(309, 55, 14564)
(309, 140, 6730)
(309, 141, 19127)
(309, 87, 16985)
(309, 189, 16877)
(309, 229, 46685)
(309, 265, 52290)
(309, 42, 4624)
(309, 120, 48548)
(309, 143, 45327)
(309, 193, 25688)
(309, 23, 51328)
(309, 287, 25585)
(309, 303, 45129)
(309, 44, 18018)
(309, 171, 20400)
(309, 116, 45420)
(309, 32, 14674)
(309, 22, 46797)
(309, 151, 56944)
(309, 278, 5191)
(309, 217, 27611)
(309, 88, 4114)
(309, 17, 43625)
(309, 204, 20330)
(309, 284, 11917)
(309, 291, 49581)
(309, 295, 42571)
(309, 36, 36650)
(309, 226, 24878)
(309, 3, 21703)
(309, 300, 45147)
(309, 139, 51962)
(309, 164, 42055)
(309, 18, 7552)
(309, 101, 12421)
(309, 5, 30797)
(309, 48, 32088)
(309, 77, 51137)
(309, 165, 32811)
(309, 127, 40333)
(309, 103, 25555)
(309, 273, 31852)
(309, 43, 21231)
(309, 250, 35104)
(309, 71, 21444)
(309, 6, 53947)
(309, 232, 20975)
(309, 185, 55476)
(309, 50, 8935)
(309, 202, 14917)
(309, 60, 19981)
(309, 144, 19919)
(309, 125, 49447)
(309, 11, 31141)
(309, 269, 13342)
(309, 277, 24930)
(309, 186, 35281)
(309, 161, 40696)
(309, 174, 40419)
(309, 262, 44809)
(309, 111, 43093)
(309, 129, 683)
(309, 90, 56823)
(309, 299, 8387)
(309, 136, 35627)
(309, 80, 23401)
(309, 183, 52525)
(309, 178, 40103)
(309, 200, 25787)
(309, 294, 5663)
(309, 203, 22891)
(309, 241, 34072)
(309, 34, 48332)
(309, 222, 42301)
(309, 281, 10222)
(309, 243, 27709)
(309, 275, 46836)
(309, 180, 45507)
(309, 225, 14176)
(309, 158, 55554)
(309, 10, 25862)
(309, 228, 49315)
(309, 276, 24822)
(309, 308, 27988)
(309, 79, 37686)
(309, 237, 50045)
(309, 67, 25991)
(309, 28, 49924)
(309, 197, 39539)
(309, 224, 27297)
(309, 170, 48802)
(309, 86, 53503)
(309, 107, 45973)
(309, 259, 3163)
(309, 266, 42215)
(309, 95, 29565)
(309, 293, 29753)
(309, 51, 23152)
(309, 149, 37039)
(309, 181, 56365)
(309, 191, 52640)
(309, 148, 29459)
(309, 137, 39524)
(309, 38, 6056)
(309, 56, 54695)
(309, 132, 31135)
(309, 154, 14636)
(309, 220, 6552)
(309, 257, 44544)
(310, 124, 31718)
(310, 104, 16064)
(310, 96, 11099)
(310, 98, 39926)
(310, 229, 7803)
(310, 188, 20439)
(310, 24, 54887)
(310, 170, 35426)
(310, 17, 3763)
(310, 165, 53281)
(310, 276, 16757)
(310, 139, 36761)
(310, 178, 6870)
(310, 105, 36138)
(310, 185, 54206)
(310, 129, 30769)
(310, 200, 48393)
(310, 216, 57587)
(310, 34, 22640)
(310, 7, 10964)
(310, 36, 23200)
(310, 101, 5721)
(310, 223, 18704)
(310, 68, 9733)
(310, 81, 8982)
(310, 299, 29347)
(310, 242, 14281)
(310, 293, 55381)
(310, 113, 5780)
(310, 78, 22986)
(310, 215, 51209)
(310, 159, 14122)
(310, 141, 47841)
(310, 183, 37495)
(310, 63, 54517)
(310, 237, 40327)
(310, 248, 4976)
(310, 296, 29045)
(310, 67, 13884)
(310, 243, 11845)
(310, 38, 51736)
(310, 208, 32894)
(310, 137, 5393)
(310, 28, 54029)
(310, 166, 4915)
(310, 55, 17493)
(310, 181, 4584)
(310, 91, 52387)
(310, 227, 24668)
(310, 275, 28845)
(310, 150, 27330)
(310, 30, 28611)
(310, 6, 55783)
(310, 193, 34854)
(310, 131, 46515)
(310, 284, 17000)
(310, 195, 21914)
(310, 264, 34926)
(310, 252, 41565)
(310, 182, 51871)
(310, 20, 39002)
(310, 69, 11004)
(310, 142, 50072)
(310, 126, 9067)
(310, 41, 14085)
(310, 230, 28568)
(310, 87, 11550)
(310, 204, 2751)
(310, 221, 57130)
(310, 307, 25820)
(310, 282, 45896)
(310, 228, 19128)
(310, 285, 39534)
(310, 1, 45383)
(310, 77, 44078)
(310, 194, 23471)
(310, 44, 13961)
(310, 149, 36218)
(310, 117, 25618)
(310, 258, 27519)
(310, 95, 44485)
(310, 72, 43923)
(310, 288, 27575)
(310, 52, 38091)
(310, 156, 40544)
(310, 270, 53807)
(310, 57, 42136)
(310, 89, 19726)
(310, 46, 16585)
(310, 100, 10430)
(310, 31, 3616)
(310, 160, 51629)
(310, 35, 37461)
(310, 202, 3660)
(310, 168, 45643)
(310, 71, 9454)
(310, 107, 1386)
(310, 111, 13544)
(310, 97, 32699)
(310, 73, 15254)
(310, 196, 21234)
(310, 301, 14308)
(310, 143, 53493)
(310, 42, 45166)
(310, 251, 45872)
(310, 86, 11449)
(310, 49, 44133)
(310, 5, 54309)
(310, 280, 26830)
(310, 146, 6267)
(310, 292, 50031)
(310, 45, 16124)
(310, 93, 17902)
(310, 297, 20911)
(310, 90, 52857)
(310, 151, 49630)
(310, 176, 48356)
(310, 256, 19207)
(310, 0, 2129)
(310, 294, 10814)
(310, 171, 26796)
(310, 187, 31618)
(310, 128, 22907)
(310, 238, 20336)
(310, 226, 41422)
(310, 255, 44699)
(310, 277, 5199)
(310, 135, 31516)
(310, 27, 32809)
(310, 250, 51832)
(310, 186, 47896)
(310, 239, 10695)
(310, 26, 21179)
(310, 119, 37643)
(310, 48, 51638)
(310, 192, 57095)
(310, 295, 3628)
(310, 191, 10641)
(310, 62, 4843)
(310, 21, 45699)
(310, 134, 19730)
(310, 218, 21928)
(310, 51, 34273)
(310, 177, 16285)
(310, 116, 38112)
(310, 233, 33437)
(310, 203, 33913)
(310, 82, 40825)
(310, 138, 56334)
(310, 59, 32924)
(310, 153, 46359)
(310, 305, 29930)
(310, 15, 27211)
(310, 152, 29792)
(310, 154, 5802)
(310, 169, 9353)
(310, 11, 35236)
(310, 172, 6446)
(310, 8, 38079)
(310, 291, 13554)
(310, 60, 21830)
(310, 309, 3480)
(310, 265, 30691)
(310, 267, 22079)
(310, 161, 55043)
(310, 300, 8878)
(310, 211, 50811)
(310, 225, 20427)
(310, 3, 18797)
(310, 136, 16815)
(310, 99, 32642)
(310, 140, 7076)
(310, 162, 10197)
(310, 298, 7037)
(310, 23, 18676)
(310, 84, 35709)
(310, 205, 24723)
(310, 222, 32271)
(310, 224, 12370)
(310, 64, 27321)
(310, 132, 51277)
(310, 308, 26088)
(310, 283, 2237)
(310, 184, 5993)
(310, 289, 324)
(310, 144, 4355)
(310, 80, 30998)
(310, 83, 41763)
(310, 259, 13983)
(310, 109, 47371)
(310, 175, 32584)
(310, 112, 13810)
(310, 12, 21168)
(310, 50, 38314)
(310, 269, 39483)
(310, 9, 43746)
(310, 39, 51320)
(310, 22, 9731)
(310, 268, 9602)
(310, 92, 48819)
(310, 306, 41209)
(310, 54, 55361)
(310, 287, 14697)
(310, 189, 44196)
(310, 103, 36320)
(310, 245, 27640)
(310, 25, 2702)
(310, 198, 56754)
(310, 58, 29807)
(310, 13, 48024)
(310, 102, 48647)
(310, 206, 34801)
(310, 155, 47417)
(310, 263, 41903)
(310, 118, 6120)
(310, 115, 2127)
(310, 197, 21960)
(310, 14, 1909)
(310, 217, 52591)
(310, 213, 27335)
(310, 180, 22007)
(310, 260, 42128)
(310, 234, 7392)
(310, 236, 30354)
(310, 65, 28008)
(310, 74, 50600)
(310, 199, 39202)
(310, 33, 8406)
(310, 56, 41017)
(310, 79, 43172)
(310, 261, 17338)
(310, 207, 420)
(310, 266, 48747)
(310, 18, 51035)
(310, 164, 28491)
(310, 246, 23360)
(310, 4, 1149)
(310, 286, 10802)
(310, 254, 54358)
(310, 19, 54530)
(310, 123, 520)
(310, 108, 20803)
(310, 61, 47990)
(310, 120, 17255)
(310, 262, 33430)
(310, 281, 9882)
(310, 114, 38776)
(310, 167, 35819)
(310, 163, 53071)
(310, 32, 36781)
(310, 303, 36743)
(310, 173, 32336)
(310, 122, 53487)
(310, 174, 2971)
(310, 75, 6903)
(310, 179, 2478)
(310, 271, 41213)
(310, 257, 33510)
(310, 29, 35585)
(310, 304, 49104)
(310, 145, 14548)
(310, 235, 1658)
(310, 133, 38056)
(310, 274, 14459)
(310, 66, 8837)
(310, 125, 14625)
(310, 231, 39151)
(310, 241, 35531)
(310, 201, 57052)
(310, 130, 29952)
(310, 148, 46365)
(310, 279, 5509)
(310, 210, 24806)
(310, 249, 10332)
(310, 76, 10012)
(310, 212, 10689)
(310, 247, 41851)
(310, 40, 11625)
(310, 70, 31362)
(310, 272, 37043)
(310, 16, 15364)
(310, 2, 19450)
(310, 273, 28056)
(310, 47, 24694)
(310, 158, 48398)
(310, 220, 5227)
(310, 290, 16519)
(310, 127, 31610)
(310, 232, 57337)
(310, 37, 44605)
(310, 209, 44116)
(310, 106, 21239)
(310, 240, 5883)
(310, 10, 19094)
(310, 85, 41604)
(310, 253, 447)
(310, 219, 49672)
(310, 147, 18413)
(310, 302, 47520)
(310, 190, 12160)
(310, 214, 57239)
(310, 244, 46855)
(310, 121, 20835)
(310, 94, 47188)
(310, 278, 54919)
(311, 137, 18697)
(311, 281, 15261)
(311, 60, 40353)
(311, 243, 29745)
(311, 148, 53813)
(311, 250, 51758)
(311, 98, 46642)
(311, 90, 10341)
(311, 93, 16780)
(311, 73, 33136)
(311, 78, 56125)
(311, 219, 36277)
(311, 45, 42144)
(311, 261, 50924)
(311, 85, 13087)
(311, 182, 13727)
(311, 297, 16659)
(311, 109, 45202)
(311, 80, 4129)
(311, 132, 25088)
(311, 187, 37901)
(311, 181, 30137)
(311, 164, 22565)
(311, 211, 54817)
(311, 193, 36840)
(311, 103, 23917)
(311, 149, 18770)
(311, 173, 11126)
(311, 16, 13284)
(311, 237, 42708)
(311, 142, 16510)
(311, 63, 31906)
(311, 255, 28898)
(311, 42, 8103)
(311, 295, 18915)
(311, 143, 53573)
(311, 294, 5011)
(311, 254, 43740)
(311, 262, 44476)
(311, 159, 25603)
(311, 128, 13823)
(311, 108, 19031)
(311, 174, 7808)
(311, 269, 11886)
(311, 4, 25809)
(311, 221, 47726)
(311, 286, 2663)
(311, 226, 682)
(311, 257, 44120)
(311, 65, 1269)
(311, 100, 44822)
(311, 288, 29456)
(311, 308, 13457)
(311, 238, 20893)
(311, 95, 46343)
(311, 33, 34687)
(311, 172, 6027)
(311, 21, 24833)
(311, 178, 57786)
(311, 215, 22237)
(311, 242, 17260)
(311, 79, 25048)
(311, 105, 18300)
(311, 139, 28683)
(311, 307, 55259)
(311, 94, 4815)
(311, 161, 3620)
(311, 75, 13219)
(311, 203, 29467)
(311, 115, 50278)
(311, 204, 11812)
(311, 263, 30407)
(311, 280, 8627)
(311, 3, 54100)
(311, 92, 6226)
(311, 54, 40180)
(311, 104, 31353)
(311, 158, 30297)
(311, 154, 27210)
(311, 145, 45386)
(311, 133, 55589)
(311, 248, 36237)
(311, 249, 57089)
(311, 111, 23284)
(311, 285, 32868)
(311, 140, 43771)
(311, 209, 52740)
(311, 9, 6915)
(311, 179, 4633)
(311, 223, 23504)
(311, 18, 33371)
(311, 91, 30013)
(311, 170, 51423)
(311, 35, 16454)
(311, 97, 6793)
(311, 141, 47000)
(311, 57, 17293)
(311, 260, 48231)
(311, 180, 54259)
(311, 272, 33429)
(311, 122, 3865)
(311, 61, 34312)
(311, 195, 2752)
(311, 235, 8706)
(311, 186, 57602)
(311, 292, 8608)
(311, 14, 8075)
(311, 71, 37663)
(311, 169, 57934)
(311, 156, 28177)
(311, 205, 57532)
(311, 32, 5538)
(311, 46, 49824)
(311, 120, 35612)
(311, 277, 39313)
(311, 212, 13621)
(311, 37, 47897)
(311, 265, 35188)
(311, 113, 6195)
(311, 146, 15776)
(311, 271, 56689)
(311, 283, 47633)
(311, 165, 45476)
(311, 244, 6747)
(311, 302, 9643)
(311, 234, 12184)
(311, 31, 53424)
(311, 287, 22982)
(311, 23, 41115)
(311, 168, 56905)
(311, 138, 3891)
(311, 279, 26781)
(311, 185, 40240)
(311, 273, 48602)
(311, 191, 44794)
(311, 7, 58019)
(311, 253, 53620)
(311, 290, 349)
(311, 22, 20511)
(311, 236, 15487)
(311, 51, 17022)
(311, 114, 32080)
(311, 121, 14280)
(311, 19, 11648)
(311, 216, 10746)
(311, 135, 33055)
(311, 162, 54031)
(311, 151, 30746)
(311, 129, 28117)
(311, 13, 34222)
(311, 17, 14424)
(311, 117, 36354)
(311, 6, 6481)
(311, 30, 17021)
(311, 82, 42006)
(311, 220, 25196)
(311, 15, 730)
(311, 81, 12293)
(311, 167, 56533)
(311, 102, 11363)
(311, 24, 33139)
(311, 189, 10625)
(311, 10, 43878)
(311, 41, 11241)
(311, 112, 23949)
(311, 274, 1119)
(311, 124, 18298)
(311, 198, 52504)
(311, 278, 23881)
(311, 305, 20027)
(311, 76, 54481)
(311, 8, 8991)
(311, 275, 14175)
(311, 155, 38735)
(311, 299, 47316)
(311, 28, 2297)
(311, 232, 57325)
(311, 144, 48717)
(311, 88, 29249)
(311, 38, 32113)
(311, 282, 43518)
(311, 1, 32949)
(312, 60, 6018)
(312, 165, 31030)
(312, 261, 44966)
(312, 147, 52530)
(312, 274, 25858)
(312, 148, 4027)
(312, 108, 32842)
(312, 129, 19245)
(312, 41, 10127)
(312, 197, 48582)
(312, 183, 52939)
(312, 48, 24314)
(312, 76, 36423)
(312, 95, 56676)
(312, 22, 36344)
(312, 8, 56113)
(312, 225, 17530)
(312, 38, 39403)
(312, 275, 2671)
(312, 113, 36528)
(312, 20, 24116)
(312, 140, 24006)
(312, 19, 29146)
(312, 205, 8237)
(312, 111, 28129)
(312, 74, 22322)
(312, 123, 52505)
(312, 49, 29313)
(312, 7, 36758)
(312, 152, 54592)
(312, 57, 15864)
(312, 311, 55635)
(312, 141, 35016)
(312, 150, 40732)
(312, 300, 43424)
(312, 98, 30156)
(312, 43, 10904)
(312, 293, 28498)
(312, 253, 22830)
(312, 84, 57446)
(312, 79, 3075)
(312, 11, 133)
(312, 37, 43555)
(312, 146, 26802)
(312, 85, 9719)
(313, 299, 31891)
(313, 89, 47088)
(313, 99, 22175)
(313, 251, 46828)
(313, 2, 15273)
(313, 260, 55745)
(313, 176, 3570)
(313, 52, 57321)
(313, 121, 17796)
(313, 13, 25729)
(313, 60, 48860)
(313, 179, 1294)
(313, 1, 10299)
(313, 5, 41624)
(313, 257, 1052)
(313, 290, 41487)
(313, 274, 16587)
(313, 32, 24352)
(313, 282, 16484)
(313, 309, 3600)
(313, 84, 1304)
(313, 39, 41109)
(313, 73, 56202)
(313, 109, 28452)
(313, 236, 2206)
(313, 189, 55514)
(313, 210, 34385)
(313, 7, 28340)
(313, 85, 10588)
(313, 244, 29719)
(313, 112, 12590)
(313, 95, 17977)
(313, 93, 3082)
(313, 195, 5885)
(313, 164, 27385)
(313, 264, 4871)
(313, 8, 50874)
(313, 119, 57030)
(313, 77, 38265)
(313, 91, 3957)
(313, 122, 18423)
(313, 135, 29953)
(313, 239, 51087)
(313, 94, 39957)
(313, 149, 908)
(313, 67, 52556)
(313, 38, 7429)
(313, 187, 47003)
(313, 224, 49448)
(313, 47, 28488)
(313, 35, 17830)
(313, 100, 13079)
(313, 216, 38410)
(313, 232, 51183)
(313, 211, 35800)
(313, 82, 49270)
(313, 104, 622)
(313, 126, 50781)
(313, 167, 39238)
(313, 111, 22162)
(313, 292, 2650)
(313, 294, 41917)
(313, 193, 26386)
(313, 127, 36574)
(313, 147, 15499)
(313, 201, 40317)
(313, 9, 40510)
(313, 19, 12507)
(313, 43, 5540)
(313, 300, 44722)
(313, 148, 55079)
(313, 273, 37366)
(313, 312, 30503)
(313, 140, 34601)
(313, 153, 12628)
(313, 50, 37863)
(313, 14, 20042)
(313, 200, 29751)
(313, 194, 15849)
(313, 173, 53572)
(313, 230, 31236)
(313, 178, 18478)
(313, 146, 41836)
(313, 165, 38006)
(313, 227, 26702)
(313, 144, 26590)
(313, 113, 19688)
(313, 68, 15114)
(313, 304, 34585)
(313, 30, 57652)
(313, 118, 35852)
(313, 20, 56849)
(313, 284, 4772)
(313, 185, 21223)
(313, 311, 15862)
(313, 105, 32474)
(313, 63, 50751)
(313, 220, 393)
(313, 297, 41738)
(313, 291, 34909)
(313, 57, 30341)
(313, 265, 18277)
(313, 45, 29471)
(313, 76, 44269)
(313, 116, 48653)
(313, 78, 31613)
(313, 247, 50091)
(313, 228, 9348)
(313, 258, 45491)
(313, 107, 18634)
(313, 245, 16378)
(313, 218, 29801)
(313, 207, 11977)
(313, 75, 48281)
(313, 108, 13529)
(313, 26, 57852)
(313, 298, 42042)
(313, 70, 20972)
(313, 31, 9713)
(313, 308, 33466)
(313, 128, 36307)
(313, 183, 30344)
(313, 16, 9827)
(313, 27, 55387)
(313, 56, 9385)
(313, 184, 18420)
(313, 54, 57279)
(313, 253, 22097)
(313, 86, 57271)
(313, 278, 33116)
(313, 114, 42436)
(313, 46, 40744)
(313, 34, 891)
(313, 252, 28987)
(313, 241, 27765)
(313, 305, 27587)
(313, 302, 54038)
(313, 133, 27761)
(313, 288, 12181)
(313, 261, 2667)
(313, 159, 9101)
(313, 4, 7707)
(313, 277, 26644)
(313, 72, 2936)
(313, 168, 49936)
(313, 276, 21337)
(313, 267, 13739)
(313, 143, 16513)
(313, 281, 55424)
(313, 81, 111)
(313, 138, 56218)
(313, 203, 3859)
(313, 134, 35348)
(313, 263, 10912)
(313, 6, 21107)
(313, 171, 37467)
(313, 289, 9842)
(313, 18, 47650)
(313, 120, 21713)
(313, 141, 30226)
(313, 92, 35640)
(313, 101, 10025)
(313, 123, 2189)
(313, 29, 26504)
(313, 51, 9665)
(313, 41, 28468)
(313, 243, 16419)
(313, 10, 6430)
(313, 155, 48516)
(313, 62, 24990)
(313, 28, 26867)
(314, 203, 22593)
(314, 14, 88)
(314, 60, 43819)
(314, 238, 55564)
(314, 157, 52043)
(314, 241, 40370)
(314, 124, 21368)
(314, 227, 22938)
(314, 122, 15019)
(314, 269, 35687)
(314, 18, 33859)
(314, 20, 23781)
(314, 285, 21279)
(314, 250, 38989)
(314, 126, 47457)
(314, 201, 40867)
(314, 76, 10220)
(314, 166, 16314)
(314, 151, 3845)
(314, 159, 31907)
(314, 43, 13214)
(314, 59, 45333)
(314, 142, 48888)
(314, 24, 12561)
(314, 294, 32668)
(314, 204, 5363)
(314, 239, 3440)
(314, 78, 9312)
(314, 153, 20690)
(314, 192, 33882)
(314, 150, 42489)
(314, 267, 56668)
(314, 228, 55133)
(314, 38, 52908)
(314, 83, 26653)
(314, 251, 20092)
(314, 25, 1447)
(314, 40, 34505)
(314, 189, 22651)
(314, 13, 8449)
(314, 295, 50848)
(314, 231, 13405)
(314, 89, 25266)
(314, 86, 26098)
(314, 190, 4002)
(314, 222, 49325)
(314, 107, 40680)
(314, 233, 32521)
(314, 261, 40271)
(314, 181, 17523)
(314, 216, 45864)
(314, 35, 43623)
(314, 132, 33857)
(314, 206, 10710)
(314, 92, 34050)
(314, 115, 19493)
(314, 168, 52349)
(314, 271, 1087)
(314, 300, 22382)
(314, 180, 49279)
(314, 32, 57371)
(314, 41, 54449)
(314, 194, 10496)
(314, 221, 29172)
(314, 28, 21131)
(314, 264, 39223)
(314, 301, 49500)
(314, 72, 10673)
(314, 50, 31437)
(314, 134, 49208)
(314, 198, 14875)
(314, 226, 20093)
(314, 7, 33428)
(314, 110, 40845)
(314, 260, 20026)
(314, 199, 8553)
(314, 80, 48588)
(314, 108, 50046)
(314, 200, 11385)
(314, 164, 58126)
(314, 56, 54760)
(314, 170, 13533)
(314, 79, 49419)
(314, 249, 7506)
(314, 73, 57703)
(314, 88, 15496)
(314, 58, 25977)
(314, 272, 33446)
(314, 171, 31884)
(314, 119, 50414)
(314, 177, 48105)
(314, 148, 26993)
(314, 259, 20718)
(314, 266, 40482)
(314, 104, 33662)
(314, 120, 31881)
(314, 138, 20300)
(314, 154, 49660)
(314, 311, 32329)
(314, 275, 56912)
(314, 5, 54454)
(314, 196, 21004)
(314, 296, 57314)
(314, 21, 36241)
(314, 229, 3213)
(314, 147, 50540)
(314, 82, 14833)
(314, 105, 12440)
(314, 298, 25584)
(314, 42, 38289)
(314, 254, 41236)
(314, 52, 5763)
(314, 65, 34259)
(314, 247, 27209)
(314, 118, 52440)
(314, 135, 14180)
(314, 128, 26746)
(314, 156, 13701)
(314, 30, 27936)
(314, 114, 29302)
(314, 263, 31068)
(314, 282, 32046)
(314, 84, 7609)
(314, 187, 8669)
(314, 127, 30922)
(314, 193, 32953)
(314, 99, 4037)
(314, 85, 11707)
(314, 212, 9234)
(314, 116, 24527)
(314, 197, 11381)
(314, 143, 56842)
(314, 2, 26626)
(314, 178, 2612)
(314, 246, 10536)
(314, 66, 5453)
(314, 268, 23130)
(314, 255, 11713)
(314, 55, 2465)
(314, 232, 56238)
(314, 93, 14246)
(314, 17, 16727)
(314, 208, 40986)
(314, 279, 20794)
(314, 165, 16032)
(314, 136, 32518)
(314, 81, 15101)
(314, 237, 42849)
(314, 236, 50145)
(314, 225, 10592)
(314, 290, 44131)
(314, 304, 7846)
(314, 242, 31844)
(314, 152, 5387)
(314, 71, 12544)
(314, 214, 44604)
(314, 213, 28262)
(314, 276, 45857)
(314, 3, 38788)
(314, 109, 29126)
(314, 8, 19549)
(314, 257, 17374)
(314, 305, 33616)
(314, 309, 41940)
(314, 145, 11884)
(314, 111, 33800)
(314, 302, 30210)
(314, 287, 49778)
(314, 186, 34038)
(314, 0, 29267)
(314, 129, 29163)
(314, 288, 56046)
(314, 217, 25866)
(314, 16, 48772)
(314, 4, 43209)
(314, 87, 3516)
(314, 125, 31664)
(314, 176, 15778)
(314, 98, 23384)
(314, 162, 38617)
(314, 101, 42119)
(314, 265, 41956)
(314, 281, 16143)
(314, 137, 12216)
(314, 313, 38762)
(314, 210, 35753)
(314, 64, 41583)
(314, 121, 34689)
(314, 209, 36752)
(314, 70, 46942)
(314, 308, 19521)
(314, 258, 42942)
(314, 131, 40065)
(314, 270, 17486)
(314, 34, 50134)
(314, 172, 45447)
(314, 297, 15839)
(314, 219, 20900)
(314, 37, 44633)
(314, 234, 36702)
(314, 182, 53699)
(314, 29, 35038)
(314, 67, 49547)
(314, 48, 5525)
(314, 175, 26789)
(314, 112, 42909)
(314, 39, 49022)
(314, 211, 17878)
(314, 46, 2789)
(314, 292, 36297)
(314, 133, 50554)
(314, 15, 30004)
(314, 26, 45542)
(314, 283, 15944)
(314, 248, 46176)
(314, 23, 45234)
(314, 179, 40382)
(314, 284, 24613)
(314, 280, 57476)
(314, 53, 49117)
(314, 54, 21079)
(314, 245, 18351)
(314, 62, 29327)
(314, 306, 44587)
(314, 12, 46883)
(314, 91, 50595)
(314, 244, 1137)
(314, 303, 23926)
(314, 146, 17388)
(314, 44, 9219)
(314, 9, 17272)
(314, 307, 5504)
(314, 310, 26654)
(314, 75, 41631)
(314, 188, 9043)
(314, 117, 6049)
(314, 224, 39707)
(314, 10, 39659)
(314, 230, 28699)
(315, 288, 18563)
(315, 7, 43506)
(315, 267, 21787)
(315, 199, 13296)
(315, 112, 36346)
(315, 213, 25214)
(315, 25, 34151)
(315, 91, 13154)
(315, 284, 48451)
(315, 286, 4396)
(315, 57, 4372)
(315, 215, 39798)
(315, 238, 51181)
(315, 207, 9190)
(315, 136, 27424)
(315, 263, 38495)
(315, 156, 44047)
(315, 208, 43421)
(315, 143, 13516)
(315, 275, 38774)
(315, 102, 2794)
(315, 225, 13051)
(315, 230, 17229)
(315, 253, 31997)
(315, 273, 3251)
(315, 182, 6739)
(315, 45, 26940)
(315, 219, 48757)
(315, 74, 20276)
(315, 241, 56653)
(315, 1, 25946)
(315, 298, 55502)
(315, 6, 49463)
(315, 247, 57615)
(315, 262, 48216)
(315, 255, 56259)
(315, 48, 17651)
(315, 105, 14735)
(315, 93, 2449)
(315, 137, 51485)
(315, 82, 54519)
(315, 301, 13762)
(315, 36, 15132)
(315, 68, 47084)
(315, 222, 53389)
(315, 73, 3387)
(315, 44, 50984)
(315, 33, 38847)
(315, 194, 55315)
(315, 181, 49719)
(315, 260, 58071)
(315, 192, 19738)
(315, 201, 25273)
(315, 274, 7160)
(315, 32, 662)
(315, 172, 56488)
(315, 155, 28187)
(315, 189, 26943)
(315, 40, 19041)
(315, 38, 17454)
(315, 29, 34481)
(315, 39, 18149)
(315, 95, 5330)
(315, 37, 48949)
(315, 79, 39652)
(315, 2, 50545)
(315, 171, 50796)
(315, 308, 15165)
(315, 145, 45928)
(315, 196, 18925)
(315, 24, 25798)
(315, 183, 32187)
(315, 121, 14604)
(315, 250, 5566)
(315, 206, 36607)
(315, 218, 41967)
(315, 164, 28465)
(315, 224, 21519)
(315, 97, 18114)
(315, 15, 50177)
(315, 148, 44764)
(315, 287, 19230)
(315, 187, 21290)
(315, 239, 27824)
(315, 178, 42035)
(315, 10, 12725)
(315, 42, 9838)
(315, 123, 34542)
(315, 154, 49563)
(315, 53, 22918)
(315, 138, 10333)
(315, 249, 54378)
(315, 294, 24367)
(315, 139, 14807)
(315, 266, 50200)
(315, 116, 19152)
(315, 158, 7138)
(315, 217, 580)
(315, 122, 42526)
(315, 244, 18309)
(315, 120, 57554)
(315, 106, 34634)
(315, 119, 11414)
(315, 180, 10138)
(315, 197, 9783)
(315, 99, 2252)
(315, 127, 17783)
(315, 153, 51437)
(315, 157, 44595)
(315, 58, 20928)
(315, 252, 26856)
(315, 216, 23161)
(315, 30, 14508)
(315, 243, 34654)
(315, 254, 21973)
(315, 281, 31968)
(315, 141, 2026)
(315, 220, 5643)
(315, 128, 44640)
(315, 88, 14081)
(315, 314, 57492)
(315, 198, 6489)
(315, 232, 20695)
(315, 169, 2769)
(315, 290, 30644)
(315, 142, 37720)
(315, 203, 29820)
(315, 226, 10816)
(315, 92, 24587)
(315, 67, 29484)
(315, 64, 50925)
(315, 18, 16159)
(315, 56, 41456)
(315, 50, 55802)
(315, 170, 55887)
(315, 271, 52925)
(315, 160, 56723)
(315, 9, 52447)
(315, 133, 42438)
(315, 4, 4701)
(315, 305, 11170)
(315, 130, 48682)
(315, 3, 29463)
(315, 20, 31503)
(315, 209, 11963)
(315, 270, 651)
(315, 291, 23990)
(315, 179, 15497)
(315, 110, 23773)
(315, 8, 52534)
(315, 279, 11162)
(315, 163, 9587)
(315, 312, 28182)
(315, 117, 57140)
(315, 62, 6769)
(315, 34, 15903)
(315, 31, 50291)
(315, 204, 50442)
(315, 191, 15241)
(315, 264, 17853)
(315, 35, 48428)
(315, 245, 44842)
(315, 61, 29166)
(315, 100, 32435)
(315, 135, 37116)
(315, 70, 51144)
(315, 292, 50324)
(315, 118, 6939)
(315, 227, 57850)
(315, 184, 39192)
(315, 28, 21397)
(315, 84, 45408)
(315, 72, 45047)
(315, 114, 32139)
(315, 302, 28405)
(315, 176, 25434)
(315, 149, 41200)
(315, 205, 40256)
(315, 295, 45096)
(315, 214, 55367)
(315, 107, 8876)
(315, 132, 24228)
(315, 296, 53601)
(315, 49, 29711)
(315, 237, 27352)
(315, 285, 27232)
(315, 131, 54410)
(315, 108, 52471)
(315, 195, 55423)
(315, 311, 22430)
(315, 59, 56035)
(315, 96, 10821)
(315, 69, 52784)
(315, 21, 48206)
(315, 233, 44738)
(315, 293, 37976)
(315, 174, 18)
(315, 134, 28110)
(315, 282, 3530)
(315, 47, 41772)
(315, 248, 46114)
(315, 98, 2137)
(315, 46, 26843)
(315, 90, 29419)
(315, 159, 10796)
(315, 80, 39940)
(315, 251, 11524)
(315, 236, 16450)
(315, 101, 30498)
(315, 147, 50744)
(315, 140, 11742)
(315, 307, 41330)
(315, 259, 15859)
(315, 167, 28156)
(315, 257, 35429)
(315, 168, 23065)
(315, 240, 48311)
(315, 94, 42785)
(315, 166, 38466)
(315, 289, 26534)
(315, 173, 53090)
(315, 51, 11659)
(315, 54, 50660)
(315, 161, 25262)
(315, 52, 24564)
(315, 19, 46802)
(315, 115, 49013)
(315, 150, 16189)
(315, 81, 45359)
(315, 111, 10432)
(315, 277, 29580)
(315, 16, 36888)
(315, 211, 12601)
(315, 77, 33739)
(315, 299, 48972)
(315, 303, 43381)
(315, 258, 297)
(315, 125, 56589)
(315, 310, 31184)
(315, 177, 17184)
(315, 14, 1176)
(315, 210, 4783)
(315, 165, 47)
(315, 188, 25211)
(315, 75, 50005)
(315, 304, 17238)
(315, 41, 44140)
(315, 231, 6025)
(315, 129, 6569)
(315, 306, 10947)
(315, 280, 49582)
(315, 212, 50861)
(315, 109, 16098)
(315, 162, 54462)
(315, 261, 11279)
(315, 269, 9490)
(315, 17, 52358)
(315, 283, 51684)
(315, 235, 15983)
(315, 124, 21026)
(315, 65, 17675)
(315, 12, 21726)
(315, 300, 57067)
(315, 144, 11728)
(315, 223, 36990)
(315, 265, 40262)
(315, 200, 2628)
(315, 272, 22661)
(315, 27, 7553)
(315, 11, 41147)
(315, 86, 39228)
(315, 242, 4213)
(315, 276, 50127)
(315, 104, 27458)
(315, 55, 20454)
(315, 278, 37294)
(315, 221, 46408)
(315, 85, 40231)
(315, 234, 30381)
(315, 5, 8551)
(315, 256, 9373)
(315, 87, 8835)
(315, 146, 35358)
(315, 13, 6341)
(315, 26, 9594)
(315, 185, 34449)
(315, 190, 51543)
(315, 23, 842)
(315, 66, 12019)
(315, 229, 13218)
(315, 313, 53887)
(315, 126, 25225)
(315, 151, 35203)
(315, 63, 36548)
(315, 103, 24705)
(315, 60, 44748)
(315, 309, 47809)
(315, 78, 28314)
(315, 89, 48904)
(315, 113, 48218)
(315, 186, 12146)
(315, 202, 47996)
(315, 76, 31528)
(315, 83, 23991)
(315, 297, 25436)
(315, 152, 36899)
(315, 0, 9883)
(315, 22, 26134)
(315, 175, 43286)
(315, 268, 561)
(315, 71, 5575)
(315, 228, 29662)
(315, 193, 37192)
(316, 132, 15279)
(316, 30, 6629)
(317, 214, 50018)
(317, 9, 9813)
(317, 98, 50118)
(317, 192, 2558)
(317, 259, 24185)
(317, 63, 2535)
(317, 204, 15292)
(317, 266, 45093)
(317, 262, 49790)
(317, 83, 8764)
(317, 203, 35608)
(317, 282, 355)
(317, 2, 26956)
(317, 35, 51707)
(317, 121, 40487)
(317, 69, 29925)
(317, 216, 28242)
(317, 106, 1895)
(317, 133, 32711)
(317, 218, 17901)
(317, 172, 44700)
(317, 132, 1499)
(317, 23, 50715)
(317, 156, 15763)
(317, 90, 14806)
(317, 140, 19419)
(317, 44, 37151)
(317, 154, 19426)
(317, 310, 44414)
(317, 105, 33477)
(317, 273, 30371)
(317, 52, 16839)
(317, 99, 16795)
(317, 186, 40147)
(317, 129, 1505)
(317, 27, 35572)
(317, 109, 27441)
(317, 33, 35363)
(317, 297, 31477)
(317, 223, 42256)
(317, 46, 22927)
(317, 228, 28957)
(317, 194, 40349)
(317, 150, 22843)
(317, 24, 46362)
(317, 175, 52843)
(317, 298, 27530)
(317, 85, 48059)
(317, 32, 1576)
(317, 123, 47172)
(317, 164, 12069)
(317, 148, 49254)
(317, 239, 1147)
(317, 316, 32241)
(317, 160, 32836)
(317, 152, 2956)
(317, 54, 42792)
(317, 126, 40051)
(317, 61, 53702)
(317, 30, 6834)
(317, 289, 44545)
(317, 246, 1226)
(317, 111, 13283)
(317, 51, 24536)
(317, 242, 35346)
(317, 221, 54078)
(317, 36, 44637)
(317, 171, 6389)
(317, 187, 17553)
(317, 70, 38730)
(317, 265, 37775)
(317, 283, 6524)
(317, 117, 54733)
(317, 191, 31243)
(317, 313, 46508)
(317, 122, 1699)
(317, 0, 32919)
(317, 29, 50686)
(317, 97, 27230)
(317, 304, 3564)
(317, 41, 41276)
(317, 58, 45975)
(317, 15, 29848)
(317, 62, 7233)
(317, 75, 29494)
(317, 185, 10193)
(317, 197, 21395)
(317, 114, 20918)
(317, 37, 39147)
(317, 196, 19831)
(317, 77, 46348)
(317, 256, 1787)
(317, 269, 52266)
(317, 311, 53875)
(317, 225, 47302)
(317, 202, 20688)
(317, 130, 27395)
(317, 11, 25587)
(317, 233, 48378)
(317, 93, 20314)
(317, 72, 14747)
(317, 82, 16137)
(317, 96, 4547)
(317, 56, 12603)
(317, 42, 27839)
(317, 8, 23959)
(317, 78, 46457)
(317, 224, 34011)
(317, 295, 4407)
(317, 209, 45740)
(317, 5, 31414)
(317, 12, 57385)
(317, 120, 39688)
(317, 151, 31127)
(317, 286, 11256)
(317, 95, 17262)
(317, 222, 16076)
(317, 210, 17308)
(317, 14, 33486)
(317, 207, 9732)
(317, 241, 48361)
(317, 213, 13098)
(317, 264, 25219)
(317, 243, 56182)
(317, 110, 22455)
(317, 131, 30279)
(317, 40, 49134)
(317, 276, 44708)
(317, 290, 18519)
(317, 116, 52474)
(317, 57, 34350)
(317, 102, 10403)
(317, 173, 30102)
(317, 272, 29683)
(317, 79, 49323)
(317, 66, 19475)
(317, 91, 54973)
(317, 217, 28141)
(317, 292, 33995)
(317, 275, 40038)
(317, 108, 42367)
(317, 137, 55218)
(317, 237, 43471)
(317, 59, 24011)
(317, 253, 9606)
(317, 142, 13004)
(317, 215, 1518)
(317, 68, 31245)
(317, 17, 15560)
(317, 103, 26547)
(317, 296, 14764)
(317, 39, 8480)
(317, 260, 56504)
(317, 165, 7597)
(317, 74, 56947)
(317, 287, 6122)
(317, 88, 26630)
(317, 199, 22570)
(317, 147, 23312)
(317, 1, 2134)
(317, 43, 16823)
(317, 314, 40215)
(317, 168, 20252)
(317, 208, 21956)
(317, 226, 49461)
(317, 55, 53896)
(317, 158, 51497)
(317, 279, 21212)
(317, 34, 16042)
(317, 13, 29360)
(317, 176, 27423)
(317, 6, 44623)
(317, 45, 55052)
(317, 128, 51741)
(317, 139, 46404)
(317, 138, 25721)
(317, 280, 42982)
(317, 167, 17501)
(317, 19, 2393)
(317, 268, 40466)
(317, 281, 41985)
(317, 285, 22825)
(317, 206, 17350)
(317, 157, 57133)
(317, 274, 24369)
(317, 20, 24963)
(317, 155, 5419)
(317, 100, 41344)
(317, 255, 28832)
(317, 236, 19606)
(317, 125, 20102)
(317, 118, 45910)
(317, 161, 20004)
(317, 80, 26228)
(317, 89, 39016)
(317, 179, 6425)
(317, 308, 13628)
(317, 76, 15384)
(317, 107, 8427)
(317, 25, 25322)
(317, 235, 48118)
(317, 288, 57733)
(317, 38, 50021)
(317, 166, 7558)
(317, 112, 14134)
(317, 257, 49694)
(317, 198, 21589)
(317, 49, 12043)
(317, 229, 12115)
(317, 190, 30806)
(317, 307, 34789)
(317, 181, 47131)
(317, 143, 43851)
(317, 178, 14770)
(317, 252, 25817)
(317, 162, 12687)
(317, 31, 6978)
(317, 189, 32022)
(317, 3, 41289)
(317, 250, 52695)
(317, 303, 14298)
(317, 22, 23707)
(317, 211, 30392)
(317, 73, 14279)
(317, 183, 25026)
(317, 299, 52730)
(317, 65, 10312)
(317, 60, 47945)
(317, 294, 26623)
(317, 240, 46521)
(317, 71, 57642)
(317, 127, 48420)
(317, 84, 13757)
(317, 182, 52249)
(317, 145, 1530)
(317, 219, 439)
(317, 301, 14543)
(317, 149, 42911)
(317, 254, 48666)
(317, 188, 17849)
(317, 200, 37096)
(317, 249, 46400)
(317, 101, 5250)
(317, 270, 3821)
(317, 267, 30533)
(317, 309, 18064)
(317, 124, 6218)
(317, 135, 22822)
(317, 248, 40017)
(317, 238, 6718)
(317, 277, 7222)
(317, 136, 27360)
(317, 113, 12300)
(317, 26, 55735)
(317, 87, 12898)
(317, 92, 23697)
(317, 258, 48815)
(317, 251, 54899)
(317, 16, 36035)
(317, 201, 26341)
(317, 193, 40949)
(317, 205, 6733)
(317, 119, 2661)
(317, 315, 14669)
(317, 293, 28436)
(317, 177, 2572)
(317, 230, 15549)
(317, 159, 57705)
(317, 227, 34788)
(317, 232, 56531)
(317, 153, 19732)
(317, 284, 26989)
(317, 64, 22440)
(317, 18, 32208)
(317, 291, 20184)
(317, 163, 46270)
(317, 7, 1099)
(318, 159, 8895)
(318, 151, 56671)
(318, 86, 39610)
(318, 242, 3742)
(318, 289, 14643)
(318, 211, 17085)
(318, 274, 57259)
(318, 230, 29436)
(318, 286, 15935)
(318, 164, 26414)
(318, 187, 56762)
(318, 176, 1718)
(318, 24, 19791)
(318, 208, 30258)
(318, 84, 14426)
(318, 95, 24074)
(318, 2, 25286)
(318, 4, 32655)
(318, 106, 24251)
(318, 316, 15677)
(318, 57, 26514)
(318, 302, 55257)
(318, 54, 39091)
(318, 87, 20682)
(318, 290, 10442)
(318, 124, 32038)
(318, 143, 32625)
(318, 213, 50351)
(318, 161, 32381)
(318, 112, 2800)
(318, 126, 53939)
(318, 248, 55793)
(318, 136, 25614)
(318, 154, 8266)
(318, 189, 6584)
(318, 251, 21815)
(318, 179, 15837)
(318, 121, 44275)
(318, 229, 39376)
(318, 165, 32694)
(318, 78, 49616)
(318, 235, 41360)
(318, 281, 27543)
(318, 255, 4529)
(318, 132, 22411)
(318, 96, 7687)
(318, 185, 41641)
(318, 113, 32432)
(318, 73, 33274)
(318, 177, 10869)
(318, 173, 19378)
(318, 137, 33251)
(318, 228, 9040)
(318, 5, 33465)
(318, 227, 274)
(318, 42, 22148)
(318, 273, 1572)
(319, 233, 22297)
(319, 4, 3847)
(319, 23, 22563)
(319, 104, 36024)
(319, 178, 57677)
(320, 136, 9422)
(320, 316, 38120)
(320, 24, 24101)
(320, 31, 4033)
(320, 160, 57079)
(320, 211, 2499)
(320, 224, 48288)
(320, 98, 38603)
(320, 151, 53376)
(320, 220, 50460)
(320, 187, 31024)
(320, 216, 50790)
(320, 169, 46316)
(320, 282, 33738)
(320, 149, 54557)
(320, 41, 43606)
(320, 246, 2500)
(320, 201, 53339)
(320, 144, 32978)
(320, 193, 32931)
(320, 219, 18088)
(320, 132, 3123)
(320, 171, 20070)
(320, 256, 7895)
(320, 80, 37780)
(320, 106, 50110)
(320, 119, 24764)
(320, 272, 3790)
(320, 14, 48399)
(320, 72, 7469)
(320, 196, 31590)
(320, 81, 17036)
(320, 223, 31110)
(320, 30, 36716)
(320, 255, 38744)
(320, 112, 16848)
(320, 32, 47484)
(320, 125, 35202)
(320, 266, 12065)
(320, 2, 34096)
(320, 178, 35739)
(320, 127, 28510)
(320, 7, 36614)
(320, 153, 3108)
(320, 222, 22801)
(320, 150, 48982)
(320, 194, 28477)
(320, 285, 57179)
(320, 8, 3961)
(320, 18, 28866)
(320, 3, 26832)
(320, 1, 20281)
(320, 161, 24452)
(320, 63, 27981)
(320, 177, 13126)
(320, 102, 48068)
(320, 200, 22643)
(320, 252, 39455)
(320, 99, 21697)
(320, 58, 22966)
(320, 108, 909)
(320, 52, 47438)
(320, 234, 7291)
(320, 131, 56649)
(320, 294, 41262)
(320, 67, 58064)
(320, 184, 41661)
(320, 306, 1528)
(320, 6, 47274)
(320, 66, 57032)
(320, 315, 23357)
(320, 116, 18817)
(320, 299, 43999)
(320, 158, 5135)
(320, 96, 21217)
(320, 40, 50710)
(320, 286, 15085)
(320, 276, 51395)
(320, 64, 27527)
(320, 117, 1432)
(320, 55, 51598)
(320, 207, 51943)
(320, 233, 40948)
(320, 33, 26888)
(320, 142, 54122)
(320, 37, 9380)
(320, 9, 6355)
(320, 214, 7616)
(320, 77, 38156)
(320, 238, 50902)
(320, 165, 57606)
(320, 17, 44617)
(320, 318, 49573)
(320, 301, 45912)
(320, 317, 25950)
(320, 190, 52202)
(320, 241, 29540)
(320, 192, 22353)
(320, 236, 4249)
(320, 11, 20921)
(320, 248, 8411)
(320, 113, 46363)
(320, 265, 26309)
(320, 174, 27632)
(320, 311, 52834)
(320, 71, 9967)
(320, 155, 36898)
(320, 56, 51994)
(320, 79, 51902)
(320, 95, 33659)
(320, 78, 3275)
(320, 44, 23656)
(320, 270, 3536)
(320, 303, 30907)
(320, 23, 7364)
(321, 87, 31729)
(321, 262, 42508)
(321, 26, 56053)
(321, 188, 29718)
(321, 256, 30323)
(321, 236, 56415)
(321, 25, 861)
(321, 28, 14859)
(321, 121, 15513)
(321, 164, 56302)
(321, 162, 27183)
(321, 81, 57817)
(321, 143, 40393)
(321, 92, 43553)
(321, 161, 27469)
(321, 119, 53765)
(321, 53, 11747)
(322, 306, 52703)
(322, 28, 26214)
(322, 251, 13721)
(322, 202, 58094)
(322, 145, 24210)
(322, 180, 2899)
(322, 157, 19945)
(322, 163, 18750)
(322, 204, 22410)
(322, 177, 24595)
(322, 176, 17259)
(322, 318, 23791)
(322, 253, 4548)
(322, 229, 29560)
(322, 110, 29023)
(322, 113, 48000)
(322, 106, 52868)
(322, 315, 44829)
(322, 141, 1280)
(322, 20, 26407)
(322, 185, 29239)
(322, 69, 45152)
(322, 284, 56459)
(322, 47, 25621)
(322, 118, 20164)
(322, 148, 12147)
(322, 208, 42070)
(322, 36, 42934)
(322, 249, 4589)
(322, 297, 29947)
(322, 108, 22335)
(322, 133, 54900)
(322, 310, 6993)
(322, 228, 38935)
(322, 190, 31668)
(322, 95, 30154)
(322, 76, 52257)
(322, 261, 13490)
(322, 305, 36490)
(322, 91, 25814)
(322, 192, 57411)
(322, 98, 55773)
(322, 27, 36000)
(322, 140, 53136)
(322, 43, 32761)
(322, 159, 9507)
(322, 172, 33467)
(322, 287, 35311)
(322, 161, 11571)
(322, 182, 57999)
(322, 158, 9018)
(322, 56, 1812)
(322, 45, 11925)
(322, 317, 49367)
(322, 112, 39273)
(322, 7, 4747)
(322, 29, 16640)
(322, 94, 13231)
(322, 286, 24484)
(322, 256, 1571)
(322, 248, 343)
(322, 225, 19013)
(322, 151, 16577)
(322, 103, 33182)
(322, 44, 41104)
(322, 129, 21537)
(322, 50, 22913)
(322, 30, 3835)
(322, 125, 15192)
(322, 188, 52536)
(322, 82, 10107)
(322, 88, 53445)
(322, 5, 52717)
(322, 308, 44606)
(322, 254, 32859)
(322, 303, 12362)
(322, 313, 28878)
(322, 201, 36958)
(322, 130, 17964)
(322, 233, 27753)
(322, 93, 55525)
(322, 48, 27938)
(322, 117, 25835)
(322, 127, 7107)
(322, 107, 27653)
(322, 24, 38805)
(322, 271, 3428)
(322, 18, 42811)
(322, 269, 13169)
(322, 216, 38692)
(322, 267, 22595)
(322, 68, 1865)
(322, 205, 40319)
(322, 33, 16879)
(322, 198, 38174)
(322, 294, 18525)
(322, 191, 30958)
(322, 189, 49482)
(322, 135, 43438)
(322, 152, 166)
(322, 137, 6575)
(322, 119, 6619)
(322, 199, 41937)
(322, 236, 20645)
(322, 66, 43186)
(322, 128, 9988)
(322, 169, 38516)
(322, 211, 28113)
(322, 200, 52069)
(322, 230, 27799)
(322, 74, 55708)
(322, 114, 13987)
(322, 80, 47742)
(322, 100, 23597)
(322, 13, 51024)
(322, 298, 751)
(322, 218, 29043)
(322, 123, 28435)
(322, 250, 42134)
(322, 14, 15817)
(322, 309, 51783)
(322, 15, 30954)
(322, 10, 24454)
(322, 97, 10483)
(322, 226, 2632)
(322, 288, 18739)
(322, 124, 14263)
(322, 289, 19445)
(322, 121, 20849)
(322, 32, 24515)
(322, 258, 32240)
(322, 212, 22995)
(322, 276, 11734)
(322, 168, 47465)
(322, 255, 47139)
(322, 70, 15376)
(322, 104, 30432)
(322, 115, 21798)
(322, 6, 17351)
(322, 243, 56631)
(322, 246, 28920)
(322, 174, 37010)
(322, 109, 32250)
(322, 149, 38924)
(322, 220, 25610)
(322, 268, 46794)
(322, 314, 15584)
(322, 67, 56335)
(322, 83, 55966)
(322, 290, 21482)
(322, 164, 15561)
(322, 206, 48338)
(322, 11, 9691)
(322, 139, 10824)
(322, 102, 42276)
(322, 223, 28606)
(322, 175, 8455)
(322, 302, 19106)
(322, 12, 17562)
(322, 31, 323)
(322, 224, 27417)
(322, 231, 10687)
(322, 270, 45400)
(322, 285, 28323)
(322, 171, 4508)
(322, 259, 886)
(322, 237, 23347)
(322, 209, 4393)
(322, 51, 26306)
(322, 244, 8824)
(322, 320, 54356)
(322, 16, 20989)
(322, 264, 13883)
(322, 300, 57345)
(322, 9, 53047)
(322, 166, 25488)
(322, 90, 57105)
(322, 65, 12795)
(322, 187, 54061)
(322, 34, 50332)
(322, 92, 2147)
(322, 63, 12996)
(322, 214, 1323)
(322, 316, 51806)
(322, 272, 47601)
(322, 193, 22862)
(322, 194, 4830)
(322, 222, 28434)
(322, 41, 9419)
(322, 165, 24253)
(322, 257, 490)
(322, 42, 43974)
(322, 99, 1302)
(322, 153, 35945)
(322, 278, 13805)
(322, 77, 23226)
(322, 101, 37213)
(322, 307, 37214)
(322, 291, 30896)
(322, 156, 14742)
(322, 38, 23173)
(322, 131, 10782)
(322, 217, 1801)
(322, 221, 34536)
(322, 273, 22140)
(322, 219, 16635)
(322, 234, 24770)
(322, 167, 15437)
(322, 122, 1189)
(322, 81, 12783)
(322, 25, 1006)
(322, 53, 13134)
(322, 173, 52108)
(322, 72, 23267)
(322, 296, 31793)
(322, 280, 29656)
(322, 178, 56987)
(322, 238, 50085)
(322, 4, 57932)
(322, 89, 11975)
(323, 268, 20891)
(323, 214, 19293)
(323, 31, 22984)
(323, 264, 8059)
(323, 260, 1504)
(323, 266, 11118)
(323, 305, 56225)
(323, 218, 12468)
(323, 168, 9092)
(323, 77, 6583)
(323, 192, 7668)
(323, 40, 37666)
(323, 318, 54311)
(323, 183, 19460)
(323, 81, 4214)
(323, 20, 42167)
(323, 140, 48966)
(323, 198, 17638)
(323, 50, 54392)
(323, 261, 24683)
(323, 249, 42779)
(323, 23, 51425)
(323, 33, 45687)
(323, 309, 48349)
(323, 61, 14172)
(323, 125, 43436)
(323, 259, 48248)
(323, 26, 38875)
(323, 86, 7257)
(323, 250, 19992)
(323, 108, 6778)
(323, 141, 5206)
(323, 14, 3100)
(323, 281, 35154)
(323, 96, 36694)
(323, 316, 35318)
(323, 90, 54801)
(323, 67, 32547)
(323, 162, 12620)
(323, 25, 56786)
(323, 313, 48689)
(323, 5, 46396)
(323, 73, 18062)
(323, 115, 20082)
(323, 179, 1422)
(323, 89, 47262)
(323, 164, 557)
(323, 9, 14616)
(323, 220, 45675)
(323, 159, 40882)
(323, 322, 34472)
(323, 22, 16)
(323, 277, 18137)
(323, 291, 1493)
(323, 56, 19191)
(323, 310, 14771)
(323, 298, 27795)
(323, 99, 39744)
(323, 122, 4115)
(323, 285, 49625)
(323, 62, 45242)
(323, 274, 35821)
(323, 239, 45252)
(323, 216, 6006)
(323, 64, 16629)
(323, 165, 51465)
(323, 10, 38467)
(323, 194, 21138)
(323, 60, 12429)
(323, 110, 32727)
(323, 210, 47283)
(323, 215, 6960)
(323, 71, 21587)
(323, 63, 33621)
(323, 41, 13418)
(323, 146, 4308)
(323, 149, 13577)
(323, 236, 44889)
(323, 161, 25401)
(323, 221, 5120)
(323, 257, 6894)
(323, 126, 40859)
(323, 136, 54861)
(323, 11, 12750)
(323, 34, 52645)
(323, 55, 29517)
(323, 147, 33517)
(323, 240, 50074)
(323, 51, 7358)
(323, 29, 55496)
(323, 88, 44535)
(323, 265, 51959)
(323, 182, 40125)
(323, 187, 23586)
(323, 233, 30656)
(323, 270, 51787)
(323, 148, 27097)
(323, 186, 41390)
(323, 283, 36726)
(323, 49, 42395)
(323, 132, 3851)
(324, 179, 20563)
(324, 285, 34686)
(324, 274, 39384)
(324, 265, 52018)
(324, 101, 43572)
(324, 56, 3079)
(324, 224, 57678)
(324, 199, 34764)
(324, 219, 11797)
(324, 288, 48415)
(324, 130, 20)
(324, 177, 50254)
(324, 309, 4651)
(324, 280, 46526)
(324, 162, 34574)
(324, 238, 38626)
(324, 323, 3056)
(324, 104, 24553)
(324, 39, 24794)
(324, 196, 40171)
(324, 225, 40931)
(324, 131, 51956)
(324, 96, 36499)
(324, 132, 50187)
(324, 217, 54064)
(324, 94, 11109)
(324, 77, 42505)
(324, 173, 27379)
(324, 273, 9012)
(324, 128, 12233)
(324, 14, 52365)
(324, 166, 24885)
(324, 279, 41296)
(324, 25, 36862)
(324, 57, 37040)
(324, 126, 44795)
(324, 167, 29882)
(324, 195, 54544)
(324, 252, 29776)
(324, 11, 8821)
(324, 107, 37927)
(324, 102, 12831)
(324, 108, 54844)
(324, 139, 2509)
(324, 255, 5648)
(324, 109, 31917)
(324, 259, 23083)
(324, 127, 5513)
(324, 253, 47425)
(324, 125, 19405)
(324, 137, 1832)
(324, 61, 24171)
(324, 231, 21987)
(324, 32, 29788)
(324, 260, 54174)
(324, 95, 57557)
(324, 317, 19163)
(324, 124, 9869)
(324, 33, 35634)
(324, 62, 53608)
(324, 43, 47478)
(324, 28, 7423)
(324, 54, 15251)
(324, 234, 28475)
(324, 17, 35985)
(324, 202, 33276)
(324, 31, 39827)
(324, 171, 18794)
(324, 121, 13626)
(324, 70, 12809)
(324, 270, 11123)
(324, 315, 3425)
(324, 188, 32812)
(324, 291, 21391)
(324, 289, 4687)
(324, 75, 56108)
(324, 164, 10464)
(324, 170, 14977)
(324, 79, 33483)
(324, 149, 9362)
(324, 151, 28353)
(324, 205, 29601)
(324, 74, 57396)
(324, 305, 44916)
(324, 159, 5167)
(324, 189, 34318)
(324, 10, 43029)
(324, 72, 7255)
(324, 276, 22636)
(324, 123, 2340)
(324, 6, 46643)
(324, 290, 49949)
(324, 311, 43621)
(324, 191, 6147)
(324, 300, 26604)
(324, 316, 30243)
(324, 282, 25933)
(324, 222, 54082)
(324, 176, 30386)
(324, 299, 24913)
(324, 49, 6672)
(324, 216, 13074)
(324, 298, 34525)
(324, 185, 46893)
(324, 24, 17385)
(324, 89, 45262)
(324, 308, 19471)
(324, 36, 46722)
(324, 261, 57910)
(324, 211, 30339)
(324, 181, 42837)
(324, 249, 56720)
(324, 175, 49174)
(324, 198, 11145)
(324, 267, 30378)
(324, 145, 4450)
(324, 47, 26422)
(324, 106, 4877)
(324, 304, 47643)
(324, 286, 2416)
(324, 148, 16998)
(324, 82, 6680)
(324, 63, 32117)
(324, 307, 18932)
(324, 138, 5271)
(324, 38, 18185)
(324, 146, 8282)
(324, 169, 19741)
(324, 244, 37142)
(324, 3, 26731)
(324, 239, 7337)
(324, 69, 15804)
(324, 320, 53786)
(324, 46, 20531)
(324, 303, 25481)
(324, 221, 17903)
(324, 134, 57682)
(324, 113, 35178)
(324, 117, 6525)
(324, 232, 34461)
(324, 0, 3857)
(324, 118, 25213)
(324, 192, 22709)
(324, 60, 10772)
(324, 91, 7504)
(324, 51, 37541)
(324, 271, 47704)
(324, 230, 8473)
(324, 208, 44737)
(324, 209, 13902)
(324, 262, 43582)
(324, 90, 46095)
(324, 295, 31905)
(324, 322, 53474)
(324, 71, 29892)
(324, 218, 7658)
(324, 240, 56446)
(324, 201, 44260)
(324, 172, 47895)
(324, 116, 27668)
(324, 215, 33973)
(324, 142, 19825)
(324, 12, 57281)
(324, 266, 10115)
(324, 99, 13407)
(324, 35, 21684)
(324, 2, 44491)
(324, 13, 16449)
(324, 251, 26750)
(324, 278, 43326)
(324, 30, 37759)
(324, 204, 13286)
(324, 16, 34910)
(324, 23, 11818)
(324, 297, 3119)
(324, 183, 26760)
(324, 83, 27631)
(324, 292, 25108)
(324, 76, 20805)
(324, 80, 41980)
(324, 306, 22586)
(324, 243, 52091)
(324, 103, 18483)
(324, 55, 24824)
(324, 258, 16409)
(324, 68, 55238)
(324, 136, 19084)
(324, 275, 35986)
(324, 81, 29344)
(324, 100, 47496)
(324, 180, 10371)
(324, 277, 7544)
(324, 1, 54486)
(324, 321, 52849)
(324, 268, 21657)
(324, 178, 14338)
(324, 269, 53531)
(324, 281, 3289)
(324, 4, 34490)
(324, 210, 4727)
(324, 245, 15243)
(324, 287, 47277)
(324, 314, 23045)
(324, 233, 39550)
(324, 246, 55301)
(324, 26, 24957)
(324, 165, 27872)
(324, 119, 29773)
(324, 163, 135)
(324, 66, 49737)
(324, 161, 38876)
(324, 235, 49509)
(324, 293, 16538)
(324, 256, 20346)
(324, 226, 7279)
(324, 264, 31486)
(324, 135, 27920)
(324, 122, 23654)
(324, 182, 5371)
(324, 250, 1521)
(324, 18, 43198)
(324, 174, 50053)
(324, 157, 46546)
(324, 187, 41883)
(324, 155, 4640)
(324, 40, 53190)
(324, 254, 26765)
(324, 283, 26639)
(324, 193, 21351)
(324, 248, 23659)
(324, 22, 12377)
(324, 133, 36912)
(324, 114, 22885)
(324, 200, 30992)
(324, 153, 22242)
(324, 150, 8453)
(324, 5, 26605)
(324, 147, 11097)
(324, 143, 44720)
(325, 151, 51529)
(325, 34, 31348)
(325, 313, 56861)
(325, 93, 56090)
(325, 175, 18030)
(325, 191, 36565)
(325, 179, 34752)
(325, 60, 30891)
(325, 162, 32837)
(325, 2, 15913)
(325, 33, 51792)
(325, 148, 37094)
(325, 187, 46244)
(325, 209, 8994)
(325, 323, 29285)
(325, 283, 44769)
(325, 17, 49703)
(325, 96, 24752)
(325, 169, 44938)
(325, 304, 4325)
(325, 104, 7792)
(325, 299, 47299)
(325, 147, 55463)
(325, 216, 3779)
(325, 180, 9368)
(325, 20, 4836)
(325, 13, 9441)
(325, 35, 23178)
(325, 109, 46216)
(325, 107, 35554)
(325, 188, 44850)
(325, 261, 3823)
(325, 116, 44573)
(325, 202, 29562)
(325, 170, 13799)
(325, 28, 35897)
(325, 99, 56370)
(325, 129, 16625)
(325, 15, 39504)
(325, 152, 16579)
(325, 266, 42580)
(325, 253, 48652)
(325, 123, 9443)
(325, 257, 7770)
(325, 111, 18652)
(325, 195, 47825)
(325, 264, 56547)
(325, 4, 5183)
(325, 294, 23108)
(325, 271, 55371)
(325, 140, 9814)
(325, 205, 51268)
(325, 154, 35096)
(325, 86, 34531)
(325, 150, 26099)
(325, 192, 41575)
(325, 239, 30875)
(325, 251, 53187)
(325, 120, 50387)
(325, 89, 36747)
(325, 212, 25025)
(325, 240, 29116)
(325, 298, 31089)
(325, 177, 15068)
(325, 84, 29963)
(325, 252, 45189)
(325, 215, 3705)
(325, 7, 9890)
(325, 248, 23561)
(325, 137, 42332)
(325, 274, 23569)
(325, 157, 20869)
(325, 224, 18662)
(325, 98, 5077)
(325, 50, 34545)
(325, 44, 5977)
(325, 92, 10475)
(325, 52, 39751)
(325, 164, 51793)
(325, 143, 3844)
(325, 297, 23478)
(325, 149, 12848)
(325, 158, 6644)
(325, 291, 49568)
(325, 168, 47013)
(325, 217, 18649)
(325, 165, 40689)
(325, 45, 22991)
(325, 115, 48169)
(325, 285, 57684)
(325, 310, 14368)
(325, 3, 58102)
(326, 177, 48283)
(326, 108, 19795)
(326, 43, 7701)
(326, 4, 16692)
(326, 137, 9875)
(326, 279, 28536)
(326, 156, 48659)
(326, 113, 56275)
(326, 118, 24706)
(326, 151, 32086)
(326, 324, 14140)
(326, 245, 1480)
(326, 35, 21221)
(326, 280, 47162)
(326, 161, 18805)
(326, 112, 11979)
(326, 238, 28653)
(326, 5, 41309)
(326, 311, 56801)
(326, 314, 18876)
(326, 259, 35085)
(326, 296, 25353)
(326, 241, 20420)
(326, 244, 43283)
(326, 75, 1126)
(326, 182, 21166)
(326, 239, 41833)
(326, 300, 11942)
(326, 210, 6123)
(326, 256, 43331)
(326, 144, 31478)
(326, 145, 46203)
(326, 18, 46888)
(326, 285, 11120)
(326, 114, 50980)
(326, 146, 259)
(326, 186, 29508)
(326, 291, 77)
(326, 260, 31121)
(326, 176, 39360)
(326, 315, 27468)
(326, 155, 26799)
(326, 86, 42869)
(326, 187, 47871)
(326, 305, 23260)
(326, 99, 30382)
(326, 46, 29142)
(326, 14, 23155)
(326, 278, 34844)
(326, 215, 48650)
(326, 91, 46767)
(326, 82, 31603)
(326, 17, 40432)
(326, 318, 36043)
(326, 207, 44274)
(326, 24, 5773)
(326, 321, 26412)
(326, 3, 48746)
(326, 190, 42846)
(326, 101, 31250)
(326, 83, 56613)
(326, 119, 29495)
(326, 44, 6574)
(326, 111, 26297)
(326, 247, 28326)
(326, 51, 40850)
(326, 122, 21727)
(326, 78, 35647)
(326, 172, 8567)
(326, 121, 48749)
(326, 97, 8462)
(326, 13, 48616)
(326, 71, 36471)
(326, 166, 52026)
(326, 30, 1613)
(326, 189, 45410)
(326, 38, 56312)
(326, 154, 20680)
(326, 89, 13237)
(326, 81, 22117)
(326, 54, 34291)
(326, 34, 50157)
(326, 276, 22380)
(326, 219, 55108)
(326, 320, 37796)
(326, 288, 49293)
(326, 165, 32912)
(326, 316, 20227)
(326, 40, 53245)
(326, 58, 24883)
(326, 45, 37809)
(326, 139, 38334)
(326, 26, 25303)
(326, 216, 46684)
(326, 41, 23431)
(326, 264, 30952)
(326, 23, 13200)
(326, 116, 11407)
(326, 103, 10546)
(326, 266, 12563)
(326, 181, 7862)
(326, 28, 14922)
(326, 100, 534)
(326, 302, 22004)
(326, 135, 44054)
(326, 268, 24062)
(326, 158, 28660)
(326, 211, 35957)
(326, 153, 32897)
(326, 9, 33566)
(326, 273, 57288)
(326, 178, 23817)
(326, 249, 35532)
(326, 94, 34547)
(326, 95, 4054)
(326, 159, 21463)
(326, 301, 26461)
(326, 228, 1479)
(326, 110, 46419)
(326, 284, 15861)
(326, 37, 45971)
(326, 90, 39236)
(326, 243, 35232)
(326, 47, 32510)
(326, 53, 21027)
(326, 194, 43613)
(326, 141, 46737)
(326, 42, 33347)
(326, 140, 41389)
(326, 240, 43349)
(326, 123, 9941)
(326, 253, 41003)
(326, 31, 49917)
(326, 62, 36220)
(326, 323, 14116)
(326, 16, 44502)
(326, 230, 38240)
(326, 84, 14037)
(326, 126, 56230)
(326, 204, 7333)
(326, 282, 20063)
(326, 125, 52570)
(326, 261, 50010)
(326, 319, 3733)
(326, 124, 54975)
(327, 144, 11651)
(327, 89, 4726)
(327, 310, 17291)
(327, 273, 394)
(327, 138, 15046)
(327, 49, 34761)
(327, 152, 42471)
(327, 70, 10516)
(327, 115, 30969)
(327, 67, 7295)
(327, 93, 57681)
(327, 60, 55230)
(327, 155, 21429)
(327, 145, 33258)
(327, 112, 30423)
(327, 295, 18972)
(327, 224, 53603)
(327, 159, 1372)
(327, 294, 4576)
(327, 165, 41744)
(327, 266, 45020)
(327, 120, 51415)
(327, 55, 8187)
(327, 135, 52057)
(327, 274, 46442)
(327, 124, 44960)
(327, 32, 20781)
(327, 108, 26327)
(327, 9, 48925)
(327, 320, 36866)
(327, 63, 25674)
(327, 116, 38594)
(327, 4, 14041)
(327, 150, 25859)
(327, 233, 45469)
(327, 171, 37681)
(327, 97, 20331)
(327, 162, 14733)
(327, 72, 57066)
(327, 191, 47165)
(327, 323, 31027)
(327, 131, 23134)
(327, 164, 4849)
(327, 185, 35347)
(327, 77, 12038)
(327, 262, 51620)
(327, 13, 43972)
(327, 7, 53221)
(327, 284, 21512)
(327, 293, 4688)
(327, 253, 29817)
(327, 38, 17750)
(327, 318, 20765)
(327, 306, 20055)
(327, 205, 5478)
(327, 212, 32721)
(327, 50, 414)
(327, 239, 13971)
(327, 270, 30631)
(327, 187, 29878)
(327, 305, 30811)
(327, 103, 54496)
(327, 246, 23379)
(327, 66, 57097)
(327, 156, 10918)
(327, 16, 40206)
(327, 39, 31940)
(327, 5, 829)
(327, 123, 27968)
(327, 186, 5340)
(327, 313, 2665)
(327, 259, 1740)
(327, 181, 25352)
(327, 235, 29476)
(327, 6, 18852)
(327, 26, 20263)
(327, 279, 57754)
(328, 84, 55756)
(328, 314, 20826)
(328, 266, 34847)
(328, 11, 9977)
(328, 283, 1605)
(328, 269, 30112)
(328, 191, 17130)
(328, 20, 53399)
(328, 300, 45766)
(328, 194, 41317)
(328, 174, 18209)
(328, 86, 14139)
(328, 155, 8728)
(328, 241, 22583)
(328, 161, 43049)
(328, 89, 18636)
(328, 212, 45866)
(328, 185, 40497)
(328, 82, 50337)
(328, 261, 55373)
(328, 10, 56341)
(328, 139, 52072)
(328, 254, 52275)
(328, 302, 33793)
(328, 219, 23286)
(328, 319, 3546)
(328, 72, 24899)
(328, 102, 53510)
(328, 245, 23833)
(328, 201, 12024)
(328, 260, 35505)
(328, 33, 16639)
(328, 78, 55952)
(328, 95, 29514)
(328, 258, 54377)
(328, 43, 51431)
(328, 165, 57686)
(328, 231, 27522)
(328, 307, 57122)
(328, 136, 27708)
(328, 197, 25395)
(328, 199, 11770)
(328, 100, 45903)
(328, 111, 18405)
(328, 152, 48284)
(328, 83, 52195)
(328, 186, 10242)
(328, 320, 10776)
(328, 169, 37790)
(328, 128, 57931)
(328, 323, 56456)
(328, 321, 656)
(328, 81, 13035)
(328, 27, 6082)
(328, 90, 45738)
(328, 41, 36046)
(328, 205, 21572)
(328, 52, 20996)
(328, 147, 48735)
(328, 232, 7231)
(328, 50, 9013)
(328, 275, 30439)
(328, 264, 36448)
(328, 180, 11420)
(328, 234, 18593)
(328, 280, 49680)
(328, 276, 1065)
(328, 206, 9225)
(328, 209, 43386)
(328, 145, 28167)
(328, 109, 42938)
(328, 244, 16711)
(328, 175, 17029)
(328, 141, 20122)
(328, 256, 47493)
(328, 189, 8)
(328, 31, 46543)
(328, 51, 58073)
(328, 120, 8899)
(328, 156, 11259)
(328, 17, 13629)
(328, 306, 26891)
(328, 12, 22463)
(328, 309, 7045)
(328, 54, 49701)
(328, 115, 27399)
(328, 170, 27143)
(328, 56, 3521)
(328, 271, 26771)
(328, 23, 13093)
(328, 74, 49027)
(328, 46, 38916)
(328, 151, 56560)
(328, 154, 52429)
(328, 237, 14612)
(328, 57, 35225)
(328, 113, 47845)
(328, 116, 26105)
(328, 39, 13858)
(328, 268, 30062)
(328, 167, 57864)
(328, 106, 23031)
(328, 247, 32938)
(328, 183, 43308)
(328, 173, 20103)
(328, 135, 24458)
(328, 68, 9005)
(328, 19, 10849)
(328, 94, 52444)
(328, 204, 43770)
(328, 110, 33238)
(328, 2, 13071)
(328, 99, 42178)
(328, 13, 9421)
(328, 239, 18156)
(328, 24, 43271)
(328, 221, 16495)
(328, 312, 24241)
(328, 36, 44101)
(328, 315, 11667)
(328, 153, 51158)
(328, 305, 1818)
(328, 303, 35017)
(328, 220, 14184)
(328, 119, 21238)
(328, 157, 9906)
(328, 112, 58097)
(328, 182, 49032)
(328, 278, 26645)
(328, 149, 18340)
(328, 5, 2110)
(328, 22, 11929)
(328, 214, 5897)
(328, 40, 4314)
(328, 277, 13302)
(328, 279, 40322)
(328, 134, 47927)
(328, 230, 38960)
(328, 69, 4942)
(328, 202, 8432)
(328, 313, 27720)
(328, 290, 46764)
(328, 127, 46326)
(328, 163, 28828)
(328, 166, 26229)
(328, 53, 43521)
(328, 246, 30616)
(328, 144, 17031)
(328, 146, 47179)
(328, 267, 41190)
(328, 104, 38463)
(328, 61, 45446)
(328, 187, 50923)
(328, 325, 44268)
(328, 265, 36103)
(328, 233, 31626)
(328, 62, 38347)
(328, 196, 14207)
(328, 15, 46854)
(328, 29, 52706)
(328, 225, 30179)
(328, 240, 12777)
(328, 294, 30713)
(328, 35, 11646)
(328, 49, 25601)
(328, 281, 16804)
(328, 181, 5681)
(328, 92, 55282)
(328, 60, 19309)
(328, 299, 39174)
(328, 327, 33611)
(328, 273, 19529)
(328, 250, 53472)
(328, 158, 21679)
(328, 3, 24916)
(328, 28, 55420)
(328, 263, 21554)
(328, 301, 5427)
(328, 73, 26574)
(328, 255, 55888)
(328, 42, 51071)
(328, 34, 57454)
(328, 195, 30601)
(328, 282, 53557)
(328, 322, 325)
(328, 270, 2028)
(328, 229, 6581)
(328, 37, 52391)
(328, 91, 54261)
(328, 47, 10007)
(328, 179, 5406)
(328, 8, 54693)
(328, 48, 25803)
(328, 0, 960)
(328, 132, 8418)
(328, 117, 29835)
(328, 160, 45892)
(328, 38, 50989)
(328, 108, 50769)
(328, 228, 5830)
(328, 298, 28955)
(328, 162, 24986)
(328, 124, 30500)
(328, 190, 46155)
(328, 14, 19969)
(328, 6, 22409)
(328, 59, 38176)
(328, 259, 18400)
(328, 249, 18686)
(328, 218, 28269)
(328, 284, 5259)
(328, 98, 27422)
(328, 64, 18881)
(328, 176, 38458)
(328, 203, 39743)
(328, 58, 20484)
(328, 326, 13494)
(328, 16, 13845)
(328, 121, 13821)
(328, 130, 55557)
(328, 137, 57886)
(328, 80, 20666)
(328, 87, 30479)
(328, 288, 42599)
(328, 129, 20430)
(328, 308, 15821)
(328, 70, 11862)
(328, 143, 26191)
(328, 200, 41659)
(328, 114, 31420)
(328, 291, 9541)
(328, 253, 20515)
(328, 142, 23958)
(328, 286, 16176)
(328, 243, 126)
(328, 171, 14394)
(328, 251, 30726)
(328, 292, 27274)
(328, 138, 47640)
(328, 77, 21951)
(328, 26, 56471)
(328, 25, 57233)
(328, 304, 14493)
(328, 103, 34506)
(328, 287, 21023)
(328, 324, 41316)
(328, 227, 55818)
(328, 238, 48346)
(328, 67, 39529)
(328, 317, 7083)
(328, 18, 16069)
(328, 122, 50983)
(328, 248, 55078)
(328, 101, 50394)
(328, 133, 14188)
(328, 285, 7909)
(328, 311, 41426)
(328, 75, 41629)
(328, 223, 23405)
(328, 9, 8938)
(328, 213, 29570)
(328, 97, 51063)
(328, 211, 29346)
(328, 217, 32198)
(328, 30, 48113)
(328, 88, 55621)
(328, 79, 22008)
(328, 76, 5825)
(328, 107, 41516)
(328, 207, 56361)
(328, 210, 47390)
(328, 159, 51440)
(328, 21, 34221)
(328, 296, 17321)
(328, 318, 18180)
(328, 215, 36110)
(328, 168, 10985)
(328, 242, 23577)
(328, 125, 46598)
(328, 1, 40700)
(328, 4, 26485)
(328, 140, 57207)
(328, 226, 26389)
(328, 257, 37078)
(328, 262, 49906)
(328, 150, 18090)
(328, 96, 32075)
(328, 236, 44732)
(328, 93, 43995)
(328, 44, 56258)
(328, 45, 11840)
(328, 192, 11356)
(328, 188, 47151)
(328, 7, 5717)
(328, 148, 7799)
(328, 224, 25777)
(329, 239, 514)
(329, 220, 46548)
(329, 201, 19448)
(329, 73, 48740)
(329, 25, 52829)
(329, 79, 34878)
(329, 31, 9930)
(329, 286, 34762)
(329, 296, 48994)
(329, 150, 45010)
(329, 115, 39170)
(329, 154, 28079)
(329, 45, 18692)
(329, 224, 35733)
(329, 138, 53423)
(329, 241, 51031)
(329, 223, 4364)
(329, 129, 24152)
(329, 313, 45932)
(329, 14, 52044)
(329, 92, 30719)
(329, 147, 49235)
(329, 3, 43776)
(329, 18, 43237)
(329, 301, 41051)
(329, 263, 47464)
(329, 192, 44400)
(329, 109, 17389)
(329, 86, 55447)
(329, 26, 9296)
(329, 2, 28985)
(329, 43, 3222)
(329, 240, 51114)
(329, 136, 7631)
(329, 6, 41433)
(329, 127, 3239)
(329, 181, 24190)
(329, 305, 36783)
(329, 180, 27003)
(329, 24, 33032)
(329, 261, 25427)
(329, 145, 12633)
(329, 176, 15217)
(329, 260, 16990)
(329, 235, 3795)
(329, 30, 44427)
(329, 252, 20437)
(329, 107, 35089)
(329, 87, 9130)
(329, 245, 56169)
(329, 163, 57923)
(329, 113, 21709)
(329, 164, 32535)
(329, 144, 48360)
(329, 37, 38352)
(329, 140, 1500)
(329, 297, 27172)
(329, 35, 22062)
(329, 299, 11525)
(329, 191, 4127)
(329, 62, 5586)
(329, 34, 32928)
(329, 170, 9544)
(329, 124, 5801)
(329, 74, 43299)
(329, 23, 33546)
(329, 0, 16318)
(329, 284, 30313)
(329, 112, 376)
(329, 89, 36494)
(329, 212, 40421)
(329, 280, 20025)
(329, 110, 57657)
(329, 172, 36119)
(329, 123, 22730)
(329, 95, 25710)
(329, 102, 4151)
(329, 312, 39457)
(329, 282, 14168)
(329, 269, 20422)
(329, 11, 17551)
(329, 178, 22747)
(329, 20, 37238)
(329, 183, 19504)
(329, 200, 27951)
(329, 169, 37079)
(329, 90, 45991)
(329, 98, 47963)
(329, 213, 7569)
(329, 103, 38359)
(329, 47, 20896)
(329, 142, 48469)
(329, 141, 45736)
(329, 152, 27523)
(329, 219, 5940)
(329, 184, 17741)
(329, 97, 57109)
(329, 236, 57272)
(329, 167, 4177)
(329, 268, 1647)
(329, 291, 5450)
(329, 51, 21225)
(329, 28, 26624)
(329, 116, 14621)
(329, 114, 15758)
(329, 206, 36062)
(329, 104, 50578)
(329, 270, 41410)
(329, 46, 22690)
(329, 156, 14975)
(329, 279, 17948)
(329, 60, 23624)
(329, 38, 51310)
(329, 137, 36032)
(329, 321, 29581)
(329, 326, 23497)
(329, 232, 37998)
(329, 323, 19315)
(329, 8, 40534)
(329, 174, 10485)
(329, 211, 3087)
(329, 272, 20776)
(329, 54, 29059)
(329, 134, 29697)
(329, 218, 27699)
(329, 149, 6205)
(329, 209, 4752)
(329, 44, 37245)
(329, 309, 32304)
(329, 100, 50772)
(329, 204, 16329)
(329, 306, 48840)
(329, 320, 52174)
(329, 193, 17015)
(329, 316, 50305)
(329, 12, 4283)
(329, 101, 41057)
(329, 225, 29972)
(329, 322, 24209)
(329, 214, 27340)
(329, 171, 44012)
(329, 185, 30290)
(329, 257, 31755)
(329, 294, 18148)
(329, 52, 4470)
(329, 327, 11149)
(329, 85, 33164)
(329, 58, 23110)
(329, 96, 40390)
(329, 139, 56173)
(329, 78, 21117)
(329, 161, 49262)
(329, 162, 625)
(329, 82, 43337)
(329, 175, 43045)
(329, 50, 48908)
(329, 186, 36569)
(329, 151, 39179)
(329, 267, 8751)
(329, 177, 36415)
(329, 133, 47580)
(329, 202, 12176)
(329, 233, 27607)
(329, 143, 24890)
(329, 314, 49970)
(329, 298, 25664)
(329, 4, 4459)
(329, 119, 4149)
(329, 9, 27026)
(329, 266, 1850)
(329, 290, 39043)
(329, 39, 11046)
(329, 308, 44718)
(329, 242, 1017)
(329, 259, 41118)
(329, 229, 47884)
(329, 22, 53544)
(329, 80, 7053)
(329, 70, 50205)
(329, 106, 32443)
(329, 243, 34486)
(329, 66, 21465)
(329, 302, 43403)
(329, 1, 32874)
(329, 61, 34492)
(329, 246, 36983)
(329, 289, 44614)
(329, 238, 22048)
(329, 91, 6219)
(329, 126, 27912)
(329, 293, 41566)
(329, 274, 39077)
(329, 317, 55267)
(329, 72, 25410)
(329, 285, 25594)
(329, 148, 56775)
(329, 67, 19826)
(329, 75, 18611)
(329, 247, 57787)
(329, 99, 7976)
(329, 307, 6611)
(329, 251, 16803)
(329, 88, 51475)
(329, 292, 27031)
(329, 10, 15461)
(329, 131, 57516)
(329, 48, 42264)
(329, 303, 15484)
(329, 19, 28220)
(329, 77, 56552)
(329, 205, 21507)
(329, 173, 26790)
(329, 262, 19024)
(329, 273, 15814)
(329, 319, 17216)
(329, 287, 29300)
(329, 215, 52778)
(329, 210, 40987)
(329, 207, 48552)
(329, 281, 41131)
(329, 105, 20917)
(329, 76, 42059)
(329, 29, 2251)
(329, 248, 42704)
(329, 16, 3172)
(329, 63, 23962)
(329, 13, 45741)
(329, 237, 56812)
(329, 295, 47385)
(329, 81, 46498)
(329, 304, 44963)
(329, 230, 21059)
(329, 68, 4517)
(329, 84, 54233)
(329, 56, 32020)
(329, 64, 16151)
(329, 118, 36356)
(329, 49, 41394)
(329, 217, 48033)
(329, 153, 32971)
(329, 155, 5701)
(329, 69, 40542)
(329, 57, 347)
(329, 196, 27344)
(329, 311, 23843)
(329, 250, 16798)
(329, 165, 23442)
(329, 160, 32593)
(329, 189, 5031)
(329, 258, 35885)
(329, 157, 55160)
(329, 310, 10070)
(329, 32, 20902)
(329, 132, 30227)
(329, 265, 14092)
(329, 33, 28749)
(329, 125, 50315)
(329, 55, 37247)
(329, 83, 56087)
(329, 255, 20149)
(329, 228, 8161)
(329, 135, 49051)
(329, 234, 57102)
(329, 41, 56975)
(329, 264, 9001)
(329, 197, 10736)
(329, 15, 3632)
(329, 249, 58016)
(329, 59, 7477)
(329, 222, 4588)
(329, 203, 44659)
(329, 159, 43988)
(329, 227, 2766)
(329, 231, 53013)
(329, 122, 51432)
(329, 42, 43422)
(329, 325, 25637)
(329, 146, 980)
(329, 276, 10863)
(329, 53, 45725)
(329, 198, 10779)
(329, 128, 4449)
(329, 226, 30477)
(329, 121, 934)
(329, 324, 15334)
(329, 188, 30905)
(329, 168, 57854)
(329, 179, 19265)
(329, 190, 26072)
(329, 5, 32895)
(329, 40, 55116)
(329, 216, 52804)
(329, 244, 30455)
(330, 39, 47014)
(330, 61, 39854)
(330, 272, 47801)
(330, 258, 19901)
(330, 287, 48539)
(330, 157, 18325)
(330, 262, 42099)
(330, 62, 56068)
(330, 185, 18490)
(330, 3, 11933)
(330, 191, 57145)
(330, 188, 57547)
(330, 176, 10306)
(330, 232, 3365)
(330, 273, 819)
(330, 215, 27253)
(330, 270, 38691)
(330, 329, 1727)
(330, 327, 55764)
(330, 245, 6160)
(330, 70, 29888)
(330, 316, 12813)
(330, 291, 7086)
(330, 166, 27115)
(330, 111, 55792)
(330, 76, 51049)
(330, 124, 12707)
(330, 88, 34249)
(330, 303, 29829)
(330, 67, 36181)
(330, 168, 16373)
(330, 310, 22879)
(330, 302, 22502)
(330, 243, 57996)
(330, 175, 54938)
(330, 104, 13745)
(330, 238, 55904)
(330, 244, 37042)
(330, 171, 40910)
(330, 221, 20068)
(330, 322, 3816)
(330, 121, 26416)
(330, 256, 5857)
(330, 196, 7367)
(330, 145, 40674)
(330, 319, 32830)
(330, 91, 30089)
(330, 14, 17813)
(330, 47, 4167)
(330, 97, 1953)
(330, 263, 42812)
(330, 241, 33631)
(330, 110, 26744)
(330, 180, 10878)
(330, 139, 33741)
(330, 118, 4733)
(330, 255, 33423)
(330, 261, 53355)
(330, 271, 37235)
(330, 248, 54455)
(330, 144, 27676)
(330, 49, 57248)
(330, 294, 41406)
(330, 280, 28968)
(330, 9, 36881)
(330, 63, 45630)
(330, 179, 9210)
(330, 83, 5283)
(330, 222, 3177)
(330, 132, 13500)
(330, 45, 25733)
(330, 264, 39123)
(330, 299, 19573)
(330, 1, 12502)
(330, 33, 1331)
(330, 115, 30887)
(330, 186, 36721)
(330, 218, 9566)
(330, 210, 23412)
(330, 189, 6186)
(330, 317, 9369)
(330, 234, 50966)
(330, 324, 20725)
(330, 313, 24403)
(330, 217, 44156)
(330, 155, 56693)
(330, 278, 28926)
(330, 164, 19359)
(330, 326, 56261)
(330, 277, 33735)
(330, 224, 54044)
(330, 161, 5621)
(330, 90, 4436)
(330, 227, 39506)
(330, 281, 28197)
(330, 247, 7321)
(330, 305, 43199)
(330, 257, 39127)
(330, 289, 51350)
(330, 214, 2177)
(330, 87, 7519)
(330, 4, 42646)
(330, 52, 12130)
(330, 308, 12427)
(330, 114, 49685)
(330, 156, 1295)
(330, 20, 4543)
(330, 78, 1614)
(330, 276, 35501)
(330, 275, 5141)
(330, 128, 14370)
(330, 296, 42524)
(330, 290, 130)
(330, 122, 51704)
(330, 167, 14539)
(330, 292, 53567)
(330, 50, 9531)
(330, 206, 33021)
(330, 54, 51130)
(330, 212, 18122)
(330, 134, 57803)
(330, 249, 29593)
(330, 11, 57354)
(330, 226, 9481)
(330, 320, 49096)
(330, 233, 5409)
(330, 269, 8909)
(330, 311, 46191)
(330, 2, 56089)
(330, 242, 20894)
(330, 192, 52602)
(330, 95, 51098)
(330, 35, 12936)
(330, 301, 15673)
(330, 309, 20883)
(330, 231, 22384)
(330, 77, 51814)
(330, 239, 20727)
(330, 64, 43933)
(330, 125, 17243)
(330, 6, 49006)
(330, 105, 54536)
(330, 126, 15023)
(330, 84, 28860)
(330, 304, 53755)
(330, 68, 26846)
(330, 141, 55625)
(330, 150, 26008)
(330, 200, 56626)
(330, 130, 3543)
(330, 315, 20385)
(330, 223, 23786)
(330, 82, 38487)
(330, 36, 6235)
(330, 323, 26871)
(330, 307, 22860)
(330, 31, 1232)
(330, 251, 28300)
(330, 216, 5253)
(330, 137, 56907)
(330, 80, 19947)
(330, 260, 33004)
(330, 253, 42552)
(330, 17, 56360)
(330, 199, 9284)
(330, 37, 16089)
(330, 148, 46967)
(330, 140, 17307)
(331, 175, 32907)
(331, 103, 37384)
(331, 206, 6294)
(331, 228, 33758)
(331, 250, 21456)
(331, 91, 23292)
(331, 263, 51790)
(331, 222, 23858)
(331, 75, 9377)
(331, 172, 4734)
(331, 164, 1693)
(331, 144, 6007)
(331, 71, 16130)
(331, 260, 33304)
(331, 324, 50223)
(331, 274, 28396)
(331, 145, 49379)
(331, 138, 43651)
(331, 317, 20779)
(331, 159, 39456)
(331, 43, 33364)
(331, 125, 37464)
(331, 223, 14272)
(331, 295, 21440)
(331, 50, 27730)
(331, 207, 39879)
(331, 153, 22823)
(331, 326, 34023)
(331, 289, 7176)
(331, 135, 7927)
(331, 314, 40627)
(331, 118, 52994)
(331, 193, 46338)
(331, 209, 14734)
(331, 216, 25699)
(331, 229, 42644)
(331, 277, 1237)
(331, 128, 37821)
(331, 271, 37071)
(331, 186, 41132)
(331, 32, 37566)
(331, 232, 45621)
(331, 141, 353)
(331, 56, 9396)
(331, 278, 23602)
(331, 18, 7870)
(331, 208, 17794)
(331, 146, 724)
(331, 171, 25652)
(331, 312, 2712)
(331, 262, 17534)
(331, 282, 22472)
(331, 21, 36314)
(331, 59, 49567)
(331, 187, 44692)
(331, 192, 57575)
(331, 156, 15265)
(331, 87, 43656)
(331, 311, 5705)
(331, 114, 26156)
(331, 322, 34721)
(331, 215, 33073)
(331, 30, 45695)
(331, 66, 36860)
(331, 220, 14588)
(331, 269, 14152)
(331, 15, 2326)
(331, 36, 19961)
(331, 315, 33345)
(331, 184, 22940)
(331, 181, 46789)
(331, 47, 25011)
(331, 318, 47061)
(331, 76, 7131)
(331, 48, 56850)
(331, 280, 47823)
(331, 190, 41684)
(331, 124, 50688)
(331, 309, 56448)
(331, 140, 25778)
(331, 328, 56602)
(331, 276, 2388)
(331, 131, 31075)
(331, 212, 31386)
(331, 205, 55997)
(331, 189, 15896)
(331, 113, 49857)
(331, 330, 9466)
(331, 167, 40048)
(331, 168, 22294)
(331, 176, 14796)
(331, 86, 17240)
(331, 210, 22050)
(331, 53, 30039)
(331, 177, 23307)
(331, 64, 20995)
(331, 157, 3125)
(331, 51, 172)
(331, 90, 41076)
(331, 265, 49965)
(331, 321, 36823)
(331, 197, 31407)
(331, 79, 1276)
(331, 158, 36784)
(331, 204, 24330)
(331, 293, 55057)
(331, 179, 7941)
(331, 214, 7608)
(331, 267, 22681)
(331, 84, 57138)
(331, 38, 44584)
(331, 247, 36617)
(331, 231, 8433)
(331, 105, 32706)
(331, 139, 32565)
(331, 233, 56483)
(331, 34, 23992)
(331, 298, 34145)
(331, 130, 44991)
(331, 243, 52424)
(331, 199, 31010)
(331, 316, 16263)
(331, 170, 31598)
(331, 0, 12453)
(331, 218, 40253)
(331, 5, 41434)
(331, 301, 39069)
(331, 8, 25785)
(331, 52, 24041)
(331, 132, 33436)
(331, 221, 52788)
(331, 78, 43347)
(331, 9, 48613)
(331, 166, 51428)
(331, 119, 23176)
(331, 154, 34845)
(331, 1, 28365)
(331, 147, 4487)
(331, 4, 23086)
(331, 106, 45413)
(331, 95, 43363)
(331, 272, 52753)
(331, 155, 51028)
(331, 325, 46675)
(331, 329, 16408)
(331, 107, 47960)
(331, 149, 15139)
(331, 304, 20371)
(331, 248, 23915)
(331, 96, 55590)
(331, 185, 44258)
(331, 195, 20013)
(331, 102, 50492)
(331, 281, 4782)
(331, 7, 8037)
(331, 310, 10832)
(331, 69, 5743)
(331, 245, 2136)
(331, 27, 12521)
(331, 287, 44972)
(331, 283, 54434)
(331, 286, 643)
(331, 279, 8328)
(331, 10, 868)
(331, 213, 479)
(331, 188, 12914)
(331, 2, 4920)
(331, 198, 46299)
(331, 152, 45626)
(331, 22, 56463)
(331, 29, 33852)
(331, 275, 6884)
(331, 82, 54691)
(331, 266, 29564)
(331, 211, 54250)
(331, 97, 20231)
(331, 89, 45580)
(331, 143, 41002)
(331, 292, 21430)
(331, 288, 4514)
(331, 236, 32382)
(331, 14, 35577)
(331, 23, 1876)
(331, 291, 30678)
(331, 303, 13103)
(331, 182, 22158)
(331, 41, 10190)
(331, 104, 33667)
(331, 92, 1182)
(331, 230, 10612)
(331, 46, 8276)
(331, 284, 49667)
(331, 253, 30615)
(331, 72, 5203)
(331, 306, 44411)
(331, 194, 35124)
(331, 264, 3393)
(331, 133, 28431)
(331, 200, 32299)
(331, 98, 44962)
(331, 183, 33379)
(331, 249, 13333)
(331, 319, 44886)
(331, 57, 38082)
(331, 40, 50632)
(331, 74, 18629)
(331, 3, 43303)
(331, 93, 19693)
(331, 83, 32377)
(331, 256, 4036)
(331, 39, 27605)
(331, 26, 11070)
(331, 49, 33003)
(331, 42, 6280)
(331, 297, 54960)
(331, 202, 31612)
(331, 241, 10223)
(331, 6, 55099)
(331, 148, 53989)
(331, 80, 50694)
(331, 111, 50081)
(331, 115, 26842)
(331, 33, 12473)
(331, 169, 13138)
(331, 238, 56453)
(331, 290, 19579)
(331, 203, 21095)
(331, 244, 15833)
(331, 12, 29184)
(331, 227, 34961)
(331, 254, 24212)
(331, 13, 32626)
(331, 270, 25608)
(331, 151, 13040)
(331, 99, 37613)
(331, 37, 27212)
(331, 327, 44362)
(331, 61, 21964)
(331, 268, 1270)
(331, 65, 11021)
(331, 302, 51984)
(331, 109, 4064)
(331, 165, 54503)
(331, 121, 17706)
(331, 201, 21264)
(331, 35, 703)
(331, 122, 15495)
(331, 100, 36740)
(331, 28, 35643)
(331, 307, 37751)
(331, 20, 28397)
(331, 11, 32092)
(331, 123, 8470)
(331, 24, 11464)
(331, 120, 32648)
(331, 299, 28334)
(331, 173, 22471)
(331, 45, 25498)
(331, 31, 87)
(331, 217, 1868)
(331, 294, 25255)
(331, 160, 19153)
(331, 225, 17407)
(331, 63, 39924)
(331, 54, 16944)
(331, 142, 47969)
(332, 323, 16739)
(332, 30, 42658)
(332, 326, 46759)
(332, 78, 32466)
(332, 123, 40756)
(332, 134, 18559)
(332, 1, 25524)
(332, 50, 44515)
(332, 187, 19414)
(332, 156, 2616)
(332, 162, 34432)
(332, 11, 39888)
(332, 66, 16686)
(332, 191, 57860)
(332, 227, 1927)
(332, 109, 41651)
(332, 328, 12723)
(332, 124, 4736)
(332, 96, 55505)
(332, 178, 50310)
(332, 111, 40888)
(332, 28, 31958)
(332, 331, 46043)
(332, 245, 14778)
(332, 53, 5543)
(332, 113, 38114)
(332, 292, 3430)
(332, 176, 40167)
(332, 69, 5347)
(332, 302, 19733)
(332, 261, 57876)
(332, 105, 57781)
(332, 325, 47051)
(332, 280, 53485)
(332, 203, 20951)
(332, 276, 27582)
(332, 199, 28587)
(332, 54, 21588)
(332, 190, 16642)
(332, 63, 17569)
(332, 259, 15797)
(332, 313, 34280)
(332, 282, 29080)
(332, 258, 42242)
(332, 246, 3663)
(332, 56, 52340)
(332, 264, 27670)
(332, 155, 1215)
(332, 16, 9535)
(332, 86, 24854)
(332, 72, 43567)
(332, 67, 40075)
(332, 70, 56757)
(332, 215, 11396)
(332, 24, 42135)
(332, 248, 23566)
(332, 98, 51917)
(332, 180, 25157)
(332, 135, 46139)
(332, 269, 1871)
(332, 116, 46583)
(332, 321, 36974)
(332, 251, 49682)
(332, 48, 17115)
(332, 254, 31554)
(332, 8, 19321)
(332, 127, 2016)
(332, 150, 50525)
(332, 272, 49192)
(332, 239, 35894)
(332, 279, 4758)
(332, 22, 46036)
(332, 252, 36728)
(332, 125, 4981)
(332, 224, 2984)
(332, 13, 2167)
(332, 296, 36072)
(332, 97, 55522)
(332, 49, 860)
(332, 117, 38668)
(332, 229, 43991)
(332, 148, 37200)
(332, 214, 10013)
(332, 158, 4288)
(332, 322, 2087)
(332, 61, 20106)
(332, 36, 8436)
(332, 18, 19302)
(332, 161, 25226)
(332, 132, 15619)
(332, 265, 51708)
(332, 288, 41160)
(332, 188, 10647)
(332, 137, 57832)
(332, 235, 15681)
(332, 267, 40664)
(332, 128, 10304)
(332, 17, 13608)
(332, 177, 23748)
(332, 79, 4170)
(332, 184, 51466)
(332, 77, 3352)
(332, 60, 33819)
(332, 230, 32758)
(332, 44, 16443)
(332, 172, 37201)
(332, 174, 36502)
(332, 297, 13345)
(332, 14, 13999)
(332, 314, 19973)
(332, 275, 47488)
(332, 82, 9413)
(332, 92, 41064)
(332, 271, 48479)
(332, 35, 57580)
(332, 231, 18894)
(332, 31, 8007)
(332, 290, 53278)
(332, 233, 25272)
(332, 268, 16491)
(332, 274, 23348)
(332, 167, 31484)
(332, 73, 48597)
(332, 154, 14091)
(332, 181, 30466)
(332, 201, 2657)
(332, 171, 11060)
(332, 223, 24091)
(332, 100, 15128)
(332, 115, 51914)
(332, 242, 32884)
(332, 146, 9891)
(332, 38, 25849)
(332, 287, 25452)
(332, 169, 31709)
(332, 262, 5548)
(332, 226, 36350)
(332, 286, 975)
(332, 232, 31498)
(332, 209, 21474)
(332, 289, 5957)
(332, 58, 43574)
(332, 142, 22919)
(332, 153, 1714)
(332, 311, 7715)
(332, 102, 41026)
(332, 55, 50400)
(332, 200, 14027)
(332, 175, 32690)
(332, 81, 25310)
(332, 46, 55049)
(332, 240, 47935)
(332, 103, 49518)
(332, 15, 17281)
(332, 211, 50401)
(332, 168, 45607)
(332, 21, 41774)
(332, 87, 34889)
(332, 222, 2543)
(332, 250, 21210)
(332, 193, 43354)
(332, 298, 24243)
(332, 329, 51230)
(332, 75, 14334)
(332, 218, 45922)
(332, 12, 48794)
(332, 225, 5397)
(332, 182, 44661)
(332, 112, 27781)
(332, 216, 31643)
(332, 94, 4480)
(332, 119, 43064)
(332, 122, 42222)
(332, 131, 55178)
(332, 284, 14549)
(332, 76, 35297)
(332, 23, 43692)
(332, 189, 27673)
(332, 307, 39215)
(332, 139, 46302)
(332, 141, 40830)
(332, 330, 7964)
(332, 143, 16063)
(332, 283, 29071)
(332, 10, 32380)
(332, 170, 47427)
(332, 244, 15257)
(332, 40, 10916)
(332, 273, 32833)
(332, 91, 55825)
(332, 26, 14194)
(332, 179, 38769)
(332, 255, 55412)
(332, 295, 35383)
(332, 64, 25990)
(332, 57, 25092)
(332, 317, 36309)
(332, 152, 4872)
(332, 2, 11974)
(332, 7, 33462)
(332, 5, 32083)
(332, 319, 13920)
(332, 121, 4839)
(332, 185, 14409)
(332, 41, 45371)
(332, 51, 40657)
(332, 163, 25918)
(332, 164, 36433)
(332, 304, 24810)
(332, 147, 25264)
(332, 228, 39051)
(332, 220, 24290)
(332, 205, 51635)
(332, 29, 46260)
(332, 234, 19951)
(332, 32, 51613)
(332, 293, 33595)
(332, 270, 52167)
(332, 291, 41556)
(332, 3, 25182)
(332, 299, 43667)
(332, 249, 28252)
(332, 160, 35028)
(332, 318, 51866)
(332, 202, 17674)
(332, 4, 14192)
(332, 173, 21086)
(332, 257, 30865)
(332, 47, 32613)
(332, 93, 10288)
(332, 159, 16304)
(332, 136, 35698)
(332, 120, 3867)
(332, 130, 11040)
(332, 253, 46433)
(332, 126, 16746)
(332, 37, 12250)
(332, 65, 53127)
(332, 281, 50466)
(332, 83, 12364)
(332, 210, 44041)
(332, 9, 51664)
(332, 198, 11231)
(332, 247, 35673)
(332, 62, 10554)
(332, 306, 18408)
(332, 71, 39745)
(332, 192, 10080)
(332, 42, 36893)
(332, 256, 19572)
(332, 33, 24523)
(332, 238, 36253)
(332, 207, 24216)
(332, 327, 55283)
(332, 89, 33128)
(332, 138, 56330)
(332, 301, 3338)
(332, 285, 13569)
(332, 195, 21691)
(332, 90, 29065)
(332, 0, 46051)
(332, 208, 57027)
(332, 316, 16937)
(332, 68, 28865)
(332, 110, 4264)
(332, 80, 24026)
(332, 206, 51919)
(332, 19, 5342)
(332, 166, 33572)
(332, 106, 9297)
(332, 149, 15468)
(332, 300, 27269)
(332, 34, 18926)
(332, 303, 45174)
(332, 197, 12344)
(332, 165, 18013)
(332, 243, 40941)
(332, 104, 53774)
(332, 118, 57828)
(332, 241, 32618)
(332, 43, 41888)
(332, 99, 36485)
(332, 39, 34512)
(332, 59, 52210)
(332, 20, 3597)
(332, 312, 636)
(332, 45, 22092)
(332, 140, 7332)
(332, 144, 38040)
(332, 151, 24522)
(332, 186, 25113)
(332, 219, 40028)
(332, 107, 39280)
(332, 236, 41173)
(332, 308, 152)
(332, 196, 42795)
(332, 221, 39644)
(332, 204, 19063)
(332, 183, 51722)
(332, 129, 15159)
(332, 320, 35)
(332, 260, 23532)
(332, 133, 7225)
(332, 84, 17039)
(332, 108, 42262)
(333, 54, 6645)
(333, 66, 18390)
(333, 196, 57845)
(333, 33, 16706)
(333, 107, 21556)
(333, 82, 34918)
(333, 242, 31328)
(333, 159, 42515)
(333, 296, 3846)
(333, 87, 33441)
(333, 213, 10530)
(333, 19, 16560)
(333, 10, 24662)
(333, 228, 31004)
(333, 179, 23248)
(333, 77, 37077)
(333, 56, 14590)
(333, 249, 50308)
(333, 180, 42696)
(333, 183, 26404)
(333, 198, 57581)
(333, 1, 31009)
(333, 4, 32658)
(333, 217, 9407)
(333, 99, 22817)
(333, 25, 19887)
(333, 40, 12376)
(333, 72, 35286)
(333, 9, 29388)
(333, 223, 20739)
(333, 58, 47902)
(333, 7, 25248)
(333, 332, 32314)
(333, 42, 22535)
(333, 151, 39795)
(333, 317, 7111)
(333, 208, 15209)
(333, 95, 31467)
(333, 60, 36172)
(333, 29, 27452)
(333, 100, 44459)
(333, 270, 47811)
(333, 306, 41818)
(333, 176, 7236)
(333, 321, 22914)
(333, 204, 9745)
(333, 75, 8281)
(333, 218, 35964)
(333, 30, 18446)
(333, 122, 728)
(333, 111, 10198)
(333, 186, 5131)
(333, 64, 37375)
(333, 79, 33280)
(333, 318, 33549)
(333, 258, 42342)
(333, 23, 54807)
(333, 68, 53697)
(333, 247, 50352)
(333, 37, 33245)
(333, 199, 19300)
(333, 214, 39636)
(333, 316, 21768)
(333, 261, 25822)
(333, 70, 17384)
(333, 49, 52034)
(333, 2, 25983)
(333, 254, 56843)
(333, 225, 56572)
(333, 16, 24947)
(333, 205, 27738)
(333, 154, 13403)
(333, 59, 33282)
(333, 149, 1196)
(333, 43, 8179)
(333, 220, 35668)
(333, 55, 49213)
(333, 74, 44844)
(333, 113, 51204)
(333, 103, 26955)
(333, 331, 36926)
(333, 197, 34349)
(333, 201, 12458)
(333, 182, 1250)
(333, 169, 12165)
(333, 233, 27235)
(333, 255, 36944)
(333, 117, 42385)
(333, 146, 15302)
(333, 323, 27844)
(333, 308, 27082)
(333, 243, 11604)
(333, 288, 7150)
(333, 219, 3592)
(333, 142, 55167)
(333, 253, 17531)
(333, 84, 13673)
(333, 234, 25979)
(333, 130, 47039)
(333, 315, 51040)
(333, 155, 37110)
(333, 20, 16655)
(333, 210, 10244)
(333, 319, 11671)
(333, 125, 1244)
(333, 215, 31647)
(333, 112, 36887)
(333, 299, 26241)
(333, 50, 25191)
(333, 158, 55506)
(333, 312, 21526)
(333, 202, 7304)
(333, 241, 33489)
(333, 139, 11023)
(333, 86, 42433)
(333, 325, 30951)
(333, 135, 48604)
(333, 128, 11349)
(333, 237, 1486)
(333, 101, 34931)
(333, 145, 43963)
(333, 34, 55981)
(333, 96, 50834)
(333, 181, 35091)
(333, 252, 29738)
(333, 236, 38046)
(333, 313, 50298)
(333, 136, 6844)
(333, 76, 27179)
(333, 161, 32672)
(333, 160, 29946)
(333, 144, 41993)
(333, 24, 18230)
(333, 239, 4414)
(333, 256, 21257)
(333, 148, 5328)
(333, 174, 44689)
(333, 177, 41283)
(333, 153, 53623)
(333, 286, 24702)
(333, 126, 44568)
(333, 127, 47176)
(333, 172, 52151)
(333, 324, 11736)
(333, 221, 5048)
(333, 279, 30910)
(333, 266, 13540)
(333, 63, 40758)
(333, 232, 24028)
(333, 250, 17080)
(333, 262, 33482)
(333, 31, 55228)
(333, 272, 2649)
(333, 314, 19577)
(333, 119, 56751)
(333, 157, 2232)
(333, 48, 17857)
(333, 178, 20182)
(333, 152, 47766)
(333, 120, 36217)
(333, 277, 54708)
(333, 289, 38752)
(333, 167, 38058)
(333, 6, 47251)
(333, 156, 6381)
(333, 327, 13091)
(333, 51, 30422)
(333, 44, 50829)
(333, 67, 46434)
(333, 32, 44224)
(333, 269, 19503)
(333, 209, 5844)
(333, 92, 16609)
(333, 193, 47983)
(333, 0, 34546)
(333, 105, 32467)
(333, 291, 16581)
(333, 235, 15066)
(333, 216, 35072)
(333, 147, 26704)
(333, 226, 2217)
(333, 14, 56075)
(333, 21, 8198)
(333, 190, 1705)
(333, 131, 5402)
(333, 123, 3375)
(333, 129, 49333)
(333, 168, 6550)
(333, 69, 11052)
(333, 305, 46025)
(333, 264, 47296)
(333, 240, 608)
(333, 35, 51929)
(333, 15, 33054)
(333, 109, 33248)
(333, 246, 55450)
(333, 26, 37931)
(333, 41, 22467)
(333, 110, 25767)
(333, 134, 16958)
(333, 326, 9702)
(333, 328, 41338)
(333, 268, 20734)
(333, 244, 18940)
(333, 108, 28368)
(333, 165, 17927)
(333, 273, 41302)
(333, 185, 53132)
(333, 163, 17404)
(333, 5, 13118)
(333, 276, 30659)
(333, 22, 47986)
(333, 282, 49102)
(333, 189, 33560)
(333, 192, 21915)
(333, 175, 46821)
(333, 80, 39999)
(333, 322, 16847)
(333, 283, 5618)
(333, 274, 47314)
(333, 53, 27348)
(333, 28, 8769)
(333, 27, 11635)
(333, 62, 48861)
(333, 45, 44088)
(333, 52, 16622)
(333, 301, 51457)
(333, 11, 17730)
(333, 271, 17357)
(333, 275, 9511)
(333, 98, 38313)
(333, 39, 28800)
(333, 267, 12307)
(333, 248, 10194)
(333, 137, 55265)
(333, 173, 25591)
(333, 90, 50626)
(333, 295, 41470)
(333, 238, 8305)
(333, 307, 51514)
(333, 61, 44518)
(333, 230, 46062)
(333, 311, 11586)
(333, 93, 55663)
(333, 212, 34670)
(333, 260, 35589)
(333, 8, 27240)
(333, 81, 44589)
(333, 263, 40292)
(333, 303, 1076)
(333, 224, 43805)
(333, 170, 26784)
(333, 222, 1870)
(333, 265, 7605)
(333, 259, 34519)
(333, 97, 12674)
(333, 89, 43761)
(333, 300, 50793)
(333, 36, 15616)
(333, 203, 19425)
(333, 17, 20285)
(333, 187, 5550)
(333, 211, 17623)
(333, 143, 55119)
(333, 133, 14773)
(333, 284, 68)
(333, 65, 45871)
(333, 290, 17612)
(333, 138, 26352)
(333, 85, 19797)
(333, 285, 44594)
(333, 162, 27589)
(333, 191, 46873)
(333, 251, 12922)
(333, 150, 28384)
(333, 106, 43017)
(333, 3, 45819)
(333, 194, 20710)
(333, 188, 38957)
(333, 229, 28310)
(333, 195, 37319)
(333, 281, 7355)
(333, 298, 22121)
(333, 330, 11515)
(333, 102, 33539)
(334, 99, 14393)
(334, 181, 32061)
(334, 300, 17649)
(334, 326, 16619)
(334, 142, 3947)
(334, 303, 14347)
(334, 18, 44923)
(334, 31, 17416)
(334, 64, 26900)
(334, 253, 47780)
(334, 318, 18988)
(334, 174, 44517)
(334, 267, 42979)
(334, 88, 46702)
(334, 2, 44297)
(334, 111, 8414)
(334, 169, 51767)
(334, 63, 13324)
(334, 294, 45256)
(334, 91, 24002)
(334, 97, 1962)
(334, 327, 35941)
(334, 298, 7800)
(334, 306, 13794)
(334, 230, 4844)
(334, 206, 28281)
(334, 46, 21284)
(334, 87, 40913)
(334, 258, 12772)
(334, 151, 38813)
(334, 100, 49977)
(334, 287, 46436)
(334, 241, 30664)
(334, 32, 44856)
(334, 37, 6336)
(334, 40, 25597)
(334, 29, 23435)
(334, 159, 21328)
(334, 117, 51359)
(334, 299, 32180)
(334, 211, 33924)
(334, 77, 18754)
(334, 217, 14265)
(334, 167, 19376)
(334, 307, 22389)
(334, 208, 48189)
(334, 183, 49692)
(334, 66, 32922)
(334, 162, 25719)
(334, 224, 45546)
(334, 115, 35308)
(334, 160, 31746)
(334, 324, 25414)
(334, 75, 15079)
(334, 295, 40059)
(334, 212, 28459)
(334, 286, 12974)
(334, 121, 27802)
(334, 168, 41257)
(334, 122, 57651)
(334, 240, 17607)
(334, 227, 40513)
(334, 10, 47276)
(334, 128, 37689)
(334, 233, 5936)
(334, 139, 10436)
(334, 279, 17933)
(334, 235, 29132)
(334, 245, 26528)
(334, 19, 28380)
(334, 288, 52884)
(334, 268, 19718)
(334, 24, 9426)
(334, 176, 17180)
(334, 200, 14342)
(334, 47, 16691)
(334, 317, 15145)
(334, 248, 1650)
(334, 322, 52527)
(334, 255, 4910)
(334, 158, 6825)
(334, 289, 33244)
(334, 231, 4462)
(334, 86, 45565)
(334, 175, 27295)
(334, 205, 20879)
(334, 150, 49729)
(334, 226, 722)
(334, 194, 54670)
(334, 124, 57191)
(334, 204, 3413)
(334, 284, 19032)
(334, 94, 46887)
(335, 118, 8350)
(335, 222, 30929)
(335, 249, 34002)
(335, 9, 23073)
(335, 34, 23069)
(335, 92, 45563)
(335, 128, 29012)
(335, 120, 17232)
(335, 330, 52060)
(335, 103, 33230)
(335, 72, 56647)
(335, 28, 16199)
(335, 65, 3130)
(335, 106, 42966)
(335, 109, 19410)
(335, 276, 10094)
(335, 274, 48942)
(335, 97, 26442)
(335, 223, 20007)
(335, 18, 31197)
(335, 247, 7209)
(335, 288, 32330)
(335, 271, 48673)
(335, 300, 21396)
(335, 25, 38643)
(335, 315, 38192)
(335, 35, 3037)
(335, 53, 39493)
(335, 170, 3740)
(335, 190, 55117)
(335, 14, 14029)
(335, 235, 28271)
(335, 237, 24415)
(335, 320, 56168)
(335, 60, 46811)
(335, 292, 54625)
(335, 173, 48109)
(335, 45, 37797)
(335, 195, 1143)
(335, 145, 11218)
(335, 56, 26828)
(335, 38, 23089)
(335, 197, 55296)
(335, 113, 31888)
(335, 177, 37391)
(335, 162, 35144)
(335, 189, 25476)
(335, 221, 43739)
(335, 328, 55006)
(335, 50, 47192)
(335, 322, 10703)
(335, 238, 2961)
(335, 287, 28758)
(335, 203, 26053)
(335, 76, 29497)
(335, 226, 26991)
(335, 229, 3773)
(335, 79, 40577)
(335, 213, 24063)
(335, 134, 52930)
(335, 313, 20786)
(335, 153, 55806)
(335, 11, 35666)
(335, 1, 41378)
(335, 160, 17134)
(335, 141, 49069)
(335, 318, 10770)
(335, 263, 31455)
(335, 176, 38632)
(335, 211, 1663)
(335, 32, 31867)
(335, 296, 33590)
(335, 327, 43356)
(335, 4, 20667)
(335, 12, 55744)
(335, 69, 44487)
(335, 231, 51610)
(335, 248, 720)
(335, 58, 8125)
(335, 220, 55604)
(335, 255, 55486)
(335, 166, 3715)
(335, 265, 4540)
(335, 150, 33061)
(335, 23, 32962)
(335, 331, 44222)
(335, 31, 36805)
(335, 82, 6882)
(335, 5, 19843)
(335, 33, 53153)
(335, 185, 40889)
(335, 122, 12830)
(335, 286, 298)
(335, 184, 35375)
(335, 138, 16524)
(335, 29, 11547)
(335, 291, 7763)
(335, 172, 15212)
(335, 24, 20601)
(335, 326, 46278)
(335, 121, 29691)
(335, 152, 7409)
(335, 96, 54948)
(335, 232, 28627)
(335, 293, 3470)
(335, 200, 12301)
(335, 149, 36968)
(335, 316, 3249)
(335, 269, 44148)
(335, 74, 6476)
(335, 302, 50774)
(335, 281, 1364)
(335, 267, 7719)
(335, 89, 8422)
(335, 245, 54150)
(335, 308, 3294)
(335, 49, 11861)
(335, 123, 20373)
(335, 298, 26930)
(335, 275, 32127)
(335, 165, 48183)
(335, 2, 54144)
(335, 192, 42500)
(336, 10, 38504)
(336, 319, 55630)
(336, 64, 40659)
(336, 227, 32338)
(336, 315, 13032)
(336, 7, 4211)
(336, 65, 51171)
(336, 298, 25171)
(336, 299, 15670)
(336, 188, 3843)
(336, 229, 32746)
(336, 137, 4306)
(336, 218, 30937)
(336, 329, 19338)
(336, 70, 23174)
(336, 153, 13871)
(336, 168, 20540)
(336, 246, 42591)
(336, 233, 90)
(336, 41, 29309)
(336, 130, 25903)
(336, 277, 20235)
(336, 222, 14818)
(336, 170, 29028)
(336, 81, 26737)
(336, 274, 27453)
(336, 307, 5997)
(336, 152, 6159)
(336, 253, 13993)
(336, 101, 14979)
(336, 38, 12060)
(336, 73, 12658)
(336, 123, 29642)
(336, 68, 33156)
(336, 200, 35706)
(336, 15, 48557)
(336, 334, 20036)
(336, 112, 43420)
(336, 325, 22937)
(336, 327, 1303)
(336, 192, 12264)
(336, 297, 50682)
(336, 311, 41412)
(336, 154, 26917)
(336, 282, 19821)
(336, 175, 17448)
(336, 243, 56236)
(336, 302, 8689)
(336, 122, 11442)
(336, 254, 18377)
(336, 224, 43959)
(336, 74, 4439)
(336, 37, 25188)
(336, 179, 57364)
(336, 203, 11573)
(336, 49, 3826)
(336, 161, 23587)
(336, 146, 6861)
(336, 166, 31502)
(336, 202, 34680)
(336, 240, 5067)
(336, 47, 42413)
(336, 326, 42683)
(336, 279, 52094)
(336, 190, 5331)
(336, 21, 38171)
(336, 234, 20200)
(336, 132, 57361)
(336, 169, 54949)
(336, 173, 24328)
(336, 124, 19700)
(336, 66, 29179)
(336, 290, 14729)
(336, 294, 31355)
(336, 55, 22393)
(336, 83, 20109)
(336, 239, 3666)
(336, 283, 11403)
(336, 255, 40890)
(336, 127, 1008)
(336, 316, 13784)
(336, 100, 16892)
(336, 264, 42865)
(336, 331, 39247)
(336, 135, 6329)
(336, 306, 11631)
(336, 143, 11468)
(336, 172, 24423)
(336, 248, 44242)
(336, 43, 34837)
(336, 199, 56901)
(336, 113, 41709)
(336, 208, 25325)
(336, 114, 4908)
(336, 193, 36797)
(336, 209, 17490)
(336, 167, 23115)
(336, 228, 5312)
(336, 296, 1867)
(336, 4, 15043)
(336, 314, 29558)
(336, 198, 13306)
(336, 67, 48894)
(336, 258, 26359)
(336, 61, 58113)
(336, 46, 29758)
(336, 245, 27358)
(336, 94, 30251)
(336, 328, 12749)
(336, 220, 35695)
(336, 88, 12368)
(336, 216, 22157)
(336, 23, 13165)
(336, 126, 243)
(336, 33, 9273)
(336, 53, 27944)
(336, 34, 44171)
(336, 237, 13857)
(336, 129, 18857)
(336, 11, 15123)
(336, 25, 40479)
(336, 63, 8106)
(336, 238, 38579)
(336, 194, 29677)
(336, 300, 50598)
(336, 165, 7498)
(336, 82, 24648)
(336, 244, 13582)
(336, 96, 44672)
(336, 36, 52357)
(336, 262, 54461)
(336, 289, 13836)
(336, 270, 8456)
(336, 261, 24036)
(336, 106, 25463)
(336, 0, 38778)
(336, 156, 14390)
(336, 97, 57628)
(336, 119, 55901)
(336, 86, 17733)
(336, 71, 11226)
(336, 87, 14353)
(336, 333, 6742)
(336, 14, 38647)
(336, 128, 17597)
(336, 232, 50900)
(336, 272, 4742)
(336, 214, 7468)
(336, 95, 316)
(336, 180, 6830)
(336, 309, 54823)
(336, 105, 32911)
(336, 301, 38409)
(336, 5, 18910)
(336, 72, 47309)
(336, 205, 28634)
(336, 259, 51017)
(336, 27, 53381)
(336, 107, 3334)
(337, 229, 14799)
(337, 209, 40725)
(337, 161, 31149)
(337, 174, 43485)
(337, 162, 38590)
(337, 157, 25430)
(337, 62, 34265)
(337, 224, 8577)
(337, 40, 33030)
(337, 212, 58122)
(337, 177, 24893)
(337, 204, 41831)
(337, 331, 52503)
(337, 252, 57150)
(337, 84, 897)
(337, 186, 39410)
(337, 254, 41235)
(337, 21, 12464)
(337, 151, 42284)
(337, 180, 26263)
(337, 316, 42977)
(337, 289, 38017)
(337, 303, 5352)
(337, 325, 49259)
(337, 214, 25671)
(337, 197, 48329)
(337, 77, 43856)
(337, 310, 4171)
(337, 115, 4931)
(337, 30, 30327)
(337, 250, 24178)
(337, 221, 44387)
(337, 142, 40435)
(337, 34, 38662)
(337, 208, 11237)
(337, 251, 29215)
(337, 193, 45785)
(337, 10, 18333)
(337, 35, 41706)
(337, 276, 37833)
(337, 105, 1652)
(337, 317, 31580)
(337, 111, 35866)
(337, 106, 42209)
(337, 55, 36598)
(337, 179, 57148)
(337, 312, 42727)
(337, 332, 41731)
(337, 121, 742)
(337, 192, 8318)
(337, 307, 46641)
(337, 335, 55340)
(337, 330, 38325)
(337, 320, 24918)
(337, 26, 1170)
(337, 46, 28709)
(337, 195, 41322)
(337, 237, 21736)
(337, 37, 39196)
(337, 97, 7280)
(337, 324, 14340)
(337, 173, 4425)
(337, 119, 925)
(337, 53, 21469)
(337, 328, 8051)
(337, 28, 14379)
(337, 18, 7496)
(337, 122, 48661)
(337, 196, 34390)
(337, 166, 15289)
(337, 282, 41676)
(337, 270, 55944)
(337, 154, 674)
(337, 19, 45749)
(337, 241, 7656)
(337, 318, 33894)
(337, 59, 772)
(337, 170, 30729)
(337, 120, 6827)
(337, 23, 52499)
(337, 290, 12158)
(337, 124, 19274)
(337, 15, 21151)
(337, 167, 7497)
(337, 184, 14903)
(337, 54, 51998)
(337, 118, 20884)
(337, 93, 42640)
(337, 287, 588)
(337, 198, 24177)
(337, 29, 19506)
(337, 175, 1262)
(337, 306, 26614)
(337, 127, 49386)
(337, 83, 13850)
(337, 279, 42282)
(337, 43, 41806)
(337, 132, 14074)
(337, 57, 42014)
(337, 239, 31774)
(337, 94, 35887)
(337, 164, 55871)
(337, 260, 46754)
(337, 125, 53551)
(337, 135, 51578)
(337, 36, 56814)
(337, 200, 18392)
(337, 138, 29571)
(337, 102, 4038)
(337, 133, 35247)
(337, 0, 36669)
(337, 217, 28808)
(337, 88, 8976)
(337, 309, 38669)
(337, 33, 26669)
(337, 248, 1783)
(337, 293, 22022)
(337, 298, 31721)
(337, 226, 36071)
(338, 155, 40308)
(338, 4, 20627)
(338, 247, 44256)
(338, 267, 39347)
(338, 80, 15577)
(338, 264, 45201)
(338, 164, 45412)
(338, 171, 8224)
(338, 42, 5323)
(338, 110, 15014)
(338, 215, 25715)
(338, 81, 45019)
(338, 213, 46112)
(338, 195, 21266)
(338, 98, 53984)
(338, 220, 28379)
(338, 29, 26330)
(338, 166, 11273)
(338, 62, 43316)
(338, 252, 21392)
(338, 198, 39836)
(338, 219, 4191)
(338, 59, 9381)
(338, 261, 31005)
(338, 216, 35801)
(338, 248, 31079)
(338, 308, 26394)
(338, 15, 30347)
(338, 321, 15626)
(338, 54, 5492)
(338, 255, 48862)
(338, 202, 1249)
(338, 169, 48403)
(338, 227, 45069)
(338, 112, 39989)
(338, 192, 44498)
(338, 229, 19621)
(338, 74, 10023)
(338, 126, 47776)
(338, 185, 42172)
(338, 108, 50815)
(338, 63, 27566)
(338, 224, 1157)
(338, 244, 8290)
(338, 103, 57814)
(338, 279, 38986)
(338, 240, 12806)
(338, 73, 44345)
(338, 66, 24516)
(338, 182, 20153)
(338, 337, 9752)
(338, 131, 42765)
(338, 269, 38048)
(338, 76, 55098)
(338, 117, 11682)
(338, 78, 19286)
(338, 116, 8690)
(338, 77, 25173)
(338, 238, 40528)
(338, 91, 25850)
(338, 32, 42567)
(338, 230, 24373)
(338, 123, 32916)
(338, 197, 696)
(338, 318, 42840)
(338, 45, 50840)
(338, 71, 33188)
(338, 328, 33668)
(338, 292, 44526)
(338, 12, 44349)
(338, 157, 53676)
(338, 208, 4741)
(338, 310, 45442)
(338, 187, 30034)
(338, 246, 48707)
(338, 5, 43528)
(338, 322, 22875)
(338, 295, 28014)
(338, 2, 1268)
(338, 270, 14608)
(338, 260, 53390)
(338, 146, 30914)
(338, 94, 35730)
(338, 275, 26192)
(338, 97, 53980)
(338, 151, 28219)
(338, 250, 32828)
(338, 26, 26875)
(338, 11, 43882)
(338, 168, 28423)
(338, 232, 7480)
(338, 293, 36065)
(338, 150, 34896)
(338, 178, 51307)
(338, 3, 56783)
(338, 212, 47489)
(338, 181, 3420)
(338, 41, 37395)
(338, 257, 21608)
(338, 0, 20085)
(338, 324, 52141)
(338, 38, 23699)
(338, 259, 24005)
(338, 111, 24032)
(338, 67, 6202)
(338, 184, 50798)
(338, 331, 26672)
(338, 183, 23120)
(338, 323, 52405)
(338, 170, 19169)
(338, 109, 50058)
(338, 301, 48637)
(338, 147, 20962)
(338, 83, 48585)
(338, 281, 35070)
(338, 299, 42088)
(338, 40, 34003)
(338, 205, 46832)
(338, 312, 7767)
(338, 95, 51041)
(338, 31, 7266)
(338, 304, 47777)
(338, 172, 55224)
(338, 149, 25515)
(338, 300, 245)
(338, 313, 4511)
(338, 210, 421)
(338, 128, 46647)
(338, 158, 55876)
(338, 36, 27993)
(338, 311, 4134)
(338, 90, 37961)
(338, 50, 32089)
(338, 10, 57235)
(338, 104, 18087)
(338, 294, 7467)
(338, 137, 50043)
(338, 113, 48353)
(338, 291, 43630)
(338, 114, 11113)
(338, 241, 51774)
(338, 121, 35880)
(338, 129, 1887)
(338, 303, 53687)
(338, 221, 21467)
(338, 92, 17972)
(338, 60, 13936)
(338, 274, 10778)
(338, 203, 35008)
(338, 272, 57649)
(338, 176, 55882)
(338, 204, 55005)
(338, 237, 38030)
(338, 289, 16968)
(338, 165, 1961)
(338, 223, 54875)
(338, 268, 24879)
(338, 44, 21487)
(338, 177, 11842)
(338, 55, 37798)
(338, 273, 34261)
(338, 85, 10917)
(338, 19, 48934)
(338, 124, 26267)
(338, 46, 28010)
(338, 330, 22432)
(338, 47, 18856)
(338, 106, 27060)
(338, 316, 19855)
(338, 307, 51358)
(338, 327, 28618)
(338, 159, 33292)
(338, 52, 37497)
(338, 332, 9120)
(338, 199, 18905)
(338, 179, 37287)
(338, 329, 23143)
(338, 16, 2299)
(338, 135, 15636)
(338, 8, 43793)
(338, 144, 35229)
(338, 33, 14286)
(338, 6, 36371)
(338, 69, 3166)
(338, 65, 44210)
(338, 283, 51104)
(338, 194, 45312)
(338, 190, 20488)
(338, 105, 12787)
(338, 290, 42543)
(338, 222, 49314)
(338, 107, 10788)
(338, 145, 33058)
(338, 256, 33766)
(338, 20, 44013)
(338, 88, 20538)
(338, 251, 7104)
(338, 160, 7891)
(338, 68, 41586)
(338, 320, 55126)
(338, 18, 6724)
(338, 242, 2560)
(338, 51, 55917)
(338, 258, 35568)
(338, 13, 53233)
(338, 120, 1324)
(338, 334, 2968)
(338, 130, 50518)
(338, 233, 31956)
(338, 122, 29091)
(338, 148, 42277)
(338, 278, 18605)
(338, 207, 52586)
(338, 262, 35100)
(338, 296, 15456)
(338, 156, 38853)
(338, 163, 4394)
(338, 228, 697)
(338, 138, 35727)
(338, 21, 2700)
(338, 263, 56646)
(338, 266, 29354)
(338, 239, 13361)
(338, 82, 53421)
(338, 34, 27307)
(338, 127, 115)
(338, 186, 7782)
(338, 286, 39832)
(338, 287, 21033)
(338, 118, 14193)
(338, 100, 40530)
(338, 167, 11882)
(338, 99, 8229)
(338, 28, 32533)
(338, 49, 51545)
(338, 180, 22219)
(338, 174, 17457)
(338, 280, 35851)
(338, 152, 3736)
(338, 136, 20604)
(338, 79, 41762)
(338, 235, 41597)
(338, 53, 43175)
(338, 335, 8396)
(338, 285, 42019)
(338, 96, 17734)
(338, 226, 55678)
(338, 25, 57404)
(338, 22, 7199)
(338, 161, 41111)
(338, 249, 1704)
(338, 234, 24502)
(338, 43, 9310)
(338, 218, 42639)
(338, 305, 27498)
(338, 140, 48243)
(338, 265, 42250)
(338, 125, 24221)
(338, 193, 8243)
(338, 153, 7385)
(338, 173, 43474)
(338, 75, 7638)
(338, 319, 32675)
(338, 48, 26986)
(338, 277, 21246)
(338, 189, 25422)
(338, 58, 19524)
(338, 297, 20589)
(338, 89, 31495)
(338, 1, 37350)
(338, 84, 13425)
(338, 134, 51241)
(338, 23, 25280)
(338, 231, 4526)
(338, 27, 28961)
(338, 119, 52160)
(338, 288, 33847)
(338, 306, 33296)
(338, 35, 56186)
(338, 309, 45681)
(338, 188, 18987)
(338, 282, 8176)
(338, 72, 1036)
(338, 132, 3280)
(338, 115, 53458)
(338, 37, 2329)
(338, 336, 16643)
(338, 315, 9742)
(338, 302, 13556)
(338, 214, 30526)
(338, 201, 17236)
(338, 61, 20696)
(338, 271, 24533)
(338, 253, 24974)
(338, 9, 17455)
(338, 191, 56277)
(338, 276, 46798)
(338, 17, 3605)
(338, 87, 16201)
(338, 206, 2545)
(338, 217, 28658)
(338, 139, 32407)
(338, 314, 46004)
(338, 236, 30093)
(338, 317, 13353)
(338, 196, 31152)
(338, 200, 5353)
(338, 326, 23657)
(338, 14, 36729)
(338, 254, 50212)
(338, 298, 19469)
(338, 93, 29385)
(338, 225, 2511)
(338, 141, 2835)
(338, 284, 11580)
(338, 211, 48116)
(338, 24, 25071)
(338, 243, 34269)
(339, 8, 35919)
(339, 25, 47112)
(339, 103, 48827)
(339, 198, 39729)
(339, 108, 55248)
(339, 49, 6914)
(339, 9, 2019)
(339, 147, 2198)
(339, 31, 38335)
(339, 174, 20359)
(339, 52, 30950)
(339, 214, 51515)
(339, 336, 20770)
(339, 69, 47636)
(339, 132, 7365)
(339, 272, 41813)
(339, 41, 19073)
(339, 232, 15657)
(339, 64, 20843)
(339, 151, 43944)
(339, 32, 12791)
(339, 268, 51505)
(339, 123, 12935)
(339, 12, 40212)
(339, 323, 43855)
(339, 18, 51957)
(339, 317, 25765)
(339, 246, 37025)
(339, 127, 52300)
(339, 204, 17565)
(339, 59, 333)
(339, 113, 34627)
(339, 254, 35593)
(339, 99, 47795)
(339, 206, 3168)
(339, 60, 47565)
(339, 40, 47759)
(339, 226, 51)
(339, 149, 33729)
(339, 124, 44454)
(339, 87, 53173)
(339, 279, 13486)
(339, 88, 36917)
(339, 281, 52461)
(339, 78, 30723)
(339, 241, 45444)
(339, 105, 2674)
(339, 216, 33786)
(339, 306, 8226)
(339, 212, 38559)
(339, 0, 31154)
(339, 142, 33041)
(339, 276, 12419)
(339, 156, 55008)
(339, 223, 47206)
(339, 4, 519)
(339, 129, 4074)
(339, 265, 2171)
(339, 188, 8066)
(339, 293, 50953)
(339, 162, 3315)
(339, 228, 45875)
(339, 283, 41671)
(339, 48, 39327)
(339, 65, 45324)
(339, 301, 24929)
(339, 256, 40717)
(339, 74, 20233)
(339, 17, 18715)
(339, 20, 44484)
(339, 327, 32222)
(339, 135, 2041)
(339, 51, 13221)
(339, 72, 11018)
(339, 324, 11727)
(339, 269, 28741)
(339, 235, 18314)
(339, 22, 31155)
(339, 152, 30669)
(339, 332, 45635)
(339, 189, 43379)
(339, 248, 42981)
(339, 230, 11712)
(339, 197, 42188)
(339, 80, 4545)
(339, 200, 25314)
(339, 71, 12774)
(339, 179, 28594)
(339, 145, 257)
(339, 79, 40726)
(339, 55, 54123)
(339, 289, 42773)
(339, 220, 47169)
(339, 237, 46448)
(339, 338, 34090)
(339, 61, 42975)
(339, 238, 14247)
(339, 50, 20163)
(339, 234, 22310)
(339, 122, 25882)
(339, 158, 53367)
(339, 168, 9570)
(339, 205, 9709)
(339, 160, 57029)
(339, 284, 24310)
(339, 314, 707)
(339, 210, 19941)
(339, 287, 20361)
(339, 177, 29307)
(339, 11, 52720)
(339, 292, 57161)
(339, 325, 33876)
(339, 136, 20566)
(339, 112, 52327)
(339, 240, 27849)
(339, 140, 6486)
(339, 155, 12276)
(339, 90, 34240)
(339, 2, 13963)
(339, 167, 31296)
(339, 89, 48521)
(339, 247, 2873)
(339, 285, 42862)
(339, 227, 681)
(339, 192, 49779)
(339, 213, 15442)
(339, 130, 41875)
(339, 262, 9679)
(339, 91, 33435)
(339, 335, 40181)
(339, 233, 6221)
(339, 270, 27512)
(339, 164, 34626)
(339, 244, 49952)
(339, 333, 52832)
(339, 36, 50826)
(339, 67, 24498)
(339, 93, 13705)
(339, 86, 30758)
(339, 219, 36233)
(339, 5, 8159)
(339, 290, 36738)
(339, 83, 17635)
(339, 316, 18859)
(339, 101, 48339)
(339, 259, 15897)
(339, 27, 8213)
(339, 148, 13099)
(339, 66, 21450)
(339, 215, 51659)
(339, 128, 44753)
(339, 239, 47822)
(339, 141, 22152)
(339, 271, 53429)
(339, 28, 41522)
(339, 75, 26225)
(339, 14, 32932)
(339, 274, 10842)
(339, 153, 19990)
(339, 102, 11323)
(339, 125, 28456)
(339, 322, 112)
(339, 114, 22005)
(339, 187, 4696)
(339, 39, 36476)
(339, 70, 57604)
(339, 33, 53790)
(339, 266, 39180)
(339, 307, 44691)
(339, 304, 19818)
(339, 225, 26879)
(339, 217, 3444)
(339, 330, 20363)
(339, 76, 39364)
(339, 296, 32653)
(339, 144, 19785)
(339, 312, 22848)
(339, 180, 38088)
(339, 154, 33328)
(339, 251, 26515)
(339, 191, 5197)
(339, 157, 32158)
(339, 178, 26434)
(339, 185, 26902)
(339, 56, 17203)
(339, 252, 29210)
(339, 165, 8090)
(339, 46, 21485)
(339, 224, 50730)
(339, 298, 31529)
(339, 311, 43292)
(339, 13, 36272)
(339, 295, 30011)
(339, 138, 27376)
(339, 243, 42425)
(339, 193, 21942)
(339, 37, 51136)
(339, 77, 6771)
(339, 134, 46882)
(339, 1, 54881)
(339, 58, 1231)
(339, 169, 25891)
(339, 104, 29666)
(339, 109, 19070)
(339, 100, 51476)
(339, 43, 54294)
(339, 321, 45867)
(339, 30, 27090)
(339, 85, 1428)
(339, 63, 32108)
(339, 245, 43718)
(339, 116, 52482)
(339, 337, 21947)
(339, 131, 43949)
(339, 171, 35929)
(339, 315, 14438)
(339, 7, 50304)
(339, 137, 54083)
(339, 286, 54002)
(339, 173, 11801)
(339, 253, 21536)
(339, 261, 4671)
(339, 288, 7877)
(339, 297, 50724)
(339, 277, 27922)
(339, 176, 14496)
(339, 203, 15112)
(339, 45, 28278)
(339, 278, 38521)
(339, 202, 29909)
(339, 133, 41959)
(339, 310, 19183)
(339, 24, 29056)
(339, 53, 18045)
(339, 118, 21046)
(339, 184, 56493)
(339, 97, 55908)
(339, 182, 5656)
(339, 186, 23794)
(339, 21, 44669)
(339, 68, 52708)
(339, 195, 37196)
(339, 170, 41075)
(339, 305, 39097)
(339, 255, 3903)
(339, 92, 11618)
(339, 275, 32998)
(339, 163, 45076)
(339, 119, 5971)
(339, 236, 48954)
(339, 35, 51570)
(339, 10, 35847)
(339, 194, 3104)
(339, 209, 42748)
(339, 38, 30524)
(339, 19, 7933)
(339, 280, 40870)
(339, 267, 52681)
(339, 161, 11278)
(339, 319, 18632)
(339, 199, 33288)
(339, 166, 27311)
(339, 258, 23376)
(339, 201, 54660)
(339, 107, 28949)
(339, 23, 43362)
(339, 121, 1121)
(339, 73, 34236)
(339, 54, 10767)
(339, 150, 39096)
(339, 313, 39825)
(339, 328, 45347)
(339, 329, 19203)
(339, 159, 3252)
(339, 115, 44953)
(339, 26, 54739)
(339, 111, 33971)
(339, 95, 6636)
(339, 94, 17007)
(339, 139, 38338)
(339, 16, 41992)
(339, 62, 24688)
(339, 143, 30312)
(339, 291, 32685)
(339, 181, 52239)
(339, 231, 54628)
(339, 57, 49502)
(339, 3, 47581)
(339, 303, 37468)
(339, 300, 19599)
(339, 242, 24670)
(339, 299, 52206)
(339, 222, 24317)
(339, 196, 13495)
(339, 211, 8554)
(339, 273, 49772)
(339, 47, 36304)
(339, 175, 49961)
(339, 15, 21943)
(339, 260, 32591)
(339, 126, 23039)
(339, 218, 55389)
(339, 207, 35161)
(339, 249, 29425)
(339, 320, 32232)
(339, 229, 53289)
(339, 96, 29440)
(339, 6, 56848)
(339, 44, 28716)
(339, 326, 37154)
(339, 309, 32170)
(339, 34, 30739)
(340, 174, 55350)
(340, 330, 1470)
(340, 116, 33034)
(340, 184, 30741)
(340, 130, 52600)
(340, 332, 12654)
(340, 49, 38418)
(340, 220, 50951)
(340, 121, 3351)
(340, 106, 9082)
(340, 36, 44395)
(340, 265, 12062)
(340, 202, 3737)
(340, 47, 19177)
(340, 147, 44586)
(340, 316, 10218)
(340, 44, 50807)
(340, 211, 42613)
(340, 95, 22479)
(340, 233, 38910)
(340, 149, 17728)
(340, 270, 33042)
(340, 5, 33118)
(340, 291, 13868)
(340, 326, 22443)
(340, 35, 16943)
(340, 188, 31842)
(340, 232, 43406)
(340, 131, 1975)
(340, 11, 38374)
(340, 37, 12144)
(340, 219, 53808)
(340, 126, 28648)
(340, 31, 9652)
(340, 242, 19944)
(340, 237, 11376)
(340, 259, 5076)
(340, 338, 14233)
(340, 51, 29543)
(340, 288, 23257)
(340, 292, 49142)
(340, 255, 36584)
(340, 294, 33684)
(340, 317, 29967)
(340, 108, 25037)
(340, 182, 11895)
(340, 235, 56627)
(340, 134, 13487)
(340, 195, 6028)
(340, 67, 25118)
(340, 19, 54729)
(340, 185, 15979)
(340, 258, 42893)
(340, 98, 20687)
(340, 105, 56208)
(340, 139, 26317)
(340, 15, 53843)
(340, 172, 40168)
(340, 52, 33733)
(340, 150, 10834)
(340, 287, 27790)
(340, 248, 46779)
(340, 183, 40901)
(340, 308, 23233)
(340, 58, 11687)
(340, 45, 1627)
(340, 21, 33059)
(340, 96, 21685)
(340, 27, 5810)
(340, 76, 27556)
(340, 151, 43361)
(340, 1, 48755)
(340, 29, 1921)
(340, 221, 42483)
(340, 113, 41066)
(340, 254, 21875)
(340, 310, 49891)
(340, 8, 8613)
(340, 7, 11440)
(340, 194, 4699)
(340, 224, 54684)
(340, 264, 34413)
(340, 314, 55427)
(340, 155, 15857)
(340, 61, 27125)
(340, 171, 2082)
(340, 263, 13067)
(340, 79, 13997)
(340, 320, 39723)
(340, 77, 51579)
(340, 246, 39872)
(340, 148, 56374)
(340, 102, 57943)
(340, 290, 54711)
(340, 91, 26901)
(340, 170, 53042)
(340, 81, 39587)
(340, 322, 40681)
(340, 261, 33224)
(340, 321, 16088)
(340, 230, 31465)
(340, 162, 49465)
(340, 123, 1984)
(340, 141, 18178)
(340, 217, 46804)
(340, 169, 53227)
(340, 41, 39172)
(340, 6, 5699)
(340, 22, 11163)
(340, 238, 17427)
(340, 18, 16923)
(340, 42, 53855)
(340, 17, 54341)
(340, 329, 43777)
(340, 109, 7210)
(340, 191, 6281)
(340, 14, 37600)
(340, 197, 41263)
(340, 159, 56022)
(340, 127, 58130)
(340, 283, 20392)
(340, 205, 19717)
(340, 176, 21202)
(340, 337, 1907)
(340, 39, 9343)
(340, 68, 47036)
(340, 289, 24103)
(340, 50, 4627)
(340, 70, 27109)
(340, 3, 14285)
(340, 300, 44159)
(340, 152, 3511)
(340, 46, 7611)
(340, 302, 14572)
(340, 129, 26749)
(340, 271, 45454)
(340, 101, 11006)
(340, 253, 33707)
(340, 187, 35951)
(340, 257, 44760)
(340, 178, 46085)
(340, 158, 48465)
(340, 250, 43982)
(340, 144, 41499)
(340, 327, 50889)
(340, 212, 40604)
(340, 275, 40409)
(340, 286, 33985)
(340, 48, 53465)
(340, 43, 45167)
(340, 269, 32519)
(340, 38, 50805)
(340, 313, 7244)
(340, 118, 58082)
(340, 80, 57329)
(340, 122, 29048)
(340, 63, 49617)
(340, 304, 16362)
(340, 160, 5527)
(340, 137, 55202)
(340, 30, 18767)
(340, 34, 22500)
(340, 74, 19015)
(340, 252, 49150)
(340, 24, 44838)
(340, 207, 19728)
(340, 216, 22607)
(340, 335, 45670)
(340, 175, 55677)
(340, 99, 56619)
(340, 179, 54647)
(340, 84, 20382)
(340, 272, 11009)
(340, 279, 52768)
(340, 156, 19892)
(340, 25, 49471)
(340, 206, 56410)
(340, 234, 55477)
(340, 146, 57763)
(340, 117, 39667)
(340, 280, 43915)
(340, 200, 22834)
(340, 251, 17003)
(340, 319, 51132)
(340, 153, 7735)
(340, 218, 49849)
(340, 72, 31176)
(340, 124, 57842)
(340, 307, 56216)
(340, 140, 6570)
(340, 78, 40819)
(340, 23, 10606)
(340, 60, 26994)
(340, 236, 37063)
(340, 198, 13852)
(340, 89, 52489)
(340, 295, 34282)
(340, 281, 46000)
(340, 311, 36040)
(340, 165, 14479)
(340, 303, 48551)
(340, 262, 24474)
(340, 65, 34262)
(340, 209, 21141)
(340, 154, 3699)
(340, 82, 38183)
(340, 86, 43105)
(340, 297, 55683)
(340, 284, 54148)
(340, 266, 50273)
(340, 97, 8209)
(340, 9, 2118)
(340, 59, 10827)
(340, 214, 8947)
(340, 223, 40396)
(340, 201, 58063)
(340, 203, 23510)
(340, 240, 51544)
(340, 114, 2310)
(340, 177, 39021)
(340, 245, 26274)
(340, 83, 54219)
(340, 282, 51375)
(340, 120, 10159)
(340, 210, 11914)
(340, 53, 38640)
(340, 328, 20089)
(340, 32, 39031)
(340, 115, 44048)
(340, 71, 26546)
(340, 339, 43918)
(340, 28, 56853)
(340, 90, 54639)
(340, 135, 30028)
(340, 166, 48215)
(340, 167, 15005)
(340, 215, 4484)
(340, 199, 40189)
(340, 157, 48789)
(340, 26, 15696)
(340, 132, 43677)
(340, 239, 4527)
(340, 305, 13800)
(340, 56, 35716)
(340, 193, 19304)
(340, 69, 41070)
(340, 323, 32491)
(340, 40, 25752)
(340, 227, 15121)
(340, 247, 23044)
(340, 104, 58117)
(340, 186, 52437)
(340, 285, 55957)
(340, 244, 5116)
(340, 309, 9918)
(340, 112, 15576)
(340, 173, 20433)
(340, 12, 9605)
(340, 249, 40796)
(340, 73, 6480)
(340, 299, 41016)
(340, 161, 36330)
(340, 196, 43818)
(340, 243, 19258)
(340, 276, 51701)
(340, 192, 47317)
(340, 33, 7165)
(340, 267, 16011)
(340, 64, 50426)
(340, 128, 16712)
(340, 296, 53012)
(340, 231, 17826)
(340, 229, 57613)
(340, 88, 41274)
(340, 87, 26759)
(340, 260, 57805)
(340, 208, 564)
(340, 331, 21089)
(340, 93, 10616)
(340, 293, 37793)
(340, 325, 54943)
(340, 274, 55671)
(340, 241, 6501)
(340, 0, 37807)
(340, 66, 37023)
(340, 225, 43964)
(340, 315, 11874)
(340, 278, 44743)
(340, 2, 30627)
(340, 336, 55588)
(340, 256, 26655)
(340, 334, 47821)
(340, 228, 7625)
(340, 85, 1060)
(340, 119, 3505)
(340, 318, 46148)
(340, 298, 29030)
(340, 145, 44646)
(340, 163, 3907)
(340, 133, 9823)
(340, 75, 56059)
(340, 164, 4197)
(340, 10, 23966)
(340, 324, 9150)
(340, 107, 5512)
(340, 190, 50709)
(340, 168, 32709)
(340, 54, 11709)
(340, 92, 28441)
(340, 189, 17441)
(340, 213, 17026)
(340, 111, 44278)
(340, 100, 22507)
(340, 55, 2681)
(340, 273, 42061)
(340, 110, 41146)
(340, 181, 44680)
(340, 226, 52529)
(340, 103, 54242)
(340, 268, 12961)
(340, 312, 37621)
(340, 222, 13097)
(340, 306, 49028)
(340, 16, 46665)
(340, 333, 56308)
(340, 204, 54318)
(340, 13, 51025)
(340, 277, 33869)
(340, 20, 43096)
(340, 62, 36417)
(340, 125, 399)
(340, 301, 3442)
(340, 94, 38454)
