173
(1, 0, 14757)
(2, 1, 355)
(2, 0, 1104)
(3, 0, 7302)
(3, 2, 2051)
(4, 3, 13943)
(5, 1, 1376)
(5, 0, 8691)
(5, 2, 2607)
(5, 4, 6743)
(6, 3, 13130)
(7, 2, 6904)
(8, 2, 7686)
(8, 1, 3477)
(8, 5, 8461)
(8, 3, 5447)
(9, 6, 10812)
(9, 4, 5075)
(9, 0, 10414)
(9, 8, 8595)
(9, 5, 11253)
(10, 5, 1463)
(10, 4, 10842)
(10, 7, 5253)
(10, 2, 29)
(10, 0, 7373)
(10, 3, 11292)
(10, 8, 3022)
(10, 1, 4955)
(10, 9, 6257)
(10, 6, 4397)
(11, 8, 13486)
(12, 3, 11241)
(12, 5, 5674)
(12, 0, 13770)
(12, 7, 8452)
(12, 8, 9647)
(12, 1, 10465)
(12, 6, 3427)
(12, 4, 10237)
(12, 2, 4289)
(13, 0, 2349)
(13, 2, 13773)
(13, 3, 849)
(13, 11, 14636)
(13, 6, 13461)
(13, 10, 13047)
(14, 10, 1282)
(14, 0, 6932)
(14, 4, 13950)
(14, 2, 10908)
(14, 9, 4264)
(14, 3, 8166)
(14, 6, 4305)
(14, 11, 11882)
(14, 5, 10840)
(14, 13, 8866)
(15, 10, 13552)
(15, 2, 14158)
(16, 12, 12147)
(16, 10, 5829)
(16, 15, 10633)
(16, 1, 3182)
(16, 2, 1224)
(16, 11, 8954)
(16, 13, 5451)
(16, 0, 9661)
(16, 3, 14084)
(16, 6, 8189)
(16, 9, 9649)
(16, 8, 7682)
(16, 7, 3067)
(17, 4, 4174)
(17, 3, 2770)
(17, 13, 6179)
(18, 3, 12254)
(19, 11, 10884)
(19, 9, 10967)
(19, 2, 14354)
(19, 7, 5458)
(19, 0, 7815)
(19, 1, 421)
(19, 13, 1442)
(19, 6, 11942)
(19, 14, 4864)
(19, 8, 2944)
(19, 10, 5040)
(19, 12, 4084)
(19, 3, 14071)
(19, 18, 1229)
(19, 4, 10231)
(20, 3, 3530)
(20, 0, 1831)
(20, 8, 14924)
(20, 14, 11945)
(20, 6, 9814)
(20, 7, 12952)
(20, 10, 13111)
(20, 16, 8601)
(20, 13, 13804)
(20, 15, 6924)
(20, 17, 3389)
(20, 4, 2878)
(21, 4, 6564)
(21, 13, 9657)
(21, 11, 5624)
(21, 17, 11874)
(21, 15, 13833)
(21, 9, 12304)
(21, 20, 6868)
(22, 2, 1970)
(22, 8, 3565)
(22, 11, 1780)
(23, 9, 3648)
(23, 22, 11356)
(23, 21, 4048)
(23, 7, 349)
(23, 20, 1076)
(23, 11, 2551)
(24, 20, 10786)
(24, 17, 1806)
(24, 22, 14610)
(24, 9, 9314)
(24, 6, 12874)
(24, 0, 5284)
(24, 12, 3901)
(24, 5, 12400)
(24, 16, 9)
(24, 15, 14063)
(24, 19, 7226)
(24, 4, 11136)
(24, 8, 9001)
(24, 11, 11974)
(24, 7, 13898)
(24, 23, 8160)
(24, 18, 7027)
(24, 14, 9979)
(24, 13, 11240)
(24, 1, 11449)
(24, 10, 5748)
(24, 21, 4562)
(25, 23, 3837)
(25, 12, 5988)
(25, 9, 13182)
(25, 5, 11836)
(25, 8, 2175)
(25, 24, 13873)
(25, 22, 4451)
(25, 19, 6837)
(25, 18, 3460)
(25, 13, 4899)
(25, 3, 11089)
(26, 15, 3791)
(26, 1, 8728)
(26, 18, 12399)
(26, 16, 5066)
(26, 25, 12264)
(26, 17, 1397)
(26, 3, 187)
(26, 14, 435)
(26, 20, 14234)
(27, 18, 11560)
(27, 7, 1870)
(27, 15, 9987)
(27, 22, 573)
(27, 5, 862)
(27, 25, 6827)
(27, 24, 5865)
(27, 16, 6601)
(28, 27, 9059)
(28, 25, 9989)
(28, 5, 5855)
(28, 15, 13452)
(28, 23, 13970)
(28, 19, 11493)
(28, 3, 13430)
(28, 12, 2264)
(28, 4, 10894)
(28, 13, 98)
(28, 10, 11448)
(28, 18, 7394)
(28, 6, 12573)
(28, 2, 9691)
(28, 8, 9202)
(28, 0, 1320)
(28, 24, 3027)
(28, 17, 503)
(28, 20, 9454)
(28, 14, 4912)
(28, 22, 4265)
(28, 26, 9753)
(28, 1, 5575)
(28, 7, 4941)
(28, 16, 12646)
(28, 21, 6619)
(29, 18, 8037)
(29, 14, 3262)
(29, 11, 5607)
(29, 1, 6234)
(29, 0, 14582)
(29, 20, 2332)
(29, 3, 4082)
(29, 22, 13482)
(29, 21, 3384)
(29, 10, 7075)
(29, 23, 11675)
(29, 7, 988)
(29, 17, 11207)
(29, 27, 597)
(29, 6, 3972)
(29, 25, 13261)
(29, 16, 13518)
(29, 19, 4919)
(29, 24, 10616)
(30, 10, 5815)
(30, 6, 1383)
(30, 18, 10130)
(30, 25, 5715)
(30, 23, 4202)
(30, 0, 1607)
(30, 2, 1019)
(30, 28, 13097)
(30, 29, 13427)
(30, 22, 12846)
(30, 14, 52)
(30, 26, 9713)
(31, 1, 3855)
(31, 0, 5599)
(31, 7, 6458)
(31, 17, 9911)
(31, 24, 11075)
(31, 22, 3562)
(31, 19, 10892)
(31, 21, 6385)
(31, 14, 12191)
(31, 11, 7521)
(31, 27, 7825)
(31, 4, 5247)
(31, 15, 987)
(31, 5, 4753)
(31, 10, 2700)
(31, 2, 5606)
(31, 28, 5932)
(31, 18, 6431)
(31, 20, 754)
(31, 8, 9433)
(31, 26, 4854)
(31, 6, 6785)
(32, 26, 4971)
(32, 15, 9860)
(32, 14, 5754)
(32, 28, 3293)
(32, 5, 8035)
(32, 1, 4744)
(32, 29, 2186)
(32, 6, 13512)
(32, 17, 6003)
(32, 31, 8673)
(32, 30, 2537)
(32, 16, 4680)
(32, 7, 4204)
(32, 9, 5456)
(32, 24, 4079)
(32, 2, 5867)
(32, 25, 3401)
(32, 18, 3641)
(32, 23, 4966)
(32, 20, 462)
(32, 27, 8023)
(32, 19, 13689)
(32, 22, 10267)
(32, 8, 6983)
(33, 26, 8605)
(33, 22, 9419)
(33, 12, 6643)
(33, 2, 14806)
(33, 0, 13569)
(33, 5, 5971)
(33, 14, 8678)
(33, 8, 14445)
(33, 10, 10388)
(33, 6, 12189)
(33, 9, 5141)
(33, 16, 6088)
(33, 32, 4144)
(33, 21, 5649)
(33, 27, 4152)
(33, 17, 12585)
(33, 31, 13849)
(33, 4, 4007)
(33, 19, 4934)
(33, 25, 7578)
(33, 18, 9335)
(33, 23, 12237)
(34, 8, 8027)
(34, 27, 5682)
(34, 16, 11940)
(34, 2, 11411)
(34, 21, 332)
(34, 13, 4116)
(34, 24, 7761)
(34, 33, 14412)
(34, 5, 13850)
(34, 6, 2814)
(34, 11, 5817)
(34, 28, 12365)
(34, 10, 14392)
(34, 7, 9442)
(34, 25, 6241)
(34, 15, 5825)
(34, 22, 8091)
(34, 1, 1333)
(35, 17, 7638)
(35, 21, 3045)
(35, 5, 5678)
(35, 31, 2455)
(35, 18, 5394)
(35, 25, 13451)
(35, 24, 7129)
(35, 26, 1423)
(35, 0, 9675)
(35, 22, 1737)
(35, 32, 10009)
(35, 12, 3185)
(35, 28, 11924)
(35, 13, 6809)
(35, 30, 13878)
(35, 4, 6285)
(35, 33, 911)
(35, 10, 5025)
(35, 34, 10853)
(35, 9, 12427)
(36, 13, 6299)
(36, 1, 3793)
(36, 25, 14815)
(36, 15, 1390)
(36, 10, 4230)
(36, 24, 14121)
(36, 11, 13360)
(36, 18, 5547)
(36, 23, 1083)
(36, 0, 7062)
(36, 27, 4871)
(36, 34, 10200)
(36, 22, 13168)
(36, 9, 791)
(36, 19, 4175)
(36, 29, 14424)
(36, 35, 6651)
(36, 31, 447)
(36, 12, 3321)
(36, 33, 8439)
(36, 21, 657)
(36, 17, 12321)
(36, 8, 12107)
(36, 2, 7807)
(36, 16, 2145)
(36, 4, 10734)
(36, 30, 6774)
(36, 3, 9036)
(36, 5, 2566)
(36, 6, 4664)
(36, 7, 10448)
(36, 20, 2526)
(36, 26, 11520)
(36, 28, 2956)
(36, 14, 4530)
(37, 24, 11721)
(37, 17, 827)
(37, 19, 4358)
(37, 23, 6995)
(37, 7, 3943)
(37, 0, 1501)
(37, 25, 11746)
(37, 8, 13628)
(37, 12, 13260)
(37, 34, 3710)
(37, 2, 9594)
(37, 31, 8227)
(37, 16, 8974)
(37, 9, 6835)
(37, 18, 2778)
(37, 32, 4677)
(38, 19, 425)
(38, 11, 2274)
(38, 4, 13363)
(38, 13, 11588)
(38, 14, 215)
(38, 26, 13672)
(38, 2, 2805)
(38, 28, 4519)
(38, 23, 12287)
(38, 3, 12206)
(38, 24, 8098)
(38, 12, 6240)
(38, 9, 14355)
(39, 6, 13220)
(39, 24, 13052)
(39, 3, 7054)
(39, 17, 11699)
(39, 12, 2672)
(39, 32, 9332)
(39, 37, 5086)
(39, 16, 5140)
(39, 5, 7415)
(39, 20, 1903)
(39, 38, 62)
(39, 0, 4073)
(39, 10, 6317)
(39, 31, 2448)
(39, 13, 1185)
(39, 18, 2563)
(39, 28, 10447)
(39, 9, 1430)
(40, 3, 9700)
(40, 33, 8283)
(40, 27, 12520)
(40, 39, 14926)
(40, 28, 13419)
(40, 35, 438)
(40, 32, 1408)
(40, 30, 7201)
(40, 20, 6280)
(40, 21, 9207)
(40, 1, 9358)
(40, 38, 10681)
(40, 29, 13217)
(40, 19, 10906)
(40, 0, 12868)
(40, 8, 7740)
(40, 2, 11305)
(40, 36, 11188)
(40, 37, 2637)
(40, 24, 6990)
(41, 14, 14272)
(41, 38, 2749)
(41, 28, 9816)
(41, 29, 10435)
(41, 10, 2007)
(41, 3, 6202)
(41, 5, 5881)
(41, 18, 5665)
(41, 7, 703)
(41, 26, 9748)
(41, 35, 13602)
(41, 40, 5726)
(41, 31, 8421)
(41, 22, 161)
(41, 20, 2803)
(42, 5, 12682)
(42, 6, 7538)
(42, 27, 8755)
(42, 31, 13282)
(42, 16, 2908)
(42, 19, 8006)
(42, 40, 14079)
(42, 22, 6808)
(42, 1, 14956)
(42, 35, 5045)
(42, 15, 2604)
(43, 35, 1264)
(43, 24, 1915)
(43, 7, 4697)
(43, 37, 13434)
(43, 19, 3021)
(43, 16, 2532)
(43, 1, 6846)
(44, 36, 4281)
(44, 23, 1601)
(44, 8, 3548)
(44, 35, 4367)
(44, 34, 88)
(44, 11, 5330)
(44, 42, 8241)
(44, 5, 5581)
(44, 32, 2904)
(44, 13, 1709)
(44, 15, 14224)
(44, 37, 9495)
(44, 26, 8896)
(44, 16, 9689)
(44, 0, 10951)
(44, 6, 4149)
(44, 43, 354)
(44, 14, 12183)
(44, 30, 13068)
(44, 12, 13281)
(44, 33, 6030)
(44, 9, 460)
(44, 28, 4228)
(44, 39, 13361)
(44, 31, 12621)
(44, 3, 11008)
(44, 22, 2399)
(44, 20, 13597)
(44, 17, 4132)
(44, 24, 14254)
(44, 2, 10134)
(44, 1, 244)
(44, 38, 5273)
(44, 18, 6231)
(44, 7, 12464)
(44, 41, 5069)
(44, 40, 3518)
(45, 26, 3229)
(45, 42, 13853)
(45, 20, 5049)
(45, 27, 12434)
(45, 6, 6782)
(45, 34, 12095)
(45, 7, 8225)
(45, 15, 946)
(45, 32, 3231)
(45, 29, 5558)
(45, 30, 14455)
(45, 18, 3608)
(45, 22, 11422)
(45, 11, 5269)
(45, 24, 4475)
(45, 2, 7213)
(45, 43, 404)
(45, 1, 9564)
(45, 8, 956)
(45, 21, 6104)
(45, 0, 8044)
(45, 17, 7378)
(45, 12, 4618)
(45, 40, 9307)
(45, 41, 456)
(45, 23, 7757)
(45, 5, 1080)
(45, 10, 4771)
(45, 36, 10360)
(45, 19, 14573)
(45, 4, 1797)
(45, 37, 1171)
(45, 3, 1864)
(46, 18, 12535)
(46, 7, 2925)
(46, 22, 2436)
(46, 32, 3811)
(46, 29, 12233)
(46, 15, 3722)
(46, 24, 6226)
(46, 31, 2281)
(46, 1, 4019)
(46, 9, 3716)
(46, 26, 3355)
(46, 3, 7223)
(46, 4, 14833)
(46, 12, 12799)
(46, 28, 12964)
(46, 0, 14777)
(46, 44, 13138)
(46, 10, 10559)
(46, 11, 7627)
(46, 13, 4270)
(46, 33, 7894)
(46, 42, 7620)
(46, 36, 13424)
(46, 2, 1007)
(46, 16, 9904)
(46, 41, 10869)
(46, 6, 14886)
(47, 30, 6325)
(47, 40, 12644)
(47, 10, 5161)
(47, 43, 80)
(47, 9, 4898)
(47, 22, 14803)
(47, 17, 11197)
(47, 13, 9845)
(47, 36, 329)
(47, 16, 6211)
(47, 23, 11100)
(47, 21, 10295)
(47, 32, 5168)
(47, 27, 10179)
(47, 3, 1106)
(47, 34, 2388)
(47, 35, 14661)
(47, 0, 6559)
(47, 4, 14187)
(47, 12, 13661)
(48, 11, 11523)
(48, 24, 11930)
(48, 27, 10420)
(48, 32, 9875)
(48, 22, 5978)
(48, 42, 2407)
(48, 13, 4656)
(48, 19, 4353)
(48, 1, 14538)
(48, 15, 7869)
(48, 30, 14607)
(49, 36, 14302)
(49, 2, 1471)
(49, 13, 12852)
(49, 39, 3117)
(49, 4, 13205)
(49, 0, 10193)
(50, 24, 9993)
(50, 23, 7108)
(50, 16, 9791)
(50, 26, 10774)
(50, 43, 2172)
(50, 44, 4928)
(50, 42, 11463)
(50, 3, 8762)
(50, 12, 9604)
(50, 34, 7833)
(50, 2, 10981)
(50, 41, 4349)
(50, 22, 7067)
(50, 0, 4808)
(50, 32, 13905)
(50, 9, 2466)
(50, 27, 9021)
(50, 33, 4373)
(50, 48, 13714)
(50, 45, 2481)
(50, 47, 2123)
(50, 28, 14872)
(50, 20, 14867)
(50, 31, 2336)
(50, 8, 3704)
(50, 5, 12460)
(50, 4, 10070)
(50, 25, 5391)
(50, 29, 11615)
(50, 39, 2410)
(50, 17, 14389)
(50, 18, 14413)
(50, 15, 12633)
(51, 15, 6116)
(51, 26, 3998)
(51, 33, 2245)
(51, 34, 8090)
(51, 0, 10556)
(51, 4, 3080)
(51, 21, 5348)
(51, 25, 12655)
(51, 43, 4196)
(51, 1, 13867)
(52, 19, 10251)
(52, 7, 13311)
(52, 9, 1458)
(52, 12, 3215)
(52, 13, 11056)
(52, 45, 12310)
(52, 25, 6009)
(52, 29, 9801)
(52, 41, 12129)
(52, 33, 6456)
(52, 27, 8067)
(52, 6, 6609)
(52, 35, 13334)
(52, 39, 44)
(52, 28, 8136)
(52, 42, 674)
(52, 24, 12567)
(52, 0, 9491)
(52, 26, 6669)
(52, 32, 14589)
(52, 36, 7567)
(53, 19, 12291)
(53, 28, 11957)
(53, 33, 13872)
(53, 8, 1840)
(53, 16, 8750)
(53, 50, 9844)
(53, 5, 9734)
(53, 46, 14792)
(53, 12, 1350)
(53, 48, 9858)
(53, 47, 115)
(53, 15, 4841)
(53, 34, 2603)
(53, 21, 1559)
(53, 24, 9134)
(53, 51, 763)
(53, 9, 13732)
(53, 2, 7901)
(53, 41, 9784)
(53, 30, 12835)
(53, 14, 10963)
(53, 43, 7965)
(53, 45, 4117)
(53, 0, 1913)
(53, 52, 13856)
(53, 7, 14217)
(54, 1, 4317)
(54, 53, 14452)
(54, 50, 12926)
(54, 49, 4436)
(54, 37, 7036)
(54, 24, 195)
(54, 0, 4374)
(54, 23, 13042)
(54, 21, 10390)
(54, 46, 3752)
(54, 10, 7046)
(54, 6, 4365)
(54, 33, 12627)
(54, 17, 7887)
(54, 31, 4616)
(54, 29, 2789)
(54, 18, 8288)
(54, 45, 5017)
(54, 15, 13307)
(54, 32, 3394)
(54, 40, 668)
(54, 20, 10552)
(54, 11, 6863)
(54, 4, 5958)
(54, 51, 3425)
(54, 16, 6500)
(54, 3, 10482)
(54, 36, 9913)
(54, 28, 13742)
(54, 8, 7426)
(54, 44, 11413)
(54, 39, 10888)
(54, 27, 10040)
(54, 41, 10369)
(54, 5, 4370)
(54, 13, 5260)
(54, 12, 4021)
(54, 34, 6115)
(54, 43, 7630)
(54, 52, 14146)
(54, 25, 3637)
(54, 42, 519)
(55, 17, 12330)
(55, 13, 7823)
(55, 22, 5945)
(55, 26, 8838)
(55, 54, 6061)
(55, 24, 360)
(55, 23, 8967)
(55, 20, 12543)
(55, 37, 12687)
(55, 25, 672)
(55, 4, 12744)
(55, 36, 12171)
(55, 29, 10865)
(55, 46, 11191)
(55, 3, 3619)
(55, 28, 3512)
(55, 15, 1381)
(55, 12, 10938)
(55, 47, 8508)
(55, 53, 664)
(55, 1, 6378)
(55, 41, 13828)
(55, 34, 10087)
(55, 51, 9944)
(55, 0, 2379)
(55, 19, 11275)
(56, 3, 805)
(56, 39, 11921)
(56, 30, 865)
(56, 50, 1945)
(56, 21, 4833)
(56, 29, 7873)
(56, 15, 11771)
(56, 53, 4395)
(56, 43, 8693)
(56, 8, 7261)
(56, 37, 6418)
(56, 48, 14904)
(56, 26, 12963)
(57, 30, 1571)
(57, 29, 11524)
(57, 53, 2853)
(57, 37, 9070)
(57, 21, 6927)
(57, 47, 13797)
(57, 5, 1874)
(57, 45, 6140)
(57, 26, 1385)
(57, 28, 2618)
(57, 13, 8385)
(57, 3, 3023)
(57, 52, 8950)
(57, 31, 483)
(57, 8, 13340)
(57, 27, 4927)
(57, 11, 2998)
(57, 20, 8335)
(57, 54, 564)
(57, 39, 14746)
(57, 0, 9927)
(57, 36, 7251)
(57, 49, 9288)
(58, 47, 14528)
(58, 50, 7573)
(58, 11, 9317)
(58, 4, 10279)
(58, 28, 11065)
(58, 13, 11426)
(58, 27, 11550)
(58, 23, 3983)
(58, 16, 5304)
(58, 22, 12187)
(58, 14, 6012)
(58, 55, 1387)
(58, 31, 12971)
(58, 21, 7715)
(58, 10, 13054)
(58, 9, 7082)
(58, 53, 13958)
(58, 3, 8016)
(58, 52, 9705)
(58, 44, 4157)
(58, 24, 1003)
(58, 19, 6069)
(58, 48, 12859)
(58, 45, 5894)
(58, 8, 14896)
(58, 57, 7925)
(58, 51, 7017)
(58, 32, 384)
(58, 46, 4127)
(58, 56, 3721)
(58, 34, 14164)
(58, 49, 9822)
(58, 54, 4010)
(58, 15, 4856)
(58, 0, 4259)
(58, 40, 5769)
(58, 20, 6126)
(58, 6, 12547)
(58, 25, 4644)
(58, 17, 4023)
(58, 29, 6569)
(58, 39, 4824)
(58, 30, 10109)
(58, 38, 1746)
(58, 42, 2358)
(58, 12, 8596)
(59, 46, 9868)
(59, 2, 632)
(59, 5, 8676)
(59, 33, 461)
(60, 44, 12138)
(60, 42, 14742)
(60, 49, 5295)
(60, 31, 4544)
(60, 58, 12049)
(60, 9, 1828)
(60, 21, 4565)
(60, 48, 12575)
(60, 45, 13415)
(60, 13, 10016)
(60, 11, 821)
(60, 54, 2240)
(60, 22, 6430)
(61, 36, 12759)
(61, 14, 14535)
(61, 50, 13649)
(61, 49, 6122)
(61, 8, 2173)
(61, 5, 8478)
(61, 26, 9035)
(61, 31, 7651)
(61, 29, 677)
(61, 15, 4233)
(61, 42, 3585)
(61, 22, 6076)
(61, 25, 807)
(61, 45, 9855)
(61, 27, 12601)
(61, 54, 6797)
(61, 48, 8154)
(61, 4, 9792)
(61, 13, 5849)
(61, 56, 9842)
(61, 44, 890)
(61, 19, 11989)
(61, 2, 3230)
(61, 41, 11784)
(61, 30, 12721)
(61, 51, 1071)
(61, 24, 239)
(61, 11, 1035)
(61, 57, 11389)
(61, 33, 13897)
(61, 35, 12110)
(61, 60, 9766)
(61, 10, 10955)
(61, 0, 1619)
(61, 18, 2488)
(61, 9, 6268)
(61, 58, 5831)
(61, 37, 6044)
(61, 21, 1138)
(61, 17, 5322)
(61, 40, 5369)
(61, 39, 11068)
(61, 20, 10027)
(61, 23, 12269)
(61, 32, 10830)
(61, 46, 9423)
(61, 28, 11005)
(61, 1, 2882)
(61, 3, 3091)
(61, 6, 14887)
(61, 16, 12894)
(61, 7, 448)
(61, 55, 13782)
(61, 38, 14335)
(61, 47, 191)
(61, 12, 2766)
(61, 59, 6703)
(61, 53, 3949)
(61, 52, 3364)
(62, 0, 2239)
(62, 50, 7329)
(62, 27, 4478)
(62, 15, 1529)
(62, 20, 1146)
(62, 52, 1378)
(62, 23, 2768)
(62, 26, 7694)
(62, 21, 7913)
(62, 57, 4453)
(62, 2, 14698)
(62, 51, 5021)
(62, 11, 3523)
(62, 32, 7270)
(62, 22, 2072)
(62, 18, 5556)
(62, 16, 11961)
(62, 4, 1554)
(62, 53, 7759)
(62, 38, 8414)
(62, 28, 12270)
(62, 45, 4054)
(62, 6, 9041)
(62, 14, 97)
(62, 34, 3148)
(62, 5, 6887)
(62, 55, 665)
(62, 43, 4502)
(62, 59, 8106)
(62, 58, 13251)
(62, 35, 2810)
(62, 3, 7728)
(62, 33, 10389)
(62, 49, 9475)
(62, 31, 13006)
(62, 60, 3607)
(62, 44, 9750)
(62, 7, 1127)
(62, 30, 12904)
(62, 17, 11050)
(62, 36, 7958)
(62, 25, 14643)
(62, 56, 14030)
(62, 39, 13488)
(62, 46, 4313)
(62, 13, 2304)
(62, 47, 11566)
(62, 19, 586)
(62, 40, 11460)
(62, 37, 1694)
(62, 9, 882)
(62, 24, 11151)
(63, 41, 8386)
(63, 23, 11454)
(63, 2, 8214)
(63, 26, 14484)
(63, 29, 6910)
(63, 61, 3071)
(63, 38, 11464)
(63, 50, 14945)
(63, 10, 207)
(63, 40, 11542)
(63, 7, 10692)
(63, 62, 4892)
(63, 58, 1369)
(63, 5, 9945)
(63, 9, 13666)
(63, 21, 10273)
(63, 1, 6158)
(63, 4, 547)
(63, 16, 708)
(63, 37, 12011)
(63, 59, 11862)
(63, 17, 14037)
(63, 6, 11631)
(63, 55, 8489)
(63, 0, 2233)
(63, 19, 11783)
(63, 45, 7278)
(64, 11, 136)
(64, 23, 4443)
(64, 1, 5164)
(64, 31, 9620)
(64, 17, 6899)
(64, 50, 6494)
(64, 49, 5475)
(64, 45, 14878)
(65, 15, 11336)
(65, 16, 10522)
(65, 6, 4095)
(65, 14, 4107)
(65, 1, 11291)
(65, 20, 9823)
(65, 12, 7265)
(65, 36, 11991)
(65, 54, 9847)
(65, 28, 5077)
(65, 38, 1202)
(65, 45, 6429)
(65, 51, 10377)
(65, 59, 2348)
(65, 27, 7563)
(65, 62, 1636)
(65, 8, 3330)
(65, 40, 10755)
(65, 46, 12034)
(65, 50, 5463)
(65, 11, 12332)
(65, 61, 2584)
(65, 58, 12516)
(65, 35, 9573)
(65, 29, 3736)
(65, 63, 1254)
(65, 31, 11541)
(65, 19, 11515)
(65, 47, 4747)
(65, 30, 4996)
(65, 57, 13063)
(65, 34, 7434)
(65, 33, 14407)
(65, 9, 5057)
(65, 4, 6954)
(65, 0, 8173)
(65, 41, 5131)
(65, 17, 11293)
(65, 26, 1273)
(65, 52, 3996)
(65, 43, 11306)
(65, 18, 7956)
(65, 24, 7282)
(65, 55, 14248)
(65, 7, 11526)
(65, 56, 1669)
(65, 23, 7388)
(65, 13, 5403)
(65, 22, 9111)
(66, 65, 9952)
(66, 19, 1155)
(66, 16, 9222)
(66, 53, 4471)
(66, 37, 1143)
(66, 23, 2839)
(66, 2, 12444)
(66, 20, 11020)
(66, 42, 14648)
(66, 49, 6114)
(66, 13, 3256)
(66, 41, 7853)
(66, 46, 6263)
(66, 39, 8883)
(66, 38, 8790)
(66, 26, 7917)
(66, 15, 1334)
(66, 62, 7944)
(66, 57, 6033)
(66, 4, 12584)
(66, 6, 7904)
(66, 22, 2725)
(67, 17, 11375)
(67, 31, 11457)
(67, 16, 3324)
(67, 38, 12296)
(67, 51, 12652)
(67, 22, 7834)
(67, 21, 6218)
(67, 34, 2802)
(67, 6, 6034)
(67, 2, 14200)
(67, 41, 3296)
(67, 65, 11670)
(67, 60, 9010)
(67, 62, 12965)
(67, 46, 8486)
(67, 48, 4416)
(67, 30, 13348)
(67, 57, 2267)
(67, 59, 12951)
(67, 55, 3092)
(67, 23, 4725)
(67, 5, 13622)
(67, 33, 12937)
(67, 11, 13862)
(67, 13, 7402)
(67, 52, 9415)
(67, 29, 11960)
(67, 56, 9184)
(67, 12, 536)
(67, 8, 10684)
(67, 43, 13134)
(67, 42, 11934)
(67, 4, 9716)
(67, 3, 6940)
(67, 14, 11386)
(67, 63, 8117)
(67, 24, 9574)
(68, 40, 9065)
(68, 11, 6082)
(68, 46, 4177)
(68, 36, 3171)
(68, 58, 12271)
(68, 15, 11156)
(68, 49, 12135)
(68, 61, 8875)
(68, 0, 4916)
(68, 34, 13336)
(68, 12, 14948)
(69, 18, 13716)
(69, 54, 12587)
(69, 44, 8068)
(69, 11, 10185)
(69, 2, 10500)
(69, 19, 7802)
(69, 27, 9147)
(69, 39, 1662)
(69, 26, 363)
(69, 66, 731)
(69, 53, 5120)
(69, 68, 4166)
(69, 10, 14390)
(69, 49, 799)
(69, 58, 10729)
(69, 67, 10863)
(69, 31, 7897)
(69, 3, 12106)
(69, 63, 9496)
(69, 33, 1425)
(69, 23, 5986)
(69, 51, 3467)
(69, 34, 9632)
(69, 21, 470)
(69, 40, 4433)
(69, 22, 14051)
(69, 57, 12632)
(69, 60, 1692)
(69, 24, 918)
(69, 50, 1090)
(69, 25, 12267)
(69, 20, 8213)
(69, 62, 1237)
(69, 14, 1341)
(69, 41, 11137)
(69, 52, 3294)
(69, 1, 491)
(69, 45, 1346)
(69, 9, 11534)
(69, 15, 12031)
(69, 7, 13199)
(69, 5, 5422)
(69, 38, 7096)
(69, 42, 3627)
(70, 8, 7059)
(70, 17, 7340)
(70, 4, 2619)
(70, 50, 4628)
(70, 7, 8140)
(70, 16, 9359)
(70, 56, 11027)
(70, 62, 10264)
(70, 6, 11255)
(70, 21, 13558)
(70, 57, 160)
(70, 22, 2038)
(70, 67, 11972)
(70, 37, 2449)
(70, 15, 7181)
(70, 19, 11283)
(70, 55, 5371)
(70, 14, 11708)
(70, 30, 6682)
(70, 69, 1461)
(70, 25, 13678)
(70, 34, 2726)
(70, 46, 13330)
(70, 2, 11725)
(70, 27, 9315)
(70, 66, 8816)
(70, 44, 9912)
(70, 47, 1567)
(70, 63, 6106)
(70, 39, 9957)
(70, 5, 8991)
(70, 42, 8654)
(70, 9, 9717)
(70, 54, 1889)
(70, 3, 3404)
(70, 0, 5759)
(70, 29, 1930)
(70, 35, 3880)
(70, 41, 4888)
(70, 58, 5012)
(70, 28, 10716)
(70, 18, 4518)
(70, 40, 10383)
(70, 11, 4008)
(70, 24, 5000)
(70, 53, 10035)
(70, 1, 10451)
(70, 13, 12509)
(70, 23, 9646)
(70, 52, 4686)
(70, 51, 2632)
(70, 10, 12657)
(70, 65, 6024)
(70, 33, 3907)
(71, 50, 2938)
(71, 40, 3532)
(71, 57, 3770)
(71, 45, 5933)
(71, 28, 13700)
(71, 27, 12626)
(71, 20, 2609)
(71, 6, 10999)
(71, 53, 11039)
(71, 49, 11752)
(71, 69, 9662)
(71, 61, 3739)
(71, 65, 13697)
(71, 25, 10501)
(71, 8, 8609)
(71, 63, 3167)
(71, 59, 11880)
(71, 56, 5099)
(71, 7, 9441)
(71, 4, 9972)
(71, 67, 2747)
(71, 32, 4813)
(71, 41, 6512)
(71, 37, 3677)
(71, 2, 5008)
(71, 34, 2953)
(71, 5, 1357)
(71, 9, 9542)
(71, 19, 13028)
(71, 36, 5853)
(71, 11, 2892)
(71, 46, 3691)
(71, 33, 3359)
(71, 12, 9746)
(71, 16, 8102)
(71, 15, 14377)
(71, 26, 14340)
(71, 51, 11127)
(71, 23, 14353)
(71, 54, 10153)
(71, 47, 12357)
(71, 17, 8760)
(71, 22, 13573)
(71, 58, 5408)
(71, 43, 3305)
(71, 42, 857)
(71, 10, 4765)
(71, 66, 14754)
(71, 39, 7865)
(71, 60, 1734)
(71, 64, 8467)
(71, 1, 3053)
(71, 13, 8429)
(71, 30, 114)
(71, 55, 9536)
(71, 62, 11583)
(71, 68, 2100)
(71, 52, 4558)
(71, 44, 7502)
(71, 14, 9859)
(71, 3, 3777)
(71, 35, 3064)
(71, 18, 6686)
(72, 16, 8339)
(72, 29, 9656)
(72, 27, 9246)
(72, 20, 2016)
(72, 55, 3274)
(72, 14, 12327)
(72, 9, 8493)
(72, 19, 2769)
(72, 10, 5733)
(72, 64, 12090)
(72, 65, 14568)
(72, 30, 2715)
(72, 4, 9354)
(72, 21, 6246)
(72, 22, 7225)
(72, 49, 2178)
(72, 8, 1056)
(72, 61, 10875)
(72, 47, 3405)
(72, 60, 3598)
(72, 39, 5656)
(72, 32, 7541)
(72, 11, 11922)
(72, 66, 11387)
(72, 58, 10282)
(72, 62, 13793)
(72, 23, 1947)
(72, 13, 3945)
(72, 48, 7169)
(72, 34, 3719)
(72, 56, 400)
(72, 41, 1999)
(72, 15, 574)
(72, 33, 10820)
(72, 25, 8247)
(72, 70, 3277)
(72, 28, 3419)
(72, 71, 565)
(72, 63, 11161)
(72, 31, 11169)
(72, 36, 5205)
(72, 46, 1819)
(72, 12, 8852)
(72, 17, 240)
(72, 45, 5083)
(72, 37, 4778)
(72, 51, 1162)
(72, 2, 14477)
(72, 35, 3483)
(72, 40, 6038)
(72, 53, 12017)
(72, 57, 7836)
(72, 26, 5100)
(72, 0, 9414)
(72, 7, 7079)
(72, 69, 3622)
(72, 38, 8468)
(73, 48, 8873)
(73, 40, 13121)
(73, 50, 11692)
(73, 4, 14225)
(73, 34, 13550)
(73, 59, 13170)
(73, 45, 7478)
(73, 0, 13394)
(73, 21, 3609)
(73, 26, 8578)
(73, 62, 11513)
(73, 52, 8111)
(73, 35, 9088)
(73, 55, 12923)
(73, 23, 13698)
(73, 38, 8373)
(73, 53, 14436)
(73, 42, 3604)
(73, 39, 13515)
(73, 3, 4384)
(73, 25, 4167)
(73, 31, 9057)
(73, 32, 11547)
(73, 15, 3105)
(73, 68, 2395)
(73, 72, 3398)
(73, 11, 10780)
(73, 29, 13976)
(73, 57, 7959)
(73, 2, 7452)
(73, 67, 12635)
(73, 8, 12827)
(73, 46, 1001)
(73, 1, 3166)
(73, 47, 14737)
(73, 65, 4447)
(73, 71, 8861)
(73, 13, 12377)
(73, 24, 13333)
(73, 19, 13617)
(73, 20, 14860)
(73, 7, 651)
(73, 37, 1722)
(73, 28, 9383)
(73, 27, 2869)
(74, 60, 7154)
(74, 44, 6393)
(74, 14, 10280)
(74, 66, 6134)
(74, 71, 6222)
(74, 6, 10597)
(74, 63, 9209)
(74, 8, 6041)
(74, 36, 3776)
(74, 19, 3462)
(74, 21, 612)
(74, 4, 265)
(74, 30, 7099)
(74, 18, 1646)
(74, 33, 10230)
(74, 29, 1182)
(74, 24, 14785)
(74, 32, 6099)
(74, 55, 5411)
(74, 61, 8679)
(74, 45, 4480)
(74, 56, 1230)
(74, 38, 11492)
(74, 43, 10923)
(74, 40, 11006)
(74, 51, 7849)
(74, 22, 1218)
(74, 37, 1457)
(74, 31, 4319)
(74, 28, 7080)
(74, 72, 7751)
(75, 20, 12539)
(75, 58, 2440)
(75, 67, 4641)
(75, 66, 14446)
(75, 70, 10898)
(75, 24, 11754)
(75, 63, 7953)
(75, 4, 466)
(75, 36, 3412)
(75, 74, 14435)
(75, 41, 1813)
(75, 46, 7876)
(75, 11, 6006)
(75, 39, 5431)
(75, 31, 6625)
(75, 45, 14074)
(75, 56, 13037)
(75, 55, 13740)
(75, 18, 3694)
(75, 71, 7187)
(75, 15, 4700)
(75, 1, 11739)
(75, 54, 13200)
(75, 44, 3516)
(75, 10, 5097)
(75, 25, 10266)
(75, 68, 1338)
(75, 52, 729)
(75, 34, 13695)
(75, 61, 11017)
(75, 65, 8348)
(75, 40, 3913)
(75, 64, 450)
(75, 17, 852)
(75, 43, 5194)
(75, 0, 2541)
(75, 72, 513)
(75, 60, 4670)
(75, 7, 10495)
(75, 69, 5123)
(75, 3, 4957)
(75, 47, 8803)
(75, 8, 5792)
(75, 53, 4522)
(75, 27, 13411)
(75, 19, 11952)
(75, 32, 2153)
(75, 6, 14667)
(75, 30, 8300)
(75, 2, 3902)
(75, 57, 11300)
(75, 23, 6978)
(75, 49, 3034)
(75, 9, 11741)
(75, 21, 11648)
(75, 33, 8218)
(75, 59, 2595)
(75, 26, 10739)
(75, 51, 3669)
(75, 38, 10067)
(75, 35, 517)
(75, 16, 3715)
(75, 37, 13960)
(75, 13, 1654)
(75, 42, 4402)
(75, 28, 4929)
(75, 73, 11865)
(75, 29, 11111)
(75, 14, 9137)
(75, 50, 1624)
(75, 48, 3423)
(75, 12, 1976)
(75, 62, 9670)
(75, 22, 8675)
(76, 12, 1621)
(76, 9, 9981)
(76, 25, 6894)
(76, 34, 4684)
(76, 74, 9077)
(76, 67, 10043)
(76, 72, 8743)
(76, 27, 4341)
(76, 42, 6224)
(76, 55, 975)
(76, 58, 13308)
(76, 5, 2640)
(76, 0, 11762)
(76, 22, 10195)
(76, 37, 14322)
(76, 31, 1548)
(76, 49, 4692)
(76, 28, 1534)
(76, 68, 7957)
(76, 20, 5191)
(76, 46, 555)
(76, 62, 2597)
(76, 1, 2420)
(76, 41, 14900)
(76, 36, 1508)
(76, 53, 1684)
(76, 54, 8204)
(76, 23, 10685)
(76, 11, 13971)
(76, 57, 8374)
(76, 48, 7262)
(76, 33, 7410)
(76, 24, 5675)
(76, 10, 10730)
(76, 73, 12027)
(76, 3, 13398)
(76, 75, 10123)
(76, 18, 13630)
(76, 47, 6635)
(76, 15, 5244)
(76, 6, 5082)
(76, 63, 1292)
(76, 35, 13163)
(76, 70, 7742)
(76, 65, 10902)
(76, 4, 1833)
(76, 43, 1628)
(76, 45, 814)
(76, 13, 11026)
(76, 51, 6468)
(76, 32, 6701)
(76, 64, 8588)
(76, 44, 4921)
(76, 16, 13680)
(76, 60, 766)
(76, 19, 7004)
(77, 45, 14449)
(77, 27, 4045)
(77, 55, 6397)
(77, 56, 1697)
(77, 76, 6488)
(77, 70, 6823)
(77, 9, 4855)
(77, 40, 8703)
(77, 30, 3984)
(77, 20, 8253)
(77, 42, 10877)
(77, 75, 7975)
(77, 66, 4187)
(77, 35, 6247)
(77, 67, 5274)
(77, 5, 8273)
(77, 47, 8694)
(77, 71, 11645)
(77, 1, 4651)
(77, 34, 13128)
(77, 7, 1795)
(77, 53, 14471)
(77, 74, 3978)
(77, 4, 213)
(77, 23, 5771)
(77, 73, 10321)
(77, 50, 12301)
(77, 13, 13475)
(77, 18, 10173)
(77, 52, 12967)
(77, 65, 6464)
(77, 49, 10366)
(77, 32, 493)
(77, 37, 2417)
(77, 8, 7477)
(77, 64, 6205)
(77, 59, 53)
(77, 17, 13564)
(77, 43, 184)
(77, 31, 7492)
(77, 29, 14693)
(77, 0, 12796)
(77, 10, 14223)
(77, 21, 10577)
(77, 22, 14021)
(77, 51, 1845)
(77, 62, 10640)
(77, 24, 10602)
(77, 16, 2479)
(77, 14, 1535)
(77, 25, 2024)
(77, 15, 9369)
(77, 6, 9340)
(77, 41, 3559)
(77, 3, 14865)
(77, 44, 6633)
(77, 19, 3830)
(77, 69, 10353)
(77, 46, 9749)
(77, 63, 5947)
(77, 72, 226)
(77, 58, 4121)
(77, 48, 5921)
(77, 61, 12966)
(77, 26, 10890)
(77, 36, 12459)
(77, 28, 14776)
(77, 54, 8445)
(77, 68, 7414)
(77, 2, 3120)
(77, 33, 1608)
(77, 57, 9795)
(77, 38, 2520)
(77, 12, 13203)
(77, 39, 2393)
(77, 11, 7086)
(77, 60, 12869)
(78, 64, 11757)
(78, 36, 5203)
(78, 5, 11479)
(78, 40, 3130)
(78, 16, 7515)
(78, 43, 773)
(78, 58, 9389)
(78, 28, 1617)
(78, 31, 10285)
(78, 10, 8071)
(78, 38, 10119)
(78, 77, 10210)
(78, 63, 14314)
(78, 56, 2150)
(79, 73, 3685)
(79, 7, 10587)
(79, 34, 12685)
(79, 66, 4104)
(79, 45, 4394)
(79, 61, 1568)
(79, 9, 4537)
(79, 36, 1511)
(79, 71, 10386)
(79, 49, 7621)
(79, 58, 1978)
(80, 41, 130)
(80, 24, 9798)
(80, 69, 7646)
(80, 27, 6879)
(80, 20, 6574)
(80, 17, 8438)
(80, 1, 8052)
(80, 9, 6915)
(80, 76, 6838)
(80, 57, 4728)
(80, 73, 4303)
(81, 49, 5479)
(81, 5, 4770)
(81, 66, 4650)
(81, 41, 13641)
(81, 17, 8409)
(81, 16, 2693)
(81, 56, 4782)
(81, 19, 7749)
(81, 74, 767)
(81, 14, 5692)
(82, 15, 1869)
(82, 19, 8824)
(82, 20, 7247)
(82, 12, 3052)
(82, 22, 9193)
(82, 79, 9674)
(82, 71, 11532)
(82, 37, 9566)
(82, 27, 9549)
(82, 80, 6183)
(82, 54, 4346)
(82, 6, 14505)
(82, 2, 7928)
(82, 45, 452)
(82, 70, 2256)
(82, 23, 9135)
(82, 65, 12389)
(82, 32, 7257)
(82, 0, 2162)
(82, 11, 9462)
(82, 59, 8357)
(82, 57, 5283)
(83, 72, 13623)
(84, 2, 8080)
(84, 51, 11182)
(84, 55, 4272)
(84, 83, 9684)
(84, 56, 1110)
(84, 46, 6742)
(84, 61, 4549)
(84, 42, 7464)
(84, 59, 9153)
(84, 13, 8871)
(84, 54, 675)
(84, 49, 13766)
(84, 81, 8229)
(84, 75, 2924)
(84, 76, 5913)
(84, 32, 2972)
(84, 43, 5617)
(84, 15, 4848)
(84, 14, 5884)
(84, 50, 1045)
(84, 57, 4689)
(84, 5, 9374)
(84, 73, 12631)
(84, 78, 12634)
(84, 7, 13660)
(84, 58, 4070)
(84, 0, 937)
(84, 9, 13595)
(85, 23, 4532)
(85, 48, 7775)
(85, 54, 13273)
(85, 68, 4431)
(85, 70, 11497)
(85, 80, 3726)
(85, 79, 4237)
(85, 61, 5906)
(85, 10, 1131)
(85, 65, 6484)
(85, 71, 1421)
(85, 40, 14585)
(85, 42, 8274)
(85, 63, 1183)
(85, 4, 5871)
(85, 6, 2070)
(85, 64, 2093)
(85, 81, 14379)
(85, 2, 11166)
(85, 75, 1730)
(85, 74, 13577)
(85, 8, 11967)
(85, 20, 6847)
(85, 26, 6507)
(85, 53, 467)
(85, 34, 7164)
(85, 29, 4011)
(85, 12, 12732)
(85, 51, 13967)
(85, 0, 8905)
(85, 25, 14191)
(85, 15, 4739)
(85, 84, 10732)
(85, 78, 616)
(85, 18, 14062)
(85, 67, 4193)
(85, 5, 1848)
(85, 19, 10917)
(85, 7, 14404)
(85, 17, 7736)
(85, 22, 14775)
(85, 59, 8195)
(85, 1, 1372)
(85, 35, 1583)
(85, 52, 8642)
(85, 46, 11438)
(85, 58, 11209)
(85, 27, 9123)
(85, 9, 4192)
(85, 24, 2879)
(85, 31, 680)
(86, 26, 4375)
(86, 6, 6412)
(86, 21, 11976)
(86, 81, 3111)
(86, 64, 4106)
(86, 30, 13292)
(86, 63, 11453)
(86, 10, 14529)
(86, 33, 2560)
(86, 36, 5338)
(86, 47, 8069)
(86, 13, 4137)
(86, 67, 14854)
(86, 15, 14835)
(86, 53, 9284)
(86, 22, 10882)
(86, 50, 7041)
(86, 48, 5814)
(86, 49, 12442)
(86, 74, 9597)
(86, 28, 6792)
(86, 2, 1214)
(86, 82, 12878)
(86, 85, 11427)
(86, 56, 14907)
(86, 39, 2389)
(86, 70, 316)
(86, 14, 7357)
(86, 29, 8807)
(86, 61, 12088)
(86, 43, 12015)
(86, 23, 10418)
(86, 25, 9409)
(86, 46, 5174)
(86, 60, 4895)
(86, 62, 8050)
(86, 31, 12999)
(86, 5, 8964)
(86, 59, 5573)
(86, 18, 314)
(86, 20, 5080)
(86, 71, 12542)
(86, 37, 14950)
(86, 35, 12929)
(86, 40, 12551)
(86, 55, 5248)
(86, 7, 2702)
(86, 0, 14057)
(86, 51, 13358)
(86, 54, 14215)
(86, 69, 5027)
(86, 11, 892)
(86, 38, 4733)
(86, 72, 3986)
(86, 73, 152)
(86, 83, 11799)
(86, 42, 6206)
(86, 75, 12765)
(86, 9, 7358)
(86, 12, 11727)
(86, 45, 8380)
(86, 27, 3526)
(86, 8, 8254)
(86, 32, 8978)
(86, 17, 2661)
(86, 19, 11630)
(86, 44, 7018)
(86, 16, 9436)
(86, 24, 7092)
(86, 58, 12101)
(86, 76, 10643)
(86, 66, 1713)
(86, 52, 2211)
(86, 65, 2686)
(86, 34, 12680)
(87, 79, 5358)
(87, 33, 5907)
(87, 74, 5645)
(87, 50, 11605)
(87, 17, 1494)
(87, 58, 4754)
(87, 26, 2706)
(87, 56, 842)
(87, 57, 2867)
(87, 60, 12694)
(87, 53, 13603)
(87, 41, 709)
(87, 30, 3472)
(87, 78, 10889)
(87, 82, 4033)
(87, 68, 8864)
(87, 66, 14461)
(87, 13, 7560)
(87, 55, 8051)
(87, 24, 7003)
(87, 45, 393)
(87, 76, 3369)
(87, 62, 654)
(87, 67, 7474)
(87, 6, 11881)
(87, 44, 11095)
(87, 65, 6756)
(87, 59, 13536)
(87, 4, 11376)
(87, 34, 11144)
(87, 20, 2900)
(87, 7, 1122)
(87, 47, 172)
(87, 18, 11455)
(87, 36, 10959)
(87, 54, 4891)
(87, 28, 434)
(87, 22, 7148)
(87, 25, 9575)
(87, 2, 3479)
(87, 46, 2698)
(87, 39, 6212)
(87, 70, 13502)
(87, 23, 4721)
(87, 40, 10272)
(87, 3, 10489)
(87, 51, 8030)
(87, 29, 10347)
(87, 42, 12097)
(87, 64, 7404)
(87, 14, 14298)
(87, 73, 11824)
(87, 43, 7176)
(87, 69, 2081)
(87, 80, 14019)
(87, 37, 13546)
(87, 81, 7753)
(87, 84, 1232)
(87, 35, 3123)
(87, 61, 9763)
(87, 49, 3051)
(87, 16, 14539)
(87, 27, 8625)
(87, 21, 8046)
(87, 83, 2494)
(87, 75, 5013)
(87, 12, 8392)
(87, 11, 6171)
(87, 9, 10768)
(87, 48, 7029)
(87, 77, 11145)
(87, 72, 6090)
(87, 10, 4445)
(87, 85, 1176)
(87, 71, 5765)
(87, 63, 13123)
(87, 1, 11357)
(87, 86, 11925)
(87, 8, 12738)
(88, 5, 6917)
(88, 65, 14837)
(88, 75, 4720)
(88, 37, 12051)
(88, 73, 12678)
(88, 17, 7664)
(88, 71, 3613)
(88, 60, 11641)
(88, 64, 4118)
(88, 52, 6706)
(88, 47, 8992)
(88, 39, 3323)
(88, 27, 3121)
(88, 78, 10308)
(88, 8, 3062)
(88, 22, 12968)
(88, 76, 7061)
(88, 35, 4363)
(88, 68, 5587)
(88, 32, 5840)
(88, 66, 8738)
(88, 54, 2133)
(88, 55, 7523)
(88, 40, 12501)
(88, 16, 12409)
(88, 45, 3208)
(89, 16, 2689)
(89, 54, 3714)
(89, 12, 1159)
(89, 11, 5300)
(89, 37, 4507)
(89, 53, 2032)
(89, 3, 1566)
(89, 44, 6058)
(89, 18, 4435)
(89, 36, 7518)
(89, 70, 4504)
(89, 20, 2970)
(89, 56, 8733)
(89, 63, 10137)
(89, 40, 8062)
(89, 29, 3452)
(89, 86, 860)
(89, 88, 465)
(89, 34, 9520)
(89, 48, 12246)
(89, 25, 3151)
(89, 28, 9075)
(89, 64, 1225)
(89, 41, 1964)
(89, 58, 7244)
(89, 5, 3001)
(89, 33, 14120)
(89, 74, 13268)
(89, 68, 9016)
(89, 15, 14434)
(89, 13, 3625)
(89, 61, 5752)
(89, 82, 2158)
(89, 60, 214)
(89, 79, 8491)
(89, 24, 1771)
(89, 21, 14864)
(89, 19, 13827)
(90, 20, 14448)
(90, 87, 7566)
(90, 25, 8726)
(90, 54, 14218)
(90, 38, 11395)
(90, 42, 1029)
(90, 89, 10304)
(90, 64, 928)
(90, 7, 12381)
(90, 70, 13852)
(90, 39, 6102)
(90, 9, 10540)
(90, 48, 619)
(91, 70, 3849)
(91, 53, 1248)
(91, 82, 9456)
(91, 66, 8171)
(91, 17, 2629)
(91, 31, 6810)
(91, 77, 12527)
(91, 46, 5550)
(91, 0, 3592)
(91, 38, 12606)
(91, 80, 3474)
(91, 83, 5948)
(91, 5, 7609)
(91, 44, 4959)
(91, 40, 14959)
(91, 73, 10634)
(91, 34, 9887)
(91, 90, 6621)
(91, 88, 9871)
(91, 49, 6074)
(91, 4, 10217)
(91, 59, 8470)
(91, 79, 13226)
(91, 12, 5899)
(91, 30, 7587)
(91, 67, 5860)
(91, 86, 14885)
(91, 58, 1283)
(91, 89, 2293)
(91, 36, 13501)
(91, 6, 8937)
(91, 54, 3320)
(91, 23, 2525)
(91, 29, 8126)
(91, 76, 14227)
(91, 18, 8946)
(91, 52, 4424)
(91, 78, 5309)
(91, 60, 6159)
(91, 57, 11559)
(91, 55, 7038)
(91, 9, 11564)
(91, 45, 2502)
(91, 1, 13242)
(91, 62, 7814)
(91, 47, 5255)
(91, 61, 6197)
(91, 3, 13150)
(91, 85, 10795)
(91, 20, 8770)
(91, 32, 8887)
(91, 84, 1802)
(91, 81, 3353)
(91, 24, 3124)
(91, 68, 8988)
(91, 39, 8453)
(91, 37, 4225)
(91, 22, 303)
(91, 7, 8884)
(91, 2, 11329)
(91, 69, 10062)
(91, 87, 176)
(91, 71, 6416)
(91, 21, 6840)
(91, 27, 10407)
(91, 14, 1251)
(91, 13, 1206)
(91, 11, 5635)
(91, 51, 11252)
(91, 16, 8616)
(91, 28, 11944)
(91, 63, 11873)
(91, 10, 9521)
(91, 33, 14399)
(91, 65, 2284)
(91, 19, 9310)
(91, 43, 178)
(91, 25, 6908)
(92, 21, 4669)
(92, 71, 3725)
(92, 74, 14450)
(92, 50, 9488)
(92, 76, 3143)
(92, 88, 12038)
(92, 10, 6081)
(92, 29, 14262)
(92, 73, 1510)
(92, 20, 12134)
(92, 84, 4545)
(92, 52, 4274)
(92, 75, 14763)
(92, 91, 5222)
(92, 17, 2667)
(92, 34, 7547)
(92, 86, 6334)
(92, 48, 13133)
(92, 53, 7872)
(92, 33, 12067)
(92, 43, 7889)
(92, 36, 11554)
(92, 57, 5495)
(92, 32, 1951)
(92, 64, 9426)
(92, 12, 7170)
(92, 66, 2338)
(92, 39, 6070)
(92, 62, 59)
(92, 56, 4790)
(92, 47, 6092)
(92, 7, 5393)
(92, 8, 5593)
(92, 90, 5471)
(92, 87, 701)
(92, 35, 7182)
(92, 6, 4548)
(92, 82, 3724)
(92, 51, 6136)
(92, 26, 10608)
(92, 40, 5844)
(92, 54, 11475)
(92, 11, 9279)
(92, 80, 3570)
(92, 67, 3434)
(92, 44, 737)
(92, 15, 2954)
(92, 28, 8314)
(92, 2, 3842)
(92, 1, 1774)
(92, 70, 10893)
(92, 9, 86)
(92, 45, 7026)
(92, 16, 12871)
(92, 27, 8927)
(92, 69, 8389)
(92, 72, 3713)
(92, 65, 669)
(92, 4, 11758)
(92, 89, 2002)
(92, 25, 4423)
(92, 79, 12690)
(92, 3, 4511)
(92, 42, 11339)
(92, 63, 12763)
(93, 24, 10125)
(93, 51, 9572)
(93, 35, 5308)
(93, 92, 4516)
(93, 26, 14756)
(93, 25, 8603)
(93, 21, 12404)
(93, 40, 12279)
(93, 53, 1790)
(93, 75, 12597)
(93, 30, 11385)
(93, 15, 2427)
(93, 41, 9038)
(93, 90, 7737)
(93, 44, 14686)
(93, 28, 9982)
(93, 18, 5992)
(93, 9, 9877)
(93, 19, 14761)
(93, 6, 2309)
(93, 80, 1142)
(93, 74, 11782)
(93, 60, 5275)
(93, 23, 12130)
(93, 72, 3951)
(93, 39, 9339)
(93, 17, 1858)
(93, 5, 3616)
(93, 33, 12745)
(93, 8, 12853)
(93, 70, 2140)
(93, 61, 5219)
(93, 73, 11582)
(93, 65, 10079)
(93, 88, 14274)
(93, 55, 13460)
(93, 89, 9298)
(93, 11, 12165)
(93, 57, 12702)
(93, 54, 7542)
(93, 84, 7908)
(93, 29, 3081)
(93, 66, 3038)
(93, 10, 1998)
(93, 46, 12253)
(93, 62, 9168)
(93, 81, 439)
(93, 82, 2487)
(93, 63, 2312)
(93, 50, 3407)
(93, 76, 5967)
(93, 36, 9079)
(93, 64, 2894)
(93, 59, 11139)
(93, 78, 5601)
(93, 7, 11482)
(93, 77, 12360)
(93, 37, 1084)
(93, 2, 8831)
(93, 45, 11051)
(93, 22, 6752)
(93, 0, 2758)
(93, 14, 411)
(93, 16, 188)
(93, 68, 4206)
(93, 69, 13561)
(93, 1, 2877)
(94, 60, 6653)
(94, 72, 3827)
(94, 89, 14681)
(94, 54, 4466)
(94, 16, 11220)
(94, 15, 6368)
(94, 87, 14759)
(94, 50, 6339)
(94, 30, 10801)
(94, 73, 7813)
(94, 53, 10885)
(94, 86, 9026)
(94, 11, 13062)
(94, 81, 11341)
(94, 68, 2760)
(94, 13, 13966)
(94, 91, 563)
(94, 1, 12323)
(94, 57, 14096)
(94, 39, 1504)
(94, 52, 368)
(94, 18, 5543)
(94, 84, 3577)
(94, 63, 1043)
(94, 74, 9843)
(94, 33, 385)
(94, 44, 2215)
(94, 49, 9395)
(94, 5, 1193)
(94, 43, 3255)
(94, 14, 14561)
(94, 82, 13338)
(94, 9, 5063)
(94, 35, 13887)
(94, 19, 8290)
(94, 8, 5910)
(94, 32, 3635)
(94, 2, 4440)
(94, 21, 3049)
(94, 80, 12913)
(94, 24, 2880)
(94, 47, 12472)
(94, 83, 5795)
(94, 3, 1711)
(94, 77, 12411)
(94, 41, 5523)
(94, 70, 2343)
(94, 66, 1674)
(94, 67, 10467)
(94, 71, 12353)
(94, 59, 9817)
(94, 36, 132)
(94, 6, 12410)
(94, 7, 12711)
(94, 56, 1167)
(94, 64, 1174)
(94, 61, 8916)
(94, 29, 14082)
(94, 79, 7461)
(94, 78, 5619)
(94, 62, 10701)
(94, 26, 11423)
(94, 27, 8420)
(95, 38, 7734)
(95, 14, 5537)
(95, 86, 3019)
(95, 78, 9417)
(95, 2, 698)
(95, 0, 8201)
(95, 7, 14644)
(95, 94, 8802)
(95, 52, 2903)
(95, 83, 4335)
(95, 54, 3343)
(95, 81, 8955)
(95, 89, 949)
(95, 4, 8007)
(95, 19, 6973)
(96, 49, 5064)
(96, 59, 13172)
(96, 58, 13304)
(96, 47, 5136)
(96, 74, 7105)
(96, 37, 2969)
(96, 29, 8212)
(96, 83, 6302)
(96, 85, 10513)
(96, 75, 13683)
(96, 91, 2547)
(96, 23, 1401)
(96, 86, 14577)
(96, 52, 11122)
(96, 35, 14242)
(96, 5, 7279)
(96, 12, 200)
(96, 17, 10503)
(96, 27, 8796)
(96, 55, 3449)
(96, 24, 14714)
(96, 93, 9154)
(96, 18, 3974)
(96, 30, 5516)
(96, 48, 3817)
(96, 82, 14725)
(96, 8, 12590)
(96, 3, 14749)
(96, 14, 12094)
(96, 25, 7888)
(96, 71, 13072)
(96, 11, 11149)
(96, 15, 1352)
(96, 60, 2968)
(96, 10, 14729)
(96, 64, 1339)
(96, 1, 5633)
(96, 72, 14013)
(96, 50, 12714)
(96, 28, 9231)
(96, 22, 13084)
(96, 90, 681)
(96, 53, 976)
(96, 21, 4282)
(96, 61, 13249)
(96, 40, 13699)
(96, 19, 162)
(96, 73, 14396)
(96, 16, 4881)
(96, 79, 12024)
(96, 57, 4812)
(96, 7, 5845)
(96, 88, 5987)
(96, 20, 1855)
(96, 32, 7425)
(96, 2, 7204)
(96, 94, 1980)
(96, 76, 13107)
(96, 9, 5435)
(96, 77, 3417)
(96, 51, 7128)
(96, 87, 8556)
(96, 6, 9201)
(96, 43, 8469)
(96, 62, 7945)
(96, 42, 10039)
(96, 68, 8698)
(96, 33, 4369)
(96, 84, 8941)
(96, 41, 7905)
(96, 38, 9676)
(96, 66, 13787)
(96, 44, 5171)
(96, 78, 9580)
(96, 54, 828)
(96, 36, 5356)
(96, 39, 1310)
(96, 69, 12173)
(96, 80, 14949)
(96, 63, 4705)
(96, 0, 8714)
(96, 70, 5350)
(96, 89, 10320)
(96, 31, 5727)
(96, 65, 2735)
(96, 92, 3989)
(96, 26, 6568)
(96, 81, 11656)
(96, 67, 3687)
(96, 34, 3473)
(96, 46, 5216)
(97, 88, 3960)
(97, 93, 14365)
(97, 23, 14499)
(97, 81, 13717)
(97, 78, 12670)
(97, 92, 9500)
(97, 25, 9783)
(97, 51, 4742)
(97, 96, 273)
(97, 4, 673)
(97, 62, 10148)
(97, 69, 6968)
(97, 22, 7179)
(97, 27, 8422)
(97, 28, 9884)
(97, 80, 1937)
(97, 75, 8316)
(97, 58, 12320)
(97, 36, 10656)
(97, 12, 4631)
(97, 15, 2843)
(97, 19, 12503)
(97, 41, 12902)
(97, 91, 542)
(98, 96, 10498)
(98, 82, 2654)
(98, 63, 4764)
(98, 94, 4016)
(98, 14, 5964)
(98, 92, 6049)
(98, 51, 11892)
(98, 55, 11956)
(99, 83, 3209)
(99, 0, 14786)
(100, 56, 5037)
(100, 38, 4673)
(100, 20, 14118)
(100, 71, 12942)
(100, 30, 4551)
(100, 51, 14516)
(100, 91, 9160)
(100, 19, 1005)
(100, 73, 4832)
(100, 87, 12607)
(100, 79, 8488)
(100, 34, 11516)
(101, 2, 2247)
(101, 68, 7006)
(101, 52, 4910)
(101, 85, 3700)
(101, 64, 11733)
(101, 72, 4975)
(101, 46, 5147)
(101, 23, 10041)
(101, 20, 8231)
(101, 35, 6120)
(101, 71, 967)
(101, 88, 2633)
(101, 34, 2841)
(101, 24, 10486)
(101, 36, 7494)
(101, 73, 6529)
(101, 83, 994)
(101, 6, 1431)
(101, 45, 1451)
(101, 90, 6598)
(101, 60, 643)
(101, 59, 5364)
(101, 8, 7600)
(101, 75, 2664)
(101, 89, 6875)
(101, 7, 13255)
(101, 10, 4969)
(101, 58, 9399)
(101, 62, 11081)
(101, 48, 4506)
(101, 42, 7738)
(101, 44, 9025)
(101, 63, 5584)
(101, 22, 2444)
(101, 50, 7380)
(101, 43, 11140)
(101, 95, 9702)
(101, 27, 9967)
(101, 51, 5387)
(101, 76, 11886)
(101, 30, 7234)
(101, 1, 6301)
(101, 84, 10581)
(101, 70, 9793)
(101, 81, 8034)
(101, 21, 12299)
(101, 0, 11142)
(101, 28, 7127)
(101, 91, 12060)
(101, 99, 2506)
(101, 92, 4935)
(101, 32, 8359)
(101, 94, 6238)
(101, 49, 952)
(101, 78, 13396)
(101, 11, 3012)
(101, 86, 12973)
(101, 61, 1325)
(101, 29, 5239)
(101, 47, 910)
(101, 16, 12669)
(101, 98, 11325)
(102, 49, 7468)
(102, 67, 11045)
(102, 44, 1082)
(102, 92, 1277)
(102, 6, 2279)
(102, 95, 7513)
(102, 83, 844)
(102, 51, 8495)
(102, 34, 12610)
(102, 32, 7997)
(102, 17, 118)
(102, 74, 3985)
(102, 75, 1925)
(102, 94, 3519)
(102, 18, 8758)
(102, 65, 11489)
(102, 21, 1629)
(102, 39, 5440)
(102, 5, 9511)
(102, 62, 9669)
(102, 22, 14736)
(102, 88, 1178)
(102, 64, 9255)
(102, 80, 13313)
(102, 4, 4783)
(102, 50, 3430)
(102, 31, 14410)
(102, 77, 2921)
(102, 72, 2656)
(102, 11, 7684)
(102, 8, 13222)
(102, 61, 9518)
(102, 14, 13568)
(102, 59, 5747)
(102, 91, 6481)
(102, 10, 10198)
(102, 99, 12523)
(102, 20, 12747)
(102, 81, 820)
(102, 3, 3705)
(102, 42, 5)
(102, 16, 13715)
(102, 33, 981)
(102, 53, 7180)
(102, 69, 42)
(102, 58, 859)
(102, 29, 5249)
(102, 56, 1290)
(102, 47, 13248)
(102, 101, 7023)
(102, 2, 7274)
(102, 96, 1407)
(102, 35, 9709)
(102, 0, 13771)
(102, 40, 11318)
(102, 78, 3375)
(102, 19, 2092)
(102, 89, 4683)
(102, 93, 2515)
(102, 15, 12829)
(102, 86, 7462)
(102, 70, 7444)
(102, 26, 8822)
(102, 9, 5335)
(102, 37, 1626)
(102, 60, 14478)
(102, 41, 1837)
(102, 36, 10439)
(102, 84, 12533)
(102, 28, 3948)
(102, 97, 260)
(102, 87, 2402)
(102, 68, 5576)
(102, 25, 5728)
(102, 12, 10215)
(102, 76, 5832)
(102, 71, 6594)
(102, 98, 13073)
(102, 57, 1330)
(102, 85, 206)
(102, 7, 5600)
(102, 23, 3089)
(102, 30, 5486)
(102, 55, 13861)
(102, 82, 7816)
(102, 100, 296)
(102, 46, 6377)
(102, 63, 2996)
(102, 73, 14672)
(103, 41, 4212)
(103, 53, 3485)
(103, 11, 1032)
(103, 86, 836)
(103, 73, 7745)
(103, 67, 3360)
(103, 46, 5613)
(103, 38, 11897)
(103, 82, 8511)
(103, 96, 14087)
(103, 61, 2650)
(103, 102, 12562)
(103, 94, 11018)
(103, 79, 5509)
(103, 99, 3533)
(103, 88, 7615)
(103, 10, 6403)
(103, 6, 10317)
(103, 78, 6269)
(103, 49, 12029)
(103, 63, 12422)
(103, 57, 8174)
(103, 35, 7331)
(103, 101, 9642)
(103, 15, 10751)
(103, 23, 8530)
(103, 56, 3074)
(103, 2, 1163)
(103, 66, 4508)
(103, 26, 5673)
(103, 95, 12063)
(103, 87, 1205)
(103, 19, 9022)
(103, 18, 7103)
(103, 75, 10810)
(103, 12, 12754)
(103, 72, 12564)
(103, 100, 10423)
(103, 93, 9903)
(103, 42, 9103)
(103, 1, 9260)
(103, 89, 12123)
(103, 7, 3288)
(104, 97, 3504)
(104, 57, 4484)
(105, 12, 14898)
(105, 23, 12641)
(105, 41, 9923)
(105, 65, 11827)
(105, 73, 11830)
(105, 9, 4904)
(105, 33, 9743)
(105, 6, 1886)
(105, 37, 2671)
(105, 46, 1217)
(105, 5, 1065)
(105, 93, 306)
(105, 61, 13160)
(105, 101, 2470)
(105, 1, 1569)
(105, 32, 9470)
(105, 91, 11226)
(105, 63, 14081)
(105, 59, 9636)
(105, 29, 4141)
(105, 7, 1784)
(105, 98, 14639)
(105, 82, 12881)
(105, 21, 758)
(105, 85, 4509)
(105, 18, 11738)
(105, 77, 13984)
(105, 86, 13277)
(105, 42, 9892)
(105, 56, 7680)
(105, 34, 14903)
(105, 25, 5370)
(105, 60, 7716)
(105, 84, 11919)
(105, 103, 6923)
(105, 22, 5352)
(105, 72, 2958)
(105, 52, 6970)
(105, 26, 13294)
(105, 45, 1280)
(105, 104, 7988)
(105, 87, 6411)
(105, 19, 6498)
(105, 67, 6019)
(105, 71, 12121)
(105, 24, 3675)
(105, 30, 6790)
(105, 3, 10563)
(105, 99, 3499)
(105, 48, 8850)
(105, 96, 3490)
(105, 57, 8608)
(105, 81, 3557)
(105, 97, 8190)
(105, 35, 6313)
(105, 17, 8747)
(105, 68, 9643)
(105, 88, 11573)
(105, 20, 375)
(105, 95, 12735)
(105, 74, 5059)
(105, 54, 14095)
(105, 39, 4076)
(105, 64, 12994)
(105, 69, 10974)
(105, 50, 4223)
(105, 62, 6227)
(105, 94, 11536)
(105, 70, 12915)
(105, 8, 11983)
(106, 50, 1111)
(106, 90, 7845)
(106, 71, 6298)
(106, 4, 10194)
(106, 31, 12362)
(106, 26, 6572)
(106, 88, 9638)
(106, 20, 7081)
(106, 33, 11823)
(106, 18, 3253)
(106, 28, 11146)
(106, 53, 8834)
(106, 39, 13892)
(106, 34, 10000)
(106, 48, 6961)
(106, 93, 9270)
(106, 75, 11941)
(106, 68, 10413)
(106, 22, 5473)
(106, 14, 9248)
(106, 8, 14100)
(106, 15, 492)
(106, 78, 2794)
(106, 13, 8817)
(106, 58, 10002)
(106, 70, 6745)
(106, 25, 2374)
(106, 98, 4168)
(106, 54, 4535)
(106, 38, 9069)
(106, 96, 14793)
(106, 81, 8538)
(106, 30, 5130)
(106, 35, 12318)
(106, 17, 9994)
(106, 91, 2949)
(106, 5, 14943)
(106, 44, 2432)
(106, 87, 2931)
(106, 104, 9775)
(106, 64, 13940)
(106, 72, 8187)
(106, 55, 5999)
(106, 11, 11028)
(106, 43, 4896)
(106, 66, 11750)
(106, 21, 4794)
(106, 10, 8120)
(106, 85, 3200)
(106, 45, 10112)
(106, 16, 4818)
(106, 76, 13731)
(106, 42, 12142)
(106, 100, 7773)
(107, 16, 5716)
(107, 56, 1929)
(107, 85, 10772)
(107, 50, 1063)
(107, 26, 2523)
(107, 69, 14696)
(107, 52, 3740)
(107, 104, 6886)
(107, 93, 13837)
(107, 70, 3884)
(107, 90, 3366)
(107, 64, 2034)
(107, 31, 2829)
(107, 48, 8766)
(107, 4, 12730)
(107, 38, 9387)
(107, 59, 5399)
(107, 61, 459)
(107, 72, 5864)
(107, 75, 1103)
(107, 105, 9833)
(107, 106, 9720)
(107, 58, 6026)
(107, 34, 8917)
(107, 13, 2054)
(107, 97, 4463)
(107, 80, 7741)
(107, 51, 7655)
(107, 60, 14406)
(107, 73, 14046)
(107, 10, 5139)
(107, 79, 14801)
(107, 94, 4297)
(107, 95, 10586)
(107, 89, 8083)
(108, 95, 12844)
(108, 33, 4387)
(108, 16, 11286)
(108, 36, 1614)
(108, 92, 4066)
(108, 86, 11959)
(108, 98, 2026)
(108, 101, 9494)
(108, 99, 11296)
(108, 63, 659)
(109, 0, 13446)
(109, 49, 2648)
(109, 88, 832)
(109, 58, 9337)
(109, 78, 2781)
(109, 8, 5493)
(109, 72, 2724)
(109, 45, 6871)
(109, 22, 8814)
(109, 40, 14009)
(109, 34, 3655)
(109, 103, 2897)
(109, 100, 14641)
(109, 61, 10572)
(109, 69, 6654)
(109, 83, 1733)
(109, 99, 13768)
(109, 50, 10025)
(109, 15, 12336)
(109, 108, 8048)
(109, 31, 7229)
(109, 5, 2961)
(109, 51, 5128)
(109, 36, 5638)
(109, 80, 5217)
(109, 24, 7993)
(109, 3, 6046)
(109, 29, 14349)
(109, 19, 12245)
(109, 92, 10579)
(109, 47, 10659)
(109, 94, 2044)
(109, 21, 14853)
(109, 41, 5551)
(109, 17, 3868)
(109, 98, 3385)
(109, 39, 10313)
(109, 67, 13035)
(109, 20, 4427)
(109, 53, 6501)
(109, 48, 5622)
(109, 65, 2988)
(109, 79, 1627)
(109, 104, 10502)
(109, 101, 11123)
(109, 28, 2811)
(109, 105, 2800)
(109, 91, 7488)
(109, 16, 13192)
(109, 18, 14838)
(109, 46, 14660)
(109, 64, 7636)
(109, 42, 12263)
(109, 56, 705)
(109, 102, 11849)
(109, 9, 13215)
(109, 89, 2675)
(109, 62, 13931)
(109, 38, 12052)
(109, 82, 14416)
(109, 7, 9379)
(109, 6, 6274)
(109, 27, 9608)
(109, 87, 6957)
(109, 32, 11440)
(109, 2, 3702)
(109, 37, 1544)
(109, 55, 9946)
(109, 107, 5582)
(109, 86, 7222)
(109, 59, 2887)
(109, 33, 13795)
(109, 4, 6555)
(109, 52, 8128)
(109, 23, 12207)
(109, 14, 8951)
(109, 76, 2095)
(109, 57, 1661)
(109, 43, 12834)
(109, 71, 7827)
(109, 70, 14891)
(109, 85, 246)
(109, 63, 9364)
(109, 96, 6732)
(109, 84, 5031)
(109, 75, 5893)
(109, 35, 13663)
(109, 25, 6982)
(109, 95, 14442)
(109, 97, 4412)
(109, 60, 9481)
(109, 90, 11981)
(110, 107, 3454)
(110, 14, 6267)
(110, 10, 6445)
(110, 38, 1942)
(110, 91, 8367)
(110, 104, 14728)
(110, 70, 1455)
(110, 39, 8614)
(110, 9, 522)
(110, 40, 1767)
(110, 60, 5225)
(110, 69, 9479)
(110, 52, 13964)
(110, 62, 12892)
(110, 77, 9805)
(110, 32, 3841)
(110, 81, 9346)
(110, 7, 1426)
(110, 76, 6297)
(110, 24, 3168)
(110, 85, 538)
(110, 58, 14232)
(110, 0, 9289)
(110, 94, 5117)
(110, 99, 5126)
(110, 22, 4773)
(110, 2, 7778)
(110, 33, 4194)
(110, 93, 4262)
(110, 73, 6451)
(110, 103, 6656)
(110, 31, 13513)
(110, 66, 79)
(110, 100, 7419)
(110, 44, 8820)
(110, 86, 3192)
(110, 71, 457)
(110, 92, 6150)
(110, 105, 6148)
(110, 78, 2004)
(110, 25, 1186)
(110, 87, 8423)
(110, 74, 8753)
(110, 20, 3826)
(110, 61, 6146)
(110, 57, 636)
(110, 65, 2519)
(110, 36, 10271)
(110, 43, 6348)
(110, 30, 10543)
(110, 47, 3431)
(110, 84, 1820)
(110, 80, 2326)
(110, 1, 3821)
(110, 64, 7962)
(110, 101, 5264)
(110, 95, 9524)
(110, 88, 11625)
(110, 79, 11456)
(110, 50, 5937)
(110, 37, 8370)
(110, 89, 5552)
(110, 108, 12866)
(110, 21, 8858)
(110, 97, 7290)
(110, 96, 10147)
(110, 16, 10954)
(110, 56, 232)
(110, 19, 3840)
(110, 29, 14183)
(110, 26, 17)
(110, 49, 10966)
(110, 63, 3617)
(110, 4, 765)
(110, 75, 11208)
(110, 67, 9102)
(110, 55, 8828)
(110, 54, 3876)
(110, 51, 10163)
(111, 52, 9418)
(111, 94, 3222)
(111, 25, 8460)
(111, 68, 4868)
(111, 24, 5612)
(111, 29, 4727)
(111, 78, 10345)
(111, 27, 6045)
(111, 74, 13554)
(111, 33, 595)
(111, 42, 14527)
(111, 55, 5515)
(111, 63, 7883)
(111, 51, 7482)
(111, 5, 3798)
(111, 108, 399)
(112, 22, 8441)
(112, 54, 14769)
(112, 86, 13718)
(112, 9, 11378)
(112, 104, 3128)
(112, 111, 9701)
(112, 6, 2367)
(112, 55, 5359)
(112, 31, 4745)
(112, 63, 10753)
(112, 89, 11765)
(112, 53, 12618)
(112, 28, 1934)
(112, 82, 9872)
(112, 58, 8041)
(112, 102, 14798)
(112, 91, 14574)
(112, 26, 6532)
(112, 61, 11652)
(112, 20, 1472)
(112, 17, 7790)
(112, 62, 4334)
(112, 3, 5517)
(112, 49, 4581)
(112, 35, 1011)
(112, 0, 5227)
(112, 48, 10794)
(112, 38, 5133)
(112, 5, 9397)
(112, 36, 233)
(112, 51, 4205)
(112, 90, 2372)
(112, 64, 6391)
(112, 100, 12228)
(112, 34, 11572)
(112, 101, 1170)
(112, 67, 13932)
(112, 78, 405)
(112, 74, 8331)
(112, 1, 12909)
(112, 81, 8997)
(112, 27, 7363)
(112, 110, 10287)
(112, 56, 4294)
(112, 97, 10395)
(112, 47, 2761)
(112, 41, 1432)
(112, 85, 1643)
(112, 43, 7854)
(112, 83, 10430)
(112, 65, 14214)
(112, 88, 3898)
(112, 109, 4025)
(112, 13, 3615)
(112, 98, 11350)
(112, 60, 1466)
(112, 24, 9873)
(112, 7, 5713)
(112, 40, 6888)
(112, 50, 8712)
(112, 106, 9390)
(112, 99, 9330)
(112, 14, 10473)
(112, 66, 804)
(112, 107, 2181)
(112, 39, 4820)
(112, 11, 9161)
(112, 80, 7216)
(112, 19, 11683)
(112, 73, 3866)
(112, 71, 1908)
(112, 72, 3014)
(112, 46, 11980)
(112, 52, 1972)
(112, 94, 2230)
(112, 2, 6387)
(112, 69, 2414)
(112, 29, 13478)
(112, 42, 3054)
(112, 96, 2655)
(112, 18, 9402)
(112, 76, 2886)
(112, 93, 10191)
(112, 12, 12084)
(112, 87, 1863)
(112, 108, 2412)
(112, 84, 1098)
(112, 70, 6744)
(112, 95, 13493)
(112, 23, 11728)
(112, 59, 13781)
(112, 33, 2442)
(112, 68, 9461)
(112, 103, 645)
(112, 16, 588)
(112, 30, 14919)
(112, 44, 5419)
(112, 57, 6788)
(112, 25, 6196)
(112, 105, 9762)
(112, 15, 11279)
(112, 21, 10793)
(112, 92, 3690)
(112, 37, 8101)
(112, 75, 7837)
(112, 79, 14800)
(113, 51, 11995)
(113, 49, 7640)
(113, 77, 6921)
(113, 14, 12802)
(113, 52, 10600)
(113, 96, 12456)
(113, 57, 3680)
(113, 71, 8973)
(113, 15, 2307)
(113, 84, 4413)
(113, 7, 14409)
(113, 106, 7057)
(113, 100, 12591)
(113, 43, 4147)
(113, 79, 12443)
(113, 39, 12452)
(113, 53, 8459)
(113, 46, 12240)
(113, 97, 11768)
(113, 6, 8042)
(113, 93, 2812)
(113, 48, 4306)
(113, 47, 1363)
(113, 58, 6185)
(113, 105, 6167)
(113, 99, 1888)
(113, 22, 9384)
(113, 16, 12092)
(113, 45, 12847)
(113, 102, 6864)
(113, 78, 2561)
(113, 18, 3122)
(113, 76, 3645)
(113, 62, 6463)
(113, 33, 3223)
(113, 0, 11736)
(113, 31, 6000)
(113, 55, 278)
(113, 32, 14779)
(113, 98, 8100)
(114, 67, 5527)
(114, 33, 6084)
(114, 76, 14161)
(114, 92, 1478)
(114, 52, 10607)
(114, 13, 6903)
(114, 62, 3329)
(114, 40, 10589)
(114, 109, 12482)
(114, 24, 13389)
(114, 34, 3987)
(114, 30, 7022)
(114, 29, 11280)
(114, 18, 4046)
(114, 89, 5885)
(114, 90, 8362)
(114, 21, 14784)
(114, 79, 14684)
(114, 99, 13709)
(114, 16, 391)
(114, 97, 9582)
(114, 95, 2592)
(114, 63, 174)
(114, 105, 8408)
(114, 20, 7159)
(114, 2, 9714)
(114, 37, 9910)
(114, 71, 7301)
(114, 81, 4889)
(114, 15, 7126)
(114, 0, 11717)
(114, 77, 6540)
(114, 73, 2039)
(114, 4, 3796)
(114, 107, 14132)
(114, 84, 3282)
(114, 51, 1543)
(114, 10, 10518)
(114, 39, 9588)
(114, 98, 1793)
(114, 110, 13868)
(114, 85, 8223)
(114, 91, 1866)
(114, 12, 10453)
(114, 56, 5016)
(114, 57, 5699)
(114, 54, 9522)
(114, 61, 8539)
(114, 7, 682)
(114, 14, 13339)
(114, 28, 7672)
(114, 45, 789)
(114, 80, 9375)
(114, 58, 129)
(114, 44, 3160)
(114, 5, 12708)
(114, 6, 9694)
(114, 93, 5257)
(114, 70, 11772)
(114, 26, 339)
(114, 96, 12959)
(114, 36, 2500)
(114, 102, 9082)
(114, 69, 475)
(114, 23, 4417)
(114, 60, 6080)
(114, 50, 14916)
(114, 46, 5365)
(114, 38, 5911)
(115, 19, 1231)
(115, 50, 4690)
(115, 1, 11781)
(115, 45, 11530)
(115, 98, 1752)
(115, 68, 7076)
(115, 58, 2992)
(115, 30, 8705)
(115, 111, 2434)
(115, 55, 7152)
(115, 102, 13410)
(115, 112, 8121)
(115, 86, 5439)
(115, 26, 3765)
(115, 95, 9388)
(115, 78, 5004)
(115, 67, 8548)
(115, 34, 9407)
(115, 48, 10750)
(115, 11, 2040)
(115, 88, 11244)
(115, 24, 9056)
(115, 38, 8857)
(115, 106, 7032)
(115, 73, 2736)
(115, 4, 14184)
(115, 18, 4608)
(115, 107, 12193)
(115, 33, 6798)
(115, 56, 8627)
(115, 64, 13400)
(115, 60, 3933)
(115, 92, 12032)
(115, 47, 7271)
(115, 94, 3110)
(115, 22, 7460)
(115, 96, 10344)
(115, 10, 3244)
(115, 77, 776)
(115, 52, 8096)
(115, 41, 4556)
(115, 28, 1064)
(115, 12, 13808)
(115, 61, 8598)
(115, 103, 14431)
(115, 9, 13384)
(115, 99, 3910)
(115, 2, 9961)
(115, 101, 5291)
(115, 57, 2108)
(115, 51, 4979)
(115, 44, 8289)
(115, 54, 10261)
(115, 69, 9681)
(115, 62, 10641)
(115, 49, 14292)
(115, 46, 7093)
(115, 76, 6367)
(115, 23, 7611)
(115, 100, 4541)
(115, 84, 12758)
(115, 8, 11505)
(115, 40, 177)
(115, 6, 13450)
(115, 110, 4629)
(115, 14, 11101)
(115, 108, 2110)
(115, 0, 9396)
(115, 80, 185)
(115, 75, 8317)
(115, 90, 684)
(115, 16, 6606)
(115, 15, 9008)
(115, 36, 1521)
(115, 27, 13951)
(115, 85, 1452)
(116, 70, 3632)
(116, 97, 5510)
(116, 77, 7543)
(116, 22, 3005)
(116, 76, 757)
(116, 37, 11294)
(116, 92, 13915)
(116, 72, 8633)
(116, 79, 4687)
(116, 113, 3813)
(116, 60, 2976)
(116, 68, 9563)
(116, 31, 8892)
(116, 5, 9091)
(116, 83, 5737)
(116, 29, 7533)
(116, 12, 3497)
(116, 47, 6022)
(116, 36, 14619)
(116, 27, 6746)
(116, 73, 2266)
(116, 2, 2425)
(116, 20, 14102)
(116, 96, 8352)
(116, 102, 201)
(116, 103, 10189)
(116, 44, 1234)
(116, 48, 6690)
(116, 75, 11713)
(116, 23, 12406)
(116, 32, 5917)
(116, 56, 923)
(116, 61, 1149)
(116, 100, 12897)
(116, 28, 2820)
(116, 58, 3831)
(116, 40, 10555)
(116, 107, 3175)
(116, 80, 13135)
(116, 8, 6624)
(116, 106, 5313)
(116, 67, 12484)
(116, 24, 5050)
(116, 91, 11612)
(116, 38, 2439)
(116, 108, 6655)
(116, 57, 7880)
(116, 71, 10425)
(116, 15, 6890)
(116, 16, 11723)
(116, 82, 5446)
(116, 11, 14616)
(116, 50, 5231)
(116, 64, 558)
(116, 53, 6293)
(116, 94, 11694)
(116, 84, 1827)
(116, 34, 4635)
(116, 17, 3441)
(116, 59, 4984)
(116, 18, 12746)
(116, 69, 9559)
(116, 95, 10864)
(116, 110, 1197)
(116, 49, 2599)
(116, 74, 1579)
(116, 14, 2576)
(116, 41, 9089)
(116, 87, 12251)
(116, 89, 1141)
(116, 30, 9030)
(116, 13, 2135)
(116, 54, 3861)
(116, 88, 6184)
(116, 114, 7534)
(116, 1, 5931)
(117, 10, 571)
(117, 17, 5500)
(117, 95, 13229)
(117, 59, 6486)
(117, 91, 4587)
(117, 54, 9237)
(117, 92, 523)
(117, 0, 7440)
(117, 7, 7291)
(117, 86, 12912)
(117, 80, 11611)
(117, 36, 9569)
(117, 51, 14771)
(117, 104, 13743)
(117, 110, 11002)
(117, 58, 5261)
(117, 60, 7255)
(117, 77, 10012)
(117, 55, 13927)
(117, 46, 777)
(117, 90, 12677)
(118, 39, 7484)
(118, 60, 7585)
(118, 21, 11998)
(118, 35, 1954)
(118, 3, 2620)
(118, 74, 1105)
(118, 38, 11225)
(118, 93, 7771)
(118, 52, 3623)
(118, 55, 11205)
(118, 17, 12811)
(118, 11, 1715)
(118, 89, 12093)
(118, 83, 11634)
(118, 107, 5104)
(118, 91, 13653)
(119, 42, 6889)
(119, 55, 10626)
(119, 74, 10397)
(119, 95, 1971)
(119, 40, 6496)
(119, 39, 12713)
(119, 108, 4949)
(119, 38, 12984)
(119, 67, 2071)
(119, 75, 2942)
(119, 83, 8188)
(120, 118, 1332)
(120, 117, 5491)
(120, 25, 13633)
(120, 80, 345)
(120, 66, 13395)
(120, 29, 8013)
(120, 71, 1293)
(120, 22, 8583)
(120, 37, 9954)
(120, 16, 5597)
(120, 3, 10788)
(120, 78, 5530)
(120, 9, 9501)
(120, 32, 11839)
(120, 10, 12583)
(120, 11, 8323)
(120, 89, 9552)
(120, 2, 1246)
(120, 76, 8435)
(120, 61, 5124)
(120, 14, 2322)
(120, 40, 9493)
(120, 39, 3218)
(120, 110, 7365)
(120, 96, 3468)
(120, 81, 7002)
(120, 43, 12828)
(120, 106, 5963)
(120, 64, 14179)
(120, 91, 11199)
(120, 111, 8765)
(120, 86, 6110)
(120, 19, 4138)
(120, 53, 652)
(120, 84, 9652)
(120, 44, 5167)
(120, 70, 13638)
(120, 68, 691)
(120, 119, 5919)
(120, 33, 8599)
(120, 5, 2193)
(120, 113, 1960)
(120, 45, 4022)
(120, 0, 3065)
(120, 74, 3994)
(120, 79, 7783)
(120, 8, 4200)
(120, 51, 2203)
(120, 97, 8576)
(120, 54, 5018)
(120, 114, 7238)
(120, 116, 2858)
(120, 28, 10387)
(120, 57, 2369)
(120, 72, 11418)
(120, 77, 582)
(120, 105, 4624)
(120, 13, 8309)
(120, 23, 14600)
(120, 82, 10238)
(120, 49, 9968)
(120, 115, 10177)
(120, 83, 3843)
(120, 26, 13606)
(120, 36, 8533)
(120, 18, 9677)
(120, 34, 1539)
(120, 98, 2235)
(120, 6, 10960)
(120, 67, 11848)
(120, 99, 2990)
(120, 21, 11091)
(120, 7, 7085)
(120, 17, 14690)
(120, 69, 6497)
(120, 30, 854)
(120, 47, 12549)
(120, 52, 2143)
(120, 102, 9484)
(120, 88, 8210)
(120, 104, 5002)
(120, 1, 3654)
(120, 48, 9256)
(120, 63, 13289)
(120, 100, 4830)
(120, 56, 7701)
(121, 96, 10415)
(121, 3, 8070)
(121, 44, 9769)
(121, 23, 13102)
(121, 94, 1179)
(121, 34, 8161)
(121, 104, 14167)
(121, 83, 11912)
(121, 4, 10524)
(121, 41, 12954)
(121, 107, 7558)
(121, 97, 330)
(121, 77, 9990)
(121, 86, 11597)
(121, 85, 13954)
(121, 114, 6191)
(121, 57, 11703)
(121, 15, 1847)
(121, 17, 8388)
(121, 35, 2456)
(121, 117, 11201)
(121, 103, 13874)
(121, 30, 10276)
(121, 32, 14155)
(121, 1, 9999)
(121, 45, 7200)
(121, 89, 12666)
(121, 53, 912)
(121, 55, 1687)
(121, 12, 14052)
(121, 118, 3865)
(121, 56, 1100)
(121, 64, 10977)
(121, 80, 11000)
(121, 76, 7670)
(121, 70, 13011)
(121, 8, 1638)
(121, 25, 13370)
(121, 92, 164)
(121, 61, 14388)
(121, 39, 14683)
(121, 112, 3666)
(121, 11, 12546)
(121, 111, 10076)
(121, 9, 14847)
(121, 119, 7455)
(121, 65, 323)
(121, 43, 725)
(121, 109, 5927)
(121, 33, 13865)
(121, 46, 7931)
(121, 7, 8648)
(121, 0, 10737)
(121, 42, 2550)
(121, 69, 13809)
(121, 49, 10680)
(121, 75, 3228)
(121, 63, 10348)
(121, 36, 7830)
(121, 28, 454)
(121, 88, 13250)
(121, 22, 518)
(121, 98, 3905)
(121, 74, 5570)
(121, 73, 6406)
(121, 59, 2795)
(121, 102, 14954)
(121, 16, 9047)
(121, 52, 13752)
(121, 19, 722)
(121, 62, 2171)
(121, 90, 8444)
(121, 100, 11323)
(121, 84, 10886)
(121, 58, 13574)
(121, 82, 7048)
(121, 95, 12511)
(121, 81, 9371)
(121, 6, 31)
(121, 67, 8572)
(121, 99, 12752)
(121, 38, 10174)
(121, 101, 2121)
(121, 37, 793)
(121, 60, 6214)
(121, 91, 550)
(121, 50, 11384)
(121, 2, 11575)
(121, 116, 7579)
(121, 24, 8670)
(121, 66, 10469)
(121, 20, 660)
(121, 10, 1134)
(121, 47, 10648)
(121, 27, 5199)
(121, 51, 14768)
(121, 31, 8451)
(121, 72, 9940)
(121, 21, 7537)
(121, 54, 7634)
(121, 13, 5433)
(121, 106, 5821)
(121, 108, 13662)
(121, 26, 3991)
(121, 115, 2059)
(121, 68, 11883)
(121, 48, 7635)
(121, 87, 7729)
(121, 113, 2719)
(121, 18, 13464)
(121, 29, 8401)
(121, 78, 14462)
(121, 110, 3245)
(122, 53, 294)
(122, 32, 3712)
(122, 5, 14563)
(122, 43, 7713)
(122, 105, 10771)
(122, 86, 3172)
(122, 77, 12832)
(122, 92, 12496)
(122, 39, 5801)
(122, 112, 1637)
(122, 115, 441)
(122, 89, 1853)
(122, 30, 6020)
(122, 104, 897)
(122, 57, 1760)
(122, 25, 7141)
(122, 49, 4368)
(122, 8, 4843)
(122, 98, 8584)
(122, 19, 9610)
(122, 107, 10286)
(122, 106, 9544)
(122, 4, 6640)
(122, 15, 10722)
(122, 45, 2010)
(122, 29, 9708)
(122, 22, 5781)
(122, 65, 6836)
(122, 91, 11813)
(122, 70, 2011)
(122, 88, 8659)
(122, 54, 5443)
(122, 50, 14317)
(122, 71, 10157)
(122, 37, 13425)
(122, 62, 133)
(122, 111, 9641)
(122, 102, 3738)
(122, 97, 5265)
(122, 108, 8592)
(122, 95, 9589)
(122, 96, 11987)
(122, 35, 3732)
(122, 58, 4314)
(122, 16, 6100)
(122, 113, 13001)
(122, 48, 13030)
(122, 59, 8134)
(122, 24, 5042)
(122, 87, 4410)
(122, 14, 9685)
(122, 55, 2787)
(122, 119, 11397)
(122, 80, 1298)
(122, 100, 8761)
(122, 47, 4713)
(122, 90, 11470)
(122, 82, 2090)
(122, 34, 8630)
(122, 69, 99)
(122, 2, 7014)
(122, 21, 11764)
(122, 36, 4257)
(122, 18, 10054)
(122, 26, 11067)
(122, 110, 12210)
(122, 38, 32)
(122, 28, 5828)
(122, 85, 678)
(122, 44, 9181)
(122, 41, 10042)
(122, 33, 12987)
(122, 66, 4926)
(122, 79, 12242)
(122, 1, 2666)
(122, 75, 7994)
(122, 51, 12737)
(122, 31, 14669)
(122, 6, 451)
(122, 117, 14932)
(122, 78, 6985)
(122, 103, 8565)
(122, 93, 1073)
(122, 76, 7287)
(122, 7, 5106)
(122, 94, 4603)
(122, 52, 11158)
(122, 0, 4441)
(122, 63, 8727)
(122, 120, 4900)
(122, 99, 1250)
(122, 60, 140)
(122, 56, 8076)
(122, 23, 5210)
(122, 84, 6525)
(122, 17, 10277)
(122, 10, 12841)
(122, 64, 10319)
(122, 74, 1125)
(122, 20, 2297)
(122, 116, 5151)
(122, 11, 11811)
(122, 121, 4913)
(122, 114, 9350)
(122, 72, 7891)
(122, 73, 7374)
(122, 3, 6945)
(122, 12, 2979)
(122, 9, 2798)
(122, 118, 463)
(123, 35, 10081)
(123, 55, 1361)
(123, 20, 9557)
(123, 15, 9283)
(123, 84, 10281)
(123, 60, 2104)
(123, 110, 2177)
(123, 32, 12931)
(123, 77, 7949)
(123, 92, 4652)
(123, 43, 7768)
(123, 66, 1523)
(123, 42, 9852)
(123, 70, 7416)
(123, 119, 11322)
(123, 36, 13301)
(123, 31, 11358)
(123, 69, 9781)
(123, 121, 7500)
(123, 33, 11729)
(123, 7, 7101)
(123, 6, 9262)
(123, 48, 9627)
(123, 56, 8116)
(123, 28, 12250)
(123, 65, 11966)
(123, 94, 13674)
(123, 79, 13079)
(123, 29, 12435)
(123, 106, 13263)
(123, 23, 5602)
(123, 89, 10365)
(123, 50, 5787)
(123, 93, 12717)
(123, 41, 3163)
(123, 4, 6994)
(123, 86, 12432)
(123, 115, 3082)
(123, 18, 1657)
(123, 21, 13297)
(123, 11, 14296)
(123, 9, 10155)
(123, 57, 14597)
(123, 104, 8577)
(123, 100, 10591)
(123, 49, 7370)
(123, 73, 10144)
(123, 40, 10156)
(123, 62, 2684)
(123, 74, 14346)
(123, 44, 10223)
(123, 54, 7782)
(123, 116, 4097)
(123, 37, 14053)
(123, 111, 7760)
(123, 102, 5407)
(123, 87, 12780)
(123, 16, 4585)
(123, 61, 12)
(123, 34, 12156)
(123, 112, 13640)
(123, 3, 10302)
(123, 71, 10288)
(123, 105, 5660)
(123, 0, 11801)
(123, 98, 2155)
(123, 90, 9695)
(123, 63, 568)
(123, 14, 7448)
(123, 78, 2084)
(123, 5, 14169)
(123, 95, 14855)
(123, 51, 14695)
(123, 120, 2896)
(123, 8, 14743)
(123, 68, 4586)
(123, 108, 2180)
(123, 24, 5819)
(123, 101, 4191)
(123, 88, 14755)
(123, 113, 2720)
(123, 38, 5079)
(123, 47, 6877)
(123, 25, 3893)
(123, 82, 1756)
(123, 52, 2243)
(123, 27, 5113)
(123, 117, 2612)
(123, 12, 3917)
(123, 13, 13916)
(123, 59, 5134)
(123, 26, 5670)
(123, 53, 3480)
(123, 107, 2668)
(123, 72, 14624)
(123, 2, 6943)
(123, 85, 6272)
(123, 58, 13346)
(124, 54, 2716)
(124, 17, 11495)
(124, 73, 2246)
(124, 85, 5783)
(124, 42, 12454)
(124, 28, 1520)
(124, 15, 779)
(124, 19, 3279)
(124, 123, 11512)
(124, 60, 1448)
(124, 1, 9883)
(124, 97, 2862)
(124, 48, 2496)
(124, 68, 1322)
(124, 111, 12258)
(124, 43, 10512)
(124, 3, 8072)
(124, 56, 11215)
(124, 113, 8179)
(124, 10, 13889)
(124, 80, 5826)
(124, 105, 4940)
(124, 25, 7512)
(124, 11, 10202)
(124, 14, 6714)
(124, 50, 1707)
(124, 118, 259)
(124, 45, 12882)
(124, 120, 4179)
(124, 103, 10880)
(124, 122, 4620)
(124, 59, 7350)
(124, 99, 3922)
(124, 12, 1578)
(124, 49, 1403)
(124, 16, 14586)
(124, 55, 13779)
(124, 108, 9774)
(124, 75, 7554)
(124, 13, 12190)
(124, 112, 1623)
(124, 36, 6124)
(124, 38, 7824)
(124, 5, 7300)
(124, 98, 3291)
(124, 76, 11113)
(124, 72, 1928)
(124, 33, 9707)
(124, 65, 11415)
(124, 114, 8073)
(124, 74, 12944)
(124, 35, 9239)
(124, 95, 4238)
(124, 9, 12415)
(124, 26, 5193)
(124, 37, 4499)
(124, 81, 7055)
(124, 31, 10227)
(124, 94, 14917)
(124, 40, 2082)
(124, 92, 8024)
(124, 44, 9513)
(124, 78, 8845)
(124, 27, 10139)
(124, 52, 4592)
(124, 77, 13734)
(124, 20, 9428)
(124, 91, 14258)
(124, 107, 4653)
(124, 32, 10899)
(124, 6, 3164)
(124, 104, 14921)
(124, 90, 993)
(124, 34, 3002)
(124, 71, 9898)
(124, 88, 11061)
(124, 84, 5320)
(124, 101, 14029)
(124, 4, 6583)
(124, 2, 7785)
(124, 110, 5654)
(124, 64, 686)
(124, 116, 3307)
(124, 96, 9958)
(124, 117, 269)
(124, 7, 1437)
(124, 119, 9894)
(124, 18, 8360)
(124, 61, 10269)
(124, 47, 10229)
(124, 89, 6153)
(124, 57, 3340)
(124, 21, 10055)
(124, 106, 8763)
(124, 62, 3734)
(124, 66, 11910)
(124, 8, 506)
(124, 46, 11014)
(124, 82, 7173)
(124, 51, 11441)
(124, 29, 7439)
(124, 86, 11471)
(124, 115, 2257)
(124, 67, 6470)
(124, 70, 5548)
(124, 30, 13504)
(124, 83, 7964)
(124, 53, 562)
(124, 69, 8575)
(124, 41, 2276)
(125, 42, 12018)
(125, 36, 12605)
(125, 98, 428)
(125, 6, 1639)
(125, 35, 427)
(125, 5, 4161)
(125, 111, 2674)
(125, 8, 7001)
(125, 38, 8815)
(125, 85, 5432)
(125, 52, 14870)
(125, 72, 12394)
(125, 120, 12243)
(125, 28, 13392)
(125, 118, 11217)
(125, 65, 5460)
(125, 109, 921)
(125, 13, 14260)
(125, 47, 14185)
(125, 69, 5096)
(125, 77, 6028)
(125, 113, 1974)
(125, 54, 10088)
(125, 59, 3916)
(125, 97, 11787)
(125, 26, 5345)
(125, 39, 7501)
(125, 55, 6333)
(125, 88, 11937)
(125, 68, 10391)
(125, 27, 2242)
(125, 66, 10796)
(125, 92, 4977)
(125, 21, 6471)
(125, 46, 11777)
(125, 63, 7900)
(125, 93, 2125)
(125, 112, 1344)
(125, 57, 10910)
(125, 11, 4961)
(125, 4, 12803)
(125, 3, 8387)
(125, 60, 8118)
(125, 31, 8282)
(125, 34, 13197)
(125, 9, 9440)
(125, 121, 293)
(125, 79, 4685)
(125, 23, 3780)
(125, 114, 5122)
(125, 116, 7275)
(125, 56, 5915)
(125, 15, 8923)
(125, 67, 4063)
(125, 58, 11527)
(125, 103, 622)
(125, 20, 10623)
(125, 16, 3203)
(125, 86, 7921)
(125, 89, 5481)
(125, 62, 11447)
(125, 43, 5995)
(125, 99, 9673)
(125, 12, 10220)
(125, 87, 9586)
(125, 40, 14613)
(125, 110, 1676)
(125, 7, 3258)
(125, 124, 12208)
(125, 102, 12975)
(125, 91, 4057)
(125, 64, 12662)
(125, 14, 6096)
(125, 119, 10764)
(125, 108, 6800)
(126, 91, 2188)
(126, 62, 4787)
(126, 75, 7893)
(126, 16, 1490)
(126, 54, 6060)
(126, 104, 13069)
(126, 70, 4600)
(126, 43, 194)
(126, 57, 12280)
(126, 72, 13570)
(126, 3, 1023)
(126, 79, 1355)
(126, 5, 7392)
(126, 33, 11098)
(126, 74, 3560)
(126, 86, 8363)
(126, 50, 1089)
(126, 66, 11355)
(126, 99, 6996)
(126, 42, 11669)
(126, 15, 4273)
(126, 118, 3723)
(126, 108, 4072)
(126, 30, 8784)
(126, 26, 2087)
(126, 111, 4199)
(126, 59, 6936)
(126, 41, 3234)
(126, 61, 3681)
(126, 1, 4772)
(126, 47, 12402)
(126, 0, 10050)
(126, 34, 10560)
(126, 95, 4280)
(126, 102, 7298)
(126, 89, 4503)
(126, 2, 8473)
(126, 6, 5876)
(126, 58, 12582)
(126, 93, 13955)
(126, 40, 11609)
(126, 112, 14010)
(126, 71, 9591)
(126, 105, 2265)
(126, 81, 357)
(126, 45, 3246)
(126, 9, 10583)
(126, 88, 3150)
(126, 98, 14537)
(126, 101, 4277)
(126, 80, 13021)
(126, 84, 12047)
(126, 82, 10548)
(126, 109, 1728)
(126, 36, 8542)
(126, 38, 932)
(126, 65, 7829)
(126, 103, 11600)
(126, 87, 498)
(126, 27, 9809)
(126, 119, 14740)
(126, 73, 229)
(126, 106, 4171)
(126, 4, 11908)
(126, 100, 12462)
(126, 39, 4749)
(126, 56, 4495)
(126, 122, 4534)
(126, 37, 4857)
(127, 9, 759)
(127, 102, 8463)
(127, 42, 3583)
(127, 108, 4401)
(127, 116, 13369)
(127, 37, 9838)
(127, 47, 1910)
(127, 66, 13099)
(127, 28, 11308)
(127, 51, 5144)
(127, 60, 8541)
(127, 121, 2915)
(127, 82, 14663)
(127, 57, 3084)
(127, 39, 13337)
(127, 90, 13302)
(127, 78, 14857)
(127, 79, 4102)
(127, 26, 4810)
(127, 7, 7286)
(127, 67, 11112)
(127, 8, 9551)
(127, 99, 12993)
(127, 31, 10931)
(127, 84, 7674)
(127, 52, 7211)
(127, 118, 11288)
(127, 49, 13154)
(127, 101, 6161)
(127, 96, 3066)
(127, 74, 9406)
(127, 34, 1130)
(127, 17, 2164)
(127, 46, 10278)
(128, 43, 9730)
(128, 110, 4467)
(128, 84, 14936)
(128, 26, 679)
(128, 90, 10422)
(128, 102, 615)
(128, 48, 4901)
(128, 77, 13066)
(128, 91, 10152)
(128, 95, 7631)
(128, 16, 3525)
(128, 18, 4220)
(128, 126, 7094)
(128, 40, 9324)
(128, 66, 1245)
(128, 98, 11931)
(128, 27, 10008)
(128, 53, 845)
(128, 112, 12599)
(128, 47, 4792)
(128, 81, 13253)
(128, 82, 14325)
(128, 42, 8167)
(128, 127, 4018)
(128, 0, 6658)
(128, 80, 10837)
(128, 73, 11004)
(128, 113, 4876)
(128, 124, 10535)
(128, 7, 10965)
(128, 60, 10937)
(128, 58, 13784)
(128, 106, 6286)
(128, 93, 12656)
(128, 13, 6675)
(128, 25, 527)
(128, 108, 56)
(128, 34, 840)
(128, 83, 4276)
(128, 39, 12691)
(128, 30, 8011)
(128, 46, 4405)
(128, 100, 4731)
(128, 75, 12977)
(128, 72, 92)
(128, 61, 2711)
(128, 99, 5736)
(128, 22, 14280)
(128, 69, 7305)
(128, 49, 4411)
(128, 117, 11997)
(128, 33, 3170)
(128, 6, 8458)
(128, 45, 12734)
(128, 70, 8462)
(128, 71, 5609)
(128, 63, 13665)
(128, 20, 12935)
(128, 41, 6427)
(128, 15, 5740)
(128, 14, 364)
(128, 122, 12958)
(128, 65, 1492)
(128, 116, 11697)
(128, 59, 1810)
(128, 85, 12776)
(128, 87, 1887)
(128, 3, 12333)
(128, 119, 9724)
(128, 11, 4213)
(128, 92, 3657)
(128, 2, 1392)
(128, 79, 12056)
(128, 68, 13357)
(128, 88, 8619)
(128, 114, 2480)
(128, 51, 3602)
(128, 123, 9760)
(128, 101, 2377)
(128, 94, 12431)
(128, 28, 4315)
(128, 35, 3772)
(128, 109, 4952)
(128, 115, 11340)
(128, 37, 819)
(128, 9, 6592)
(128, 36, 11900)
(128, 67, 1485)
(128, 12, 984)
(128, 118, 14345)
(128, 97, 13542)
(128, 4, 11307)
(128, 29, 14541)
(128, 17, 11586)
(128, 21, 5902)
(128, 78, 9863)
(128, 44, 13644)
(128, 8, 7430)
(128, 1, 3797)
(128, 50, 1014)
(128, 64, 11338)
(128, 10, 13144)
(128, 120, 10247)
(128, 104, 10255)
(128, 86, 7530)
(129, 82, 6311)
(129, 47, 5721)
(129, 48, 10897)
(129, 44, 6527)
(129, 32, 3505)
(129, 21, 10657)
(129, 34, 5246)
(129, 53, 5293)
(129, 124, 1212)
(129, 31, 13686)
(129, 37, 4980)
(129, 103, 9139)
(129, 41, 1777)
(129, 86, 2454)
(129, 81, 7598)
(129, 75, 14252)
(129, 122, 11841)
(129, 111, 662)
(129, 108, 5775)
(129, 17, 7065)
(129, 25, 9273)
(129, 15, 6449)
(129, 121, 5620)
(129, 16, 8200)
(129, 49, 11831)
(129, 0, 3260)
(129, 100, 4496)
(129, 42, 12062)
(129, 56, 3491)
(129, 109, 12091)
(129, 40, 11429)
(129, 92, 576)
(129, 11, 14420)
(129, 125, 9899)
(129, 77, 13481)
(129, 60, 11297)
(129, 70, 9244)
(129, 126, 7774)
(129, 8, 11250)
(129, 59, 12119)
(129, 119, 14892)
(129, 52, 192)
(129, 94, 383)
(129, 26, 12525)
(129, 120, 4501)
(129, 62, 2421)
(129, 93, 14628)
(129, 18, 13459)
(129, 115, 2832)
(129, 58, 3115)
(129, 13, 2296)
(129, 101, 948)
(129, 80, 915)
(129, 7, 9571)
(129, 29, 7433)
(129, 84, 1856)
(129, 43, 14208)
(129, 98, 4621)
(129, 102, 2308)
(129, 27, 521)
(129, 6, 13839)
(129, 61, 4347)
(129, 33, 14073)
(129, 66, 13142)
(129, 23, 13923)
(129, 69, 856)
(129, 57, 6794)
(129, 104, 8910)
(129, 1, 11879)
(129, 74, 7401)
(129, 65, 1634)
(129, 127, 734)
(129, 3, 14962)
(129, 85, 7118)
(129, 45, 11577)
(129, 68, 13046)
(129, 50, 7346)
(129, 28, 13007)
(129, 19, 12534)
(129, 116, 6361)
(129, 128, 6538)
(129, 83, 13608)
(129, 87, 4827)
(129, 107, 5959)
(129, 46, 5990)
(129, 12, 13583)
(129, 110, 8329)
(129, 88, 3977)
(129, 123, 8740)
(129, 20, 11920)
(129, 117, 7422)
(129, 14, 13956)
(129, 10, 11866)
(129, 91, 10610)
(129, 113, 8313)
(129, 54, 4732)
(129, 72, 14640)
(129, 99, 13344)
(129, 112, 5934)
(129, 38, 7083)
(129, 105, 10214)
(129, 55, 12504)
(129, 5, 2999)
(129, 24, 13132)
(129, 114, 45)
(129, 90, 6207)
(129, 64, 6987)
(129, 39, 1990)
(129, 106, 2646)
(129, 71, 13423)
(129, 35, 4376)
(129, 118, 14250)
(129, 96, 14394)
(129, 89, 2236)
(129, 76, 12368)
(129, 73, 5944)
(129, 79, 3783)
(129, 95, 8554)
(129, 97, 4953)
(129, 2, 1920)
(129, 22, 13379)
(129, 36, 7095)
(129, 78, 5554)
(129, 30, 13575)
(129, 51, 12099)
(129, 67, 6421)
(130, 32, 1589)
(130, 44, 10303)
(130, 99, 5114)
(130, 81, 5110)
(130, 34, 12236)
(130, 115, 2475)
(130, 118, 2116)
(130, 51, 11363)
(130, 79, 7977)
(130, 66, 10628)
(130, 56, 11344)
(130, 105, 5401)
(130, 1, 6914)
(130, 7, 6573)
(130, 67, 14306)
(130, 126, 10824)
(130, 129, 6576)
(130, 80, 14384)
(130, 15, 7661)
(130, 58, 3159)
(130, 125, 1479)
(130, 89, 8512)
(130, 31, 4357)
(130, 85, 9794)
(130, 124, 1429)
(130, 46, 9693)
(130, 76, 14038)
(130, 92, 7125)
(130, 114, 13741)
(131, 87, 346)
(131, 67, 9205)
(131, 124, 3116)
(131, 108, 4661)
(131, 68, 7391)
(131, 84, 3665)
(131, 55, 14230)
(131, 19, 14157)
(131, 79, 14103)
(131, 114, 9093)
(131, 93, 4299)
(131, 23, 7637)
(131, 100, 9934)
(131, 21, 7134)
(131, 63, 1522)
(131, 127, 8020)
(131, 125, 10021)
(131, 112, 7668)
(131, 37, 868)
(131, 24, 5499)
(131, 12, 12683)
(131, 32, 4404)
(131, 120, 12113)
(131, 92, 4418)
(131, 44, 1256)
(131, 88, 7253)
(131, 97, 5503)
(131, 58, 10225)
(131, 59, 10327)
(131, 130, 9890)
(131, 16, 11114)
(131, 51, 3962)
(131, 98, 11277)
(131, 18, 10437)
(131, 47, 11794)
(131, 50, 7240)
(131, 91, 4777)
(131, 4, 1068)
(131, 36, 11716)
(131, 66, 8638)
(131, 45, 10531)
(131, 17, 4711)
(131, 128, 9909)
(131, 26, 4409)
(131, 77, 13296)
(131, 31, 13412)
(131, 0, 13166)
(131, 95, 2295)
(131, 27, 5187)
(131, 3, 12541)
(131, 121, 572)
(131, 8, 6380)
(131, 86, 14905)
(131, 64, 7942)
(131, 61, 5201)
(131, 118, 9529)
(131, 123, 11743)
(131, 5, 6054)
(131, 94, 10374)
(131, 41, 2935)
(131, 117, 6883)
(131, 113, 7529)
(131, 10, 4113)
(131, 78, 9267)
(131, 70, 14659)
(131, 46, 10953)
(131, 76, 14908)
(131, 81, 3731)
(131, 60, 7139)
(131, 115, 13120)
(131, 49, 1353)
(131, 82, 13875)
(131, 9, 12500)
(131, 65, 6626)
(131, 52, 14572)
(131, 102, 10197)
(131, 38, 1386)
(131, 75, 5998)
(131, 20, 5036)
(131, 73, 8084)
(131, 56, 11109)
(131, 105, 204)
(131, 40, 4151)
(131, 103, 1244)
(131, 33, 1726)
(131, 99, 10084)
(131, 13, 7595)
(131, 30, 11690)
(131, 48, 11948)
(131, 126, 2941)
(131, 83, 2404)
(131, 111, 4785)
(131, 35, 14495)
(131, 2, 8419)
(131, 69, 5452)
(131, 109, 4399)
(131, 104, 11261)
(131, 80, 14687)
(131, 90, 126)
(131, 96, 10069)
(131, 54, 7796)
(131, 122, 5415)
(131, 116, 8163)
(131, 29, 12650)
(131, 25, 11031)
(131, 129, 10233)
(131, 72, 6346)
(131, 101, 14481)
(131, 14, 12588)
(131, 7, 6612)
(131, 74, 14414)
(131, 39, 1527)
(131, 89, 13677)
(131, 34, 2076)
(131, 11, 13181)
(131, 85, 14411)
(131, 107, 12992)
(131, 53, 8778)
(131, 6, 6119)
(131, 42, 8405)
(131, 62, 5687)
(131, 1, 2982)
(131, 57, 4923)
(131, 43, 8581)
(131, 22, 4944)
(131, 71, 6294)
(131, 119, 14555)
(131, 15, 2997)
(131, 106, 11115)
(132, 92, 14048)
(132, 63, 7486)
(132, 45, 313)
(132, 131, 1274)
(132, 20, 8192)
(132, 69, 13455)
(132, 107, 712)
(132, 120, 11181)
(132, 15, 853)
(132, 9, 10990)
(132, 3, 4069)
(132, 41, 13454)
(132, 84, 3382)
(132, 124, 6769)
(132, 83, 12548)
(132, 42, 11364)
(132, 97, 9931)
(132, 62, 7874)
(132, 48, 11938)
(132, 70, 8133)
(132, 126, 6674)
(132, 55, 4493)
(132, 29, 1287)
(132, 121, 7505)
(132, 17, 4815)
(132, 110, 11428)
(132, 49, 4080)
(132, 37, 14665)
(132, 72, 12604)
(132, 50, 9318)
(132, 31, 8000)
(132, 122, 977)
(132, 56, 14126)
(132, 95, 12766)
(132, 61, 10534)
(132, 33, 4295)
(132, 78, 8844)
(132, 129, 5741)
(132, 111, 14508)
(132, 66, 4379)
(132, 86, 5501)
(132, 98, 6585)
(132, 12, 1775)
(132, 18, 13413)
(132, 91, 10135)
(132, 59, 10472)
(132, 0, 11651)
(132, 34, 9200)
(132, 71, 12886)
(132, 16, 8340)
(132, 24, 9497)
(132, 102, 13521)
(132, 81, 5349)
(132, 106, 14548)
(132, 8, 12704)
(132, 101, 3965)
(132, 10, 13854)
(132, 100, 10410)
(132, 125, 11090)
(132, 103, 11629)
(132, 6, 10961)
(132, 2, 1689)
(132, 5, 1898)
(132, 85, 7808)
(132, 96, 11064)
(132, 44, 10265)
(132, 82, 4528)
(132, 73, 6979)
(132, 40, 3131)
(132, 112, 2493)
(132, 108, 696)
(132, 76, 6670)
(132, 94, 8706)
(132, 27, 7015)
(132, 46, 9667)
(132, 75, 3207)
(132, 87, 10815)
(132, 51, 13125)
(132, 114, 11537)
(132, 22, 3095)
(132, 43, 3317)
(132, 130, 3762)
(132, 1, 10545)
(132, 14, 6928)
(132, 38, 9355)
(132, 36, 4893)
(132, 57, 7644)
(132, 52, 5266)
(132, 39, 7503)
(132, 93, 11926)
(132, 104, 8979)
(132, 80, 3140)
(132, 90, 13925)
(132, 74, 11271)
(132, 25, 11084)
(132, 67, 8376)
(132, 7, 7934)
(132, 47, 12777)
(132, 77, 11218)
(132, 119, 495)
(132, 128, 5368)
(133, 46, 4164)
(133, 98, 13691)
(133, 75, 10441)
(133, 90, 11657)
(133, 105, 10770)
(133, 65, 2303)
(133, 95, 12930)
(133, 9, 3146)
(133, 36, 13494)
(133, 15, 13757)
(133, 129, 1740)
(133, 69, 12896)
(133, 19, 10213)
(133, 34, 13506)
(133, 18, 2710)
(133, 74, 9221)
(133, 42, 10221)
(133, 127, 1603)
(133, 79, 683)
(133, 5, 358)
(133, 10, 8053)
(133, 130, 2993)
(133, 53, 3915)
(133, 8, 6389)
(133, 63, 2136)
(133, 45, 9126)
(133, 132, 9301)
(133, 97, 556)
(133, 126, 6300)
(133, 11, 12818)
(133, 3, 10292)
(133, 112, 13980)
(133, 32, 7104)
(133, 89, 5173)
(133, 28, 3039)
(133, 29, 13009)
(133, 54, 8464)
(133, 116, 6679)
(133, 82, 6734)
(133, 6, 667)
(133, 114, 12932)
(133, 80, 10442)
(133, 24, 173)
(133, 49, 13359)
(133, 92, 8522)
(133, 0, 1665)
(133, 88, 12507)
(133, 103, 14621)
(133, 62, 11902)
(133, 14, 6347)
(133, 110, 13590)
(133, 120, 14163)
(133, 78, 10440)
(133, 58, 6166)
(133, 121, 6976)
(133, 93, 13266)
(133, 26, 6349)
(133, 44, 1306)
(133, 23, 5483)
(133, 38, 7349)
(133, 125, 855)
(133, 87, 12284)
(133, 67, 2762)
(133, 117, 334)
(133, 59, 2508)
(133, 16, 12385)
(133, 108, 4911)
(133, 1, 2064)
(133, 106, 3537)
(133, 2, 12671)
(133, 94, 4757)
(133, 56, 11239)
(133, 61, 533)
(133, 70, 3299)
(133, 30, 4867)
(133, 131, 12388)
(133, 13, 5374)
(133, 102, 12006)
(133, 119, 2450)
(133, 39, 8164)
(133, 68, 13381)
(133, 123, 4068)
(133, 43, 10250)
(133, 25, 8899)
(133, 81, 13466)
(133, 57, 9645)
(133, 52, 4109)
(133, 27, 8774)
(133, 64, 12806)
(133, 17, 11570)
(133, 91, 1126)
(133, 60, 10936)
(133, 84, 9849)
(133, 111, 9818)
(133, 37, 12194)
(133, 104, 12160)
(133, 128, 76)
(133, 113, 6435)
(133, 86, 8661)
(133, 20, 5790)
(133, 4, 7916)
(133, 33, 624)
(133, 77, 8930)
(133, 7, 9394)
(133, 83, 10907)
(133, 55, 14764)
(133, 48, 13726)
(133, 109, 8775)
(133, 100, 1743)
(133, 122, 12786)
(133, 76, 6596)
(133, 124, 14475)
(133, 118, 14925)
(133, 12, 9162)
(133, 99, 1400)
(133, 41, 11647)
(133, 96, 1849)
(133, 35, 2784)
(133, 40, 4159)
(133, 21, 13637)
(133, 73, 9045)
(133, 101, 302)
(133, 66, 5541)
(133, 85, 3995)
(133, 50, 1438)
(133, 71, 12380)
(133, 72, 4312)
(133, 22, 3631)
(134, 91, 2431)
(134, 53, 12066)
(134, 45, 1541)
(134, 59, 13049)
(134, 77, 272)
(134, 86, 8555)
(134, 24, 2830)
(134, 17, 5823)
(135, 5, 11171)
(135, 123, 5373)
(135, 89, 2535)
(135, 52, 5681)
(135, 113, 5230)
(135, 131, 12178)
(135, 33, 4180)
(135, 54, 851)
(135, 34, 2548)
(135, 20, 3156)
(135, 44, 14931)
(135, 108, 1289)
(135, 72, 972)
(135, 28, 1324)
(135, 10, 274)
(135, 79, 7606)
(135, 91, 14117)
(135, 94, 10740)
(135, 48, 7550)
(135, 77, 6844)
(135, 121, 10030)
(135, 122, 328)
(135, 51, 4972)
(135, 37, 12469)
(135, 22, 8479)
(135, 129, 7971)
(135, 114, 6147)
(135, 18, 6032)
(135, 105, 5223)
(135, 64, 5595)
(135, 99, 5824)
(135, 109, 1124)
(135, 60, 3586)
(135, 13, 13651)
(135, 26, 7000)
(135, 41, 2356)
(135, 24, 10024)
(135, 3, 11219)
(135, 111, 12118)
(135, 133, 14444)
(135, 119, 1616)
(135, 27, 14571)
(135, 42, 11391)
(135, 6, 2598)
(135, 31, 12953)
(135, 95, 14565)
(135, 55, 8961)
(135, 83, 3937)
(136, 51, 5127)
(136, 96, 8032)
(136, 83, 11578)
(136, 106, 14674)
(136, 10, 7077)
(136, 105, 5850)
(136, 80, 2754)
(136, 125, 1101)
(136, 56, 4696)
(136, 35, 4842)
(136, 32, 7938)
(136, 22, 9985)
(136, 98, 8251)
(136, 49, 2776)
(136, 115, 4056)
(136, 21, 2855)
(136, 25, 3418)
(136, 128, 4559)
(136, 12, 4951)
(136, 26, 5277)
(136, 127, 1139)
(136, 16, 11632)
(136, 75, 3810)
(136, 78, 12329)
(136, 38, 7821)
(136, 84, 10115)
(136, 11, 2728)
(136, 108, 7851)
(136, 131, 7763)
(136, 47, 9185)
(136, 99, 13620)
(136, 14, 13332)
(136, 6, 2987)
(136, 60, 4158)
(136, 30, 359)
(136, 64, 9142)
(136, 67, 1445)
(136, 4, 6192)
(136, 114, 2695)
(136, 13, 670)
(136, 70, 11819)
(136, 18, 11878)
(136, 92, 7922)
(136, 81, 9427)
(136, 43, 9322)
(136, 24, 11097)
(136, 44, 10323)
(136, 1, 11835)
(136, 31, 6195)
(136, 77, 3964)
(136, 120, 1414)
(136, 135, 14249)
(136, 40, 4290)
(136, 19, 4090)
(136, 61, 10412)
(136, 79, 9067)
(136, 36, 3636)
(136, 39, 1675)
(136, 65, 8393)
(136, 132, 8184)
(136, 82, 3869)
(136, 88, 8149)
(136, 34, 10539)
(136, 93, 2679)
(136, 17, 9587)
(136, 110, 6771)
(136, 101, 13500)
(136, 55, 12455)
(136, 45, 6855)
(136, 76, 14463)
(136, 37, 12040)
(136, 9, 1317)
(136, 8, 2538)
(136, 29, 8287)
(136, 100, 13618)
(136, 89, 10611)
(136, 42, 14055)
(136, 58, 4737)
(136, 68, 8194)
(136, 87, 12659)
(136, 74, 7393)
(136, 7, 11549)
(136, 134, 13247)
(136, 126, 7848)
(136, 71, 6266)
(136, 62, 8851)
(136, 46, 286)
(137, 99, 7884)
(137, 94, 5572)
(137, 43, 14631)
(137, 130, 8109)
(138, 123, 12283)
(138, 79, 6392)
(138, 93, 7090)
(138, 77, 1557)
(138, 48, 3634)
(138, 19, 10621)
(138, 14, 9140)
(138, 89, 7666)
(138, 121, 14677)
(138, 81, 13548)
(138, 106, 11412)
(138, 122, 8082)
(138, 45, 9122)
(138, 8, 13139)
(138, 44, 13287)
(138, 132, 5984)
(138, 52, 1893)
(138, 117, 11885)
(138, 137, 14906)
(138, 95, 7968)
(138, 31, 8949)
(138, 120, 11126)
(138, 75, 1540)
(138, 47, 6760)
(138, 37, 3415)
(138, 9, 5941)
(138, 3, 11324)
(138, 105, 8334)
(138, 39, 867)
(138, 28, 11654)
(138, 18, 13836)
(138, 57, 7475)
(138, 43, 4343)
(138, 134, 13190)
(138, 78, 1085)
(138, 36, 3644)
(138, 56, 9735)
(138, 110, 12769)
(138, 16, 6010)
(138, 54, 3088)
(138, 32, 14871)
(138, 67, 3386)
(138, 73, 13235)
(138, 61, 770)
(138, 97, 884)
(138, 50, 6537)
(138, 5, 3138)
(138, 92, 3946)
(138, 80, 4216)
(138, 70, 6723)
(138, 69, 8806)
(138, 68, 4560)
(138, 62, 9804)
(138, 124, 12192)
(138, 99, 5357)
(138, 20, 9084)
(138, 109, 3742)
(139, 107, 1243)
(139, 47, 4752)
(139, 58, 5952)
(139, 135, 2132)
(139, 106, 13284)
(139, 1, 9942)
(139, 51, 8498)
(139, 10, 11858)
(139, 56, 13832)
(139, 36, 8667)
(139, 136, 11949)
(139, 64, 9017)
(139, 60, 343)
(139, 125, 7317)
(139, 72, 13176)
(139, 101, 14301)
(139, 50, 4550)
(139, 49, 3679)
(139, 83, 10311)
(139, 111, 7456)
(139, 38, 14584)
(139, 77, 1484)
(139, 16, 5406)
(139, 44, 8001)
(139, 96, 7857)
(139, 66, 3493)
(139, 33, 9742)
(139, 99, 7295)
(139, 61, 11431)
(139, 35, 4807)
(139, 76, 432)
(139, 88, 2828)
(139, 43, 12087)
(139, 41, 8801)
(139, 17, 10396)
(139, 97, 11009)
(139, 104, 13594)
(139, 110, 12653)
(139, 134, 11382)
(139, 78, 7792)
(139, 7, 6841)
(139, 119, 14342)
(139, 2, 10085)
(139, 39, 5877)
(139, 20, 7030)
(139, 132, 3017)
(139, 65, 10721)
(139, 27, 7574)
(139, 9, 5375)
(139, 79, 4377)
(139, 11, 1710)
(139, 68, 3808)
(139, 126, 10461)
(139, 21, 10615)
(139, 22, 9471)
(139, 24, 14521)
(139, 48, 13106)
(139, 12, 11753)
(139, 91, 6453)
(140, 110, 9483)
(140, 52, 7564)
(140, 78, 6646)
(140, 84, 3747)
(140, 45, 5532)
(140, 32, 193)
(140, 96, 13314)
(140, 136, 14830)
(140, 1, 3894)
(140, 25, 5808)
(140, 50, 4804)
(140, 60, 10874)
(140, 48, 1123)
(140, 105, 10293)
(140, 106, 14386)
(140, 58, 2521)
(140, 123, 380)
(140, 90, 10325)
(140, 101, 3779)
(140, 69, 3429)
(140, 128, 2302)
(140, 72, 5798)
(140, 18, 14093)
(140, 21, 11352)
(140, 27, 3506)
(140, 56, 3276)
(140, 139, 2704)
(140, 107, 12839)
(140, 125, 7524)
(140, 81, 9932)
(140, 102, 14315)
(140, 36, 13418)
(140, 19, 3966)
(140, 85, 7914)
(140, 2, 1115)
(140, 113, 649)
(140, 89, 2503)
(140, 15, 5758)
(140, 11, 7283)
(140, 59, 72)
(140, 132, 9960)
(140, 9, 986)
(140, 138, 1668)
(140, 109, 12517)
(140, 92, 8014)
(140, 88, 7368)
(140, 103, 6169)
(140, 46, 6261)
(140, 68, 4263)
(140, 104, 7072)
(140, 121, 13840)
(140, 112, 6893)
(140, 4, 381)
(140, 61, 14032)
(140, 26, 5053)
(140, 23, 6786)
(140, 130, 3682)
(140, 117, 2176)
(140, 51, 883)
(140, 137, 12773)
(140, 98, 8799)
(140, 20, 1564)
(140, 120, 5497)
(141, 70, 8610)
(141, 133, 13907)
(141, 30, 10725)
(141, 31, 3494)
(141, 57, 1266)
(141, 49, 13012)
(141, 88, 8009)
(141, 130, 3453)
(141, 140, 13473)
(141, 12, 2222)
(141, 100, 1108)
(141, 4, 7427)
(141, 7, 1279)
(141, 80, 5705)
(142, 0, 12112)
(142, 81, 11576)
(142, 50, 13124)
(142, 35, 8724)
(142, 36, 12757)
(142, 25, 2865)
(142, 131, 7861)
(142, 102, 10870)
(142, 69, 4738)
(142, 46, 13803)
(142, 42, 7570)
(142, 127, 3584)
(143, 4, 7856)
(143, 100, 2608)
(143, 10, 12489)
(143, 42, 6758)
(143, 82, 10720)
(143, 58, 8162)
(143, 99, 6141)
(143, 23, 5381)
(143, 89, 11278)
(143, 69, 5344)
(143, 5, 7453)
(143, 125, 3447)
(143, 21, 12007)
(143, 105, 14841)
(143, 60, 11131)
(143, 114, 11243)
(143, 79, 706)
(143, 55, 6472)
(143, 35, 13891)
(143, 96, 1091)
(143, 94, 6399)
(143, 48, 8811)
(143, 34, 1551)
(143, 36, 13890)
(143, 102, 14811)
(143, 9, 2932)
(143, 92, 9943)
(143, 64, 14638)
(143, 65, 4970)
(143, 22, 1470)
(143, 43, 6741)
(143, 76, 5574)
(143, 137, 11388)
(143, 12, 3766)
(143, 121, 4706)
(143, 78, 3969)
(143, 139, 3886)
(143, 72, 9114)
(143, 17, 14845)
(143, 140, 101)
(143, 62, 13136)
(143, 98, 14957)
(143, 108, 9891)
(143, 115, 7936)
(143, 50, 10359)
(143, 51, 2742)
(143, 75, 9889)
(143, 47, 8788)
(143, 130, 2287)
(143, 122, 1275)
(143, 112, 11316)
(143, 113, 11676)
(143, 31, 14522)
(143, 71, 10928)
(143, 124, 6861)
(143, 133, 12972)
(143, 6, 3790)
(143, 29, 2857)
(143, 91, 813)
(143, 38, 9227)
(143, 49, 4492)
(143, 32, 8095)
(143, 28, 6273)
(143, 18, 9128)
(143, 101, 7161)
(143, 86, 190)
(143, 109, 7998)
(143, 46, 3310)
(143, 118, 3400)
(143, 93, 6372)
(143, 56, 7197)
(143, 70, 2428)
(143, 95, 7996)
(143, 40, 11281)
(143, 111, 6505)
(143, 19, 1041)
(143, 63, 6259)
(143, 37, 1829)
(143, 84, 8308)
(143, 33, 10629)
(143, 26, 1050)
(143, 2, 12728)
(143, 142, 4337)
(143, 68, 1351)
(143, 135, 12172)
(143, 123, 11276)
(143, 136, 8904)
(144, 44, 13549)
(144, 10, 1465)
(144, 92, 4130)
(144, 135, 9043)
(144, 41, 8262)
(144, 4, 9969)
(144, 110, 9828)
(144, 18, 10940)
(144, 113, 9240)
(144, 42, 11861)
(144, 38, 3517)
(144, 1, 2187)
(144, 48, 2028)
(144, 8, 3781)
(144, 111, 8731)
(144, 84, 13495)
(144, 107, 9956)
(144, 133, 9081)
(144, 60, 5137)
(144, 25, 9280)
(144, 98, 6953)
(144, 14, 11494)
(144, 16, 5679)
(144, 114, 2731)
(144, 49, 6761)
(144, 65, 6735)
(144, 140, 14099)
(144, 116, 8351)
(144, 28, 9535)
(144, 90, 7972)
(144, 99, 3469)
(144, 7, 3651)
(144, 85, 6634)
(144, 31, 27)
(144, 87, 14751)
(144, 132, 11204)
(144, 22, 9398)
(144, 103, 40)
(144, 94, 11568)
(144, 112, 2610)
(144, 127, 13754)
(144, 115, 13983)
(144, 100, 9777)
(144, 36, 484)
(144, 3, 14114)
(144, 82, 1175)
(144, 11, 2950)
(144, 130, 4382)
(144, 35, 11221)
(144, 37, 1882)
(144, 70, 10023)
(144, 121, 2696)
(144, 118, 6474)
(144, 51, 2901)
(144, 138, 12026)
(144, 15, 7024)
(144, 69, 3100)
(144, 143, 14633)
(144, 75, 6223)
(144, 80, 11619)
(144, 2, 4247)
(144, 142, 12497)
(144, 79, 12962)
(144, 24, 4763)
(145, 75, 7356)
(145, 55, 10752)
(145, 73, 6591)
(145, 12, 103)
(145, 51, 1987)
(145, 135, 9906)
(145, 47, 3098)
(145, 110, 4176)
(145, 66, 2191)
(145, 6, 2596)
(145, 127, 2381)
(145, 88, 7758)
(145, 90, 9437)
(145, 1, 3135)
(145, 82, 5289)
(145, 36, 7602)
(145, 144, 14231)
(145, 137, 10126)
(145, 23, 6483)
(145, 79, 3061)
(145, 35, 6426)
(145, 68, 6678)
(145, 126, 11446)
(145, 94, 2345)
(145, 91, 390)
(145, 0, 1595)
(145, 59, 12536)
(145, 62, 11180)
(145, 97, 14650)
(145, 20, 9788)
(145, 96, 2066)
(145, 4, 6854)
(145, 25, 257)
(145, 125, 2746)
(145, 107, 12023)
(145, 104, 13507)
(145, 123, 14578)
(145, 37, 9485)
(145, 19, 11623)
(145, 31, 999)
(145, 69, 843)
(145, 119, 12502)
(145, 24, 8089)
(145, 130, 3771)
(145, 89, 14440)
(145, 58, 6118)
(145, 38, 5154)
(145, 57, 12043)
(145, 72, 12861)
(145, 39, 202)
(145, 112, 14846)
(145, 80, 11070)
(145, 45, 8631)
(145, 70, 256)
(145, 65, 5032)
(145, 10, 13511)
(145, 17, 6775)
(145, 106, 6063)
(145, 121, 5442)
(145, 124, 12393)
(145, 132, 7421)
(145, 40, 362)
(145, 98, 14715)
(145, 85, 2498)
(145, 105, 5799)
(145, 8, 6828)
(145, 115, 10507)
(145, 28, 3708)
(145, 129, 10150)
(145, 3, 9249)
(145, 95, 13816)
(145, 78, 14645)
(145, 29, 12473)
(145, 108, 12436)
(145, 60, 4716)
(145, 74, 3975)
(145, 118, 6802)
(145, 26, 12699)
(145, 136, 12059)
(145, 128, 1907)
(145, 7, 11531)
(145, 116, 8615)
(145, 43, 2317)
(145, 71, 6503)
(145, 30, 13694)
(145, 93, 5111)
(145, 50, 8465)
(145, 113, 12563)
(145, 53, 2683)
(145, 11, 6822)
(145, 18, 9578)
(145, 2, 9857)
(145, 103, 11003)
(145, 138, 5204)
(145, 102, 3443)
(145, 140, 719)
(145, 101, 2909)
(145, 84, 3944)
(145, 41, 11170)
(145, 92, 6965)
(145, 13, 14773)
(145, 44, 9261)
(145, 54, 7322)
(145, 134, 4304)
(145, 67, 5972)
(145, 27, 13796)
(145, 122, 1785)
(145, 120, 11134)
(145, 42, 6276)
(145, 131, 5788)
(145, 83, 1549)
(145, 33, 9550)
(145, 14, 8499)
(145, 46, 8482)
(145, 56, 10460)
(145, 77, 8690)
(145, 34, 8404)
(145, 139, 2339)
(145, 52, 9360)
(145, 22, 8518)
(145, 109, 750)
(145, 61, 13708)
(145, 48, 5181)
(145, 142, 12476)
(145, 114, 9835)
(145, 143, 8209)
(145, 133, 848)
(145, 32, 7918)
(145, 64, 3647)
(145, 81, 5697)
(145, 5, 6017)
(145, 111, 822)
(145, 99, 12039)
(145, 86, 9210)
(145, 87, 6929)
(145, 141, 13298)
(145, 16, 6849)
(145, 49, 5076)
(145, 15, 477)
(145, 63, 3459)
(145, 117, 4239)
(145, 76, 14850)
(145, 21, 168)
(146, 140, 11901)
(146, 91, 6967)
(146, 101, 4930)
(146, 87, 3463)
(146, 128, 14222)
(146, 24, 4816)
(146, 115, 2394)
(146, 37, 12004)
(146, 71, 3981)
(146, 35, 14587)
(146, 144, 4987)
(146, 98, 9741)
(146, 94, 1857)
(146, 63, 2885)
(146, 54, 2182)
(146, 16, 5667)
(146, 57, 8310)
(146, 32, 6396)
(146, 123, 6975)
(146, 104, 4943)
(146, 59, 9850)
(146, 122, 14209)
(146, 93, 8563)
(146, 92, 6388)
(146, 97, 2223)
(146, 77, 14700)
(146, 31, 656)
(146, 112, 5909)
(146, 48, 9482)
(146, 74, 2772)
(146, 110, 2907)
(146, 139, 4465)
(146, 103, 5961)
(146, 9, 5299)
(146, 109, 12302)
(146, 132, 11732)
(146, 28, 5923)
(146, 50, 13257)
(146, 99, 14190)
(146, 12, 11373)
(146, 1, 3660)
(146, 113, 2799)
(146, 49, 263)
(146, 4, 14520)
(146, 41, 8119)
(146, 11, 9509)
(146, 126, 1823)
(146, 80, 9658)
(146, 58, 8617)
(146, 68, 12688)
(146, 119, 57)
(146, 34, 511)
(146, 21, 3422)
(146, 86, 10154)
(146, 65, 12158)
(146, 102, 7544)
(146, 33, 14551)
(146, 129, 4908)
(146, 64, 10705)
(146, 124, 8205)
(146, 105, 26)
(146, 136, 3606)
(146, 14, 2400)
(146, 84, 3173)
(146, 135, 6264)
(146, 82, 14356)
(146, 40, 6308)
(146, 44, 7133)
(146, 120, 4031)
(146, 42, 11157)
(146, 0, 2913)
(146, 53, 12568)
(146, 27, 11599)
(147, 124, 8045)
(147, 46, 965)
(147, 91, 14007)
(147, 3, 12359)
(147, 47, 6138)
(147, 20, 14828)
(147, 8, 874)
(147, 139, 7626)
(147, 116, 1368)
(147, 109, 14152)
(147, 119, 10520)
(147, 120, 10631)
(147, 138, 7662)
(147, 41, 14953)
(148, 17, 10364)
(148, 26, 3470)
(148, 112, 10036)
(148, 94, 13320)
(148, 12, 4036)
(148, 101, 1312)
(148, 75, 14281)
(148, 116, 1473)
(148, 144, 10979)
(148, 0, 658)
(148, 80, 13676)
(148, 68, 7973)
(148, 47, 10997)
(148, 16, 1489)
(148, 131, 7576)
(148, 70, 2199)
(148, 22, 12149)
(148, 50, 2966)
(148, 85, 11488)
(149, 57, 9633)
(149, 6, 782)
(149, 0, 10038)
(149, 7, 5857)
(149, 69, 4655)
(149, 134, 13834)
(149, 78, 9254)
(149, 32, 2366)
(149, 143, 14321)
(149, 58, 1741)
(149, 60, 10663)
(149, 122, 5279)
(149, 15, 11964)
(149, 72, 501)
(149, 87, 11591)
(149, 76, 11763)
(149, 80, 7241)
(149, 31, 10926)
(149, 66, 1805)
(149, 97, 5341)
(149, 64, 5035)
(149, 115, 6354)
(149, 51, 446)
(149, 33, 5409)
(149, 91, 552)
(149, 41, 12437)
(149, 46, 2707)
(149, 141, 3539)
(149, 123, 2638)
(149, 18, 9613)
(149, 40, 6113)
(149, 83, 2822)
(149, 79, 5281)
(149, 27, 7146)
(149, 138, 13207)
(149, 10, 7332)
(149, 109, 9622)
(149, 20, 2943)
(149, 88, 13559)
(149, 145, 6941)
(149, 135, 6128)
(149, 102, 5445)
(149, 43, 7260)
(149, 108, 12697)
(149, 4, 2507)
(149, 36, 9115)
(149, 14, 5996)
(149, 104, 2838)
(149, 54, 9659)
(149, 98, 8259)
(149, 63, 5838)
(149, 119, 5207)
(149, 65, 12370)
(149, 67, 1078)
(149, 5, 8779)
(149, 137, 10046)
(149, 131, 8399)
(149, 16, 9565)
(149, 47, 7577)
(149, 133, 13227)
(149, 113, 6094)
(149, 34, 12070)
(150, 52, 3298)
(150, 126, 2120)
(150, 87, 14098)
(150, 134, 1926)
(150, 132, 2101)
(150, 143, 980)
(150, 128, 9807)
(150, 130, 3927)
(150, 111, 74)
(150, 119, 11417)
(150, 138, 11443)
(150, 142, 11334)
(150, 29, 5138)
(150, 79, 7325)
(150, 54, 14344)
(150, 14, 14750)
(150, 102, 14350)
(150, 21, 5768)
(150, 68, 7648)
(150, 34, 2785)
(150, 136, 13593)
(150, 61, 11196)
(150, 144, 11815)
(150, 103, 9040)
(150, 78, 10164)
(150, 104, 12552)
(150, 44, 6491)
(150, 12, 4331)
(150, 84, 5555)
(150, 96, 1393)
(150, 56, 9353)
(150, 60, 9886)
(150, 43, 13109)
(150, 81, 9546)
(150, 139, 6947)
(150, 69, 6359)
(150, 11, 14031)
(150, 22, 2065)
(150, 1, 2626)
(150, 120, 3040)
(150, 85, 5455)
(150, 90, 11374)
(150, 0, 279)
(150, 55, 12223)
(150, 41, 12580)
(150, 70, 11548)
(150, 99, 14193)
(150, 66, 944)
(150, 71, 11851)
(150, 15, 1943)
(150, 3, 1396)
(150, 47, 7138)
(150, 32, 5198)
(150, 106, 9825)
(150, 109, 4210)
(150, 33, 7220)
(150, 39, 12515)
(150, 49, 627)
(150, 75, 4283)
(150, 131, 14918)
(150, 13, 5611)
(150, 86, 5087)
(150, 89, 7218)
(150, 31, 13761)
(150, 9, 10827)
(150, 77, 6244)
(150, 50, 10645)
(150, 101, 8003)
(150, 125, 924)
(150, 46, 756)
(150, 94, 9002)
(150, 140, 8956)
(150, 135, 9463)
(150, 105, 2677)
(150, 53, 7572)
(150, 63, 2939)
(150, 42, 312)
(150, 83, 12212)
(150, 18, 4391)
(150, 2, 908)
(150, 59, 8986)
(150, 122, 7078)
(150, 114, 3233)
(150, 57, 5598)
(151, 64, 2973)
(151, 120, 6688)
(151, 8, 3442)
(151, 17, 11684)
(151, 80, 10599)
(152, 7, 601)
(152, 50, 10970)
(152, 46, 10330)
(152, 71, 8782)
(152, 113, 12249)
(152, 109, 12371)
(152, 94, 14556)
(152, 34, 13228)
(152, 89, 5321)
(152, 79, 13551)
(152, 33, 13280)
(152, 96, 7371)
(152, 66, 12407)
(152, 141, 13017)
(152, 11, 11911)
(152, 147, 9965)
(152, 36, 12035)
(152, 127, 2361)
(152, 108, 1572)
(152, 15, 8506)
(152, 120, 2534)
(152, 55, 6558)
(152, 18, 1891)
(152, 58, 4489)
(152, 24, 4059)
(152, 30, 4156)
(152, 135, 11529)
(152, 23, 3674)
(152, 3, 419)
(152, 105, 5430)
(152, 45, 1959)
(152, 81, 11665)
(152, 106, 4454)
(153, 151, 7310)
(153, 92, 10506)
(153, 84, 7608)
(153, 109, 8093)
(153, 13, 5586)
(153, 81, 13393)
(153, 128, 10075)
(153, 15, 7360)
(153, 16, 549)
(153, 25, 9164)
(153, 124, 7480)
(153, 64, 6083)
(153, 32, 3303)
(153, 106, 13721)
(153, 115, 14336)
(153, 78, 10019)
(153, 134, 715)
(153, 59, 6642)
(153, 143, 1618)
(153, 76, 4476)
(153, 148, 3782)
(153, 17, 11982)
(153, 53, 8509)
(153, 79, 11331)
(153, 129, 13064)
(154, 122, 10988)
(154, 2, 5412)
(154, 41, 8936)
(154, 29, 1835)
(154, 100, 141)
(154, 25, 717)
(154, 138, 5632)
(154, 1, 6351)
(154, 3, 3409)
(154, 119, 2023)
(154, 88, 1594)
(154, 45, 262)
(154, 74, 941)
(154, 66, 13693)
(154, 95, 1807)
(154, 112, 2201)
(154, 63, 9616)
(154, 9, 9789)
(154, 103, 5044)
(154, 150, 11786)
(154, 120, 2251)
(154, 87, 4398)
(154, 101, 11993)
(154, 132, 5712)
(154, 39, 2046)
(154, 10, 5565)
(154, 153, 12864)
(154, 44, 8361)
(154, 140, 11933)
(154, 76, 5190)
(154, 15, 11504)
(154, 84, 1982)
(154, 47, 11263)
(154, 83, 209)
(154, 85, 1483)
(154, 27, 14300)
(154, 62, 14480)
(154, 55, 3573)
(154, 11, 579)
(154, 0, 6952)
(154, 72, 7690)
(154, 14, 6199)
(154, 123, 11040)
(154, 91, 1755)
(154, 104, 5492)
(154, 148, 4709)
(154, 142, 3576)
(154, 49, 2544)
(154, 97, 13151)
(154, 125, 13374)
(154, 116, 6648)
(154, 149, 10477)
(154, 130, 762)
(154, 67, 1673)
(154, 36, 12116)
(154, 12, 3947)
(154, 110, 10471)
(154, 43, 8594)
(154, 70, 12255)
(154, 40, 11254)
(154, 38, 426)
(154, 61, 6306)
(154, 54, 1658)
(154, 13, 10404)
(154, 135, 9637)
(154, 106, 1459)
(154, 108, 9917)
(154, 42, 3993)
(154, 80, 7948)
(154, 30, 11751)
(154, 34, 7153)
(154, 139, 7553)
(154, 94, 13705)
(154, 28, 9951)
(154, 51, 6590)
(154, 90, 12309)
(154, 99, 4835)
(154, 111, 2457)
(154, 121, 14165)
(154, 64, 10575)
(154, 21, 13316)
(154, 48, 10678)
(154, 59, 12372)
(154, 92, 10807)
(154, 124, 12630)
(154, 146, 3009)
(154, 147, 14839)
(154, 118, 14963)
(154, 105, 3745)
(154, 37, 8004)
(154, 115, 2536)
(154, 31, 7800)
(154, 127, 4430)
(154, 19, 1800)
(154, 69, 13601)
(154, 6, 13162)
(154, 77, 11222)
(154, 23, 2015)
(154, 79, 236)
(154, 33, 9839)
(154, 71, 9391)
(154, 26, 13528)
(154, 129, 12485)
(154, 17, 4861)
(154, 8, 9577)
(154, 20, 7588)
(154, 117, 10715)
(154, 137, 6588)
(154, 98, 4665)
(154, 81, 4526)
(154, 7, 4044)
(154, 65, 12638)
(154, 75, 5677)
(154, 136, 13468)
(155, 134, 10205)
(155, 58, 2873)
(155, 4, 13443)
(155, 150, 12453)
(155, 99, 9467)
(155, 14, 11424)
(155, 45, 4991)
(155, 29, 6565)
(155, 73, 14649)
(155, 97, 4088)
(155, 109, 5630)
(155, 66, 3015)
(155, 65, 2676)
(155, 81, 1502)
(155, 107, 2225)
(155, 103, 223)
(155, 44, 14704)
(155, 110, 3165)
(155, 30, 1395)
(156, 61, 5691)
(156, 46, 6683)
(156, 145, 10059)
(156, 44, 2910)
(156, 112, 2808)
(156, 54, 5757)
(156, 89, 1815)
(156, 74, 10550)
(156, 64, 6689)
(156, 104, 7681)
(156, 1, 7249)
(156, 58, 3055)
(156, 150, 10904)
(156, 92, 10169)
(156, 8, 1343)
(156, 140, 11820)
(156, 48, 14290)
(156, 106, 5846)
(156, 59, 10891)
(156, 29, 10244)
(156, 32, 1113)
(156, 4, 2562)
(156, 10, 7186)
(156, 88, 9865)
(156, 34, 4332)
(156, 67, 8002)
(156, 115, 1172)
(156, 93, 7698)
(156, 39, 2376)
(156, 51, 11164)
(156, 121, 9277)
(156, 109, 4074)
(156, 24, 7237)
(156, 22, 13178)
(156, 38, 2476)
(156, 85, 4619)
(156, 2, 14501)
(156, 154, 455)
(156, 95, 10836)
(156, 114, 5908)
(156, 101, 2531)
(156, 122, 4743)
(156, 31, 14651)
(156, 128, 6511)
(156, 13, 13051)
(156, 124, 13048)
(156, 119, 3107)
(156, 126, 9146)
(156, 68, 3874)
(156, 144, 1824)
(156, 142, 13730)
(156, 151, 6680)
(156, 6, 6551)
(156, 36, 10533)
(156, 127, 14122)
(156, 28, 10349)
(156, 12, 327)
(156, 27, 12451)
(156, 132, 7765)
(156, 90, 5744)
(156, 71, 13432)
(156, 49, 10686)
(156, 108, 10782)
(156, 91, 9245)
(156, 130, 9095)
(156, 129, 5316)
(156, 9, 4897)
(156, 83, 9929)
(156, 57, 13563)
(156, 79, 10544)
(156, 149, 12510)
(156, 33, 9197)
(156, 86, 3988)
(156, 18, 10972)
(156, 41, 7979)
(156, 97, 5383)
(156, 15, 13870)
(156, 148, 6023)
(156, 16, 3807)
(156, 152, 6816)
(156, 56, 4178)
(156, 138, 7248)
(156, 25, 14305)
(156, 99, 2682)
(156, 19, 14268)
(156, 76, 9120)
(156, 72, 8504)
(156, 82, 1997)
(156, 135, 8026)
(156, 35, 5658)
(157, 27, 5685)
(157, 26, 10172)
(157, 49, 3374)
(157, 114, 111)
(157, 108, 1413)
(157, 18, 3357)
(157, 124, 1375)
(157, 99, 6001)
(157, 63, 1708)
(157, 146, 7526)
(157, 25, 10096)
(157, 107, 13327)
(157, 142, 14689)
(157, 51, 13882)
(157, 23, 14553)
(157, 57, 8240)
(157, 67, 4214)
(157, 34, 10803)
(157, 83, 5466)
(157, 30, 11769)
(157, 61, 287)
(157, 48, 4874)
(157, 113, 12790)
(157, 41, 11029)
(157, 106, 9195)
(157, 125, 2611)
(157, 111, 14045)
(157, 69, 3903)
(157, 95, 4224)
(157, 20, 1181)
(157, 133, 13893)
(157, 118, 5346)
(157, 144, 1278)
(157, 3, 10731)
(157, 131, 1773)
(157, 141, 11695)
(157, 39, 12654)
(157, 2, 7039)
(157, 17, 12021)
(157, 14, 1973)
(157, 148, 14680)
(157, 126, 4326)
(157, 4, 3857)
(157, 77, 11594)
(157, 88, 3361)
(157, 74, 12426)
(157, 13, 13325)
(157, 40, 2396)
(157, 45, 49)
(157, 121, 10925)
(157, 123, 7431)
(157, 15, 5745)
(157, 1, 11501)
(157, 110, 6290)
(157, 138, 8677)
(157, 130, 3268)
(157, 9, 1318)
(157, 47, 3481)
(157, 92, 10459)
(157, 58, 8333)
(157, 96, 11174)
(157, 94, 10066)
(157, 140, 5043)
(157, 101, 3286)
(157, 22, 4851)
(157, 33, 14614)
(157, 152, 8704)
(157, 81, 10336)
(157, 143, 10493)
(157, 122, 3226)
(157, 86, 4040)
(157, 60, 1747)
(157, 71, 4981)
(157, 91, 6186)
(157, 153, 9519)
(157, 151, 11299)
(157, 135, 2329)
(157, 73, 13075)
(157, 156, 10094)
(157, 66, 2409)
(157, 80, 7447)
(157, 7, 6906)
(157, 149, 2545)
(157, 115, 7191)
(157, 105, 5317)
(157, 44, 7517)
(157, 109, 7950)
(157, 38, 12898)
(157, 78, 591)
(157, 56, 10735)
(157, 8, 267)
(157, 43, 11766)
(157, 82, 13306)
(157, 75, 13262)
(157, 139, 524)
(157, 52, 7334)
(157, 72, 12306)
(157, 117, 4207)
(157, 87, 1834)
(157, 112, 7068)
(157, 62, 5397)
(157, 100, 6676)
(157, 54, 4444)
(157, 35, 6707)
(157, 103, 11077)
(157, 76, 13445)
(157, 19, 3213)
(157, 50, 7398)
(158, 112, 10832)
(158, 85, 9837)
(158, 157, 9664)
(158, 130, 2647)
(158, 18, 6260)
(158, 13, 5560)
(158, 154, 748)
(158, 6, 11740)
(158, 131, 10496)
(158, 14, 6335)
(158, 45, 10257)
(158, 19, 14083)
(158, 110, 14135)
(158, 49, 2709)
(158, 16, 6350)
(158, 39, 5954)
(158, 10, 2207)
(158, 30, 1792)
(158, 53, 9585)
(158, 113, 12899)
(158, 109, 9947)
(158, 58, 14145)
(158, 52, 5639)
(158, 65, 1727)
(158, 108, 10047)
(158, 141, 5329)
(158, 86, 584)
(158, 78, 10343)
(158, 105, 989)
(158, 7, 14401)
(158, 140, 8652)
(158, 41, 1075)
(158, 48, 6203)
(158, 114, 3500)
(158, 136, 7288)
(158, 128, 13293)
(158, 37, 6144)
(158, 116, 10867)
(158, 115, 10712)
(158, 100, 2289)
(158, 97, 9786)
(158, 43, 6638)
(158, 118, 12448)
(158, 12, 8484)
(158, 147, 12290)
(158, 69, 7372)
(158, 56, 2443)
(158, 149, 646)
(158, 22, 13991)
(158, 82, 5353)
(158, 152, 10104)
(158, 134, 6652)
(158, 31, 12910)
(158, 135, 9281)
(158, 71, 2185)
(158, 21, 14438)
(158, 143, 2960)
(158, 137, 1958)
(158, 67, 1536)
(158, 68, 8425)
(158, 126, 2255)
(158, 74, 4124)
(158, 123, 8789)
(158, 133, 13031)
(158, 75, 8579)
(158, 87, 6482)
(158, 61, 11178)
(158, 2, 6173)
(158, 155, 3914)
(158, 129, 3133)
(158, 117, 816)
(158, 151, 7497)
(158, 28, 945)
(158, 59, 13390)
(158, 106, 9507)
(158, 0, 7471)
(158, 1, 5424)
(158, 46, 5250)
(158, 84, 11267)
(158, 24, 14131)
(158, 4, 1286)
(158, 62, 1319)
(158, 15, 8684)
(158, 98, 6821)
(158, 38, 6316)
(158, 104, 14540)
(158, 25, 13438)
(158, 55, 8355)
(158, 76, 7540)
(158, 119, 4030)
(158, 153, 14655)
(158, 103, 369)
(158, 9, 5848)
(158, 29, 8926)
(159, 98, 9548)
(159, 106, 7266)
(159, 116, 11999)
(159, 122, 12348)
(159, 105, 9738)
(159, 143, 14277)
(159, 145, 331)
(159, 15, 10754)
(159, 147, 14732)
(159, 133, 11928)
(159, 152, 4750)
(159, 121, 6718)
(159, 56, 6091)
(159, 40, 5055)
(159, 151, 11496)
(159, 111, 5506)
(159, 43, 10399)
(159, 21, 5414)
(159, 1, 4942)
(159, 108, 1633)
(159, 29, 9050)
(159, 9, 2202)
(159, 22, 7209)
(159, 94, 13812)
(159, 86, 10625)
(159, 3, 8780)
(159, 129, 9303)
(159, 97, 2386)
(159, 92, 8696)
(159, 119, 11405)
(159, 36, 6111)
(159, 45, 1917)
(159, 61, 4666)
(159, 132, 8039)
(159, 139, 6750)
(159, 16, 11330)
(159, 67, 150)
(159, 135, 415)
(159, 89, 238)
(159, 77, 11206)
(159, 149, 11711)
(159, 134, 5156)
(159, 115, 9486)
(159, 57, 8947)
(159, 102, 3934)
(159, 100, 1074)
(159, 148, 14287)
(159, 125, 8658)
(159, 49, 13759)
(159, 126, 11517)
(159, 69, 14197)
(159, 23, 6708)
(159, 64, 604)
(159, 13, 9432)
(159, 20, 7353)
(159, 78, 12872)
(159, 104, 8918)
(159, 96, 2209)
(159, 5, 9733)
(159, 74, 5386)
(159, 84, 2314)
(159, 110, 4605)
(159, 154, 8501)
(159, 88, 2714)
(159, 155, 10326)
(159, 138, 13919)
(159, 63, 841)
(159, 107, 14220)
(159, 38, 8697)
(159, 51, 4029)
(159, 27, 9712)
(159, 83, 5502)
(159, 124, 8186)
(159, 95, 13110)
(159, 158, 13371)
(159, 90, 5306)
(159, 12, 1916)
(159, 146, 940)
(159, 18, 838)
(159, 7, 12176)
(159, 19, 11561)
(159, 42, 7437)
(159, 75, 13815)
(159, 60, 2468)
(159, 41, 3835)
(159, 114, 6759)
(159, 85, 7999)
(159, 137, 14371)
(159, 35, 9830)
(159, 33, 11592)
(159, 141, 3877)
(159, 144, 10490)
(159, 2, 10314)
(159, 71, 10049)
(159, 25, 12820)
(159, 26, 3269)
(159, 62, 8695)
(159, 52, 9312)
(159, 24, 5388)
(159, 47, 5070)
(159, 0, 14606)
(159, 50, 14960)
(159, 120, 1749)
(159, 68, 6364)
(159, 46, 10742)
(159, 65, 14308)
(159, 58, 322)
(159, 127, 8211)
(159, 53, 11604)
(159, 39, 11682)
(159, 30, 9192)
(159, 76, 6123)
(159, 4, 721)
(159, 99, 4426)
(159, 66, 5241)
(159, 73, 1062)
(159, 113, 7119)
(159, 17, 10792)
(159, 34, 2929)
(159, 112, 8751)
(159, 11, 9545)
(159, 70, 3575)
(160, 22, 10117)
(160, 118, 12383)
(160, 144, 10235)
(160, 147, 14566)
(160, 64, 6811)
(160, 4, 12465)
(160, 156, 14595)
(160, 129, 7843)
(160, 148, 12044)
(160, 114, 8297)
(160, 130, 8398)
(160, 105, 6103)
(160, 36, 9933)
(160, 134, 7784)
(160, 35, 5878)
(160, 119, 1994)
(160, 23, 13758)
(160, 13, 9498)
(160, 133, 5930)
(160, 157, 13725)
(160, 120, 1822)
(160, 33, 9113)
(160, 69, 1861)
(160, 56, 11642)
(160, 83, 4573)
(160, 11, 9006)
(160, 45, 12619)
(160, 20, 7639)
(160, 49, 13444)
(160, 46, 11847)
(160, 149, 11406)
(160, 124, 13463)
(160, 76, 14467)
(160, 155, 1631)
(160, 75, 5664)
(160, 41, 5396)
(160, 126, 13237)
(160, 79, 2113)
(160, 24, 4576)
(160, 28, 9824)
(160, 154, 11514)
(160, 115, 13818)
(160, 37, 1558)
(160, 51, 66)
(160, 55, 4000)
(160, 112, 5770)
(160, 140, 14542)
(160, 2, 4837)
(160, 107, 11011)
(160, 137, 14398)
(160, 139, 6506)
(160, 17, 6042)
(160, 63, 4756)
(160, 77, 1935)
(160, 9, 12532)
(161, 1, 13078)
(161, 117, 22)
(161, 67, 1191)
(161, 100, 8800)
(161, 26, 8640)
(161, 50, 10532)
(161, 144, 2228)
(161, 45, 4250)
(161, 17, 12350)
(162, 66, 3157)
(162, 127, 8216)
(162, 118, 535)
(162, 5, 3319)
(162, 129, 3354)
(162, 161, 7697)
(162, 49, 7842)
(162, 110, 12810)
(162, 143, 13278)
(162, 86, 11875)
(162, 10, 1069)
(162, 102, 14770)
(162, 123, 10852)
(162, 30, 3918)
(162, 89, 2387)
(162, 8, 10060)
(162, 77, 1867)
(162, 38, 10523)
(162, 67, 6600)
(162, 24, 10984)
(162, 106, 10275)
(162, 87, 3266)
(162, 18, 2355)
(162, 98, 321)
(162, 151, 1195)
(162, 13, 11701)
(162, 117, 8566)
(162, 73, 13161)
(162, 64, 95)
(162, 111, 352)
(162, 84, 8591)
(162, 69, 7623)
(162, 103, 13156)
(162, 112, 7693)
(162, 156, 5183)
(162, 91, 4976)
(162, 63, 7545)
(162, 14, 11435)
(162, 31, 2190)
(162, 2, 2333)
(162, 20, 7351)
(162, 7, 10542)
(162, 142, 12186)
(162, 11, 10510)
(162, 53, 4570)
(162, 119, 6417)
(162, 147, 8943)
(162, 137, 1905)
(162, 58, 3610)
(162, 32, 1406)
(162, 100, 3216)
(162, 82, 7418)
(162, 79, 10240)
(162, 150, 8327)
(162, 50, 11432)
(162, 41, 1622)
(162, 159, 11047)
(162, 148, 2405)
(162, 47, 10005)
(162, 116, 473)
(162, 136, 3888)
(162, 125, 3097)
(162, 113, 1732)
(162, 138, 4248)
(162, 128, 8680)
(162, 48, 8846)
(162, 104, 6698)
(162, 80, 8544)
(162, 17, 6256)
(162, 144, 2109)
(162, 155, 936)
(162, 88, 6764)
(162, 108, 10048)
(162, 131, 11913)
(162, 51, 12127)
(162, 37, 12391)
(162, 81, 534)
(162, 16, 1562)
(162, 44, 6795)
(162, 22, 11481)
(162, 52, 12672)
(162, 130, 5621)
(162, 157, 2806)
(162, 122, 1169)
(162, 19, 1354)
(163, 108, 2848)
(163, 145, 9882)
(163, 82, 11085)
(163, 4, 3952)
(163, 102, 14130)
(163, 101, 14033)
(163, 121, 5395)
(163, 41, 8689)
(163, 125, 5119)
(163, 149, 7597)
(163, 20, 12081)
(164, 149, 9078)
(164, 48, 9983)
(164, 12, 8721)
(164, 79, 9443)
(164, 27, 11035)
(164, 132, 2807)
(164, 40, 9189)
(164, 130, 12475)
(164, 58, 12022)
(164, 64, 7007)
(164, 7, 10361)
(164, 5, 3856)
(164, 17, 13491)
(164, 150, 11828)
(164, 18, 13936)
(164, 101, 931)
(164, 15, 3285)
(164, 50, 5834)
(164, 1, 11238)
(164, 37, 4142)
(164, 122, 5522)
(164, 134, 9450)
(164, 100, 3202)
(164, 92, 13605)
(164, 66, 10458)
(164, 123, 47)
(164, 89, 3487)
(164, 127, 2691)
(164, 155, 8540)
(164, 35, 9009)
(164, 47, 14226)
(164, 133, 2018)
(164, 76, 3325)
(164, 144, 1447)
(164, 160, 728)
(164, 86, 4490)
(164, 115, 13582)
(164, 70, 8396)
(164, 41, 7981)
(164, 104, 6751)
(164, 156, 11092)
(164, 77, 13353)
(164, 52, 14255)
(164, 87, 9275)
(164, 118, 13318)
(164, 97, 2718)
(164, 105, 12741)
(164, 143, 1340)
(164, 74, 14408)
(164, 151, 10679)
(164, 6, 10969)
(164, 29, 9603)
(164, 30, 10683)
(164, 14, 1938)
(164, 93, 13524)
(164, 13, 3495)
(164, 53, 995)
(164, 163, 14787)
(164, 67, 11596)
(164, 62, 4717)
(164, 141, 8378)
(164, 147, 12105)
(164, 65, 2673)
(164, 109, 13684)
(164, 95, 8139)
(164, 19, 1517)
(164, 145, 1885)
(164, 16, 12824)
(164, 85, 14203)
(164, 31, 14843)
(164, 3, 10026)
(164, 71, 2649)
(164, 102, 14147)
(164, 28, 10129)
(164, 54, 6702)
(164, 34, 2497)
(164, 55, 9149)
(164, 43, 14235)
(164, 157, 1349)
(164, 61, 8474)
(164, 153, 10989)
(164, 90, 13902)
(164, 159, 13087)
(164, 21, 12581)
(164, 78, 7326)
(164, 38, 4671)
(164, 57, 7210)
(164, 110, 4128)
(164, 139, 10178)
(164, 68, 9924)
(164, 131, 3815)
(164, 60, 2933)
(164, 0, 13429)
(164, 84, 9241)
(164, 9, 9434)
(164, 140, 4748)
(164, 10, 11870)
(164, 2, 14604)
(164, 81, 12343)
(164, 121, 5866)
(164, 26, 12419)
(164, 51, 9770)
(164, 20, 10871)
(164, 24, 6696)
(164, 111, 755)
(164, 49, 11672)
(164, 94, 3309)
(164, 129, 11525)
(164, 36, 8492)
(164, 91, 5023)
(164, 44, 14196)
(164, 154, 3033)
(164, 152, 10813)
(164, 106, 2899)
(164, 11, 7557)
(164, 136, 10011)
(164, 4, 800)
(164, 113, 3891)
(164, 146, 11955)
(164, 22, 6772)
(164, 39, 10702)
(164, 98, 4459)
(164, 82, 1137)
(164, 59, 10110)
(164, 33, 9405)
(164, 63, 9094)
(165, 90, 10789)
(165, 121, 9811)
(165, 53, 14630)
(165, 110, 637)
(165, 135, 2613)
(165, 107, 7214)
(165, 21, 7974)
(165, 128, 11473)
(165, 99, 3336)
(165, 40, 2272)
(165, 2, 10504)
(165, 73, 9665)
(165, 143, 12845)
(165, 47, 8375)
(166, 119, 5839)
(166, 101, 3751)
(166, 51, 13198)
(166, 127, 7992)
(166, 130, 5278)
(166, 34, 7653)
(166, 67, 3763)
(166, 12, 2518)
(166, 117, 11973)
(166, 129, 14170)
(166, 137, 3816)
(166, 102, 205)
(166, 146, 10651)
(166, 7, 8657)
(166, 10, 5977)
(166, 46, 12268)
(166, 5, 2816)
(166, 84, 7748)
(166, 99, 5112)
(166, 160, 9474)
(166, 62, 1565)
(166, 53, 12397)
(166, 27, 3600)
(166, 4, 6729)
(166, 147, 1642)
(166, 15, 1794)
(166, 92, 5868)
(166, 87, 3008)
(166, 131, 1311)
(166, 14, 5644)
(166, 165, 1297)
(166, 13, 7562)
(166, 69, 7709)
(166, 142, 6441)
(166, 72, 4442)
(166, 118, 11486)
(166, 126, 1373)
(166, 138, 14362)
(166, 43, 3822)
(166, 37, 14391)
(166, 44, 3895)
(166, 17, 8406)
(166, 65, 11154)
(166, 41, 11461)
(166, 133, 6420)
(166, 39, 5186)
(166, 111, 6447)
(166, 63, 487)
(166, 152, 2128)
(166, 61, 3717)
(166, 128, 3872)
(166, 57, 4707)
(166, 135, 2588)
(166, 1, 12136)
(166, 20, 9567)
(166, 31, 6295)
(166, 113, 10833)
(166, 42, 9739)
(166, 21, 2575)
(166, 78, 4408)
(166, 125, 34)
(166, 103, 13059)
(166, 77, 2148)
(166, 116, 1031)
(166, 80, 4062)
(166, 3, 10492)
(166, 70, 2823)
(166, 124, 958)
(166, 79, 14105)
(166, 158, 720)
(166, 16, 11903)
(166, 106, 2685)
(166, 74, 13067)
(166, 36, 4607)
(166, 107, 8217)
(166, 141, 14625)
(166, 149, 1955)
(166, 123, 11947)
(166, 132, 9186)
(166, 76, 2844)
(166, 22, 3102)
(166, 143, 9848)
(166, 38, 6051)
(166, 75, 8113)
(166, 164, 8529)
(166, 58, 276)
(166, 114, 3132)
(166, 97, 14718)
(166, 73, 12352)
(166, 151, 247)
(166, 98, 4359)
(166, 29, 3626)
(166, 24, 5485)
(166, 50, 11906)
(166, 120, 2834)
(166, 83, 14219)
(166, 163, 14710)
(166, 2, 9257)
(166, 156, 752)
(166, 32, 8156)
(166, 104, 3593)
(166, 108, 9653)
(166, 81, 4053)
(166, 28, 2058)
(166, 91, 10613)
(166, 30, 11420)
(166, 49, 6691)
(166, 90, 11509)
(166, 64, 7989)
(166, 59, 8922)
(166, 6, 3784)
(166, 105, 11234)
(166, 56, 11845)
(166, 82, 9448)
(166, 161, 2980)
(166, 86, 10595)
(166, 60, 10547)
(166, 157, 9012)
(166, 159, 5810)
(166, 25, 10603)
(166, 110, 5294)
(166, 115, 7746)
(166, 35, 2050)
(166, 0, 5861)
(166, 155, 2080)
(166, 89, 28)
(166, 8, 6684)
(166, 88, 3056)
(166, 40, 6939)
(166, 148, 7338)
(166, 52, 2378)
(166, 121, 9751)
(166, 154, 10856)
(166, 19, 9144)
(166, 85, 10905)
(166, 122, 6998)
(166, 95, 12257)
(166, 33, 7656)
(166, 153, 1862)
(167, 152, 3162)
(167, 148, 3003)
(167, 54, 7088)
(167, 157, 7445)
(167, 50, 2930)
(167, 20, 5188)
(167, 99, 4591)
(167, 98, 110)
(167, 120, 1553)
(167, 85, 970)
(167, 22, 12821)
(167, 93, 382)
(167, 81, 4052)
(167, 78, 3331)
(167, 37, 6542)
(167, 56, 394)
(167, 119, 7789)
(167, 33, 1086)
(167, 80, 13635)
(167, 160, 2678)
(167, 84, 3440)
(167, 49, 14360)
(167, 96, 8176)
(167, 57, 7504)
(167, 48, 8953)
(167, 112, 1648)
(167, 131, 13961)
(167, 158, 2268)
(167, 116, 12108)
(167, 11, 5629)
(167, 139, 6243)
(167, 26, 9755)
(167, 127, 8115)
(167, 35, 5870)
(167, 40, 10964)
(167, 165, 8112)
(167, 38, 2198)
(167, 105, 6413)
(167, 104, 4446)
(167, 53, 11719)
(167, 103, 7892)
(167, 16, 14002)
(167, 72, 14933)
(167, 91, 7457)
(167, 162, 480)
(167, 7, 121)
(167, 108, 4035)
(167, 24, 13053)
(167, 60, 589)
(167, 163, 5310)
(167, 89, 12830)
(167, 23, 14744)
(167, 150, 12762)
(167, 21, 11044)
(167, 0, 10007)
(167, 146, 11478)
(167, 31, 916)
(167, 39, 8277)
(167, 117, 14468)
(167, 74, 14188)
(167, 8, 11200)
(167, 55, 8319)
(167, 51, 7084)
(167, 65, 12000)
(167, 69, 5177)
(167, 133, 2986)
(167, 95, 14807)
(167, 52, 14547)
(167, 106, 2165)
(167, 82, 6613)
(167, 134, 8574)
(167, 28, 3502)
(167, 113, 4936)
(167, 66, 11640)
(167, 141, 13648)
(167, 19, 6587)
(167, 17, 11616)
(167, 30, 228)
(167, 140, 11087)
(167, 15, 376)
(167, 137, 14487)
(167, 136, 4462)
(167, 114, 9930)
(167, 77, 420)
(167, 153, 7304)
(167, 125, 10529)
(167, 86, 2687)
(167, 129, 12164)
(167, 145, 11724)
(167, 161, 13233)
(167, 138, 2573)
(167, 142, 11653)
(167, 36, 12196)
(167, 151, 8764)
(167, 155, 8586)
(167, 5, 4407)
(167, 12, 739)
(167, 43, 12613)
(167, 29, 2565)
(167, 76, 11408)
(167, 118, 4584)
(167, 45, 553)
(167, 47, 12382)
(167, 6, 4258)
(167, 94, 4354)
(167, 88, 8097)
(167, 110, 894)
(167, 159, 12911)
(167, 132, 4877)
(168, 43, 2688)
(168, 57, 3683)
(168, 77, 2977)
(168, 28, 1241)
(168, 128, 1513)
(168, 65, 7319)
(168, 47, 3241)
(168, 124, 2554)
(168, 96, 3536)
(168, 3, 14730)
(168, 113, 2438)
(168, 30, 13057)
(168, 22, 10637)
(168, 108, 973)
(168, 11, 8644)
(168, 55, 3220)
(168, 49, 4169)
(168, 7, 6365)
(168, 9, 3339)
(168, 69, 13543)
(168, 137, 10549)
(168, 42, 12608)
(168, 62, 9163)
(169, 35, 7158)
(169, 93, 575)
(169, 42, 11398)
(169, 125, 8033)
(169, 143, 1941)
(169, 123, 3599)
(169, 74, 4181)
(169, 145, 3743)
(169, 149, 10916)
(169, 113, 9104)
(169, 2, 3283)
(169, 23, 12349)
(169, 14, 14054)
(169, 157, 3257)
(169, 70, 9141)
(169, 49, 6724)
(169, 132, 8593)
(169, 46, 2103)
(169, 53, 3484)
(169, 63, 10316)
(169, 28, 3574)
(169, 57, 9914)
(169, 39, 14240)
(169, 147, 5539)
(169, 148, 811)
(169, 98, 13331)
(169, 133, 11058)
(169, 43, 1952)
(169, 54, 8265)
(169, 27, 7551)
(169, 138, 8527)
(169, 168, 8125)
(169, 108, 8827)
(169, 47, 4091)
(169, 128, 9881)
(169, 129, 7528)
(169, 41, 11194)
(169, 30, 7407)
(169, 29, 3692)
(169, 15, 14762)
(169, 166, 2517)
(169, 38, 10632)
(169, 62, 968)
(169, 48, 9439)
(169, 87, 4566)
(169, 161, 11469)
(169, 61, 1114)
(169, 117, 14402)
(169, 44, 12247)
(169, 40, 10132)
(169, 127, 7208)
(169, 89, 13351)
(169, 124, 14136)
(169, 5, 12218)
(169, 111, 8516)
(169, 64, 8239)
(169, 71, 9169)
(169, 33, 12576)
(169, 58, 13375)
(169, 156, 1632)
(169, 69, 1161)
(169, 83, 5979)
(169, 107, 6524)
(169, 78, 8819)
(169, 52, 4041)
(169, 86, 8528)
(169, 130, 7399)
(169, 153, 824)
(169, 59, 2047)
(169, 150, 4004)
(169, 77, 10037)
(169, 95, 11484)
(169, 36, 9706)
(169, 20, 13728)
(169, 104, 8942)
(169, 101, 14859)
(169, 162, 4064)
(169, 163, 11932)
(169, 146, 288)
(169, 165, 10160)
(169, 81, 3795)
(169, 88, 3318)
(169, 105, 9540)
(169, 11, 2665)
(169, 75, 1542)
(169, 152, 5888)
(169, 51, 4914)
(169, 154, 12314)
(169, 151, 8674)
(169, 73, 590)
(169, 37, 12002)
(169, 25, 839)
(169, 137, 13541)
(169, 118, 1670)
(169, 45, 11485)
(169, 1, 10748)
(169, 144, 5702)
(169, 26, 2780)
(169, 126, 2514)
(169, 102, 8255)
(169, 34, 5749)
(169, 91, 12445)
(169, 84, 12553)
(169, 16, 11190)
(169, 31, 9336)
(169, 116, 13851)
(169, 13, 13322)
(169, 80, 13841)
(169, 119, 5706)
(169, 131, 12166)
(169, 134, 12214)
(169, 122, 13174)
(169, 50, 11986)
(169, 55, 8933)
(169, 22, 12202)
(169, 110, 11216)
(169, 82, 12151)
(169, 66, 9806)
(169, 160, 1420)
(169, 112, 5634)
(169, 67, 3955)
(169, 72, 5671)
(169, 8, 2927)
(169, 3, 14143)
(169, 140, 10941)
(169, 158, 9044)
(169, 115, 8513)
(169, 24, 12065)
(169, 100, 10930)
(169, 139, 4870)
(169, 0, 12297)
(169, 6, 113)
(169, 106, 12079)
(169, 12, 11148)
(169, 76, 9323)
(169, 65, 7097)
(169, 155, 6858)
(169, 164, 9302)
(169, 97, 8263)
(169, 10, 4241)
(169, 17, 10973)
(169, 56, 10642)
(169, 79, 3629)
(169, 99, 14430)
(169, 114, 221)
(169, 4, 11975)
(169, 159, 13490)
(169, 96, 4232)
(169, 9, 8526)
(169, 60, 6938)
(169, 94, 9188)
(169, 141, 10183)
(169, 120, 10724)
(169, 92, 12231)
(169, 167, 8457)
(169, 136, 1854)
(169, 142, 6825)
(169, 32, 8710)
(169, 90, 10289)
(169, 103, 12970)
(169, 68, 10924)
(169, 19, 7546)
(169, 21, 167)
(169, 121, 3541)
(169, 85, 3956)
(169, 18, 14509)
(169, 7, 13026)
(169, 109, 13953)
(169, 135, 5252)
(170, 127, 1776)
(170, 145, 5729)
(170, 89, 5468)
(170, 124, 9900)
(170, 100, 14682)
(170, 163, 10176)
(170, 157, 10219)
(170, 74, 2437)
(170, 68, 12311)
(170, 162, 13557)
(170, 34, 3906)
(170, 39, 5929)
(170, 48, 1816)
(170, 56, 4060)
(170, 29, 1582)
(170, 55, 13844)
(170, 115, 10408)
(170, 90, 13349)
(170, 13, 3478)
(170, 71, 8219)
(170, 79, 2764)
(170, 114, 13505)
(170, 63, 5557)
(170, 142, 7536)
(170, 16, 8497)
(170, 80, 13408)
(170, 59, 12046)
(170, 64, 7735)
(170, 77, 6127)
(170, 3, 12505)
(170, 67, 10749)
(170, 106, 14014)
(170, 117, 1716)
(170, 37, 2129)
(170, 19, 12592)
(170, 7, 9341)
(170, 103, 8901)
(170, 62, 6121)
(170, 161, 10709)
(170, 168, 11917)
(170, 131, 1576)
(170, 141, 8152)
(170, 49, 10956)
(170, 27, 12939)
(170, 65, 14491)
(170, 152, 12726)
(170, 25, 7805)
(170, 153, 4197)
(170, 148, 4235)
(170, 26, 5214)
(170, 99, 3125)
(170, 69, 4429)
(170, 111, 12996)
(170, 105, 2151)
(170, 118, 13767)
(170, 149, 509)
(170, 87, 2383)
(170, 45, 3300)
(170, 94, 2403)
(170, 51, 11872)
(170, 8, 10861)
(170, 78, 11927)
(170, 128, 13877)
(170, 32, 2218)
(170, 36, 5951)
(170, 150, 606)
(170, 140, 4625)
(170, 96, 8966)
(170, 119, 13929)
(170, 107, 243)
(170, 6, 7246)
(170, 135, 3971)
(170, 160, 12495)
(170, 132, 9031)
(170, 137, 13147)
(170, 86, 392)
(170, 50, 1158)
(170, 98, 14058)
(170, 60, 9252)
(170, 12, 1087)
(170, 138, 5680)
(170, 84, 504)
(170, 72, 4185)
(170, 95, 8891)
(170, 154, 546)
(170, 139, 3104)
(170, 97, 13177)
(170, 46, 830)
(170, 5, 2786)
(170, 116, 8318)
(170, 47, 6284)
(170, 158, 9133)
(170, 164, 7417)
(170, 11, 5421)
(170, 144, 14000)
(170, 126, 1879)
(170, 146, 5109)
(170, 91, 11229)
(170, 134, 12792)
(170, 83, 2298)
(170, 75, 11159)
(170, 110, 7289)
(170, 57, 3236)
(170, 43, 4614)
(170, 113, 925)
(170, 40, 14110)
(170, 101, 14709)
(170, 130, 10228)
(170, 88, 12273)
(170, 155, 11977)
(170, 0, 2680)
(171, 156, 5323)
(171, 136, 14065)
(171, 108, 8028)
(171, 128, 14796)
(171, 158, 13755)
(171, 126, 13285)
(171, 80, 107)
(171, 58, 6356)
(171, 119, 7254)
(171, 16, 11033)
(171, 140, 12139)
(171, 46, 14618)
(171, 157, 11856)
(171, 43, 985)
(171, 107, 2773)
(171, 151, 4456)
(171, 124, 13799)
(171, 169, 10713)
(171, 78, 7116)
(171, 41, 4718)
(171, 94, 11601)
(171, 115, 10136)
(171, 113, 9593)
(171, 30, 366)
(171, 103, 7454)
(171, 96, 16)
(171, 112, 305)
(171, 82, 377)
(171, 26, 6400)
(171, 125, 7263)
(171, 73, 9973)
(171, 12, 5488)
(171, 97, 13822)
(171, 93, 10710)
(171, 51, 14836)
(171, 54, 11935)
(171, 5, 2091)
(171, 45, 11834)
(171, 64, 3848)
(171, 11, 3997)
(171, 168, 5262)
(171, 67, 9136)
(171, 92, 9719)
(171, 102, 5614)
(171, 56, 531)
(171, 28, 13748)
(171, 164, 1599)
(171, 29, 11909)
(171, 52, 9152)
(171, 100, 13397)
(171, 70, 11099)
(171, 20, 733)
(171, 163, 8999)
(171, 139, 9464)
(171, 81, 13312)
(171, 65, 7722)
(171, 137, 13643)
(171, 144, 14151)
(171, 66, 8129)
(171, 25, 8446)
(171, 0, 1859)
(171, 134, 14712)
(171, 123, 13350)
(172, 1, 2824)
(172, 2, 4389)
(172, 5, 1136)
(172, 3, 581)
(172, 148, 11202)
(172, 144, 261)
(172, 147, 10098)
(172, 22, 12922)
(172, 89, 3684)
(172, 85, 11868)
(172, 100, 2453)
(172, 41, 10310)
(172, 112, 4588)
(172, 13, 704)
(172, 99, 14866)
(172, 126, 10630)
(172, 164, 3804)
(172, 31, 6321)
(172, 73, 14890)
(172, 135, 12700)
(172, 157, 4880)
(172, 33, 12961)
(172, 140, 14772)
(172, 47, 7935)
(172, 149, 10935)
(172, 21, 11258)
(172, 84, 10521)
(172, 74, 7043)
(172, 20, 594)
(172, 119, 685)
(172, 108, 7915)
(172, 30, 14415)
(172, 19, 2331)
(172, 67, 11141)
(172, 165, 5777)
(172, 79, 4852)
(172, 117, 14617)
(172, 53, 9071)
(172, 40, 13692)
(172, 25, 1901)
(172, 69, 6129)
(172, 14, 11298)
(172, 11, 9624)
(172, 27, 3663)
(172, 145, 3225)
(172, 56, 14405)
(172, 97, 2227)
(172, 116, 11968)
(172, 133, 8015)
(172, 91, 13065)
(172, 39, 3195)
(172, 87, 9939)
(172, 51, 11749)
(172, 37, 2623)
(172, 107, 9199)
(172, 10, 5088)
(172, 60, 2975)
(172, 146, 9445)
(172, 138, 1271)
(172, 162, 14299)
(172, 42, 808)
(172, 46, 6499)
(172, 81, 11108)
(172, 169, 10020)
(172, 137, 12905)
(172, 82, 7673)
(172, 61, 11595)
(172, 77, 14327)
(172, 106, 8434)
(172, 28, 9357)
(172, 15, 4218)
(172, 45, 12940)
(172, 90, 9051)
(172, 72, 7009)
(172, 101, 10822)
(172, 35, 13942)
(172, 8, 10798)
(172, 129, 1744)
(172, 109, 11707)
(172, 118, 127)
(172, 122, 4083)
(172, 49, 8683)
(172, 150, 14192)
(172, 71, 11689)
(172, 125, 6448)
(172, 171, 6659)
(172, 80, 6480)
(172, 75, 11359)
(172, 57, 1681)
(172, 130, 13780)
(172, 141, 2491)
(172, 136, 11309)
(172, 44, 7806)
(172, 142, 599)
(172, 123, 1313)
(172, 110, 7235)
(172, 105, 7028)
(172, 86, 9099)
(172, 170, 14372)
(172, 12, 100)
(172, 24, 2027)
(172, 152, 10847)
(172, 78, 2156)
(172, 76, 14543)
(172, 166, 8198)
(172, 36, 9767)
(172, 139, 3032)
(172, 7, 4510)
(172, 92, 796)
(172, 113, 1058)
(172, 159, 3590)
(172, 131, 8088)
(172, 23, 7841)
(172, 167, 14018)
(172, 59, 3535)
(172, 43, 953)
(172, 103, 12144)
(172, 62, 10335)
(172, 58, 14899)
(172, 34, 10)
(172, 70, 13819)
(172, 9, 12879)
(172, 32, 2681)
