227
(1, 0, 16921)
(2, 0, 17898)
(3, 1, 25247)
(4, 2, 7349)
(5, 3, 8351)
(6, 1, 22000)
(6, 2, 13168)
(6, 4, 14252)
(6, 5, 19488)
(7, 3, 8985)
(7, 0, 19945)
(7, 5, 4013)
(7, 4, 17154)
(8, 7, 12144)
(8, 4, 18140)
(8, 6, 15321)
(8, 1, 12259)
(8, 2, 9936)
(9, 7, 1321)
(9, 3, 24073)
(9, 8, 2003)
(10, 8, 12516)
(10, 1, 6032)
(10, 7, 17767)
(10, 3, 8974)
(10, 4, 12883)
(11, 0, 20928)
(11, 8, 11936)
(11, 3, 7308)
(11, 7, 15442)
(11, 1, 9199)
(11, 10, 565)
(11, 6, 8717)
(11, 9, 11040)
(11, 4, 3325)
(11, 2, 23390)
(11, 5, 5612)
(12, 4, 20229)
(13, 8, 7135)
(13, 2, 12013)
(13, 7, 3592)
(13, 3, 5358)
(13, 5, 20444)
(13, 12, 19683)
(13, 6, 7567)
(14, 4, 22648)
(14, 13, 21598)
(14, 10, 15456)
(14, 9, 16580)
(14, 0, 4868)
(14, 5, 6108)
(14, 7, 18222)
(14, 12, 12324)
(15, 0, 3438)
(15, 9, 2021)
(15, 13, 9942)
(15, 11, 4197)
(15, 14, 8601)
(15, 6, 13657)
(15, 8, 25245)
(15, 12, 14520)
(15, 5, 475)
(15, 4, 12119)
(15, 2, 1143)
(16, 3, 9346)
(16, 8, 4360)
(16, 11, 18134)
(16, 6, 10580)
(16, 13, 1163)
(16, 9, 6643)
(16, 10, 12778)
(16, 14, 12274)
(16, 12, 25566)
(16, 7, 2753)
(17, 5, 21306)
(17, 13, 16539)
(17, 0, 16815)
(17, 6, 4123)
(17, 14, 22950)
(17, 9, 19193)
(17, 1, 16980)
(17, 16, 6227)
(17, 10, 8393)
(17, 8, 7374)
(17, 15, 8484)
(17, 7, 13199)
(17, 12, 15942)
(17, 4, 7486)
(17, 11, 18466)
(17, 2, 16483)
(18, 15, 13936)
(18, 14, 7806)
(18, 8, 25294)
(18, 10, 22602)
(19, 13, 4097)
(19, 18, 11155)
(19, 12, 2789)
(19, 8, 7736)
(19, 16, 632)
(19, 3, 14185)
(20, 16, 9414)
(20, 0, 24439)
(20, 1, 17354)
(20, 2, 24180)
(20, 10, 7903)
(20, 17, 4983)
(20, 12, 12266)
(20, 19, 2233)
(20, 5, 19165)
(20, 11, 15887)
(20, 7, 19723)
(20, 4, 21978)
(20, 13, 2036)
(21, 8, 11002)
(21, 14, 25317)
(21, 7, 3941)
(21, 6, 3009)
(21, 13, 9169)
(21, 20, 24826)
(21, 1, 7604)
(21, 2, 2151)
(21, 12, 13064)
(21, 0, 18348)
(21, 18, 3126)
(21, 19, 7387)
(21, 3, 19458)
(21, 10, 18758)
(21, 5, 16360)
(21, 9, 14407)
(21, 15, 4002)
(21, 17, 6109)
(21, 16, 25015)
(21, 4, 12308)
(21, 11, 24382)
(22, 15, 21159)
(22, 0, 12847)
(22, 17, 20526)
(22, 16, 25431)
(22, 10, 2071)
(22, 13, 3083)
(23, 4, 11975)
(23, 1, 11869)
(23, 7, 10961)
(23, 5, 21019)
(23, 14, 24794)
(23, 8, 10192)
(23, 10, 8850)
(23, 6, 8518)
(23, 11, 19696)
(23, 19, 5563)
(23, 0, 12885)
(23, 20, 14618)
(23, 2, 14896)
(23, 18, 14203)
(23, 13, 1779)
(23, 12, 19653)
(23, 9, 17294)
(24, 2, 16601)
(24, 0, 21907)
(25, 2, 7241)
(25, 24, 24871)
(25, 17, 12793)
(25, 23, 9013)
(25, 19, 18480)
(25, 22, 11935)
(25, 6, 16629)
(25, 16, 13607)
(25, 9, 1203)
(25, 3, 17818)
(25, 0, 9383)
(25, 21, 25283)
(25, 5, 9713)
(25, 12, 8295)
(25, 13, 13661)
(25, 20, 17400)
(25, 18, 7944)
(26, 16, 20212)
(26, 18, 25591)
(26, 22, 9304)
(26, 23, 9709)
(26, 10, 23718)
(26, 2, 2483)
(26, 24, 21452)
(26, 19, 22369)
(26, 14, 6668)
(26, 25, 10279)
(26, 5, 13128)
(26, 6, 1934)
(27, 7, 22164)
(27, 26, 21731)
(27, 4, 14630)
(27, 8, 9087)
(27, 21, 17034)
(27, 24, 17046)
(27, 10, 16750)
(27, 20, 3481)
(27, 14, 23973)
(27, 22, 66)
(27, 9, 10496)
(28, 0, 10277)
(28, 14, 13425)
(28, 25, 13575)
(28, 27, 16024)
(28, 23, 20673)
(28, 11, 6082)
(28, 7, 3773)
(28, 12, 6224)
(28, 21, 9216)
(28, 15, 5325)
(28, 8, 4817)
(28, 16, 12858)
(28, 4, 12774)
(28, 18, 6234)
(28, 9, 20428)
(28, 1, 10203)
(28, 20, 22960)
(28, 5, 7677)
(28, 26, 2254)
(28, 10, 8345)
(28, 6, 8201)
(28, 17, 416)
(28, 3, 11537)
(28, 22, 13687)
(28, 19, 24407)
(28, 13, 5433)
(28, 24, 24975)
(28, 2, 15550)
(29, 26, 11555)
(29, 11, 24725)
(29, 13, 5189)
(29, 7, 12264)
(29, 18, 14102)
(29, 0, 5915)
(29, 17, 17567)
(29, 14, 4198)
(29, 19, 23842)
(29, 2, 5828)
(29, 22, 15295)
(29, 12, 2345)
(29, 10, 4596)
(29, 1, 18981)
(29, 3, 10848)
(29, 5, 2716)
(29, 8, 19240)
(29, 20, 1444)
(30, 20, 9357)
(30, 24, 5262)
(30, 27, 24186)
(30, 8, 20521)
(30, 5, 21445)
(30, 7, 6422)
(30, 1, 24296)
(30, 4, 10971)
(30, 10, 17109)
(30, 11, 7098)
(30, 28, 995)
(30, 15, 7660)
(30, 17, 19116)
(30, 25, 16305)
(30, 26, 18804)
(30, 6, 24457)
(30, 3, 8002)
(30, 12, 7295)
(30, 0, 3440)
(30, 22, 3390)
(30, 2, 24187)
(30, 19, 4114)
(30, 16, 10229)
(30, 14, 8713)
(31, 21, 7793)
(31, 2, 15808)
(31, 27, 14982)
(31, 29, 22935)
(31, 3, 3070)
(31, 15, 13777)
(32, 19, 11579)
(32, 2, 2811)
(32, 7, 6964)
(32, 18, 12705)
(32, 6, 12447)
(32, 9, 6998)
(32, 30, 4377)
(32, 25, 16533)
(32, 11, 20992)
(32, 21, 2090)
(32, 23, 22736)
(32, 13, 20009)
(32, 20, 20756)
(32, 17, 1152)
(32, 3, 20884)
(32, 1, 4798)
(32, 16, 661)
(32, 22, 24157)
(32, 27, 3844)
(32, 31, 15174)
(32, 28, 20846)
(32, 29, 25316)
(32, 5, 16183)
(32, 4, 15079)
(32, 0, 6098)
(32, 14, 18626)
(32, 12, 1056)
(32, 15, 1328)
(32, 8, 6441)
(32, 24, 4430)
(33, 14, 6959)
(33, 16, 800)
(33, 2, 5755)
(33, 1, 21906)
(33, 27, 18852)
(33, 25, 3584)
(33, 10, 17389)
(33, 31, 21563)
(33, 6, 25036)
(33, 12, 16095)
(33, 26, 16600)
(33, 28, 1903)
(33, 8, 10906)
(33, 29, 15717)
(33, 4, 16936)
(33, 30, 15870)
(33, 21, 18730)
(33, 20, 16664)
(33, 32, 314)
(33, 11, 1439)
(33, 9, 15923)
(33, 5, 8727)
(33, 19, 1332)
(33, 15, 5545)
(33, 24, 13284)
(33, 22, 11304)
(33, 0, 10682)
(33, 13, 22841)
(34, 16, 2372)
(34, 18, 9578)
(34, 27, 24227)
(34, 2, 17643)
(34, 1, 904)
(34, 9, 23020)
(34, 25, 9779)
(34, 30, 22023)
(34, 0, 6945)
(34, 13, 13350)
(34, 10, 20581)
(34, 19, 16882)
(34, 29, 6629)
(34, 17, 432)
(34, 31, 13562)
(34, 12, 12222)
(34, 14, 23257)
(34, 21, 7485)
(34, 28, 7572)
(34, 5, 3911)
(34, 6, 1061)
(34, 15, 15338)
(34, 11, 1508)
(35, 28, 4142)
(35, 10, 23202)
(35, 18, 11489)
(35, 16, 18879)
(35, 14, 10158)
(35, 15, 1021)
(35, 4, 23516)
(35, 34, 17860)
(35, 7, 16143)
(35, 9, 10810)
(36, 4, 21981)
(36, 34, 5207)
(36, 5, 16695)
(36, 16, 6748)
(36, 28, 22495)
(36, 32, 23774)
(36, 15, 21524)
(36, 17, 12764)
(36, 35, 14175)
(36, 29, 10399)
(36, 26, 15017)
(36, 33, 15372)
(36, 18, 19304)
(36, 12, 608)
(36, 31, 9092)
(36, 14, 14445)
(37, 28, 13255)
(37, 11, 23833)
(37, 4, 25208)
(37, 10, 9401)
(37, 34, 13862)
(37, 3, 7809)
(37, 2, 459)
(37, 7, 789)
(37, 12, 25164)
(37, 31, 7416)
(37, 21, 15371)
(37, 25, 2845)
(37, 26, 23359)
(37, 22, 22530)
(37, 23, 6252)
(37, 13, 22190)
(37, 20, 18689)
(37, 33, 16359)
(38, 2, 7055)
(38, 25, 7510)
(38, 10, 3041)
(38, 26, 9037)
(38, 3, 9681)
(38, 28, 3696)
(38, 13, 3076)
(38, 32, 566)
(38, 17, 20587)
(38, 34, 5561)
(38, 27, 911)
(38, 35, 12669)
(38, 0, 25255)
(38, 22, 25226)
(38, 9, 10935)
(38, 30, 11597)
(38, 19, 12718)
(38, 31, 5593)
(38, 11, 24322)
(38, 14, 15867)
(38, 33, 23416)
(39, 20, 6722)
(39, 38, 6471)
(39, 17, 16479)
(39, 27, 21915)
(39, 12, 25706)
(39, 34, 20488)
(39, 0, 7743)
(39, 32, 17298)
(39, 22, 16530)
(39, 7, 8666)
(39, 19, 2110)
(39, 25, 10000)
(39, 4, 4103)
(39, 1, 11413)
(39, 33, 6401)
(39, 14, 24319)
(39, 29, 18685)
(39, 11, 5892)
(39, 18, 3875)
(39, 8, 16452)
(39, 23, 12566)
(39, 36, 7799)
(39, 37, 17745)
(39, 15, 3234)
(39, 30, 1167)
(39, 21, 412)
(39, 2, 8798)
(39, 13, 23795)
(39, 5, 10893)
(39, 9, 17277)
(39, 24, 4127)
(39, 6, 10092)
(40, 6, 20226)
(40, 37, 21660)
(40, 15, 22900)
(40, 38, 19885)
(40, 2, 14503)
(40, 3, 4867)
(40, 35, 22562)
(40, 8, 3484)
(40, 31, 16393)
(40, 23, 3637)
(40, 32, 19312)
(40, 18, 10154)
(40, 21, 4764)
(40, 24, 3292)
(40, 25, 6690)
(40, 5, 18539)
(40, 9, 23770)
(40, 28, 4081)
(40, 13, 12871)
(40, 20, 17768)
(40, 33, 19177)
(40, 34, 14218)
(40, 11, 7977)
(40, 16, 9760)
(40, 22, 3059)
(40, 30, 17555)
(40, 1, 19828)
(40, 0, 9491)
(40, 26, 11154)
(41, 17, 4217)
(41, 14, 14575)
(41, 4, 20021)
(41, 5, 21308)
(41, 35, 10777)
(41, 12, 25395)
(41, 23, 21536)
(41, 16, 24617)
(41, 20, 24875)
(41, 37, 17646)
(41, 13, 9696)
(41, 1, 772)
(41, 8, 22603)
(41, 2, 21894)
(41, 0, 2477)
(41, 3, 18003)
(41, 15, 15420)
(41, 6, 10835)
(41, 39, 9101)
(41, 18, 19319)
(41, 19, 25374)
(41, 32, 15953)
(41, 29, 6453)
(41, 9, 10481)
(41, 27, 21827)
(41, 11, 10110)
(41, 30, 4488)
(41, 40, 3463)
(41, 34, 22278)
(41, 26, 23521)
(41, 24, 24356)
(41, 7, 9499)
(41, 22, 24285)
(42, 5, 7370)
(42, 31, 15637)
(42, 34, 19591)
(42, 12, 5462)
(42, 24, 13978)
(42, 13, 19939)
(42, 19, 11854)
(42, 22, 4668)
(42, 17, 10340)
(42, 2, 6917)
(42, 9, 1593)
(42, 4, 20583)
(42, 41, 12416)
(42, 30, 20991)
(42, 16, 12495)
(42, 8, 24337)
(42, 0, 21905)
(42, 18, 14136)
(42, 33, 4995)
(42, 36, 17851)
(42, 26, 17847)
(42, 3, 24528)
(42, 35, 7423)
(42, 32, 11001)
(42, 21, 13111)
(42, 11, 22601)
(42, 15, 11741)
(42, 1, 9920)
(42, 40, 9939)
(42, 23, 18434)
(42, 20, 10422)
(42, 7, 10006)
(42, 10, 12524)
(42, 29, 16213)
(42, 39, 5792)
(42, 6, 557)
(42, 38, 13318)
(43, 13, 81)
(43, 36, 8796)
(43, 33, 14458)
(43, 4, 1514)
(43, 17, 10867)
(43, 37, 5722)
(43, 41, 19708)
(43, 3, 19356)
(43, 30, 17063)
(43, 27, 17825)
(43, 24, 3595)
(43, 9, 16272)
(43, 5, 5405)
(43, 42, 21470)
(43, 40, 14524)
(43, 25, 18740)
(43, 12, 22811)
(43, 19, 4693)
(43, 22, 411)
(43, 18, 4601)
(43, 23, 19041)
(43, 14, 9395)
(43, 29, 11959)
(43, 2, 19232)
(43, 8, 6275)
(43, 32, 10060)
(43, 34, 5317)
(43, 26, 9594)
(43, 6, 19194)
(43, 39, 12376)
(43, 28, 20432)
(43, 1, 20549)
(43, 7, 16315)
(43, 38, 6812)
(43, 10, 24058)
(43, 21, 4757)
(43, 11, 12973)
(43, 35, 13268)
(43, 16, 554)
(43, 0, 23380)
(43, 31, 18273)
(43, 20, 15633)
(44, 4, 11559)
(44, 24, 1604)
(44, 14, 7350)
(44, 27, 18484)
(44, 5, 11747)
(44, 26, 11779)
(44, 28, 25095)
(44, 20, 20654)
(44, 22, 12845)
(44, 8, 24989)
(44, 2, 6117)
(44, 29, 6247)
(44, 3, 15839)
(44, 37, 7957)
(44, 11, 15506)
(44, 21, 12898)
(44, 19, 16776)
(44, 41, 2074)
(44, 16, 7288)
(44, 36, 7678)
(44, 0, 18549)
(44, 42, 520)
(44, 40, 13707)
(44, 23, 24020)
(44, 25, 20087)
(44, 7, 13604)
(44, 10, 21339)
(44, 18, 11164)
(45, 34, 23528)
(45, 28, 24928)
(45, 1, 14190)
(45, 5, 1074)
(45, 19, 25699)
(45, 10, 12047)
(45, 44, 11944)
(45, 0, 7491)
(45, 23, 16962)
(45, 2, 16658)
(45, 37, 16957)
(45, 22, 22777)
(45, 40, 12156)
(45, 26, 13372)
(45, 38, 17547)
(45, 6, 6543)
(45, 9, 25683)
(45, 15, 8300)
(46, 30, 14489)
(46, 17, 11702)
(46, 33, 1329)
(46, 45, 10792)
(46, 40, 3825)
(46, 19, 7294)
(46, 25, 5046)
(46, 34, 2511)
(46, 31, 15740)
(46, 43, 25403)
(46, 2, 12060)
(46, 41, 23457)
(46, 23, 9018)
(46, 26, 1490)
(46, 14, 23432)
(46, 11, 9795)
(46, 24, 2122)
(46, 6, 11719)
(46, 44, 821)
(46, 8, 25671)
(46, 36, 17312)
(46, 39, 2713)
(46, 18, 12441)
(46, 12, 14247)
(46, 32, 75)
(46, 5, 9808)
(46, 37, 14133)
(46, 0, 23764)
(46, 20, 4600)
(46, 38, 4725)
(46, 21, 16576)
(46, 1, 23868)
(46, 13, 14553)
(46, 10, 1466)
(46, 3, 17875)
(46, 35, 6312)
(46, 42, 5369)
(46, 15, 16376)
(46, 29, 11520)
(46, 7, 20878)
(46, 27, 7307)
(46, 16, 4580)
(46, 4, 11131)
(47, 46, 21285)
(47, 41, 117)
(47, 38, 18447)
(47, 22, 17606)
(47, 9, 25668)
(47, 30, 14433)
(47, 1, 24053)
(47, 37, 12179)
(47, 32, 11252)
(47, 13, 17415)
(47, 45, 20906)
(47, 43, 10773)
(47, 18, 15007)
(47, 23, 2909)
(47, 33, 15613)
(47, 39, 20801)
(47, 25, 1155)
(47, 2, 11415)
(47, 6, 15224)
(47, 35, 16145)
(47, 20, 6210)
(47, 3, 7518)
(47, 21, 17165)
(47, 8, 1518)
(47, 34, 8562)
(47, 26, 21667)
(47, 29, 396)
(47, 40, 4641)
(47, 16, 12974)
(47, 11, 22522)
(47, 44, 14714)
(47, 5, 2878)
(47, 31, 4084)
(47, 15, 20238)
(47, 12, 4107)
(47, 14, 7347)
(47, 19, 11342)
(47, 17, 8329)
(47, 27, 16684)
(48, 16, 3580)
(48, 40, 16727)
(48, 39, 24862)
(48, 31, 13088)
(48, 36, 12085)
(48, 0, 5287)
(48, 8, 2549)
(48, 2, 19576)
(48, 42, 9236)
(48, 7, 22878)
(48, 34, 5117)
(48, 3, 23232)
(48, 23, 497)
(48, 11, 10262)
(48, 27, 15363)
(48, 10, 15325)
(48, 21, 8465)
(48, 43, 9520)
(48, 12, 20619)
(48, 6, 12899)
(48, 1, 6732)
(48, 22, 14213)
(48, 26, 19919)
(48, 5, 17393)
(48, 33, 6061)
(48, 17, 17008)
(48, 41, 20342)
(48, 30, 1846)
(48, 29, 13445)
(48, 37, 15243)
(48, 47, 1416)
(48, 24, 18345)
(48, 28, 617)
(48, 35, 8603)
(48, 13, 8671)
(48, 19, 20447)
(48, 32, 21854)
(48, 45, 1402)
(48, 44, 7449)
(48, 25, 12151)
(48, 20, 8563)
(48, 38, 20320)
(48, 46, 19623)
(49, 12, 2416)
(49, 41, 22910)
(49, 24, 18158)
(49, 30, 16307)
(49, 36, 17589)
(49, 25, 21376)
(49, 39, 8126)
(49, 2, 24160)
(49, 6, 5203)
(49, 15, 8668)
(49, 17, 6508)
(49, 48, 16325)
(50, 32, 16887)
(50, 26, 11320)
(50, 0, 16286)
(50, 10, 6893)
(50, 22, 14464)
(50, 49, 17325)
(50, 19, 138)
(50, 23, 2671)
(50, 16, 15560)
(50, 27, 13152)
(50, 21, 14232)
(50, 9, 21146)
(50, 15, 3838)
(50, 41, 12878)
(50, 30, 21398)
(50, 39, 11298)
(50, 7, 9141)
(50, 6, 6228)
(50, 13, 24086)
(50, 12, 23888)
(50, 34, 9033)
(50, 35, 3162)
(50, 24, 17247)
(50, 11, 25482)
(50, 8, 18107)
(50, 28, 16686)
(50, 4, 15835)
(50, 25, 23159)
(50, 48, 16409)
(50, 3, 8938)
(50, 47, 25554)
(50, 5, 22545)
(50, 40, 21826)
(50, 38, 8636)
(50, 31, 6007)
(50, 17, 19741)
(50, 33, 4112)
(50, 45, 17773)
(50, 2, 20365)
(50, 42, 22686)
(51, 3, 20641)
(51, 9, 17628)
(51, 11, 24931)
(51, 26, 23617)
(51, 16, 18532)
(51, 7, 11373)
(51, 2, 9582)
(51, 49, 14867)
(51, 31, 2342)
(51, 0, 18639)
(51, 40, 2105)
(51, 30, 22192)
(51, 13, 4593)
(51, 10, 16837)
(51, 48, 7497)
(51, 6, 18547)
(51, 25, 12910)
(51, 1, 672)
(51, 8, 16974)
(51, 36, 20738)
(51, 37, 16420)
(51, 41, 1920)
(52, 31, 14715)
(52, 33, 18622)
(52, 30, 2309)
(52, 46, 24429)
(52, 23, 3940)
(52, 47, 21720)
(52, 14, 9028)
(52, 27, 25503)
(52, 11, 1108)
(52, 20, 24191)
(52, 6, 19734)
(52, 29, 1877)
(52, 10, 16861)
(52, 28, 15109)
(52, 16, 18840)
(52, 41, 15152)
(52, 39, 14554)
(52, 34, 13774)
(52, 42, 7155)
(52, 25, 22566)
(52, 18, 1914)
(52, 44, 23438)
(52, 21, 25604)
(52, 1, 3957)
(52, 26, 11104)
(52, 24, 13814)
(52, 3, 819)
(52, 43, 18058)
(52, 15, 994)
(52, 50, 24518)
(52, 45, 18955)
(52, 19, 7173)
(52, 12, 14159)
(52, 4, 17457)
(52, 32, 21176)
(52, 48, 5188)
(52, 36, 19354)
(52, 5, 18760)
(53, 44, 23956)
(53, 7, 15065)
(53, 27, 10555)
(53, 10, 3684)
(54, 38, 18226)
(54, 23, 16250)
(54, 3, 13896)
(54, 11, 17572)
(54, 52, 6285)
(54, 42, 923)
(54, 14, 14365)
(54, 16, 7238)
(54, 6, 20175)
(54, 0, 9345)
(54, 44, 11033)
(54, 21, 4579)
(54, 13, 20959)
(54, 33, 14873)
(54, 10, 21068)
(54, 27, 9710)
(54, 49, 17395)
(54, 1, 21548)
(54, 40, 52)
(54, 45, 24487)
(54, 4, 24005)
(54, 53, 8225)
(54, 19, 5934)
(54, 5, 19266)
(54, 22, 12461)
(54, 28, 5765)
(54, 24, 17052)
(54, 36, 17868)
(54, 39, 20768)
(54, 31, 13324)
(54, 9, 21434)
(54, 12, 25644)
(54, 8, 11514)
(54, 17, 25599)
(54, 29, 7445)
(54, 48, 1421)
(54, 26, 10745)
(54, 41, 487)
(54, 7, 6081)
(54, 51, 24340)
(54, 47, 3471)
(54, 35, 20351)
(54, 37, 13567)
(54, 18, 21041)
(54, 25, 23619)
(54, 20, 12242)
(54, 46, 20121)
(54, 30, 3992)
(54, 34, 12459)
(54, 43, 25724)
(54, 15, 14596)
(54, 32, 3336)
(54, 2, 8103)
(54, 50, 20208)
(55, 40, 21752)
(55, 49, 12438)
(55, 51, 9648)
(55, 16, 13336)
(55, 8, 5199)
(55, 36, 12175)
(55, 41, 12415)
(55, 14, 8409)
(55, 38, 22386)
(55, 32, 9332)
(55, 1, 815)
(55, 39, 3429)
(55, 3, 10085)
(55, 52, 12695)
(55, 33, 19200)
(55, 37, 9759)
(55, 22, 539)
(55, 20, 19078)
(55, 5, 20324)
(55, 15, 19902)
(55, 9, 12515)
(55, 28, 2808)
(55, 30, 15428)
(55, 23, 9981)
(55, 42, 17143)
(55, 47, 21286)
(55, 21, 15365)
(55, 10, 7755)
(55, 7, 3689)
(55, 53, 4606)
(55, 43, 11363)
(55, 35, 9471)
(55, 31, 15697)
(55, 27, 10911)
(55, 19, 2222)
(55, 12, 3255)
(56, 2, 23429)
(56, 11, 2656)
(56, 32, 24489)
(56, 13, 2513)
(56, 50, 16595)
(56, 52, 232)
(56, 34, 21004)
(56, 39, 4901)
(56, 4, 9294)
(56, 3, 9729)
(56, 27, 10843)
(56, 45, 13041)
(56, 25, 13635)
(56, 46, 15185)
(56, 47, 5680)
(56, 33, 14526)
(56, 42, 11222)
(56, 54, 19739)
(56, 18, 17654)
(56, 43, 10236)
(56, 36, 13633)
(56, 14, 13095)
(56, 31, 3525)
(56, 0, 15076)
(56, 20, 313)
(56, 16, 16415)
(56, 21, 7211)
(56, 19, 17749)
(56, 5, 3046)
(56, 40, 13189)
(56, 9, 20191)
(56, 23, 10885)
(56, 26, 22992)
(56, 30, 25264)
(56, 17, 8581)
(56, 6, 22577)
(56, 29, 23536)
(56, 7, 22788)
(56, 37, 4751)
(56, 48, 18047)
(56, 22, 13198)
(56, 53, 2319)
(56, 44, 22673)
(56, 8, 10157)
(57, 42, 12776)
(57, 2, 18693)
(57, 44, 733)
(57, 50, 15331)
(57, 35, 21830)
(57, 16, 2738)
(57, 25, 11336)
(57, 29, 7313)
(57, 9, 16035)
(57, 43, 14281)
(57, 33, 3331)
(57, 46, 12979)
(57, 52, 4560)
(57, 28, 20388)
(57, 27, 6146)
(57, 22, 7553)
(57, 11, 7885)
(57, 51, 9402)
(57, 55, 12869)
(57, 13, 13460)
(57, 0, 5807)
(57, 56, 4944)
(57, 20, 10637)
(57, 10, 20093)
(57, 30, 8597)
(57, 41, 3090)
(57, 54, 25)
(57, 21, 7535)
(57, 47, 8999)
(57, 49, 17471)
(57, 8, 12476)
(57, 4, 12880)
(57, 14, 12466)
(57, 5, 25601)
(57, 24, 24452)
(57, 31, 5606)
(57, 45, 14978)
(57, 17, 7033)
(57, 38, 12786)
(57, 37, 6968)
(57, 26, 18957)
(57, 12, 10941)
(57, 39, 17227)
(57, 32, 9734)
(58, 28, 13691)
(58, 53, 20228)
(58, 37, 5323)
(59, 46, 25561)
(59, 52, 1327)
(59, 39, 9623)
(59, 54, 23032)
(59, 18, 24853)
(59, 5, 21250)
(59, 11, 25512)
(59, 53, 16040)
(59, 33, 19801)
(59, 22, 15902)
(59, 31, 13072)
(59, 12, 18269)
(59, 51, 9281)
(59, 14, 13521)
(59, 17, 3033)
(59, 1, 16132)
(59, 7, 16292)
(59, 4, 12211)
(59, 3, 2533)
(59, 0, 23102)
(59, 43, 18686)
(59, 23, 22205)
(59, 25, 4898)
(59, 45, 8337)
(59, 38, 11438)
(59, 34, 24582)
(59, 2, 11470)
(59, 55, 5966)
(59, 29, 2706)
(59, 19, 23365)
(59, 28, 8991)
(59, 42, 12131)
(59, 8, 22915)
(59, 49, 14795)
(59, 26, 1244)
(59, 41, 13342)
(59, 40, 621)
(59, 21, 15131)
(59, 36, 17422)
(59, 58, 23978)
(59, 37, 17961)
(59, 48, 11817)
(59, 32, 2848)
(59, 57, 9254)
(60, 56, 21292)
(60, 12, 23606)
(60, 50, 5496)
(60, 44, 13122)
(60, 14, 24881)
(60, 58, 2219)
(60, 42, 10876)
(60, 7, 16532)
(60, 52, 20065)
(60, 23, 12295)
(60, 26, 12647)
(60, 43, 6292)
(60, 38, 1164)
(60, 59, 18625)
(60, 53, 13543)
(60, 11, 25528)
(60, 24, 17250)
(60, 41, 1408)
(60, 51, 15128)
(60, 4, 23762)
(60, 29, 3737)
(60, 46, 116)
(60, 15, 23455)
(60, 1, 14568)
(60, 5, 2172)
(60, 40, 20111)
(60, 16, 22364)
(60, 35, 7290)
(60, 47, 4342)
(60, 6, 16584)
(60, 3, 15090)
(60, 2, 23079)
(60, 0, 16823)
(60, 55, 21572)
(60, 57, 20309)
(60, 33, 8308)
(60, 32, 22493)
(60, 22, 17602)
(60, 9, 2614)
(60, 39, 5092)
(60, 20, 17508)
(60, 48, 242)
(60, 13, 3270)
(61, 31, 13233)
(61, 38, 10281)
(61, 52, 15291)
(61, 60, 6074)
(61, 43, 22574)
(61, 35, 7162)
(61, 55, 24744)
(61, 14, 22188)
(61, 10, 4393)
(61, 21, 14632)
(61, 44, 14661)
(61, 34, 21968)
(61, 57, 12921)
(61, 49, 8301)
(61, 42, 18442)
(61, 15, 12185)
(61, 22, 5764)
(61, 33, 3273)
(61, 3, 20123)
(61, 59, 10116)
(61, 47, 12246)
(61, 25, 907)
(61, 7, 25469)
(61, 17, 12052)
(61, 41, 3574)
(61, 29, 22865)
(61, 45, 16274)
(61, 24, 3499)
(61, 40, 7784)
(61, 50, 17318)
(61, 19, 16496)
(61, 4, 4071)
(61, 37, 12643)
(61, 1, 9535)
(61, 32, 2194)
(61, 2, 2168)
(61, 13, 14)
(61, 53, 11834)
(61, 16, 23273)
(61, 48, 6913)
(61, 23, 12165)
(61, 12, 13377)
(61, 58, 18568)
(61, 18, 23437)
(61, 56, 18120)
(61, 5, 4044)
(61, 46, 5987)
(61, 26, 22742)
(61, 27, 21206)
(61, 8, 19634)
(62, 15, 1344)
(62, 12, 861)
(62, 13, 7383)
(62, 6, 4539)
(62, 28, 25439)
(62, 32, 4722)
(62, 18, 17288)
(62, 11, 3370)
(62, 37, 20435)
(62, 24, 14967)
(62, 22, 4850)
(62, 45, 15868)
(62, 19, 546)
(62, 23, 14588)
(62, 61, 22251)
(62, 2, 1173)
(62, 10, 22265)
(62, 5, 17736)
(62, 1, 18399)
(62, 46, 18924)
(62, 41, 24332)
(62, 42, 8516)
(62, 51, 3319)
(62, 29, 92)
(62, 53, 3498)
(62, 17, 7187)
(62, 21, 17070)
(62, 47, 10578)
(62, 34, 20989)
(62, 14, 1366)
(62, 25, 7731)
(62, 0, 16554)
(62, 59, 349)
(62, 60, 7686)
(62, 52, 16229)
(62, 20, 13327)
(62, 36, 16285)
(62, 3, 8)
(62, 33, 7072)
(62, 58, 2278)
(62, 57, 68)
(62, 55, 23549)
(62, 50, 7232)
(62, 56, 7684)
(62, 16, 19938)
(62, 43, 21345)
(62, 8, 11009)
(62, 54, 14183)
(62, 40, 21603)
(62, 49, 2462)
(62, 30, 22711)
(62, 4, 17532)
(62, 7, 9882)
(62, 44, 10633)
(63, 4, 7146)
(63, 20, 7738)
(63, 0, 24030)
(63, 60, 23128)
(63, 18, 1591)
(63, 25, 14555)
(63, 2, 12126)
(63, 49, 802)
(63, 28, 13057)
(63, 31, 19803)
(63, 16, 11679)
(63, 58, 3343)
(63, 15, 14694)
(63, 21, 18367)
(63, 10, 338)
(63, 44, 24680)
(63, 30, 15441)
(63, 32, 20910)
(63, 56, 16602)
(63, 45, 10186)
(63, 51, 21747)
(63, 39, 16450)
(63, 29, 24739)
(63, 47, 7379)
(63, 61, 3015)
(63, 52, 11967)
(63, 26, 1360)
(63, 59, 2719)
(63, 24, 17367)
(63, 41, 11270)
(63, 3, 18527)
(63, 33, 15539)
(63, 19, 20639)
(63, 22, 9424)
(63, 35, 23253)
(63, 27, 13090)
(63, 7, 21662)
(63, 6, 19073)
(63, 38, 7231)
(63, 13, 8817)
(63, 14, 21916)
(63, 1, 13692)
(63, 43, 14607)
(63, 53, 22560)
(63, 23, 5291)
(63, 57, 22678)
(63, 48, 16970)
(63, 36, 15905)
(63, 42, 957)
(63, 12, 8489)
(63, 9, 4144)
(63, 46, 20125)
(63, 17, 13518)
(63, 5, 912)
(63, 55, 13221)
(63, 11, 9405)
(63, 8, 657)
(63, 37, 10520)
(63, 50, 22706)
(63, 54, 2097)
(63, 34, 11179)
(64, 44, 6209)
(64, 13, 283)
(64, 0, 25391)
(64, 7, 24256)
(64, 22, 11316)
(64, 31, 6163)
(64, 33, 12615)
(64, 40, 23107)
(64, 59, 22317)
(64, 20, 2139)
(64, 9, 8698)
(64, 4, 17460)
(64, 12, 20462)
(64, 17, 843)
(64, 43, 19692)
(64, 14, 10896)
(64, 42, 15356)
(64, 62, 15324)
(64, 2, 17999)
(64, 47, 4972)
(64, 50, 2132)
(64, 56, 4677)
(64, 21, 22224)
(64, 58, 13317)
(64, 23, 15830)
(64, 34, 1286)
(64, 35, 6563)
(64, 30, 3169)
(64, 52, 21488)
(64, 26, 10513)
(64, 18, 5944)
(64, 24, 13219)
(64, 8, 11439)
(64, 55, 8114)
(64, 16, 14973)
(64, 54, 6672)
(64, 63, 16515)
(64, 27, 17819)
(64, 51, 61)
(64, 41, 3605)
(64, 32, 24986)
(64, 36, 7716)
(64, 1, 97)
(64, 53, 5663)
(64, 61, 7947)
(64, 5, 23806)
(64, 15, 7883)
(64, 28, 16310)
(64, 60, 6795)
(64, 25, 8719)
(64, 45, 13843)
(64, 57, 12342)
(65, 39, 21374)
(65, 60, 7124)
(65, 11, 13845)
(65, 30, 14750)
(65, 59, 7066)
(65, 3, 11048)
(65, 14, 24401)
(65, 45, 7424)
(65, 55, 15450)
(65, 53, 12372)
(65, 12, 8087)
(65, 2, 10600)
(65, 7, 10370)
(65, 18, 8962)
(65, 34, 10586)
(65, 48, 6409)
(65, 51, 6671)
(65, 46, 17282)
(65, 49, 21047)
(65, 20, 6156)
(65, 64, 16251)
(65, 32, 23816)
(65, 43, 4039)
(65, 41, 18827)
(65, 44, 25610)
(65, 35, 19057)
(65, 56, 6351)
(65, 33, 10938)
(65, 47, 23804)
(65, 26, 761)
(65, 36, 37)
(65, 58, 2031)
(65, 4, 23615)
(65, 24, 3985)
(65, 21, 16225)
(65, 29, 80)
(65, 0, 20285)
(65, 23, 6898)
(65, 37, 25305)
(65, 17, 18428)
(65, 50, 18197)
(65, 5, 15126)
(65, 6, 5583)
(65, 54, 9703)
(65, 40, 14152)
(65, 61, 18704)
(65, 52, 11134)
(65, 13, 1694)
(65, 8, 20347)
(65, 9, 19006)
(65, 57, 22765)
(65, 28, 14920)
(66, 32, 21031)
(66, 16, 3984)
(66, 30, 17565)
(66, 59, 20023)
(66, 31, 13608)
(66, 58, 11955)
(66, 6, 8157)
(66, 65, 8892)
(66, 42, 167)
(66, 50, 24093)
(66, 14, 11786)
(66, 54, 13015)
(66, 13, 9682)
(66, 37, 14347)
(66, 51, 3012)
(66, 7, 5788)
(66, 10, 20362)
(66, 56, 1923)
(66, 20, 4859)
(66, 64, 12542)
(66, 53, 2725)
(66, 9, 14798)
(66, 63, 275)
(66, 15, 19479)
(66, 8, 19594)
(66, 28, 5166)
(66, 55, 16781)
(67, 54, 15699)
(67, 2, 5710)
(67, 55, 20590)
(67, 10, 21680)
(67, 40, 20321)
(67, 23, 5211)
(67, 33, 6304)
(67, 43, 22584)
(67, 28, 12775)
(67, 39, 7365)
(67, 13, 4459)
(67, 17, 19598)
(67, 48, 13169)
(67, 18, 19940)
(67, 62, 13856)
(67, 25, 6570)
(67, 6, 15440)
(67, 41, 22108)
(67, 37, 4742)
(67, 15, 18415)
(67, 42, 12894)
(67, 9, 18212)
(67, 24, 17854)
(67, 22, 10268)
(67, 36, 21852)
(67, 66, 14244)
(67, 31, 4053)
(67, 26, 4083)
(67, 60, 15386)
(67, 49, 10140)
(67, 5, 6288)
(67, 30, 145)
(67, 45, 15935)
(67, 3, 13937)
(67, 35, 22663)
(67, 53, 6344)
(67, 65, 8832)
(67, 34, 5173)
(67, 0, 19717)
(67, 8, 15230)
(67, 52, 20790)
(67, 57, 2399)
(67, 32, 20356)
(67, 61, 25184)
(67, 51, 371)
(67, 47, 2911)
(67, 19, 10991)
(67, 20, 9113)
(67, 27, 13557)
(67, 7, 16406)
(67, 11, 21959)
(67, 50, 6956)
(68, 42, 17727)
(68, 29, 24526)
(68, 7, 14659)
(68, 26, 8578)
(68, 5, 17861)
(68, 28, 25181)
(68, 50, 23652)
(68, 40, 1315)
(68, 39, 23601)
(68, 61, 21957)
(68, 3, 8943)
(68, 67, 735)
(68, 23, 17200)
(68, 55, 20335)
(68, 52, 17125)
(68, 62, 9168)
(68, 60, 13615)
(68, 11, 21654)
(68, 33, 12223)
(68, 13, 9928)
(68, 2, 12434)
(68, 58, 20796)
(68, 48, 19496)
(68, 8, 23027)
(68, 32, 21393)
(68, 18, 11204)
(68, 45, 22580)
(68, 54, 5953)
(68, 1, 14983)
(68, 47, 7592)
(68, 35, 5029)
(68, 57, 20703)
(68, 65, 19842)
(68, 9, 6444)
(68, 6, 11648)
(68, 14, 4918)
(68, 66, 6114)
(68, 59, 10368)
(68, 22, 12348)
(68, 17, 24889)
(69, 15, 23789)
(69, 36, 14335)
(69, 25, 21239)
(69, 60, 9758)
(69, 2, 4473)
(69, 61, 18439)
(69, 19, 10064)
(69, 62, 24549)
(69, 59, 18478)
(69, 9, 17173)
(70, 3, 1455)
(70, 55, 13383)
(70, 16, 10477)
(70, 63, 17648)
(70, 10, 688)
(70, 23, 9468)
(70, 40, 2232)
(70, 9, 21316)
(70, 57, 11130)
(70, 67, 13838)
(70, 31, 6545)
(70, 11, 2371)
(70, 46, 2062)
(70, 14, 24864)
(70, 25, 14394)
(70, 24, 1314)
(70, 45, 17166)
(70, 6, 6716)
(70, 28, 4383)
(70, 56, 22381)
(70, 60, 3713)
(70, 64, 3847)
(70, 54, 16692)
(70, 66, 24811)
(70, 30, 12747)
(70, 18, 21748)
(70, 17, 6621)
(70, 8, 19189)
(70, 69, 24283)
(70, 34, 21018)
(70, 47, 8956)
(70, 13, 14094)
(70, 33, 3862)
(70, 44, 16838)
(70, 68, 21666)
(70, 61, 6059)
(70, 19, 13164)
(70, 22, 15704)
(70, 35, 9985)
(70, 65, 19208)
(70, 0, 23424)
(70, 2, 12331)
(70, 53, 23716)
(70, 12, 9163)
(70, 36, 13184)
(70, 52, 20078)
(70, 5, 9089)
(70, 26, 21202)
(70, 48, 6763)
(70, 43, 7978)
(70, 50, 25448)
(70, 29, 5228)
(70, 4, 12530)
(70, 38, 851)
(70, 21, 11191)
(70, 7, 18883)
(70, 39, 22338)
(70, 58, 12829)
(70, 42, 6794)
(70, 27, 23109)
(70, 37, 12243)
(70, 62, 21774)
(70, 15, 17435)
(70, 41, 6536)
(70, 32, 5743)
(70, 59, 981)
(71, 29, 7949)
(71, 65, 24772)
(71, 66, 13142)
(71, 13, 18752)
(71, 12, 17616)
(71, 17, 8422)
(71, 53, 13611)
(71, 26, 13204)
(71, 48, 9976)
(71, 19, 25319)
(71, 31, 24396)
(71, 49, 2497)
(71, 33, 22665)
(71, 20, 22674)
(71, 30, 14895)
(71, 16, 17509)
(71, 64, 16014)
(71, 7, 4207)
(71, 60, 634)
(71, 0, 3335)
(71, 38, 24519)
(71, 10, 12359)
(71, 28, 13313)
(71, 45, 7019)
(71, 9, 13289)
(71, 15, 22316)
(71, 40, 9099)
(71, 4, 19417)
(71, 50, 20404)
(71, 56, 2117)
(71, 63, 5147)
(71, 44, 10269)
(71, 35, 19339)
(71, 21, 1594)
(71, 39, 19506)
(71, 36, 12970)
(71, 51, 15318)
(71, 42, 20698)
(71, 2, 22687)
(71, 22, 21410)
(72, 54, 10410)
(72, 11, 18209)
(72, 39, 7040)
(72, 27, 5819)
(72, 55, 5442)
(72, 14, 14196)
(72, 56, 10226)
(72, 70, 12777)
(72, 63, 1737)
(72, 61, 23909)
(72, 41, 3909)
(72, 33, 25593)
(72, 2, 744)
(72, 37, 16772)
(72, 45, 11488)
(72, 35, 17440)
(72, 46, 21284)
(72, 40, 11638)
(72, 3, 18411)
(72, 50, 7540)
(72, 60, 17039)
(72, 9, 687)
(72, 30, 23048)
(72, 15, 5891)
(72, 52, 1734)
(72, 26, 5867)
(72, 53, 10258)
(72, 44, 14178)
(72, 0, 1025)
(72, 31, 20843)
(72, 7, 17638)
(72, 34, 16388)
(72, 66, 2803)
(72, 48, 24736)
(72, 16, 22954)
(72, 28, 9352)
(72, 32, 10030)
(72, 42, 5988)
(72, 49, 6692)
(72, 51, 9753)
(72, 67, 3449)
(72, 18, 4979)
(72, 10, 1040)
(72, 12, 12086)
(72, 62, 2058)
(72, 29, 14191)
(72, 1, 22751)
(72, 43, 22696)
(72, 64, 19988)
(72, 13, 4902)
(72, 47, 25380)
(72, 17, 20390)
(73, 34, 10675)
(73, 64, 10784)
(73, 2, 19871)
(73, 66, 21575)
(73, 47, 20904)
(73, 35, 20382)
(73, 63, 11729)
(73, 70, 522)
(73, 12, 19886)
(73, 40, 25749)
(73, 37, 22590)
(73, 57, 11855)
(74, 54, 5311)
(74, 25, 13760)
(74, 10, 11012)
(74, 19, 590)
(74, 0, 6010)
(74, 55, 24025)
(74, 29, 10894)
(74, 48, 24420)
(74, 63, 4471)
(74, 13, 882)
(74, 72, 24597)
(74, 2, 22870)
(74, 64, 2421)
(74, 32, 23892)
(74, 35, 6694)
(74, 68, 11335)
(74, 22, 10232)
(74, 8, 16518)
(74, 26, 2109)
(74, 5, 2066)
(74, 15, 21030)
(74, 66, 20031)
(74, 34, 12521)
(74, 45, 24869)
(74, 21, 15285)
(75, 11, 3749)
(75, 54, 23773)
(75, 72, 12048)
(75, 24, 7147)
(75, 71, 18332)
(75, 28, 25609)
(75, 15, 16174)
(76, 32, 1774)
(76, 14, 1236)
(76, 22, 17107)
(76, 47, 936)
(76, 37, 14163)
(76, 69, 18008)
(76, 52, 7774)
(76, 20, 2455)
(76, 64, 10127)
(76, 24, 15666)
(76, 10, 11178)
(76, 68, 20976)
(76, 16, 24695)
(76, 75, 2353)
(76, 29, 5954)
(76, 28, 14224)
(76, 73, 7771)
(76, 74, 11712)
(76, 49, 25056)
(76, 42, 738)
(76, 66, 20193)
(76, 36, 162)
(76, 2, 5467)
(76, 63, 11562)
(76, 50, 23901)
(76, 57, 2084)
(76, 0, 6806)
(76, 40, 767)
(76, 25, 5796)
(76, 33, 253)
(76, 27, 5500)
(76, 19, 9364)
(76, 72, 18641)
(76, 15, 10178)
(76, 46, 9313)
(76, 56, 2210)
(76, 34, 4227)
(76, 71, 22407)
(76, 41, 19126)
(76, 31, 24876)
(76, 30, 22387)
(76, 54, 1125)
(76, 11, 20384)
(76, 17, 11241)
(76, 55, 2815)
(76, 59, 22040)
(76, 65, 22477)
(76, 48, 12286)
(76, 39, 1662)
(76, 60, 5698)
(76, 70, 17069)
(76, 35, 18771)
(76, 61, 13882)
(76, 38, 15842)
(76, 26, 24493)
(76, 23, 7951)
(76, 8, 12256)
(76, 21, 4339)
(76, 1, 2299)
(76, 62, 4419)
(76, 44, 11718)
(76, 4, 13281)
(76, 9, 10028)
(76, 5, 2933)
(76, 45, 1683)
(76, 43, 13224)
(76, 12, 13059)
(76, 18, 19697)
(76, 67, 552)
(76, 51, 17976)
(77, 76, 12315)
(77, 47, 4118)
(77, 63, 20160)
(77, 34, 9248)
(77, 52, 10617)
(77, 5, 2710)
(77, 62, 12526)
(77, 57, 20720)
(77, 27, 20100)
(77, 74, 8520)
(77, 30, 17983)
(77, 16, 17287)
(77, 26, 22354)
(77, 51, 4660)
(77, 72, 18155)
(77, 2, 18657)
(77, 33, 6213)
(77, 23, 18714)
(77, 3, 6190)
(77, 39, 24040)
(77, 54, 12673)
(77, 40, 1760)
(77, 31, 23188)
(77, 18, 17056)
(77, 13, 20172)
(77, 70, 21789)
(77, 11, 934)
(77, 36, 17683)
(77, 45, 18396)
(77, 61, 21806)
(77, 0, 1246)
(77, 58, 22626)
(77, 41, 16051)
(77, 66, 5097)
(77, 19, 22275)
(77, 43, 12789)
(77, 56, 21637)
(77, 22, 17631)
(77, 69, 16835)
(77, 37, 25515)
(77, 14, 2659)
(77, 48, 13647)
(77, 21, 8245)
(77, 46, 377)
(77, 28, 16862)
(77, 20, 9702)
(77, 67, 25573)
(77, 4, 17573)
(77, 24, 6686)
(77, 32, 16219)
(77, 59, 2925)
(77, 38, 19805)
(77, 9, 4410)
(77, 12, 10224)
(77, 35, 5206)
(77, 44, 4657)
(77, 10, 7274)
(77, 49, 5167)
(77, 50, 15503)
(77, 8, 9083)
(77, 53, 23674)
(77, 55, 16916)
(77, 6, 24201)
(77, 15, 19446)
(78, 43, 8700)
(78, 34, 21861)
(78, 61, 24146)
(78, 18, 13050)
(78, 75, 12174)
(78, 62, 4661)
(78, 71, 21977)
(78, 37, 11249)
(78, 51, 22431)
(78, 39, 13963)
(78, 24, 19161)
(78, 3, 24618)
(78, 42, 64)
(78, 55, 11066)
(78, 22, 14642)
(78, 10, 6197)
(78, 73, 19918)
(78, 2, 14328)
(78, 44, 9256)
(78, 76, 22588)
(78, 11, 601)
(78, 68, 19185)
(78, 4, 763)
(78, 63, 20413)
(78, 35, 14993)
(78, 5, 10241)
(78, 23, 15058)
(78, 74, 14338)
(78, 54, 15215)
(78, 38, 17246)
(78, 30, 24893)
(78, 59, 9654)
(78, 12, 16129)
(78, 60, 13781)
(78, 65, 9870)
(78, 7, 22813)
(78, 64, 13600)
(78, 50, 3237)
(78, 33, 14761)
(78, 1, 8843)
(78, 40, 6513)
(78, 15, 13157)
(78, 14, 23757)
(78, 45, 17921)
(78, 72, 916)
(78, 58, 12005)
(78, 41, 17866)
(78, 53, 19159)
(78, 27, 3666)
(78, 70, 24142)
(78, 49, 20352)
(78, 36, 22021)
(78, 56, 23662)
(78, 13, 23788)
(78, 8, 15996)
(78, 32, 23513)
(78, 0, 18444)
(78, 17, 2723)
(78, 25, 2349)
(78, 28, 14154)
(78, 69, 5218)
(78, 6, 12155)
(78, 26, 18156)
(78, 21, 18973)
(78, 20, 6616)
(78, 47, 757)
(78, 67, 5516)
(78, 31, 21266)
(78, 77, 21739)
(78, 66, 16478)
(79, 67, 24786)
(79, 30, 2755)
(79, 40, 17296)
(79, 20, 23951)
(79, 69, 19062)
(79, 19, 4620)
(79, 65, 113)
(79, 53, 23392)
(79, 42, 21081)
(79, 1, 8554)
(79, 66, 24126)
(79, 77, 3836)
(79, 29, 20055)
(79, 46, 7389)
(79, 17, 22812)
(79, 5, 9968)
(79, 62, 13630)
(79, 74, 21262)
(79, 27, 8946)
(79, 61, 6952)
(79, 48, 12930)
(79, 2, 3353)
(79, 52, 243)
(79, 8, 3770)
(79, 23, 3759)
(79, 16, 25193)
(79, 44, 311)
(79, 68, 8483)
(79, 57, 9519)
(79, 24, 10389)
(79, 58, 2336)
(79, 78, 4820)
(79, 45, 1709)
(79, 3, 20827)
(79, 41, 12098)
(79, 70, 10267)
(79, 10, 16395)
(79, 63, 3147)
(79, 72, 12752)
(79, 12, 9498)
(79, 60, 5929)
(79, 28, 3022)
(79, 0, 2536)
(79, 56, 12141)
(79, 76, 23548)
(79, 59, 11390)
(79, 4, 19745)
(79, 33, 24451)
(79, 26, 11305)
(79, 13, 3577)
(79, 34, 564)
(79, 50, 19245)
(79, 49, 13106)
(79, 55, 16154)
(79, 38, 20854)
(79, 71, 25490)
(79, 35, 8313)
(79, 39, 9555)
(79, 37, 1667)
(79, 64, 20132)
(79, 7, 20245)
(79, 43, 21995)
(79, 51, 1955)
(79, 15, 7688)
(79, 22, 7828)
(79, 73, 21775)
(79, 32, 17191)
(80, 13, 15044)
(80, 25, 7367)
(80, 61, 25477)
(81, 68, 19400)
(81, 51, 22877)
(81, 34, 5091)
(81, 18, 18839)
(81, 66, 8223)
(82, 54, 6272)
(82, 49, 20284)
(82, 60, 13195)
(82, 5, 24205)
(82, 51, 17907)
(82, 16, 23470)
(82, 37, 21679)
(82, 57, 20261)
(82, 29, 19071)
(82, 11, 13921)
(82, 81, 118)
(82, 41, 25589)
(82, 43, 15963)
(82, 34, 11674)
(82, 79, 8181)
(82, 27, 9042)
(82, 45, 24384)
(82, 78, 3314)
(82, 10, 3579)
(82, 61, 24515)
(82, 69, 3185)
(82, 38, 13926)
(82, 30, 161)
(82, 68, 14638)
(82, 50, 12911)
(82, 44, 1899)
(82, 47, 22830)
(82, 33, 9546)
(82, 63, 15564)
(82, 13, 10641)
(82, 0, 13212)
(82, 22, 12676)
(82, 23, 4294)
(82, 12, 16362)
(82, 59, 5070)
(82, 20, 5412)
(82, 70, 2500)
(82, 14, 22916)
(82, 64, 4115)
(82, 6, 22391)
(82, 46, 3621)
(82, 36, 2350)
(82, 52, 9292)
(82, 35, 13039)
(82, 4, 16534)
(82, 62, 18245)
(82, 8, 16290)
(82, 53, 24993)
(82, 40, 914)
(82, 42, 8882)
(82, 3, 10472)
(82, 18, 19270)
(82, 2, 19124)
(82, 9, 15896)
(82, 26, 1880)
(82, 74, 23502)
(82, 73, 6157)
(83, 37, 25413)
(83, 34, 12207)
(83, 53, 2570)
(83, 33, 1702)
(83, 3, 25105)
(83, 82, 16703)
(83, 60, 8109)
(83, 61, 1750)
(84, 19, 6002)
(84, 81, 7873)
(84, 72, 2929)
(84, 5, 3492)
(84, 61, 24007)
(84, 35, 3350)
(84, 52, 21757)
(84, 2, 21822)
(84, 37, 2100)
(84, 9, 17396)
(84, 28, 3807)
(84, 20, 4769)
(84, 7, 2599)
(84, 75, 1845)
(84, 68, 19561)
(84, 36, 19949)
(84, 49, 25701)
(84, 65, 20690)
(84, 32, 13733)
(84, 1, 8336)
(84, 3, 3745)
(84, 80, 14142)
(84, 64, 10716)
(84, 48, 21026)
(84, 53, 22366)
(84, 83, 11428)
(84, 42, 24909)
(84, 58, 22887)
(84, 60, 9962)
(84, 8, 12409)
(84, 23, 9752)
(84, 34, 4238)
(84, 73, 4397)
(84, 46, 24640)
(84, 27, 22438)
(84, 55, 3993)
(84, 70, 16708)
(84, 6, 19378)
(84, 31, 22056)
(84, 50, 902)
(84, 21, 8829)
(84, 71, 21571)
(84, 24, 20517)
(84, 17, 14868)
(84, 33, 8009)
(84, 78, 22834)
(84, 10, 16185)
(84, 38, 14670)
(84, 43, 23506)
(85, 49, 24681)
(85, 19, 1648)
(85, 23, 25595)
(85, 48, 25260)
(85, 31, 8818)
(85, 35, 5471)
(85, 16, 10319)
(85, 50, 13769)
(85, 66, 8183)
(85, 83, 23077)
(85, 43, 1510)
(85, 32, 23858)
(85, 40, 10466)
(85, 18, 13905)
(85, 77, 6287)
(85, 54, 10170)
(85, 24, 8890)
(85, 12, 22002)
(85, 62, 20091)
(86, 53, 20635)
(86, 63, 1405)
(86, 60, 11998)
(86, 40, 35)
(86, 58, 2418)
(86, 55, 20466)
(86, 10, 18925)
(86, 34, 24230)
(86, 61, 4687)
(86, 48, 12892)
(86, 66, 5691)
(86, 5, 2076)
(86, 44, 8705)
(86, 62, 2780)
(86, 17, 7271)
(86, 79, 15776)
(86, 16, 3441)
(86, 24, 16426)
(86, 11, 21805)
(86, 20, 24814)
(86, 57, 16524)
(86, 72, 7105)
(86, 54, 1946)
(86, 37, 6141)
(86, 67, 25518)
(86, 69, 10211)
(86, 36, 22247)
(86, 1, 11100)
(86, 83, 373)
(86, 82, 25437)
(86, 47, 14192)
(86, 18, 13732)
(87, 0, 4801)
(87, 56, 5438)
(87, 37, 11581)
(87, 64, 23375)
(87, 15, 14806)
(87, 1, 12162)
(87, 73, 22847)
(87, 29, 1296)
(87, 78, 4676)
(87, 67, 6876)
(87, 55, 21971)
(87, 6, 16556)
(87, 81, 12851)
(87, 38, 20271)
(87, 53, 12084)
(87, 63, 5356)
(87, 70, 15901)
(87, 5, 14280)
(87, 35, 18371)
(87, 33, 19091)
(87, 62, 22892)
(87, 83, 22599)
(87, 54, 14609)
(87, 65, 2800)
(87, 32, 12573)
(87, 75, 6910)
(87, 31, 18138)
(87, 22, 1517)
(87, 11, 1287)
(87, 28, 20859)
(87, 57, 4390)
(87, 72, 22502)
(87, 52, 7822)
(87, 10, 14841)
(87, 74, 4146)
(87, 44, 9030)
(87, 18, 18125)
(87, 9, 7366)
(87, 30, 4000)
(87, 41, 3812)
(87, 27, 21737)
(87, 17, 21764)
(87, 46, 15761)
(88, 77, 18898)
(88, 12, 15319)
(88, 4, 5244)
(88, 6, 22182)
(88, 48, 9812)
(88, 67, 16913)
(88, 37, 22429)
(88, 18, 15170)
(88, 1, 6867)
(88, 65, 9189)
(88, 8, 19289)
(88, 54, 318)
(88, 82, 21336)
(88, 42, 13211)
(88, 17, 7261)
(88, 70, 20530)
(88, 33, 6073)
(88, 49, 16111)
(88, 21, 10895)
(88, 7, 3008)
(89, 24, 23659)
(89, 40, 20996)
(89, 19, 17612)
(89, 52, 18025)
(89, 22, 17863)
(89, 39, 22833)
(89, 23, 20430)
(89, 48, 6816)
(89, 81, 15610)
(89, 42, 14299)
(89, 69, 14732)
(89, 71, 1859)
(89, 41, 15527)
(89, 59, 15290)
(89, 72, 140)
(89, 6, 16886)
(89, 2, 8592)
(89, 35, 1322)
(89, 86, 24035)
(89, 32, 21407)
(89, 1, 19954)
(89, 57, 19468)
(89, 55, 16856)
(89, 28, 24045)
(89, 21, 9370)
(89, 36, 5303)
(89, 43, 9368)
(89, 4, 10416)
(89, 18, 25697)
(89, 34, 24481)
(89, 38, 23584)
(89, 10, 14514)
(89, 75, 22561)
(89, 30, 23396)
(89, 31, 20699)
(89, 84, 21463)
(89, 67, 1754)
(89, 9, 684)
(89, 74, 5947)
(89, 20, 19969)
(89, 5, 8203)
(89, 88, 8841)
(89, 61, 9776)
(89, 63, 15055)
(89, 83, 19960)
(89, 62, 24330)
(89, 49, 19012)
(89, 16, 4932)
(89, 12, 22061)
(89, 79, 16022)
(89, 3, 11208)
(89, 58, 18460)
(89, 25, 835)
(89, 47, 12644)
(89, 77, 18581)
(89, 11, 17025)
(89, 80, 24424)
(89, 13, 3479)
(89, 37, 225)
(89, 27, 5096)
(89, 51, 4230)
(89, 78, 22875)
(89, 85, 24437)
(89, 17, 22554)
(89, 73, 17601)
(89, 50, 20940)
(89, 0, 5399)
(89, 65, 3235)
(90, 2, 14517)
(90, 58, 21814)
(90, 84, 17129)
(90, 49, 9095)
(90, 55, 20775)
(90, 75, 9297)
(90, 45, 908)
(90, 26, 23133)
(90, 7, 16097)
(90, 77, 11780)
(90, 3, 8089)
(90, 76, 6899)
(90, 41, 7930)
(90, 46, 2393)
(90, 69, 21372)
(90, 79, 6347)
(90, 32, 15513)
(90, 6, 5285)
(90, 82, 23663)
(90, 19, 18606)
(90, 4, 20074)
(90, 25, 8309)
(90, 74, 3659)
(90, 20, 7931)
(90, 34, 13417)
(90, 17, 776)
(90, 65, 16688)
(90, 62, 15496)
(90, 51, 22707)
(90, 52, 14375)
(90, 38, 19804)
(90, 53, 20072)
(90, 28, 17735)
(90, 61, 9977)
(90, 39, 3316)
(90, 89, 4761)
(90, 72, 2824)
(90, 85, 24977)
(90, 47, 13565)
(90, 33, 17960)
(90, 66, 5066)
(90, 54, 12834)
(90, 86, 19453)
(90, 71, 19294)
(90, 44, 13412)
(90, 59, 9186)
(90, 70, 17071)
(90, 40, 5071)
(90, 24, 14396)
(90, 36, 17519)
(90, 63, 2849)
(90, 15, 14291)
(90, 5, 18540)
(90, 14, 17815)
(90, 60, 15914)
(90, 87, 21464)
(90, 50, 22882)
(90, 73, 11947)
(90, 78, 19705)
(90, 57, 24557)
(90, 22, 23320)
(90, 80, 16191)
(90, 10, 23511)
(90, 43, 4449)
(90, 16, 21620)
(90, 13, 15957)
(90, 88, 4780)
(90, 31, 756)
(90, 29, 8924)
(90, 83, 21879)
(90, 68, 15122)
(90, 64, 20205)
(90, 81, 12031)
(91, 8, 1462)
(91, 36, 5959)
(91, 72, 14356)
(91, 69, 2882)
(91, 5, 14964)
(91, 28, 7584)
(91, 27, 18956)
(91, 30, 8154)
(91, 38, 14398)
(92, 17, 24981)
(92, 25, 16613)
(92, 74, 4267)
(92, 72, 16029)
(92, 60, 7337)
(92, 32, 1278)
(92, 88, 1310)
(92, 33, 13632)
(92, 71, 22051)
(92, 11, 11374)
(92, 35, 3543)
(92, 37, 24521)
(92, 85, 13479)
(92, 73, 20850)
(92, 34, 9922)
(92, 52, 15052)
(92, 36, 18135)
(92, 1, 1501)
(92, 53, 17480)
(92, 55, 14107)
(92, 39, 7737)
(92, 57, 9701)
(92, 54, 23552)
(92, 91, 386)
(92, 58, 18227)
(92, 44, 21193)
(92, 26, 10172)
(92, 80, 13945)
(92, 83, 21531)
(92, 90, 6757)
(92, 48, 3099)
(92, 59, 19388)
(92, 79, 15553)
(92, 49, 7064)
(92, 86, 3837)
(92, 7, 6631)
(92, 0, 18295)
(92, 18, 19934)
(92, 19, 25471)
(92, 68, 3444)
(92, 51, 6029)
(92, 16, 20631)
(92, 31, 22754)
(92, 8, 9891)
(92, 50, 12296)
(92, 63, 9026)
(92, 9, 3360)
(92, 20, 11350)
(92, 77, 8124)
(92, 64, 16256)
(92, 29, 7179)
(92, 66, 18349)
(92, 3, 16510)
(92, 2, 971)
(92, 38, 21877)
(92, 28, 15999)
(92, 47, 13685)
(92, 43, 15625)
(92, 78, 9556)
(92, 10, 15657)
(92, 42, 21885)
(92, 67, 11963)
(92, 61, 14366)
(92, 30, 22080)
(92, 40, 14641)
(92, 65, 14124)
(92, 41, 4485)
(93, 86, 20558)
(93, 46, 5919)
(94, 12, 10051)
(94, 37, 16988)
(94, 84, 10214)
(94, 82, 12734)
(94, 74, 2079)
(94, 87, 18560)
(94, 38, 6615)
(94, 79, 12681)
(94, 15, 1993)
(94, 90, 6756)
(94, 22, 13501)
(94, 17, 8423)
(94, 76, 8533)
(94, 77, 6298)
(94, 57, 22126)
(94, 33, 20646)
(94, 88, 4496)
(94, 62, 3502)
(94, 3, 17012)
(94, 19, 4026)
(94, 24, 1433)
(94, 13, 20912)
(94, 46, 13594)
(94, 28, 10717)
(94, 73, 8198)
(94, 58, 20200)
(94, 18, 17501)
(94, 93, 18721)
(94, 65, 9391)
(94, 91, 5024)
(94, 52, 19424)
(94, 61, 12364)
(94, 6, 17608)
(94, 23, 10832)
(94, 29, 5021)
(94, 34, 21529)
(94, 36, 23315)
(94, 78, 10846)
(94, 5, 25658)
(94, 85, 5908)
(94, 9, 14940)
(94, 45, 25425)
(94, 86, 18303)
(94, 51, 13828)
(94, 16, 16299)
(94, 35, 24389)
(94, 21, 12240)
(94, 56, 18914)
(94, 59, 21367)
(94, 54, 15871)
(94, 41, 593)
(94, 75, 13859)
(94, 47, 22041)
(94, 27, 19210)
(94, 68, 12231)
(94, 31, 23260)
(94, 67, 23487)
(94, 71, 5546)
(94, 10, 13932)
(94, 32, 7303)
(95, 70, 299)
(95, 51, 23360)
(95, 0, 24985)
(95, 58, 8092)
(95, 14, 9711)
(95, 37, 8098)
(95, 40, 10420)
(95, 92, 23876)
(95, 12, 19857)
(95, 34, 12435)
(95, 94, 11938)
(95, 76, 14635)
(95, 38, 493)
(95, 57, 4543)
(95, 35, 6947)
(95, 17, 5573)
(95, 24, 700)
(95, 90, 6600)
(95, 9, 9748)
(95, 4, 6792)
(95, 29, 3547)
(95, 47, 24130)
(95, 60, 4447)
(95, 77, 17987)
(95, 21, 1251)
(95, 25, 13952)
(95, 82, 17816)
(95, 67, 8445)
(95, 81, 382)
(95, 66, 10288)
(95, 48, 2684)
(95, 64, 11693)
(95, 69, 5293)
(95, 16, 1938)
(95, 87, 9233)
(95, 73, 4361)
(95, 22, 16230)
(95, 79, 10468)
(95, 10, 7260)
(95, 1, 23297)
(95, 74, 19376)
(95, 85, 17884)
(95, 84, 19565)
(95, 42, 9176)
(95, 56, 768)
(95, 54, 13308)
(95, 33, 8571)
(95, 15, 16923)
(95, 53, 13037)
(95, 18, 16670)
(95, 49, 2145)
(95, 20, 15995)
(95, 93, 15622)
(95, 50, 11852)
(95, 31, 6569)
(95, 2, 9636)
(95, 5, 1480)
(95, 83, 11068)
(95, 27, 6249)
(95, 46, 9032)
(95, 72, 13294)
(95, 23, 13987)
(95, 28, 2337)
(95, 8, 2252)
(95, 39, 8584)
(95, 7, 13159)
(95, 89, 7131)
(95, 44, 25278)
(95, 43, 9887)
(95, 55, 8860)
(95, 63, 24905)
(95, 32, 16901)
(95, 41, 6199)
(95, 62, 11444)
(95, 68, 2592)
(95, 30, 25323)
(95, 71, 13973)
(95, 61, 14646)
(95, 52, 8076)
(96, 6, 4253)
(96, 84, 10645)
(96, 53, 5275)
(96, 86, 14708)
(96, 59, 10713)
(96, 18, 24293)
(96, 73, 13990)
(96, 17, 7375)
(96, 69, 23799)
(96, 10, 16311)
(96, 20, 15361)
(96, 50, 8212)
(96, 9, 14313)
(96, 74, 23086)
(96, 87, 19860)
(96, 49, 6656)
(96, 30, 6627)
(96, 57, 9826)
(96, 58, 10560)
(96, 46, 22268)
(96, 63, 19471)
(96, 81, 16288)
(96, 32, 15638)
(96, 29, 2619)
(96, 39, 19585)
(96, 43, 14381)
(96, 55, 7960)
(96, 23, 12976)
(96, 8, 20824)
(96, 60, 21859)
(96, 3, 21211)
(96, 51, 20983)
(96, 89, 4087)
(96, 75, 1519)
(96, 71, 25441)
(96, 83, 9410)
(96, 91, 2779)
(96, 77, 19728)
(96, 80, 18333)
(96, 70, 14721)
(96, 79, 16990)
(96, 37, 15529)
(96, 95, 16829)
(96, 78, 6158)
(96, 34, 15721)
(96, 56, 10667)
(96, 40, 24210)
(96, 41, 9150)
(96, 24, 10471)
(96, 21, 13366)
(97, 54, 15445)
(97, 67, 15099)
(97, 57, 10690)
(97, 83, 6132)
(97, 20, 20373)
(97, 75, 1985)
(97, 15, 13940)
(97, 44, 5504)
(97, 3, 6970)
(97, 42, 1831)
(97, 73, 5004)
(97, 61, 13888)
(97, 26, 5868)
(97, 0, 19651)
(97, 5, 3784)
(97, 92, 11724)
(97, 43, 6744)
(97, 69, 4327)
(97, 96, 24505)
(97, 71, 8429)
(97, 84, 12230)
(97, 49, 1487)
(97, 31, 17438)
(97, 74, 14462)
(97, 17, 16779)
(97, 4, 22442)
(97, 16, 20873)
(97, 80, 12987)
(97, 81, 25458)
(97, 89, 19635)
(97, 38, 23743)
(97, 55, 8501)
(97, 24, 19039)
(97, 94, 4251)
(97, 10, 11153)
(97, 68, 25568)
(97, 52, 24659)
(97, 87, 3965)
(97, 14, 17600)
(97, 21, 5704)
(97, 82, 9444)
(97, 9, 19541)
(97, 2, 696)
(97, 12, 5386)
(97, 23, 15269)
(97, 58, 17798)
(97, 95, 5946)
(97, 66, 5414)
(97, 91, 19897)
(97, 28, 9506)
(97, 60, 10502)
(97, 78, 17690)
(97, 62, 21815)
(97, 63, 13670)
(97, 46, 12217)
(97, 30, 1807)
(97, 33, 1930)
(97, 18, 24488)
(97, 50, 23284)
(97, 51, 890)
(97, 19, 16271)
(97, 41, 16679)
(97, 93, 8980)
(97, 25, 23954)
(97, 70, 22824)
(97, 76, 4648)
(97, 37, 21634)
(97, 53, 22489)
(97, 77, 11321)
(97, 86, 8688)
(97, 27, 22456)
(97, 22, 18968)
(97, 34, 24962)
(97, 8, 12983)
(97, 85, 1620)
(97, 40, 11822)
(97, 64, 3473)
(97, 13, 15555)
(97, 59, 17215)
(97, 47, 241)
(97, 72, 21808)
(97, 32, 8950)
(97, 90, 6258)
(97, 36, 5472)
(97, 1, 7537)
(97, 39, 15491)
(97, 7, 13237)
(97, 6, 10899)
(97, 35, 12287)
(97, 11, 18989)
(97, 48, 5512)
(97, 56, 1618)
(97, 45, 1229)
(97, 79, 22339)
(97, 29, 6472)
(97, 88, 7509)
(98, 77, 20582)
(98, 34, 11168)
(98, 82, 10032)
(98, 42, 11256)
(98, 84, 7444)
(98, 4, 18632)
(98, 72, 9080)
(99, 29, 4304)
(99, 55, 24575)
(99, 20, 25414)
(99, 0, 1799)
(99, 8, 2044)
(99, 66, 3413)
(99, 5, 18746)
(99, 91, 19281)
(99, 38, 24921)
(99, 61, 11541)
(99, 87, 13226)
(99, 36, 1078)
(99, 80, 4608)
(99, 15, 24799)
(99, 10, 7690)
(99, 95, 3630)
(99, 12, 473)
(99, 97, 4356)
(99, 26, 12690)
(99, 48, 16509)
(99, 53, 24449)
(99, 49, 5129)
(99, 63, 10375)
(99, 43, 10916)
(99, 79, 10872)
(99, 42, 20499)
(99, 76, 521)
(99, 11, 22201)
(99, 41, 24669)
(99, 32, 6701)
(99, 46, 20842)
(99, 75, 19710)
(99, 44, 18504)
(99, 17, 9078)
(99, 59, 3527)
(99, 67, 7167)
(99, 78, 4345)
(99, 24, 9301)
(99, 77, 8014)
(99, 96, 8488)
(99, 71, 10851)
(99, 31, 11478)
(99, 9, 7394)
(99, 56, 24870)
(99, 23, 21636)
(99, 27, 5567)
(99, 34, 13999)
(99, 58, 10797)
(99, 54, 23321)
(99, 19, 21776)
(99, 25, 9001)
(99, 72, 944)
(99, 33, 10980)
(99, 4, 20617)
(99, 90, 7965)
(99, 70, 19762)
(99, 28, 14013)
(99, 7, 7239)
(99, 35, 4285)
(99, 98, 11070)
(99, 3, 22817)
(99, 21, 5522)
(99, 22, 4908)
(99, 45, 4555)
(99, 14, 13263)
(100, 32, 854)
(100, 24, 5492)
(100, 97, 11161)
(100, 83, 10669)
(100, 90, 7562)
(100, 75, 8025)
(100, 2, 17597)
(100, 99, 22178)
(100, 66, 8665)
(100, 82, 24306)
(100, 22, 16348)
(100, 54, 25018)
(100, 43, 19652)
(100, 70, 22506)
(100, 14, 23990)
(100, 9, 24630)
(100, 36, 10311)
(100, 47, 20500)
(100, 12, 8438)
(100, 28, 25404)
(100, 39, 1294)
(100, 5, 8497)
(100, 96, 4926)
(100, 8, 11806)
(100, 29, 10756)
(100, 49, 7649)
(101, 36, 24679)
(101, 26, 6198)
(101, 78, 11767)
(101, 5, 20417)
(101, 49, 22995)
(101, 9, 12195)
(101, 34, 16361)
(101, 38, 16193)
(101, 31, 4337)
(101, 74, 1579)
(101, 25, 18787)
(101, 72, 17978)
(101, 57, 23149)
(101, 92, 14283)
(101, 85, 16306)
(101, 86, 22820)
(101, 76, 1361)
(101, 20, 11303)
(101, 39, 11080)
(101, 97, 17598)
(101, 24, 23618)
(101, 16, 20043)
(101, 69, 446)
(102, 88, 2732)
(102, 87, 3888)
(102, 4, 2352)
(102, 53, 19947)
(102, 97, 23412)
(102, 67, 21778)
(102, 47, 3901)
(102, 90, 9549)
(102, 61, 3382)
(102, 62, 3026)
(102, 84, 12129)
(102, 3, 508)
(102, 7, 17924)
(102, 43, 6561)
(102, 80, 7742)
(102, 12, 4851)
(102, 17, 9631)
(102, 82, 2119)
(102, 25, 24081)
(102, 50, 14771)
(102, 86, 7244)
(102, 92, 22441)
(102, 99, 11921)
(102, 71, 3894)
(102, 27, 22738)
(102, 60, 20017)
(102, 26, 1139)
(102, 16, 10791)
(102, 96, 2368)
(102, 91, 409)
(102, 14, 13427)
(102, 58, 2171)
(102, 83, 12397)
(102, 51, 14566)
(102, 41, 21094)
(102, 93, 2936)
(102, 54, 877)
(102, 63, 5875)
(102, 1, 16640)
(102, 81, 25023)
(102, 23, 24414)
(102, 95, 11941)
(102, 37, 18838)
(102, 46, 4458)
(102, 48, 5702)
(102, 0, 16026)
(102, 35, 7533)
(102, 59, 9809)
(102, 15, 23408)
(102, 5, 21132)
(102, 44, 11609)
(102, 28, 11044)
(102, 69, 12535)
(102, 11, 25633)
(102, 45, 14351)
(102, 20, 16894)
(102, 21, 12227)
(102, 72, 20433)
(102, 74, 10041)
(102, 32, 24976)
(102, 57, 6608)
(102, 33, 9070)
(102, 13, 9512)
(102, 39, 15392)
(102, 49, 3995)
(102, 79, 47)
(102, 77, 14288)
(102, 31, 6138)
(102, 94, 2972)
(102, 8, 8155)
(102, 70, 4027)
(102, 56, 2131)
(102, 29, 5969)
(102, 98, 14705)
(102, 100, 4492)
(102, 52, 25289)
(102, 73, 23734)
(102, 75, 21070)
(102, 65, 24517)
(102, 9, 2922)
(102, 30, 11189)
(102, 68, 16562)
(103, 99, 183)
(103, 8, 12379)
(103, 23, 13508)
(103, 0, 718)
(103, 100, 19483)
(103, 1, 4131)
(103, 30, 15014)
(103, 46, 17853)
(103, 6, 19068)
(103, 55, 16146)
(103, 2, 15546)
(103, 17, 9879)
(103, 28, 6874)
(103, 61, 2108)
(103, 15, 4379)
(103, 80, 10658)
(103, 7, 17750)
(103, 22, 12099)
(103, 65, 4239)
(103, 36, 17281)
(103, 39, 8182)
(103, 82, 11330)
(103, 62, 3232)
(103, 93, 18446)
(103, 70, 7966)
(103, 88, 12349)
(103, 47, 18964)
(103, 40, 16699)
(103, 94, 7876)
(103, 12, 7299)
(103, 68, 19463)
(103, 86, 21046)
(103, 79, 21241)
(103, 98, 10382)
(103, 38, 15505)
(103, 90, 10657)
(103, 72, 10526)
(103, 5, 23256)
(103, 45, 10546)
(103, 4, 24335)
(103, 84, 12612)
(103, 66, 8175)
(103, 53, 6087)
(103, 57, 9338)
(103, 75, 20826)
(103, 14, 21649)
(103, 60, 21689)
(103, 58, 22130)
(103, 63, 21196)
(103, 31, 14477)
(103, 51, 558)
(103, 102, 8008)
(103, 24, 9222)
(103, 16, 14709)
(103, 76, 7415)
(103, 92, 19924)
(103, 11, 18161)
(103, 27, 7919)
(103, 81, 10336)
(103, 77, 7427)
(103, 10, 22245)
(103, 43, 7554)
(103, 29, 19107)
(103, 25, 18658)
(103, 89, 24644)
(103, 59, 13167)
(103, 26, 25717)
(103, 42, 12457)
(103, 78, 10366)
(103, 95, 7409)
(103, 20, 16267)
(103, 73, 20593)
(103, 52, 20689)
(103, 83, 24872)
(103, 87, 2292)
(103, 19, 10619)
(103, 91, 8425)
(103, 37, 10959)
(103, 34, 14444)
(103, 44, 18064)
(103, 9, 233)
(103, 48, 6670)
(103, 85, 9160)
(104, 79, 7061)
(104, 93, 14112)
(104, 86, 8420)
(104, 0, 21263)
(104, 72, 16155)
(104, 22, 5493)
(104, 69, 20414)
(104, 91, 6904)
(104, 14, 1223)
(104, 66, 17092)
(104, 90, 1118)
(104, 53, 17788)
(104, 43, 23678)
(104, 44, 19481)
(104, 37, 9750)
(104, 99, 10099)
(104, 84, 21213)
(104, 20, 16805)
(104, 82, 17081)
(104, 83, 10290)
(104, 46, 16767)
(104, 55, 3590)
(104, 13, 4531)
(104, 38, 9772)
(104, 19, 10301)
(104, 77, 25587)
(104, 34, 17717)
(104, 76, 17366)
(104, 17, 16103)
(104, 85, 16301)
(104, 71, 15925)
(104, 26, 4812)
(104, 1, 834)
(104, 97, 4772)
(104, 92, 17299)
(104, 59, 2611)
(104, 18, 9580)
(104, 51, 23494)
(104, 10, 15306)
(104, 89, 5762)
(104, 39, 9318)
(104, 63, 19677)
(104, 73, 215)
(104, 45, 18145)
(104, 24, 8591)
(104, 102, 21428)
(104, 88, 23466)
(104, 60, 25754)
(104, 29, 15998)
(104, 23, 7413)
(104, 81, 14279)
(104, 3, 18366)
(104, 28, 12423)
(104, 48, 4982)
(104, 68, 2208)
(104, 67, 14068)
(104, 94, 20392)
(104, 2, 6564)
(104, 64, 3857)
(104, 30, 16164)
(104, 31, 21934)
(104, 35, 17666)
(104, 56, 2548)
(104, 96, 16414)
(104, 9, 22304)
(104, 57, 23939)
(104, 4, 11652)
(104, 98, 15495)
(104, 5, 14687)
(104, 54, 15651)
(104, 103, 22219)
(104, 74, 3976)
(104, 80, 2919)
(104, 75, 18162)
(104, 8, 7578)
(104, 52, 4204)
(104, 61, 12405)
(104, 21, 6346)
(104, 58, 22389)
(104, 70, 19619)
(104, 87, 7340)
(104, 25, 17096)
(105, 86, 1098)
(105, 58, 5289)
(105, 38, 9072)
(105, 2, 19968)
(105, 61, 4997)
(105, 13, 17968)
(105, 66, 7026)
(105, 27, 1450)
(105, 90, 6728)
(105, 73, 10112)
(105, 15, 23292)
(105, 56, 6398)
(105, 22, 5768)
(105, 7, 185)
(105, 93, 22252)
(105, 85, 21296)
(105, 83, 17150)
(105, 40, 16190)
(105, 28, 11286)
(105, 97, 8873)
(105, 43, 22350)
(105, 50, 16817)
(105, 16, 22926)
(105, 82, 4572)
(105, 103, 2064)
(105, 10, 25459)
(105, 59, 9379)
(105, 25, 22782)
(105, 37, 10869)
(105, 36, 11421)
(105, 34, 14017)
(105, 48, 9871)
(105, 35, 25113)
(105, 63, 14693)
(105, 104, 2890)
(105, 42, 3698)
(105, 24, 19997)
(105, 70, 3680)
(105, 41, 19299)
(106, 103, 20503)
(106, 91, 1119)
(106, 9, 7210)
(106, 87, 6445)
(106, 59, 13261)
(106, 63, 12040)
(106, 50, 7266)
(106, 82, 22260)
(106, 58, 2301)
(106, 76, 9227)
(106, 0, 14846)
(106, 53, 20367)
(106, 30, 23322)
(106, 93, 21954)
(106, 11, 12396)
(106, 12, 495)
(106, 19, 22721)
(106, 48, 8219)
(106, 10, 5182)
(106, 96, 24265)
(106, 105, 8827)
(106, 88, 5415)
(106, 52, 14340)
(106, 4, 8228)
(106, 101, 18669)
(107, 26, 23933)
(107, 21, 24896)
(107, 105, 24019)
(107, 45, 8645)
(107, 42, 403)
(107, 17, 13807)
(107, 58, 4929)
(107, 15, 14047)
(107, 24, 1476)
(107, 31, 15394)
(107, 102, 9825)
(107, 37, 11069)
(107, 46, 12093)
(107, 71, 22720)
(107, 27, 10219)
(107, 16, 3346)
(107, 74, 13646)
(107, 88, 19015)
(107, 22, 14872)
(107, 20, 3720)
(107, 63, 20340)
(107, 77, 21057)
(107, 1, 9930)
(107, 18, 11611)
(107, 78, 12868)
(107, 43, 21947)
(107, 94, 12918)
(107, 89, 8374)
(107, 87, 17360)
(107, 7, 8526)
(107, 0, 8343)
(107, 82, 7222)
(107, 33, 20868)
(107, 38, 4261)
(107, 47, 6553)
(107, 70, 23383)
(107, 92, 5898)
(107, 68, 20988)
(107, 60, 14346)
(107, 10, 11683)
(107, 57, 25417)
(107, 13, 13984)
(107, 41, 23688)
(107, 8, 16940)
(107, 103, 18920)
(107, 98, 19104)
(107, 106, 3622)
(107, 9, 8236)
(107, 97, 22363)
(107, 50, 2612)
(107, 73, 6984)
(107, 99, 10199)
(107, 29, 5800)
(107, 11, 13209)
(107, 69, 3588)
(107, 6, 6639)
(107, 35, 18608)
(107, 36, 10182)
(107, 52, 1640)
(107, 14, 5642)
(107, 32, 21685)
(108, 87, 8460)
(108, 85, 9181)
(108, 77, 24956)
(108, 97, 10850)
(108, 14, 16615)
(108, 92, 13173)
(108, 96, 3379)
(108, 21, 24393)
(108, 3, 14295)
(108, 7, 18044)
(108, 45, 14144)
(108, 24, 3150)
(108, 29, 2857)
(108, 32, 23817)
(108, 59, 4077)
(108, 65, 14518)
(108, 69, 23397)
(108, 4, 22919)
(108, 37, 3951)
(108, 36, 11372)
(108, 48, 5559)
(108, 101, 8801)
(108, 81, 200)
(108, 0, 9907)
(108, 28, 10509)
(108, 50, 17308)
(108, 66, 9810)
(108, 80, 10230)
(108, 79, 20708)
(108, 1, 12553)
(108, 27, 9420)
(108, 25, 18324)
(108, 95, 12996)
(108, 99, 7348)
(108, 103, 12245)
(108, 98, 11871)
(108, 47, 2140)
(108, 10, 4633)
(108, 94, 18316)
(108, 39, 19094)
(108, 106, 16623)
(108, 93, 4143)
(108, 84, 17198)
(108, 105, 23692)
(108, 40, 16770)
(108, 89, 6353)
(108, 107, 10302)
(108, 43, 19023)
(108, 13, 14741)
(108, 42, 19999)
(108, 9, 13660)
(108, 51, 17536)
(109, 51, 2458)
(109, 75, 6057)
(109, 7, 19720)
(109, 95, 5223)
(109, 18, 10043)
(109, 3, 10459)
(109, 66, 4122)
(109, 27, 14014)
(109, 16, 1080)
(109, 102, 24641)
(109, 36, 11883)
(109, 97, 3288)
(109, 9, 11782)
(109, 56, 19540)
(109, 0, 21876)
(109, 21, 24412)
(109, 31, 12728)
(109, 72, 142)
(109, 93, 11282)
(109, 83, 24455)
(109, 58, 10310)
(109, 85, 7630)
(109, 42, 1868)
(109, 20, 16054)
(109, 71, 3694)
(109, 89, 17347)
(109, 24, 8338)
(109, 92, 6244)
(109, 41, 6368)
(109, 54, 1887)
(109, 29, 17865)
(109, 64, 21157)
(109, 39, 13923)
(109, 96, 20225)
(109, 86, 13001)
(109, 101, 20076)
(109, 67, 17007)
(109, 48, 20818)
(109, 74, 23338)
(109, 70, 7236)
(109, 23, 16799)
(109, 5, 4889)
(109, 88, 5056)
(109, 81, 17759)
(109, 69, 7254)
(109, 108, 4528)
(109, 98, 14778)
(109, 55, 9495)
(109, 53, 5028)
(109, 45, 6301)
(109, 57, 3152)
(109, 32, 14854)
(109, 13, 4612)
(109, 17, 1060)
(109, 90, 9586)
(109, 46, 8972)
(109, 11, 6126)
(109, 68, 5520)
(109, 77, 13413)
(109, 73, 23992)
(109, 63, 7056)
(109, 8, 9363)
(109, 78, 12147)
(109, 61, 2201)
(109, 25, 4533)
(110, 41, 24422)
(110, 56, 24816)
(110, 100, 5322)
(110, 51, 23219)
(110, 47, 463)
(110, 67, 10671)
(110, 88, 10073)
(110, 76, 13022)
(110, 90, 21696)
(110, 106, 9487)
(110, 48, 19009)
(110, 43, 568)
(110, 62, 13407)
(110, 27, 19798)
(110, 93, 3531)
(110, 24, 14908)
(110, 73, 3396)
(110, 69, 11739)
(110, 54, 3244)
(110, 29, 24754)
(110, 96, 18644)
(110, 42, 2960)
(110, 89, 109)
(110, 28, 49)
(110, 4, 15602)
(110, 80, 12503)
(110, 72, 17579)
(110, 109, 22901)
(110, 103, 15339)
(110, 101, 12330)
(110, 70, 23363)
(110, 18, 6430)
(110, 102, 14560)
(110, 55, 5970)
(110, 77, 21786)
(110, 26, 1747)
(110, 94, 764)
(110, 30, 22766)
(110, 40, 18998)
(110, 13, 13017)
(110, 2, 11602)
(110, 8, 8945)
(110, 61, 8776)
(110, 53, 173)
(110, 68, 22029)
(110, 25, 5578)
(110, 87, 13473)
(110, 14, 6274)
(110, 59, 342)
(110, 11, 23931)
(110, 98, 13972)
(110, 107, 23878)
(110, 7, 6622)
(110, 46, 1077)
(110, 66, 13834)
(110, 0, 12186)
(110, 64, 15159)
(110, 35, 17840)
(110, 105, 15043)
(110, 52, 5181)
(110, 1, 18861)
(110, 21, 24167)
(110, 108, 18678)
(110, 9, 6929)
(110, 3, 6649)
(110, 78, 23855)
(110, 60, 2268)
(110, 34, 20905)
(110, 58, 9540)
(110, 37, 23301)
(110, 81, 25581)
(110, 84, 14898)
(110, 85, 11696)
(111, 7, 13310)
(111, 92, 23266)
(111, 84, 8678)
(111, 50, 1101)
(111, 48, 14031)
(111, 67, 7391)
(111, 75, 4962)
(111, 42, 18499)
(111, 8, 16447)
(111, 64, 19348)
(111, 35, 1298)
(111, 49, 6071)
(111, 63, 3326)
(111, 51, 3495)
(111, 99, 18952)
(111, 4, 13874)
(111, 58, 6681)
(111, 15, 17467)
(111, 25, 19602)
(111, 52, 21621)
(111, 1, 13273)
(111, 23, 935)
(111, 98, 14734)
(111, 80, 14229)
(111, 93, 1356)
(111, 24, 3950)
(111, 20, 17138)
(111, 77, 6737)
(111, 29, 19638)
(111, 10, 11285)
(111, 33, 2750)
(111, 9, 24343)
(111, 70, 15912)
(111, 81, 12819)
(111, 6, 17448)
(111, 55, 15241)
(111, 94, 1033)
(111, 107, 10464)
(111, 88, 6966)
(111, 100, 10909)
(111, 61, 1013)
(111, 28, 16082)
(111, 19, 4910)
(111, 13, 23965)
(111, 106, 13243)
(111, 96, 13842)
(111, 97, 23012)
(111, 39, 16977)
(111, 109, 13884)
(111, 27, 25126)
(111, 90, 10017)
(111, 102, 23620)
(111, 38, 1994)
(111, 66, 19433)
(111, 69, 20255)
(111, 57, 1819)
(111, 34, 2183)
(111, 85, 16121)
(111, 73, 12356)
(111, 105, 10705)
(111, 36, 21315)
(111, 79, 13140)
(111, 30, 22756)
(111, 0, 19810)
(111, 59, 7613)
(112, 92, 15632)
(112, 52, 19303)
(112, 90, 600)
(112, 23, 17873)
(112, 20, 13032)
(112, 15, 20648)
(112, 13, 9875)
(112, 86, 216)
(112, 103, 2388)
(112, 31, 18565)
(112, 56, 390)
(112, 49, 18304)
(112, 19, 1208)
(112, 107, 4814)
(112, 83, 5444)
(112, 63, 12929)
(112, 73, 10345)
(112, 85, 12208)
(112, 40, 18715)
(112, 29, 15027)
(112, 50, 3565)
(112, 28, 25084)
(112, 108, 1096)
(112, 8, 19711)
(112, 66, 2018)
(112, 94, 5716)
(112, 59, 2438)
(112, 43, 20290)
(112, 58, 6603)
(112, 89, 10101)
(112, 39, 1548)
(112, 51, 25349)
(112, 101, 14235)
(112, 110, 11797)
(112, 6, 4529)
(112, 11, 19631)
(112, 44, 18577)
(112, 45, 10598)
(112, 10, 4561)
(112, 47, 16705)
(112, 27, 22660)
(112, 32, 13321)
(112, 72, 4933)
(112, 87, 5761)
(112, 80, 3307)
(112, 111, 17520)
(112, 96, 16956)
(112, 14, 22345)
(112, 74, 9632)
(112, 78, 18308)
(112, 71, 11094)
(112, 76, 12389)
(112, 34, 3020)
(112, 36, 23831)
(112, 97, 24883)
(112, 38, 7996)
(112, 33, 7722)
(112, 88, 4232)
(112, 24, 3011)
(112, 26, 1373)
(112, 105, 16630)
(112, 98, 17177)
(112, 81, 16898)
(112, 57, 655)
(112, 64, 23264)
(112, 25, 7628)
(112, 104, 16925)
(112, 37, 7446)
(112, 46, 17128)
(112, 53, 10020)
(112, 65, 2045)
(112, 79, 15018)
(112, 91, 7326)
(112, 0, 7782)
(112, 18, 3225)
(112, 9, 651)
(112, 100, 3989)
(112, 75, 13230)
(112, 1, 13099)
(112, 4, 2443)
(112, 61, 9774)
(112, 2, 23563)
(112, 3, 23160)
(112, 82, 4201)
(112, 17, 620)
(112, 41, 5456)
(112, 5, 4177)
(112, 106, 23157)
(112, 77, 19438)
(112, 7, 20865)
(112, 99, 20715)
(112, 67, 2382)
(112, 60, 5886)
(112, 48, 20535)
(112, 30, 20724)
(112, 16, 15913)
(112, 102, 15528)
(112, 95, 2499)
(112, 68, 9335)
(112, 12, 19510)
(112, 109, 6598)
(112, 62, 15883)
(112, 21, 8189)
(112, 70, 14948)
(113, 111, 17023)
(113, 34, 17418)
(113, 104, 9573)
(113, 20, 17283)
(113, 57, 14420)
(113, 88, 24308)
(113, 94, 15296)
(113, 47, 15467)
(113, 27, 21569)
(113, 35, 17681)
(113, 59, 9320)
(113, 60, 3661)
(113, 52, 5238)
(113, 24, 306)
(113, 0, 2088)
(113, 67, 21746)
(113, 39, 23890)
(113, 17, 13626)
(113, 74, 2683)
(113, 112, 10198)
(113, 51, 13170)
(113, 45, 15886)
(113, 109, 7783)
(113, 76, 18128)
(113, 64, 20879)
(113, 42, 4948)
(113, 3, 24014)
(113, 107, 17505)
(113, 85, 10222)
(113, 82, 18141)
(113, 66, 4848)
(113, 50, 4340)
(113, 36, 9996)
(113, 25, 23739)
(113, 41, 20195)
(113, 19, 20199)
(113, 70, 12042)
(113, 110, 12762)
(113, 58, 17738)
(113, 95, 1744)
(113, 6, 91)
(113, 48, 12830)
(113, 56, 10928)
(113, 71, 431)
(113, 54, 15769)
(113, 5, 22125)
(113, 86, 1638)
(113, 53, 13269)
(113, 31, 17437)
(113, 87, 20836)
(113, 103, 17627)
(113, 92, 13529)
(113, 38, 23083)
(113, 84, 21215)
(113, 108, 25272)
(113, 15, 7046)
(113, 18, 6717)
(113, 55, 21584)
(113, 83, 19109)
(113, 2, 12153)
(113, 43, 814)
(113, 13, 5146)
(113, 75, 2050)
(113, 99, 16881)
(113, 93, 4914)
(113, 26, 12335)
(113, 69, 10066)
(113, 81, 3500)
(113, 72, 18697)
(113, 98, 15387)
(113, 12, 17488)
(113, 37, 7532)
(113, 100, 19861)
(113, 105, 17659)
(113, 63, 13190)
(113, 62, 25263)
(113, 30, 22832)
(113, 22, 14290)
(113, 33, 20073)
(113, 10, 23664)
(113, 9, 13016)
(113, 78, 19474)
(113, 16, 21049)
(113, 61, 1581)
(113, 49, 22647)
(113, 89, 3707)
(113, 7, 11432)
(113, 8, 7050)
(113, 40, 12837)
(113, 14, 20218)
(113, 32, 6915)
(113, 65, 19254)
(113, 80, 20328)
(113, 1, 22333)
(113, 73, 17578)
(114, 30, 4521)
(114, 109, 1776)
(114, 84, 9857)
(114, 58, 3542)
(114, 22, 4054)
(114, 45, 16592)
(114, 5, 21605)
(114, 82, 11961)
(114, 21, 3432)
(114, 34, 4019)
(114, 4, 4625)
(114, 100, 20731)
(114, 13, 20337)
(114, 57, 15403)
(114, 7, 23206)
(114, 19, 7247)
(114, 51, 22295)
(114, 107, 4669)
(114, 59, 25315)
(114, 0, 12398)
(114, 3, 3974)
(114, 93, 2517)
(114, 105, 23468)
(114, 48, 1318)
(114, 32, 8964)
(114, 113, 7694)
(114, 87, 3959)
(114, 90, 17014)
(114, 29, 11753)
(114, 67, 9059)
(114, 27, 16884)
(114, 37, 14210)
(114, 61, 2711)
(114, 41, 22795)
(114, 42, 22732)
(114, 1, 7047)
(114, 77, 10180)
(114, 103, 6515)
(114, 83, 16064)
(114, 98, 4052)
(114, 95, 23170)
(114, 74, 2332)
(114, 72, 4753)
(114, 15, 4870)
(114, 63, 21039)
(114, 18, 3907)
(114, 56, 20714)
(114, 2, 24193)
(114, 50, 1404)
(114, 9, 25704)
(114, 78, 8449)
(114, 64, 23346)
(114, 16, 8566)
(114, 85, 9372)
(114, 81, 6749)
(114, 35, 12413)
(114, 96, 12857)
(114, 60, 11265)
(114, 76, 11122)
(114, 11, 15910)
(114, 20, 8405)
(114, 92, 3408)
(114, 106, 11811)
(114, 44, 6054)
(114, 110, 5815)
(114, 17, 17728)
(114, 12, 17955)
(114, 31, 23343)
(114, 80, 5487)
(114, 69, 21510)
(114, 73, 1886)
(114, 53, 18798)
(114, 79, 15786)
(114, 111, 676)
(114, 101, 21909)
(114, 43, 2944)
(114, 26, 17856)
(114, 54, 16424)
(114, 97, 13148)
(114, 86, 19383)
(114, 94, 23418)
(114, 70, 8874)
(114, 8, 11507)
(114, 46, 13353)
(114, 52, 3872)
(114, 23, 19595)
(114, 89, 1065)
(114, 14, 2204)
(114, 102, 14422)
(115, 90, 22822)
(115, 98, 1326)
(115, 89, 1202)
(115, 47, 22903)
(115, 26, 9521)
(115, 113, 14859)
(115, 37, 16787)
(115, 97, 17671)
(115, 13, 16508)
(115, 65, 18294)
(115, 78, 6355)
(115, 104, 25270)
(115, 45, 348)
(115, 80, 17)
(115, 59, 7948)
(115, 15, 10148)
(115, 58, 24562)
(115, 20, 1714)
(115, 66, 3929)
(115, 99, 21925)
(115, 35, 16847)
(115, 95, 26)
(115, 71, 24943)
(115, 49, 7268)
(115, 108, 24944)
(115, 11, 20519)
(115, 27, 19258)
(115, 75, 14177)
(115, 102, 12812)
(115, 53, 21020)
(115, 56, 10130)
(115, 46, 25004)
(115, 72, 13585)
(115, 41, 5361)
(115, 9, 22254)
(115, 28, 15433)
(115, 22, 11530)
(115, 6, 22644)
(115, 91, 11760)
(115, 103, 24565)
(115, 111, 4733)
(115, 17, 17613)
(115, 74, 10927)
(115, 24, 10167)
(115, 64, 19251)
(115, 0, 7075)
(115, 29, 18597)
(115, 88, 6931)
(115, 8, 6726)
(115, 112, 24600)
(115, 84, 19144)
(115, 67, 23869)
(115, 101, 6475)
(115, 31, 25049)
(115, 55, 3756)
(115, 7, 22234)
(115, 73, 17574)
(115, 83, 25454)
(115, 105, 10106)
(115, 42, 14667)
(115, 62, 9899)
(115, 16, 8605)
(115, 87, 1584)
(115, 50, 20410)
(115, 85, 24192)
(115, 82, 10710)
(115, 107, 20972)
(115, 94, 14988)
(115, 60, 271)
(115, 30, 22235)
(115, 2, 23724)
(115, 57, 22071)
(115, 96, 20672)
(115, 70, 14845)
(115, 43, 6115)
(115, 10, 12634)
(115, 63, 551)
(115, 3, 16935)
(115, 4, 7582)
(115, 18, 23031)
(115, 51, 20838)
(115, 86, 2060)
(115, 23, 2505)
(115, 36, 18948)
(115, 33, 15396)
(115, 39, 8431)
(115, 14, 22270)
(115, 109, 15726)
(115, 68, 14647)
(115, 106, 13986)
(115, 93, 22206)
(115, 5, 20069)
(115, 76, 12732)
(115, 38, 10434)
(115, 34, 20115)
(115, 92, 20649)
(115, 110, 18237)
(115, 40, 10636)
(115, 100, 458)
(115, 44, 20000)
(115, 48, 4675)
(115, 25, 3786)
(115, 61, 14400)
(115, 69, 22537)
(115, 114, 16950)
(115, 81, 1270)
(115, 54, 20050)
(116, 53, 16619)
(116, 69, 15219)
(116, 37, 12140)
(116, 103, 2435)
(116, 42, 22503)
(116, 51, 5016)
(116, 97, 3104)
(116, 28, 10827)
(116, 1, 10968)
(116, 105, 5629)
(116, 80, 24295)
(116, 18, 14830)
(116, 32, 3627)
(116, 6, 16339)
(116, 82, 7915)
(116, 83, 12091)
(116, 21, 9082)
(116, 24, 5191)
(116, 60, 2709)
(116, 9, 8305)
(116, 52, 14485)
(116, 4, 14787)
(116, 45, 3221)
(116, 114, 25082)
(116, 12, 7980)
(116, 87, 2745)
(116, 23, 14461)
(116, 30, 12879)
(116, 99, 11751)
(116, 92, 16995)
(116, 89, 8234)
(116, 108, 18423)
(116, 96, 25335)
(116, 71, 3301)
(116, 67, 10315)
(117, 39, 8166)
(117, 65, 114)
(117, 64, 25470)
(117, 101, 10337)
(117, 6, 17977)
(117, 2, 23319)
(117, 40, 13349)
(117, 71, 22996)
(117, 7, 4130)
(117, 4, 22842)
(117, 76, 14374)
(117, 95, 12802)
(117, 84, 23545)
(117, 59, 13679)
(117, 20, 10647)
(117, 86, 6960)
(117, 104, 20679)
(117, 24, 17731)
(117, 108, 8643)
(117, 57, 12606)
(117, 45, 10662)
(117, 102, 12650)
(117, 35, 4802)
(117, 12, 9863)
(117, 107, 17394)
(118, 26, 4258)
(118, 60, 25016)
(118, 97, 11964)
(118, 34, 996)
(118, 59, 7988)
(118, 35, 1666)
(118, 3, 22479)
(118, 13, 5486)
(118, 40, 20897)
(118, 41, 11703)
(118, 92, 10451)
(118, 74, 15311)
(118, 2, 21076)
(118, 47, 21338)
(118, 46, 15427)
(118, 108, 2938)
(118, 27, 17663)
(118, 8, 14206)
(118, 73, 25228)
(118, 19, 5972)
(118, 48, 24224)
(118, 102, 6068)
(118, 114, 23593)
(118, 72, 6871)
(118, 67, 20764)
(118, 7, 8803)
(118, 82, 5334)
(118, 105, 4750)
(118, 101, 8881)
(118, 23, 2530)
(118, 116, 24278)
(118, 99, 22873)
(118, 85, 23771)
(118, 91, 15414)
(118, 39, 6352)
(118, 22, 23658)
(118, 98, 4730)
(118, 5, 13174)
(118, 28, 4441)
(118, 58, 19504)
(118, 87, 22563)
(118, 33, 17941)
(118, 76, 1400)
(118, 42, 17618)
(118, 86, 20147)
(118, 16, 8005)
(118, 43, 13825)
(118, 106, 13877)
(118, 38, 23222)
(118, 71, 20201)
(118, 61, 2378)
(118, 15, 22604)
(118, 32, 21287)
(118, 10, 16197)
(118, 75, 4781)
(118, 30, 20864)
(118, 21, 7924)
(118, 104, 8128)
(118, 83, 14700)
(119, 52, 11053)
(119, 116, 8021)
(119, 40, 4986)
(119, 61, 11276)
(119, 16, 21166)
(119, 84, 3972)
(119, 33, 5648)
(119, 30, 961)
(119, 51, 14490)
(119, 27, 10492)
(119, 117, 12547)
(119, 12, 20523)
(119, 5, 3828)
(119, 97, 21225)
(119, 25, 19589)
(119, 0, 19577)
(119, 94, 5413)
(119, 32, 23356)
(119, 105, 20460)
(119, 70, 23912)
(119, 101, 10065)
(119, 49, 25143)
(119, 7, 2326)
(119, 35, 4635)
(119, 109, 12641)
(119, 11, 7823)
(119, 76, 2642)
(119, 59, 23646)
(119, 66, 21353)
(119, 21, 12023)
(119, 81, 14838)
(119, 31, 11466)
(119, 38, 13595)
(119, 43, 4291)
(119, 24, 7029)
(119, 110, 7551)
(119, 87, 10221)
(119, 60, 953)
(119, 73, 20171)
(119, 39, 4136)
(119, 42, 17089)
(119, 62, 703)
(119, 85, 25338)
(119, 10, 24513)
(119, 80, 18292)
(119, 118, 20189)
(119, 22, 997)
(119, 2, 21762)
(119, 56, 18213)
(119, 72, 12907)
(119, 63, 15631)
(119, 65, 4865)
(119, 111, 1957)
(119, 54, 24385)
(119, 64, 22764)
(119, 23, 20207)
(119, 86, 12808)
(119, 104, 2273)
(119, 1, 22677)
(119, 57, 576)
(119, 67, 12631)
(119, 92, 12056)
(119, 108, 90)
(119, 50, 14542)
(119, 89, 11263)
(119, 48, 2590)
(119, 112, 21234)
(119, 29, 16136)
(119, 6, 5283)
(119, 91, 2392)
(119, 77, 17239)
(119, 93, 22896)
(119, 8, 24139)
(119, 115, 4420)
(119, 41, 9591)
(119, 3, 22301)
(119, 34, 5647)
(120, 17, 9063)
(120, 100, 13476)
(120, 84, 11142)
(120, 118, 13280)
(120, 2, 19275)
(120, 112, 18299)
(120, 25, 16076)
(120, 60, 18293)
(120, 11, 2225)
(120, 99, 3228)
(120, 110, 24705)
(120, 42, 18263)
(121, 81, 20209)
(121, 51, 1749)
(121, 108, 11167)
(121, 48, 24634)
(121, 39, 22987)
(121, 49, 11151)
(121, 53, 18710)
(121, 72, 20421)
(121, 111, 6611)
(121, 73, 8356)
(121, 55, 12014)
(121, 58, 2850)
(121, 102, 16016)
(121, 103, 2417)
(121, 86, 24362)
(121, 47, 2230)
(121, 36, 21534)
(121, 41, 12417)
(121, 88, 9425)
(121, 9, 14350)
(121, 98, 7985)
(121, 23, 20809)
(121, 83, 20925)
(121, 90, 20592)
(121, 120, 9374)
(121, 75, 6772)
(121, 50, 10483)
(121, 8, 23560)
(121, 30, 3074)
(121, 74, 1207)
(121, 68, 10668)
(121, 56, 5144)
(121, 76, 4460)
(121, 95, 20985)
(121, 117, 7852)
(121, 37, 10072)
(121, 101, 8911)
(121, 63, 15874)
(121, 1, 12180)
(121, 104, 5812)
(121, 100, 83)
(121, 114, 11397)
(121, 5, 19850)
(121, 85, 13772)
(121, 3, 21618)
(121, 93, 23119)
(121, 14, 105)
(121, 79, 7524)
(121, 27, 15650)
(121, 0, 4153)
(121, 15, 12412)
(121, 43, 23721)
(121, 13, 1623)
(121, 59, 22319)
(121, 38, 19305)
(121, 21, 22911)
(121, 67, 827)
(121, 61, 13216)
(121, 78, 16099)
(121, 45, 17649)
(121, 80, 14888)
(121, 109, 3230)
(121, 65, 8132)
(121, 91, 11550)
(121, 64, 7215)
(122, 83, 1635)
(122, 75, 22714)
(122, 22, 14067)
(122, 31, 4457)
(122, 80, 8922)
(122, 30, 6853)
(122, 19, 3619)
(122, 116, 24150)
(122, 68, 22373)
(122, 95, 9724)
(122, 25, 22277)
(122, 52, 16871)
(122, 76, 964)
(122, 39, 25207)
(122, 74, 20861)
(122, 8, 23463)
(122, 94, 19152)
(122, 17, 1680)
(122, 97, 17276)
(122, 104, 22100)
(122, 84, 732)
(122, 60, 5547)
(122, 20, 20932)
(122, 70, 13764)
(122, 115, 11361)
(122, 119, 24942)
(122, 118, 15429)
(122, 26, 22932)
(122, 10, 3679)
(122, 3, 3691)
(122, 9, 22630)
(122, 78, 21003)
(122, 14, 9269)
(122, 66, 21716)
(122, 2, 15675)
(122, 72, 17057)
(122, 82, 17563)
(122, 120, 24089)
(122, 28, 336)
(122, 1, 11610)
(122, 38, 9369)
(122, 18, 22641)
(122, 48, 23019)
(122, 89, 4108)
(122, 32, 11319)
(122, 59, 15521)
(122, 5, 3936)
(122, 93, 23682)
(122, 56, 19516)
(122, 35, 10018)
(122, 62, 4992)
(122, 87, 4980)
(122, 40, 8868)
(122, 111, 14773)
(122, 71, 15972)
(122, 73, 14931)
(122, 47, 5625)
(122, 34, 5509)
(122, 121, 17124)
(122, 24, 18631)
(122, 27, 1215)
(122, 79, 7323)
(122, 43, 23834)
(122, 100, 24550)
(122, 101, 22347)
(122, 99, 14669)
(122, 54, 11136)
(122, 96, 19549)
(122, 92, 2203)
(122, 117, 19175)
(122, 88, 24840)
(122, 91, 8895)
(122, 77, 10623)
(122, 44, 18698)
(122, 112, 19181)
(122, 45, 6981)
(122, 53, 13272)
(122, 105, 24177)
(122, 67, 18790)
(122, 69, 22806)
(122, 110, 17443)
(122, 63, 18500)
(122, 7, 22510)
(122, 46, 8416)
(122, 65, 17252)
(122, 13, 18848)
(122, 98, 6205)
(122, 81, 21383)
(122, 41, 24776)
(122, 11, 12110)
(122, 29, 24923)
(122, 49, 192)
(122, 50, 7888)
(122, 114, 12082)
(122, 0, 12672)
(122, 103, 18943)
(122, 12, 13402)
(122, 6, 23347)
(122, 33, 17765)
(122, 37, 14922)
(122, 4, 19935)
(122, 58, 14110)
(122, 106, 23367)
(122, 57, 1727)
(122, 102, 12913)
(122, 16, 10156)
(122, 36, 13839)
(122, 109, 17280)
(122, 107, 25641)
(122, 113, 19394)
(122, 51, 9653)
(122, 85, 23196)
(122, 64, 20331)
(123, 92, 22778)
(123, 30, 21509)
(123, 80, 748)
(123, 65, 12443)
(123, 57, 15405)
(123, 97, 15969)
(123, 3, 4745)
(123, 48, 18859)
(123, 29, 23605)
(123, 45, 18346)
(123, 102, 19989)
(123, 91, 2987)
(123, 121, 23186)
(123, 8, 17796)
(123, 79, 17834)
(123, 35, 12055)
(123, 61, 17972)
(123, 63, 2917)
(123, 47, 8816)
(123, 105, 4165)
(123, 12, 19961)
(123, 74, 11924)
(123, 93, 15353)
(123, 64, 20951)
(123, 72, 831)
(123, 13, 9287)
(123, 23, 23710)
(123, 77, 19005)
(123, 50, 4760)
(123, 67, 9102)
(123, 33, 18806)
(123, 120, 13739)
(123, 25, 5130)
(123, 109, 23174)
(123, 88, 10969)
(123, 90, 8575)
(123, 83, 2375)
(123, 115, 22994)
(123, 42, 10956)
(123, 7, 9932)
(123, 100, 18857)
(124, 26, 10252)
(124, 55, 24123)
(124, 72, 10972)
(124, 49, 2529)
(124, 77, 8394)
(124, 56, 18234)
(124, 95, 23106)
(124, 50, 20104)
(124, 101, 6072)
(124, 1, 14621)
(124, 39, 24135)
(124, 3, 18362)
(124, 71, 20721)
(124, 27, 17241)
(124, 87, 6739)
(124, 33, 15616)
(124, 93, 11054)
(124, 13, 19613)
(124, 21, 1588)
(124, 46, 3808)
(124, 120, 3608)
(124, 115, 12089)
(124, 17, 3853)
(124, 40, 897)
(124, 60, 22913)
(124, 118, 1626)
(124, 23, 12200)
(124, 89, 17691)
(124, 90, 11882)
(124, 123, 12753)
(124, 111, 20520)
(124, 114, 22294)
(124, 105, 19145)
(124, 42, 19042)
(124, 5, 7761)
(124, 63, 7498)
(124, 100, 6699)
(124, 34, 15828)
(124, 78, 6588)
(124, 81, 24408)
(124, 44, 3156)
(124, 66, 24857)
(124, 110, 3522)
(124, 45, 16494)
(124, 10, 5968)
(124, 96, 11248)
(124, 102, 9154)
(124, 6, 10987)
(124, 9, 20298)
(124, 14, 20082)
(124, 76, 5791)
(125, 56, 17406)
(125, 19, 8793)
(126, 91, 12041)
(126, 102, 18441)
(126, 88, 21032)
(126, 26, 19592)
(126, 61, 885)
(126, 73, 6192)
(126, 24, 11784)
(126, 21, 5548)
(126, 96, 5205)
(126, 55, 11275)
(126, 42, 1803)
(126, 56, 4875)
(126, 29, 21280)
(126, 75, 3916)
(126, 104, 5305)
(126, 39, 7412)
(126, 65, 9481)
(126, 89, 16151)
(126, 120, 15059)
(126, 107, 5560)
(126, 103, 1104)
(126, 49, 13387)
(126, 16, 25659)
(126, 93, 20339)
(126, 40, 16820)
(126, 124, 14497)
(126, 30, 21401)
(126, 36, 8466)
(126, 19, 20083)
(126, 76, 25129)
(126, 52, 12006)
(126, 58, 15085)
(126, 63, 25696)
(126, 110, 7657)
(126, 68, 10418)
(126, 80, 11701)
(126, 17, 14808)
(126, 27, 12817)
(126, 98, 14824)
(126, 7, 23329)
(126, 105, 6759)
(126, 92, 18380)
(126, 33, 20907)
(126, 43, 17942)
(126, 5, 6325)
(126, 9, 824)
(126, 2, 24639)
(126, 35, 3204)
(126, 45, 474)
(126, 109, 1268)
(126, 14, 1947)
(126, 113, 12619)
(126, 54, 14386)
(126, 15, 14849)
(126, 121, 572)
(126, 46, 17324)
(126, 70, 2796)
(126, 47, 2446)
(126, 86, 19615)
(126, 48, 4825)
(126, 118, 15404)
(126, 112, 11278)
(126, 28, 439)
(126, 3, 23908)
(126, 119, 10455)
(126, 77, 22638)
(126, 38, 25138)
(126, 12, 3634)
(126, 60, 5806)
(126, 115, 3006)
(126, 114, 2895)
(126, 72, 10326)
(126, 69, 24222)
(126, 100, 3306)
(126, 85, 3881)
(126, 32, 10680)
(126, 116, 14109)
(126, 4, 23656)
(126, 74, 23686)
(126, 95, 13450)
(126, 20, 11840)
(126, 82, 1644)
(126, 111, 20949)
(126, 25, 23685)
(126, 71, 24966)
(126, 10, 187)
(126, 101, 7109)
(126, 11, 11312)
(126, 67, 10764)
(127, 44, 15277)
(127, 87, 7114)
(127, 57, 10953)
(127, 66, 5241)
(127, 88, 9)
(127, 10, 18449)
(127, 35, 6907)
(127, 36, 19670)
(127, 76, 8748)
(127, 80, 530)
(127, 100, 13775)
(127, 69, 8651)
(127, 124, 10904)
(127, 123, 2346)
(127, 51, 15101)
(127, 3, 8495)
(127, 53, 4688)
(127, 81, 15089)
(127, 116, 9315)
(127, 64, 8586)
(127, 32, 5736)
(127, 54, 17906)
(127, 93, 21848)
(127, 125, 5281)
(127, 103, 4872)
(127, 94, 2626)
(127, 14, 21198)
(128, 104, 5540)
(128, 125, 18)
(128, 87, 13113)
(128, 107, 8369)
(128, 113, 13147)
(128, 70, 8596)
(128, 5, 10045)
(128, 14, 16317)
(128, 56, 7382)
(128, 127, 115)
(128, 25, 7863)
(128, 3, 7752)
(128, 42, 21962)
(128, 118, 5331)
(128, 98, 21356)
(128, 103, 21106)
(128, 112, 16687)
(128, 84, 4479)
(128, 85, 949)
(128, 29, 17633)
(128, 96, 19044)
(128, 109, 21249)
(128, 119, 938)
(128, 7, 4287)
(128, 110, 21844)
(128, 115, 3236)
(128, 32, 13454)
(128, 46, 19661)
(128, 16, 19061)
(128, 61, 12712)
(128, 50, 6505)
(128, 126, 12113)
(128, 111, 17503)
(128, 57, 19011)
(128, 17, 16480)
(128, 79, 18390)
(128, 71, 2898)
(128, 114, 10612)
(128, 117, 12436)
(128, 28, 16422)
(128, 54, 23178)
(128, 60, 3192)
(128, 97, 19719)
(128, 35, 1484)
(128, 89, 8396)
(128, 27, 16535)
(128, 39, 3750)
(128, 9, 6689)
(128, 68, 15795)
(128, 30, 6868)
(128, 75, 19355)
(128, 45, 14883)
(128, 94, 25191)
(128, 21, 10088)
(128, 24, 21444)
(128, 59, 8340)
(128, 64, 2968)
(128, 33, 14937)
(128, 99, 11976)
(128, 58, 5571)
(128, 102, 21173)
(128, 83, 7438)
(128, 36, 1483)
(128, 43, 3902)
(128, 37, 15072)
(128, 72, 21559)
(128, 81, 10912)
(128, 100, 16113)
(128, 73, 16161)
(128, 120, 6682)
(128, 13, 22803)
(128, 38, 10318)
(128, 62, 19051)
(128, 80, 20327)
(128, 52, 8263)
(128, 95, 389)
(128, 12, 1441)
(128, 20, 22940)
(128, 22, 22627)
(128, 67, 3515)
(128, 122, 18677)
(128, 0, 12079)
(128, 66, 19838)
(128, 44, 9127)
(128, 78, 21297)
(128, 82, 25376)
(128, 11, 919)
(128, 106, 24749)
(129, 20, 19601)
(129, 52, 6779)
(129, 51, 25377)
(129, 27, 17210)
(129, 74, 13617)
(129, 10, 6080)
(129, 4, 15008)
(129, 77, 19199)
(129, 45, 1132)
(129, 64, 23310)
(129, 102, 17624)
(129, 80, 4205)
(129, 17, 12944)
(129, 124, 5558)
(129, 75, 8366)
(129, 98, 2456)
(129, 82, 3322)
(129, 108, 24096)
(129, 36, 5242)
(129, 53, 20742)
(129, 70, 8823)
(129, 78, 17991)
(129, 32, 3103)
(129, 120, 6225)
(129, 48, 15805)
(129, 35, 10985)
(129, 42, 15094)
(129, 113, 23334)
(129, 54, 22587)
(129, 61, 14311)
(129, 101, 22140)
(129, 97, 16038)
(129, 15, 69)
(129, 93, 19268)
(129, 112, 1295)
(129, 122, 7052)
(129, 39, 251)
(129, 6, 24027)
(129, 116, 16902)
(129, 115, 759)
(129, 7, 24033)
(129, 86, 16586)
(129, 95, 12947)
(129, 84, 1856)
(129, 79, 5073)
(129, 14, 16610)
(129, 8, 4695)
(129, 126, 518)
(130, 120, 15397)
(130, 79, 14951)
(130, 20, 9142)
(130, 19, 17274)
(130, 70, 467)
(130, 45, 22957)
(130, 26, 8138)
(130, 43, 19334)
(130, 127, 6781)
(130, 34, 15172)
(130, 56, 11125)
(130, 78, 14760)
(130, 39, 13325)
(130, 98, 7932)
(130, 37, 24719)
(130, 38, 8619)
(130, 21, 379)
(130, 10, 1363)
(130, 67, 21251)
(130, 107, 6975)
(130, 96, 829)
(130, 35, 17623)
(130, 109, 21344)
(130, 18, 4509)
(130, 28, 10590)
(130, 90, 12361)
(130, 22, 7439)
(130, 116, 4589)
(130, 4, 21647)
(130, 58, 443)
(130, 74, 12876)
(130, 51, 4818)
(131, 20, 4826)
(131, 126, 9020)
(131, 9, 25159)
(131, 8, 11034)
(131, 16, 9919)
(131, 13, 11578)
(131, 122, 8129)
(131, 119, 1570)
(131, 112, 17514)
(131, 91, 4603)
(131, 14, 6093)
(131, 0, 18131)
(131, 31, 14980)
(131, 70, 2695)
(131, 95, 19027)
(131, 69, 22103)
(131, 40, 1726)
(131, 18, 10276)
(131, 57, 3716)
(131, 99, 18742)
(131, 11, 16495)
(131, 21, 18412)
(131, 118, 13048)
(131, 108, 6356)
(131, 68, 14956)
(131, 76, 347)
(131, 32, 25530)
(131, 83, 3453)
(131, 27, 25097)
(131, 36, 17306)
(131, 33, 6595)
(131, 66, 8932)
(131, 106, 18797)
(131, 24, 509)
(131, 22, 41)
(131, 129, 14164)
(131, 90, 10714)
(131, 71, 12462)
(131, 103, 10292)
(131, 124, 15862)
(131, 42, 8839)
(131, 102, 10445)
(131, 53, 14379)
(131, 64, 9819)
(131, 96, 23255)
(131, 45, 14259)
(131, 7, 16676)
(131, 85, 24849)
(131, 59, 3151)
(131, 115, 20464)
(131, 29, 16628)
(131, 39, 6142)
(131, 89, 1654)
(131, 104, 16235)
(131, 93, 10401)
(131, 88, 2751)
(131, 72, 20318)
(131, 117, 13138)
(131, 111, 18469)
(131, 101, 648)
(131, 87, 20105)
(131, 100, 13038)
(131, 60, 18015)
(131, 6, 6724)
(131, 54, 1330)
(131, 61, 2320)
(131, 23, 11576)
(131, 34, 5877)
(131, 56, 11395)
(131, 30, 6222)
(131, 81, 13431)
(131, 97, 16149)
(131, 15, 22941)
(131, 130, 12325)
(131, 17, 22166)
(131, 105, 13135)
(131, 28, 15819)
(131, 116, 24510)
(131, 10, 18951)
(131, 121, 22433)
(131, 125, 23071)
(131, 120, 22210)
(131, 19, 10152)
(131, 58, 11850)
(131, 109, 16853)
(131, 75, 11549)
(131, 1, 10)
(131, 37, 220)
(131, 38, 9196)
(131, 98, 12575)
(131, 114, 18216)
(131, 86, 17732)
(131, 113, 9885)
(131, 47, 4312)
(131, 5, 9732)
(131, 43, 13410)
(131, 82, 14116)
(131, 67, 25718)
(131, 110, 10443)
(131, 62, 24463)
(131, 35, 5459)
(131, 79, 575)
(131, 84, 7683)
(131, 46, 20585)
(131, 25, 23114)
(131, 107, 3170)
(131, 3, 7519)
(131, 2, 23600)
(132, 5, 9655)
(132, 40, 8468)
(132, 70, 24738)
(132, 114, 20650)
(132, 50, 25325)
(132, 57, 21063)
(132, 112, 16989)
(132, 73, 2470)
(132, 59, 11835)
(132, 28, 14712)
(132, 103, 7068)
(132, 23, 16408)
(132, 13, 3266)
(132, 118, 3081)
(132, 68, 24741)
(132, 27, 2886)
(132, 122, 8768)
(132, 94, 20655)
(132, 48, 13953)
(132, 35, 24830)
(132, 16, 4936)
(132, 96, 12818)
(132, 61, 7525)
(132, 108, 9616)
(132, 37, 18258)
(132, 130, 22634)
(132, 3, 4434)
(132, 24, 9403)
(132, 26, 22605)
(132, 58, 15668)
(132, 119, 21638)
(132, 69, 2495)
(132, 47, 6788)
(132, 110, 12661)
(132, 55, 14919)
(132, 79, 11663)
(132, 128, 21219)
(132, 9, 17484)
(132, 17, 7361)
(132, 102, 6104)
(132, 2, 9688)
(132, 120, 7656)
(132, 18, 15798)
(132, 95, 8383)
(132, 93, 3265)
(132, 45, 14861)
(132, 80, 6805)
(132, 52, 24252)
(132, 75, 12017)
(132, 46, 7151)
(132, 65, 9132)
(132, 11, 6549)
(132, 126, 3934)
(132, 29, 1695)
(132, 19, 9660)
(132, 111, 14740)
(132, 86, 22149)
(132, 43, 14141)
(132, 74, 4624)
(132, 36, 16218)
(132, 51, 15729)
(132, 124, 20828)
(132, 64, 1225)
(132, 121, 3548)
(132, 38, 235)
(132, 49, 7802)
(132, 97, 11236)
(132, 113, 16939)
(132, 15, 19018)
(132, 25, 23730)
(132, 116, 8971)
(132, 123, 24144)
(132, 85, 267)
(132, 0, 16214)
(132, 104, 15250)
(132, 41, 12827)
(132, 72, 22507)
(132, 81, 16598)
(132, 31, 18537)
(132, 98, 485)
(132, 12, 3002)
(132, 30, 20173)
(133, 39, 21115)
(133, 57, 15670)
(133, 86, 12563)
(133, 81, 1733)
(133, 41, 10825)
(133, 132, 10183)
(133, 74, 14682)
(133, 38, 6069)
(133, 66, 24619)
(133, 129, 14941)
(133, 126, 3342)
(133, 53, 24155)
(133, 10, 14097)
(133, 121, 12854)
(133, 19, 13466)
(133, 55, 20236)
(133, 71, 4399)
(133, 93, 18313)
(133, 109, 24605)
(133, 33, 20179)
(133, 130, 24779)
(133, 91, 5226)
(133, 2, 17049)
(133, 82, 19862)
(133, 110, 23713)
(133, 113, 24095)
(133, 70, 23482)
(133, 58, 22117)
(133, 94, 8509)
(133, 102, 12765)
(133, 46, 18261)
(133, 17, 13267)
(133, 105, 4836)
(133, 51, 18307)
(133, 25, 8240)
(133, 8, 12616)
(133, 30, 21809)
(133, 0, 22982)
(133, 90, 8893)
(133, 69, 20513)
(133, 4, 23200)
(133, 118, 2138)
(133, 21, 16603)
(133, 9, 5881)
(133, 107, 19324)
(133, 80, 3511)
(133, 54, 21405)
(133, 127, 18331)
(133, 112, 25545)
(133, 79, 38)
(133, 56, 25281)
(133, 47, 7600)
(133, 119, 17688)
(133, 62, 1380)
(133, 115, 4307)
(133, 6, 12032)
(133, 12, 10625)
(133, 84, 1599)
(133, 125, 11633)
(133, 24, 224)
(133, 34, 19230)
(133, 28, 2734)
(133, 99, 3980)
(133, 89, 7157)
(133, 32, 7914)
(133, 37, 10379)
(133, 15, 21097)
(133, 14, 1179)
(133, 11, 6084)
(133, 117, 18837)
(133, 59, 17373)
(134, 123, 7252)
(134, 95, 21404)
(134, 20, 14939)
(134, 59, 17380)
(134, 41, 3366)
(134, 76, 24134)
(134, 91, 23456)
(134, 7, 16112)
(134, 43, 1274)
(134, 9, 2601)
(134, 0, 7420)
(134, 6, 5926)
(134, 98, 14884)
(134, 58, 21864)
(134, 108, 19709)
(134, 126, 18887)
(134, 106, 15850)
(134, 89, 12009)
(134, 96, 17899)
(134, 50, 7808)
(134, 114, 21130)
(134, 102, 18875)
(134, 119, 8140)
(134, 60, 15518)
(134, 112, 24428)
(134, 104, 25042)
(134, 131, 15088)
(134, 33, 16055)
(134, 117, 12159)
(134, 31, 179)
(134, 105, 15929)
(134, 61, 14268)
(134, 64, 23753)
(134, 30, 23932)
(134, 16, 14589)
(134, 88, 3638)
(134, 120, 19146)
(134, 13, 10052)
(134, 21, 5741)
(134, 42, 1495)
(134, 47, 4711)
(134, 132, 22098)
(134, 28, 8556)
(134, 19, 21921)
(134, 101, 22226)
(134, 36, 13928)
(134, 116, 25301)
(134, 22, 5301)
(134, 27, 15273)
(134, 14, 20797)
(134, 93, 17357)
(134, 5, 13667)
(134, 40, 13546)
(134, 110, 21400)
(134, 82, 17310)
(134, 69, 24750)
(134, 67, 6383)
(134, 23, 6665)
(134, 79, 12302)
(134, 115, 13800)
(134, 72, 2950)
(134, 11, 1112)
(134, 18, 4623)
(134, 55, 14470)
(134, 92, 22891)
(134, 49, 23573)
(134, 12, 10644)
(134, 127, 7820)
(134, 48, 11569)
(134, 111, 1317)
(134, 38, 13975)
(134, 35, 23251)
(134, 109, 6281)
(134, 97, 21218)
(134, 51, 18893)
(134, 103, 24229)
(134, 75, 14502)
(134, 124, 21208)
(134, 45, 5292)
(134, 25, 10233)
(134, 86, 9789)
(134, 15, 3589)
(134, 83, 9668)
(134, 46, 15510)
(134, 39, 6242)
(134, 85, 9587)
(134, 24, 9314)
(134, 4, 8543)
(134, 65, 21824)
(134, 57, 6442)
(134, 94, 24423)
(134, 66, 8210)
(134, 133, 2244)
(134, 122, 5010)
(134, 62, 2362)
(134, 71, 10494)
(134, 1, 7417)
(134, 56, 3135)
(135, 80, 962)
(135, 47, 14924)
(135, 26, 7700)
(135, 68, 19171)
(135, 37, 17944)
(135, 35, 18167)
(135, 85, 15242)
(135, 31, 13021)
(135, 11, 14562)
(135, 56, 18684)
(135, 62, 19020)
(135, 2, 6888)
(135, 52, 4893)
(135, 118, 1083)
(135, 125, 20548)
(135, 77, 5212)
(135, 71, 6056)
(136, 123, 16843)
(136, 89, 12583)
(136, 119, 15351)
(136, 79, 10414)
(136, 42, 21486)
(136, 95, 13023)
(136, 74, 2799)
(136, 36, 34)
(136, 27, 1841)
(136, 53, 16844)
(136, 13, 4470)
(136, 88, 9509)
(136, 102, 21025)
(136, 40, 20450)
(136, 105, 23324)
(136, 87, 11093)
(136, 111, 13552)
(136, 10, 20333)
(136, 67, 24417)
(136, 77, 1802)
(136, 5, 8288)
(136, 75, 2324)
(136, 12, 18451)
(136, 46, 11820)
(136, 82, 12958)
(136, 18, 12194)
(136, 106, 5470)
(136, 38, 6404)
(136, 100, 8623)
(136, 48, 4411)
(136, 118, 6548)
(136, 49, 24006)
(136, 72, 4319)
(136, 92, 23176)
(136, 99, 16734)
(136, 65, 7201)
(136, 133, 3839)
(136, 97, 17356)
(136, 37, 6124)
(136, 3, 12738)
(136, 127, 6635)
(136, 122, 23023)
(136, 98, 2285)
(136, 17, 5248)
(136, 11, 3818)
(136, 70, 7494)
(136, 44, 9061)
(136, 15, 7164)
(136, 34, 18873)
(136, 113, 17050)
(136, 114, 639)
(136, 103, 7242)
(136, 51, 25300)
(136, 21, 20403)
(136, 96, 18065)
(136, 24, 3708)
(136, 121, 16463)
(136, 76, 14491)
(136, 43, 22758)
(136, 19, 12992)
(136, 20, 14907)
(136, 25, 16527)
(136, 91, 7851)
(136, 6, 11884)
(136, 128, 12512)
(136, 14, 19025)
(136, 39, 23582)
(136, 90, 15047)
(136, 134, 14064)
(136, 129, 773)
(136, 28, 4088)
(136, 125, 23208)
(136, 23, 19186)
(136, 81, 11396)
(136, 54, 24732)
(136, 68, 16407)
(136, 30, 18264)
(136, 126, 1094)
(136, 84, 11476)
(136, 22, 18369)
(136, 26, 3216)
(136, 47, 14979)
(136, 120, 9929)
(136, 94, 4930)
(136, 109, 15547)
(136, 108, 10026)
(136, 59, 6322)
(136, 41, 5220)
(136, 1, 22883)
(136, 61, 20080)
(136, 4, 622)
(136, 50, 3729)
(136, 71, 23637)
(136, 58, 3261)
(136, 66, 13720)
(136, 45, 22789)
(136, 93, 11909)
(136, 7, 25276)
(136, 16, 16548)
(136, 56, 18275)
(136, 0, 18211)
(136, 130, 9114)
(136, 60, 8269)
(136, 83, 18382)
(136, 31, 12235)
(137, 47, 2961)
(137, 111, 25679)
(137, 46, 17919)
(137, 92, 4645)
(137, 85, 6089)
(137, 130, 14073)
(137, 80, 19480)
(137, 109, 20260)
(137, 73, 2941)
(137, 50, 18420)
(137, 63, 21228)
(137, 17, 23813)
(137, 61, 9190)
(137, 102, 8716)
(137, 101, 22005)
(137, 93, 11338)
(137, 26, 3280)
(137, 38, 9270)
(137, 107, 9821)
(137, 16, 7023)
(137, 84, 3788)
(137, 52, 8417)
(137, 18, 19603)
(137, 49, 20157)
(137, 72, 25464)
(137, 79, 16822)
(137, 59, 14784)
(137, 32, 7788)
(137, 51, 22397)
(137, 53, 25643)
(137, 77, 5658)
(137, 57, 19912)
(137, 100, 20445)
(137, 134, 2996)
(137, 112, 385)
(137, 21, 5963)
(137, 23, 6897)
(137, 35, 11196)
(137, 11, 13406)
(137, 119, 10629)
(138, 42, 1642)
(138, 82, 22705)
(138, 14, 5588)
(138, 114, 11656)
(138, 12, 13463)
(138, 107, 3981)
(138, 62, 23798)
(138, 24, 11790)
(138, 11, 13131)
(138, 134, 15544)
(138, 20, 2494)
(138, 26, 9906)
(138, 76, 15106)
(138, 59, 652)
(138, 64, 19422)
(138, 22, 6170)
(138, 115, 15678)
(138, 74, 3546)
(138, 86, 13006)
(138, 85, 10400)
(138, 50, 24009)
(138, 18, 5859)
(138, 45, 22451)
(138, 9, 8917)
(138, 47, 25079)
(138, 98, 15582)
(138, 60, 14131)
(138, 118, 23426)
(138, 132, 19336)
(138, 104, 12576)
(138, 70, 11978)
(138, 34, 14056)
(138, 51, 11821)
(138, 23, 17989)
(138, 10, 2629)
(138, 5, 16012)
(138, 79, 18105)
(138, 83, 19125)
(138, 28, 19746)
(138, 95, 5359)
(138, 73, 8107)
(138, 87, 10487)
(138, 129, 16566)
(138, 61, 24102)
(138, 67, 13373)
(138, 65, 24270)
(138, 108, 8205)
(138, 110, 3242)
(138, 44, 9165)
(138, 75, 15370)
(138, 17, 2136)
(138, 120, 6380)
(138, 2, 668)
(138, 48, 17208)
(138, 122, 21207)
(138, 125, 855)
(138, 52, 9903)
(138, 116, 5489)
(138, 91, 3930)
(138, 113, 21290)
(138, 30, 5902)
(138, 119, 4494)
(138, 46, 2758)
(138, 121, 19183)
(138, 80, 18075)
(138, 31, 2448)
(138, 66, 18050)
(138, 4, 20723)
(139, 72, 5580)
(139, 68, 11077)
(139, 130, 1048)
(139, 60, 19904)
(139, 88, 3891)
(139, 39, 986)
(139, 14, 22325)
(139, 16, 25623)
(139, 32, 4515)
(139, 28, 21914)
(139, 115, 5377)
(139, 101, 74)
(139, 13, 15567)
(139, 20, 21507)
(139, 94, 21847)
(139, 43, 8377)
(139, 37, 20005)
(139, 82, 11087)
(139, 119, 24220)
(139, 0, 17342)
(139, 24, 11482)
(139, 111, 14947)
(139, 126, 3202)
(139, 35, 588)
(139, 97, 8889)
(139, 65, 8998)
(139, 99, 4530)
(139, 133, 10070)
(139, 81, 16591)
(139, 58, 10393)
(139, 108, 23449)
(139, 136, 2083)
(139, 106, 22049)
(139, 1, 18033)
(139, 98, 9110)
(139, 93, 5634)
(139, 123, 3939)
(139, 131, 16641)
(139, 129, 1661)
(139, 40, 637)
(139, 96, 2143)
(139, 64, 7682)
(139, 102, 9467)
(139, 120, 23626)
(139, 49, 344)
(139, 134, 490)
(139, 90, 14186)
(139, 132, 17475)
(139, 51, 16240)
(139, 95, 9667)
(139, 27, 12881)
(139, 73, 24140)
(139, 124, 22598)
(139, 6, 4694)
(139, 21, 21513)
(139, 29, 25287)
(139, 9, 21238)
(139, 50, 4977)
(139, 104, 25310)
(139, 23, 9687)
(139, 138, 16255)
(139, 121, 10534)
(139, 80, 2395)
(139, 56, 10255)
(139, 117, 4155)
(139, 70, 18843)
(139, 52, 10212)
(139, 42, 8752)
(139, 3, 16466)
(139, 127, 745)
(139, 62, 15413)
(139, 109, 17708)
(139, 18, 15006)
(139, 79, 20311)
(139, 25, 20798)
(139, 83, 11552)
(139, 110, 24090)
(139, 41, 10755)
(139, 103, 4564)
(139, 59, 796)
(139, 61, 23887)
(139, 100, 25736)
(139, 54, 556)
(139, 76, 23627)
(139, 107, 18306)
(139, 113, 19877)
(139, 31, 16839)
(140, 49, 5584)
(140, 76, 11143)
(140, 54, 18535)
(140, 107, 1116)
(140, 109, 15565)
(140, 126, 11029)
(140, 93, 8528)
(140, 139, 23547)
(140, 0, 20405)
(140, 118, 5495)
(140, 61, 19065)
(140, 75, 14756)
(140, 101, 6360)
(140, 34, 11306)
(140, 90, 7925)
(140, 86, 18074)
(140, 64, 13185)
(140, 100, 8346)
(140, 43, 8339)
(140, 119, 2104)
(140, 52, 158)
(140, 33, 8227)
(140, 113, 15264)
(140, 4, 17284)
(140, 2, 20381)
(140, 56, 12925)
(140, 134, 16878)
(140, 114, 18048)
(140, 63, 3841)
(140, 84, 774)
(140, 68, 14952)
(140, 5, 7940)
(140, 59, 22964)
(140, 31, 45)
(140, 70, 9355)
(140, 89, 12137)
(140, 53, 10469)
(140, 50, 22462)
(140, 74, 19559)
(140, 45, 6685)
(140, 79, 13411)
(140, 105, 25355)
(140, 127, 25351)
(140, 32, 14893)
(140, 41, 2686)
(140, 62, 8894)
(140, 97, 1211)
(140, 111, 4352)
(140, 36, 7280)
(140, 42, 6105)
(140, 17, 20372)
(140, 39, 23370)
(140, 10, 18971)
(140, 99, 8614)
(140, 123, 12344)
(140, 46, 23184)
(140, 6, 16765)
(140, 133, 21697)
(140, 83, 10711)
(140, 9, 95)
(140, 137, 23402)
(140, 103, 5365)
(140, 23, 12166)
(140, 1, 15111)
(140, 67, 19059)
(140, 12, 2884)
(140, 125, 14282)
(140, 11, 540)
(140, 25, 19501)
(140, 48, 15532)
(140, 13, 18880)
(141, 135, 19671)
(141, 110, 8742)
(141, 37, 23636)
(141, 114, 8046)
(141, 97, 4477)
(141, 87, 5264)
(141, 30, 21102)
(141, 76, 14775)
(141, 101, 10039)
(141, 88, 3587)
(141, 67, 19892)
(141, 121, 20952)
(141, 77, 18554)
(141, 106, 17428)
(141, 96, 11670)
(141, 72, 9117)
(141, 29, 11812)
(141, 136, 9273)
(141, 15, 15917)
(141, 122, 6878)
(141, 26, 10335)
(141, 33, 2694)
(141, 75, 21593)
(141, 43, 9324)
(141, 138, 11717)
(141, 66, 4080)
(141, 7, 17020)
(141, 57, 2666)
(141, 19, 17228)
(141, 9, 5897)
(141, 52, 5009)
(141, 73, 15283)
(141, 91, 1784)
(141, 20, 10305)
(141, 5, 17695)
(141, 59, 9133)
(141, 50, 4223)
(141, 0, 22874)
(141, 47, 13976)
(141, 84, 11194)
(141, 23, 4003)
(141, 74, 19675)
(141, 123, 9230)
(141, 89, 6831)
(141, 17, 226)
(141, 6, 4250)
(141, 81, 13869)
(141, 35, 21221)
(141, 124, 1828)
(141, 71, 10419)
(141, 24, 2238)
(141, 25, 82)
(141, 16, 13469)
(141, 115, 7648)
(141, 100, 14810)
(141, 41, 20982)
(141, 1, 18450)
(141, 32, 21537)
(141, 4, 16117)
(141, 109, 9295)
(141, 126, 19976)
(141, 82, 6954)
(141, 80, 24646)
(141, 99, 22572)
(141, 42, 8433)
(141, 28, 9400)
(141, 83, 5784)
(141, 2, 18276)
(141, 31, 5835)
(141, 105, 15698)
(141, 46, 20968)
(141, 94, 989)
(141, 140, 17134)
(141, 108, 922)
(141, 70, 15483)
(141, 139, 25099)
(141, 113, 12873)
(141, 78, 9485)
(141, 51, 14181)
(141, 79, 3005)
(141, 112, 529)
(141, 68, 6606)
(141, 65, 603)
(141, 133, 10988)
(141, 69, 21704)
(141, 56, 6604)
(141, 60, 24823)
(141, 45, 16294)
(141, 90, 10205)
(141, 98, 17530)
(141, 85, 21105)
(141, 127, 10386)
(141, 125, 7927)
(141, 40, 11940)
(141, 21, 6965)
(141, 54, 8535)
(141, 44, 17465)
(141, 39, 13609)
(141, 134, 1398)
(141, 38, 1534)
(141, 12, 10169)
(141, 53, 8903)
(141, 14, 7796)
(141, 107, 23704)
(141, 48, 18311)
(141, 10, 21430)
(141, 58, 13743)
(141, 63, 10613)
(141, 27, 9593)
(141, 49, 14706)
(141, 129, 5619)
(141, 13, 6392)
(141, 102, 13961)
(141, 34, 14219)
(141, 119, 10097)
(141, 132, 24859)
(141, 130, 16419)
(141, 8, 21862)
(141, 95, 10387)
(141, 120, 510)
(141, 103, 9224)
(141, 18, 12294)
(141, 131, 24490)
(141, 128, 11769)
(141, 104, 9982)
(141, 61, 2558)
(141, 86, 13875)
(141, 111, 23061)
(141, 93, 21791)
(141, 55, 2969)
(141, 92, 16581)
(141, 62, 24658)
(141, 116, 4862)
(141, 64, 9394)
(142, 15, 16318)
(142, 100, 6537)
(142, 73, 13033)
(142, 77, 6552)
(142, 21, 5661)
(142, 110, 3567)
(142, 106, 1038)
(142, 94, 9209)
(142, 86, 4086)
(142, 0, 25526)
(142, 17, 14995)
(142, 107, 16438)
(142, 91, 5436)
(142, 34, 19279)
(142, 31, 8606)
(142, 69, 15693)
(142, 22, 16590)
(142, 38, 1034)
(142, 96, 2677)
(142, 41, 19411)
(142, 111, 18090)
(142, 52, 13242)
(142, 11, 19164)
(142, 24, 12901)
(142, 26, 16130)
(142, 81, 14135)
(142, 87, 23805)
(142, 126, 2476)
(142, 133, 9466)
(142, 112, 16904)
(142, 71, 22650)
(142, 129, 8178)
(142, 4, 6425)
(142, 122, 9842)
(142, 56, 1637)
(142, 90, 13236)
(142, 140, 14099)
(142, 33, 17405)
(142, 29, 5507)
(142, 124, 8235)
(142, 40, 18652)
(142, 18, 23164)
(142, 20, 25059)
(142, 141, 1976)
(142, 13, 19564)
(142, 113, 771)
(142, 74, 17251)
(142, 70, 22927)
(142, 88, 3653)
(142, 44, 19882)
(142, 16, 11216)
(142, 93, 24925)
(142, 127, 5769)
(142, 28, 1647)
(142, 109, 24807)
(142, 80, 19794)
(142, 117, 5355)
(142, 136, 8266)
(142, 115, 13506)
(142, 57, 5158)
(142, 85, 18337)
(142, 8, 7333)
(142, 62, 22404)
(142, 103, 247)
(142, 105, 17970)
(142, 46, 2261)
(143, 43, 2860)
(143, 86, 8973)
(143, 8, 12297)
(143, 18, 7886)
(143, 87, 132)
(143, 108, 14276)
(143, 131, 24748)
(143, 26, 468)
(143, 49, 19748)
(143, 67, 712)
(143, 114, 25183)
(143, 9, 23777)
(143, 112, 16741)
(143, 91, 7616)
(143, 44, 1020)
(143, 127, 699)
(143, 45, 15648)
(143, 109, 13253)
(143, 126, 18945)
(143, 142, 14427)
(143, 58, 24349)
(143, 38, 23131)
(143, 47, 11539)
(143, 17, 7661)
(143, 77, 15194)
(143, 118, 15304)
(143, 29, 5624)
(143, 51, 17947)
(143, 10, 16794)
(143, 137, 24039)
(143, 42, 24792)
(143, 62, 18864)
(143, 82, 13414)
(143, 14, 1682)
(143, 74, 15784)
(143, 61, 10031)
(143, 60, 13878)
(143, 64, 9777)
(143, 63, 2175)
(143, 37, 20936)
(143, 84, 12424)
(143, 139, 9326)
(143, 80, 5079)
(143, 2, 171)
(143, 110, 787)
(143, 99, 2130)
(143, 125, 7388)
(143, 56, 13311)
(143, 107, 5473)
(143, 0, 10102)
(143, 55, 5616)
(143, 53, 9620)
(143, 96, 15806)
(143, 135, 2440)
(143, 27, 3674)
(144, 13, 23860)
(144, 27, 10686)
(144, 4, 17454)
(144, 69, 25384)
(144, 48, 5110)
(144, 6, 7499)
(144, 3, 21556)
(144, 82, 24775)
(144, 104, 22557)
(144, 138, 13512)
(144, 42, 2510)
(144, 22, 5596)
(144, 93, 2762)
(144, 99, 21783)
(144, 111, 1355)
(144, 80, 17833)
(144, 133, 11383)
(144, 119, 19195)
(144, 55, 16198)
(144, 114, 11970)
(144, 39, 24484)
(144, 11, 4700)
(144, 101, 14684)
(144, 110, 13582)
(144, 16, 15352)
(144, 62, 6395)
(144, 108, 17059)
(144, 75, 23500)
(144, 65, 16071)
(144, 140, 11323)
(144, 92, 22988)
(144, 102, 21777)
(144, 19, 5862)
(144, 68, 19320)
(144, 10, 11474)
(144, 89, 9917)
(144, 112, 20969)
(144, 124, 19773)
(144, 132, 11462)
(144, 51, 14831)
(144, 107, 7654)
(144, 8, 10197)
(144, 96, 19946)
(144, 100, 18709)
(144, 126, 3085)
(144, 123, 3956)
(144, 53, 18868)
(144, 106, 11114)
(144, 24, 5827)
(144, 95, 17490)
(144, 43, 11255)
(144, 73, 2620)
(144, 56, 21768)
(144, 72, 25158)
(144, 36, 12783)
(144, 23, 16537)
(144, 14, 14926)
(144, 130, 10540)
(144, 76, 14060)
(144, 74, 15903)
(144, 105, 3670)
(144, 21, 16971)
(144, 44, 8413)
(144, 29, 13678)
(144, 50, 23541)
(144, 37, 21539)
(144, 25, 15820)
(144, 115, 7846)
(144, 142, 2414)
(144, 117, 25570)
(144, 136, 1658)
(144, 98, 7364)
(144, 2, 3017)
(144, 85, 3358)
(144, 17, 17737)
(144, 135, 1810)
(144, 139, 9605)
(144, 127, 18756)
(144, 86, 25411)
(144, 113, 24796)
(144, 141, 17637)
(144, 60, 24882)
(144, 58, 19986)
(144, 45, 6173)
(144, 90, 1379)
(144, 88, 17343)
(144, 47, 9212)
(144, 91, 4609)
(144, 121, 18571)
(144, 32, 9511)
(144, 118, 3485)
(144, 34, 13993)
(144, 46, 2559)
(144, 52, 13371)
(144, 125, 17442)
(144, 66, 337)
(144, 49, 6175)
(144, 57, 23923)
(144, 116, 23808)
(144, 84, 2188)
(144, 63, 18425)
(144, 54, 15934)
(144, 59, 3258)
(144, 61, 25685)
(144, 7, 19093)
(144, 0, 13080)
(144, 38, 12191)
(144, 18, 4262)
(144, 30, 23002)
(144, 77, 14523)
(144, 28, 1910)
(144, 35, 8347)
(145, 104, 23313)
(145, 135, 10870)
(145, 143, 6851)
(145, 40, 2988)
(145, 63, 10844)
(145, 50, 17127)
(145, 103, 23792)
(145, 115, 15597)
(145, 121, 23880)
(145, 100, 10217)
(145, 62, 4514)
(145, 128, 23007)
(145, 74, 2487)
(145, 45, 4371)
(145, 0, 24945)
(145, 120, 23989)
(145, 43, 25354)
(145, 110, 16795)
(145, 138, 6715)
(145, 64, 5992)
(145, 9, 9545)
(145, 57, 160)
(145, 66, 15895)
(145, 91, 25014)
(145, 85, 23733)
(145, 136, 10266)
(145, 19, 15166)
(145, 37, 20484)
(145, 8, 11445)
(145, 130, 926)
(145, 123, 7954)
(145, 16, 8845)
(145, 108, 19427)
(145, 117, 12218)
(145, 102, 20276)
(145, 21, 17760)
(145, 106, 16897)
(145, 105, 14150)
(145, 48, 4432)
(145, 109, 19184)
(145, 28, 3289)
(145, 11, 13056)
(145, 78, 8564)
(145, 72, 6528)
(145, 49, 24131)
(145, 65, 6510)
(145, 112, 2454)
(145, 58, 13177)
(145, 39, 5270)
(145, 95, 24264)
(145, 53, 18862)
(145, 77, 22050)
(145, 127, 1741)
(145, 17, 14698)
(145, 93, 6691)
(145, 12, 9342)
(145, 119, 17162)
(145, 75, 10574)
(145, 51, 10537)
(145, 3, 2070)
(145, 2, 16220)
(145, 90, 15580)
(145, 55, 22336)
(145, 118, 6567)
(145, 86, 22582)
(145, 107, 8421)
(145, 42, 4653)
(145, 116, 13040)
(145, 44, 2643)
(145, 6, 18188)
(145, 101, 24182)
(145, 132, 7472)
(145, 144, 9404)
(145, 139, 8220)
(145, 29, 16434)
(145, 122, 7729)
(145, 22, 9195)
(145, 113, 13536)
(145, 81, 12402)
(145, 114, 24570)
(145, 5, 23460)
(145, 7, 2587)
(145, 67, 11848)
(146, 145, 20275)
(146, 64, 1537)
(146, 28, 6605)
(146, 136, 14018)
(146, 129, 863)
(146, 56, 10076)
(146, 45, 9624)
(146, 112, 4387)
(146, 100, 4955)
(146, 123, 12360)
(146, 142, 6873)
(146, 9, 8622)
(146, 55, 3512)
(146, 49, 5162)
(146, 89, 12841)
(146, 121, 25144)
(146, 22, 10624)
(146, 41, 25296)
(146, 109, 17027)
(146, 71, 23134)
(146, 29, 15289)
(146, 13, 1546)
(146, 51, 1309)
(146, 3, 14042)
(146, 37, 12319)
(146, 122, 5725)
(146, 110, 12267)
(146, 125, 12884)
(146, 95, 12373)
(146, 60, 23361)
(146, 31, 19420)
(146, 97, 12609)
(146, 124, 15263)
(146, 126, 9694)
(146, 65, 2773)
(146, 98, 19920)
(146, 14, 23479)
(146, 67, 19405)
(146, 18, 16338)
(146, 111, 301)
(146, 85, 12149)
(146, 24, 14539)
(146, 6, 24106)
(146, 140, 1902)
(146, 118, 15154)
(146, 40, 9782)
(146, 104, 5348)
(146, 61, 14389)
(146, 92, 5445)
(146, 53, 8099)
(146, 38, 12792)
(146, 87, 13077)
(146, 21, 6019)
(146, 33, 5235)
(146, 127, 2402)
(146, 117, 12767)
(146, 52, 18967)
(146, 108, 8957)
(146, 43, 13563)
(146, 116, 3349)
(146, 141, 2304)
(146, 17, 8633)
(146, 73, 17729)
(146, 88, 7817)
(146, 2, 25534)
(146, 143, 636)
(146, 47, 13873)
(146, 90, 19379)
(146, 58, 25488)
(146, 81, 22410)
(146, 16, 7035)
(146, 83, 21508)
(146, 7, 5107)
(146, 135, 6466)
(146, 11, 2300)
(146, 101, 12283)
(146, 137, 3734)
(146, 114, 17447)
(146, 27, 10709)
(146, 128, 13262)
(146, 30, 8081)
(146, 76, 79)
(146, 103, 23841)
(146, 23, 11722)
(146, 113, 12474)
(146, 62, 17013)
(146, 4, 9995)
(146, 35, 16930)
(146, 131, 8174)
(146, 106, 23163)
(146, 8, 4270)
(146, 78, 1141)
(146, 94, 444)
(146, 42, 9354)
(146, 10, 24516)
(146, 20, 18037)
(146, 70, 7269)
(146, 34, 4246)
(146, 75, 19384)
(146, 44, 9440)
(146, 50, 20573)
(146, 15, 3544)
(146, 138, 20489)
(146, 68, 24850)
(146, 91, 18682)
(146, 59, 10021)
(146, 74, 14901)
(146, 36, 22872)
(146, 19, 602)
(146, 82, 9011)
(146, 79, 1053)
(146, 32, 22921)
(146, 1, 19255)
(146, 12, 11521)
(146, 120, 17535)
(146, 80, 16377)
(146, 144, 24963)
(146, 107, 1343)
(146, 119, 8897)
(146, 102, 9791)
(146, 26, 18820)
(146, 139, 19855)
(146, 115, 10450)
(146, 69, 14128)
(146, 46, 15114)
(146, 96, 24226)
(146, 105, 22622)
(146, 39, 17213)
(146, 25, 20368)
(146, 0, 18574)
(146, 48, 5733)
(146, 54, 13823)
(146, 99, 6496)
(146, 133, 17521)
(146, 63, 5964)
(146, 130, 4803)
(146, 57, 20665)
(146, 134, 13980)
(146, 84, 13571)
(146, 132, 15754)
(146, 5, 17044)
(146, 72, 20806)
(146, 86, 15060)
(147, 28, 9837)
(147, 84, 841)
(147, 140, 20572)
(147, 123, 8572)
(147, 68, 20028)
(147, 61, 3532)
(147, 83, 15390)
(147, 15, 10514)
(147, 125, 5653)
(147, 126, 22667)
(147, 75, 9723)
(147, 37, 24878)
(147, 104, 13652)
(147, 55, 9421)
(147, 52, 22430)
(147, 48, 9172)
(147, 5, 25074)
(147, 27, 8284)
(147, 105, 21342)
(147, 88, 4300)
(147, 108, 18534)
(147, 12, 12365)
(147, 42, 15377)
(147, 57, 12952)
(147, 39, 22541)
(147, 26, 13351)
(147, 63, 16826)
(147, 44, 24450)
(147, 96, 8112)
(147, 51, 54)
(147, 91, 16512)
(147, 131, 21118)
(147, 89, 6619)
(147, 118, 12460)
(147, 92, 18177)
(147, 81, 8054)
(147, 122, 13885)
(147, 24, 24711)
(147, 21, 4421)
(147, 4, 6839)
(147, 6, 3856)
(147, 7, 19513)
(147, 98, 14767)
(147, 82, 1226)
(147, 137, 383)
(147, 133, 16330)
(147, 9, 16106)
(147, 146, 13833)
(147, 58, 8434)
(147, 73, 3953)
(147, 74, 3422)
(147, 78, 23398)
(147, 117, 2406)
(147, 43, 19358)
(147, 23, 10984)
(147, 69, 1759)
(147, 34, 9818)
(147, 2, 9306)
(147, 30, 22692)
(147, 64, 17181)
(147, 25, 10390)
(147, 143, 20379)
(147, 53, 2478)
(147, 70, 15308)
(147, 56, 4401)
(147, 38, 5824)
(147, 87, 21269)
(147, 41, 23065)
(147, 138, 21756)
(147, 110, 6634)
(147, 132, 2281)
(147, 95, 10627)
(147, 111, 12399)
(147, 93, 10790)
(147, 144, 14807)
(147, 54, 24475)
(147, 35, 3364)
(147, 67, 7141)
(147, 49, 23643)
(147, 127, 13458)
(147, 29, 13025)
(147, 46, 2463)
(147, 115, 19927)
(147, 36, 3955)
(147, 1, 11103)
(148, 27, 20794)
(148, 115, 4556)
(148, 138, 12601)
(148, 78, 2450)
(148, 55, 13151)
(148, 95, 7200)
(148, 105, 6303)
(148, 60, 22191)
(148, 66, 8517)
(148, 8, 5914)
(148, 0, 22718)
(148, 130, 22606)
(148, 77, 3866)
(148, 28, 25031)
(148, 14, 987)
(148, 65, 25689)
(148, 103, 5590)
(148, 79, 13007)
(148, 126, 10256)
(148, 117, 11990)
(148, 129, 12124)
(148, 107, 8170)
(148, 127, 25000)
(148, 73, 7950)
(148, 21, 13347)
(148, 68, 7225)
(148, 36, 15180)
(148, 119, 24415)
(148, 131, 25145)
(148, 97, 1154)
(148, 75, 21186)
(148, 74, 12094)
(148, 64, 15175)
(148, 124, 650)
(148, 90, 24957)
(148, 40, 10939)
(148, 57, 15335)
(148, 104, 18238)
(148, 116, 18338)
(148, 122, 18638)
(148, 85, 6720)
(148, 70, 19442)
(148, 18, 21109)
(148, 137, 2502)
(148, 32, 4605)
(148, 30, 3372)
(148, 81, 19852)
(148, 39, 19283)
(148, 1, 13654)
(148, 101, 3867)
(148, 72, 12012)
(148, 24, 18085)
(148, 136, 4023)
(148, 100, 23382)
(148, 92, 23341)
(148, 62, 19991)
(148, 113, 388)
(148, 69, 16859)
(148, 23, 22142)
(148, 45, 8285)
(148, 134, 5632)
(148, 6, 5820)
(148, 89, 24926)
(148, 145, 14590)
(148, 20, 17963)
(148, 82, 21083)
(148, 99, 11230)
(148, 19, 2229)
(148, 10, 12803)
(148, 12, 1290)
(148, 120, 17872)
(148, 53, 9666)
(148, 87, 17275)
(148, 143, 20847)
(148, 125, 7392)
(148, 11, 9571)
(148, 33, 19755)
(148, 7, 9984)
(148, 146, 10181)
(148, 59, 6311)
(148, 4, 3356)
(148, 15, 1117)
(148, 42, 125)
(148, 144, 23751)
(148, 76, 16682)
(148, 52, 25166)
(148, 135, 18634)
(148, 25, 15641)
(148, 37, 16858)
(148, 114, 24798)
(148, 111, 5557)
(148, 67, 2907)
(148, 34, 17842)
(148, 26, 19865)
(148, 88, 11608)
(148, 9, 20129)
(148, 38, 21328)
(148, 35, 4637)
(148, 29, 8885)
(148, 2, 23508)
(148, 13, 13689)
(148, 102, 11127)
(148, 118, 21355)
(148, 63, 2221)
(148, 86, 6120)
(148, 50, 9200)
(148, 109, 10432)
(148, 44, 11060)
(148, 112, 11879)
(148, 58, 17645)
(148, 16, 10833)
(148, 141, 13260)
(148, 132, 5184)
(148, 43, 16449)
(148, 139, 18702)
(149, 131, 1496)
(149, 140, 14863)
(149, 96, 10457)
(149, 3, 14027)
(149, 53, 10146)
(149, 97, 25244)
(149, 44, 9933)
(149, 33, 9019)
(149, 124, 8185)
(149, 4, 11198)
(149, 31, 8350)
(149, 148, 17452)
(149, 76, 5974)
(149, 19, 10588)
(149, 17, 3883)
(149, 45, 6264)
(149, 107, 4768)
(149, 41, 9399)
(149, 139, 4905)
(149, 132, 5273)
(149, 62, 20214)
(149, 87, 23542)
(149, 50, 8080)
(149, 129, 14564)
(149, 48, 17269)
(149, 1, 21595)
(149, 135, 21494)
(149, 9, 501)
(149, 11, 5111)
(149, 94, 1860)
(149, 59, 7168)
(149, 89, 10630)
(149, 116, 20919)
(149, 141, 10204)
(149, 112, 9561)
(149, 119, 9144)
(149, 138, 15366)
(149, 142, 18344)
(149, 30, 7428)
(149, 133, 12936)
(149, 27, 9560)
(149, 73, 21133)
(149, 118, 24512)
(149, 115, 8118)
(149, 32, 10452)
(149, 92, 4586)
(149, 43, 722)
(149, 128, 1471)
(149, 69, 19410)
(149, 47, 12568)
(149, 26, 11859)
(149, 101, 24431)
(149, 79, 4666)
(149, 143, 23705)
(149, 102, 8965)
(149, 103, 22814)
(149, 25, 24015)
(149, 21, 4252)
(149, 80, 23807)
(149, 120, 16500)
(149, 113, 4092)
(149, 90, 21449)
(149, 29, 12821)
(149, 39, 13247)
(149, 72, 20514)
(149, 74, 5955)
(149, 15, 20579)
(149, 5, 15107)
(149, 55, 2535)
(149, 130, 1426)
(149, 85, 13020)
(149, 68, 483)
(149, 2, 15401)
(149, 38, 9854)
(149, 20, 5250)
(149, 51, 17668)
(149, 147, 1909)
(149, 7, 972)
(149, 84, 6449)
(149, 22, 16637)
(149, 0, 24108)
(149, 108, 2702)
(149, 56, 24350)
(149, 6, 20081)
(149, 71, 18799)
(149, 93, 21923)
(149, 49, 15715)
(149, 123, 10171)
(149, 134, 11987)
(149, 82, 1535)
(149, 114, 19201)
(149, 77, 6483)
(149, 122, 15719)
(149, 99, 23769)
(149, 37, 694)
(149, 125, 10413)
(149, 111, 24972)
(149, 61, 3927)
(149, 144, 2746)
(149, 83, 16477)
(149, 145, 1917)
(149, 40, 22695)
(149, 117, 18949)
(149, 54, 22815)
(149, 78, 19909)
(149, 95, 8866)
(149, 12, 16987)
(149, 105, 1377)
(149, 88, 13210)
(149, 136, 7536)
(149, 91, 3572)
(149, 42, 20528)
(149, 64, 12157)
(149, 63, 20387)
(149, 65, 14026)
(149, 104, 24114)
(149, 100, 6334)
(149, 14, 22559)
(149, 137, 12561)
(149, 8, 10563)
(149, 13, 24686)
(149, 16, 8544)
(149, 24, 6640)
(149, 67, 4837)
(149, 10, 17559)
(149, 18, 7319)
(149, 109, 15257)
(149, 75, 15997)
(149, 57, 8624)
(149, 86, 18267)
(149, 81, 23691)
(149, 98, 23185)
(149, 36, 16248)
(149, 52, 8332)
(149, 28, 22607)
(149, 121, 9949)
(149, 146, 7265)
(149, 66, 22113)
(149, 35, 19771)
(149, 126, 17110)
(149, 34, 9510)
(149, 23, 16959)
(149, 106, 269)
(149, 110, 18711)
(149, 60, 5513)
(149, 46, 10841)
(149, 127, 15742)
(149, 58, 7230)
(149, 70, 22165)
(150, 71, 19089)
(150, 83, 11144)
(150, 52, 22155)
(150, 135, 8573)
(150, 1, 11689)
(150, 31, 25136)
(150, 22, 16769)
(150, 19, 8610)
(150, 79, 13356)
(150, 27, 19007)
(150, 116, 17026)
(150, 99, 11634)
(150, 41, 6047)
(150, 127, 17957)
(150, 141, 6858)
(150, 64, 17051)
(150, 85, 9490)
(150, 63, 3789)
(150, 6, 1969)
(150, 15, 8404)
(150, 17, 28)
(150, 25, 22314)
(150, 100, 879)
(150, 2, 9331)
(150, 98, 1271)
(150, 137, 24704)
(150, 96, 9554)
(150, 105, 681)
(150, 74, 492)
(150, 109, 21693)
(150, 143, 13215)
(150, 132, 22759)
(150, 40, 8487)
(150, 82, 15389)
(150, 53, 351)
(150, 56, 12893)
(150, 36, 22920)
(150, 72, 9417)
(150, 34, 18789)
(150, 29, 3709)
(150, 108, 15497)
(150, 45, 9311)
(150, 13, 5551)
(150, 48, 16303)
(150, 148, 25419)
(150, 110, 17322)
(150, 120, 22792)
(150, 93, 19895)
(150, 3, 19825)
(150, 51, 11042)
(150, 11, 20780)
(150, 8, 21052)
(150, 46, 21587)
(150, 43, 22867)
(150, 21, 3514)
(150, 129, 14434)
(150, 133, 19641)
(150, 130, 13066)
(150, 92, 24599)
(150, 28, 17641)
(150, 121, 10744)
(150, 126, 4975)
(150, 68, 5455)
(150, 57, 3528)
(150, 69, 16072)
(150, 66, 18815)
(150, 102, 9551)
(150, 30, 10812)
(150, 89, 22393)
(150, 70, 1059)
(150, 35, 14576)
(150, 145, 17704)
(150, 5, 15359)
(150, 37, 11117)
(150, 50, 7419)
(150, 113, 9408)
(150, 149, 2816)
(150, 81, 4220)
(150, 61, 22888)
(150, 65, 10191)
(150, 95, 3264)
(150, 131, 13722)
(150, 88, 23034)
(150, 49, 23699)
(150, 91, 9848)
(150, 123, 7462)
(150, 112, 25199)
(150, 7, 22222)
(150, 67, 4017)
(150, 24, 24470)
(150, 139, 24746)
(150, 142, 18018)
(150, 44, 6696)
(150, 0, 7103)
(150, 111, 812)
(150, 128, 16927)
(150, 33, 8617)
(150, 86, 22038)
(150, 78, 24898)
(150, 94, 23775)
(150, 9, 2575)
(150, 38, 8758)
(150, 42, 15492)
(150, 118, 11527)
(150, 80, 18112)
(150, 97, 2876)
(150, 87, 12906)
(150, 18, 25510)
(150, 23, 7454)
(150, 115, 9755)
(150, 103, 21591)
(150, 4, 12489)
(150, 114, 13752)
(150, 10, 3884)
(150, 47, 23263)
(150, 101, 18566)
(150, 124, 5049)
(150, 59, 7115)
(150, 20, 21784)
(150, 16, 17216)
(150, 90, 25142)
(150, 26, 15260)
(150, 134, 14409)
(150, 60, 3775)
(150, 32, 21718)
(151, 80, 5623)
(151, 43, 17869)
(151, 105, 8764)
(151, 130, 6870)
(151, 21, 8739)
(151, 55, 10317)
(151, 81, 15181)
(151, 65, 22440)
(151, 97, 23121)
(151, 84, 10949)
(151, 48, 20903)
(151, 148, 3928)
(151, 125, 13665)
(151, 113, 15743)
(151, 122, 13083)
(151, 142, 15464)
(151, 40, 22398)
(151, 134, 11051)
(151, 109, 10425)
(151, 30, 2351)
(151, 64, 12658)
(151, 10, 10798)
(151, 143, 6041)
(151, 45, 24333)
(151, 32, 14779)
(151, 110, 24953)
(151, 2, 11206)
(151, 51, 4551)
(151, 59, 25068)
(151, 71, 15091)
(151, 108, 14625)
(151, 72, 21108)
(151, 117, 21799)
(151, 135, 16739)
(151, 119, 4306)
(151, 16, 18063)
(151, 138, 16808)
(151, 95, 547)
(151, 89, 5140)
(151, 25, 14683)
(151, 38, 21858)
(151, 88, 18665)
(151, 52, 8032)
(151, 36, 19114)
(151, 121, 13470)
(151, 50, 13376)
(151, 6, 19778)
(151, 133, 25429)
(151, 18, 7790)
(151, 11, 19353)
(151, 96, 8837)
(151, 93, 20268)
(151, 62, 1943)
(151, 103, 12618)
(151, 33, 24675)
(151, 99, 15369)
(151, 49, 19633)
(151, 37, 1787)
(151, 29, 6289)
(151, 14, 6547)
(151, 56, 12985)
(151, 28, 24854)
(151, 3, 13134)
(151, 26, 9650)
(151, 98, 7081)
(151, 4, 20645)
(151, 145, 24158)
(151, 77, 7634)
(151, 76, 13559)
(151, 20, 9253)
(151, 60, 9231)
(151, 127, 20651)
(151, 114, 24298)
(151, 101, 15772)
(151, 78, 13214)
(151, 23, 9149)
(151, 128, 14720)
(151, 61, 16284)
(151, 132, 7479)
(151, 112, 13279)
(151, 13, 18387)
(151, 137, 12990)
(151, 57, 9642)
(151, 67, 16390)
(151, 92, 13757)
(151, 74, 21969)
(151, 83, 7297)
(151, 82, 13218)
(151, 140, 15737)
(151, 150, 17748)
(151, 54, 9210)
(151, 42, 1852)
(151, 146, 21013)
(151, 17, 9426)
(151, 66, 6862)
(151, 68, 10121)
(151, 111, 25719)
(151, 123, 23913)
(151, 124, 7025)
(151, 0, 19465)
(151, 15, 20638)
(151, 139, 3923)
(151, 104, 18874)
(151, 141, 21910)
(151, 12, 25343)
(151, 91, 16662)
(151, 102, 1161)
(151, 63, 2150)
(151, 118, 18163)
(151, 75, 15548)
(151, 116, 9427)
(151, 94, 19630)
(151, 147, 18340)
(151, 22, 16761)
(151, 106, 7264)
(151, 115, 10982)
(151, 53, 15171)
(151, 27, 7188)
(151, 58, 16855)
(151, 8, 5198)
(151, 47, 6740)
(151, 120, 8044)
(151, 129, 12327)
(151, 31, 13901)
(151, 69, 20845)
(151, 107, 12756)
(151, 136, 18102)
(151, 87, 10004)
(151, 100, 17807)
(151, 1, 8137)
(151, 85, 24221)
(151, 5, 16889)
(151, 149, 8247)
(151, 86, 13809)
(151, 34, 11106)
(151, 19, 17755)
(151, 73, 15608)
(151, 46, 6903)
(151, 144, 19600)
(152, 116, 16876)
(152, 115, 9021)
(152, 149, 3149)
(152, 48, 6375)
(152, 105, 16138)
(152, 122, 14839)
(152, 22, 9202)
(152, 45, 10583)
(152, 55, 13519)
(152, 139, 9657)
(152, 86, 15790)
(152, 51, 10260)
(152, 10, 12967)
(152, 44, 9290)
(152, 25, 6341)
(152, 102, 11219)
(152, 19, 4636)
(152, 140, 21582)
(152, 30, 25733)
(152, 111, 20532)
(152, 99, 21944)
(152, 142, 14044)
(152, 4, 16542)
(152, 31, 14910)
(152, 20, 18680)
(152, 28, 10955)
(152, 110, 9476)
(152, 42, 2312)
(152, 89, 18239)
(152, 90, 12623)
(152, 144, 19888)
(152, 100, 24249)
(152, 64, 23111)
(152, 58, 17777)
(152, 118, 331)
(152, 124, 19811)
(152, 26, 14840)
(152, 70, 5701)
(152, 145, 5314)
(152, 104, 7603)
(152, 13, 1451)
(152, 80, 11833)
(152, 47, 2920)
(152, 34, 9880)
(152, 56, 23669)
(152, 57, 4978)
(152, 107, 1457)
(152, 40, 4468)
(152, 112, 1619)
(152, 74, 16236)
(152, 103, 11238)
(152, 130, 16096)
(152, 3, 6053)
(152, 148, 17621)
(152, 113, 5786)
(152, 97, 1126)
(152, 137, 14263)
(152, 16, 15526)
(152, 66, 20544)
(152, 126, 12768)
(152, 109, 17374)
(152, 81, 7805)
(152, 131, 16740)
(152, 87, 25711)
(152, 68, 7529)
(152, 17, 19335)
(152, 43, 5604)
(152, 150, 9921)
(153, 14, 14034)
(153, 63, 15075)
(153, 37, 11823)
(153, 17, 18262)
(153, 84, 4183)
(153, 118, 10611)
(153, 19, 6790)
(153, 68, 23476)
(153, 106, 15112)
(153, 125, 1788)
(153, 74, 20292)
(153, 104, 3341)
(153, 25, 8927)
(153, 101, 16170)
(153, 82, 15011)
(153, 13, 16135)
(153, 26, 21828)
(153, 121, 13948)
(153, 124, 990)
(153, 38, 8680)
(153, 96, 917)
(153, 88, 9796)
(153, 138, 17073)
(153, 78, 18301)
(153, 77, 20427)
(153, 43, 480)
(153, 21, 21651)
(153, 15, 25602)
(153, 24, 20522)
(153, 27, 18694)
(153, 22, 12118)
(153, 58, 4042)
(153, 146, 19273)
(153, 66, 18911)
(153, 129, 7357)
(153, 134, 22745)
(153, 135, 2901)
(153, 86, 4313)
(153, 102, 16017)
(153, 90, 13520)
(153, 127, 12400)
(153, 11, 14899)
(153, 33, 1530)
(153, 95, 24773)
(153, 56, 3521)
(153, 46, 2888)
(153, 114, 25295)
(153, 70, 11880)
(153, 145, 10565)
(153, 120, 4658)
(153, 41, 22127)
(153, 69, 19393)
(153, 62, 499)
(153, 123, 19040)
(153, 59, 8595)
(153, 136, 5315)
(154, 100, 5696)
(154, 107, 5439)
(154, 40, 24697)
(154, 17, 8715)
(154, 152, 5552)
(154, 45, 22077)
(154, 117, 21169)
(154, 2, 1160)
(154, 60, 9588)
(154, 19, 16470)
(154, 7, 4224)
(154, 104, 21204)
(154, 151, 231)
(154, 15, 12241)
(154, 87, 1735)
(154, 111, 17786)
(154, 102, 11745)
(154, 123, 8558)
(154, 55, 15422)
(154, 32, 7478)
(154, 108, 21794)
(154, 131, 19809)
(154, 63, 1448)
(154, 35, 19772)
(154, 95, 21314)
(154, 128, 5018)
(154, 6, 18173)
(154, 3, 22680)
(154, 109, 10796)
(154, 81, 21673)
(154, 18, 5845)
(154, 74, 2457)
(154, 21, 10465)
(154, 126, 6195)
(154, 85, 21664)
(154, 72, 10632)
(154, 4, 17837)
(154, 66, 18475)
(154, 54, 2162)
(154, 118, 19879)
(154, 1, 19575)
(154, 39, 11351)
(154, 103, 8654)
(154, 122, 15856)
(154, 57, 2024)
(154, 61, 10889)
(154, 93, 18492)
(154, 53, 9115)
(154, 153, 16293)
(154, 149, 19127)
(154, 5, 8145)
(154, 41, 8942)
(154, 150, 13141)
(154, 51, 25237)
(154, 140, 10794)
(154, 105, 6875)
(154, 29, 20187)
(154, 86, 7531)
(154, 143, 19286)
(154, 64, 21834)
(154, 89, 1981)
(154, 114, 7475)
(154, 98, 276)
(154, 25, 22162)
(154, 78, 18268)
(154, 121, 7786)
(154, 116, 11984)
(154, 120, 8191)
(154, 30, 20288)
(154, 99, 13055)
(154, 141, 24218)
(154, 137, 15148)
(154, 139, 5169)
(154, 56, 10289)
(154, 46, 13551)
(154, 50, 8493)
(154, 26, 12106)
(154, 28, 755)
(154, 14, 12636)
(154, 52, 4444)
(154, 73, 16800)
(154, 44, 14227)
(154, 80, 5153)
(154, 69, 25543)
(154, 10, 15399)
(154, 79, 3768)
(154, 138, 20626)
(154, 42, 11195)
(154, 112, 4534)
(154, 115, 17156)
(154, 58, 17707)
(154, 76, 21856)
(154, 133, 10274)
(154, 20, 7674)
(154, 38, 549)
(154, 31, 545)
(154, 110, 21917)
(154, 11, 15255)
(154, 23, 323)
(155, 130, 12798)
(155, 73, 20177)
(155, 103, 11650)
(155, 70, 20143)
(155, 127, 19002)
(155, 110, 19802)
(155, 52, 16459)
(155, 31, 20555)
(155, 72, 15438)
(155, 35, 2775)
(155, 68, 14228)
(155, 20, 24152)
(155, 99, 16531)
(155, 131, 6083)
(155, 137, 19736)
(155, 82, 19226)
(155, 51, 10286)
(155, 11, 1669)
(155, 64, 19489)
(155, 115, 9868)
(155, 77, 13389)
(155, 56, 8852)
(155, 38, 2053)
(155, 153, 19775)
(155, 106, 14853)
(155, 78, 22809)
(155, 128, 4120)
(155, 40, 4536)
(155, 61, 14626)
(155, 107, 5746)
(155, 13, 3699)
(155, 44, 365)
(155, 3, 13641)
(155, 144, 20930)
(155, 16, 9361)
(155, 59, 20735)
(155, 140, 12757)
(155, 39, 22895)
(155, 45, 22998)
(155, 79, 1492)
(155, 67, 13009)
(155, 75, 1838)
(155, 21, 9781)
(155, 134, 21136)
(155, 42, 13795)
(155, 85, 21796)
(155, 146, 21929)
(155, 114, 14426)
(155, 47, 12482)
(155, 6, 15053)
(155, 92, 10937)
(155, 10, 22639)
(155, 1, 14004)
(155, 125, 1008)
(155, 143, 11485)
(155, 80, 711)
(155, 7, 837)
(155, 43, 24047)
(155, 53, 13922)
(155, 150, 3997)
(155, 126, 24355)
(155, 28, 16908)
(155, 148, 25135)
(155, 142, 14844)
(155, 5, 710)
(155, 2, 16968)
(155, 122, 24392)
(155, 14, 19951)
(155, 58, 23779)
(155, 154, 5883)
(155, 19, 22311)
(155, 74, 12815)
(155, 123, 24703)
(155, 132, 72)
(155, 37, 1865)
(155, 46, 18505)
(155, 36, 15732)
(155, 100, 1710)
(155, 54, 8786)
(155, 23, 4405)
(155, 112, 1435)
(155, 89, 3609)
(155, 120, 56)
(155, 86, 13058)
(155, 145, 5087)
(155, 94, 3700)
(155, 65, 9052)
(155, 29, 6887)
(155, 8, 9135)
(155, 27, 24886)
(155, 101, 24964)
(155, 108, 10585)
(155, 0, 20213)
(155, 95, 22052)
(155, 111, 8746)
(155, 141, 14063)
(155, 109, 23215)
(155, 104, 6159)
(155, 124, 24524)
(155, 133, 154)
(155, 119, 3998)
(155, 76, 15781)
(155, 88, 420)
(155, 26, 13499)
(155, 71, 9148)
(155, 12, 20163)
(155, 139, 12386)
(155, 136, 13750)
(155, 57, 1558)
(155, 118, 12729)
(155, 129, 14437)
(155, 93, 23378)
(155, 69, 24763)
(155, 87, 15423)
(155, 30, 19174)
(155, 96, 24591)
(155, 22, 6593)
(155, 18, 23417)
(155, 24, 24714)
(155, 105, 1566)
(155, 91, 6147)
(155, 97, 22733)
(155, 116, 10752)
(155, 48, 25707)
(155, 135, 25033)
(155, 113, 22578)
(155, 98, 4385)
(155, 90, 752)
(155, 151, 1120)
(155, 15, 5781)
(155, 32, 21232)
(155, 149, 17104)
(155, 60, 13653)
(155, 84, 3507)
(155, 50, 20943)
(155, 33, 21056)
(155, 34, 7117)
(155, 66, 18111)
(156, 34, 11410)
(156, 148, 23534)
(156, 115, 19841)
(156, 4, 8993)
(156, 140, 9693)
(156, 81, 24247)
(156, 107, 25044)
(156, 61, 16429)
(156, 146, 24301)
(156, 87, 22514)
(156, 0, 7928)
(156, 3, 24044)
(156, 92, 21961)
(156, 134, 21124)
(156, 68, 10476)
(156, 24, 4594)
(156, 79, 11531)
(156, 114, 17657)
(156, 66, 23676)
(156, 119, 13496)
(156, 99, 2149)
(156, 151, 24917)
(156, 5, 18077)
(156, 153, 16707)
(156, 44, 1354)
(156, 98, 10754)
(156, 74, 1818)
(156, 130, 24507)
(156, 42, 21972)
(156, 15, 14836)
(156, 65, 17316)
(156, 112, 20305)
(156, 38, 24815)
(156, 117, 17078)
(156, 77, 5575)
(156, 122, 2600)
(156, 48, 813)
(156, 85, 5952)
(156, 52, 18457)
(156, 135, 1732)
(156, 2, 19507)
(156, 63, 6333)
(156, 71, 6294)
(156, 14, 6488)
(156, 103, 18091)
(156, 41, 22731)
(156, 50, 5481)
(156, 145, 12311)
(156, 142, 4278)
(156, 86, 659)
(156, 10, 16487)
(156, 106, 24083)
(156, 25, 5724)
(156, 39, 1968)
(156, 110, 13436)
(156, 88, 6713)
(156, 1, 9240)
(156, 31, 9708)
(156, 128, 21952)
(156, 136, 10489)
(156, 83, 4008)
(156, 138, 21841)
(156, 58, 5865)
(156, 12, 13560)
(156, 82, 13955)
(156, 127, 4363)
(156, 55, 5916)
(156, 69, 7516)
(156, 28, 5738)
(156, 11, 6118)
(156, 101, 3529)
(156, 154, 13228)
(156, 94, 4984)
(156, 6, 8870)
(156, 89, 25350)
(156, 57, 2013)
(156, 149, 4737)
(156, 100, 5610)
(156, 95, 16691)
(156, 70, 25080)
(156, 108, 22829)
(156, 40, 19430)
(156, 29, 14352)
(156, 118, 13708)
(156, 53, 11781)
(156, 84, 15898)
(156, 137, 18741)
(156, 46, 14817)
(156, 111, 1239)
(156, 133, 165)
(156, 102, 6365)
(156, 123, 21174)
(156, 147, 18040)
(156, 131, 13481)
(156, 143, 22461)
(156, 27, 20230)
(156, 59, 17075)
(156, 21, 17962)
(156, 126, 23854)
(156, 23, 21362)
(156, 80, 12102)
(156, 139, 18215)
(156, 76, 10687)
(156, 104, 19698)
(156, 17, 677)
(156, 16, 9761)
(156, 150, 25508)
(156, 109, 3944)
(157, 4, 22194)
(157, 137, 14616)
(157, 140, 11011)
(157, 116, 20144)
(157, 5, 24128)
(157, 153, 18353)
(157, 86, 3755)
(157, 59, 1443)
(157, 101, 18688)
(157, 58, 11498)
(157, 34, 13196)
(157, 109, 16724)
(157, 95, 5497)
(157, 13, 8253)
(157, 17, 13314)
(157, 70, 20442)
(157, 1, 14049)
(157, 108, 16729)
(157, 46, 4303)
(157, 132, 17279)
(157, 53, 13188)
(157, 118, 15069)
(157, 81, 7552)
(157, 60, 12488)
(157, 75, 15592)
(157, 97, 20621)
(157, 89, 194)
(157, 47, 22044)
(157, 87, 23098)
(157, 96, 19782)
(157, 113, 4967)
(158, 3, 1839)
(158, 42, 9436)
(158, 59, 21614)
(158, 52, 25250)
(158, 124, 19014)
(158, 31, 22180)
(158, 61, 18208)
(158, 56, 19003)
(158, 27, 5676)
(158, 87, 8751)
(158, 60, 11690)
(158, 85, 21982)
(158, 146, 25653)
(158, 90, 22570)
(158, 109, 1135)
(158, 113, 16416)
(158, 83, 24649)
(158, 132, 7160)
(158, 8, 14246)
(158, 0, 13285)
(158, 154, 7857)
(158, 92, 14954)
(158, 26, 392)
(158, 25, 10195)
(158, 34, 3391)
(158, 84, 22272)
(158, 114, 15849)
(158, 10, 9462)
(158, 73, 24545)
(158, 63, 2794)
(158, 141, 7764)
(158, 135, 2405)
(158, 50, 5756)
(158, 111, 23776)
(158, 54, 4724)
(158, 134, 16468)
(158, 86, 4732)
(158, 89, 16402)
(158, 99, 5460)
(158, 130, 1761)
(158, 51, 19150)
(158, 123, 11310)
(158, 53, 23526)
(158, 116, 18249)
(158, 67, 10781)
(158, 157, 11075)
(158, 13, 14837)
(158, 47, 19546)
(158, 76, 21495)
(158, 20, 17832)
(158, 128, 13161)
(158, 49, 11816)
(158, 32, 1316)
(158, 118, 14193)
(158, 43, 15646)
(158, 48, 13071)
(158, 98, 1705)
(158, 23, 460)
(158, 35, 2166)
(158, 22, 9583)
(158, 101, 22458)
(158, 136, 6521)
(158, 70, 23959)
(158, 29, 22225)
(158, 65, 22014)
(158, 110, 18402)
(158, 4, 20839)
(158, 117, 5090)
(158, 96, 15541)
(158, 71, 22526)
(158, 12, 1292)
(158, 142, 11573)
(158, 100, 25234)
(158, 104, 24638)
(158, 2, 11378)
(158, 120, 19995)
(158, 38, 13930)
(158, 16, 9184)
(158, 102, 5847)
(158, 37, 7881)
(158, 151, 17118)
(158, 95, 13355)
(158, 108, 17429)
(158, 57, 18931)
(158, 153, 5838)
(158, 15, 15032)
(158, 122, 5636)
(158, 97, 5125)
(158, 5, 13176)
(158, 91, 25572)
(158, 39, 15615)
(158, 46, 1602)
(158, 82, 25176)
(158, 55, 7329)
(158, 143, 24808)
(158, 19, 7492)
(158, 7, 335)
(158, 150, 18241)
(158, 78, 20183)
(158, 125, 10144)
(158, 80, 22036)
(158, 58, 17522)
(158, 17, 25513)
(158, 9, 7217)
(158, 81, 3112)
(158, 106, 2155)
(158, 6, 1872)
(158, 129, 25267)
(158, 88, 23960)
(158, 139, 23407)
(158, 144, 18772)
(158, 40, 4990)
(158, 145, 18201)
(158, 155, 23376)
(158, 148, 18629)
(158, 30, 11007)
(158, 62, 10373)
(159, 158, 10498)
(159, 33, 13096)
(159, 77, 14536)
(159, 104, 5869)
(159, 103, 13097)
(159, 2, 16967)
(159, 134, 23003)
(159, 99, 2040)
(159, 78, 21257)
(159, 83, 14092)
(159, 146, 18404)
(159, 133, 905)
(159, 131, 4809)
(159, 80, 16077)
(159, 66, 12504)
(159, 27, 18296)
(159, 29, 15620)
(159, 69, 18431)
(159, 75, 1474)
(159, 157, 9006)
(159, 97, 11451)
(159, 24, 577)
(159, 120, 9450)
(159, 113, 15851)
(159, 31, 15764)
(159, 53, 4981)
(159, 109, 10377)
(159, 84, 1753)
(159, 149, 20993)
(159, 154, 20341)
(159, 138, 23006)
(159, 26, 23498)
(159, 39, 76)
(159, 8, 22681)
(159, 61, 7668)
(159, 14, 10316)
(159, 142, 18407)
(159, 54, 21960)
(159, 150, 22184)
(159, 55, 9416)
(159, 25, 24119)
(159, 5, 25700)
(159, 17, 2007)
(159, 41, 20041)
(159, 94, 9856)
(159, 122, 4765)
(159, 156, 18129)
(159, 67, 8691)
(159, 64, 941)
(159, 119, 15158)
(159, 51, 4061)
(159, 87, 1136)
(159, 128, 15022)
(159, 13, 12411)
(159, 68, 17545)
(159, 59, 4185)
(159, 49, 21418)
(159, 50, 16196)
(159, 32, 21867)
(159, 15, 13865)
(159, 127, 9979)
(159, 139, 8249)
(159, 63, 2514)
(159, 115, 562)
(159, 114, 18383)
(159, 47, 1691)
(159, 85, 16848)
(159, 108, 14384)
(160, 112, 14612)
(160, 40, 9229)
(160, 23, 17204)
(160, 129, 5039)
(160, 3, 22768)
(160, 51, 23918)
(160, 96, 7868)
(160, 2, 15344)
(160, 53, 23727)
(160, 98, 24938)
(160, 50, 5860)
(160, 55, 8160)
(160, 12, 23650)
(160, 145, 13297)
(160, 63, 2451)
(160, 116, 1220)
(160, 16, 16585)
(160, 90, 14847)
(160, 6, 23282)
(160, 19, 21755)
(160, 105, 9274)
(160, 85, 10307)
(160, 93, 10892)
(160, 144, 21275)
(160, 95, 20106)
(160, 123, 22625)
(160, 0, 17426)
(160, 130, 18060)
(160, 33, 13731)
(160, 97, 19786)
(160, 64, 23907)
(160, 108, 22894)
(160, 36, 14903)
(160, 17, 14148)
(160, 103, 23210)
(160, 149, 24783)
(160, 22, 23358)
(160, 27, 2120)
(160, 119, 24185)
(160, 133, 15086)
(160, 92, 3683)
(160, 101, 23732)
(160, 84, 1372)
(160, 86, 5106)
(160, 137, 122)
(160, 42, 21131)
(160, 140, 16042)
(160, 62, 19873)
(160, 110, 25329)
(160, 79, 3452)
(160, 35, 17948)
(160, 127, 3596)
(160, 38, 25687)
(160, 102, 21028)
(160, 14, 5739)
(160, 60, 13597)
(160, 106, 8804)
(160, 25, 10384)
(160, 71, 17450)
(160, 28, 2875)
(160, 99, 14785)
(160, 80, 19722)
(160, 157, 12058)
(160, 89, 8424)
(160, 61, 19632)
(160, 114, 5531)
(160, 21, 22951)
(160, 31, 8440)
(160, 142, 3746)
(160, 8, 25150)
(160, 52, 13837)
(160, 82, 13651)
(160, 117, 7086)
(160, 69, 19366)
(160, 118, 23350)
(160, 159, 25472)
(160, 147, 21112)
(160, 72, 24041)
(160, 78, 8641)
(160, 34, 8243)
(160, 143, 5318)
(160, 81, 20423)
(160, 91, 11128)
(160, 66, 22653)
(160, 109, 25290)
(160, 104, 17261)
(160, 87, 5382)
(160, 58, 6414)
(160, 59, 11893)
(160, 120, 11434)
(160, 37, 25240)
(160, 121, 21987)
(160, 76, 2557)
(160, 122, 19529)
(160, 4, 3742)
(160, 45, 2231)
(160, 94, 15973)
(160, 154, 19781)
(160, 15, 13698)
(160, 18, 85)
(160, 43, 4784)
(160, 10, 1755)
(160, 132, 20837)
(160, 125, 5300)
(160, 32, 23801)
(160, 139, 20242)
(160, 39, 13051)
(160, 113, 8561)
(160, 47, 11700)
(160, 48, 12198)
(160, 148, 24305)
(160, 56, 23866)
(160, 83, 19170)
(160, 41, 13365)
(161, 141, 5874)
(161, 0, 22053)
(161, 84, 10652)
(161, 72, 1188)
(161, 80, 9794)
(161, 144, 23084)
(161, 9, 13697)
(161, 30, 24258)
(161, 112, 18767)
(161, 113, 21589)
(161, 109, 8017)
(161, 131, 12080)
(161, 140, 15480)
(161, 25, 3945)
(161, 96, 8949)
(161, 60, 24447)
(161, 11, 2801)
(161, 24, 7768)
(161, 2, 21984)
(161, 101, 14368)
(161, 105, 4581)
(161, 99, 14430)
(161, 31, 11665)
(161, 32, 7386)
(161, 73, 13675)
(161, 1, 16133)
(161, 137, 19599)
(161, 10, 10918)
(161, 75, 15965)
(161, 91, 19021)
(161, 107, 5068)
(161, 132, 15012)
(161, 38, 24274)
(161, 18, 13618)
(161, 145, 25676)
(161, 139, 12585)
(161, 70, 15281)
(161, 28, 25216)
(161, 159, 4954)
(161, 124, 15004)
(161, 39, 321)
(161, 95, 20317)
(161, 74, 19545)
(161, 53, 17512)
(161, 58, 7045)
(161, 8, 10037)
(161, 87, 3035)
(161, 122, 19985)
(161, 46, 734)
(161, 155, 20330)
(161, 57, 3455)
(161, 14, 14319)
(161, 82, 25160)
(161, 150, 3021)
(161, 160, 17772)
(161, 40, 133)
(161, 147, 5187)
(161, 115, 13824)
(161, 34, 221)
(161, 138, 20606)
(161, 85, 727)
(161, 114, 18826)
(161, 77, 903)
(161, 33, 21522)
(161, 29, 15056)
(161, 12, 9138)
(161, 41, 505)
(161, 121, 24416)
(161, 50, 867)
(161, 71, 17195)
(161, 64, 5928)
(161, 142, 19108)
(161, 154, 17190)
(161, 93, 24536)
(161, 97, 11795)
(161, 106, 10760)
(161, 134, 20552)
(161, 51, 4187)
(161, 90, 20237)
(161, 42, 2820)
(161, 133, 17462)
(161, 69, 9827)
(161, 65, 20536)
(161, 54, 21152)
(161, 19, 21699)
(161, 156, 524)
(161, 79, 16249)
(161, 62, 7431)
(161, 36, 22780)
(161, 98, 18647)
(161, 81, 12451)
(161, 59, 24766)
(161, 103, 8851)
(161, 7, 23285)
(161, 20, 24289)
(161, 136, 1018)
(161, 63, 16618)
(161, 152, 25320)
(161, 89, 20114)
(161, 157, 19874)
(161, 67, 4988)
(161, 78, 23935)
(161, 55, 4791)
(162, 79, 7457)
(162, 141, 9350)
(162, 110, 23289)
(162, 106, 8548)
(162, 119, 17188)
(162, 112, 1409)
(162, 42, 17700)
(162, 129, 21767)
(162, 92, 11746)
(162, 107, 7655)
(162, 154, 15606)
(162, 17, 15402)
(162, 56, 9951)
(162, 153, 11730)
(162, 76, 13304)
(162, 136, 5889)
(162, 23, 17473)
(162, 38, 9206)
(162, 115, 17417)
(162, 131, 18438)
(162, 99, 13898)
(162, 28, 21498)
(162, 122, 3257)
(162, 105, 8599)
(162, 102, 209)
(162, 62, 18546)
(162, 54, 11369)
(162, 8, 5872)
(162, 137, 925)
(162, 132, 11139)
(162, 3, 25560)
(162, 64, 11999)
(162, 100, 13162)
(162, 27, 4585)
(162, 161, 13659)
(162, 48, 6592)
(163, 53, 20495)
(163, 18, 7526)
(163, 46, 7258)
(163, 153, 5650)
(163, 52, 9690)
(163, 27, 23830)
(163, 76, 10542)
(163, 48, 2325)
(163, 115, 6628)
(163, 94, 9034)
(163, 86, 822)
(163, 148, 21818)
(163, 118, 17975)
(163, 68, 12571)
(163, 38, 5978)
(163, 56, 7721)
(163, 130, 2431)
(163, 152, 25393)
(163, 26, 21096)
(163, 89, 19490)
(163, 99, 17804)
(163, 116, 9601)
(163, 107, 6143)
(163, 104, 36)
(164, 146, 17458)
(164, 37, 1130)
(164, 106, 22970)
(164, 110, 14505)
(164, 70, 21075)
(164, 85, 21387)
(164, 93, 3506)
(164, 100, 15595)
(164, 95, 13765)
(164, 67, 325)
(164, 54, 124)
(164, 105, 8986)
(164, 80, 25336)
(164, 27, 25492)
(164, 145, 2527)
(164, 144, 13916)
(164, 4, 22854)
(164, 13, 139)
(164, 153, 10405)
(164, 9, 13640)
(164, 32, 17132)
(164, 159, 19)
(164, 25, 24188)
(164, 63, 168)
(164, 129, 16673)
(164, 136, 3042)
(164, 114, 14650)
(164, 56, 6582)
(164, 57, 16211)
(164, 26, 10388)
(164, 6, 25509)
(164, 23, 17123)
(164, 15, 3826)
(164, 16, 6031)
(164, 62, 23744)
(164, 71, 17790)
(164, 119, 20757)
(164, 96, 10550)
(164, 18, 9967)
(164, 52, 6456)
(164, 41, 8342)
(164, 108, 14327)
(164, 152, 18834)
(164, 60, 10622)
(164, 131, 8106)
(164, 148, 24564)
(164, 11, 25070)
(164, 137, 1634)
(164, 43, 3642)
(164, 45, 18375)
(164, 143, 22761)
(164, 120, 9316)
(164, 149, 13710)
(164, 87, 3724)
(164, 107, 6906)
(164, 88, 24016)
(164, 30, 3990)
(164, 75, 20966)
(164, 47, 16720)
(164, 50, 9905)
(164, 130, 24581)
(164, 124, 21165)
(164, 33, 12340)
(164, 123, 17841)
(164, 133, 11709)
(164, 20, 9603)
(164, 34, 16368)
(164, 135, 12687)
(164, 156, 25436)
(164, 65, 21276)
(164, 73, 17148)
(164, 117, 17328)
(164, 92, 23276)
(164, 55, 9881)
(164, 103, 17404)
(164, 162, 7987)
(164, 101, 304)
(164, 102, 23447)
(164, 76, 23154)
(164, 141, 13292)
(164, 115, 4610)
(164, 84, 14161)
(164, 0, 25546)
(164, 2, 17911)
(164, 140, 11771)
(164, 29, 10029)
(164, 99, 3792)
(164, 21, 5863)
(164, 160, 2032)
(164, 125, 6822)
(164, 28, 7909)
(165, 53, 9787)
(165, 87, 11577)
(165, 67, 14699)
(165, 18, 25420)
(165, 51, 8100)
(165, 70, 22070)
(165, 155, 18794)
(165, 33, 6100)
(165, 0, 6571)
(165, 46, 16685)
(165, 66, 24929)
(165, 35, 17587)
(165, 68, 21911)
(165, 97, 20887)
(165, 120, 23623)
(165, 94, 12698)
(165, 150, 16557)
(165, 138, 5601)
(165, 143, 18034)
(165, 74, 13907)
(165, 44, 13628)
(165, 136, 20477)
(165, 103, 17135)
(165, 162, 1772)
(165, 125, 4800)
(165, 117, 10822)
(165, 128, 18844)
(165, 72, 16909)
(165, 9, 4346)
(165, 131, 9829)
(165, 16, 11664)
(165, 71, 15320)
(165, 17, 14754)
(165, 23, 24358)
(165, 135, 12037)
(165, 15, 21270)
(165, 54, 24606)
(165, 14, 13283)
(165, 84, 19936)
(165, 77, 16261)
(165, 145, 10974)
(165, 134, 21348)
(165, 38, 4260)
(165, 152, 16867)
(165, 34, 16231)
(165, 101, 4364)
(165, 123, 25197)
(165, 73, 22329)
(165, 159, 500)
(165, 10, 11251)
(165, 108, 17403)
(165, 114, 3943)
(165, 89, 1267)
(165, 82, 25071)
(165, 60, 16030)
(165, 52, 24113)
(165, 116, 7596)
(165, 91, 19730)
(165, 58, 23441)
(165, 4, 23238)
(165, 29, 1794)
(165, 61, 6062)
(165, 140, 24506)
(165, 25, 19679)
(165, 76, 11776)
(165, 137, 10703)
(165, 133, 21148)
(165, 88, 2544)
(166, 74, 17259)
(166, 130, 660)
(166, 3, 20165)
(166, 7, 25177)
(166, 146, 5232)
(166, 57, 17491)
(166, 137, 4203)
(166, 133, 20138)
(166, 87, 9947)
(166, 121, 20272)
(166, 107, 22411)
(166, 33, 6538)
(166, 94, 11455)
(166, 100, 24546)
(166, 156, 8600)
(166, 142, 7425)
(166, 145, 873)
(166, 37, 11758)
(166, 11, 9515)
(166, 51, 17006)
(166, 150, 22326)
(166, 162, 7314)
(166, 84, 13024)
(166, 54, 22819)
(166, 63, 4423)
(166, 164, 25524)
(166, 125, 3744)
(166, 60, 6541)
(166, 36, 3968)
(166, 24, 7907)
(166, 114, 2990)
(166, 4, 16565)
(166, 55, 15169)
(166, 80, 24498)
(166, 92, 19844)
(166, 38, 1367)
(166, 49, 12788)
(166, 6, 9604)
(166, 155, 134)
(166, 115, 22483)
(166, 16, 2118)
(166, 10, 60)
(166, 13, 13060)
(166, 56, 9056)
(166, 126, 12116)
(166, 5, 4655)
(166, 119, 7213)
(166, 117, 14130)
(166, 98, 2327)
(166, 148, 1610)
(166, 141, 1575)
(166, 149, 3722)
(166, 161, 23431)
(166, 135, 12375)
(166, 159, 6894)
(166, 52, 8504)
(166, 1, 11484)
(166, 42, 1084)
(166, 113, 1149)
(166, 27, 15936)
(166, 61, 3791)
(166, 154, 20502)
(166, 30, 6004)
(166, 41, 19244)
(166, 17, 17384)
(166, 93, 16997)
(166, 44, 17794)
(166, 58, 10100)
(166, 105, 14431)
(166, 123, 15585)
(166, 78, 6278)
(166, 69, 18400)
(166, 165, 22010)
(166, 59, 20250)
(166, 111, 5396)
(166, 22, 12523)
(166, 101, 11494)
(166, 158, 2092)
(166, 97, 14696)
(166, 139, 13974)
(166, 45, 11188)
(166, 104, 4186)
(166, 28, 4138)
(166, 34, 18548)
(166, 31, 3303)
(166, 131, 16560)
(166, 25, 21948)
(166, 81, 19660)
(166, 108, 14828)
(166, 48, 5975)
(166, 15, 16066)
(166, 152, 21760)
(166, 112, 12831)
(166, 40, 12664)
(166, 99, 16868)
(166, 76, 21424)
(166, 9, 14666)
(166, 26, 3660)
(166, 85, 24537)
(166, 143, 3793)
(166, 109, 50)
(166, 83, 11301)
(166, 96, 11775)
(166, 127, 17474)
(166, 65, 14267)
(166, 0, 7717)
(166, 43, 3865)
(166, 163, 2322)
(166, 29, 16464)
(166, 106, 14143)
(166, 77, 24534)
(166, 79, 12077)
(166, 147, 17362)
(166, 46, 15439)
(166, 144, 23937)
(166, 21, 19396)
(166, 124, 6092)
(166, 71, 14930)
(166, 110, 11787)
(166, 132, 25241)
(166, 129, 16612)
(166, 134, 2872)
(166, 90, 3604)
(166, 95, 15619)
(166, 136, 6802)
(166, 62, 13998)
(167, 140, 19137)
(167, 69, 6758)
(167, 147, 18118)
(167, 109, 18570)
(167, 130, 8525)
(167, 124, 1681)
(167, 105, 3541)
(167, 131, 20680)
(167, 12, 15447)
(167, 162, 17785)
(167, 72, 2364)
(167, 165, 20194)
(167, 139, 4124)
(167, 0, 20303)
(167, 56, 5)
(167, 102, 21567)
(167, 137, 20902)
(167, 17, 3101)
(167, 34, 2940)
(167, 53, 16797)
(167, 158, 1569)
(167, 166, 5671)
(167, 94, 14231)
(167, 3, 143)
(167, 11, 23218)
(167, 100, 8156)
(167, 41, 13822)
(167, 132, 16563)
(168, 137, 1893)
(168, 78, 6419)
(168, 155, 12782)
(168, 42, 24334)
(168, 164, 10155)
(168, 36, 4344)
(168, 106, 23136)
(168, 85, 9322)
(168, 93, 6233)
(168, 82, 4271)
(168, 124, 21565)
(168, 56, 23446)
(168, 140, 17625)
(168, 28, 7296)
(168, 166, 653)
(168, 22, 25115)
(168, 120, 4467)
(168, 154, 7003)
(168, 103, 25693)
(168, 98, 20750)
(168, 60, 8013)
(168, 104, 6405)
(168, 55, 18429)
(168, 6, 16065)
(168, 43, 7856)
(168, 59, 20429)
(168, 24, 4877)
(168, 23, 23885)
(168, 20, 4429)
(168, 7, 1756)
(168, 62, 20108)
(168, 13, 12844)
(168, 131, 16258)
(168, 107, 1843)
(168, 96, 20663)
(168, 128, 9166)
(168, 145, 11873)
(168, 108, 22567)
(168, 114, 15712)
(168, 49, 7512)
(168, 91, 21931)
(168, 31, 10312)
(168, 129, 6215)
(168, 132, 6006)
(168, 153, 12799)
(168, 112, 17604)
(168, 3, 18305)
(168, 11, 13091)
(168, 126, 12846)
(168, 118, 10787)
(168, 77, 891)
(168, 25, 7895)
(168, 134, 8697)
(168, 1, 18124)
(168, 88, 17248)
(168, 101, 25171)
(168, 81, 8441)
(168, 162, 6645)
(168, 161, 9219)
(168, 26, 4069)
(168, 159, 22200)
(168, 34, 10575)
(168, 66, 23135)
(168, 21, 1925)
(168, 79, 10900)
(168, 122, 16538)
(168, 102, 5726)
(168, 105, 10650)
(168, 163, 7772)
(168, 149, 20741)
(168, 9, 22396)
(168, 158, 24189)
(168, 40, 11886)
(168, 50, 8880)
(168, 165, 13362)
(168, 69, 16168)
(168, 74, 9203)
(168, 46, 24464)
(168, 136, 22785)
(168, 2, 1830)
(168, 89, 13116)
(168, 90, 4497)
(168, 44, 15145)
(168, 115, 14498)
(168, 70, 10638)
(168, 100, 8275)
(168, 123, 5159)
(168, 58, 11399)
(168, 151, 17992)
(168, 65, 20176)
(168, 147, 15416)
(168, 152, 13967)
(168, 146, 22494)
(168, 76, 8464)
(168, 157, 13266)
(168, 92, 7664)
(168, 75, 20705)
(168, 12, 11849)
(168, 33, 23899)
(168, 143, 20239)
(168, 64, 22230)
(168, 150, 11594)
(168, 57, 21813)
(168, 63, 11876)
(168, 86, 9483)
(168, 51, 13934)
(168, 80, 7849)
(168, 156, 541)
(168, 14, 13444)
(168, 109, 1176)
(168, 160, 10162)
(168, 32, 18595)
(168, 0, 7557)
(168, 94, 2637)
(168, 135, 2123)
(168, 144, 18218)
(168, 16, 16237)
(168, 167, 25034)
(168, 119, 17591)
(168, 45, 11948)
(168, 141, 12425)
(168, 97, 607)
(168, 73, 1847)
(168, 17, 24761)
(168, 99, 18800)
(168, 5, 17764)
(168, 130, 119)
(168, 8, 19928)
(168, 38, 15388)
(168, 67, 21708)
(168, 10, 12825)
(168, 142, 23519)
(168, 133, 2354)
(168, 72, 20686)
(168, 95, 15469)
(168, 30, 25635)
(168, 27, 1350)
(169, 8, 11344)
(169, 139, 2932)
(169, 43, 19022)
(169, 129, 23087)
(169, 160, 2693)
(169, 15, 638)
(169, 136, 21694)
(169, 141, 9569)
(169, 24, 16574)
(169, 2, 2473)
(169, 68, 14569)
(169, 149, 3256)
(169, 95, 13144)
(169, 13, 19234)
(169, 153, 8230)
(169, 114, 8381)
(169, 86, 15)
(169, 84, 2270)
(169, 64, 2035)
(169, 65, 457)
(169, 33, 12946)
(169, 118, 12715)
(169, 80, 12430)
(169, 135, 20012)
(169, 125, 16355)
(169, 1, 15071)
(169, 22, 6463)
(169, 47, 11736)
(169, 110, 6820)
(169, 111, 15865)
(169, 77, 13734)
(169, 132, 13494)
(169, 52, 3618)
(169, 57, 5296)
(169, 70, 579)
(169, 124, 22039)
(169, 54, 872)
(169, 148, 10581)
(169, 11, 14080)
(169, 31, 22513)
(169, 76, 12682)
(169, 101, 18774)
(169, 107, 9960)
(169, 156, 1463)
(169, 126, 16394)
(169, 82, 22985)
(169, 97, 6020)
(169, 18, 11345)
(169, 123, 21956)
(169, 14, 18493)
(169, 138, 20812)
(169, 116, 15614)
(169, 94, 8560)
(169, 30, 1085)
(169, 168, 1291)
(169, 167, 332)
(169, 63, 11942)
(169, 56, 17434)
(169, 143, 17161)
(169, 71, 20692)
(169, 44, 14021)
(169, 161, 5338)
(169, 23, 1465)
(169, 98, 10552)
(169, 40, 4804)
(169, 49, 15941)
(169, 152, 6410)
(169, 60, 19626)
(169, 10, 8180)
(169, 50, 15869)
(169, 99, 14032)
(169, 16, 14334)
(169, 72, 11678)
(169, 102, 19649)
(169, 29, 17929)
(169, 74, 272)
(169, 93, 25077)
(169, 83, 1262)
(169, 165, 15722)
(169, 154, 8721)
(169, 67, 11919)
(169, 73, 23556)
(169, 100, 13330)
(169, 6, 20657)
(169, 105, 24903)
(169, 121, 21668)
(169, 85, 23504)
(169, 19, 18743)
(169, 134, 8407)
(169, 17, 18021)
(169, 158, 5626)
(169, 78, 6327)
(169, 35, 12069)
(169, 81, 15703)
(169, 91, 15824)
(169, 20, 23180)
(169, 53, 15449)
(169, 133, 21473)
(169, 66, 375)
(170, 94, 5150)
(170, 114, 13516)
(170, 100, 6130)
(170, 82, 8977)
(170, 47, 20727)
(170, 16, 839)
(170, 121, 7453)
(170, 140, 5121)
(170, 137, 11247)
(170, 37, 2847)
(170, 147, 11710)
(170, 109, 12995)
(170, 136, 16926)
(170, 30, 10488)
(170, 25, 18605)
(170, 118, 6337)
(170, 78, 18202)
(170, 87, 22418)
(170, 122, 9309)
(170, 160, 13428)
(170, 77, 25261)
(170, 141, 15519)
(170, 80, 6556)
(170, 28, 15494)
(170, 31, 14439)
(170, 73, 9955)
(170, 29, 20306)
(170, 106, 13028)
(170, 62, 5094)
(170, 13, 20363)
(170, 98, 11311)
(170, 143, 6987)
(170, 65, 4135)
(170, 33, 24568)
(170, 105, 23283)
(170, 70, 19248)
(170, 101, 5986)
(170, 111, 22335)
(170, 39, 13890)
(170, 32, 13956)
(170, 57, 12244)
(170, 74, 6076)
(170, 117, 13124)
(170, 90, 2410)
(170, 36, 8066)
(170, 165, 20310)
(170, 72, 10750)
(170, 38, 7272)
(170, 91, 20553)
(170, 128, 2358)
(170, 102, 1003)
(170, 24, 8492)
(170, 60, 7315)
(170, 51, 15949)
(170, 71, 23784)
(170, 4, 801)
(170, 8, 14118)
(170, 123, 12346)
(170, 5, 4425)
(170, 40, 11269)
(170, 129, 17779)
(170, 103, 5126)
(170, 161, 19180)
(170, 48, 1812)
(170, 119, 5607)
(170, 10, 13991)
(170, 115, 2838)
(170, 58, 24336)
(170, 125, 12318)
(170, 138, 5407)
(170, 146, 13165)
(170, 14, 17205)
(170, 23, 16205)
(170, 59, 11272)
(170, 76, 8255)
(170, 88, 21350)
(170, 53, 1995)
(170, 27, 11545)
(170, 145, 11744)
(170, 64, 7362)
(170, 43, 20860)
(170, 79, 5403)
(170, 95, 23475)
(170, 11, 13778)
(170, 61, 12501)
(170, 155, 22740)
(170, 167, 1664)
(170, 44, 14441)
(170, 63, 21545)
(170, 112, 8221)
(170, 46, 20730)
(170, 22, 8370)
(170, 97, 2366)
(170, 93, 10605)
(170, 66, 24602)
(170, 34, 17712)
(170, 84, 3702)
(170, 150, 17830)
(170, 55, 6530)
(170, 158, 17493)
(170, 89, 24551)
(170, 83, 959)
(170, 19, 23583)
(170, 168, 2014)
(170, 1, 14184)
(170, 75, 4037)
(170, 104, 23698)
(170, 6, 19031)
(170, 2, 9757)
(170, 108, 8141)
(170, 133, 3851)
(170, 96, 22355)
(170, 151, 23844)
(170, 127, 21178)
(170, 149, 25415)
(170, 132, 17537)
(170, 131, 19221)
(170, 144, 16609)
(170, 142, 5940)
(171, 39, 15446)
(171, 64, 1580)
(171, 58, 15378)
(171, 149, 2098)
(171, 32, 3365)
(171, 118, 22781)
(171, 113, 5533)
(171, 27, 8115)
(171, 35, 6814)
(171, 1, 2667)
(171, 152, 17290)
(171, 77, 121)
(171, 92, 19646)
(171, 98, 23884)
(171, 16, 18187)
(171, 76, 23117)
(171, 139, 13886)
(171, 23, 19898)
(171, 63, 2027)
(171, 29, 24170)
(171, 18, 9685)
(171, 127, 23150)
(171, 148, 22703)
(171, 95, 5031)
(171, 24, 3145)
(171, 57, 18132)
(171, 51, 5208)
(171, 136, 5245)
(171, 66, 4883)
(171, 147, 287)
(171, 60, 17174)
(171, 91, 25636)
(171, 34, 19970)
(171, 158, 7712)
(171, 115, 16417)
(171, 43, 16715)
(171, 88, 22836)
(171, 33, 12596)
(171, 37, 13235)
(171, 55, 11457)
(171, 94, 4174)
(171, 56, 13694)
(171, 5, 3287)
(171, 133, 17311)
(171, 70, 319)
(171, 161, 1216)
(171, 83, 24723)
(171, 7, 5656)
(171, 12, 14176)
(171, 110, 11807)
(171, 130, 22831)
(171, 106, 14958)
(171, 17, 16972)
(171, 102, 19187)
(171, 169, 4202)
(171, 163, 4314)
(171, 116, 24954)
(171, 156, 21632)
(171, 19, 9869)
(171, 124, 20398)
(171, 69, 19971)
(171, 166, 214)
(171, 101, 20915)
(171, 78, 15748)
(171, 11, 4043)
(171, 143, 6712)
(171, 137, 6647)
(171, 31, 15782)
(171, 61, 6206)
(171, 14, 15346)
(171, 15, 21663)
(171, 30, 11791)
(171, 160, 15927)
(171, 128, 18419)
(171, 50, 24369)
(171, 3, 2016)
(171, 123, 21260)
(171, 74, 24034)
(171, 68, 12582)
(171, 131, 15459)
(171, 119, 8760)
(171, 46, 8555)
(171, 20, 13583)
(171, 103, 2205)
(171, 150, 17186)
(171, 120, 1840)
(171, 142, 13867)
(171, 8, 10470)
(171, 73, 17106)
(171, 170, 13690)
(171, 41, 18993)
(171, 36, 15084)
(171, 105, 4819)
(171, 109, 2113)
(171, 96, 12602)
(171, 48, 2551)
(171, 99, 13979)
(171, 132, 10061)
(171, 67, 8280)
(171, 82, 6746)
(171, 38, 11205)
(171, 97, 16425)
(171, 44, 15756)
(171, 165, 4563)
(171, 100, 7758)
(171, 93, 13574)
(171, 21, 22150)
(171, 104, 186)
(171, 87, 1636)
(171, 45, 1718)
(171, 40, 15626)
(171, 9, 22455)
(171, 0, 5193)
(171, 159, 4296)
(171, 167, 23076)
(171, 62, 14100)
(171, 121, 3376)
(171, 129, 15574)
(171, 146, 19901)
(171, 65, 12229)
(171, 25, 15791)
(171, 22, 13471)
(171, 81, 7847)
(171, 122, 19740)
(171, 4, 11505)
(171, 154, 17882)
(171, 10, 7144)
(171, 47, 10147)
(171, 6, 5393)
(171, 157, 13620)
(171, 49, 6609)
(171, 84, 8929)
(171, 112, 14085)
(171, 26, 20299)
(171, 126, 17421)
(171, 75, 19604)
(171, 140, 22925)
(171, 135, 11692)
(171, 138, 16680)
(171, 117, 14870)
(171, 144, 16018)
(171, 89, 19252)
(171, 28, 9994)
(171, 134, 805)
(171, 90, 25057)
(171, 53, 22065)
(171, 114, 10779)
(171, 111, 20734)
(171, 59, 12975)
(171, 42, 14250)
(171, 79, 23632)
(171, 162, 14765)
(171, 2, 24631)
(171, 13, 2086)
(171, 72, 24471)
(171, 86, 23589)
(171, 52, 24194)
(171, 125, 8505)
(171, 168, 11414)
(171, 164, 3039)
(171, 141, 18870)
(171, 54, 10426)
(171, 151, 7861)
(171, 85, 8241)
(171, 80, 20135)
(171, 108, 4524)
(171, 107, 18174)
(172, 48, 19910)
(172, 77, 16710)
(172, 73, 11586)
(172, 11, 10293)
(172, 29, 23274)
(172, 154, 9507)
(172, 98, 17622)
(172, 139, 22318)
(172, 0, 16110)
(172, 53, 6099)
(172, 15, 15479)
(172, 125, 9469)
(172, 148, 1221)
(172, 159, 5118)
(172, 135, 23616)
(172, 141, 19943)
(172, 9, 23701)
(172, 104, 2087)
(172, 81, 18137)
(172, 163, 19054)
(172, 40, 15530)
(172, 96, 7513)
(172, 22, 14451)
(172, 129, 8928)
(172, 132, 15485)
(172, 72, 20675)
(172, 123, 4391)
(172, 115, 10721)
(172, 158, 18042)
(173, 82, 12507)
(173, 98, 15189)
(173, 133, 25507)
(173, 120, 12927)
(173, 170, 20056)
(173, 24, 100)
(173, 34, 8699)
(173, 89, 11629)
(173, 127, 18252)
(173, 64, 3094)
(173, 16, 23794)
(173, 106, 9585)
(173, 144, 992)
(173, 94, 18802)
(173, 18, 15758)
(173, 172, 10854)
(173, 59, 9716)
(173, 75, 25367)
(173, 108, 9348)
(173, 77, 327)
(173, 117, 15048)
(173, 26, 6499)
(173, 50, 6771)
(173, 163, 11187)
(173, 63, 22228)
(173, 17, 16366)
(173, 87, 11897)
(173, 103, 4435)
(173, 81, 15068)
(173, 97, 24662)
(173, 105, 7865)
(173, 0, 12426)
(173, 6, 14233)
(173, 72, 22120)
(173, 30, 18089)
(173, 114, 13390)
(173, 121, 25583)
(173, 100, 1592)
(173, 53, 21846)
(173, 93, 11951)
(173, 131, 4899)
(173, 85, 10830)
(173, 142, 984)
(173, 101, 5618)
(173, 32, 16391)
(173, 49, 21640)
(173, 10, 13696)
(173, 83, 8136)
(173, 125, 16652)
(173, 123, 11359)
(173, 25, 21975)
(173, 76, 12111)
(173, 95, 7216)
(173, 47, 8687)
(173, 157, 20916)
(173, 136, 20856)
(173, 80, 4571)
(173, 54, 18430)
(173, 33, 20802)
(173, 115, 14040)
(173, 109, 6785)
(173, 84, 2311)
(173, 28, 3001)
(173, 104, 17723)
(173, 168, 17783)
(173, 160, 7490)
(173, 60, 20920)
(173, 150, 2826)
(173, 138, 25268)
(173, 156, 20668)
(173, 52, 9704)
(173, 29, 22129)
(173, 31, 2282)
(173, 11, 15471)
(173, 110, 15095)
(173, 91, 7384)
(173, 159, 17391)
(173, 58, 2552)
(173, 171, 18953)
(173, 45, 10805)
(173, 19, 9428)
(173, 162, 18126)
(173, 61, 19088)
(173, 90, 14106)
(173, 152, 18024)
(173, 22, 8711)
(173, 135, 7237)
(173, 111, 8047)
(173, 112, 8900)
(173, 143, 22592)
(173, 92, 16621)
(173, 118, 13854)
(173, 41, 20465)
(173, 23, 22289)
(173, 46, 20247)
(173, 5, 12074)
(173, 68, 9158)
(173, 79, 17179)
(173, 148, 25734)
(173, 66, 108)
(173, 38, 1745)
(173, 21, 5278)
(173, 153, 6018)
(173, 132, 13092)
(173, 129, 21997)
(173, 151, 19130)
(173, 36, 4465)
(173, 149, 17835)
(173, 102, 23250)
(173, 99, 20231)
(173, 88, 6250)
(173, 8, 22300)
(173, 27, 4326)
(173, 67, 16175)
(173, 3, 4504)
(173, 62, 14008)
(173, 55, 21683)
(173, 2, 1042)
(173, 40, 18418)
(173, 14, 4731)
(173, 15, 11435)
(173, 51, 2506)
(173, 1, 19280)
(173, 73, 1574)
(173, 126, 18487)
(173, 57, 2989)
(173, 44, 2624)
(173, 4, 1820)
(173, 145, 14689)
(173, 155, 370)
(173, 116, 19987)
(173, 107, 4726)
(173, 78, 25053)
(173, 35, 16189)
(173, 137, 8657)
(173, 113, 24260)
(173, 146, 3706)
(173, 124, 5236)
(173, 71, 10688)
(173, 65, 12328)
(173, 158, 19695)
(173, 42, 17365)
(173, 147, 14275)
(173, 164, 15710)
(173, 13, 624)
(173, 122, 24663)
(173, 74, 13100)
(173, 69, 723)
(173, 20, 4481)
(173, 39, 13309)
(173, 165, 3810)
(173, 130, 3047)
(173, 43, 7310)
(173, 12, 1939)
(173, 169, 15258)
(173, 166, 21183)
(173, 119, 963)
(173, 128, 15407)
(173, 86, 16660)
(173, 141, 7214)
(173, 70, 6502)
(173, 134, 20350)
(173, 154, 8261)
(173, 161, 17908)
(173, 139, 10989)
(173, 48, 3374)
(173, 56, 5176)
(174, 97, 22672)
(174, 23, 998)
(174, 139, 7832)
(174, 32, 11129)
(174, 11, 16568)
(174, 120, 24411)
(174, 144, 20867)
(174, 83, 1197)
(174, 93, 24908)
(174, 24, 5137)
(174, 35, 21197)
(174, 155, 4090)
(174, 134, 1506)
(174, 48, 10915)
(174, 95, 10244)
(174, 161, 4386)
(174, 53, 23317)
(174, 90, 18666)
(174, 73, 12891)
(174, 141, 18204)
(174, 39, 1227)
(174, 12, 7016)
(174, 28, 25178)
(174, 140, 6338)
(174, 30, 12152)
(174, 110, 10817)
(174, 146, 3078)
(174, 137, 12511)
(174, 88, 5508)
(174, 92, 3782)
(174, 34, 22459)
(174, 51, 14678)
(174, 44, 6230)
(174, 19, 8639)
(174, 158, 25083)
(174, 119, 22037)
(174, 125, 1675)
(174, 72, 22482)
(174, 77, 15516)
(174, 68, 1829)
(174, 1, 6438)
(174, 108, 8110)
(174, 118, 7461)
(174, 150, 10499)
(174, 41, 5818)
(174, 159, 10019)
(174, 103, 22160)
(174, 18, 3113)
(174, 42, 1607)
(174, 17, 504)
(174, 167, 15167)
(174, 60, 16865)
(174, 138, 23914)
(174, 81, 14344)
(174, 0, 2211)
(174, 102, 17933)
(174, 7, 5772)
(174, 33, 18082)
(174, 126, 17980)
(174, 130, 15349)
(174, 98, 24858)
(174, 50, 2411)
(174, 109, 20557)
(174, 154, 3127)
(174, 127, 15768)
(174, 61, 4716)
(174, 96, 8913)
(174, 168, 22303)
(174, 9, 4338)
(174, 164, 19032)
(174, 85, 8969)
(174, 31, 4923)
(174, 99, 4792)
(174, 133, 20747)
(174, 43, 9911)
(174, 4, 23786)
(174, 173, 7711)
(174, 84, 19478)
(174, 58, 1342)
(174, 170, 16722)
(174, 56, 14892)
(174, 45, 3461)
(174, 5, 4299)
(174, 145, 14262)
(174, 124, 17937)
(174, 122, 11004)
(174, 100, 12780)
(174, 111, 10950)
(174, 156, 12824)
(174, 76, 1672)
(174, 113, 8783)
(174, 143, 9214)
(174, 149, 22657)
(174, 21, 8267)
(174, 172, 7093)
(174, 26, 21190)
(174, 75, 11671)
(174, 63, 1224)
(174, 78, 4646)
(174, 142, 14460)
(174, 52, 4416)
(174, 112, 5913)
(174, 163, 4024)
(174, 49, 24469)
(174, 16, 6852)
(174, 22, 4234)
(174, 89, 2641)
(174, 160, 21379)
(175, 128, 12160)
(175, 38, 16275)
(175, 108, 2305)
(175, 21, 21889)
(175, 159, 20401)
(175, 133, 217)
(175, 155, 21729)
(175, 158, 8686)
(175, 148, 24955)
(175, 160, 16279)
(175, 26, 9786)
(175, 154, 1958)
(175, 29, 3387)
(175, 50, 447)
(175, 36, 19642)
(175, 104, 21230)
(175, 33, 7065)
(175, 97, 533)
(175, 135, 1941)
(175, 20, 737)
(175, 88, 22565)
(175, 79, 11761)
(175, 92, 4747)
(175, 147, 2072)
(175, 51, 5353)
(175, 32, 23635)
(175, 109, 23493)
(175, 152, 525)
(175, 150, 20622)
(175, 95, 22757)
(176, 161, 15298)
(177, 100, 20858)
(177, 101, 18761)
(177, 137, 13053)
(177, 60, 13704)
(177, 66, 5217)
(177, 140, 25544)
(177, 44, 18454)
(177, 176, 21337)
(177, 58, 24774)
(177, 67, 19045)
(177, 88, 10397)
(177, 81, 8029)
(177, 103, 23752)
(177, 37, 3721)
(177, 34, 5023)
(177, 4, 18073)
(177, 26, 4756)
(177, 47, 12924)
(177, 130, 18691)
(177, 131, 15511)
(177, 145, 8476)
(177, 108, 2997)
(177, 128, 2052)
(177, 21, 21310)
(177, 104, 2127)
(177, 109, 25130)
(177, 29, 5328)
(177, 25, 18926)
(177, 114, 12433)
(177, 160, 10579)
(177, 129, 3892)
(177, 75, 19674)
(177, 11, 1411)
(177, 43, 24438)
(177, 93, 11231)
(177, 89, 15979)
(177, 82, 3116)
(177, 52, 2752)
(177, 49, 21782)
(177, 15, 21227)
(177, 12, 8774)
(177, 59, 8060)
(177, 13, 1087)
(177, 157, 16821)
(177, 46, 8414)
(177, 94, 24002)
(177, 173, 12655)
(177, 95, 14001)
(177, 163, 586)
(177, 167, 10283)
(177, 170, 7128)
(177, 68, 21359)
(177, 72, 14314)
(177, 91, 20787)
(177, 92, 5569)
(177, 83, 3798)
(177, 150, 1871)
(177, 144, 1961)
(177, 19, 15773)
(177, 97, 865)
(177, 112, 8844)
(177, 28, 8749)
(177, 164, 11582)
(177, 117, 1062)
(177, 106, 20909)
(177, 22, 18785)
(177, 141, 13933)
(177, 143, 11657)
(177, 139, 4546)
(177, 171, 1701)
(177, 16, 11642)
(177, 154, 14959)
(177, 99, 6789)
(177, 102, 516)
(177, 9, 9129)
(177, 42, 5853)
(177, 24, 12632)
(177, 148, 14399)
(177, 8, 12288)
(177, 18, 20202)
(177, 156, 22543)
(177, 30, 20911)
(177, 70, 16828)
(177, 172, 9866)
(177, 133, 2565)
(177, 174, 4226)
(177, 132, 12917)
(177, 127, 24240)
(177, 17, 17379)
(177, 78, 7143)
(177, 165, 15286)
(177, 125, 17237)
(177, 33, 643)
(177, 64, 1213)
(177, 149, 5392)
(178, 49, 20563)
(178, 44, 765)
(178, 24, 15202)
(178, 93, 4834)
(178, 170, 14855)
(178, 146, 22981)
(178, 108, 14265)
(178, 65, 559)
(178, 66, 4743)
(178, 141, 14856)
(178, 60, 7967)
(178, 142, 11141)
(178, 47, 1424)
(178, 83, 5124)
(178, 116, 15204)
(178, 136, 3300)
(178, 113, 10591)
(178, 169, 19382)
(178, 154, 8853)
(178, 37, 24788)
(178, 140, 24231)
(178, 48, 8077)
(178, 171, 5505)
(178, 158, 4829)
(178, 120, 15461)
(178, 82, 22656)
(178, 42, 2026)
(178, 75, 20020)
(178, 99, 18144)
(178, 156, 784)
(178, 137, 9296)
(178, 52, 25314)
(178, 125, 18510)
(178, 174, 22476)
(178, 103, 9846)
(178, 51, 15534)
(178, 114, 13227)
(178, 167, 14324)
(178, 31, 12701)
(178, 12, 24759)
(178, 100, 20475)
(178, 149, 1142)
(178, 7, 7339)
(178, 98, 14440)
(178, 87, 3092)
(178, 96, 15039)
(178, 22, 11254)
(178, 118, 14932)
(178, 128, 3895)
(178, 40, 1168)
(178, 144, 17079)
(178, 70, 25251)
(178, 28, 12189)
(178, 19, 15609)
(178, 89, 20782)
(178, 62, 1258)
(178, 126, 25109)
(178, 67, 23862)
(178, 39, 17998)
(178, 46, 19218)
(178, 74, 14465)
(178, 79, 10104)
(178, 143, 12675)
(178, 59, 6554)
(178, 165, 14054)
(178, 58, 17002)
(178, 10, 9606)
(178, 130, 14180)
(178, 16, 24947)
(178, 11, 17792)
(178, 56, 6869)
(178, 123, 18260)
(178, 73, 11768)
(178, 168, 10577)
(178, 129, 12291)
(178, 111, 16266)
(178, 33, 3122)
(178, 14, 6731)
(178, 110, 23828)
(178, 29, 7012)
(178, 63, 20134)
(178, 18, 17558)
(178, 4, 22708)
(178, 121, 1071)
(178, 71, 11993)
(178, 20, 5688)
(178, 84, 16039)
(178, 131, 12303)
(178, 153, 8095)
(178, 13, 22800)
(178, 0, 16733)
(178, 69, 23778)
(178, 8, 16421)
(178, 162, 9792)
(178, 112, 22953)
(178, 21, 15431)
(178, 32, 5175)
(178, 9, 3880)
(178, 54, 25600)
(178, 80, 16907)
(179, 145, 22144)
(179, 148, 14654)
(179, 14, 71)
(179, 174, 3132)
(179, 109, 17225)
(179, 49, 15586)
(179, 6, 13296)
(179, 88, 23702)
(179, 21, 8075)
(179, 146, 21884)
(179, 164, 11783)
(179, 41, 8710)
(179, 143, 8732)
(179, 94, 16906)
(179, 108, 12856)
(179, 47, 15736)
(179, 92, 19806)
(179, 152, 23212)
(179, 4, 340)
(179, 64, 17413)
(179, 115, 4209)
(179, 58, 888)
(179, 52, 2664)
(179, 62, 10062)
(179, 78, 22776)
(179, 139, 7276)
(179, 118, 10809)
(179, 46, 10990)
(179, 161, 22428)
(179, 25, 14685)
(179, 122, 9025)
(179, 127, 11750)
(179, 173, 2148)
(179, 68, 6860)
(179, 72, 11799)
(179, 81, 1560)
(179, 3, 15959)
(179, 150, 18922)
(179, 97, 5779)
(179, 16, 2308)
(179, 13, 9381)
(179, 77, 9950)
(179, 104, 11943)
(179, 19, 8767)
(179, 83, 7334)
(179, 26, 20934)
(179, 112, 10371)
(179, 65, 6291)
(179, 56, 23490)
(179, 35, 2742)
(179, 79, 11091)
(179, 38, 15486)
(179, 45, 15749)
(179, 149, 12769)
(179, 31, 24813)
(179, 76, 22944)
(179, 15, 12391)
(179, 144, 445)
(179, 60, 15245)
(179, 51, 20751)
(179, 138, 4431)
(179, 111, 18271)
(179, 69, 11927)
(179, 89, 23291)
(179, 87, 15576)
(179, 73, 16312)
(179, 160, 8432)
(179, 9, 3801)
(179, 154, 15561)
(179, 75, 16748)
(179, 151, 23622)
(179, 176, 10877)
(179, 177, 16370)
(179, 132, 20297)
(179, 74, 20848)
(179, 67, 5729)
(179, 2, 16513)
(179, 110, 3581)
(179, 133, 11446)
(179, 162, 9770)
(179, 32, 10084)
(179, 129, 7778)
(179, 166, 23963)
(179, 169, 23309)
(179, 156, 16005)
(179, 63, 23731)
(179, 5, 1676)
(179, 18, 9720)
(179, 34, 498)
(179, 40, 12114)
(179, 90, 12487)
(179, 1, 12959)
(179, 134, 10793)
(179, 131, 6624)
(179, 57, 1131)
(179, 20, 8820)
(179, 147, 21433)
(179, 17, 1122)
(179, 22, 99)
(179, 30, 1282)
(179, 140, 14677)
(179, 175, 20543)
(179, 155, 18938)
(179, 119, 15393)
(179, 36, 21823)
(179, 98, 21512)
(179, 113, 15499)
(179, 70, 7502)
(179, 103, 22281)
(179, 71, 18614)
(179, 66, 20709)
(179, 165, 16411)
(179, 99, 17141)
(179, 136, 19491)
(179, 163, 14832)
(179, 10, 15857)
(179, 170, 19816)
(179, 44, 21588)
(179, 114, 21922)
(179, 82, 12900)
(179, 126, 12046)
(179, 105, 6908)
(179, 102, 9266)
(179, 37, 2809)
(179, 168, 8041)
(179, 24, 23581)
(180, 115, 1237)
(180, 139, 5646)
(180, 130, 1107)
(180, 151, 20415)
(180, 15, 591)
(180, 122, 8644)
(180, 91, 17916)
(180, 21, 11360)
(180, 164, 16711)
(180, 72, 9849)
(180, 14, 21462)
(180, 89, 21450)
(180, 69, 18664)
(180, 175, 23982)
(180, 172, 14792)
(180, 138, 18946)
(180, 0, 19536)
(180, 102, 8689)
(180, 147, 16526)
(180, 140, 22492)
(180, 66, 18289)
(180, 99, 20669)
(180, 4, 23420)
(180, 37, 5817)
(180, 30, 5437)
(180, 173, 16162)
(180, 22, 14946)
(180, 179, 21042)
(180, 110, 2889)
(180, 165, 15538)
(180, 87, 21504)
(180, 71, 10365)
(180, 34, 21413)
(180, 97, 2335)
(180, 129, 5320)
(180, 60, 20422)
(180, 46, 2622)
(180, 36, 13819)
(180, 144, 3229)
(180, 50, 8333)
(180, 35, 16553)
(180, 9, 17390)
(180, 62, 9446)
(180, 161, 14723)
(180, 55, 11073)
(180, 3, 2356)
(180, 100, 21485)
(180, 2, 8447)
(180, 121, 3430)
(180, 1, 23543)
(180, 27, 22512)
(180, 149, 20605)
(180, 171, 5078)
(180, 65, 22064)
(180, 111, 1100)
(180, 51, 19282)
(180, 44, 14887)
(180, 155, 17083)
(180, 52, 16358)
(180, 80, 21653)
(180, 7, 11829)
(180, 98, 17485)
(180, 11, 7001)
(180, 82, 24013)
(180, 77, 17065)
(180, 93, 21037)
(180, 53, 2173)
(180, 109, 7306)
(180, 23, 4771)
(180, 28, 6315)
(180, 61, 21516)
(180, 10, 19328)
(180, 67, 4211)
(180, 81, 24166)
(180, 74, 23877)
(180, 145, 23120)
(180, 76, 8458)
(180, 114, 10517)
(180, 13, 18151)
(180, 5, 24104)
(180, 47, 3771)
(180, 106, 6610)
(180, 29, 4398)
(180, 131, 1504)
(180, 54, 20539)
(180, 12, 3426)
(180, 133, 8975)
(180, 73, 10016)
(180, 136, 18384)
(180, 177, 24702)
(180, 176, 6396)
(180, 88, 4950)
(180, 166, 10864)
(180, 64, 4770)
(180, 19, 7220)
(180, 49, 20461)
(180, 48, 14153)
(180, 58, 23873)
(180, 16, 14007)
(180, 8, 9367)
(180, 38, 6479)
(180, 146, 10013)
(180, 85, 5958)
(180, 41, 3681)
(180, 33, 22322)
(180, 124, 25434)
(180, 108, 12961)
(180, 92, 8708)
(180, 31, 22327)
(180, 20, 23268)
(180, 43, 12686)
(180, 101, 21882)
(180, 127, 9071)
(180, 68, 13634)
(180, 152, 7092)
(180, 18, 24577)
(180, 116, 5519)
(180, 39, 6326)
(180, 32, 19408)
(180, 162, 9645)
(180, 94, 8192)
(180, 86, 15077)
(180, 125, 23850)
(180, 143, 21853)
(180, 117, 14071)
(181, 75, 16244)
(181, 116, 5553)
(181, 134, 18103)
(181, 174, 642)
(181, 169, 13158)
(181, 114, 883)
(181, 77, 1304)
(181, 88, 14016)
(181, 106, 19351)
(181, 66, 8806)
(181, 67, 5577)
(181, 147, 1393)
(181, 124, 4254)
(181, 150, 24627)
(181, 165, 10189)
(181, 83, 2526)
(181, 0, 6590)
(181, 2, 10007)
(181, 104, 9659)
(181, 152, 7619)
(181, 65, 9448)
(181, 53, 5138)
(181, 102, 14812)
(181, 82, 23323)
(181, 32, 21205)
(181, 126, 7224)
(181, 161, 13277)
(181, 85, 25182)
(181, 145, 21792)
(181, 133, 25519)
(181, 14, 1509)
(181, 142, 9047)
(181, 89, 1973)
(181, 31, 7286)
(181, 178, 16456)
(181, 143, 14998)
(181, 13, 9941)
(181, 93, 19321)
(181, 144, 5659)
(181, 154, 25248)
(181, 130, 22611)
(181, 176, 3171)
(181, 138, 8912)
(181, 90, 22244)
(181, 120, 15796)
(181, 94, 4629)
(181, 100, 3107)
(181, 24, 19436)
(181, 107, 6650)
(181, 151, 17809)
(181, 78, 5737)
(181, 98, 9599)
(181, 60, 13505)
(181, 17, 5408)
(181, 129, 25064)
(181, 6, 20881)
(181, 29, 21821)
(181, 15, 23647)
(181, 111, 152)
(181, 123, 5896)
(181, 18, 12300)
(181, 148, 22593)
(181, 79, 5020)
(181, 108, 8898)
(181, 3, 8848)
(181, 56, 21073)
(181, 112, 6043)
(181, 37, 21898)
(181, 12, 17549)
(181, 173, 8621)
(181, 33, 15037)
(181, 136, 19530)
(181, 35, 1368)
(181, 69, 11905)
(181, 22, 6895)
(181, 105, 15838)
(181, 26, 1032)
(181, 163, 14058)
(181, 63, 6752)
(181, 125, 19134)
(181, 119, 22724)
(181, 50, 1527)
(181, 61, 5424)
(181, 117, 8684)
(181, 19, 9235)
(181, 41, 22250)
(181, 166, 2635)
(182, 147, 18257)
(182, 65, 7433)
(182, 89, 14572)
(182, 62, 23353)
(182, 110, 21188)
(182, 64, 21553)
(182, 115, 19344)
(182, 122, 816)
(182, 150, 10530)
(182, 130, 21009)
(183, 0, 6626)
(183, 74, 5753)
(183, 111, 12214)
(183, 73, 11116)
(183, 89, 14657)
(183, 100, 24394)
(183, 66, 23211)
(183, 49, 23228)
(183, 93, 3056)
(183, 122, 13537)
(183, 27, 5050)
(183, 57, 10672)
(183, 176, 9874)
(183, 110, 14487)
(183, 99, 11052)
(183, 127, 23227)
(183, 45, 24912)
(183, 95, 9234)
(183, 158, 18259)
(183, 1, 7219)
(183, 37, 7995)
(183, 80, 10449)
(183, 128, 19528)
(183, 102, 19858)
(183, 136, 19352)
(183, 61, 22376)
(183, 82, 2853)
(183, 165, 11643)
(183, 52, 7248)
(183, 171, 8463)
(183, 113, 6880)
(183, 141, 16798)
(183, 161, 22394)
(183, 3, 5477)
(183, 147, 16719)
(183, 139, 24803)
(183, 137, 17176)
(183, 164, 6436)
(183, 126, 22291)
(183, 54, 17821)
(183, 119, 6896)
(183, 166, 21901)
(183, 135, 16497)
(183, 22, 19628)
(183, 39, 19956)
(183, 155, 10518)
(183, 44, 13302)
(183, 23, 25710)
(183, 172, 24261)
(183, 68, 23130)
(183, 48, 15329)
(183, 18, 6293)
(183, 107, 20282)
(183, 7, 16782)
(183, 105, 3489)
(183, 142, 5074)
(183, 36, 14093)
(183, 38, 170)
(183, 153, 15644)
(183, 83, 17184)
(183, 62, 8794)
(183, 64, 10549)
(183, 76, 3624)
(183, 117, 24406)
(183, 150, 1010)
(183, 33, 8508)
(183, 157, 14532)
(183, 170, 8647)
(183, 42, 18036)
(183, 10, 12963)
(183, 152, 21378)
(183, 98, 7259)
(183, 24, 16233)
(183, 132, 25408)
(183, 134, 20736)
(183, 144, 4640)
(183, 125, 10094)
(183, 28, 1191)
(183, 90, 1137)
(183, 86, 23235)
(183, 87, 9439)
(183, 70, 18523)
(183, 101, 22378)
(183, 13, 9151)
(183, 32, 18445)
(183, 85, 20136)
(183, 14, 16762)
(183, 11, 23385)
(183, 160, 15156)
(183, 108, 25426)
(183, 94, 13179)
(183, 29, 23819)
(183, 58, 9393)
(183, 31, 9360)
(183, 67, 25727)
(183, 96, 18590)
(183, 78, 19593)
(183, 177, 6738)
(183, 130, 9079)
(183, 47, 5591)
(183, 55, 12213)
(183, 56, 20716)
(183, 43, 9068)
(183, 168, 24613)
(183, 79, 18723)
(183, 106, 21235)
(183, 154, 15570)
(183, 109, 6390)
(183, 34, 21772)
(183, 60, 5351)
(183, 71, 3311)
(183, 9, 4418)
(183, 77, 9531)
(183, 19, 15727)
(183, 114, 3991)
(183, 179, 14827)
(183, 118, 5850)
(183, 169, 19250)
(183, 133, 16728)
(183, 84, 13622)
(183, 25, 2128)
(183, 51, 1532)
(183, 53, 23994)
(183, 138, 2286)
(183, 146, 16181)
(183, 91, 25081)
(183, 149, 10119)
(183, 120, 11408)
(183, 63, 1234)
(183, 97, 12249)
(183, 112, 2080)
(183, 121, 20504)
(183, 88, 8642)
(183, 103, 2047)
(183, 156, 12993)
(183, 124, 19079)
(183, 4, 19753)
(183, 35, 18347)
(183, 50, 9432)
(183, 175, 15723)
(183, 115, 2236)
(183, 41, 16965)
(183, 20, 20270)
(183, 17, 3293)
(183, 75, 535)
(183, 6, 23115)
(183, 2, 9145)
(183, 92, 24539)
(183, 182, 9508)
(183, 178, 10538)
(183, 26, 23389)
(183, 12, 4583)
(183, 140, 6651)
(183, 174, 19584)
(183, 30, 9418)
(183, 151, 22003)
(183, 180, 17126)
(183, 163, 19310)
(183, 145, 8213)
(183, 162, 18199)
(183, 159, 14679)
(183, 40, 10246)
(183, 123, 23948)
(183, 65, 7477)
(183, 72, 8923)
(183, 16, 19151)
(183, 148, 17793)
(184, 129, 16514)
(184, 169, 17714)
(184, 180, 1219)
(184, 178, 24183)
(184, 166, 9504)
(184, 3, 20267)
(184, 135, 4040)
(184, 37, 5907)
(184, 145, 4014)
(184, 40, 16178)
(184, 132, 320)
(184, 118, 6063)
(184, 155, 18352)
(184, 152, 17829)
(184, 43, 8723)
(184, 44, 11440)
(184, 138, 8842)
(184, 87, 17653)
(184, 110, 11843)
(184, 62, 17479)
(184, 81, 20957)
(184, 161, 18417)
(184, 86, 1556)
(184, 107, 14066)
(184, 51, 23998)
(184, 149, 20436)
(184, 42, 22079)
(184, 150, 12772)
(184, 35, 22189)
(184, 4, 23207)
(184, 60, 18320)
(184, 78, 16636)
(184, 151, 24495)
(184, 32, 4830)
(184, 122, 24760)
(184, 50, 25284)
(184, 120, 4502)
(184, 15, 22991)
(184, 99, 22444)
(184, 75, 4597)
(184, 128, 8258)
(184, 123, 16706)
(184, 104, 395)
(184, 182, 22207)
(184, 146, 19300)
(184, 21, 435)
(184, 31, 20116)
(184, 177, 17909)
(184, 7, 17230)
(184, 125, 3323)
(184, 74, 9966)
(184, 109, 2310)
(184, 0, 9673)
(184, 39, 1272)
(184, 10, 2774)
(184, 38, 25405)
(184, 58, 18228)
(184, 77, 15908)
(184, 181, 17172)
(184, 88, 16025)
(184, 13, 1765)
(184, 136, 17560)
(184, 89, 1205)
(184, 63, 11150)
(184, 80, 18784)
(184, 26, 4353)
(184, 49, 15240)
(184, 183, 5687)
(184, 153, 11467)
(184, 116, 9278)
(184, 103, 8052)
(184, 28, 16141)
(184, 158, 18674)
(184, 72, 25066)
(184, 6, 16202)
(184, 95, 10254)
(184, 9, 3425)
(184, 172, 7608)
(184, 2, 7508)
(184, 154, 11405)
(184, 112, 5717)
(184, 139, 8905)
(184, 66, 293)
(184, 137, 25220)
(184, 106, 25233)
(184, 67, 361)
(184, 130, 8144)
(184, 174, 22918)
(184, 117, 24941)
(184, 61, 871)
(184, 14, 4860)
(184, 119, 22848)
(184, 19, 2106)
(184, 179, 16486)
(184, 144, 13706)
(184, 111, 13238)
(184, 64, 24476)
(184, 93, 1571)
(184, 53, 19597)
(184, 56, 1549)
(184, 45, 15317)
(184, 126, 16831)
(184, 170, 22700)
(184, 157, 19908)
(184, 84, 2937)
(184, 36, 6350)
(184, 69, 11928)
(184, 27, 18057)
(184, 160, 14653)
(184, 54, 6687)
(184, 82, 20411)
(184, 52, 3146)
(184, 168, 22725)
(184, 98, 11416)
(185, 76, 3676)
(185, 132, 6461)
(185, 90, 10362)
(185, 139, 24022)
(185, 18, 21845)
(185, 17, 7606)
(185, 27, 23444)
(185, 73, 9700)
(185, 160, 3348)
(185, 43, 9362)
(185, 29, 6828)
(185, 5, 25647)
(185, 59, 5390)
(185, 131, 6269)
(185, 142, 3833)
(185, 126, 21024)
(185, 119, 24946)
(185, 77, 11983)
(185, 102, 20010)
(185, 22, 6194)
(185, 183, 15770)
(185, 111, 18341)
(185, 63, 17332)
(185, 174, 17586)
(185, 173, 10642)
(185, 3, 19377)
(185, 42, 4573)
(185, 159, 16328)
(185, 40, 11538)
(185, 158, 22568)
(185, 19, 22961)
(185, 113, 22983)
(185, 149, 18675)
(185, 180, 10125)
(185, 121, 24125)
(185, 169, 14608)
(185, 179, 893)
(185, 15, 23056)
(185, 58, 15803)
(185, 137, 15026)
(185, 33, 9877)
(185, 177, 11838)
(185, 13, 14540)
(185, 8, 16541)
(185, 48, 17234)
(185, 82, 6309)
(185, 165, 13549)
(185, 162, 19759)
(185, 128, 13592)
(185, 56, 22549)
(185, 138, 22752)
(185, 163, 16371)
(185, 164, 23865)
(185, 178, 18354)
(185, 34, 15509)
(185, 127, 9741)
(185, 50, 20241)
(185, 7, 13484)
(185, 125, 2133)
(185, 64, 16650)
(185, 84, 16454)
(185, 100, 18619)
(185, 89, 13420)
(185, 57, 15763)
(185, 20, 2157)
(185, 37, 10940)
(185, 52, 25550)
(185, 99, 8224)
(185, 143, 23368)
(185, 47, 731)
(185, 130, 14312)
(185, 117, 4740)
(185, 104, 16981)
(185, 148, 19756)
(185, 35, 1308)
(185, 66, 932)
(185, 116, 15533)
(185, 103, 11229)
(185, 175, 14041)
(185, 9, 13638)
(185, 122, 15664)
(185, 129, 5141)
(185, 101, 15134)
(185, 30, 19407)
(185, 114, 24067)
(185, 156, 21095)
(185, 106, 10077)
(185, 182, 16010)
(185, 168, 13222)
(185, 153, 11891)
(185, 61, 19080)
(185, 75, 5657)
(185, 25, 18421)
(185, 98, 16626)
(185, 69, 20933)
(185, 32, 9337)
(185, 118, 13073)
(185, 2, 1099)
(185, 39, 7936)
(185, 92, 23090)
(185, 120, 10719)
(185, 81, 11273)
(185, 108, 15695)
(185, 171, 23952)
(185, 62, 249)
(185, 145, 19769)
(185, 112, 6948)
(185, 23, 23653)
(185, 79, 7145)
(185, 60, 16475)
(185, 146, 191)
(185, 155, 22124)
(185, 105, 22274)
(185, 71, 19391)
(185, 44, 18274)
(185, 45, 20471)
(185, 150, 2628)
(185, 24, 8064)
(185, 144, 18302)
(185, 88, 24654)
(185, 170, 19707)
(185, 167, 9045)
(185, 161, 6811)
(185, 51, 9366)
(185, 0, 19288)
(185, 78, 9872)
(185, 36, 23649)
(185, 152, 14033)
(185, 21, 3239)
(185, 166, 11714)
(185, 176, 3809)
(185, 133, 5718)
(185, 140, 20375)
(185, 123, 17617)
(185, 83, 7837)
(185, 70, 7756)
(185, 91, 12630)
(185, 14, 15141)
(185, 107, 6719)
(185, 151, 18403)
(185, 26, 4970)
(185, 54, 4828)
(185, 6, 13791)
(185, 53, 16321)
(185, 136, 680)
(185, 184, 13293)
(186, 140, 12726)
(186, 157, 22123)
(186, 165, 24276)
(186, 145, 10693)
(186, 171, 3554)
(186, 172, 9612)
(186, 167, 3383)
(186, 123, 11450)
(186, 174, 16622)
(186, 156, 18589)
(186, 96, 14877)
(186, 183, 20808)
(186, 135, 14499)
(186, 121, 7514)
(186, 93, 15922)
(186, 113, 22636)
(186, 87, 22946)
(186, 43, 4842)
(186, 116, 5678)
(186, 131, 25298)
(186, 148, 14879)
(186, 26, 20369)
(186, 16, 25360)
(186, 142, 8147)
(186, 61, 1542)
(186, 0, 20088)
(186, 54, 20578)
(186, 11, 11801)
(186, 185, 20357)
(186, 162, 11813)
(186, 57, 19072)
(186, 110, 25361)
(186, 169, 20185)
(186, 114, 1184)
(186, 111, 4736)
(186, 98, 8916)
(186, 115, 625)
(186, 129, 8997)
(186, 32, 9790)
(186, 136, 2744)
(186, 77, 11733)
(186, 147, 5876)
(186, 173, 6204)
(186, 149, 11911)
(186, 179, 98)
(186, 68, 25005)
(186, 94, 4257)
(186, 53, 7698)
(186, 52, 6106)
(186, 103, 19454)
(186, 92, 10175)
(186, 40, 13939)
(186, 63, 19190)
(186, 18, 14929)
(186, 146, 15964)
(186, 59, 3617)
(186, 161, 24561)
(186, 118, 22690)
(186, 120, 3309)
(186, 76, 5550)
(186, 73, 3523)
(186, 62, 6239)
(186, 75, 5200)
(186, 44, 5108)
(186, 108, 20243)
(186, 112, 24145)
(186, 89, 3124)
(186, 177, 10138)
(186, 104, 22020)
(186, 13, 24347)
(186, 79, 18525)
(186, 23, 22046)
(186, 2, 23230)
(186, 166, 12171)
(186, 99, 19684)
(186, 105, 20938)
(186, 127, 16008)
(186, 97, 23894)
(186, 163, 8615)
(186, 50, 17894)
(186, 29, 2648)
(186, 95, 3275)
(186, 101, 15031)
(186, 21, 17432)
(186, 130, 15694)
(186, 22, 12170)
(186, 60, 3924)
(186, 137, 13192)
(186, 91, 22688)
(186, 134, 7038)
(186, 5, 506)
(186, 119, 21646)
(186, 139, 4190)
(186, 46, 3505)
(186, 154, 23741)
(186, 19, 24051)
(186, 69, 2359)
(186, 65, 23926)
(186, 28, 25424)
(186, 106, 9377)
(186, 49, 12656)
(186, 55, 14578)
(186, 153, 22999)
(186, 184, 20441)
(186, 126, 19081)
(186, 109, 22972)
(186, 20, 11595)
(186, 141, 1677)
(186, 58, 6535)
(186, 181, 8168)
(186, 178, 14660)
(186, 180, 23051)
(186, 176, 23445)
(186, 3, 8215)
(186, 138, 6973)
(186, 37, 21351)
(186, 143, 2276)
(186, 39, 17119)
(186, 45, 17378)
(186, 27, 22997)
(186, 100, 20792)
(186, 4, 3119)
(186, 1, 22610)
(186, 31, 3243)
(186, 36, 13581)
(186, 51, 13612)
(186, 81, 21325)
(186, 72, 10536)
(186, 150, 12839)
(186, 41, 9553)
(186, 42, 7206)
(186, 67, 8788)
(186, 182, 698)
(186, 168, 17893)
(186, 74, 12452)
(186, 152, 23621)
(186, 80, 96)
(186, 88, 353)
(186, 128, 5253)
(186, 84, 6323)
(186, 7, 8186)
(186, 47, 13271)
(186, 38, 17984)
(186, 70, 24843)
(186, 86, 19030)
(186, 83, 13879)
(186, 17, 20693)
(186, 48, 7646)
(186, 34, 7814)
(186, 82, 16961)
(186, 170, 4554)
(186, 78, 20233)
(186, 151, 17967)
(186, 64, 12982)
(186, 102, 18142)
(186, 71, 10704)
(186, 175, 11436)
(186, 158, 16873)
(186, 24, 4644)
(186, 107, 307)
(186, 33, 25476)
(186, 132, 16954)
(186, 160, 1175)
(186, 12, 1687)
(186, 25, 1394)
(186, 30, 9726)
(186, 133, 18231)
(186, 35, 11691)
(186, 164, 5263)
(186, 122, 21078)
(186, 124, 10945)
(186, 9, 23423)
(186, 15, 3209)
(186, 155, 4374)
(187, 70, 6901)
(187, 34, 13513)
(187, 63, 5282)
(187, 168, 18368)
(187, 23, 12597)
(187, 132, 14009)
(187, 92, 4934)
(187, 83, 19779)
(187, 74, 13746)
(187, 0, 7538)
(187, 162, 20644)
(187, 2, 25538)
(187, 145, 9595)
(187, 51, 836)
(187, 12, 15877)
(187, 7, 10005)
(187, 113, 15696)
(187, 105, 4324)
(187, 78, 17546)
(187, 154, 17615)
(187, 158, 8331)
(187, 107, 9927)
(187, 134, 10903)
(187, 160, 6773)
(187, 29, 14476)
(187, 25, 3876)
(187, 91, 18856)
(187, 45, 25364)
(187, 164, 18205)
(187, 166, 10653)
(187, 46, 9910)
(187, 142, 24461)
(187, 183, 19669)
(187, 173, 14794)
(187, 93, 18745)
(187, 11, 2453)
(187, 165, 2825)
(187, 79, 17966)
(187, 148, 7403)
(187, 97, 5971)
(187, 14, 11253)
(187, 3, 11348)
(187, 172, 3873)
(187, 80, 13456)
(187, 50, 5055)
(187, 87, 2579)
(187, 89, 18256)
(187, 169, 18280)
(187, 144, 21665)
(187, 106, 1703)
(187, 96, 25675)
(187, 108, 11047)
(187, 136, 5990)
(187, 5, 6706)
(187, 139, 13244)
(187, 37, 25331)
(187, 141, 11260)
(187, 130, 18999)
(187, 81, 8287)
(187, 58, 8695)
(187, 6, 4373)
(187, 163, 7042)
(187, 60, 17212)
(187, 159, 7255)
(187, 152, 14367)
(187, 180, 13719)
(187, 182, 10478)
(187, 41, 9029)
(187, 118, 7941)
(187, 44, 296)
(187, 35, 15210)
(187, 66, 11447)
(187, 156, 6577)
(187, 1, 16152)
(187, 115, 19327)
(187, 62, 10308)
(187, 88, 8865)
(187, 65, 920)
(187, 94, 24569)
(187, 167, 19639)
(187, 111, 18934)
(187, 95, 13200)
(187, 57, 9406)
(187, 104, 5861)
(187, 112, 18379)
(187, 86, 5366)
(187, 43, 5713)
(187, 38, 22176)
(187, 128, 16259)
(187, 16, 13876)
(187, 19, 21137)
(187, 185, 6103)
(187, 149, 9305)
(187, 184, 13624)
(187, 157, 23175)
(187, 56, 12172)
(187, 73, 1798)
(187, 114, 13378)
(187, 127, 14719)
(187, 110, 4487)
(187, 155, 7542)
(187, 143, 4358)
(187, 21, 6467)
(187, 18, 17740)
(187, 171, 10139)
(187, 72, 13239)
(187, 31, 1467)
(187, 131, 5834)
(187, 120, 4999)
(187, 30, 18734)
(187, 186, 12478)
(187, 61, 5521)
(187, 146, 10608)
(187, 59, 25318)
(187, 8, 3000)
(187, 161, 19814)
(187, 4, 13359)
(187, 178, 19867)
(187, 17, 4544)
(187, 99, 14950)
(187, 140, 3636)
(187, 126, 12556)
(187, 123, 23249)
(187, 48, 10284)
(187, 150, 847)
(187, 76, 18309)
(187, 174, 6336)
(187, 67, 5326)
(187, 101, 11331)
(187, 27, 4749)
(187, 137, 4242)
(187, 64, 21976)
(187, 135, 8034)
(187, 9, 9999)
(187, 100, 21963)
(187, 181, 2870)
(187, 39, 21594)
(187, 26, 8214)
(187, 129, 23126)
(187, 147, 9187)
(187, 75, 9480)
(187, 98, 21562)
(188, 105, 14463)
(188, 129, 5142)
(188, 81, 5655)
(188, 184, 4689)
(188, 1, 6511)
(188, 85, 21493)
(188, 168, 2009)
(188, 93, 8692)
(188, 10, 18282)
(188, 114, 6575)
(188, 38, 10500)
(188, 30, 9398)
(188, 146, 3361)
(188, 119, 4540)
(188, 95, 11808)
(188, 187, 12280)
(188, 7, 2741)
(188, 125, 14125)
(188, 64, 10187)
(188, 136, 15216)
(188, 158, 15989)
(188, 36, 21842)
(188, 161, 9562)
(188, 41, 18829)
(188, 124, 4845)
(188, 181, 15502)
(188, 180, 22216)
(188, 138, 19845)
(188, 5, 19550)
(188, 150, 8824)
(188, 39, 5104)
(188, 23, 5956)
(188, 103, 7071)
(188, 169, 11956)
(188, 142, 9817)
(188, 65, 16387)
(188, 86, 14960)
(188, 55, 19658)
(188, 117, 1346)
(188, 42, 5923)
(188, 112, 20568)
(188, 26, 3003)
(188, 11, 19470)
(188, 43, 20777)
(188, 116, 3180)
(188, 59, 14558)
(188, 170, 4790)
(188, 76, 8053)
(188, 101, 11740)
(188, 149, 12225)
(188, 163, 7243)
(188, 75, 13786)
(188, 29, 9946)
(188, 128, 25035)
(188, 94, 14917)
(188, 73, 25618)
(188, 178, 3555)
(188, 111, 8193)
(188, 32, 13274)
(188, 98, 2518)
(188, 88, 4422)
(188, 155, 25493)
(188, 58, 6300)
(188, 100, 6196)
(188, 78, 9957)
(188, 90, 9452)
(188, 45, 23867)
(188, 54, 4577)
(188, 172, 15009)
(188, 156, 12931)
(188, 12, 3434)
(188, 14, 15162)
(188, 133, 21248)
(188, 84, 22033)
(188, 67, 7605)
(188, 121, 10036)
(188, 53, 20770)
(188, 74, 18556)
(188, 20, 11898)
(188, 4, 15130)
(188, 145, 2164)
(188, 0, 25669)
(188, 40, 9422)
(188, 177, 13655)
(188, 132, 22435)
(188, 139, 780)
(188, 49, 23561)
(188, 167, 17029)
(188, 16, 6370)
(188, 92, 1026)
(188, 183, 24326)
(188, 13, 20294)
(188, 87, 22952)
(188, 24, 7161)
(188, 165, 842)
(188, 44, 22701)
(188, 130, 13763)
(188, 120, 9343)
(188, 8, 24624)
(188, 151, 13375)
(188, 37, 1498)
(188, 68, 16638)
(188, 34, 19665)
(188, 118, 17333)
(188, 72, 24833)
(188, 109, 19724)
(188, 61, 12649)
(188, 25, 21142)
(188, 106, 10897)
(188, 2, 18822)
(188, 3, 22497)
(188, 17, 2141)
(188, 104, 22223)
(188, 70, 24652)
(188, 164, 5936)
(188, 28, 1263)
(188, 148, 23499)
(188, 63, 15002)
(188, 140, 4691)
(188, 62, 20416)
(188, 71, 23648)
(188, 9, 14483)
(188, 27, 23631)
(188, 144, 1072)
(188, 46, 9284)
(188, 131, 12421)
(188, 134, 7714)
(188, 69, 15575)
(188, 113, 23822)
(188, 176, 16453)
(188, 102, 21943)
(188, 31, 4305)
(188, 162, 17249)
(188, 99, 8541)
(188, 82, 7441)
(188, 173, 15672)
(188, 171, 6986)
(188, 182, 23)
(188, 52, 22881)
(188, 110, 25722)
(188, 152, 2259)
(188, 97, 18974)
(188, 56, 23147)
(188, 66, 13889)
(188, 60, 24165)
(188, 91, 23881)
(189, 165, 21857)
(189, 20, 6474)
(189, 23, 25386)
(189, 124, 24683)
(189, 30, 5864)
(189, 11, 4973)
(189, 120, 9572)
(189, 63, 21184)
(189, 83, 14909)
(189, 168, 10215)
(189, 173, 21656)
(189, 21, 25027)
(189, 139, 13966)
(189, 94, 12989)
(189, 34, 19191)
(189, 19, 4797)
(189, 44, 24661)
(189, 1, 9828)
(189, 62, 16126)
(189, 177, 23122)
(189, 93, 23546)
(189, 114, 7670)
(189, 51, 6321)
(189, 73, 10495)
(189, 157, 11078)
(189, 86, 9937)
(189, 92, 12003)
(189, 159, 23629)
(189, 164, 8130)
(189, 2, 11796)
(189, 8, 20345)
(189, 87, 9695)
(189, 166, 21741)
(189, 79, 9579)
(189, 149, 2212)
(189, 60, 22586)
(189, 25, 23654)
(189, 16, 25688)
(189, 7, 4966)
(189, 186, 21622)
(189, 56, 23093)
(189, 74, 10997)
(189, 13, 11523)
(189, 182, 17255)
(189, 136, 23439)
(189, 96, 14479)
(189, 0, 21744)
(189, 143, 2593)
(189, 15, 20671)
(189, 91, 3291)
(189, 118, 1090)
(189, 138, 24529)
(189, 153, 22258)
(189, 115, 24143)
(189, 59, 21641)
(189, 174, 3879)
(189, 80, 4863)
(189, 35, 8532)
(189, 38, 11688)
(189, 145, 25209)
(189, 29, 11561)
(189, 111, 14743)
(189, 155, 16717)
(189, 72, 12617)
(189, 161, 17534)
(189, 131, 15593)
(189, 130, 17291)
(189, 18, 22600)
(189, 100, 23665)
(189, 52, 18679)
(190, 53, 3599)
(190, 104, 3027)
(190, 12, 13992)
(190, 94, 24527)
(190, 77, 18272)
(190, 57, 13392)
(190, 143, 5527)
(190, 128, 15945)
(190, 176, 9125)
(190, 105, 18093)
(190, 99, 11063)
(190, 17, 13988)
(190, 189, 17197)
(190, 152, 6183)
(190, 97, 17214)
(190, 98, 14448)
(190, 70, 23863)
(190, 177, 5135)
(190, 60, 14478)
(190, 162, 14688)
(190, 28, 7884)
(190, 150, 23293)
(190, 169, 6216)
(190, 90, 22279)
(190, 123, 17896)
(190, 76, 13816)
(190, 149, 1479)
(190, 54, 2339)
(190, 82, 22449)
(190, 133, 15897)
(190, 81, 16105)
(190, 37, 6253)
(190, 126, 3896)
(190, 16, 13761)
(190, 89, 18553)
(190, 15, 17254)
(190, 55, 22439)
(190, 131, 6451)
(190, 50, 2633)
(190, 44, 8270)
(190, 47, 21692)
(190, 36, 7777)
(190, 45, 7583)
(190, 30, 4048)
(190, 100, 25613)
(190, 91, 24836)
(190, 124, 8836)
(190, 24, 582)
(190, 3, 11086)
(190, 101, 7887)
(190, 0, 18330)
(190, 173, 11132)
(190, 5, 19699)
(190, 181, 23181)
(190, 147, 2190)
(190, 26, 3465)
(190, 61, 21990)
(190, 80, 21674)
(190, 64, 10142)
(191, 175, 14174)
(191, 111, 2673)
(191, 157, 24448)
(191, 97, 1531)
(191, 100, 3457)
(191, 99, 18991)
(191, 77, 15855)
(191, 35, 23394)
(191, 11, 20396)
(191, 42, 3933)
(191, 187, 17709)
(191, 64, 19770)
(191, 65, 1386)
(191, 41, 11732)
(191, 59, 2617)
(191, 2, 10103)
(191, 85, 6877)
(191, 129, 11391)
(191, 68, 22488)
(191, 83, 6824)
(191, 162, 11081)
(191, 5, 8983)
(191, 145, 22769)
(191, 142, 4840)
(191, 54, 21403)
(191, 28, 5949)
(191, 135, 4168)
(191, 121, 553)
(191, 185, 7455)
(191, 71, 2394)
(191, 132, 6636)
(191, 57, 10053)
(191, 182, 11914)
(191, 122, 20537)
(191, 1, 22615)
(191, 8, 11258)
(191, 103, 2519)
(191, 67, 15975)
(191, 44, 25353)
(191, 140, 24841)
(191, 118, 4501)
(191, 158, 25483)
(191, 87, 23348)
(191, 84, 22006)
(191, 149, 13983)
(191, 32, 22719)
(191, 69, 10015)
(191, 52, 17314)
(191, 110, 4478)
(191, 161, 5666)
(191, 24, 17414)
(191, 128, 2837)
(191, 43, 21071)
(192, 33, 6201)
(192, 150, 13688)
(192, 92, 12828)
(192, 153, 151)
(192, 49, 6283)
(192, 64, 15024)
(192, 87, 25334)
(192, 2, 24070)
(192, 127, 9526)
(192, 114, 12499)
(192, 34, 17596)
(192, 191, 24297)
(192, 169, 10168)
(192, 159, 19650)
(192, 21, 2655)
(192, 157, 5654)
(192, 148, 3077)
(192, 30, 16624)
(192, 158, 23916)
(192, 140, 858)
(192, 76, 19611)
(192, 70, 1597)
(192, 178, 470)
(192, 154, 16943)
(192, 53, 3451)
(192, 6, 2262)
(192, 120, 6912)
(192, 134, 8019)
(192, 1, 18650)
(192, 129, 19369)
(192, 52, 1217)
(192, 133, 6708)
(192, 72, 644)
(192, 88, 9727)
(192, 147, 10952)
(192, 82, 14748)
(192, 4, 15436)
(192, 112, 15875)
(192, 163, 18939)
(192, 60, 8248)
(192, 54, 18940)
(192, 139, 25440)
(192, 171, 11059)
(192, 20, 10380)
(192, 74, 3114)
(192, 28, 10361)
(192, 41, 24088)
(192, 0, 20852)
(192, 19, 3508)
(192, 149, 21554)
(192, 89, 6037)
(192, 14, 22843)
(192, 138, 14482)
(192, 18, 15201)
(192, 118, 21564)
(192, 190, 12902)
(192, 47, 14738)
(192, 98, 23690)
(192, 141, 19526)
(192, 16, 9813)
(192, 12, 19425)
(192, 155, 20393)
(193, 3, 12838)
(193, 10, 14360)
(193, 136, 3569)
(193, 176, 22091)
(193, 22, 18987)
(193, 60, 14615)
(193, 180, 16363)
(193, 177, 11788)
(193, 83, 618)
(193, 37, 6139)
(193, 75, 22416)
(193, 118, 19637)
(193, 104, 7185)
(193, 20, 17685)
(193, 70, 23524)
(193, 140, 2832)
(193, 9, 19168)
(193, 15, 17048)
(193, 8, 20221)
(193, 126, 16745)
(193, 113, 5991)
(193, 178, 12388)
(193, 190, 17489)
(193, 135, 23677)
(193, 36, 22273)
(193, 150, 14322)
(193, 120, 8358)
(193, 28, 20681)
(193, 142, 12621)
(193, 108, 975)
(193, 54, 22380)
(193, 110, 14591)
(193, 116, 8944)
(193, 78, 2015)
(193, 127, 9715)
(193, 157, 25480)
(193, 86, 6826)
(193, 101, 5730)
(193, 97, 11176)
(193, 45, 22167)
(193, 152, 13542)
(193, 39, 10576)
(193, 13, 10707)
(193, 165, 6980)
(193, 42, 8910)
(193, 87, 25175)
(193, 112, 22727)
(193, 55, 9530)
(193, 186, 24544)
(193, 175, 1012)
(193, 4, 2263)
(193, 129, 4359)
(193, 167, 12491)
(193, 96, 691)
(193, 121, 25462)
(193, 62, 13129)
(193, 133, 21080)
(193, 106, 14733)
(193, 27, 25390)
(193, 149, 19036)
(193, 139, 8766)
(193, 26, 2293)
(193, 17, 6000)
(193, 31, 20062)
(193, 107, 15955)
(193, 184, 18836)
(193, 93, 4701)
(193, 88, 3224)
(193, 169, 20534)
(193, 172, 4654)
(193, 1, 4490)
(193, 89, 9220)
(193, 46, 20642)
(193, 122, 12939)
(193, 95, 16461)
(193, 80, 4091)
(193, 134, 25435)
(193, 138, 20326)
(193, 34, 10887)
(193, 35, 24604)
(193, 124, 7345)
(193, 19, 5712)
(193, 137, 10343)
(193, 145, 1875)
(193, 163, 10522)
(193, 109, 3557)
(193, 51, 8165)
(193, 168, 5051)
(193, 82, 16811)
(193, 98, 25703)
(193, 188, 10738)
(193, 12, 21122)
(193, 73, 5837)
(193, 76, 11686)
(193, 30, 20044)
(193, 38, 15661)
(193, 144, 7969)
(193, 47, 15844)
(193, 146, 21506)
(193, 128, 5728)
(193, 159, 6573)
(193, 65, 11271)
(193, 44, 21214)
(193, 91, 16549)
(193, 43, 9458)
(193, 185, 7984)
(193, 117, 15780)
(193, 77, 10601)
(193, 192, 2269)
(193, 100, 17326)
(193, 59, 3071)
(193, 143, 24737)
(193, 191, 11227)
(193, 11, 12890)
(193, 81, 24576)
(193, 103, 2923)
(193, 92, 5333)
(193, 63, 25487)
(193, 166, 15944)
(193, 162, 12025)
(193, 14, 22157)
(193, 187, 13435)
(193, 174, 17609)
(193, 131, 15421)
(193, 148, 11831)
(193, 0, 13398)
(193, 111, 6540)
(193, 79, 1406)
(193, 40, 14230)
(193, 160, 17935)
(193, 52, 14631)
(193, 50, 2768)
(193, 6, 18378)
(193, 94, 399)
(193, 53, 10235)
(193, 58, 6014)
(193, 56, 11135)
(193, 23, 317)
(193, 67, 16002)
(193, 182, 10698)
(193, 33, 14140)
(193, 68, 22986)
(193, 61, 17914)
(193, 71, 17877)
(193, 57, 11441)
(193, 170, 16895)
(193, 102, 9349)
(193, 25, 3816)
(193, 161, 2042)
(193, 141, 20438)
(193, 114, 19752)
(193, 115, 5197)
(193, 164, 20994)
(193, 189, 4709)
(193, 155, 5499)
(193, 7, 341)
(193, 2, 25118)
(193, 147, 17652)
(193, 132, 25157)
(193, 5, 17058)
(193, 74, 8685)
(193, 66, 7543)
(194, 109, 4101)
(194, 30, 7305)
(194, 63, 18436)
(194, 100, 8574)
(194, 32, 12978)
(194, 149, 20032)
(194, 20, 9646)
(194, 146, 22791)
(194, 7, 7127)
(194, 145, 8362)
(194, 53, 12755)
(194, 95, 19292)
(194, 49, 4900)
(194, 142, 21580)
(194, 92, 5240)
(194, 157, 10725)
(194, 127, 6366)
(194, 4, 7835)
(194, 11, 4927)
(194, 96, 15700)
(194, 94, 13947)
(194, 184, 11762)
(194, 93, 8274)
(194, 82, 18318)
(194, 132, 6111)
(194, 80, 3614)
(194, 150, 13705)
(194, 133, 15078)
(194, 177, 14072)
(194, 189, 8675)
(194, 181, 10531)
(194, 55, 4057)
(194, 182, 5943)
(194, 158, 20729)
(194, 90, 237)
(194, 107, 2296)
(194, 178, 11121)
(194, 130, 294)
(194, 2, 14745)
(194, 26, 22261)
(194, 46, 1639)
(194, 69, 23518)
(194, 179, 13446)
(194, 85, 24259)
(194, 44, 18737)
(194, 108, 2783)
(194, 81, 16812)
(194, 172, 15398)
(194, 86, 4065)
(194, 186, 8061)
(194, 138, 2116)
(194, 169, 20244)
(194, 125, 12833)
(194, 73, 9543)
(194, 54, 8133)
(194, 56, 22016)
(194, 31, 24709)
(194, 76, 9188)
(194, 22, 6793)
(194, 153, 94)
(194, 159, 2665)
(194, 129, 6934)
(194, 45, 8142)
(194, 42, 20725)
(194, 24, 20998)
(194, 67, 4991)
(194, 52, 12123)
(194, 188, 13773)
(194, 156, 4618)
(194, 121, 12070)
(194, 83, 3050)
(194, 105, 16599)
(194, 101, 6863)
(194, 5, 20248)
(194, 116, 16176)
(194, 143, 3158)
(194, 170, 12578)
(194, 137, 9697)
(194, 51, 11287)
(194, 120, 13572)
(194, 34, 21435)
(194, 77, 10369)
(194, 114, 6413)
(194, 68, 17771)
(194, 112, 8042)
(194, 103, 23657)
(194, 37, 21090)
(194, 106, 15811)
(194, 64, 24612)
(194, 9, 3806)
(194, 162, 950)
(194, 61, 11110)
(194, 165, 7134)
(194, 6, 18389)
(194, 48, 5064)
(194, 115, 22633)
(194, 28, 720)
(194, 97, 6128)
(194, 167, 9351)
(194, 185, 12442)
(194, 19, 10313)
(194, 151, 10977)
(194, 160, 17464)
(194, 126, 25713)
(194, 58, 8348)
(194, 15, 6403)
(194, 168, 16091)
(194, 79, 11931)
(194, 23, 5484)
(194, 41, 15411)
(194, 144, 14969)
(194, 152, 1385)
(194, 193, 5948)
(194, 99, 12371)
(194, 75, 195)
(194, 104, 16738)
(194, 161, 11641)
(194, 166, 12633)
(194, 175, 7511)
(194, 59, 24059)
(194, 128, 16104)
(194, 110, 24607)
(194, 27, 18832)
(194, 122, 23507)
(194, 62, 11583)
(194, 139, 199)
(194, 10, 19715)
(194, 0, 951)
(194, 1, 9876)
(194, 43, 11008)
(194, 8, 2065)
(194, 118, 17011)
(194, 29, 8952)
(194, 87, 16704)
(194, 123, 794)
(194, 70, 22269)
(194, 98, 20124)
(194, 119, 24845)
(194, 89, 23146)
(194, 39, 6428)
(194, 192, 24951)
(194, 74, 3904)
(194, 3, 20153)
(194, 183, 10567)
(194, 38, 19142)
(194, 191, 22933)
(194, 72, 15692)
(194, 163, 8722)
(194, 50, 10759)
(194, 78, 22099)
(194, 102, 9847)
(194, 60, 14101)
(194, 136, 20769)
(194, 17, 9925)
(194, 65, 18929)
(194, 124, 7976)
(194, 174, 22185)
(194, 176, 21242)
(194, 57, 14942)
(194, 88, 7037)
(194, 47, 3625)
(194, 134, 9974)
(194, 148, 1990)
(194, 135, 23166)
(194, 21, 2927)
(194, 155, 18139)
(194, 131, 12019)
(194, 111, 10383)
(194, 40, 16228)
(194, 117, 20746)
(194, 13, 7289)
(194, 190, 15253)
(194, 35, 20586)
(194, 91, 2560)
(194, 154, 4846)
(194, 71, 25650)
(194, 187, 12145)
(194, 140, 18544)
(194, 113, 5215)
(194, 33, 18079)
(195, 173, 20935)
(195, 153, 18288)
(195, 151, 15345)
(195, 146, 1707)
(195, 123, 16291)
(195, 56, 11022)
(195, 111, 3153)
(195, 77, 12138)
(195, 23, 25067)
(195, 20, 15658)
(195, 41, 16032)
(195, 68, 14753)
(195, 6, 3776)
(195, 50, 626)
(195, 27, 24594)
(195, 81, 12604)
(195, 85, 19567)
(195, 183, 23722)
(195, 127, 14397)
(195, 14, 2931)
(195, 186, 6246)
(195, 166, 10834)
(195, 98, 22249)
(195, 102, 461)
(195, 101, 24890)
(195, 99, 14860)
(195, 124, 12770)
(195, 42, 3282)
(195, 10, 4191)
(195, 145, 11923)
(195, 91, 24805)
(195, 132, 10558)
(195, 22, 21912)
(195, 87, 20067)
(195, 109, 23167)
(195, 9, 16754)
(195, 144, 5771)
(195, 158, 6385)
(195, 4, 21994)
(195, 120, 23791)
(195, 190, 7878)
(195, 125, 4451)
(195, 147, 10067)
(195, 63, 5201)
(195, 19, 7718)
(195, 93, 19034)
(195, 35, 5163)
(195, 112, 17187)
(195, 179, 5398)
(195, 53, 1550)
(195, 156, 7601)
(195, 61, 9895)
(195, 137, 4588)
(195, 88, 21950)
(195, 65, 10947)
(195, 128, 13153)
(195, 83, 6961)
(195, 157, 22132)
(195, 38, 14758)
(195, 187, 1045)
(195, 184, 17592)
(195, 104, 17523)
(195, 159, 22709)
(195, 119, 3682)
(195, 45, 10372)
(195, 126, 9802)
(195, 138, 24054)
(195, 60, 12951)
(195, 131, 14525)
(195, 24, 17599)
(195, 175, 14162)
(195, 116, 9973)
(195, 51, 8976)
(195, 117, 6036)
(195, 21, 4188)
(195, 54, 18321)
(195, 59, 20155)
(195, 25, 8810)
(195, 172, 1897)
(195, 90, 4311)
(195, 66, 25577)
(195, 78, 21489)
(195, 13, 25594)
(195, 164, 5080)
(195, 82, 15920)
(195, 118, 14862)
(195, 97, 14986)
(195, 1, 23929)
(195, 89, 23308)
(195, 191, 11580)
(195, 33, 23265)
(195, 105, 12559)
(195, 48, 19625)
(195, 28, 18416)
(195, 17, 11234)
(195, 155, 19774)
(195, 178, 8187)
(195, 16, 4656)
(195, 80, 2596)
(195, 121, 23755)
(195, 103, 17667)
(195, 169, 21866)
(195, 49, 23846)
(195, 96, 9098)
(195, 174, 8202)
(195, 142, 24380)
(195, 107, 22945)
(195, 194, 3797)
(195, 140, 17726)
(195, 94, 24057)
(195, 32, 12608)
(195, 163, 3497)
(195, 182, 22850)
(195, 122, 144)
(195, 29, 16648)
(195, 12, 16124)
(195, 71, 20358)
(195, 110, 14179)
(195, 79, 25308)
(195, 185, 9852)
(195, 34, 7746)
(195, 73, 23625)
(195, 176, 1478)
(195, 181, 19233)
(195, 114, 24693)
(195, 171, 17838)
(195, 26, 4542)
(195, 37, 16383)
(195, 160, 2279)
(195, 0, 9997)
(195, 136, 11290)
(195, 31, 21705)
(195, 162, 25104)
(195, 129, 3988)
(195, 152, 24689)
(195, 74, 20443)
(195, 5, 19153)
(195, 30, 10521)
(195, 165, 14020)
(195, 108, 22035)
(195, 18, 13117)
(195, 193, 21736)
(195, 44, 18406)
(195, 95, 3175)
(195, 36, 2274)
(195, 2, 16645)
(195, 139, 11620)
(195, 43, 6028)
(195, 188, 17694)
(195, 39, 6162)
(195, 8, 18854)
(195, 134, 895)
(195, 76, 24651)
(195, 52, 13439)
(195, 161, 10385)
(195, 135, 13256)
(195, 143, 17211)
(195, 150, 24052)
(195, 15, 3427)
(195, 170, 10479)
(195, 192, 1511)
(195, 180, 19077)
(195, 177, 17102)
(195, 86, 23525)
(195, 46, 2102)
(195, 167, 21519)
(195, 67, 14645)
(195, 75, 18516)
(195, 130, 25032)
(195, 148, 19448)
(195, 84, 6669)
(195, 92, 7177)
(195, 115, 12008)
(195, 47, 6928)
(195, 154, 6503)
(195, 149, 25540)
(195, 7, 11506)
(195, 57, 16893)
(195, 168, 1554)
(196, 132, 16147)
(196, 191, 22737)
(196, 173, 23452)
(196, 111, 11346)
(196, 65, 11742)
(196, 133, 12250)
(196, 192, 2029)
(196, 163, 15165)
(196, 3, 585)
(196, 70, 16088)
(196, 18, 24892)
(196, 190, 8968)
(196, 145, 3412)
(196, 55, 5435)
(196, 104, 23531)
(196, 181, 19500)
(196, 30, 4922)
(196, 12, 17427)
(196, 82, 9744)
(196, 184, 22106)
(196, 110, 3010)
(196, 31, 9665)
(196, 26, 4137)
(196, 143, 2669)
(196, 135, 15629)
(196, 120, 5098)
(196, 153, 15686)
(196, 14, 10038)
(196, 176, 4592)
(196, 1, 5372)
(196, 20, 8079)
(196, 43, 14511)
(196, 126, 4779)
(196, 171, 1232)
(196, 95, 12716)
(196, 48, 2804)
(196, 91, 16108)
(196, 24, 16712)
(196, 152, 5360)
(196, 106, 19682)
(196, 4, 23640)
(196, 72, 16356)
(196, 161, 10056)
(196, 168, 19455)
(197, 165, 9329)
(197, 33, 5132)
(197, 184, 7973)
(197, 1, 19156)
(197, 22, 22263)
(197, 196, 11452)
(197, 74, 17883)
(197, 143, 22571)
(197, 84, 17571)
(197, 14, 2338)
(197, 47, 2787)
(197, 179, 1187)
(197, 25, 23781)
(197, 130, 3399)
(197, 144, 3250)
(197, 28, 2303)
(197, 79, 2921)
(197, 17, 5344)
(197, 185, 21281)
(197, 83, 11108)
(197, 147, 5804)
(197, 153, 10908)
(197, 122, 20283)
(197, 92, 13528)
(197, 96, 488)
(197, 26, 9075)
(197, 154, 6517)
(197, 150, 13767)
(197, 67, 7804)
(197, 88, 4056)
(197, 139, 6498)
(197, 177, 23588)
(197, 24, 21191)
(197, 21, 13623)
(197, 186, 1729)
(197, 99, 21770)
(197, 59, 22413)
(197, 45, 5740)
(197, 151, 312)
(197, 161, 24313)
(197, 113, 6927)
(197, 43, 16268)
(197, 190, 17320)
(197, 191, 17953)
(197, 117, 15809)
(197, 173, 10341)
(197, 82, 7448)
(197, 19, 14321)
(197, 49, 8378)
(197, 124, 22693)
(197, 168, 24728)
(197, 77, 1052)
(197, 40, 23205)
(197, 187, 16783)
(197, 63, 21064)
(197, 171, 10666)
(197, 193, 15029)
(197, 80, 4415)
(197, 42, 5785)
(197, 146, 2515)
(197, 64, 10973)
(197, 37, 4512)
(197, 188, 13384)
(197, 31, 4522)
(197, 181, 17219)
(197, 137, 3253)
(197, 107, 7493)
(197, 62, 20496)
(197, 70, 6599)
(197, 110, 2033)
(197, 12, 6220)
(197, 114, 14780)
(197, 55, 17113)
(197, 129, 6038)
(197, 13, 18122)
(197, 126, 24916)
(197, 163, 2403)
(197, 127, 15762)
(198, 118, 7407)
(198, 86, 13322)
(198, 1, 24809)
(198, 19, 12472)
(198, 46, 22375)
(198, 50, 25645)
(198, 72, 11479)
(198, 10, 7565)
(198, 108, 18615)
(198, 116, 20431)
(198, 65, 14248)
(198, 34, 11908)
(198, 161, 2674)
(198, 35, 12540)
(198, 12, 5890)
(198, 64, 15746)
(198, 196, 6641)
(198, 179, 7838)
(198, 70, 21156)
(198, 97, 17090)
(198, 183, 6477)
(198, 177, 11567)
(198, 79, 2790)
(198, 38, 17263)
(198, 154, 10788)
(198, 61, 4885)
(198, 178, 2147)
(198, 117, 22209)
(198, 102, 6840)
(198, 52, 9618)
(198, 76, 23141)
(198, 29, 16142)
(198, 57, 6558)
(198, 129, 17307)
(198, 175, 19135)
(198, 18, 6279)
(198, 122, 9564)
(198, 85, 747)
(198, 4, 24021)
(198, 147, 1836)
(198, 133, 18529)
(198, 107, 8930)
(198, 106, 10602)
(198, 187, 13539)
(198, 180, 20710)
(198, 149, 24386)
(198, 125, 1758)
(198, 82, 16335)
(198, 174, 24935)
(198, 136, 13054)
(198, 109, 14570)
(198, 127, 1410)
(198, 98, 3115)
(198, 104, 14764)
(198, 16, 15978)
(198, 121, 18637)
(198, 60, 12541)
(198, 168, 21125)
(198, 153, 22313)
(198, 111, 7792)
(198, 77, 24784)
(198, 5, 6)
(198, 112, 12564)
(198, 11, 24666)
(198, 41, 14266)
(198, 100, 23823)
(198, 36, 2994)
(198, 54, 15960)
(198, 67, 23030)
(198, 181, 23195)
(198, 78, 16546)
(198, 40, 20223)
(198, 84, 5172)
(198, 142, 3910)
(198, 150, 7581)
(198, 128, 5286)
(198, 88, 13515)
(198, 71, 12455)
(198, 0, 3109)
(198, 74, 378)
(198, 55, 7165)
(198, 92, 13666)
(198, 63, 12587)
(198, 166, 9959)
(198, 33, 24894)
(198, 14, 900)
(198, 9, 2978)
(198, 81, 612)
(198, 167, 19267)
(198, 132, 21155)
(198, 56, 25596)
(198, 62, 6501)
(198, 21, 18969)
(198, 140, 20616)
(198, 152, 15395)
(198, 89, 6241)
(198, 119, 24897)
(198, 90, 9014)
(198, 190, 3437)
(198, 191, 12517)
(198, 3, 5707)
(198, 23, 1277)
(198, 51, 1341)
(198, 80, 24572)
(198, 103, 19058)
(198, 7, 12603)
(198, 47, 2125)
(198, 157, 1485)
(198, 105, 10765)
(198, 158, 20562)
(198, 197, 14077)
(198, 186, 9886)
(198, 162, 14902)
(198, 131, 1866)
(198, 169, 20266)
(199, 83, 278)
(199, 134, 2589)
(199, 158, 20453)
(199, 174, 16726)
(199, 96, 23898)
(199, 38, 12865)
(199, 142, 14126)
(199, 197, 7701)
(199, 198, 19654)
(199, 104, 9051)
(199, 113, 2761)
(199, 135, 6750)
(199, 36, 6369)
(199, 90, 6207)
(199, 183, 452)
(199, 95, 8294)
(199, 182, 7727)
(199, 114, 1348)
(199, 72, 3603)
(199, 189, 23201)
(199, 65, 8418)
(199, 145, 21893)
(199, 39, 4839)
(199, 26, 10435)
(199, 37, 20198)
(199, 144, 484)
(199, 117, 9137)
(199, 51, 12569)
(199, 25, 25406)
(199, 66, 18170)
(199, 178, 23919)
(199, 30, 7707)
(199, 10, 8058)
(199, 154, 10992)
(199, 165, 18286)
(199, 0, 16458)
(199, 97, 15097)
(199, 22, 17823)
(199, 58, 19607)
(199, 188, 11556)
(199, 169, 25555)
(199, 34, 19371)
(199, 187, 17516)
(199, 46, 24198)
(199, 190, 7982)
(199, 139, 9614)
(199, 23, 6494)
(199, 19, 13723)
(199, 109, 11749)
(199, 191, 3337)
(199, 20, 13443)
(199, 121, 7547)
(199, 92, 2554)
(199, 163, 256)
(199, 166, 8729)
(199, 150, 5115)
(199, 141, 20058)
(199, 86, 21843)
(199, 184, 22472)
(199, 54, 697)
(199, 44, 189)
(199, 130, 8799)
(199, 173, 18169)
(199, 79, 8914)
(199, 82, 15568)
(199, 120, 12096)
(199, 48, 10294)
(199, 133, 20821)
(199, 88, 23574)
(199, 15, 16374)
(199, 7, 273)
(199, 151, 20632)
(199, 69, 2154)
(199, 131, 24846)
(199, 195, 5534)
(199, 192, 147)
(199, 35, 21247)
(199, 68, 1031)
(199, 6, 20473)
(199, 85, 11183)
(199, 93, 3593)
(199, 13, 11384)
(199, 77, 11977)
(199, 101, 19544)
(199, 31, 25621)
(199, 146, 14355)
(199, 9, 20682)
(199, 136, 21955)
(199, 125, 25427)
(199, 53, 10059)
(199, 118, 19757)
(199, 106, 11295)
(199, 181, 17382)
(199, 159, 23194)
(199, 143, 2631)
(199, 186, 16499)
(199, 8, 3664)
(199, 75, 23151)
(199, 60, 21521)
(199, 74, 21084)
(199, 103, 17677)
(199, 3, 707)
(199, 21, 3016)
(199, 33, 25333)
(199, 29, 1189)
(199, 167, 17076)
(199, 81, 23790)
(199, 164, 2630)
(199, 105, 22321)
(199, 127, 16427)
(199, 99, 5808)
(199, 71, 2915)
(199, 153, 22613)
(199, 11, 24628)
(199, 148, 1180)
(199, 59, 8207)
(199, 137, 14003)
(199, 4, 5490)
(199, 138, 16160)
(199, 115, 7598)
(199, 100, 1036)
(199, 116, 10860)
(199, 129, 24817)
(199, 52, 19026)
(199, 94, 19074)
(199, 24, 11352)
(199, 152, 1835)
(199, 124, 18121)
(199, 18, 20565)
(199, 49, 25326)
(199, 156, 5757)
(199, 84, 20148)
(199, 1, 11713)
(199, 180, 9664)
(199, 50, 19693)
(199, 140, 5379)
(199, 47, 21135)
(199, 78, 10505)
(199, 56, 24509)
(199, 128, 25517)
(199, 112, 3088)
(199, 17, 2613)
(199, 171, 15590)
(199, 40, 20154)
(199, 16, 4426)
(199, 28, 22499)
(199, 70, 7039)
(199, 147, 12188)
(199, 107, 21484)
(199, 155, 8283)
(199, 194, 2315)
(199, 177, 17031)
(199, 89, 16021)
(199, 98, 22861)
(199, 162, 1396)
(199, 87, 4464)
(199, 111, 8386)
(199, 64, 3433)
(199, 32, 8724)
(200, 104, 7456)
(200, 23, 24127)
(200, 184, 2740)
(200, 112, 16063)
(200, 50, 878)
(200, 92, 3462)
(200, 43, 24179)
(200, 196, 5554)
(200, 80, 23340)
(200, 194, 5751)
(200, 110, 16332)
(200, 138, 3960)
(200, 73, 7848)
(200, 84, 3626)
(200, 117, 11492)
(200, 147, 7359)
(200, 36, 18569)
(200, 45, 4631)
(200, 139, 2441)
(200, 135, 14935)
(200, 195, 20004)
(200, 181, 12369)
(200, 107, 16753)
(200, 87, 21491)
(200, 149, 13941)
(200, 129, 25744)
(200, 189, 25195)
(200, 146, 6166)
(200, 97, 11162)
(200, 59, 8855)
(200, 136, 16165)
(200, 106, 6832)
(200, 105, 1528)
(200, 142, 24753)
(200, 116, 4292)
(200, 6, 4707)
(200, 19, 15535)
(200, 1, 23296)
(200, 179, 21061)
(200, 56, 20625)
(200, 10, 5042)
(200, 8, 3860)
(200, 58, 12475)
(200, 79, 2169)
(200, 70, 15157)
(200, 2, 17223)
(200, 26, 14207)
(200, 94, 21811)
(200, 120, 1245)
(200, 82, 15885)
(200, 32, 3144)
(200, 40, 9908)
(200, 71, 12334)
(200, 171, 6060)
(200, 173, 16085)
(200, 0, 17813)
(200, 48, 20120)
(200, 35, 9208)
(200, 141, 4602)
(200, 190, 14989)
(200, 197, 8854)
(200, 42, 13291)
(200, 22, 7624)
(200, 182, 23387)
(200, 143, 13959)
(200, 123, 9689)
(200, 83, 23988)
(200, 7, 2257)
(200, 178, 25616)
(200, 38, 16888)
(200, 9, 20569)
(200, 115, 21849)
(200, 66, 15196)
(200, 124, 10661)
(200, 126, 9373)
(200, 96, 11789)
(200, 30, 1541)
(200, 183, 9743)
(200, 187, 21840)
(200, 101, 16092)
(200, 24, 2640)
(200, 186, 19539)
(200, 161, 5594)
(200, 158, 6070)
(200, 166, 4680)
(200, 13, 20346)
(200, 34, 23708)
(200, 47, 13831)
(200, 151, 19747)
(200, 39, 16392)
(200, 69, 10816)
(200, 156, 13662)
(200, 61, 4145)
(200, 90, 17541)
(200, 53, 21437)
(200, 172, 21283)
(200, 169, 13844)
(200, 119, 18115)
(200, 5, 11090)
(200, 100, 22671)
(200, 52, 15816)
(200, 37, 8988)
(200, 163, 12263)
(200, 148, 8513)
(200, 177, 1825)
(200, 27, 2077)
(200, 168, 6769)
(200, 44, 15938)
(200, 152, 5443)
(200, 137, 1106)
(200, 67, 7818)
(200, 41, 18825)
(200, 154, 4394)
(200, 134, 6394)
(200, 12, 7346)
(200, 57, 11193)
(200, 31, 4714)
(200, 114, 7659)
(200, 93, 2390)
(200, 198, 7194)
(200, 15, 19580)
(200, 64, 25449)
(200, 46, 2174)
(200, 160, 25443)
(200, 17, 11367)
(200, 3, 4089)
(200, 121, 12066)
(200, 55, 376)
(200, 133, 16521)
(200, 65, 9986)
(200, 140, 4463)
(200, 118, 21088)
(200, 28, 10490)
(200, 85, 4414)
(200, 113, 22220)
(200, 155, 13969)
(200, 60, 4264)
(200, 91, 15817)
(200, 4, 1627)
(200, 193, 14681)
(200, 49, 7706)
(200, 159, 3294)
(200, 74, 15725)
(200, 150, 16627)
(200, 153, 7054)
(200, 54, 21416)
(201, 142, 13393)
(201, 132, 4925)
(201, 42, 7095)
(201, 106, 13404)
(201, 168, 20249)
(201, 120, 14742)
(201, 151, 17527)
(201, 29, 3947)
(201, 182, 678)
(201, 91, 10234)
(201, 105, 22147)
(201, 60, 3741)
(201, 11, 20889)
(201, 107, 2020)
(201, 170, 16803)
(201, 38, 13598)
(201, 24, 20463)
(201, 174, 4443)
(201, 35, 5319)
(201, 178, 15357)
(201, 150, 12835)
(201, 70, 4729)
(201, 94, 10356)
(201, 30, 23971)
(201, 143, 17857)
(201, 126, 9143)
(201, 43, 9522)
(201, 8, 1643)
(201, 179, 976)
(201, 90, 21546)
(201, 74, 8576)
(201, 57, 3915)
(201, 159, 8297)
(201, 118, 9118)
(201, 78, 1015)
(201, 154, 1222)
(201, 63, 7100)
(201, 47, 20344)
(201, 100, 9739)
(201, 80, 14421)
(201, 103, 2524)
(201, 66, 4170)
(201, 37, 19055)
(201, 113, 9447)
(201, 165, 7521)
(201, 111, 5268)
(201, 12, 1864)
(201, 109, 17562)
(201, 75, 18930)
(201, 19, 3575)
(201, 186, 3123)
(201, 15, 9261)
(201, 61, 6339)
(201, 193, 13728)
(201, 6, 7922)
(201, 122, 12659)
(201, 92, 14104)
(201, 22, 1233)
(201, 167, 2452)
(201, 10, 23896)
(201, 98, 5793)
(201, 64, 13121)
(201, 129, 23810)
(201, 145, 11055)
(201, 141, 3556)
(201, 20, 8311)
(201, 117, 11802)
(201, 85, 20286)
(201, 189, 21833)
(201, 67, 4158)
(201, 77, 20833)
(201, 36, 10566)
(201, 79, 6807)
(201, 199, 22351)
(201, 148, 17892)
(201, 62, 31)
(201, 21, 9652)
(201, 169, 23696)
(201, 133, 15409)
(201, 40, 8694)
(201, 177, 13013)
(201, 140, 24838)
(201, 58, 16863)
(201, 26, 9178)
(201, 162, 11419)
(201, 28, 12414)
(201, 3, 17722)
(201, 110, 3494)
(201, 137, 19129)
(201, 114, 25674)
(201, 31, 25192)
(201, 155, 18152)
(201, 99, 456)
(201, 157, 2436)
(201, 95, 10047)
(201, 89, 20717)
(201, 176, 18990)
(201, 72, 22763)
(201, 32, 4824)
(201, 2, 7469)
(201, 1, 14453)
(201, 183, 4855)
(201, 195, 22640)
(201, 45, 21478)
(201, 185, 18171)
(201, 44, 20979)
(201, 17, 24768)
(201, 180, 6777)
(201, 149, 4412)
(201, 104, 20161)
(201, 130, 10027)
(201, 97, 15853)
(201, 53, 23415)
(201, 84, 6924)
(201, 181, 9336)
(201, 4, 17080)
(201, 25, 2142)
(201, 196, 11375)
(201, 191, 6133)
(201, 197, 7352)
(201, 68, 21278)
(201, 135, 11994)
(201, 39, 22377)
(201, 88, 9003)
(201, 23, 15705)
(201, 55, 21659)
(201, 153, 20308)
(201, 82, 25225)
(201, 86, 5047)
(201, 65, 19735)
(201, 41, 19760)
(201, 188, 12458)
(201, 33, 16384)
(201, 152, 14912)
(201, 5, 12997)
(201, 46, 17904)
(201, 7, 8792)
(201, 50, 15054)
(201, 112, 869)
(201, 138, 16)
(201, 134, 11887)
(201, 200, 22469)
(201, 164, 2048)
(201, 173, 2668)
(201, 123, 7993)
(201, 190, 19847)
(201, 116, 25365)
(201, 175, 18054)
(201, 14, 9429)
(201, 187, 16276)
(201, 102, 8398)
(201, 69, 2167)
(201, 147, 23714)
(201, 192, 22798)
(201, 13, 10628)
(201, 9, 477)
(201, 166, 17446)
(201, 96, 11957)
(201, 124, 3478)
(201, 93, 8172)
(201, 131, 17351)
(201, 171, 14187)
(201, 49, 10913)
(201, 139, 4244)
(201, 127, 15604)
(201, 136, 15706)
(201, 115, 2209)
(201, 121, 13180)
(201, 119, 18860)
(201, 81, 24064)
(201, 128, 7002)
(201, 87, 2609)
(201, 73, 9771)
(201, 144, 6581)
(201, 52, 25753)
(201, 163, 2986)
(201, 158, 23057)
(201, 108, 18410)
(201, 101, 5674)
(201, 27, 4590)
(201, 48, 13693)
(201, 71, 10771)
(201, 198, 9754)
(201, 34, 17981)
(201, 194, 3922)
(201, 172, 8319)
(201, 160, 20816)
(201, 146, 25465)
(201, 18, 18805)
(201, 56, 22436)
(201, 156, 11362)
(201, 184, 10768)
(201, 76, 4879)
(201, 16, 5432)
(201, 0, 7480)
(201, 51, 3248)
(201, 54, 4946)
(201, 161, 4527)
(201, 83, 23025)
(201, 59, 3160)
(202, 97, 5040)
(202, 126, 13452)
(202, 190, 14182)
(202, 4, 13201)
(202, 7, 16665)
(202, 104, 2081)
(202, 132, 1345)
(202, 24, 12197)
(202, 107, 7112)
(202, 171, 23124)
(202, 62, 24197)
(202, 143, 3066)
(202, 37, 17993)
(202, 178, 21240)
(202, 42, 10879)
(202, 166, 11509)
(202, 23, 17425)
(202, 9, 14900)
(202, 174, 15634)
(202, 180, 9635)
(202, 145, 6710)
(202, 163, 20674)
(202, 116, 22282)
(202, 150, 3882)
(202, 110, 21317)
(202, 130, 17015)
(202, 70, 4759)
(202, 172, 1595)
(202, 149, 17018)
(202, 65, 22862)
(202, 61, 12771)
(202, 8, 7894)
(202, 48, 4173)
(202, 38, 12146)
(202, 185, 2910)
(202, 63, 11337)
(202, 49, 9241)
(202, 200, 19046)
(202, 170, 12039)
(202, 89, 8306)
(202, 55, 14927)
(202, 47, 4016)
(202, 193, 17147)
(202, 36, 5747)
(202, 194, 14084)
(202, 32, 4388)
(202, 117, 10615)
(202, 78, 21414)
(202, 109, 7335)
(202, 54, 11875)
(202, 98, 19906)
(202, 201, 18071)
(202, 90, 13108)
(202, 85, 1907)
(202, 84, 5523)
(202, 17, 5714)
(202, 64, 15598)
(203, 3, 1616)
(203, 188, 4067)
(203, 125, 19799)
(203, 37, 13682)
(203, 91, 11388)
(203, 2, 15559)
(203, 192, 1165)
(203, 63, 8630)
(203, 107, 3942)
(203, 152, 24427)
(203, 32, 18342)
(203, 49, 17502)
(203, 160, 7263)
(203, 198, 59)
(203, 85, 11014)
(203, 41, 11332)
(203, 42, 13421)
(203, 201, 19931)
(203, 17, 22242)
(203, 184, 739)
(203, 176, 22539)
(203, 164, 14202)
(203, 87, 5316)
(203, 46, 10210)
(203, 5, 20805)
(203, 199, 19444)
(203, 200, 13846)
(203, 124, 3419)
(203, 161, 7787)
(203, 113, 2258)
(203, 174, 21883)
(203, 8, 13328)
(203, 158, 4915)
(203, 141, 14253)
(203, 65, 13530)
(203, 6, 24621)
(203, 114, 25072)
(203, 153, 418)
(203, 171, 11158)
(203, 134, 24105)
(203, 97, 14649)
(204, 80, 6480)
(204, 65, 1364)
(204, 35, 1572)
(204, 102, 4350)
(204, 149, 18030)
(204, 62, 512)
(204, 126, 25511)
(204, 73, 9091)
(204, 154, 25559)
(204, 23, 15558)
(204, 57, 18808)
(204, 140, 1685)
(204, 6, 20127)
(204, 105, 10570)
(204, 48, 6116)
(204, 187, 19261)
(204, 75, 12036)
(204, 183, 11918)
(204, 89, 924)
(204, 110, 20550)
(204, 88, 15701)
(204, 54, 7631)
(204, 19, 21043)
(204, 1, 23760)
(204, 59, 24118)
(204, 26, 11653)
(204, 77, 1881)
(204, 81, 10033)
(204, 184, 12204)
(204, 85, 10218)
(204, 142, 9388)
(204, 171, 8171)
(204, 128, 15034)
(204, 87, 12390)
(204, 82, 21015)
(204, 69, 18764)
(204, 22, 3893)
(204, 99, 9523)
(204, 52, 4548)
(204, 45, 11223)
(204, 33, 7324)
(204, 199, 4022)
(204, 95, 280)
(204, 169, 5976)
(204, 53, 15587)
(204, 17, 6459)
(204, 130, 17133)
(204, 42, 20661)
(204, 96, 8831)
(204, 21, 20511)
(204, 150, 20075)
(204, 84, 561)
(204, 163, 4793)
(204, 148, 23404)
(204, 49, 19390)
(204, 151, 8745)
(204, 3, 8906)
(204, 63, 13913)
(204, 185, 3233)
(204, 190, 16819)
(204, 39, 16758)
(204, 132, 3822)
(204, 123, 2868)
(204, 64, 24410)
(204, 103, 17956)
(204, 44, 4098)
(204, 145, 5605)
(204, 11, 3849)
(204, 121, 1890)
(204, 168, 16109)
(204, 117, 16892)
(204, 37, 3665)
(204, 175, 18905)
(204, 15, 15630)
(204, 157, 13601)
(204, 202, 2649)
(204, 200, 5664)
(204, 165, 4719)
(204, 14, 18482)
(204, 125, 3269)
(204, 203, 10374)
(205, 193, 25523)
(205, 191, 11152)
(205, 39, 8511)
(205, 36, 21114)
(205, 129, 13596)
(205, 98, 17137)
(205, 11, 931)
(205, 117, 667)
(205, 58, 19983)
(205, 83, 21288)
(205, 32, 1929)
(205, 152, 8030)
(205, 56, 14435)
(205, 2, 9197)
(205, 14, 11036)
(205, 184, 19870)
(205, 43, 6509)
(205, 114, 11392)
(205, 155, 24275)
(205, 64, 17639)
(205, 93, 2946)
(205, 96, 25742)
(205, 122, 2170)
(205, 192, 1901)
(205, 111, 19552)
(205, 144, 6847)
(205, 42, 23934)
(205, 75, 12589)
(205, 25, 2472)
(205, 65, 16502)
(205, 147, 16443)
(205, 101, 1178)
(205, 182, 10582)
(205, 30, 13730)
(205, 72, 11949)
(205, 190, 21231)
(205, 110, 19620)
(205, 130, 4557)
(205, 37, 19690)
(205, 6, 25204)
(205, 132, 23838)
(205, 180, 3819)
(205, 118, 17182)
(205, 79, 13997)
(205, 59, 1582)
(205, 31, 24494)
(205, 176, 7257)
(205, 78, 22447)
(205, 71, 8677)
(205, 57, 7096)
(205, 134, 10239)
(205, 45, 19158)
(205, 115, 7011)
(205, 105, 17531)
(205, 171, 9610)
(205, 97, 10731)
(205, 140, 10040)
(205, 151, 19301)
(205, 82, 14548)
(205, 48, 10551)
(205, 67, 2756)
(205, 203, 2093)
(205, 51, 21958)
(205, 200, 5339)
(205, 100, 21717)
(206, 30, 7278)
(206, 35, 13801)
(206, 151, 20743)
(206, 133, 11197)
(206, 176, 24076)
(206, 164, 25292)
(206, 75, 12804)
(206, 51, 15990)
(206, 27, 326)
(206, 128, 23064)
(206, 150, 14768)
(206, 13, 18013)
(206, 54, 17087)
(206, 88, 25438)
(206, 169, 3072)
(206, 159, 15950)
(206, 43, 6255)
(206, 48, 19521)
(206, 111, 24233)
(206, 147, 12233)
(206, 200, 6045)
(206, 86, 23158)
(206, 178, 4513)
(206, 181, 8551)
(206, 8, 6363)
(206, 121, 1512)
(206, 193, 12622)
(206, 196, 21761)
(207, 164, 2839)
(207, 191, 9835)
(207, 138, 25625)
(207, 81, 14390)
(207, 85, 13785)
(207, 128, 537)
(207, 145, 15135)
(207, 131, 4362)
(207, 112, 11030)
(207, 33, 5030)
(207, 78, 2241)
(207, 183, 10774)
(207, 1, 17887)
(207, 171, 21304)
(207, 172, 20408)
(207, 94, 18214)
(207, 75, 6418)
(207, 18, 24919)
(207, 151, 3428)
(207, 111, 8391)
(207, 201, 6397)
(207, 95, 1801)
(207, 8, 22661)
(207, 115, 17377)
(207, 176, 2661)
(207, 64, 24588)
(207, 161, 13118)
(207, 42, 14330)
(207, 57, 3704)
(207, 104, 22632)
(207, 83, 18695)
(207, 48, 8876)
(207, 89, 24087)
(207, 91, 12986)
(207, 154, 9494)
(207, 175, 7102)
(207, 181, 25038)
(207, 31, 17575)
(207, 72, 11300)
(208, 50, 11752)
(208, 31, 12707)
(208, 27, 6833)
(208, 98, 11035)
(208, 100, 10665)
(208, 70, 20467)
(208, 154, 8915)
(208, 71, 12651)
(208, 24, 10620)
(208, 94, 17640)
(208, 104, 12326)
(208, 181, 25501)
(208, 137, 21477)
(208, 29, 11387)
(208, 205, 16520)
(208, 141, 3732)
(208, 58, 18559)
(208, 174, 12101)
(208, 81, 6942)
(208, 83, 13676)
(208, 99, 7586)
(208, 51, 11398)
(208, 175, 2253)
(208, 159, 13744)
(208, 107, 1614)
(208, 61, 24717)
(208, 143, 16329)
(208, 21, 6919)
(208, 184, 25450)
(208, 149, 25412)
(208, 138, 13257)
(208, 206, 13172)
(208, 3, 24998)
(208, 2, 7704)
(208, 108, 6951)
(208, 87, 17364)
(208, 203, 2489)
(208, 139, 19732)
(208, 135, 16491)
(208, 140, 24195)
(208, 192, 7031)
(208, 64, 777)
(208, 92, 21483)
(208, 114, 22271)
(208, 134, 6801)
(208, 188, 6319)
(208, 167, 14091)
(208, 113, 24435)
(208, 41, 16793)
(208, 126, 10803)
(208, 25, 12791)
(208, 96, 4382)
(208, 117, 8909)
(208, 48, 2540)
(208, 125, 16319)
(208, 115, 10842)
(208, 28, 16874)
(208, 129, 5759)
(208, 23, 9171)
(208, 84, 3994)
(208, 49, 24819)
(208, 150, 11845)
(208, 1, 22880)
(208, 40, 17424)
(208, 102, 23191)
(208, 88, 20939)
(208, 54, 177)
(208, 183, 10344)
(208, 26, 13832)
(208, 187, 17220)
(208, 69, 21006)
(208, 4, 8023)
(208, 124, 741)
(208, 158, 23668)
(208, 46, 1247)
(208, 101, 18189)
(208, 43, 17451)
(208, 19, 19249)
(208, 53, 13579)
(208, 207, 21974)
(208, 186, 13853)
(208, 136, 20575)
(208, 60, 9678)
(208, 182, 17224)
(208, 75, 11738)
(208, 194, 19308)
(208, 147, 15206)
(208, 45, 8036)
(208, 168, 8659)
(208, 170, 1855)
(208, 177, 14418)
(208, 12, 2501)
(208, 162, 11163)
(208, 93, 21040)
(208, 76, 13798)
(208, 38, 12984)
(208, 11, 15235)
(208, 0, 19229)
(208, 144, 8113)
(208, 119, 23428)
(208, 14, 12741)
(208, 80, 5851)
(208, 37, 14333)
(208, 132, 9488)
(208, 130, 25146)
(208, 133, 9568)
(208, 197, 20197)
(208, 142, 19823)
(208, 91, 4937)
(208, 97, 8151)
(208, 33, 1148)
(208, 34, 21279)
(208, 42, 14240)
(208, 35, 7184)
(208, 122, 1174)
(208, 166, 17610)
(208, 131, 4050)
(209, 10, 5480)
(209, 201, 205)
(209, 123, 15270)
(209, 141, 17402)
(209, 1, 9897)
(209, 93, 12465)
(209, 5, 9470)
(209, 102, 8864)
(209, 58, 21222)
(209, 190, 24978)
(209, 50, 5425)
(209, 197, 9804)
(209, 120, 23047)
(209, 137, 22942)
(209, 111, 302)
(209, 109, 20068)
(209, 159, 7358)
(209, 70, 10237)
(209, 19, 18465)
(209, 121, 1824)
(209, 49, 6039)
(209, 96, 10813)
(209, 89, 1547)
(209, 69, 15514)
(209, 6, 2733)
(209, 21, 19431)
(209, 145, 15223)
(209, 76, 6518)
(209, 128, 25494)
(209, 182, 494)
(209, 104, 24961)
(209, 9, 5476)
(209, 11, 5912)
(209, 78, 43)
(209, 153, 25009)
(209, 149, 25348)
(209, 127, 19429)
(209, 25, 19043)
(209, 173, 20958)
(209, 204, 9486)
(209, 108, 19241)
(209, 162, 11010)
(209, 72, 14166)
(209, 67, 16751)
(209, 88, 17160)
(209, 35, 23785)
(209, 203, 18738)
(209, 98, 13472)
(209, 174, 25705)
(209, 112, 14297)
(209, 119, 4928)
(209, 73, 7827)
(209, 196, 1786)
(209, 179, 14565)
(209, 129, 3728)
(209, 205, 14145)
(209, 82, 16036)
(209, 63, 18029)
(209, 183, 10604)
(209, 60, 6331)
(209, 57, 88)
(209, 200, 16912)
(209, 22, 5904)
(209, 158, 10298)
(209, 193, 10429)
(209, 8, 11097)
(209, 132, 18028)
(209, 71, 4126)
(209, 142, 23501)
(209, 130, 11071)
(209, 41, 10548)
(209, 194, 1673)
(209, 39, 7328)
(209, 34, 20810)
(209, 2, 17510)
(209, 113, 15192)
(209, 122, 10681)
(209, 16, 22484)
(209, 135, 23811)
(209, 0, 22790)
(209, 147, 7322)
(209, 30, 13982)
(209, 164, 6978)
(209, 189, 12761)
(209, 17, 18744)
(209, 154, 5423)
(209, 191, 9193)
(209, 186, 14088)
(209, 44, 19832)
(209, 52, 682)
(209, 116, 2199)
(209, 54, 11404)
(209, 168, 2879)
(209, 36, 18858)
(209, 37, 18809)
(209, 79, 2818)
(209, 110, 4159)
(209, 152, 19140)
(209, 80, 7123)
(209, 64, 21311)
(209, 31, 13098)
(209, 81, 25712)
(209, 84, 1568)
(209, 4, 10823)
(209, 138, 25022)
(209, 160, 17410)
(209, 86, 511)
(209, 133, 23335)
(209, 51, 14132)
(209, 139, 5780)
(209, 87, 2216)
(209, 66, 14943)
(209, 85, 9392)
(209, 92, 12103)
(209, 91, 9823)
(209, 114, 24616)
(209, 59, 19952)
(209, 169, 10057)
(209, 148, 11180)
(209, 99, 21538)
(209, 32, 24790)
(209, 126, 9552)
(209, 38, 23921)
(209, 178, 14823)
(209, 13, 3377)
(209, 42, 4971)
(209, 208, 25358)
(209, 166, 14380)
(209, 184, 6013)
(209, 24, 10634)
(209, 206, 23820)
(209, 45, 23409)
(209, 43, 15481)
(209, 124, 7360)
(209, 94, 5848)
(209, 75, 23861)
(209, 180, 20048)
(209, 131, 10179)
(209, 29, 11228)
(209, 144, 2582)
(209, 55, 14717)
(209, 146, 1738)
(209, 151, 18101)
(209, 56, 16019)
(209, 195, 1652)
(209, 105, 5076)
(209, 136, 16666)
(210, 7, 25139)
(210, 129, 19284)
(210, 51, 8111)
(210, 186, 25553)
(210, 184, 2812)
(210, 16, 15179)
(210, 202, 11326)
(210, 115, 7943)
(210, 49, 2034)
(210, 82, 6149)
(210, 23, 16448)
(210, 50, 2214)
(210, 120, 3108)
(210, 148, 12075)
(210, 155, 11772)
(210, 144, 2343)
(211, 152, 18736)
(211, 106, 20841)
(211, 101, 19655)
(211, 59, 2297)
(211, 33, 10350)
(211, 82, 2962)
(211, 67, 14905)
(211, 60, 11280)
(211, 206, 583)
(211, 157, 15826)
(211, 0, 17024)
(211, 187, 10223)
(211, 118, 8954)
(211, 37, 23797)
(211, 79, 22528)
(211, 84, 2594)
(211, 80, 913)
(211, 126, 6662)
(211, 30, 4216)
(211, 81, 20697)
(211, 46, 21497)
(211, 66, 9152)
(211, 131, 3464)
(211, 47, 22408)
(211, 90, 8389)
(211, 205, 24459)
(211, 32, 12581)
(211, 38, 15893)
(211, 111, 14928)
(211, 109, 3052)
(211, 3, 13486)
(211, 168, 24880)
(211, 49, 129)
(211, 77, 17891)
(211, 39, 17456)
(211, 97, 14289)
(211, 102, 1256)
(211, 120, 766)
(211, 117, 13026)
(211, 142, 9525)
(211, 203, 7933)
(211, 116, 9058)
(211, 173, 22349)
(211, 166, 16773)
(211, 179, 1904)
(211, 115, 8939)
(211, 196, 3414)
(211, 36, 14671)
(211, 189, 22356)
(211, 104, 10679)
(211, 130, 2765)
(211, 110, 10924)
(211, 175, 18007)
(211, 127, 367)
(211, 199, 9541)
(211, 132, 3407)
(211, 150, 19596)
(211, 176, 2883)
(211, 22, 8588)
(211, 76, 25686)
(211, 155, 16405)
(211, 141, 19790)
(211, 54, 22019)
(211, 193, 22515)
(211, 167, 8320)
(211, 64, 410)
(211, 103, 24200)
(211, 27, 18327)
(211, 148, 2865)
(211, 91, 11900)
(211, 20, 19239)
(211, 124, 19829)
(211, 55, 9924)
(211, 135, 20789)
(211, 21, 12510)
(211, 146, 3802)
(211, 107, 635)
(211, 144, 20257)
(211, 89, 24266)
(211, 31, 4906)
(211, 201, 5528)
(211, 41, 15583)
(211, 99, 6977)
(211, 7, 9411)
(211, 164, 10739)
(211, 92, 6957)
(211, 11, 8498)
(211, 159, 10929)
(211, 58, 13866)
(211, 195, 1792)
(211, 190, 4133)
(211, 23, 14254)
(211, 51, 13451)
(211, 52, 16195)
(211, 169, 13489)
(211, 72, 666)
(211, 153, 9246)
(211, 147, 11830)
(211, 207, 10933)
(211, 200, 24211)
(211, 210, 12010)
(211, 15, 12639)
(211, 42, 19610)
(211, 119, 20133)
(211, 19, 5234)
(211, 56, 7464)
(211, 121, 15278)
(211, 171, 3920)
(211, 184, 18106)
(211, 136, 13577)
(211, 177, 18109)
(211, 156, 14404)
(211, 8, 7892)
(211, 71, 11239)
(211, 204, 5119)
(211, 123, 11072)
(211, 75, 16569)
(211, 4, 9457)
(211, 70, 14702)
(211, 34, 10462)
(211, 14, 1289)
(211, 162, 20301)
(211, 114, 17305)
(211, 1, 7776)
(211, 112, 23137)
(211, 48, 15127)
(211, 86, 8744)
(211, 57, 20192)
(211, 122, 25735)
(211, 43, 17408)
(211, 182, 15607)
(211, 160, 24866)
(211, 161, 12610)
(211, 87, 15688)
(211, 209, 11513)
(211, 149, 7207)
(211, 151, 24342)
(211, 186, 6782)
(211, 188, 2939)
(211, 69, 21865)
(211, 113, 14486)
(211, 133, 17185)
(211, 63, 11039)
(211, 5, 1338)
(211, 50, 15475)
(211, 183, 7952)
(211, 191, 11)
(211, 143, 19196)
(211, 68, 11459)
(211, 139, 3815)
(211, 178, 18937)
(211, 2, 12383)
(211, 24, 9185)
(211, 88, 6601)
(211, 78, 19553)
(211, 45, 6932)
(211, 9, 12477)
(211, 93, 17787)
(211, 202, 14415)
(211, 26, 482)
(211, 73, 16212)
(211, 170, 1438)
(211, 13, 19374)
(211, 74, 9766)
(211, 18, 24352)
(211, 12, 23252)
(211, 172, 4831)
(211, 6, 631)
(211, 95, 4351)
(211, 98, 258)
(211, 96, 3276)
(211, 194, 16998)
(211, 62, 18965)
(211, 61, 16492)
(211, 16, 17917)
(211, 108, 6164)
(211, 140, 5336)
(211, 181, 21432)
(211, 198, 1971)
(211, 138, 22012)
(211, 94, 5233)
(211, 145, 21005)
(211, 208, 21745)
(211, 17, 25337)
(211, 35, 14496)
(211, 85, 19998)
(211, 163, 5719)
(211, 44, 112)
(211, 129, 18456)
(211, 137, 22420)
(211, 174, 16634)
(211, 197, 22937)
(211, 40, 19609)
(211, 100, 19502)
(211, 28, 10322)
(211, 158, 19812)
(211, 65, 13544)
(211, 185, 17077)
(211, 125, 1688)
(211, 180, 21890)
(212, 109, 6525)
(212, 4, 23749)
(212, 203, 24232)
(212, 177, 11715)
(212, 139, 20771)
(212, 118, 2407)
(212, 113, 18727)
(212, 153, 1199)
(212, 115, 18976)
(212, 44, 13716)
(212, 191, 22287)
(212, 154, 25409)
(212, 122, 20307)
(212, 75, 67)
(212, 51, 7642)
(212, 161, 11889)
(212, 183, 1848)
(212, 33, 7859)
(212, 108, 22532)
(212, 99, 22534)
(212, 143, 22259)
(212, 127, 7744)
(212, 192, 14662)
(212, 146, 23883)
(212, 63, 8259)
(212, 186, 21293)
(212, 28, 15362)
(212, 198, 19213)
(212, 76, 9647)
(212, 27, 8879)
(212, 39, 25156)
(212, 92, 9609)
(212, 181, 2660)
(212, 124, 4969)
(212, 93, 18165)
(212, 3, 13920)
(212, 101, 23172)
(212, 65, 16223)
(212, 180, 12100)
(212, 201, 17409)
(212, 56, 4119)
(213, 55, 10925)
(213, 144, 21700)
(213, 148, 16948)
(213, 83, 10942)
(213, 211, 6786)
(213, 132, 20567)
(213, 159, 3177)
(213, 69, 18701)
(213, 58, 13989)
(213, 25, 489)
(213, 41, 24204)
(213, 43, 544)
(213, 84, 8772)
(213, 162, 22382)
(213, 189, 6154)
(213, 62, 4315)
(213, 100, 20098)
(213, 208, 3535)
(213, 125, 21002)
(213, 180, 17680)
(213, 118, 24769)
(213, 115, 19449)
(213, 40, 22750)
(213, 146, 18610)
(213, 163, 11778)
(213, 101, 20975)
(213, 99, 3267)
(213, 60, 20779)
(213, 139, 19482)
(213, 20, 17300)
(213, 168, 23577)
(213, 77, 15000)
(213, 190, 23679)
(213, 127, 13104)
(213, 109, 20800)
(213, 143, 4511)
(213, 104, 10367)
(213, 87, 2509)
(213, 9, 25227)
(213, 129, 12897)
(213, 128, 9244)
(213, 157, 7204)
(213, 3, 16140)
(213, 37, 3705)
(213, 136, 10837)
(213, 71, 11803)
(213, 110, 17196)
(213, 156, 5063)
(213, 111, 7546)
(213, 85, 19979)
(213, 212, 19278)
(213, 68, 14074)
(213, 179, 7896)
(213, 166, 13561)
(213, 29, 126)
(213, 42, 23216)
(213, 13, 10806)
(213, 135, 7588)
(213, 76, 12480)
(213, 182, 23100)
(213, 35, 13855)
(213, 120, 6277)
(213, 105, 4545)
(213, 197, 16597)
(214, 80, 1064)
(214, 83, 2981)
(214, 182, 10676)
(214, 67, 8672)
(214, 158, 20329)
(214, 174, 13103)
(214, 35, 20509)
(214, 73, 12247)
(214, 54, 25389)
(214, 61, 2550)
(214, 204, 206)
(214, 156, 7740)
(214, 196, 415)
(214, 9, 18824)
(214, 202, 10321)
(214, 117, 8070)
(214, 201, 3263)
(214, 66, 17603)
(214, 112, 20040)
(214, 146, 13895)
(214, 84, 1944)
(214, 126, 25121)
(214, 193, 19439)
(214, 72, 14260)
(214, 181, 16465)
(214, 149, 16049)
(214, 8, 10838)
(214, 206, 24767)
(214, 102, 10447)
(214, 0, 3831)
(214, 86, 3932)
(214, 27, 6035)
(214, 79, 15554)
(214, 191, 4369)
(214, 104, 3524)
(214, 95, 17278)
(214, 114, 13300)
(214, 145, 24161)
(214, 68, 23354)
(214, 41, 18519)
(214, 108, 14362)
(214, 185, 13197)
(214, 39, 23189)
(214, 198, 3340)
(214, 172, 20704)
(214, 64, 17938)
(214, 131, 19095)
(214, 16, 5841)
(214, 60, 7209)
(214, 42, 5682)
(214, 189, 17032)
(214, 133, 19640)
(214, 88, 16764)
(214, 135, 14871)
(214, 157, 17334)
(214, 161, 4508)
(214, 179, 14086)
(214, 7, 16262)
(214, 103, 18376)
(214, 81, 23800)
(214, 128, 15103)
(214, 173, 7371)
(214, 94, 25642)
(214, 152, 15993)
(214, 87, 13621)
(214, 212, 24421)
(214, 147, 22107)
(214, 97, 15476)
(214, 121, 11847)
(214, 28, 7826)
(214, 169, 4683)
(214, 119, 10436)
(214, 49, 7482)
(214, 178, 12717)
(214, 209, 11157)
(214, 34, 11809)
(214, 45, 4647)
(214, 89, 5452)
(214, 125, 25398)
(214, 164, 18739)
(214, 168, 10409)
(214, 165, 9120)
(214, 32, 13965)
(214, 134, 4535)
(214, 4, 2248)
(214, 205, 14225)
(214, 184, 4235)
(214, 160, 12121)
(214, 137, 14552)
(214, 194, 19097)
(214, 48, 13067)
(214, 10, 12336)
(214, 46, 11508)
(214, 55, 933)
(214, 18, 10010)
(214, 65, 20211)
(214, 107, 13836)
(214, 71, 10742)
(214, 171, 22666)
(214, 122, 8177)
(214, 141, 2639)
(214, 203, 24099)
(214, 29, 9625)
(214, 99, 11667)
(214, 142, 17986)
(214, 44, 8545)
(214, 153, 20896)
(214, 166, 11324)
(214, 213, 5127)
(214, 91, 18759)
(214, 188, 18731)
(214, 74, 426)
(214, 200, 16046)
(214, 138, 12338)
(214, 70, 14961)
(214, 63, 991)
(214, 19, 13753)
(215, 95, 23075)
(215, 198, 19277)
(215, 194, 13076)
(215, 106, 11174)
(215, 76, 3631)
(215, 125, 19926)
(215, 111, 11572)
(215, 6, 24960)
(215, 120, 9128)
(215, 179, 24777)
(215, 52, 16398)
(215, 60, 20970)
(215, 102, 23204)
(215, 84, 15623)
(215, 56, 1696)
(215, 65, 18733)
(215, 80, 15918)
(215, 88, 3921)
(215, 10, 3385)
(215, 31, 11965)
(215, 69, 8010)
(215, 96, 24558)
(215, 132, 2039)
(215, 25, 7488)
(215, 47, 7426)
(215, 203, 14819)
(215, 204, 17758)
(215, 66, 20296)
(215, 160, 5152)
(215, 15, 10249)
(215, 27, 14261)
(215, 169, 22305)
(215, 117, 3823)
(215, 206, 25259)
(215, 36, 7471)
(215, 34, 12699)
(216, 39, 12292)
(216, 115, 12406)
(216, 212, 21503)
(216, 130, 17472)
(216, 21, 24891)
(216, 30, 17912)
(216, 147, 11257)
(216, 99, 3400)
(216, 80, 22498)
(216, 120, 9493)
(216, 59, 15854)
(216, 174, 21903)
(216, 187, 10880)
(216, 91, 22341)
(216, 204, 21321)
(216, 35, 8838)
(216, 149, 12861)
(216, 123, 19198)
(216, 6, 24707)
(216, 143, 5239)
(216, 44, 10078)
(216, 105, 5025)
(216, 64, 9215)
(216, 29, 25521)
(216, 11, 12543)
(216, 60, 14318)
(216, 159, 22128)
(216, 66, 10108)
(216, 129, 22805)
(216, 178, 12671)
(216, 94, 3098)
(216, 199, 8315)
(216, 79, 19291)
(216, 137, 21395)
(216, 117, 6846)
(216, 62, 25371)
(216, 119, 11540)
(216, 84, 442)
(216, 125, 4266)
(216, 13, 19362)
(216, 22, 14423)
(216, 97, 921)
(216, 90, 20752)
(216, 148, 18928)
(216, 73, 24586)
(216, 168, 25387)
(216, 75, 25447)
(216, 82, 24216)
(216, 198, 6982)
(216, 107, 239)
(216, 172, 8281)
(216, 70, 17369)
(216, 41, 166)
(216, 65, 584)
(216, 51, 18133)
(216, 42, 8486)
(216, 173, 11284)
(216, 26, 23566)
(216, 197, 2580)
(216, 190, 14257)
(216, 9, 10524)
(216, 56, 18000)
(216, 153, 16593)
(216, 28, 5257)
(216, 1, 9843)
(216, 177, 23142)
(216, 109, 14735)
(216, 180, 3641)
(216, 34, 22116)
(216, 112, 16119)
(216, 92, 1882)
(216, 195, 21419)
(216, 121, 23234)
(216, 31, 14769)
(216, 144, 6434)
(216, 46, 5225)
(216, 182, 8216)
(216, 214, 24610)
(216, 101, 3454)
(216, 196, 8658)
(216, 136, 18180)
(216, 54, 12262)
(216, 207, 7291)
(216, 23, 20035)
(216, 68, 22802)
(216, 126, 4599)
(216, 108, 8735)
(216, 43, 21237)
(216, 164, 22786)
(216, 3, 19048)
(216, 88, 9130)
(216, 32, 17074)
(216, 183, 264)
(216, 93, 18467)
(216, 155, 5637)
(216, 12, 1095)
(216, 55, 24294)
(216, 189, 10243)
(216, 208, 24072)
(216, 124, 18616)
(216, 40, 14966)
(216, 200, 12035)
(216, 38, 6676)
(216, 161, 8408)
(216, 57, 20011)
(216, 36, 6094)
(216, 104, 4525)
(216, 72, 23459)
(216, 87, 3969)
(216, 53, 960)
(216, 20, 9878)
(216, 95, 18488)
(216, 47, 15612)
(216, 15, 23517)
(216, 206, 5005)
(216, 139, 14664)
(216, 171, 3551)
(216, 86, 22527)
(216, 201, 7571)
(216, 145, 16125)
(216, 19, 13935)
(216, 185, 1870)
(216, 74, 19214)
(216, 156, 22060)
(216, 131, 16033)
(216, 83, 6257)
(216, 184, 20560)
(216, 128, 18601)
(216, 146, 9341)
(216, 114, 4744)
(216, 81, 9036)
(216, 0, 23156)
(216, 103, 17468)
(216, 25, 19318)
(216, 170, 12355)
(216, 111, 22213)
(216, 205, 11818)
(216, 122, 9226)
(216, 138, 23655)
(216, 85, 5965)
(216, 188, 19302)
(216, 209, 4323)
(216, 175, 3193)
(216, 133, 1039)
(216, 191, 17566)
(216, 141, 20529)
(216, 165, 23152)
(216, 14, 4667)
(216, 193, 19066)
(216, 63, 16973)
(216, 96, 18890)
(216, 2, 23897)
(216, 215, 730)
(216, 166, 10331)
(216, 192, 10074)
(216, 37, 7999)
(216, 69, 16413)
(216, 49, 7203)
(216, 134, 17858)
(216, 100, 12874)
(216, 17, 10082)
(216, 61, 8194)
(216, 213, 223)
(216, 16, 21938)
(216, 154, 17145)
(216, 18, 13370)
(216, 4, 8399)
(216, 106, 15566)
(216, 45, 19958)
(216, 167, 13368)
(216, 210, 19556)
(216, 48, 21530)
(216, 113, 19332)
(216, 151, 1387)
(216, 71, 19856)
(216, 181, 6270)
(216, 76, 7813)
(216, 78, 3610)
(216, 33, 18502)
(216, 157, 21086)
(216, 162, 8199)
(216, 203, 20190)
(216, 116, 23155)
(216, 127, 5825)
(216, 5, 6755)
(216, 194, 13004)
(216, 10, 21259)
(216, 89, 17423)
(216, 160, 18179)
(216, 135, 8028)
(216, 202, 23400)
(216, 110, 6179)
(216, 142, 12254)
(216, 211, 20385)
(216, 98, 8753)
(216, 163, 9086)
(216, 58, 19726)
(216, 176, 8473)
(216, 140, 15191)
(216, 8, 10333)
(216, 52, 7939)
(216, 152, 15818)
(216, 7, 22938)
(217, 214, 14119)
(217, 161, 22508)
(218, 25, 7545)
(218, 82, 22368)
(218, 141, 8828)
(218, 201, 16725)
(218, 183, 20472)
(218, 122, 14055)
(218, 139, 21532)
(218, 136, 19721)
(218, 32, 973)
(218, 194, 19227)
(218, 8, 685)
(218, 202, 5394)
(218, 178, 25047)
(218, 111, 7695)
(218, 163, 7830)
(218, 200, 2043)
(218, 51, 2598)
(218, 1, 7983)
(218, 175, 24066)
(218, 177, 2627)
(218, 72, 10177)
(218, 98, 1561)
(218, 93, 517)
(218, 174, 12584)
(218, 203, 2461)
(218, 55, 23945)
(218, 10, 1339)
(218, 91, 4773)
(218, 114, 4166)
(218, 47, 18224)
(218, 19, 13455)
(218, 75, 22139)
(218, 52, 3697)
(218, 84, 22115)
(218, 153, 16264)
(218, 148, 16123)
(218, 171, 5649)
(218, 161, 5681)
(218, 69, 11716)
(218, 182, 16744)
(218, 87, 4179)
(218, 41, 1590)
(218, 23, 23796)
(218, 193, 19560)
(218, 85, 19503)
(218, 39, 25451)
(218, 42, 1092)
(218, 18, 25010)
(218, 124, 18915)
(218, 0, 4821)
(218, 80, 3520)
(218, 88, 7125)
(218, 35, 18464)
(218, 117, 13910)
(218, 65, 16166)
(218, 132, 13787)
(218, 216, 6935)
(218, 199, 48)
(218, 209, 16484)
(218, 43, 7106)
(218, 37, 12692)
(218, 2, 20085)
(218, 13, 17386)
(218, 79, 13408)
(218, 159, 16545)
(218, 77, 15200)
(218, 189, 24453)
(218, 44, 6602)
(218, 166, 23123)
(218, 15, 21392)
(218, 172, 15882)
(218, 160, 8360)
(218, 134, 24696)
(218, 26, 7794)
(218, 204, 8867)
(218, 135, 9839)
(218, 170, 24884)
(218, 123, 6003)
(218, 191, 1795)
(218, 49, 21650)
(218, 104, 19523)
(218, 31, 6879)
(218, 30, 6169)
(218, 16, 18545)
(218, 197, 1606)
(218, 22, 3578)
(218, 112, 23812)
(218, 78, 21373)
(218, 206, 6730)
(218, 133, 14713)
(218, 96, 2534)
(218, 11, 18184)
(218, 63, 15484)
(218, 185, 24566)
(218, 40, 22923)
(218, 147, 19849)
(218, 17, 1499)
(218, 113, 25249)
(218, 140, 12785)
(218, 21, 24778)
(218, 208, 20469)
(218, 173, 6783)
(218, 149, 15343)
(218, 50, 19133)
(218, 100, 7196)
(218, 217, 7705)
(218, 184, 24168)
(218, 120, 10722)
(218, 121, 3917)
(218, 106, 25381)
(218, 214, 18528)
(218, 57, 13735)
(218, 71, 24632)
(218, 4, 23596)
(218, 125, 21289)
(218, 7, 20474)
(218, 62, 110)
(218, 138, 8761)
(218, 76, 2852)
(218, 105, 25652)
(218, 56, 9824)
(218, 97, 14531)
(218, 110, 17346)
(218, 101, 4493)
(218, 102, 17969)
(218, 129, 7302)
(218, 3, 9705)
(218, 118, 5422)
(218, 152, 14770)
(218, 5, 9434)
(218, 188, 25692)
(218, 130, 6379)
(218, 162, 7142)
(218, 180, 22460)
(218, 190, 21382)
(218, 212, 18923)
(218, 144, 4309)
(218, 67, 13783)
(218, 34, 7971)
(218, 14, 10497)
(218, 70, 8690)
(219, 103, 507)
(219, 122, 3996)
(219, 133, 2705)
(219, 203, 9773)
(219, 35, 7548)
(219, 62, 11126)
(219, 163, 22374)
(219, 211, 25293)
(219, 188, 21451)
(219, 56, 25311)
(219, 187, 16208)
(219, 76, 8701)
(219, 60, 25119)
(219, 98, 18562)
(219, 160, 11325)
(219, 93, 6025)
(219, 213, 12339)
(219, 168, 20813)
(219, 26, 298)
(219, 52, 25173)
(219, 127, 17309)
(219, 100, 2475)
(219, 38, 8762)
(219, 135, 17742)
(219, 189, 21936)
(219, 32, 3040)
(219, 174, 15046)
(219, 39, 609)
(219, 165, 11892)
(219, 36, 19534)
(219, 113, 5699)
(219, 195, 1621)
(219, 88, 22505)
(219, 6, 13511)
(219, 86, 18994)
(219, 82, 15354)
(219, 31, 6040)
(219, 94, 4960)
(219, 55, 2682)
(219, 81, 24755)
(219, 208, 10535)
(219, 179, 5909)
(219, 157, 25666)
(219, 16, 19112)
(219, 67, 19916)
(219, 166, 3517)
(219, 194, 18509)
(219, 54, 5099)
(219, 43, 1730)
(219, 151, 18235)
(219, 184, 13758)
(219, 53, 24563)
(219, 51, 12652)
(219, 215, 5631)
(219, 63, 24665)
(219, 92, 18334)
(219, 64, 7934)
(219, 131, 13391)
(219, 167, 4574)
(219, 21, 18483)
(219, 8, 22151)
(219, 117, 24787)
(219, 216, 13860)
(219, 30, 2369)
(219, 178, 1133)
(219, 109, 19509)
(219, 115, 12864)
(219, 200, 22517)
(219, 83, 18902)
(219, 106, 11639)
(219, 182, 21104)
(219, 119, 23742)
(219, 44, 25673)
(219, 78, 19664)
(219, 132, 7708)
(219, 22, 5400)
(219, 139, 18947)
(219, 5, 22624)
(219, 148, 8159)
(219, 50, 12182)
(219, 136, 4384)
(219, 7, 21272)
(219, 4, 5204)
(219, 126, 23597)
(219, 89, 73)
(219, 154, 19784)
(219, 11, 25541)
(219, 84, 527)
(219, 153, 13851)
(219, 1, 24735)
(219, 214, 6417)
(219, 180, 16380)
(219, 10, 1079)
(219, 3, 8462)
(219, 73, 13382)
(219, 34, 9912)
(219, 137, 25463)
(219, 185, 4455)
(219, 202, 14371)
(219, 147, 21988)
(219, 66, 9097)
(219, 9, 228)
(219, 155, 14429)
(219, 121, 12158)
(219, 104, 16034)
(219, 146, 16048)
(219, 102, 20397)
(219, 70, 25086)
(219, 186, 19235)
(219, 59, 6711)
(219, 79, 15662)
(219, 218, 24251)
(219, 15, 21217)
(219, 190, 12018)
(219, 110, 20937)
(219, 206, 23112)
(219, 175, 3375)
(219, 49, 5448)
(219, 108, 3568)
(219, 69, 14510)
(219, 46, 18719)
(219, 114, 10391)
(219, 74, 18253)
(219, 72, 870)
(219, 111, 6097)
(219, 212, 7911)
(219, 96, 20677)
(219, 142, 24901)
(219, 199, 13045)
(219, 192, 21616)
(219, 144, 19765)
(219, 162, 9793)
(219, 97, 4808)
(219, 125, 19435)
(219, 101, 14337)
(219, 95, 24712)
(219, 37, 23624)
(219, 130, 9161)
(219, 61, 20624)
(219, 68, 5960)
(219, 128, 10089)
(219, 169, 24734)
(219, 193, 19570)
(219, 207, 24592)
(219, 129, 9279)
(219, 80, 23882)
(219, 181, 14493)
(219, 152, 8524)
(219, 141, 23555)
(219, 118, 7639)
(219, 173, 24202)
(219, 171, 8480)
(219, 29, 3650)
(219, 161, 3628)
(219, 20, 22371)
(219, 156, 14211)
(219, 45, 17582)
(219, 145, 8048)
(219, 170, 10285)
(219, 177, 1630)
(219, 40, 826)
(219, 14, 22473)
(219, 75, 12210)
(219, 33, 22538)
(219, 42, 20182)
(219, 198, 17888)
(219, 116, 6251)
(219, 18, 14658)
(219, 112, 22312)
(219, 134, 4085)
(219, 164, 12625)
(219, 205, 21129)
(219, 105, 17151)
(219, 197, 13713)
(219, 140, 7181)
(219, 107, 19551)
(219, 58, 4446)
(219, 99, 22087)
(219, 27, 10700)
(219, 13, 24722)
(219, 172, 23986)
(219, 183, 25051)
(219, 87, 15208)
(219, 196, 13614)
(219, 0, 2449)
(219, 65, 3420)
(219, 41, 19314)
(219, 47, 11477)
(219, 90, 6364)
(219, 210, 20196)
(219, 24, 24324)
(219, 159, 9339)
(219, 12, 7476)
(219, 201, 9040)
(219, 91, 1261)
(219, 120, 5065)
(219, 138, 6507)
(219, 2, 594)
(219, 209, 15239)
(219, 123, 401)
(219, 19, 24541)
(219, 158, 11621)
(219, 28, 7198)
(219, 25, 23974)
(219, 71, 21785)
(219, 23, 13740)
(219, 217, 11016)
(219, 85, 20128)
(220, 176, 15628)
(220, 62, 3095)
(220, 45, 2906)
(220, 140, 16730)
(220, 211, 5597)
(220, 102, 19428)
(220, 124, 6088)
(220, 88, 12374)
(220, 142, 5006)
(220, 130, 18621)
(220, 139, 22475)
(220, 113, 24078)
(220, 11, 706)
(220, 208, 6168)
(220, 67, 15460)
(220, 47, 22553)
(220, 193, 17433)
(220, 44, 3304)
(220, 27, 11453)
(220, 65, 4466)
(220, 195, 3029)
(220, 22, 25140)
(220, 87, 25098)
(220, 59, 2885)
(220, 5, 19663)
(220, 104, 6387)
(220, 182, 7368)
(220, 166, 12696)
(220, 111, 22767)
(220, 39, 13548)
(220, 74, 24173)
(220, 131, 12814)
(220, 112, 2859)
(220, 157, 14786)
(220, 57, 20571)
(220, 159, 16850)
(220, 2, 16047)
(220, 123, 23591)
(220, 155, 6077)
(220, 7, 11138)
(220, 10, 14284)
(220, 121, 17153)
(221, 145, 6046)
(221, 195, 8254)
(221, 55, 12611)
(221, 171, 17436)
(221, 81, 14341)
(221, 131, 25763)
(221, 85, 21590)
(221, 127, 10728)
(221, 25, 8011)
(221, 146, 7955)
(221, 5, 22078)
(221, 148, 21645)
(221, 205, 21469)
(221, 106, 3725)
(221, 103, 23900)
(221, 197, 550)
(221, 201, 11020)
(221, 160, 12745)
(221, 158, 12382)
(221, 154, 23537)
(221, 164, 13014)
(221, 94, 11422)
(221, 176, 14643)
(221, 153, 16683)
(221, 189, 17303)
(221, 17, 17266)
(221, 141, 2777)
(221, 77, 17265)
(221, 35, 6052)
(221, 100, 16437)
(221, 36, 7672)
(221, 80, 9814)
(221, 188, 16564)
(221, 47, 13250)
(221, 0, 18168)
(221, 63, 13374)
(221, 65, 502)
(221, 1, 18768)
(221, 62, 4895)
(221, 190, 21832)
(221, 199, 7747)
(221, 83, 24731)
(221, 104, 5766)
(221, 37, 22101)
(221, 182, 2652)
(221, 3, 596)
(221, 9, 16322)
(222, 98, 4259)
(222, 182, 17824)
(222, 67, 14036)
(222, 161, 5222)
(222, 69, 10096)
(222, 216, 11056)
(222, 107, 20817)
(222, 43, 4321)
(222, 68, 18242)
(222, 33, 16915)
(222, 132, 17194)
(222, 95, 9106)
(222, 31, 14652)
(222, 125, 25011)
(222, 6, 16116)
(222, 190, 16578)
(222, 48, 9769)
(222, 101, 11694)
(222, 149, 15280)
(222, 145, 14938)
(222, 193, 13741)
(222, 72, 14834)
(222, 130, 23217)
(222, 81, 2264)
(222, 203, 22620)
(222, 126, 14317)
(222, 78, 2616)
(222, 8, 7506)
(222, 197, 24433)
(222, 111, 16842)
(222, 28, 24242)
(222, 202, 20880)
(222, 175, 16577)
(222, 185, 6223)
(222, 26, 8714)
(222, 23, 23015)
(222, 96, 12702)
(222, 1, 11215)
(222, 163, 14546)
(222, 168, 5998)
(222, 75, 23040)
(222, 29, 1797)
(222, 47, 2834)
(222, 99, 6345)
(222, 131, 23608)
(222, 44, 4758)
(222, 105, 23029)
(222, 59, 22978)
(222, 77, 6578)
(222, 184, 25103)
(222, 51, 14278)
(222, 58, 11687)
(222, 135, 18750)
(222, 200, 14296)
(222, 173, 12387)
(222, 152, 25048)
(222, 45, 1911)
(222, 76, 3378)
(222, 134, 7020)
(222, 162, 2828)
(222, 133, 20024)
(222, 206, 20613)
(222, 46, 12896)
(222, 110, 5154)
(222, 167, 17477)
(222, 113, 9492)
(222, 199, 24028)
(222, 89, 21151)
(222, 70, 1212)
(222, 124, 3598)
(222, 41, 20139)
(222, 138, 23818)
(222, 204, 9806)
(222, 100, 7780)
(222, 42, 19257)
(222, 0, 9271)
(222, 15, 8325)
(222, 164, 14813)
(222, 155, 19096)
(222, 128, 16501)
(222, 27, 12454)
(222, 79, 23975)
(222, 207, 22683)
(222, 142, 13194)
(222, 50, 8162)
(222, 118, 18377)
(222, 165, 9260)
(222, 119, 5178)
(222, 16, 1464)
(222, 103, 1158)
(222, 85, 8757)
(222, 208, 6745)
(222, 71, 1359)
(222, 3, 16428)
(222, 116, 23021)
(222, 20, 715)
(222, 97, 3380)
(222, 141, 7122)
(222, 24, 11832)
(222, 30, 9267)
(222, 90, 13034)
(222, 212, 15760)
(222, 150, 10117)
(222, 87, 9066)
(222, 170, 8327)
(222, 153, 1235)
(222, 5, 17756)
(222, 136, 9883)
(222, 108, 1297)
(222, 13, 18863)
(222, 160, 14370)
(222, 174, 21544)
(222, 120, 15928)
(222, 22, 24124)
(222, 151, 17244)
(222, 171, 2459)
(222, 25, 19627)
(222, 121, 22646)
(222, 94, 53)
(222, 114, 24603)
(222, 9, 1697)
(222, 187, 268)
(222, 179, 11547)
(222, 123, 16669)
(222, 189, 9054)
(222, 217, 20222)
(222, 57, 20101)
(222, 215, 18240)
(222, 73, 17116)
(222, 84, 25174)
(222, 37, 24368)
(222, 55, 25453)
(222, 205, 17664)
(222, 52, 12456)
(222, 74, 2792)
(222, 102, 5370)
(222, 4, 123)
(222, 7, 350)
(222, 191, 6186)
(222, 147, 7812)
(222, 17, 4096)
(222, 11, 15639)
(222, 178, 11860)
(222, 213, 1388)
(222, 12, 6161)
(222, 201, 23891)
(222, 86, 19676)
(222, 61, 4778)
(222, 154, 22181)
(222, 140, 6544)
(222, 32, 1992)
(222, 192, 17713)
(222, 144, 2401)
(222, 129, 1228)
(222, 91, 1198)
(222, 214, 14372)
(222, 180, 14377)
(222, 92, 15720)
(222, 40, 22086)
(222, 156, 22422)
(222, 196, 25741)
(222, 166, 15921)
(222, 112, 9046)
(222, 143, 21399)
(222, 62, 10271)
(222, 21, 10651)
(222, 2, 20888)
(222, 66, 5185)
(222, 64, 23872)
(222, 194, 4035)
(222, 65, 22863)
(222, 82, 8233)
(222, 209, 6810)
(222, 210, 15667)
(222, 53, 16100)
(222, 104, 24584)
(222, 88, 1055)
(222, 19, 8733)
(222, 220, 16771)
(222, 60, 24622)
(222, 211, 14113)
(222, 117, 15330)
(223, 125, 10553)
(223, 143, 20822)
(223, 177, 7627)
(223, 195, 6316)
(223, 137, 14556)
(223, 92, 9884)
(223, 164, 7845)
(223, 169, 3355)
(223, 147, 9965)
(223, 83, 17673)
(223, 72, 7898)
(223, 142, 3840)
(223, 156, 8471)
(223, 17, 19522)
(223, 198, 23373)
(223, 209, 9961)
(223, 135, 22739)
(223, 45, 12026)
(223, 133, 471)
(223, 66, 16081)
(223, 73, 3240)
(223, 140, 10775)
(223, 153, 11777)
(223, 89, 12000)
(223, 213, 3668)
(223, 110, 10694)
(223, 104, 5035)
(223, 210, 2121)
(223, 218, 12384)
(223, 57, 2377)
(223, 108, 19869)
(223, 74, 5332)
(223, 150, 169)
(223, 212, 5036)
(223, 220, 2634)
(223, 16, 23177)
(223, 50, 9736)
(223, 217, 22110)
(223, 185, 8357)
(223, 180, 17199)
(223, 111, 4331)
(223, 10, 25452)
(223, 211, 18223)
(223, 59, 20113)
(223, 68, 9242)
(223, 196, 11659)
(223, 157, 16953)
(223, 3, 12177)
(223, 160, 4949)
(223, 121, 16078)
(223, 4, 1383)
(223, 144, 13063)
(223, 5, 15889)
(223, 31, 11207)
(223, 207, 1586)
(223, 60, 5151)
(223, 97, 21576)
(223, 190, 20151)
(223, 90, 7172)
(223, 115, 2085)
(223, 54, 23168)
(223, 32, 13139)
(223, 188, 18918)
(223, 40, 11672)
(223, 159, 2376)
(223, 9, 14156)
(223, 204, 5259)
(223, 102, 9004)
(223, 182, 7174)
(223, 148, 3347)
(223, 84, 19763)
(223, 29, 11480)
(223, 175, 3559)
(223, 208, 13517)
(223, 161, 8015)
(223, 126, 3842)
(223, 114, 10905)
(223, 69, 20603)
(223, 155, 14500)
(223, 36, 25514)
(223, 152, 4417)
(223, 171, 5180)
(223, 131, 12092)
(223, 127, 23467)
(223, 107, 21787)
(223, 71, 20774)
(223, 13, 18391)
(223, 35, 10206)
(223, 162, 1983)
(223, 203, 23068)
(223, 116, 5999)
(223, 205, 21511)
(223, 151, 2778)
(223, 25, 24203)
(223, 123, 6817)
(223, 87, 16870)
(223, 19, 12949)
(223, 183, 21816)
(223, 100, 24851)
(223, 15, 5776)
(223, 193, 23477)
(223, 214, 24366)
(223, 165, 13498)
(223, 8, 51)
(223, 38, 5440)
(223, 99, 12744)
(223, 51, 2953)
(223, 47, 8512)
(223, 55, 23695)
(223, 93, 6799)
(223, 91, 9669)
(223, 201, 10193)
(223, 79, 2437)
(223, 120, 6796)
(223, 141, 11418)
(223, 149, 5183)
(223, 118, 2363)
(223, 124, 7854)
(223, 64, 21633)
(223, 187, 937)
(223, 128, 8265)
(223, 129, 19060)
(223, 186, 25189)
(223, 158, 3067)
(223, 65, 6016)
(223, 1, 5255)
(223, 179, 15211)
(223, 70, 18777)
(223, 199, 4041)
(223, 14, 1706)
(223, 26, 62)
(223, 136, 4715)
(223, 34, 3830)
(223, 172, 17990)
(223, 44, 1578)
(223, 56, 289)
(223, 48, 15802)
(223, 27, 10734)
(223, 202, 11389)
(223, 86, 22074)
(223, 215, 24)
(223, 21, 25037)
(223, 41, 25340)
(223, 11, 11522)
(223, 96, 5572)
(223, 134, 11542)
(223, 46, 16446)
(223, 43, 16043)
(223, 6, 7908)
(223, 106, 3874)
(223, 2, 7316)
(223, 61, 5660)
(223, 170, 4469)
(223, 139, 18835)
(223, 52, 15452)
(223, 12, 14121)
(223, 206, 25019)
(223, 117, 13208)
(223, 163, 9126)
(223, 85, 1144)
(223, 174, 24112)
(223, 81, 11916)
(223, 138, 17686)
(224, 42, 3222)
(224, 126, 10263)
(224, 215, 3558)
(224, 108, 8085)
(224, 186, 11024)
(224, 217, 12645)
(224, 81, 17845)
(224, 84, 4298)
(224, 195, 8712)
(225, 98, 1853)
(225, 112, 8453)
(225, 97, 16747)
(225, 156, 18558)
(225, 167, 12605)
(225, 39, 20490)
(225, 90, 15753)
(225, 55, 23053)
(225, 42, 6971)
(225, 72, 10417)
(225, 201, 23505)
(225, 217, 5342)
(225, 110, 10200)
(225, 104, 14913)
(225, 53, 17385)
(225, 26, 23540)
(225, 41, 23272)
(225, 51, 9945)
(225, 88, 9674)
(225, 182, 25720)
(225, 19, 20420)
(225, 118, 10763)
(225, 119, 2111)
(225, 200, 18753)
(225, 84, 453)
(225, 91, 23050)
(225, 150, 7673)
(225, 176, 19891)
(225, 75, 5034)
(225, 121, 24583)
(225, 76, 22018)
(225, 123, 17388)
(225, 162, 3649)
(225, 35, 11292)
(225, 138, 255)
(225, 196, 3493)
(225, 209, 8152)
(225, 195, 12439)
(225, 12, 1844)
(225, 145, 3827)
(225, 105, 14915)
(225, 129, 25282)
(225, 60, 13584)
(225, 168, 14172)
(225, 61, 2662)
(225, 86, 20737)
(225, 224, 10153)
(225, 221, 18230)
(225, 189, 25682)
(225, 4, 4698)
(225, 1, 23414)
(225, 44, 2749)
(225, 211, 8119)
(225, 198, 25363)
(225, 128, 23991)
(225, 171, 18395)
(225, 140, 5770)
(225, 216, 21872)
(225, 6, 21313)
(225, 218, 11425)
(225, 3, 23427)
(225, 77, 8611)
(225, 223, 22796)
(225, 92, 288)
(225, 111, 5095)
(225, 153, 686)
(225, 81, 6324)
(225, 192, 7369)
(225, 94, 7860)
(225, 69, 13042)
(225, 161, 21265)
(225, 219, 21390)
(225, 87, 1876)
(225, 24, 9123)
(225, 59, 14373)
(225, 114, 14821)
(225, 183, 3686)
(225, 133, 23049)
(225, 8, 14157)
(225, 68, 22844)
(225, 74, 1115)
(225, 193, 131)
(225, 96, 17203)
(225, 157, 150)
(225, 175, 148)
(225, 108, 24082)
(225, 102, 1773)
(225, 23, 9598)
(225, 20, 22280)
(225, 166, 3330)
(225, 38, 9359)
(225, 15, 6994)
(225, 46, 25106)
(225, 65, 2504)
(225, 22, 7501)
(225, 124, 22463)
(225, 206, 21161)
(225, 103, 8627)
(225, 40, 16528)
(225, 16, 928)
(225, 43, 10128)
(225, 160, 25504)
(225, 169, 16490)
(225, 71, 2771)
(225, 142, 23311)
(225, 184, 12727)
(225, 149, 21017)
(225, 205, 8426)
(225, 122, 21436)
(225, 132, 9918)
(225, 214, 9634)
(225, 174, 18878)
(225, 95, 4553)
(225, 33, 1159)
(225, 202, 21763)
(225, 29, 16177)
(225, 73, 21888)
(225, 148, 3134)
(225, 36, 21810)
(225, 126, 8815)
(225, 185, 4876)
(225, 107, 9382)
(225, 179, 9257)
(225, 2, 14129)
(225, 135, 17743)
(225, 115, 15755)
(225, 50, 8083)
(225, 137, 20786)
(225, 58, 4236)
(225, 173, 1497)
(225, 79, 23302)
(225, 165, 25564)
(225, 57, 11067)
(225, 66, 21578)
(225, 11, 13133)
(225, 54, 9801)
(225, 117, 15050)
(225, 191, 24271)
(225, 10, 3899)
(225, 139, 6850)
(226, 16, 22478)
(226, 66, 1086)
(226, 14, 25657)
(226, 97, 7460)
(226, 109, 33)
(226, 27, 1562)
(226, 70, 2200)
(226, 175, 20054)
(226, 130, 8125)
(226, 156, 13154)
(226, 210, 16594)
(226, 191, 15832)
(226, 192, 5809)
(226, 84, 20778)
(226, 213, 13027)
(226, 46, 4911)
(226, 133, 16440)
(226, 22, 25299)
