260
(1, 0, 24588)
(2, 0, 9513)
(3, 1, 6833)
(3, 0, 7008)
(3, 2, 27980)
(4, 3, 5126)
(4, 2, 27036)
(5, 1, 33213)
(5, 0, 2174)
(5, 4, 13821)
(5, 2, 29276)
(5, 3, 19592)
(6, 1, 4951)
(6, 2, 16078)
(6, 3, 10775)
(7, 5, 27410)
(7, 4, 32747)
(8, 4, 29367)
(8, 5, 32842)
(8, 2, 8342)
(8, 1, 4587)
(8, 7, 29772)
(8, 3, 20469)
(9, 7, 6319)
(9, 8, 32947)
(9, 2, 28195)
(9, 4, 8910)
(10, 0, 7610)
(10, 7, 929)
(10, 1, 12964)
(11, 10, 10104)
(12, 8, 16680)
(12, 6, 20280)
(12, 3, 11090)
(12, 0, 33237)
(12, 5, 18741)
(12, 7, 15229)
(12, 11, 2607)
(12, 9, 29738)
(12, 4, 4380)
(13, 9, 20826)
(13, 11, 2798)
(14, 9, 31761)
(14, 5, 15031)
(14, 0, 12460)
(14, 8, 11440)
(14, 3, 14201)
(14, 7, 20542)
(14, 13, 30634)
(14, 4, 23684)
(14, 6, 13742)
(14, 12, 6539)
(15, 13, 11203)
(15, 2, 3589)
(15, 10, 20122)
(15, 12, 30542)
(15, 14, 31252)
(15, 1, 26111)
(15, 6, 26453)
(15, 8, 3227)
(15, 3, 7009)
(15, 11, 27165)
(15, 5, 4385)
(15, 0, 15602)
(15, 7, 23584)
(15, 9, 11123)
(16, 2, 24960)
(16, 11, 32821)
(16, 3, 31379)
(16, 1, 19562)
(16, 6, 3420)
(16, 13, 257)
(16, 9, 33391)
(16, 5, 28905)
(17, 10, 7897)
(17, 3, 20266)
(17, 7, 6197)
(17, 0, 16226)
(17, 14, 3811)
(17, 11, 19699)
(17, 2, 17827)
(17, 5, 22746)
(17, 15, 32092)
(17, 4, 25092)
(18, 14, 19778)
(18, 15, 24513)
(18, 7, 23463)
(18, 9, 22610)
(18, 5, 16560)
(18, 16, 9683)
(19, 10, 1528)
(19, 4, 28671)
(19, 18, 4731)
(19, 1, 28041)
(19, 13, 10699)
(19, 0, 8021)
(19, 17, 29955)
(19, 14, 22590)
(19, 5, 20384)
(19, 3, 9019)
(19, 15, 16533)
(19, 9, 463)
(19, 7, 9140)
(20, 12, 14303)
(20, 13, 18882)
(20, 6, 17082)
(20, 11, 4052)
(20, 4, 33639)
(20, 15, 15077)
(20, 10, 32473)
(20, 19, 25123)
(20, 5, 25020)
(20, 17, 21495)
(20, 9, 23721)
(20, 2, 16348)
(20, 16, 23609)
(20, 1, 20180)
(20, 3, 2763)
(20, 0, 5632)
(21, 16, 14295)
(21, 15, 6960)
(21, 14, 6562)
(21, 9, 20104)
(21, 12, 18031)
(21, 19, 7134)
(21, 7, 4430)
(21, 0, 28793)
(21, 4, 580)
(21, 13, 20354)
(21, 20, 5238)
(21, 11, 3205)
(21, 8, 15499)
(21, 2, 33173)
(21, 10, 3593)
(21, 6, 26657)
(21, 3, 563)
(21, 17, 28878)
(21, 5, 25165)
(21, 18, 20921)
(22, 20, 4009)
(22, 7, 32710)
(22, 19, 26093)
(22, 21, 11477)
(22, 10, 14761)
(22, 0, 6499)
(22, 14, 14280)
(22, 16, 2790)
(22, 5, 7732)
(22, 13, 5598)
(22, 15, 28557)
(22, 9, 27707)
(22, 1, 18776)
(23, 13, 14670)
(23, 18, 24365)
(23, 17, 24286)
(23, 4, 29494)
(23, 20, 25503)
(23, 2, 26346)
(23, 7, 12356)
(23, 15, 14685)
(23, 21, 3393)
(24, 23, 30212)
(24, 2, 32393)
(24, 11, 13354)
(24, 6, 28641)
(24, 13, 8178)
(24, 14, 17221)
(24, 5, 27569)
(24, 9, 4138)
(24, 10, 26553)
(24, 0, 20575)
(24, 8, 14234)
(24, 17, 17072)
(24, 7, 9589)
(24, 18, 12200)
(24, 12, 13297)
(25, 8, 1335)
(25, 4, 774)
(25, 12, 16670)
(25, 0, 24665)
(25, 16, 25320)
(25, 10, 10365)
(25, 15, 22672)
(25, 22, 14554)
(26, 6, 15716)
(27, 16, 10297)
(27, 5, 33634)
(27, 7, 22992)
(27, 19, 33275)
(27, 23, 3955)
(27, 15, 7016)
(27, 11, 5498)
(27, 14, 18439)
(27, 17, 3429)
(27, 0, 15568)
(27, 9, 21026)
(27, 2, 4121)
(27, 22, 26876)
(27, 8, 18467)
(28, 21, 32145)
(28, 1, 3072)
(28, 27, 20823)
(28, 11, 1216)
(28, 0, 21578)
(28, 22, 33457)
(28, 25, 12553)
(28, 5, 73)
(28, 15, 33341)
(28, 10, 19943)
(28, 19, 22677)
(28, 7, 4994)
(28, 2, 33380)
(28, 17, 15909)
(28, 9, 29328)
(28, 26, 22698)
(28, 23, 24641)
(28, 18, 22108)
(29, 5, 7174)
(29, 0, 13339)
(29, 3, 33198)
(29, 13, 7021)
(29, 1, 11187)
(29, 10, 16323)
(29, 25, 763)
(29, 11, 501)
(29, 24, 25789)
(29, 16, 2924)
(29, 22, 11758)
(29, 23, 8299)
(29, 2, 23462)
(29, 20, 22404)
(29, 18, 5534)
(29, 12, 19885)
(29, 19, 15867)
(29, 7, 6077)
(30, 11, 21943)
(30, 23, 32838)
(30, 15, 9266)
(30, 6, 11990)
(30, 17, 6155)
(30, 20, 23904)
(30, 3, 21476)
(30, 16, 27121)
(30, 27, 5899)
(30, 2, 13010)
(30, 8, 31038)
(31, 3, 12572)
(31, 9, 18039)
(31, 14, 5466)
(31, 19, 13889)
(31, 4, 5690)
(31, 30, 9583)
(31, 24, 7848)
(31, 17, 7985)
(32, 3, 8218)
(32, 12, 6401)
(32, 31, 16789)
(32, 15, 768)
(32, 7, 21371)
(32, 8, 21872)
(32, 20, 9716)
(32, 0, 15160)
(32, 10, 22410)
(32, 25, 19602)
(33, 18, 21708)
(33, 20, 10474)
(33, 6, 10026)
(33, 16, 332)
(33, 3, 23937)
(33, 17, 6871)
(33, 0, 16528)
(33, 24, 21978)
(33, 12, 18054)
(33, 10, 31411)
(33, 4, 12316)
(33, 13, 16917)
(33, 11, 22293)
(33, 9, 20059)
(33, 15, 19915)
(33, 8, 23107)
(33, 26, 27288)
(33, 32, 31253)
(33, 2, 22646)
(33, 27, 26470)
(33, 7, 20017)
(33, 29, 25145)
(34, 19, 18173)
(34, 23, 18926)
(34, 32, 29733)
(34, 3, 12654)
(34, 28, 29587)
(34, 16, 32401)
(34, 22, 18911)
(34, 18, 19888)
(34, 29, 25314)
(34, 21, 6324)
(34, 13, 28920)
(34, 12, 16363)
(34, 8, 21222)
(34, 25, 13774)
(34, 11, 12696)
(34, 27, 31279)
(34, 4, 15617)
(34, 33, 5747)
(34, 30, 17595)
(34, 5, 28893)
(34, 1, 7061)
(34, 26, 4152)
(34, 24, 20140)
(34, 7, 9550)
(34, 14, 25282)
(34, 20, 17239)
(35, 22, 12342)
(35, 14, 25034)
(35, 2, 2259)
(35, 17, 32712)
(35, 20, 16446)
(35, 26, 13218)
(35, 31, 26373)
(35, 34, 23884)
(35, 7, 20321)
(35, 32, 10267)
(35, 15, 18127)
(36, 21, 21827)
(36, 8, 28058)
(36, 26, 12106)
(36, 33, 16377)
(36, 20, 14026)
(36, 27, 31477)
(36, 14, 18118)
(36, 10, 24171)
(36, 0, 8631)
(36, 13, 6325)
(36, 31, 2485)
(36, 15, 1725)
(36, 3, 26567)
(36, 34, 15686)
(36, 6, 29742)
(36, 30, 2422)
(36, 29, 16253)
(37, 11, 8896)
(37, 33, 3501)
(37, 20, 27379)
(37, 4, 23324)
(38, 4, 28591)
(38, 20, 26247)
(38, 21, 26221)
(38, 28, 21579)
(38, 16, 19573)
(38, 32, 30020)
(38, 7, 17828)
(38, 1, 9342)
(38, 23, 21780)
(38, 9, 14886)
(39, 34, 28315)
(39, 1, 22525)
(39, 14, 1056)
(39, 25, 5544)
(39, 28, 4165)
(39, 18, 32969)
(39, 16, 14850)
(39, 23, 27803)
(39, 12, 26560)
(39, 26, 32024)
(39, 24, 28086)
(39, 4, 18839)
(39, 29, 31015)
(39, 36, 19210)
(39, 20, 4354)
(39, 2, 21862)
(39, 33, 14460)
(39, 17, 4656)
(39, 15, 8247)
(39, 6, 6983)
(39, 9, 6363)
(40, 5, 18601)
(40, 11, 25080)
(40, 15, 7642)
(40, 13, 30312)
(40, 8, 4017)
(40, 9, 15409)
(40, 29, 28449)
(40, 24, 7152)
(40, 10, 19955)
(40, 33, 22641)
(40, 6, 15868)
(40, 31, 6362)
(40, 27, 19651)
(40, 18, 16660)
(40, 3, 405)
(41, 23, 2564)
(41, 30, 20165)
(41, 24, 7702)
(41, 3, 17156)
(41, 0, 17757)
(41, 25, 1929)
(41, 38, 18103)
(41, 37, 28150)
(41, 17, 1985)
(41, 26, 7875)
(41, 36, 11068)
(41, 20, 29465)
(41, 18, 11319)
(41, 5, 14256)
(41, 29, 13920)
(42, 27, 26491)
(42, 0, 26837)
(42, 25, 2077)
(42, 20, 31312)
(42, 23, 10740)
(42, 38, 12227)
(42, 6, 18555)
(42, 12, 25925)
(42, 33, 23171)
(42, 40, 20238)
(42, 31, 21604)
(42, 29, 19655)
(42, 21, 29639)
(42, 37, 26161)
(42, 32, 29129)
(42, 18, 29172)
(42, 30, 18192)
(42, 24, 8566)
(42, 10, 28314)
(42, 14, 31166)
(42, 41, 16939)
(42, 34, 23316)
(42, 4, 27103)
(42, 35, 23322)
(42, 13, 20173)
(43, 2, 16621)
(43, 13, 27746)
(43, 20, 30494)
(43, 30, 20169)
(43, 16, 1264)
(43, 17, 27403)
(43, 19, 13906)
(43, 22, 19687)
(43, 34, 2537)
(44, 24, 22348)
(44, 25, 19611)
(44, 28, 23044)
(44, 30, 13093)
(44, 33, 9898)
(44, 29, 19931)
(44, 31, 22328)
(44, 43, 22556)
(44, 41, 22178)
(44, 35, 2165)
(44, 14, 25415)
(44, 16, 26689)
(44, 32, 31358)
(44, 17, 835)
(44, 18, 15848)
(44, 6, 22633)
(44, 19, 8430)
(44, 7, 27921)
(44, 1, 31789)
(44, 38, 4201)
(44, 4, 12928)
(44, 2, 32734)
(44, 12, 11591)
(44, 20, 23181)
(44, 39, 6203)
(44, 36, 29345)
(44, 5, 193)
(44, 9, 32162)
(44, 21, 19248)
(44, 15, 1776)
(45, 23, 8825)
(45, 35, 20517)
(45, 24, 15318)
(45, 15, 26931)
(45, 30, 16216)
(45, 34, 26177)
(45, 39, 12948)
(45, 0, 17149)
(45, 4, 8751)
(45, 40, 13266)
(45, 37, 30153)
(45, 13, 2713)
(45, 14, 16992)
(45, 2, 20989)
(45, 41, 344)
(45, 25, 13908)
(45, 26, 19636)
(45, 42, 5689)
(46, 15, 25768)
(46, 38, 6753)
(46, 19, 4620)
(46, 14, 30281)
(46, 21, 30849)
(46, 17, 4464)
(46, 7, 24534)
(46, 44, 20783)
(46, 18, 21325)
(46, 4, 18617)
(46, 16, 621)
(46, 5, 8411)
(46, 25, 1086)
(46, 2, 16625)
(46, 34, 28658)
(46, 20, 8394)
(46, 42, 27693)
(46, 29, 1536)
(46, 41, 28213)
(46, 10, 33589)
(46, 27, 24354)
(46, 31, 26218)
(46, 1, 2440)
(46, 0, 18360)
(46, 28, 14263)
(46, 13, 15153)
(46, 3, 18713)
(46, 12, 27322)
(46, 35, 12763)
(46, 22, 21162)
(46, 8, 22416)
(46, 37, 2583)
(46, 40, 11955)
(46, 11, 13196)
(46, 6, 3862)
(46, 39, 8490)
(46, 36, 25103)
(46, 32, 1754)
(46, 45, 14343)
(46, 23, 23723)
(46, 30, 31451)
(46, 43, 4756)
(46, 9, 11241)
(46, 24, 9909)
(46, 33, 1671)
(47, 9, 6247)
(47, 15, 23817)
(47, 18, 15805)
(47, 12, 24646)
(47, 37, 8929)
(47, 7, 29010)
(47, 30, 12675)
(47, 25, 25289)
(47, 24, 21834)
(47, 43, 16590)
(47, 2, 26990)
(47, 20, 20597)
(47, 39, 5971)
(47, 34, 19130)
(47, 4, 22501)
(47, 3, 31596)
(47, 0, 12301)
(47, 13, 7133)
(47, 16, 31231)
(47, 21, 14502)
(47, 14, 23741)
(47, 42, 33562)
(47, 46, 6923)
(47, 38, 32284)
(47, 35, 1585)
(47, 28, 6455)
(47, 5, 29446)
(47, 23, 1476)
(47, 45, 25042)
(47, 11, 370)
(47, 44, 17875)
(47, 33, 15736)
(47, 29, 30103)
(47, 22, 3603)
(47, 41, 15831)
(47, 17, 4623)
(47, 8, 9939)
(47, 31, 31295)
(47, 19, 31256)
(47, 26, 13495)
(48, 7, 10442)
(48, 13, 12800)
(48, 0, 15911)
(48, 27, 33305)
(48, 31, 26511)
(48, 34, 9179)
(48, 37, 28045)
(48, 3, 2167)
(48, 10, 15503)
(48, 35, 32089)
(48, 4, 30923)
(48, 22, 12656)
(48, 15, 15016)
(48, 11, 32608)
(48, 47, 25747)
(48, 16, 20803)
(48, 38, 7072)
(48, 36, 25735)
(48, 6, 33136)
(49, 39, 4896)
(50, 7, 11287)
(50, 26, 29947)
(50, 6, 165)
(50, 49, 1409)
(50, 48, 30441)
(50, 30, 2571)
(50, 45, 25934)
(50, 43, 17034)
(50, 47, 14504)
(50, 35, 33602)
(50, 23, 12577)
(50, 8, 28783)
(50, 27, 33708)
(50, 18, 26497)
(50, 20, 11266)
(50, 19, 26021)
(50, 32, 8811)
(50, 13, 6377)
(50, 33, 31169)
(50, 14, 13916)
(50, 40, 5155)
(50, 37, 33064)
(50, 15, 22442)
(50, 9, 6479)
(50, 5, 30466)
(50, 39, 7354)
(50, 41, 15645)
(50, 0, 13768)
(50, 12, 22361)
(50, 11, 105)
(51, 22, 23783)
(51, 43, 27158)
(51, 5, 4889)
(51, 44, 8731)
(51, 31, 29791)
(51, 6, 12680)
(51, 30, 13796)
(51, 38, 31148)
(51, 16, 1064)
(51, 13, 10198)
(51, 37, 2773)
(51, 50, 5860)
(51, 21, 17550)
(51, 25, 18738)
(51, 12, 7142)
(51, 49, 29219)
(51, 18, 23911)
(51, 42, 2205)
(51, 14, 30776)
(51, 41, 18961)
(51, 33, 7406)
(51, 1, 29615)
(51, 24, 31086)
(52, 5, 736)
(52, 33, 11130)
(52, 3, 26764)
(52, 31, 4450)
(52, 12, 7855)
(52, 4, 33235)
(52, 38, 8674)
(52, 51, 33152)
(52, 24, 1683)
(52, 15, 24152)
(52, 47, 11074)
(52, 49, 20242)
(52, 26, 10146)
(52, 13, 10620)
(52, 27, 11544)
(52, 9, 32398)
(52, 20, 27443)
(52, 0, 1584)
(53, 7, 12156)
(53, 42, 5522)
(53, 0, 15354)
(53, 49, 8722)
(53, 28, 32477)
(53, 36, 14735)
(53, 5, 17824)
(53, 44, 733)
(53, 33, 31489)
(53, 19, 33383)
(53, 51, 24154)
(53, 34, 15729)
(53, 13, 21661)
(53, 15, 29187)
(53, 3, 29539)
(53, 31, 3722)
(53, 48, 2613)
(53, 14, 22578)
(53, 29, 14345)
(53, 23, 863)
(53, 16, 26152)
(53, 21, 5288)
(53, 52, 494)
(53, 50, 25271)
(53, 46, 6079)
(53, 6, 31938)
(53, 12, 32263)
(53, 20, 19147)
(53, 32, 22584)
(53, 25, 10572)
(53, 35, 15118)
(53, 40, 21705)
(53, 8, 4230)
(53, 43, 23382)
(53, 22, 6039)
(53, 41, 2414)
(53, 24, 32318)
(54, 3, 30360)
(54, 40, 18530)
(54, 51, 13825)
(54, 22, 31045)
(54, 26, 24224)
(54, 21, 13789)
(55, 25, 2189)
(55, 46, 17968)
(55, 27, 3412)
(55, 14, 18971)
(55, 38, 9273)
(55, 47, 2087)
(55, 20, 31369)
(55, 36, 28510)
(55, 16, 12459)
(55, 40, 18852)
(55, 49, 4494)
(55, 39, 24184)
(55, 11, 2923)
(55, 4, 6955)
(55, 13, 30256)
(55, 26, 31331)
(55, 9, 24512)
(55, 12, 22831)
(55, 6, 11148)
(55, 21, 23518)
(55, 24, 4313)
(55, 3, 6185)
(55, 30, 25941)
(56, 9, 4996)
(56, 26, 4247)
(56, 1, 31687)
(56, 13, 5715)
(56, 18, 17540)
(56, 23, 30286)
(56, 35, 26916)
(56, 51, 28672)
(56, 6, 18064)
(57, 8, 25017)
(57, 48, 19708)
(57, 2, 16806)
(57, 24, 5390)
(57, 11, 25087)
(57, 54, 28185)
(57, 5, 27159)
(57, 39, 8518)
(57, 30, 1565)
(57, 28, 15191)
(57, 16, 19578)
(57, 14, 23893)
(57, 34, 12665)
(57, 10, 11537)
(57, 43, 18583)
(57, 29, 19537)
(57, 4, 22033)
(57, 40, 16081)
(57, 53, 26298)
(57, 46, 31188)
(57, 20, 23749)
(57, 27, 9983)
(57, 1, 9464)
(57, 31, 12353)
(57, 38, 15735)
(57, 23, 32195)
(57, 49, 32184)
(57, 17, 22504)
(57, 37, 23014)
(57, 13, 3322)
(57, 22, 11863)
(57, 32, 7393)
(57, 42, 25948)
(57, 15, 32707)
(57, 35, 10505)
(57, 3, 10258)
(57, 44, 11669)
(57, 56, 11617)
(57, 50, 26637)
(57, 52, 19038)
(57, 25, 4726)
(57, 0, 5930)
(57, 36, 15338)
(57, 9, 2133)
(57, 45, 18060)
(57, 51, 15639)
(57, 7, 23270)
(57, 33, 4816)
(57, 21, 16398)
(57, 6, 25902)
(57, 19, 15231)
(57, 12, 2225)
(57, 47, 31665)
(58, 31, 2313)
(58, 6, 32334)
(58, 25, 30318)
(58, 45, 8476)
(58, 18, 16938)
(58, 13, 29583)
(58, 15, 6146)
(58, 30, 30672)
(58, 57, 8464)
(58, 36, 8696)
(58, 1, 30303)
(58, 33, 20603)
(58, 37, 892)
(58, 53, 24725)
(58, 47, 33062)
(58, 44, 19503)
(58, 42, 2444)
(58, 26, 1114)
(58, 35, 29032)
(58, 20, 21417)
(58, 55, 5209)
(58, 27, 14028)
(58, 39, 28527)
(58, 12, 16230)
(58, 50, 549)
(58, 51, 6549)
(58, 2, 28959)
(58, 40, 29251)
(58, 23, 3305)
(59, 24, 32002)
(59, 48, 32134)
(59, 51, 3392)
(59, 14, 14182)
(59, 4, 8808)
(59, 7, 2054)
(59, 46, 5094)
(59, 52, 16440)
(59, 49, 26352)
(59, 29, 21000)
(59, 8, 3901)
(59, 12, 16612)
(59, 53, 21296)
(59, 1, 13630)
(59, 6, 27472)
(59, 10, 28418)
(59, 22, 7777)
(59, 44, 28686)
(59, 35, 3153)
(59, 21, 11680)
(59, 32, 8447)
(59, 57, 33103)
(59, 16, 230)
(59, 40, 19040)
(59, 13, 30842)
(59, 42, 29701)
(59, 45, 31264)
(59, 0, 25219)
(59, 9, 21406)
(59, 58, 988)
(59, 19, 25368)
(59, 20, 17601)
(59, 55, 30512)
(59, 28, 4968)
(59, 33, 33131)
(59, 41, 30382)
(59, 30, 30325)
(59, 26, 16099)
(59, 50, 13500)
(59, 38, 2069)
(59, 47, 3756)
(59, 31, 6307)
(59, 27, 16272)
(59, 43, 19182)
(59, 54, 12625)
(59, 17, 19738)
(59, 37, 16835)
(59, 34, 10401)
(59, 2, 26133)
(59, 23, 13931)
(59, 11, 7807)
(59, 25, 26408)
(59, 39, 26203)
(59, 15, 7969)
(59, 3, 22360)
(59, 36, 6435)
(59, 18, 28348)
(60, 53, 7199)
(60, 2, 9726)
(60, 6, 12099)
(60, 52, 26487)
(60, 43, 6607)
(60, 18, 2985)
(60, 27, 15249)
(60, 47, 18779)
(60, 41, 15620)
(60, 37, 6800)
(60, 19, 17984)
(60, 40, 20913)
(60, 34, 11574)
(60, 12, 29339)
(60, 13, 24915)
(60, 7, 9436)
(60, 46, 3676)
(60, 28, 5195)
(60, 26, 3058)
(60, 39, 21669)
(60, 31, 4116)
(60, 4, 14217)
(61, 33, 32501)
(61, 40, 1350)
(61, 23, 3498)
(61, 0, 13065)
(61, 15, 16605)
(61, 16, 25793)
(61, 5, 4075)
(61, 25, 5911)
(61, 14, 24882)
(61, 7, 16247)
(61, 29, 14188)
(61, 47, 5245)
(61, 11, 13730)
(61, 6, 32186)
(61, 26, 18102)
(61, 3, 4351)
(61, 58, 20239)
(61, 18, 3372)
(61, 24, 21671)
(61, 50, 27364)
(61, 1, 25049)
(61, 45, 2339)
(61, 22, 30368)
(61, 54, 2447)
(61, 46, 19324)
(62, 16, 10309)
(62, 54, 30885)
(62, 26, 21482)
(62, 8, 30137)
(62, 34, 366)
(62, 3, 12578)
(62, 17, 5531)
(62, 11, 31054)
(62, 45, 20689)
(62, 4, 32967)
(62, 10, 1168)
(62, 5, 24989)
(62, 37, 30633)
(62, 27, 22876)
(62, 28, 27672)
(62, 48, 6081)
(62, 25, 21944)
(62, 31, 1383)
(62, 58, 33760)
(62, 18, 4191)
(62, 23, 8255)
(62, 38, 13680)
(62, 29, 14601)
(62, 14, 3912)
(62, 1, 9425)
(63, 61, 6530)
(63, 29, 1596)
(63, 14, 29496)
(63, 56, 32530)
(63, 62, 16615)
(63, 41, 6270)
(63, 2, 2003)
(63, 45, 25984)
(63, 22, 31734)
(63, 11, 23259)
(63, 50, 32692)
(63, 58, 367)
(63, 3, 12208)
(63, 18, 20672)
(63, 55, 13353)
(63, 6, 16267)
(63, 28, 10362)
(63, 1, 26696)
(63, 19, 15390)
(63, 36, 6847)
(63, 44, 32315)
(63, 54, 33438)
(63, 51, 13993)
(64, 19, 26132)
(64, 52, 19889)
(64, 12, 2239)
(64, 6, 1257)
(64, 0, 18373)
(64, 31, 30594)
(64, 20, 3117)
(64, 24, 27305)
(64, 4, 33650)
(64, 33, 29434)
(64, 13, 2262)
(64, 61, 9778)
(64, 44, 3241)
(64, 60, 13419)
(64, 53, 6560)
(64, 39, 21728)
(64, 10, 18513)
(64, 46, 29128)
(64, 59, 16295)
(64, 30, 10957)
(64, 32, 24110)
(64, 21, 9230)
(64, 11, 4846)
(64, 3, 3968)
(64, 48, 14938)
(64, 28, 31727)
(64, 25, 10106)
(64, 51, 12855)
(64, 15, 18291)
(64, 5, 12463)
(64, 45, 12776)
(64, 16, 10532)
(64, 49, 17049)
(65, 17, 15933)
(65, 9, 29357)
(65, 51, 12538)
(65, 36, 4572)
(65, 27, 3924)
(65, 60, 29636)
(65, 30, 15366)
(65, 10, 16420)
(65, 49, 9229)
(65, 55, 18110)
(65, 22, 24802)
(65, 32, 32699)
(65, 8, 3031)
(65, 16, 2009)
(65, 59, 5406)
(65, 26, 9321)
(65, 33, 19855)
(65, 39, 1592)
(65, 23, 24170)
(65, 63, 21392)
(65, 4, 13471)
(65, 29, 10938)
(65, 46, 29385)
(65, 28, 28773)
(65, 58, 14936)
(65, 44, 31991)
(65, 1, 24201)
(65, 42, 13029)
(65, 15, 7585)
(65, 6, 21161)
(65, 7, 5982)
(65, 40, 4271)
(65, 57, 4454)
(66, 26, 17970)
(66, 56, 29355)
(66, 9, 25210)
(66, 51, 30250)
(66, 24, 33717)
(66, 50, 21706)
(66, 55, 590)
(66, 42, 23105)
(66, 1, 30763)
(66, 57, 17362)
(66, 47, 28345)
(66, 19, 18997)
(67, 41, 14842)
(67, 14, 16855)
(67, 47, 7727)
(67, 30, 8316)
(67, 61, 15343)
(67, 66, 4957)
(67, 49, 13308)
(67, 48, 3438)
(67, 23, 13240)
(67, 6, 10690)
(67, 55, 12699)
(67, 27, 18280)
(67, 34, 27952)
(67, 8, 11438)
(67, 62, 32135)
(67, 32, 16532)
(67, 25, 21065)
(67, 21, 30859)
(67, 52, 4099)
(67, 10, 14963)
(67, 26, 8082)
(68, 66, 20756)
(68, 19, 17696)
(68, 14, 24722)
(68, 32, 30838)
(68, 8, 22347)
(68, 65, 16053)
(68, 1, 23348)
(68, 57, 1248)
(68, 12, 17986)
(68, 23, 2104)
(68, 64, 23083)
(68, 46, 24174)
(68, 40, 25885)
(68, 48, 9028)
(68, 30, 17911)
(68, 49, 31404)
(69, 57, 17112)
(69, 40, 3469)
(69, 46, 21223)
(69, 13, 8358)
(69, 23, 22531)
(69, 35, 25790)
(69, 42, 28312)
(69, 22, 17257)
(69, 43, 32657)
(69, 54, 7791)
(69, 2, 1188)
(69, 11, 8033)
(69, 55, 20252)
(69, 31, 605)
(69, 32, 15364)
(69, 34, 31078)
(69, 0, 24558)
(69, 15, 29008)
(69, 66, 9491)
(69, 26, 11387)
(69, 58, 20884)
(69, 52, 33047)
(69, 12, 12168)
(69, 61, 26910)
(69, 20, 18962)
(69, 47, 13113)
(69, 27, 29378)
(69, 17, 17764)
(69, 3, 8304)
(69, 45, 2132)
(69, 6, 14841)
(69, 65, 13189)
(69, 36, 4328)
(69, 21, 25632)
(69, 56, 10948)
(69, 60, 28928)
(69, 37, 28172)
(69, 53, 30266)
(69, 10, 33464)
(69, 29, 2741)
(69, 18, 20339)
(69, 63, 25420)
(69, 44, 4172)
(69, 41, 31333)
(69, 1, 5464)
(69, 38, 30013)
(69, 48, 19924)
(69, 28, 18200)
(69, 50, 7679)
(69, 9, 19388)
(69, 25, 6153)
(69, 19, 18368)
(69, 30, 33471)
(69, 68, 25004)
(69, 51, 12039)
(69, 24, 16767)
(69, 64, 29405)
(70, 7, 29439)
(70, 10, 24830)
(70, 11, 5713)
(70, 34, 13683)
(70, 47, 23007)
(70, 50, 21764)
(70, 45, 1341)
(70, 39, 2248)
(70, 16, 7074)
(70, 57, 23386)
(70, 42, 9406)
(70, 23, 26201)
(70, 46, 15020)
(70, 38, 6762)
(70, 65, 1958)
(70, 53, 25536)
(70, 13, 25844)
(70, 15, 4132)
(70, 67, 33315)
(70, 4, 20922)
(70, 43, 19302)
(70, 36, 17010)
(70, 51, 10681)
(70, 2, 15585)
(70, 63, 18308)
(70, 22, 33376)
(70, 12, 16319)
(70, 58, 10350)
(70, 21, 21175)
(70, 40, 25593)
(70, 48, 28769)
(70, 1, 5208)
(70, 3, 19377)
(70, 64, 12590)
(70, 20, 7750)
(70, 44, 18305)
(70, 35, 28194)
(70, 49, 18029)
(70, 56, 2471)
(70, 62, 19293)
(70, 37, 15317)
(70, 41, 17743)
(70, 52, 18607)
(70, 8, 13972)
(70, 9, 7650)
(70, 19, 2884)
(70, 30, 9684)
(70, 28, 22282)
(70, 66, 33683)
(70, 61, 31074)
(70, 25, 26551)
(70, 69, 14626)
(70, 24, 15591)
(70, 26, 24118)
(70, 54, 17247)
(70, 68, 30708)
(70, 55, 30892)
(70, 31, 21990)
(70, 29, 32610)
(70, 5, 32439)
(70, 18, 27983)
(70, 32, 9883)
(70, 17, 23377)
(70, 60, 13041)
(70, 27, 29603)
(70, 0, 2216)
(70, 14, 13049)
(70, 33, 675)
(70, 59, 3798)
(70, 6, 3725)
(71, 55, 9553)
(71, 50, 12389)
(71, 16, 13976)
(71, 14, 12499)
(71, 68, 26224)
(71, 43, 466)
(71, 20, 15804)
(71, 45, 27566)
(71, 21, 23900)
(71, 42, 20528)
(71, 30, 139)
(71, 66, 21232)
(71, 60, 11686)
(71, 7, 27006)
(71, 11, 9252)
(71, 8, 23620)
(71, 31, 23216)
(71, 62, 24612)
(71, 59, 30201)
(71, 46, 31121)
(71, 44, 33246)
(71, 52, 26961)
(71, 47, 18532)
(71, 61, 687)
(71, 15, 18637)
(71, 12, 24256)
(71, 65, 3187)
(71, 40, 11189)
(71, 39, 13222)
(71, 58, 20960)
(71, 18, 15066)
(71, 27, 29544)
(71, 28, 16160)
(71, 70, 7963)
(71, 17, 15185)
(71, 4, 16954)
(71, 57, 2519)
(71, 41, 30321)
(71, 34, 4239)
(71, 22, 8920)
(71, 69, 5965)
(71, 54, 17478)
(71, 67, 17905)
(71, 0, 26290)
(71, 19, 26650)
(71, 5, 7265)
(71, 64, 596)
(71, 38, 23172)
(71, 36, 5961)
(71, 33, 33626)
(71, 6, 690)
(71, 63, 21467)
(71, 49, 26326)
(71, 35, 1795)
(71, 2, 20953)
(71, 26, 30231)
(71, 10, 11600)
(71, 32, 9401)
(71, 24, 28958)
(71, 48, 32335)
(72, 61, 21553)
(72, 20, 15225)
(72, 59, 16454)
(72, 57, 10068)
(72, 36, 8136)
(72, 55, 10580)
(72, 1, 18427)
(72, 22, 30726)
(72, 29, 29711)
(72, 9, 26797)
(72, 43, 9849)
(72, 67, 23816)
(72, 17, 22566)
(72, 11, 3335)
(72, 25, 1094)
(72, 70, 27376)
(72, 69, 7668)
(72, 41, 20241)
(72, 2, 14556)
(72, 14, 8071)
(72, 65, 14242)
(72, 49, 2824)
(72, 3, 23542)
(72, 16, 2186)
(72, 32, 31484)
(72, 52, 32770)
(72, 62, 4303)
(72, 71, 9797)
(72, 26, 31056)
(72, 7, 19307)
(72, 34, 33745)
(72, 38, 1362)
(72, 39, 32926)
(72, 31, 32895)
(72, 18, 32013)
(72, 8, 2892)
(72, 24, 23634)
(72, 66, 12132)
(72, 47, 17334)
(72, 42, 13061)
(72, 56, 17146)
(72, 33, 20950)
(72, 15, 26172)
(72, 28, 30384)
(72, 21, 4890)
(72, 10, 17740)
(72, 60, 26618)
(72, 40, 908)
(72, 6, 27440)
(72, 12, 10754)
(73, 1, 29934)
(73, 71, 24041)
(73, 63, 672)
(73, 69, 25679)
(73, 54, 30178)
(73, 9, 18484)
(73, 36, 20191)
(73, 52, 33505)
(73, 26, 20844)
(73, 33, 10119)
(73, 65, 20103)
(73, 31, 1238)
(73, 68, 21863)
(73, 70, 8295)
(73, 61, 13211)
(73, 21, 28252)
(73, 41, 12391)
(73, 22, 8507)
(73, 0, 30276)
(73, 39, 32663)
(73, 27, 25445)
(73, 38, 27498)
(73, 2, 20146)
(73, 19, 4233)
(73, 45, 17341)
(73, 30, 22892)
(73, 23, 10994)
(73, 24, 16780)
(73, 37, 27343)
(73, 29, 24682)
(73, 53, 7391)
(73, 47, 26353)
(73, 43, 4961)
(73, 51, 8519)
(73, 60, 33448)
(73, 49, 4668)
(73, 7, 11474)
(73, 12, 2085)
(74, 71, 5072)
(74, 72, 30059)
(74, 21, 9800)
(74, 23, 15658)
(74, 15, 3851)
(74, 69, 19545)
(74, 13, 16502)
(74, 50, 31026)
(74, 57, 11825)
(74, 32, 25704)
(74, 26, 3118)
(74, 53, 25378)
(74, 48, 14361)
(74, 33, 26452)
(74, 58, 15105)
(74, 73, 11213)
(74, 16, 19610)
(74, 68, 19934)
(74, 17, 4482)
(74, 8, 11284)
(74, 64, 16004)
(74, 59, 6655)
(74, 63, 13436)
(74, 22, 30922)
(74, 40, 27643)
(74, 56, 5465)
(74, 35, 1162)
(74, 55, 17031)
(74, 30, 31925)
(74, 7, 8785)
(74, 27, 28857)
(74, 5, 25539)
(74, 0, 9231)
(74, 18, 15676)
(74, 1, 24961)
(74, 41, 11972)
(75, 13, 5022)
(75, 7, 15360)
(75, 37, 27814)
(75, 74, 19515)
(75, 64, 1979)
(75, 5, 6225)
(75, 55, 8332)
(75, 46, 4015)
(75, 67, 28129)
(75, 25, 18577)
(75, 19, 12732)
(75, 29, 32368)
(75, 54, 13129)
(75, 61, 22742)
(75, 15, 23336)
(75, 31, 13273)
(75, 10, 20388)
(75, 24, 19648)
(75, 27, 13037)
(76, 42, 6359)
(76, 44, 8604)
(76, 34, 29931)
(76, 6, 32973)
(76, 65, 11084)
(76, 62, 15215)
(76, 26, 26245)
(76, 20, 13671)
(76, 8, 8586)
(76, 3, 14833)
(76, 61, 22533)
(76, 14, 3138)
(76, 63, 9347)
(76, 31, 12514)
(76, 18, 30399)
(76, 0, 27394)
(76, 16, 5750)
(76, 22, 33197)
(76, 60, 29746)
(76, 15, 27351)
(76, 49, 13899)
(76, 64, 3617)
(76, 7, 5707)
(76, 29, 24616)
(76, 67, 3083)
(76, 2, 2292)
(76, 75, 1461)
(76, 71, 29218)
(76, 59, 8999)
(76, 53, 9483)
(76, 30, 18057)
(76, 70, 18406)
(76, 56, 8298)
(76, 55, 954)
(76, 28, 18866)
(76, 36, 16603)
(76, 47, 11312)
(76, 54, 15755)
(76, 50, 18040)
(76, 27, 13285)
(76, 1, 26162)
(76, 24, 6595)
(76, 19, 32716)
(76, 4, 19817)
(76, 66, 32231)
(76, 5, 15087)
(76, 33, 31645)
(76, 43, 1997)
(76, 74, 28666)
(76, 10, 27282)
(76, 37, 23214)
(76, 41, 18337)
(76, 51, 17885)
(76, 45, 15605)
(76, 9, 152)
(76, 46, 1593)
(76, 13, 6061)
(76, 21, 21638)
(76, 57, 31969)
(76, 52, 9105)
(76, 32, 7400)
(76, 17, 24594)
(76, 11, 27956)
(76, 23, 8843)
(76, 48, 6958)
(76, 72, 25037)
(76, 40, 12520)
(76, 38, 3304)
(76, 69, 2753)
(76, 12, 29622)
(76, 25, 23999)
(76, 68, 1405)
(77, 16, 16726)
(77, 13, 30519)
(77, 52, 30718)
(77, 63, 9013)
(77, 20, 8460)
(77, 43, 30166)
(77, 51, 25687)
(77, 71, 28304)
(77, 57, 31031)
(77, 14, 16915)
(77, 24, 13051)
(77, 26, 31507)
(77, 74, 12822)
(77, 38, 18393)
(77, 0, 30538)
(77, 60, 26750)
(77, 3, 6784)
(77, 59, 24086)
(77, 48, 11900)
(77, 32, 6864)
(77, 68, 5317)
(78, 55, 32128)
(78, 73, 32635)
(78, 63, 27439)
(78, 7, 15878)
(78, 28, 15240)
(78, 35, 19977)
(78, 39, 12542)
(78, 60, 20023)
(78, 9, 6022)
(78, 65, 8622)
(78, 5, 15089)
(78, 69, 32156)
(78, 66, 5511)
(78, 12, 17326)
(78, 4, 22901)
(78, 54, 14903)
(78, 62, 15984)
(78, 19, 4991)
(78, 38, 7340)
(78, 51, 33655)
(78, 64, 1032)
(78, 48, 26619)
(78, 41, 29863)
(78, 14, 7529)
(78, 20, 4246)
(78, 3, 26914)
(78, 44, 16486)
(78, 34, 15128)
(78, 56, 19260)
(78, 31, 21190)
(78, 67, 19256)
(78, 42, 17411)
(78, 11, 3866)
(78, 24, 23809)
(78, 33, 26841)
(78, 45, 23667)
(78, 16, 26)
(78, 57, 10618)
(78, 6, 16404)
(78, 37, 16112)
(78, 49, 6513)
(78, 40, 20834)
(78, 46, 26624)
(78, 52, 4507)
(78, 47, 17281)
(78, 77, 17379)
(78, 32, 24964)
(78, 0, 21996)
(78, 30, 23431)
(79, 16, 20882)
(80, 33, 6438)
(80, 57, 1093)
(80, 72, 6217)
(80, 61, 2949)
(80, 59, 13984)
(80, 0, 14330)
(80, 9, 23774)
(80, 48, 31068)
(80, 49, 16139)
(80, 47, 14911)
(80, 39, 25348)
(80, 78, 1728)
(80, 27, 20063)
(80, 14, 29232)
(80, 3, 24944)
(80, 36, 279)
(80, 67, 12346)
(80, 30, 32938)
(80, 37, 2640)
(80, 52, 7790)
(80, 41, 21029)
(80, 17, 31032)
(80, 75, 27356)
(80, 28, 15134)
(80, 64, 5776)
(80, 24, 25776)
(80, 18, 7643)
(80, 45, 22783)
(80, 46, 23478)
(80, 63, 29608)
(80, 42, 10388)
(80, 8, 29210)
(80, 77, 24838)
(80, 68, 3043)
(80, 20, 32171)
(80, 19, 25393)
(80, 54, 21444)
(80, 71, 10656)
(80, 44, 27827)
(80, 65, 30065)
(80, 29, 20837)
(80, 26, 4627)
(80, 31, 32561)
(80, 34, 21100)
(80, 22, 7326)
(80, 74, 14239)
(80, 16, 5395)
(80, 11, 10774)
(80, 56, 360)
(80, 21, 16190)
(80, 2, 7332)
(80, 13, 18194)
(80, 12, 31680)
(80, 70, 9267)
(80, 6, 26173)
(80, 55, 24977)
(80, 51, 24425)
(80, 43, 15347)
(80, 25, 1745)
(80, 23, 27189)
(80, 1, 28855)
(80, 79, 5738)
(80, 38, 2457)
(80, 53, 29270)
(80, 76, 16321)
(80, 4, 4718)
(80, 50, 25606)
(80, 62, 27550)
(80, 69, 9618)
(80, 32, 29871)
(80, 58, 2529)
(80, 40, 31011)
(80, 35, 27286)
(81, 25, 7484)
(81, 76, 10543)
(81, 11, 6282)
(81, 41, 2474)
(81, 71, 1588)
(81, 55, 31016)
(81, 13, 24643)
(81, 62, 33306)
(81, 78, 33465)
(81, 75, 1011)
(81, 47, 9951)
(81, 38, 14966)
(81, 69, 20033)
(81, 27, 23117)
(81, 1, 13543)
(81, 2, 27021)
(81, 60, 23582)
(81, 16, 20856)
(81, 48, 10439)
(81, 74, 15942)
(81, 53, 8971)
(81, 73, 31350)
(81, 12, 31691)
(81, 42, 21991)
(81, 39, 4361)
(81, 59, 8794)
(81, 22, 25575)
(81, 21, 25762)
(81, 31, 7189)
(81, 33, 27150)
(81, 50, 11075)
(81, 26, 32879)
(81, 28, 20227)
(81, 51, 13022)
(81, 20, 19880)
(81, 24, 31201)
(81, 4, 29659)
(81, 3, 14863)
(81, 6, 11516)
(81, 7, 9940)
(81, 35, 5360)
(81, 65, 30205)
(81, 30, 15459)
(81, 36, 1980)
(81, 44, 27323)
(81, 29, 8469)
(81, 10, 11943)
(82, 43, 12159)
(82, 18, 21503)
(82, 9, 12019)
(82, 54, 11421)
(82, 58, 6511)
(82, 56, 27683)
(82, 70, 31317)
(82, 60, 16549)
(82, 33, 2993)
(82, 50, 22786)
(82, 66, 8542)
(82, 2, 7893)
(82, 24, 25041)
(82, 64, 20961)
(82, 53, 22758)
(83, 14, 32078)
(83, 47, 16449)
(83, 42, 14060)
(83, 40, 16136)
(83, 77, 21668)
(83, 56, 26634)
(83, 24, 22936)
(83, 63, 8967)
(83, 41, 13474)
(83, 16, 1490)
(83, 48, 21283)
(83, 2, 30858)
(83, 76, 32365)
(83, 20, 745)
(83, 12, 9164)
(83, 59, 27895)
(83, 61, 22450)
(83, 70, 493)
(83, 69, 1736)
(83, 65, 31033)
(83, 80, 26670)
(83, 28, 9926)
(83, 32, 30456)
(83, 67, 6501)
(83, 1, 8046)
(83, 39, 22029)
(84, 20, 2316)
(84, 61, 19719)
(84, 74, 8485)
(84, 29, 5845)
(84, 27, 9864)
(84, 36, 11878)
(84, 55, 31905)
(84, 83, 24051)
(84, 49, 2900)
(84, 47, 30402)
(84, 41, 95)
(84, 44, 13455)
(84, 48, 33642)
(84, 77, 15578)
(84, 18, 20249)
(84, 33, 21086)
(84, 64, 4950)
(84, 31, 13978)
(84, 72, 4871)
(84, 40, 17574)
(84, 24, 16534)
(84, 5, 16242)
(84, 70, 6651)
(84, 50, 27231)
(84, 42, 24492)
(84, 35, 2811)
(84, 82, 4557)
(84, 56, 20924)
(84, 54, 6906)
(84, 22, 30562)
(84, 37, 28322)
(84, 63, 23637)
(84, 73, 25012)
(84, 62, 17177)
(84, 10, 7648)
(84, 43, 7394)
(84, 38, 11655)
(84, 68, 14956)
(84, 80, 26000)
(84, 51, 16580)
(84, 4, 20543)
(84, 0, 14693)
(84, 23, 18568)
(84, 2, 31239)
(84, 12, 6130)
(84, 30, 9722)
(84, 11, 10060)
(84, 81, 22185)
(84, 32, 2736)
(84, 46, 21362)
(84, 60, 11850)
(84, 58, 3650)
(84, 53, 30223)
(84, 8, 5379)
(84, 59, 9970)
(85, 81, 6226)
(85, 29, 2516)
(85, 63, 14274)
(85, 12, 16442)
(85, 41, 17325)
(85, 56, 23076)
(85, 5, 14293)
(85, 22, 19096)
(85, 46, 30248)
(85, 4, 15708)
(85, 20, 26839)
(85, 49, 4675)
(85, 14, 7367)
(85, 24, 28765)
(85, 57, 18425)
(85, 42, 13216)
(85, 35, 9848)
(85, 48, 15684)
(85, 68, 28154)
(85, 60, 15038)
(85, 15, 28310)
(85, 52, 5045)
(85, 32, 15125)
(85, 83, 5401)
(85, 26, 2116)
(85, 40, 30994)
(85, 76, 6684)
(85, 82, 9149)
(85, 8, 31961)
(85, 44, 13018)
(85, 77, 25854)
(85, 25, 974)
(85, 84, 9322)
(85, 3, 13152)
(85, 70, 8318)
(85, 71, 22056)
(85, 28, 3129)
(85, 74, 1092)
(85, 62, 16077)
(85, 7, 23153)
(85, 69, 476)
(85, 54, 6874)
(85, 39, 4098)
(85, 17, 29373)
(85, 80, 21662)
(85, 16, 14312)
(85, 23, 19468)
(85, 36, 11797)
(85, 1, 3592)
(85, 66, 10635)
(85, 19, 28031)
(85, 21, 6317)
(85, 58, 25991)
(85, 13, 4975)
(85, 38, 4300)
(86, 31, 23359)
(86, 30, 29153)
(86, 24, 4268)
(86, 65, 32546)
(86, 3, 9911)
(86, 7, 19821)
(86, 72, 21657)
(86, 64, 33786)
(86, 60, 24765)
(86, 18, 17403)
(86, 33, 21842)
(86, 32, 12511)
(86, 68, 13294)
(86, 83, 6052)
(86, 58, 1061)
(86, 26, 15852)
(86, 11, 32981)
(86, 28, 19230)
(86, 74, 1597)
(86, 27, 18288)
(86, 62, 18970)
(86, 66, 30269)
(86, 4, 3290)
(86, 0, 3473)
(86, 16, 30733)
(86, 63, 23575)
(86, 35, 20633)
(86, 23, 2589)
(86, 82, 27789)
(86, 17, 8510)
(86, 56, 575)
(86, 75, 25300)
(86, 76, 20436)
(86, 42, 2822)
(86, 19, 27198)
(86, 6, 32257)
(86, 67, 2808)
(86, 51, 8668)
(86, 21, 3748)
(86, 52, 29646)
(86, 34, 32011)
(86, 5, 18964)
(86, 80, 14137)
(86, 41, 3374)
(86, 36, 10615)
(86, 25, 9216)
(86, 29, 23860)
(86, 43, 5579)
(86, 71, 9228)
(86, 45, 30264)
(86, 15, 16391)
(86, 46, 12935)
(86, 59, 9243)
(86, 78, 16194)
(86, 39, 29824)
(86, 13, 6811)
(86, 79, 18494)
(86, 77, 4388)
(86, 44, 3779)
(86, 54, 29552)
(86, 84, 27648)
(86, 53, 10689)
(86, 8, 11216)
(86, 69, 25385)
(86, 85, 25683)
(86, 81, 320)
(86, 50, 31334)
(86, 22, 10369)
(86, 14, 28336)
(86, 38, 32849)
(86, 73, 6832)
(86, 57, 1605)
(86, 48, 438)
(87, 47, 30737)
(87, 81, 15752)
(87, 22, 8306)
(87, 84, 24140)
(87, 72, 24590)
(87, 21, 4283)
(87, 23, 29661)
(87, 45, 5834)
(87, 77, 9730)
(87, 64, 16436)
(87, 4, 22457)
(87, 52, 17782)
(87, 7, 33258)
(87, 33, 13611)
(87, 86, 15426)
(87, 56, 12650)
(87, 43, 23803)
(87, 63, 8282)
(87, 1, 28339)
(87, 17, 29834)
(87, 85, 7123)
(87, 29, 4456)
(87, 75, 20144)
(87, 38, 15611)
(87, 5, 21407)
(87, 8, 29798)
(87, 49, 26536)
(87, 78, 28801)
(87, 9, 31652)
(87, 40, 20601)
(87, 32, 13958)
(87, 3, 29703)
(87, 27, 8035)
(87, 6, 8427)
(87, 26, 3974)
(87, 50, 24235)
(87, 12, 11135)
(87, 20, 29705)
(87, 80, 26153)
(87, 11, 24151)
(87, 74, 33309)
(87, 0, 3594)
(87, 67, 1697)
(87, 13, 12840)
(87, 39, 9332)
(87, 36, 2140)
(87, 42, 33045)
(87, 53, 8212)
(87, 76, 7128)
(87, 37, 20299)
(87, 46, 24373)
(87, 28, 16365)
(87, 68, 12810)
(87, 31, 6396)
(87, 83, 19161)
(87, 69, 13503)
(87, 24, 1069)
(87, 55, 28048)
(87, 71, 3293)
(87, 35, 9152)
(87, 2, 14384)
(87, 66, 23787)
(87, 62, 32444)
(87, 19, 24213)
(87, 61, 16358)
(87, 82, 1601)
(87, 73, 10947)
(87, 14, 28966)
(87, 18, 19036)
(87, 48, 20325)
(87, 57, 6640)
(87, 58, 17319)
(88, 86, 22779)
(88, 70, 33052)
(88, 34, 26979)
(88, 9, 32509)
(88, 50, 30661)
(88, 14, 31843)
(88, 72, 127)
(88, 2, 28732)
(88, 0, 2719)
(88, 83, 21573)
(88, 76, 32397)
(88, 75, 8423)
(88, 82, 2614)
(88, 15, 27161)
(88, 49, 20952)
(88, 19, 1447)
(88, 62, 25407)
(88, 64, 12118)
(88, 84, 21122)
(88, 27, 31690)
(88, 69, 18965)
(88, 63, 23607)
(88, 33, 21052)
(88, 79, 9176)
(88, 40, 7294)
(88, 4, 21785)
(88, 11, 3054)
(88, 20, 10917)
(88, 24, 11684)
(88, 45, 1316)
(88, 17, 32004)
(88, 42, 13511)
(88, 3, 31348)
(88, 56, 22554)
(88, 37, 18579)
(88, 31, 1534)
(88, 87, 26464)
(88, 25, 30820)
(88, 39, 2635)
(88, 47, 5683)
(88, 51, 29671)
(88, 78, 16048)
(88, 16, 13539)
(89, 0, 24000)
(89, 13, 555)
(89, 50, 14843)
(89, 52, 31860)
(89, 56, 18666)
(89, 76, 9260)
(89, 59, 14882)
(89, 84, 21587)
(89, 16, 13515)
(89, 77, 7724)
(90, 2, 5324)
(90, 10, 7318)
(90, 13, 15892)
(90, 0, 1365)
(90, 32, 19839)
(90, 60, 4028)
(90, 46, 32584)
(90, 58, 9417)
(90, 38, 31620)
(90, 52, 31057)
(90, 35, 21936)
(90, 89, 9938)
(90, 70, 28044)
(90, 36, 21788)
(90, 69, 22624)
(90, 67, 19357)
(91, 21, 23206)
(91, 78, 13959)
(91, 22, 1834)
(91, 31, 20661)
(91, 82, 18969)
(91, 58, 33369)
(91, 3, 12679)
(91, 19, 23141)
(91, 20, 24610)
(91, 39, 15785)
(91, 59, 33503)
(91, 30, 16060)
(91, 75, 7705)
(91, 48, 21559)
(91, 12, 20072)
(91, 27, 6383)
(91, 25, 14488)
(91, 52, 22623)
(91, 47, 11160)
(91, 26, 18570)
(91, 18, 5275)
(91, 9, 2452)
(91, 60, 5894)
(91, 88, 475)
(91, 71, 25322)
(91, 57, 13328)
(91, 64, 26856)
(91, 16, 4534)
(91, 6, 7220)
(91, 40, 4977)
(91, 53, 16642)
(91, 2, 7310)
(91, 63, 30064)
(91, 23, 28791)
(91, 14, 5445)
(91, 90, 31362)
(91, 34, 10559)
(91, 24, 29910)
(91, 55, 4005)
(91, 56, 26822)
(91, 61, 32793)
(91, 89, 2531)
(91, 74, 3652)
(91, 62, 33219)
(91, 46, 25717)
(91, 79, 3619)
(91, 81, 29596)
(91, 68, 926)
(91, 85, 4913)
(91, 38, 15814)
(91, 10, 1233)
(91, 11, 9735)
(91, 51, 21961)
(91, 4, 21440)
(91, 44, 29158)
(91, 50, 24892)
(91, 67, 11646)
(91, 70, 14360)
(91, 66, 25694)
(91, 69, 21305)
(91, 77, 3580)
(91, 42, 14908)
(91, 1, 2399)
(91, 5, 5849)
(91, 54, 15130)
(91, 17, 7482)
(91, 45, 20403)
(92, 61, 16871)
(92, 74, 18176)
(92, 1, 24683)
(92, 7, 30195)
(92, 41, 5884)
(92, 49, 20574)
(92, 83, 17424)
(92, 35, 23455)
(92, 8, 4640)
(92, 25, 5907)
(92, 34, 16829)
(92, 32, 24974)
(92, 63, 8433)
(92, 6, 23789)
(92, 67, 2171)
(92, 31, 1887)
(92, 2, 10359)
(92, 36, 33297)
(92, 50, 11416)
(92, 62, 26494)
(92, 60, 19690)
(92, 70, 6255)
(92, 73, 21132)
(92, 77, 6025)
(92, 53, 32880)
(92, 9, 30315)
(92, 40, 23535)
(92, 68, 2692)
(92, 18, 8231)
(92, 37, 11657)
(92, 14, 30170)
(92, 46, 15270)
(92, 22, 33580)
(92, 51, 26683)
(92, 20, 10305)
(92, 44, 5891)
(92, 28, 1058)
(92, 79, 23682)
(92, 76, 14786)
(92, 3, 9712)
(92, 89, 19179)
(92, 56, 33009)
(92, 21, 14671)
(92, 33, 3408)
(92, 88, 25003)
(92, 42, 9155)
(92, 57, 674)
(92, 26, 8312)
(92, 52, 11714)
(92, 81, 23936)
(92, 17, 30168)
(92, 72, 5740)
(92, 90, 23825)
(92, 82, 76)
(92, 48, 16434)
(92, 11, 4784)
(92, 84, 14148)
(92, 5, 17674)
(92, 24, 10905)
(92, 39, 18440)
(92, 58, 14291)
(92, 80, 25540)
(92, 64, 12140)
(92, 75, 22540)
(93, 68, 7528)
(93, 21, 5956)
(93, 7, 3328)
(93, 8, 4919)
(93, 10, 5052)
(93, 33, 10288)
(93, 60, 14415)
(93, 66, 31524)
(93, 34, 26864)
(93, 35, 7779)
(93, 51, 7513)
(93, 48, 26845)
(93, 42, 13602)
(93, 86, 4779)
(93, 17, 28880)
(93, 44, 10788)
(93, 30, 20701)
(93, 4, 24804)
(93, 72, 26711)
(93, 24, 17244)
(93, 71, 495)
(93, 75, 6489)
(93, 40, 27786)
(93, 76, 4208)
(93, 74, 26566)
(93, 20, 12262)
(93, 39, 8373)
(93, 0, 24899)
(93, 38, 8627)
(93, 56, 33598)
(93, 65, 15458)
(93, 70, 21695)
(93, 1, 30958)
(93, 55, 10868)
(93, 63, 14918)
(93, 25, 29176)
(93, 64, 7801)
(93, 12, 10345)
(93, 79, 7207)
(93, 5, 1508)
(93, 2, 21057)
(93, 19, 22254)
(93, 92, 18253)
(93, 14, 272)
(93, 91, 12616)
(93, 83, 12769)
(93, 58, 29936)
(93, 73, 180)
(93, 89, 11101)
(93, 6, 32129)
(93, 77, 29411)
(93, 61, 30096)
(93, 28, 6604)
(93, 46, 2324)
(93, 82, 1161)
(93, 85, 20045)
(93, 47, 6171)
(93, 57, 2939)
(93, 27, 33490)
(93, 16, 7177)
(93, 36, 9366)
(93, 87, 20427)
(93, 67, 15626)
(93, 41, 13709)
(93, 22, 26714)
(93, 62, 1937)
(93, 31, 33068)
(93, 18, 1181)
(93, 54, 7908)
(93, 49, 18803)
(93, 59, 7459)
(93, 69, 9173)
(93, 78, 26424)
(93, 43, 27620)
(93, 26, 28625)
(93, 81, 13811)
(93, 80, 12970)
(94, 58, 21902)
(94, 38, 28780)
(94, 81, 8189)
(94, 79, 8544)
(94, 4, 15990)
(94, 31, 21907)
(94, 32, 30019)
(95, 15, 9591)
(95, 26, 27293)
(95, 76, 33459)
(95, 25, 20548)
(95, 67, 14968)
(95, 93, 26883)
(95, 38, 5351)
(95, 33, 11865)
(95, 48, 9291)
(95, 18, 29142)
(95, 2, 15464)
(95, 17, 16583)
(95, 64, 8494)
(95, 63, 14630)
(95, 32, 10912)
(95, 34, 3694)
(95, 35, 22932)
(96, 64, 633)
(96, 28, 12215)
(96, 63, 5436)
(96, 85, 9857)
(96, 94, 10338)
(96, 29, 21557)
(96, 21, 23065)
(96, 4, 18966)
(96, 90, 14120)
(96, 6, 24814)
(96, 80, 6395)
(96, 54, 5874)
(96, 57, 16639)
(96, 49, 30961)
(96, 71, 9486)
(96, 26, 4508)
(96, 68, 3549)
(96, 35, 31443)
(96, 0, 11936)
(96, 20, 26966)
(96, 67, 3188)
(96, 61, 1262)
(96, 48, 20443)
(96, 1, 20583)
(96, 55, 33035)
(96, 43, 6118)
(96, 65, 3824)
(96, 56, 30073)
(96, 52, 3821)
(96, 10, 4436)
(96, 66, 18269)
(96, 70, 5669)
(96, 73, 12206)
(96, 3, 11373)
(96, 23, 8559)
(96, 86, 10115)
(96, 33, 21202)
(96, 51, 20883)
(96, 17, 4569)
(96, 60, 3807)
(96, 75, 9361)
(96, 14, 5980)
(96, 31, 3750)
(96, 91, 19253)
(96, 39, 6546)
(96, 53, 7119)
(96, 72, 5111)
(96, 82, 246)
(96, 45, 25912)
(96, 18, 5000)
(96, 93, 31821)
(96, 74, 17250)
(96, 32, 3029)
(96, 30, 1294)
(96, 42, 28631)
(96, 37, 8684)
(96, 25, 19945)
(96, 5, 26997)
(96, 83, 20068)
(96, 24, 1643)
(96, 27, 13253)
(96, 9, 17369)
(96, 84, 8402)
(96, 46, 25406)
(96, 88, 8515)
(96, 92, 32737)
(96, 62, 15705)
(96, 11, 11348)
(96, 81, 445)
(96, 78, 222)
(96, 36, 27774)
(96, 40, 10953)
(96, 8, 1734)
(96, 77, 30383)
(96, 44, 3904)
(96, 50, 15068)
(96, 58, 11248)
(96, 38, 7190)
(96, 12, 9935)
(96, 34, 33609)
(96, 87, 15652)
(96, 47, 30396)
(96, 95, 30348)
(96, 22, 8003)
(96, 2, 14729)
(96, 7, 20657)
(96, 79, 17024)
(96, 19, 10255)
(96, 76, 9454)
(96, 41, 24547)
(96, 89, 5794)
(96, 59, 23163)
(96, 15, 32890)
(96, 69, 20546)
(96, 16, 4010)
(96, 13, 4866)
(97, 59, 6147)
(97, 74, 2272)
(97, 14, 14877)
(97, 95, 26256)
(97, 87, 26642)
(97, 92, 15021)
(97, 96, 29106)
(97, 70, 11097)
(97, 42, 24191)
(97, 73, 2382)
(97, 1, 9717)
(97, 53, 8370)
(97, 30, 16893)
(97, 13, 380)
(97, 7, 17969)
(97, 17, 24518)
(97, 50, 29155)
(97, 79, 2128)
(97, 83, 33728)
(97, 20, 11687)
(97, 56, 24909)
(97, 84, 13195)
(97, 49, 9545)
(97, 26, 17448)
(97, 51, 3325)
(97, 18, 13639)
(97, 31, 5343)
(97, 72, 1075)
(97, 68, 24657)
(97, 23, 1942)
(97, 21, 17507)
(97, 44, 4694)
(97, 55, 1852)
(97, 3, 18006)
(97, 33, 3105)
(97, 35, 8379)
(97, 38, 14789)
(97, 57, 8149)
(97, 47, 29669)
(97, 77, 17921)
(97, 80, 20278)
(97, 27, 22921)
(97, 90, 18508)
(97, 46, 27790)
(97, 29, 23150)
(97, 2, 4661)
(97, 61, 23223)
(97, 40, 31065)
(97, 78, 25788)
(97, 91, 8195)
(97, 58, 8529)
(97, 54, 12369)
(97, 60, 18424)
(97, 28, 20491)
(97, 69, 15455)
(97, 34, 26495)
(97, 88, 33125)
(97, 32, 3633)
(97, 8, 29197)
(97, 75, 30258)
(98, 91, 19212)
(98, 48, 14839)
(98, 2, 21402)
(98, 65, 28033)
(98, 26, 8073)
(98, 7, 1098)
(98, 95, 27907)
(98, 38, 29611)
(98, 90, 7429)
(98, 25, 22736)
(98, 80, 9214)
(98, 34, 4142)
(98, 94, 6774)
(98, 22, 21969)
(98, 19, 5865)
(98, 64, 4514)
(98, 47, 27639)
(98, 39, 20868)
(98, 59, 30567)
(98, 30, 16275)
(98, 81, 7015)
(98, 49, 3626)
(98, 86, 22964)
(98, 1, 22035)
(98, 6, 8902)
(98, 70, 26770)
(98, 13, 15934)
(98, 42, 17295)
(98, 29, 18843)
(98, 50, 8846)
(98, 92, 26702)
(98, 32, 6312)
(98, 12, 9308)
(98, 27, 25720)
(98, 67, 18950)
(98, 87, 10808)
(98, 36, 22535)
(98, 0, 4746)
(98, 85, 15709)
(98, 41, 6382)
(98, 15, 10188)
(98, 66, 4204)
(98, 89, 33206)
(98, 17, 17199)
(98, 71, 13750)
(98, 43, 6408)
(98, 10, 9244)
(98, 37, 18641)
(99, 52, 341)
(99, 5, 2379)
(99, 60, 9995)
(99, 77, 2360)
(99, 42, 24593)
(99, 95, 5757)
(99, 43, 23623)
(99, 48, 22820)
(99, 79, 31798)
(99, 56, 26311)
(99, 59, 31958)
(99, 15, 30553)
(99, 45, 10537)
(99, 55, 15894)
(100, 49, 33114)
(100, 25, 28170)
(100, 70, 21106)
(100, 97, 23786)
(100, 67, 6661)
(100, 32, 27237)
(100, 63, 17013)
(100, 64, 16024)
(100, 85, 23281)
(100, 56, 22280)
(100, 36, 27133)
(100, 28, 4021)
(100, 4, 8878)
(100, 31, 25491)
(100, 76, 32392)
(100, 37, 7657)
(100, 17, 27618)
(100, 57, 4266)
(100, 46, 15224)
(100, 38, 11767)
(100, 23, 31682)
(100, 39, 2227)
(100, 6, 28960)
(100, 96, 28760)
(100, 33, 17776)
(100, 48, 25666)
(100, 26, 23845)
(100, 27, 33264)
(100, 91, 14857)
(100, 54, 31635)
(100, 50, 2326)
(100, 40, 21404)
(100, 68, 19221)
(100, 84, 27437)
(100, 30, 17025)
(100, 87, 31592)
(100, 2, 26457)
(100, 34, 17513)
(100, 45, 11815)
(100, 15, 20636)
(100, 7, 11799)
(101, 30, 3144)
(101, 17, 8450)
(101, 34, 8251)
(101, 79, 9728)
(101, 57, 12462)
(101, 36, 3209)
(101, 51, 31442)
(101, 92, 17070)
(101, 10, 29024)
(101, 1, 20066)
(101, 90, 17579)
(101, 73, 23169)
(101, 28, 1721)
(101, 84, 23508)
(101, 67, 6233)
(101, 50, 5668)
(101, 74, 27485)
(101, 3, 21859)
(101, 12, 27060)
(101, 94, 2528)
(101, 53, 21723)
(101, 70, 17192)
(101, 47, 33302)
(101, 54, 561)
(101, 66, 24203)
(101, 64, 19399)
(101, 48, 21398)
(101, 9, 6345)
(101, 14, 8336)
(101, 13, 23978)
(101, 60, 27583)
(101, 75, 9066)
(101, 69, 32349)
(101, 29, 3929)
(101, 42, 18630)
(101, 38, 7445)
(101, 15, 2024)
(101, 2, 2075)
(101, 41, 16602)
(101, 86, 16315)
(101, 89, 30799)
(101, 100, 7292)
(101, 87, 19942)
(101, 76, 30043)
(101, 31, 26323)
(101, 95, 13046)
(101, 45, 2329)
(101, 33, 16842)
(101, 82, 25434)
(101, 55, 23280)
(102, 82, 31604)
(102, 78, 12299)
(102, 27, 644)
(102, 10, 25221)
(102, 76, 6326)
(102, 74, 22940)
(102, 57, 20274)
(102, 72, 25702)
(102, 98, 10238)
(102, 81, 28588)
(103, 58, 17445)
(103, 57, 18105)
(103, 102, 20774)
(103, 72, 19387)
(103, 61, 27301)
(103, 42, 785)
(103, 9, 14620)
(103, 49, 10667)
(103, 52, 18991)
(103, 92, 31740)
(103, 32, 4421)
(103, 53, 11542)
(103, 29, 9689)
(103, 20, 7630)
(103, 78, 22542)
(103, 70, 32491)
(103, 0, 17771)
(103, 48, 2958)
(103, 95, 33651)
(103, 89, 22616)
(103, 1, 769)
(103, 83, 32026)
(103, 37, 22588)
(103, 94, 1611)
(103, 59, 26833)
(103, 51, 18418)
(103, 39, 19397)
(103, 43, 17405)
(103, 67, 5642)
(103, 76, 13718)
(103, 21, 18717)
(103, 16, 11919)
(103, 80, 5922)
(103, 65, 4781)
(103, 26, 4256)
(103, 74, 10232)
(103, 71, 5241)
(103, 4, 7519)
(103, 23, 23273)
(103, 34, 19985)
(103, 7, 17522)
(103, 28, 87)
(103, 38, 20081)
(103, 44, 1351)
(103, 47, 1879)
(103, 81, 33015)
(103, 96, 7075)
(103, 2, 16750)
(103, 79, 33167)
(103, 41, 955)
(103, 97, 14733)
(103, 45, 27419)
(103, 14, 14248)
(103, 91, 175)
(103, 54, 4474)
(103, 87, 8949)
(103, 11, 4851)
(103, 30, 11380)
(103, 66, 20610)
(103, 36, 31472)
(103, 33, 3057)
(103, 63, 13954)
(103, 18, 28697)
(103, 68, 10478)
(104, 10, 28547)
(104, 96, 26031)
(104, 22, 1479)
(104, 89, 2990)
(104, 11, 28489)
(104, 36, 18667)
(104, 69, 21249)
(104, 21, 28777)
(104, 83, 14022)
(104, 58, 15707)
(104, 24, 28789)
(104, 90, 395)
(104, 17, 25985)
(104, 64, 11984)
(104, 57, 8743)
(104, 14, 4658)
(104, 30, 19763)
(104, 39, 24379)
(104, 46, 3737)
(104, 59, 25161)
(104, 75, 26391)
(104, 61, 28723)
(104, 33, 23255)
(104, 1, 15095)
(104, 53, 21614)
(104, 0, 32948)
(104, 37, 3814)
(104, 25, 15612)
(104, 86, 4033)
(104, 102, 31820)
(104, 51, 8613)
(104, 84, 28839)
(104, 29, 32679)
(104, 66, 23736)
(104, 23, 31797)
(104, 31, 2369)
(104, 35, 24783)
(104, 54, 16958)
(104, 13, 1201)
(104, 18, 22760)
(104, 98, 10793)
(104, 93, 5506)
(104, 43, 14866)
(104, 76, 5254)
(104, 74, 10541)
(104, 8, 20259)
(104, 82, 20700)
(104, 44, 17418)
(104, 20, 18772)
(104, 27, 19006)
(104, 45, 27455)
(104, 71, 17496)
(104, 32, 26213)
(104, 63, 10708)
(104, 65, 18073)
(104, 62, 79)
(104, 49, 5721)
(104, 101, 16396)
(104, 77, 21230)
(104, 2, 31968)
(104, 48, 2489)
(104, 78, 17996)
(104, 70, 23024)
(104, 87, 5649)
(104, 103, 6442)
(104, 42, 28774)
(104, 92, 25947)
(104, 6, 19925)
(104, 79, 6873)
(104, 3, 16919)
(104, 52, 2601)
(104, 56, 28537)
(104, 16, 25965)
(104, 9, 4537)
(104, 85, 29441)
(104, 40, 3828)
(104, 100, 1429)
(105, 26, 8803)
(105, 0, 10246)
(105, 86, 15187)
(105, 50, 5761)
(105, 38, 26591)
(105, 80, 29362)
(105, 55, 23217)
(105, 30, 20755)
(105, 7, 30620)
(105, 101, 9195)
(105, 40, 23683)
(105, 63, 15720)
(105, 43, 32302)
(105, 57, 14587)
(105, 79, 28681)
(105, 20, 29696)
(105, 35, 27521)
(105, 39, 6956)
(105, 72, 20750)
(105, 27, 24434)
(105, 5, 16070)
(105, 12, 10790)
(105, 66, 4761)
(105, 13, 8853)
(105, 92, 18221)
(105, 69, 10342)
(105, 44, 10078)
(105, 56, 29973)
(105, 83, 8895)
(105, 19, 14549)
(105, 67, 3716)
(105, 21, 3989)
(105, 2, 30128)
(105, 89, 24759)
(105, 75, 18254)
(105, 53, 18906)
(105, 11, 618)
(105, 59, 24334)
(105, 88, 33440)
(105, 37, 12283)
(105, 98, 12830)
(105, 93, 27539)
(105, 32, 21302)
(106, 89, 1532)
(106, 104, 23990)
(106, 76, 3986)
(106, 64, 11718)
(106, 5, 27741)
(106, 61, 25216)
(106, 56, 18783)
(106, 22, 4484)
(106, 71, 30403)
(106, 8, 24287)
(106, 60, 1882)
(106, 57, 10406)
(106, 67, 4255)
(106, 47, 22937)
(106, 66, 8738)
(106, 53, 14747)
(106, 101, 25731)
(106, 16, 7494)
(106, 87, 31782)
(106, 88, 2002)
(106, 75, 12465)
(106, 37, 898)
(106, 19, 10702)
(106, 54, 27184)
(106, 86, 14458)
(106, 65, 22652)
(106, 32, 11307)
(106, 36, 13917)
(106, 12, 11909)
(106, 52, 10102)
(106, 6, 5755)
(106, 35, 31072)
(106, 96, 514)
(106, 46, 22390)
(106, 83, 4012)
(106, 4, 32107)
(106, 98, 17385)
(106, 80, 8007)
(106, 40, 3598)
(106, 63, 3022)
(106, 51, 3889)
(106, 31, 28519)
(106, 11, 27488)
(106, 44, 17136)
(106, 68, 18485)
(106, 15, 23126)
(106, 34, 32267)
(106, 3, 28380)
(106, 102, 3379)
(106, 84, 7277)
(106, 49, 22100)
(106, 42, 9192)
(106, 24, 13040)
(106, 1, 12456)
(106, 7, 11619)
(106, 92, 5667)
(106, 18, 29781)
(106, 9, 19148)
(106, 41, 18454)
(106, 79, 21271)
(106, 30, 24078)
(106, 78, 24015)
(106, 77, 11242)
(106, 38, 20069)
(106, 21, 23415)
(106, 81, 11507)
(106, 62, 2555)
(106, 17, 11885)
(106, 97, 1756)
(106, 33, 21893)
(106, 91, 23413)
(106, 20, 29609)
(106, 29, 4867)
(106, 25, 18841)
(106, 28, 15940)
(107, 72, 22044)
(107, 54, 30692)
(107, 68, 20336)
(107, 22, 17497)
(107, 88, 20682)
(107, 34, 30933)
(107, 19, 20634)
(107, 43, 7951)
(107, 29, 32367)
(107, 10, 28454)
(107, 73, 19552)
(107, 11, 16557)
(107, 57, 9398)
(107, 70, 28448)
(107, 61, 28119)
(107, 76, 14468)
(107, 33, 17184)
(107, 51, 17045)
(107, 12, 18422)
(107, 106, 7377)
(107, 31, 5945)
(107, 74, 18417)
(107, 6, 11494)
(107, 55, 25614)
(107, 1, 22486)
(107, 25, 16364)
(107, 48, 11302)
(107, 26, 5097)
(107, 2, 12648)
(107, 14, 853)
(107, 97, 5836)
(107, 104, 32238)
(107, 47, 18343)
(107, 44, 22223)
(107, 95, 5471)
(107, 41, 16338)
(107, 52, 11256)
(107, 18, 17329)
(107, 60, 2651)
(107, 37, 13674)
(107, 15, 5174)
(107, 71, 12575)
(107, 96, 2493)
(107, 69, 19833)
(107, 87, 26834)
(108, 14, 32340)
(108, 44, 27650)
(108, 17, 2394)
(108, 26, 12867)
(108, 96, 25507)
(108, 78, 7314)
(108, 8, 16695)
(108, 5, 26546)
(108, 91, 3317)
(108, 94, 13105)
(108, 30, 25785)
(108, 80, 1499)
(108, 106, 26736)
(108, 28, 21636)
(108, 50, 4928)
(108, 34, 23325)
(108, 93, 18785)
(108, 51, 29904)
(108, 7, 3177)
(108, 46, 29298)
(108, 83, 2906)
(108, 12, 9262)
(108, 24, 17469)
(108, 65, 3026)
(108, 105, 17664)
(108, 74, 2940)
(108, 82, 3400)
(108, 49, 12931)
(108, 48, 27194)
(108, 35, 6170)
(108, 70, 33665)
(108, 84, 6341)
(108, 86, 3443)
(108, 37, 19554)
(108, 52, 32636)
(108, 90, 23681)
(108, 104, 17427)
(108, 21, 1797)
(108, 73, 9292)
(108, 3, 7078)
(108, 72, 32174)
(108, 27, 8444)
(108, 15, 17748)
(108, 10, 21980)
(108, 13, 12436)
(108, 22, 3511)
(108, 61, 7964)
(108, 99, 30311)
(108, 89, 10476)
(108, 18, 23092)
(108, 85, 9700)
(108, 77, 18131)
(108, 32, 14348)
(108, 60, 17394)
(108, 81, 7417)
(108, 6, 29063)
(108, 36, 29394)
(108, 25, 5227)
(108, 23, 2886)
(108, 62, 20977)
(108, 40, 18137)
(108, 79, 26026)
(108, 42, 29002)
(108, 47, 10035)
(108, 71, 13400)
(108, 41, 21754)
(108, 63, 8771)
(108, 53, 19511)
(108, 20, 20536)
(108, 58, 31669)
(108, 45, 17681)
(108, 9, 30117)
(108, 55, 3424)
(108, 57, 5219)
(108, 4, 21214)
(108, 100, 31190)
(108, 43, 12981)
(108, 97, 8567)
(108, 98, 32637)
(108, 66, 11470)
(108, 1, 24916)
(108, 2, 25450)
(108, 29, 14967)
(108, 95, 32102)
(108, 67, 29662)
(108, 107, 13562)
(108, 0, 4579)
(108, 69, 22685)
(108, 101, 10465)
(108, 88, 10528)
(108, 68, 24976)
(108, 33, 19272)
(108, 59, 8669)
(108, 75, 24680)
(108, 56, 13009)
(108, 39, 6996)
(108, 64, 9251)
(108, 102, 19365)
(108, 87, 174)
(108, 103, 31390)
(108, 92, 6417)
(108, 16, 946)
(108, 19, 23329)
(108, 11, 25563)
(108, 54, 11232)
(109, 96, 27664)
(109, 37, 32745)
(109, 18, 1668)
(109, 36, 13912)
(109, 88, 18358)
(109, 58, 27005)
(109, 78, 8346)
(109, 76, 20288)
(109, 19, 18250)
(109, 13, 2410)
(109, 46, 11053)
(109, 106, 19090)
(109, 11, 5040)
(109, 97, 4141)
(109, 31, 31648)
(109, 81, 32176)
(109, 21, 17745)
(109, 22, 25438)
(109, 48, 22853)
(109, 8, 5341)
(109, 34, 11022)
(109, 40, 9001)
(109, 93, 16141)
(109, 0, 27936)
(109, 66, 26525)
(109, 74, 9862)
(109, 20, 30735)
(109, 70, 8317)
(109, 47, 29878)
(109, 28, 14088)
(109, 104, 23705)
(109, 38, 32061)
(109, 90, 30034)
(109, 54, 28224)
(109, 91, 5541)
(109, 5, 13877)
(109, 62, 30220)
(109, 10, 9412)
(109, 63, 7182)
(109, 30, 14244)
(109, 23, 185)
(109, 108, 14701)
(109, 55, 6627)
(109, 4, 28711)
(109, 44, 31663)
(109, 72, 6340)
(109, 98, 14890)
(109, 95, 24957)
(109, 35, 1408)
(109, 43, 24364)
(109, 77, 32180)
(109, 105, 8308)
(109, 92, 23320)
(109, 16, 23011)
(109, 69, 29082)
(109, 80, 5775)
(109, 100, 8229)
(109, 73, 32149)
(109, 101, 31732)
(109, 41, 9250)
(109, 25, 22922)
(109, 12, 30322)
(109, 29, 3428)
(109, 59, 21457)
(109, 1, 30420)
(109, 9, 9357)
(109, 39, 28867)
(109, 99, 32583)
(109, 51, 13659)
(109, 7, 17482)
(109, 14, 16706)
(109, 42, 12833)
(109, 6, 10999)
(109, 64, 7029)
(109, 60, 31374)
(109, 103, 29217)
(109, 94, 25073)
(109, 52, 33107)
(109, 2, 1553)
(109, 102, 20611)
(109, 67, 12510)
(109, 17, 29292)
(109, 75, 11349)
(109, 56, 18565)
(109, 49, 14174)
(109, 89, 25759)
(109, 83, 3806)
(109, 82, 16966)
(109, 53, 15525)
(109, 15, 9123)
(109, 24, 7211)
(109, 86, 27092)
(109, 65, 31768)
(109, 3, 8861)
(109, 45, 30040)
(109, 107, 16320)
(109, 87, 24091)
(109, 79, 8125)
(110, 79, 13775)
(110, 39, 29241)
(110, 59, 7031)
(110, 84, 20520)
(110, 42, 32381)
(110, 44, 26396)
(110, 7, 32666)
(110, 36, 3810)
(110, 102, 22701)
(110, 78, 5939)
(110, 32, 23919)
(110, 90, 19786)
(110, 20, 22354)
(110, 72, 30055)
(110, 25, 6732)
(110, 63, 20185)
(110, 77, 5173)
(110, 96, 13729)
(110, 2, 19556)
(110, 41, 10201)
(110, 23, 4965)
(110, 85, 26925)
(110, 58, 26607)
(110, 53, 16087)
(110, 73, 32320)
(110, 24, 33685)
(110, 13, 12792)
(110, 46, 28369)
(110, 47, 10655)
(110, 51, 22225)
(110, 66, 23158)
(110, 18, 15806)
(110, 38, 26209)
(110, 83, 4120)
(110, 98, 31071)
(110, 76, 15314)
(110, 65, 17269)
(111, 49, 12780)
(111, 54, 9284)
(111, 47, 22392)
(111, 14, 9390)
(111, 0, 28492)
(111, 37, 16374)
(111, 101, 22534)
(111, 109, 4862)
(111, 11, 30680)
(111, 57, 4263)
(111, 64, 28612)
(111, 46, 33506)
(111, 72, 31246)
(111, 77, 23618)
(111, 6, 31098)
(111, 102, 28189)
(111, 32, 13149)
(111, 110, 21562)
(111, 5, 10729)
(111, 66, 27272)
(111, 104, 28943)
(111, 90, 20946)
(111, 108, 27739)
(111, 68, 1095)
(111, 69, 13813)
(111, 22, 23030)
(111, 84, 32782)
(111, 23, 19379)
(111, 44, 24675)
(111, 15, 23262)
(111, 20, 8321)
(111, 17, 2472)
(111, 31, 27233)
(111, 55, 18274)
(111, 38, 20456)
(111, 100, 18500)
(111, 12, 32382)
(111, 48, 18036)
(111, 73, 21879)
(111, 51, 4663)
(111, 18, 1443)
(111, 75, 9087)
(111, 25, 18233)
(111, 4, 27631)
(111, 16, 23147)
(111, 74, 12721)
(111, 62, 7907)
(111, 98, 6712)
(111, 50, 26139)
(111, 70, 20646)
(111, 40, 6321)
(111, 43, 18696)
(111, 79, 30794)
(111, 92, 6097)
(111, 103, 14917)
(111, 86, 17542)
(111, 107, 24285)
(111, 28, 22274)
(111, 60, 16702)
(111, 42, 22832)
(111, 53, 12311)
(111, 80, 9707)
(111, 8, 10544)
(111, 19, 12018)
(111, 65, 7286)
(111, 7, 8941)
(111, 24, 30454)
(111, 27, 18042)
(111, 94, 7879)
(111, 96, 2368)
(111, 67, 3766)
(111, 52, 1325)
(111, 59, 3432)
(111, 29, 24403)
(111, 97, 31235)
(111, 58, 1691)
(111, 87, 22188)
(111, 33, 23804)
(111, 78, 14678)
(111, 82, 8130)
(111, 2, 22913)
(111, 35, 21710)
(111, 26, 17359)
(111, 21, 949)
(111, 10, 15646)
(111, 85, 19783)
(111, 39, 32422)
(111, 45, 20399)
(111, 105, 31227)
(111, 81, 6939)
(111, 71, 4370)
(111, 13, 24444)
(111, 56, 12067)
(111, 88, 13987)
(111, 36, 8184)
(111, 1, 32539)
(112, 70, 20599)
(112, 79, 25051)
(112, 48, 27046)
(112, 107, 7330)
(112, 37, 17930)
(112, 20, 27140)
(112, 63, 32139)
(112, 66, 22503)
(112, 85, 24992)
(112, 29, 18909)
(112, 47, 23815)
(112, 64, 26154)
(112, 109, 10472)
(112, 105, 5008)
(112, 42, 25470)
(112, 2, 14047)
(112, 46, 27084)
(112, 39, 8571)
(112, 102, 10883)
(112, 1, 33092)
(112, 76, 26479)
(112, 21, 10109)
(112, 34, 10533)
(112, 43, 32575)
(112, 7, 30120)
(112, 72, 8458)
(112, 91, 798)
(112, 110, 9237)
(112, 81, 21043)
(112, 25, 16334)
(112, 87, 1438)
(112, 56, 27080)
(112, 75, 13623)
(112, 50, 33143)
(112, 111, 12603)
(112, 99, 14893)
(112, 16, 5147)
(112, 65, 14273)
(112, 6, 11975)
(112, 3, 26378)
(112, 80, 24825)
(112, 59, 15116)
(112, 73, 23645)
(112, 17, 11462)
(112, 62, 3976)
(112, 83, 21186)
(112, 108, 20156)
(112, 78, 6884)
(112, 61, 27417)
(112, 23, 8368)
(112, 84, 21647)
(112, 44, 8600)
(112, 55, 14215)
(112, 35, 32516)
(112, 45, 3235)
(112, 51, 15553)
(112, 101, 22190)
(112, 40, 12583)
(112, 19, 11788)
(112, 86, 20080)
(112, 33, 16586)
(112, 22, 25950)
(112, 97, 15677)
(112, 0, 9611)
(112, 36, 28619)
(112, 15, 18881)
(112, 10, 9362)
(112, 92, 4326)
(112, 41, 33135)
(112, 11, 2473)
(112, 68, 32038)
(112, 94, 19883)
(112, 9, 32269)
(112, 53, 3618)
(112, 98, 25100)
(112, 24, 31315)
(112, 60, 3520)
(112, 38, 387)
(112, 4, 9011)
(113, 17, 897)
(113, 95, 9078)
(113, 96, 13533)
(113, 92, 11385)
(113, 93, 12318)
(113, 47, 13397)
(113, 27, 18027)
(113, 56, 11113)
(113, 35, 9451)
(113, 46, 440)
(113, 15, 5856)
(113, 69, 32839)
(113, 73, 21957)
(113, 30, 11609)
(113, 59, 591)
(113, 68, 29382)
(113, 25, 32293)
(113, 110, 10133)
(113, 42, 7466)
(113, 24, 28696)
(113, 71, 21800)
(113, 53, 2672)
(113, 89, 29589)
(113, 64, 14659)
(113, 58, 21410)
(113, 13, 13303)
(113, 10, 28876)
(113, 74, 3958)
(113, 7, 27247)
(113, 72, 2545)
(113, 70, 30500)
(113, 21, 13666)
(113, 102, 22232)
(113, 75, 30092)
(113, 85, 10199)
(113, 22, 13430)
(113, 50, 8037)
(113, 54, 25795)
(113, 100, 25038)
(113, 11, 10888)
(113, 105, 16071)
(113, 67, 1968)
(113, 32, 20258)
(113, 78, 3185)
(113, 4, 19692)
(113, 57, 3465)
(113, 83, 11399)
(113, 76, 9625)
(113, 91, 28907)
(113, 84, 3809)
(113, 18, 2901)
(113, 61, 10231)
(113, 87, 26007)
(113, 49, 32274)
(113, 52, 12119)
(114, 79, 169)
(114, 9, 14600)
(114, 55, 27632)
(114, 108, 29594)
(114, 101, 3028)
(114, 92, 12406)
(114, 12, 31471)
(114, 15, 22548)
(114, 104, 31661)
(114, 112, 26098)
(114, 59, 15237)
(114, 94, 17125)
(114, 29, 20073)
(114, 88, 6579)
(114, 75, 32866)
(114, 27, 7042)
(114, 56, 7778)
(114, 66, 19834)
(114, 44, 8956)
(114, 38, 26663)
(114, 70, 11394)
(114, 91, 3902)
(114, 8, 2647)
(114, 2, 4763)
(114, 96, 1563)
(114, 62, 16990)
(114, 4, 3978)
(114, 69, 106)
(114, 65, 32520)
(114, 109, 24772)
(114, 110, 2624)
(114, 0, 11008)
(114, 5, 9174)
(114, 48, 5014)
(114, 7, 14346)
(114, 20, 11721)
(114, 106, 19274)
(114, 42, 12871)
(114, 80, 20363)
(114, 22, 28934)
(114, 47, 1913)
(114, 33, 32246)
(114, 49, 19526)
(114, 25, 5103)
(114, 99, 1320)
(114, 107, 30310)
(114, 32, 12866)
(114, 82, 28389)
(114, 28, 7965)
(114, 68, 734)
(114, 19, 26796)
(114, 16, 33229)
(114, 77, 7143)
(114, 26, 12414)
(114, 90, 22506)
(114, 76, 19361)
(114, 13, 29897)
(114, 45, 14413)
(114, 23, 20296)
(114, 36, 19431)
(114, 3, 827)
(114, 103, 23423)
(114, 58, 27442)
(114, 63, 21772)
(114, 85, 30588)
(114, 41, 31156)
(114, 71, 7347)
(114, 39, 17985)
(114, 35, 11965)
(114, 86, 30851)
(114, 72, 7521)
(114, 84, 8958)
(114, 73, 19653)
(114, 54, 8782)
(114, 17, 25973)
(114, 40, 31922)
(114, 78, 31948)
(114, 98, 4753)
(114, 97, 25500)
(114, 113, 11618)
(114, 51, 18519)
(114, 93, 2131)
(114, 18, 14362)
(114, 37, 25340)
(114, 53, 17661)
(115, 61, 6848)
(115, 14, 10455)
(115, 39, 26445)
(115, 6, 29223)
(115, 17, 13108)
(115, 103, 21506)
(115, 10, 17079)
(115, 50, 11330)
(115, 44, 15471)
(115, 40, 21063)
(115, 7, 7906)
(115, 104, 1088)
(115, 75, 22244)
(115, 45, 10294)
(115, 49, 11998)
(115, 21, 17800)
(115, 15, 6397)
(115, 36, 17923)
(115, 114, 18680)
(115, 48, 622)
(115, 73, 25065)
(115, 82, 23821)
(115, 28, 32482)
(115, 87, 26156)
(115, 97, 27561)
(115, 30, 1594)
(115, 55, 28597)
(115, 65, 5165)
(115, 76, 8261)
(115, 34, 17525)
(115, 32, 25758)
(115, 43, 10925)
(115, 68, 21017)
(115, 113, 30233)
(115, 52, 4974)
(115, 12, 16805)
(115, 59, 26778)
(115, 62, 33249)
(115, 83, 30473)
(115, 42, 32201)
(115, 33, 17624)
(115, 81, 33766)
(115, 94, 10895)
(115, 16, 9431)
(115, 22, 24359)
(115, 54, 26783)
(115, 109, 10433)
(115, 53, 3693)
(115, 89, 748)
(115, 47, 23810)
(115, 79, 5567)
(115, 37, 31382)
(115, 101, 11411)
(115, 46, 11220)
(115, 66, 8682)
(115, 69, 27673)
(115, 99, 8855)
(115, 18, 12185)
(115, 2, 535)
(115, 78, 3832)
(115, 86, 30190)
(115, 74, 25956)
(115, 90, 2864)
(115, 1, 17919)
(115, 11, 4554)
(115, 96, 4898)
(115, 70, 6844)
(115, 80, 19223)
(115, 100, 8205)
(115, 8, 21715)
(115, 29, 14515)
(115, 35, 24386)
(115, 51, 32147)
(115, 91, 24706)
(115, 60, 25373)
(115, 41, 30139)
(115, 107, 33276)
(115, 4, 20587)
(115, 71, 24107)
(115, 57, 22230)
(115, 23, 2720)
(115, 95, 77)
(115, 110, 4393)
(115, 67, 2207)
(115, 5, 10504)
(115, 112, 29230)
(115, 19, 8659)
(115, 58, 25784)
(115, 77, 18475)
(115, 64, 3826)
(115, 88, 7578)
(115, 63, 5396)
(115, 0, 16068)
(115, 3, 5491)
(115, 93, 13590)
(115, 102, 5888)
(115, 20, 12027)
(115, 84, 27630)
(115, 105, 14420)
(115, 85, 14456)
(115, 56, 18139)
(115, 72, 707)
(116, 113, 16410)
(116, 3, 3785)
(116, 96, 23976)
(116, 16, 4743)
(116, 36, 16417)
(116, 68, 7691)
(116, 84, 28482)
(116, 71, 26885)
(116, 59, 794)
(116, 50, 21774)
(116, 89, 4984)
(116, 43, 17609)
(116, 79, 33492)
(116, 93, 26251)
(116, 57, 1993)
(116, 33, 18071)
(116, 88, 9869)
(116, 18, 25354)
(116, 7, 32570)
(116, 40, 28020)
(116, 5, 8301)
(116, 63, 15842)
(116, 103, 22600)
(116, 14, 30533)
(116, 112, 25628)
(116, 72, 18753)
(116, 82, 22481)
(116, 64, 8105)
(116, 80, 27016)
(116, 108, 3804)
(116, 62, 11055)
(116, 109, 33140)
(116, 100, 13808)
(116, 46, 18883)
(116, 102, 31023)
(116, 99, 31480)
(116, 70, 13898)
(116, 44, 23498)
(116, 15, 14429)
(116, 20, 32033)
(116, 54, 797)
(116, 23, 21076)
(116, 2, 13728)
(117, 18, 32526)
(117, 32, 33287)
(117, 54, 1281)
(117, 24, 13160)
(117, 14, 10197)
(117, 3, 6951)
(117, 31, 3064)
(117, 81, 32643)
(117, 88, 9207)
(117, 67, 7268)
(117, 104, 15965)
(117, 87, 14268)
(117, 58, 16155)
(117, 79, 7103)
(117, 44, 7125)
(117, 41, 9218)
(117, 43, 1040)
(117, 64, 12854)
(117, 16, 17819)
(117, 37, 8801)
(117, 13, 11858)
(117, 84, 6502)
(117, 65, 3718)
(117, 107, 32196)
(117, 93, 25987)
(117, 0, 4366)
(117, 102, 19574)
(117, 100, 1908)
(117, 2, 22818)
(117, 29, 23737)
(117, 9, 22647)
(117, 25, 33127)
(117, 66, 18401)
(117, 48, 16208)
(117, 55, 21922)
(117, 75, 4013)
(117, 74, 32203)
(117, 73, 28427)
(117, 12, 24869)
(117, 91, 11378)
(117, 57, 13183)
(117, 98, 14333)
(117, 15, 15743)
(117, 109, 4119)
(117, 94, 29183)
(117, 38, 402)
(117, 86, 14832)
(117, 80, 5340)
(117, 40, 14988)
(117, 49, 8663)
(117, 71, 14778)
(117, 28, 31006)
(117, 83, 27398)
(117, 53, 9440)
(117, 77, 15851)
(117, 110, 9967)
(117, 52, 31802)
(117, 114, 28874)
(117, 19, 25088)
(117, 1, 27512)
(117, 22, 33522)
(117, 20, 22456)
(117, 5, 27180)
(117, 82, 6533)
(117, 99, 31586)
(117, 72, 26656)
(117, 70, 5373)
(117, 26, 7109)
(117, 51, 24567)
(117, 78, 30800)
(117, 106, 31994)
(117, 21, 11899)
(117, 35, 14638)
(117, 56, 4501)
(117, 69, 24904)
(117, 59, 14568)
(117, 97, 28137)
(117, 68, 16870)
(117, 96, 17658)
(117, 62, 17488)
(117, 17, 30753)
(117, 89, 23373)
(117, 60, 26498)
(117, 105, 24494)
(117, 46, 14103)
(117, 113, 2407)
(117, 111, 12225)
(117, 115, 13860)
(117, 61, 2064)
(117, 47, 6663)
(117, 45, 31335)
(117, 42, 7171)
(117, 50, 30907)
(117, 103, 22651)
(117, 108, 32205)
(117, 11, 7680)
(117, 39, 17504)
(117, 92, 13210)
(117, 85, 20722)
(117, 23, 29048)
(117, 116, 12384)
(117, 30, 11861)
(117, 6, 5315)
(117, 34, 24137)
(117, 27, 31236)
(117, 7, 23129)
(118, 63, 22808)
(118, 50, 23085)
(118, 94, 6306)
(118, 59, 32183)
(118, 8, 21058)
(118, 76, 14780)
(118, 36, 25969)
(118, 14, 19484)
(118, 38, 33407)
(118, 86, 19928)
(118, 47, 755)
(118, 70, 17294)
(118, 84, 30086)
(118, 33, 20382)
(118, 61, 10370)
(118, 19, 16040)
(118, 66, 17004)
(118, 106, 29477)
(118, 9, 26462)
(119, 90, 24670)
(119, 72, 9408)
(119, 76, 31590)
(119, 67, 31631)
(119, 46, 20480)
(119, 117, 32742)
(119, 81, 22002)
(119, 63, 23363)
(119, 27, 8928)
(119, 84, 14491)
(119, 13, 22847)
(119, 22, 17030)
(119, 69, 33145)
(119, 15, 10548)
(119, 107, 761)
(119, 64, 30422)
(119, 98, 5758)
(119, 78, 30974)
(119, 75, 18963)
(119, 25, 33518)
(119, 73, 6235)
(119, 44, 17056)
(119, 54, 19727)
(119, 100, 4828)
(119, 89, 30544)
(119, 91, 7998)
(119, 18, 21187)
(119, 0, 31244)
(119, 96, 1685)
(119, 94, 982)
(119, 10, 19937)
(119, 41, 31408)
(119, 47, 18299)
(119, 34, 5876)
(119, 4, 14750)
(119, 97, 16481)
(119, 106, 26568)
(119, 57, 592)
(119, 43, 3447)
(119, 62, 20813)
(119, 118, 16482)
(119, 105, 32970)
(119, 65, 32415)
(119, 56, 2005)
(119, 108, 662)
(119, 33, 22192)
(119, 49, 917)
(119, 112, 24040)
(119, 111, 12527)
(119, 30, 22582)
(119, 29, 7065)
(119, 45, 24341)
(119, 87, 29248)
(119, 71, 8589)
(119, 37, 301)
(119, 12, 1278)
(119, 40, 18682)
(119, 66, 13755)
(119, 116, 2513)
(119, 50, 20831)
(119, 88, 31258)
(119, 110, 10067)
(119, 68, 24940)
(119, 102, 20674)
(119, 39, 15747)
(119, 20, 7290)
(119, 95, 25277)
(119, 9, 8187)
(119, 21, 13304)
(119, 115, 8424)
(119, 11, 18448)
(119, 23, 12162)
(119, 93, 15192)
(119, 99, 6679)
(119, 85, 2891)
(119, 2, 10513)
(119, 24, 33519)
(119, 61, 27271)
(119, 55, 33124)
(119, 70, 24304)
(119, 5, 6620)
(119, 42, 28022)
(119, 92, 10302)
(119, 104, 3077)
(119, 101, 13157)
(119, 83, 30703)
(119, 58, 12949)
(119, 48, 33627)
(119, 31, 16861)
(119, 53, 33573)
(119, 82, 7158)
(119, 16, 22914)
(119, 77, 32828)
(119, 74, 2371)
(120, 95, 13518)
(120, 100, 32331)
(120, 90, 32476)
(120, 119, 31779)
(120, 103, 24622)
(120, 61, 33331)
(120, 92, 27447)
(120, 12, 3686)
(120, 74, 11528)
(120, 56, 10435)
(120, 82, 2789)
(120, 77, 22649)
(120, 71, 16169)
(120, 111, 8813)
(120, 118, 12423)
(120, 5, 16388)
(120, 116, 16371)
(120, 117, 21206)
(120, 93, 19259)
(120, 115, 11568)
(120, 101, 33086)
(121, 74, 28490)
(121, 4, 17629)
(121, 119, 16913)
(121, 117, 20920)
(121, 112, 4402)
(121, 55, 4877)
(121, 28, 18258)
(121, 67, 22934)
(121, 29, 4820)
(121, 107, 11916)
(121, 98, 31739)
(121, 63, 26175)
(121, 108, 13031)
(121, 90, 4504)
(121, 78, 8884)
(121, 9, 11273)
(121, 91, 21746)
(121, 100, 6565)
(121, 70, 18479)
(121, 73, 21676)
(121, 86, 15243)
(121, 49, 3190)
(121, 87, 8890)
(121, 48, 30889)
(121, 3, 33533)
(121, 118, 7716)
(121, 24, 16664)
(121, 16, 1495)
(121, 106, 4854)
(121, 68, 2514)
(121, 75, 6160)
(121, 85, 20626)
(121, 116, 834)
(121, 88, 15524)
(121, 64, 26859)
(121, 110, 5213)
(121, 12, 8253)
(121, 34, 17267)
(121, 66, 7962)
(121, 97, 20909)
(122, 33, 22316)
(122, 102, 2694)
(122, 27, 2428)
(122, 117, 754)
(122, 56, 1465)
(122, 71, 21558)
(122, 62, 13881)
(122, 47, 24102)
(122, 49, 13019)
(122, 70, 22221)
(122, 118, 19744)
(122, 63, 32042)
(122, 108, 33323)
(122, 11, 32243)
(122, 6, 26814)
(122, 55, 7383)
(122, 48, 864)
(122, 54, 27536)
(122, 28, 18723)
(122, 30, 13366)
(122, 58, 9736)
(122, 57, 25697)
(122, 97, 22775)
(122, 60, 13949)
(122, 5, 17492)
(122, 84, 31367)
(122, 3, 24384)
(122, 98, 10636)
(122, 109, 21306)
(122, 68, 10112)
(122, 35, 25193)
(122, 65, 17723)
(122, 82, 28227)
(122, 103, 26214)
(122, 91, 6114)
(122, 29, 13779)
(122, 104, 29518)
(122, 53, 24381)
(122, 120, 18469)
(122, 76, 33293)
(122, 77, 22198)
(122, 74, 5057)
(122, 95, 27586)
(122, 15, 9914)
(122, 73, 25763)
(122, 14, 23722)
(122, 113, 32912)
(122, 110, 17631)
(122, 16, 13587)
(122, 41, 24897)
(122, 96, 14507)
(122, 94, 26509)
(122, 1, 15244)
(122, 79, 21931)
(122, 22, 21048)
(122, 86, 2978)
(122, 75, 8276)
(122, 44, 16491)
(122, 17, 20349)
(122, 38, 13561)
(122, 25, 595)
(122, 21, 20005)
(122, 4, 18316)
(123, 2, 10470)
(123, 72, 25258)
(123, 83, 31215)
(123, 61, 7127)
(123, 59, 16477)
(123, 93, 29855)
(123, 84, 23759)
(123, 106, 5244)
(123, 7, 17789)
(123, 4, 19333)
(123, 55, 19625)
(123, 107, 22321)
(123, 16, 6152)
(123, 79, 5621)
(123, 103, 14086)
(123, 17, 30741)
(123, 120, 12310)
(123, 76, 28508)
(123, 13, 7682)
(123, 40, 31061)
(123, 37, 12612)
(123, 48, 19647)
(123, 20, 18310)
(123, 39, 31049)
(123, 43, 15304)
(123, 63, 30541)
(123, 87, 21747)
(123, 9, 20544)
(123, 115, 7752)
(123, 5, 10511)
(123, 60, 18764)
(123, 95, 362)
(123, 111, 9336)
(123, 36, 28316)
(123, 49, 7508)
(123, 56, 10693)
(123, 45, 6545)
(123, 97, 17849)
(123, 100, 18903)
(123, 1, 17787)
(123, 32, 19369)
(123, 65, 11822)
(123, 58, 17316)
(123, 122, 9255)
(123, 102, 26484)
(123, 11, 17637)
(123, 46, 20910)
(123, 52, 8148)
(123, 0, 22415)
(123, 42, 29686)
(123, 70, 10087)
(123, 30, 11014)
(123, 10, 6992)
(123, 21, 653)
(123, 6, 11111)
(123, 118, 20358)
(123, 54, 5592)
(123, 18, 12919)
(123, 81, 3884)
(123, 105, 9923)
(123, 77, 15161)
(123, 22, 4735)
(123, 66, 27551)
(123, 112, 16269)
(123, 104, 5938)
(123, 75, 27642)
(123, 89, 3130)
(123, 110, 22170)
(123, 85, 17679)
(123, 14, 13286)
(123, 53, 14035)
(123, 26, 1393)
(123, 99, 14675)
(123, 19, 28559)
(123, 51, 33314)
(123, 119, 29832)
(123, 98, 13506)
(123, 88, 25227)
(123, 24, 29880)
(123, 12, 348)
(123, 47, 11902)
(123, 15, 9020)
(123, 33, 1331)
(123, 64, 30968)
(123, 8, 13710)
(123, 92, 13476)
(123, 34, 25780)
(123, 82, 29389)
(123, 71, 14606)
(123, 57, 5243)
(123, 73, 26379)
(123, 23, 17806)
(123, 86, 31037)
(123, 41, 14852)
(123, 27, 8140)
(123, 90, 7840)
(123, 109, 27192)
(123, 114, 14639)
(124, 38, 3841)
(124, 97, 25152)
(124, 90, 5806)
(124, 92, 26539)
(124, 119, 21822)
(124, 5, 24182)
(124, 44, 11501)
(124, 65, 23748)
(124, 57, 31242)
(124, 120, 22380)
(124, 6, 24618)
(124, 88, 1868)
(124, 40, 29937)
(124, 72, 32802)
(124, 78, 24931)
(124, 4, 7058)
(124, 23, 7932)
(124, 69, 4924)
(124, 64, 32601)
(124, 29, 25863)
(124, 15, 32463)
(124, 59, 26652)
(124, 42, 15751)
(124, 48, 20032)
(124, 74, 23954)
(124, 76, 32930)
(124, 93, 23293)
(124, 80, 24148)
(124, 22, 16193)
(124, 112, 29982)
(124, 70, 5367)
(124, 121, 7847)
(124, 26, 6776)
(124, 96, 428)
(124, 58, 33553)
(124, 33, 27138)
(124, 0, 17017)
(124, 56, 10778)
(124, 55, 3234)
(124, 109, 32547)
(125, 3, 2348)
(125, 60, 6608)
(125, 94, 9167)
(125, 65, 7694)
(125, 92, 15294)
(125, 45, 17949)
(125, 17, 21910)
(125, 77, 25377)
(125, 18, 18744)
(125, 9, 4912)
(125, 24, 18109)
(125, 21, 26522)
(125, 0, 19166)
(125, 42, 6256)
(125, 28, 23974)
(125, 99, 11341)
(125, 38, 18774)
(125, 97, 18013)
(125, 22, 32971)
(125, 116, 14708)
(125, 4, 26174)
(125, 74, 20380)
(125, 56, 2715)
(125, 64, 2355)
(125, 95, 32537)
(125, 104, 4797)
(125, 71, 7545)
(125, 13, 31077)
(125, 100, 29240)
(125, 112, 3941)
(126, 34, 19901)
(126, 50, 12053)
(126, 94, 9760)
(126, 109, 29117)
(127, 43, 19128)
(127, 116, 21721)
(127, 85, 19264)
(127, 36, 29085)
(127, 41, 14501)
(127, 113, 24894)
(127, 52, 29942)
(127, 59, 16614)
(127, 91, 18241)
(127, 123, 9443)
(127, 104, 27604)
(127, 120, 18865)
(127, 39, 19673)
(127, 19, 11620)
(127, 61, 24360)
(127, 95, 26022)
(127, 33, 33524)
(127, 99, 24800)
(127, 107, 25749)
(127, 87, 13525)
(127, 7, 13705)
(127, 23, 19911)
(127, 10, 29315)
(127, 18, 1124)
(127, 14, 1930)
(127, 110, 1646)
(127, 54, 24237)
(128, 31, 21911)
(128, 63, 23655)
(128, 60, 13298)
(128, 6, 25028)
(128, 119, 28835)
(128, 113, 13269)
(128, 56, 1975)
(128, 45, 32017)
(128, 73, 15818)
(128, 93, 19999)
(128, 46, 32213)
(128, 58, 19149)
(128, 87, 30337)
(128, 9, 23742)
(128, 89, 15750)
(128, 8, 13918)
(128, 123, 442)
(128, 55, 20306)
(128, 26, 11702)
(128, 96, 31650)
(128, 16, 32189)
(128, 114, 27170)
(128, 19, 10380)
(129, 110, 1021)
(129, 101, 5900)
(129, 66, 12604)
(129, 15, 24025)
(129, 108, 15472)
(129, 14, 33394)
(129, 20, 26240)
(129, 76, 20514)
(129, 85, 7424)
(129, 88, 12291)
(129, 43, 32330)
(129, 63, 32146)
(129, 37, 13316)
(129, 70, 29078)
(129, 109, 9858)
(129, 86, 1874)
(129, 106, 13445)
(129, 114, 30906)
(129, 46, 30675)
(129, 53, 22873)
(129, 49, 19073)
(129, 40, 567)
(129, 26, 11325)
(129, 96, 1698)
(129, 39, 21810)
(129, 12, 31953)
(129, 124, 1898)
(129, 16, 23929)
(129, 33, 22780)
(129, 27, 3124)
(129, 123, 30696)
(129, 29, 16318)
(129, 75, 22840)
(129, 117, 25090)
(129, 48, 937)
(129, 25, 7558)
(129, 31, 17526)
(129, 2, 24153)
(129, 19, 15256)
(129, 118, 25039)
(129, 107, 5512)
(129, 104, 23109)
(129, 7, 24948)
(129, 115, 14309)
(129, 35, 22753)
(129, 128, 15414)
(129, 82, 26693)
(129, 45, 30719)
(129, 99, 25481)
(129, 71, 21507)
(129, 67, 10122)
(129, 74, 17458)
(129, 9, 29034)
(129, 89, 19974)
(129, 55, 20164)
(129, 36, 8899)
(129, 83, 17894)
(129, 105, 25544)
(129, 34, 14661)
(129, 113, 20508)
(129, 77, 29280)
(129, 4, 2682)
(129, 100, 29137)
(129, 62, 1169)
(129, 119, 28165)
(129, 17, 29851)
(129, 21, 5132)
(129, 93, 19467)
(129, 24, 13988)
(129, 69, 14756)
(129, 103, 26719)
(129, 52, 10570)
(129, 111, 21355)
(129, 57, 13327)
(129, 41, 6585)
(129, 84, 14656)
(129, 13, 15485)
(130, 97, 2816)
(130, 76, 29260)
(130, 49, 19187)
(130, 21, 1780)
(130, 27, 19674)
(130, 77, 7299)
(130, 12, 15453)
(130, 44, 7994)
(130, 80, 6460)
(130, 114, 17037)
(130, 53, 20409)
(130, 52, 22904)
(130, 85, 27975)
(130, 101, 29906)
(130, 105, 537)
(130, 82, 9584)
(130, 125, 12240)
(130, 115, 4509)
(130, 22, 19799)
(130, 117, 25774)
(130, 86, 32924)
(130, 23, 2145)
(130, 0, 18523)
(130, 74, 32216)
(130, 63, 6094)
(130, 73, 24116)
(130, 67, 18820)
(130, 65, 3844)
(130, 70, 4878)
(130, 69, 33709)
(130, 15, 12415)
(130, 78, 21880)
(130, 19, 19720)
(130, 18, 5024)
(130, 26, 19561)
(130, 91, 10130)
(130, 84, 9934)
(130, 31, 15424)
(130, 24, 27696)
(130, 95, 15490)
(130, 100, 3973)
(130, 59, 31418)
(130, 13, 13726)
(130, 51, 16898)
(130, 122, 17668)
(130, 113, 29291)
(130, 2, 2159)
(130, 127, 22401)
(130, 88, 25860)
(130, 124, 13121)
(130, 126, 22938)
(130, 57, 18411)
(130, 120, 25992)
(130, 14, 13374)
(130, 93, 4775)
(131, 4, 21369)
(132, 58, 11487)
(132, 104, 1744)
(132, 35, 13999)
(132, 127, 28230)
(132, 60, 6624)
(132, 76, 18862)
(132, 73, 7081)
(132, 26, 137)
(132, 13, 4711)
(132, 90, 22765)
(132, 22, 22592)
(132, 102, 12946)
(132, 33, 31921)
(132, 32, 7183)
(132, 52, 14386)
(132, 30, 7167)
(132, 130, 21683)
(132, 71, 15649)
(132, 92, 12349)
(132, 78, 32592)
(132, 65, 10075)
(132, 21, 27685)
(132, 100, 3932)
(132, 50, 29170)
(132, 55, 208)
(132, 51, 18378)
(132, 17, 10989)
(132, 18, 33688)
(132, 123, 13815)
(132, 103, 14363)
(132, 46, 30211)
(132, 93, 23334)
(132, 129, 26510)
(132, 98, 25238)
(132, 109, 1706)
(132, 20, 24249)
(132, 79, 32493)
(132, 28, 11108)
(132, 75, 33529)
(132, 72, 25574)
(133, 108, 10034)
(133, 71, 26160)
(133, 55, 33794)
(133, 31, 13542)
(133, 40, 22861)
(133, 95, 19670)
(133, 89, 15494)
(133, 67, 14533)
(133, 52, 1540)
(133, 49, 14)
(133, 16, 14844)
(133, 3, 30713)
(133, 5, 9324)
(133, 0, 25928)
(133, 64, 24119)
(133, 20, 31793)
(133, 39, 8724)
(133, 21, 924)
(133, 98, 22829)
(133, 29, 19628)
(133, 99, 14819)
(133, 42, 28529)
(133, 2, 8145)
(134, 31, 23959)
(134, 64, 14260)
(134, 127, 11165)
(134, 14, 25186)
(134, 116, 27148)
(134, 133, 10896)
(134, 79, 2026)
(134, 17, 18936)
(134, 18, 21917)
(134, 47, 13745)
(134, 131, 10330)
(134, 38, 22466)
(134, 28, 20643)
(134, 68, 25691)
(134, 7, 7389)
(134, 130, 1053)
(134, 125, 19433)
(134, 83, 4935)
(134, 94, 33491)
(134, 10, 9475)
(134, 22, 33091)
(134, 121, 25729)
(134, 4, 13043)
(134, 25, 33769)
(134, 65, 10776)
(134, 3, 28822)
(134, 54, 24056)
(134, 97, 13171)
(134, 93, 31870)
(134, 46, 21654)
(134, 70, 1346)
(134, 19, 22017)
(134, 0, 30369)
(134, 126, 29922)
(134, 29, 6237)
(134, 42, 25267)
(134, 98, 3382)
(134, 106, 17850)
(134, 96, 13203)
(134, 51, 20527)
(134, 118, 8892)
(134, 57, 32427)
(134, 123, 33752)
(134, 21, 33689)
(134, 82, 21131)
(134, 78, 24586)
(134, 124, 1722)
(134, 66, 6413)
(134, 91, 931)
(134, 71, 28240)
(134, 2, 4032)
(134, 16, 22517)
(134, 84, 20711)
(134, 102, 32676)
(134, 53, 12235)
(134, 86, 3789)
(134, 13, 26946)
(134, 74, 32060)
(134, 114, 8922)
(134, 89, 9746)
(134, 110, 18854)
(134, 37, 30414)
(134, 40, 9476)
(134, 73, 28072)
(134, 32, 1496)
(134, 5, 3097)
(134, 48, 24352)
(134, 104, 21741)
(134, 1, 22276)
(134, 119, 11153)
(134, 103, 6706)
(134, 39, 6139)
(134, 27, 1635)
(134, 113, 1824)
(134, 9, 1243)
(134, 30, 8623)
(134, 43, 16175)
(134, 120, 20281)
(134, 132, 9617)
(134, 75, 31423)
(134, 108, 19691)
(134, 111, 17228)
(134, 76, 22607)
(134, 62, 23234)
(134, 69, 12503)
(134, 59, 825)
(134, 33, 22809)
(134, 67, 2667)
(134, 52, 14112)
(134, 90, 1051)
(134, 92, 8791)
(134, 55, 16512)
(134, 101, 32730)
(135, 96, 6508)
(135, 24, 33489)
(135, 19, 9021)
(135, 39, 30765)
(135, 133, 32899)
(135, 0, 4164)
(135, 11, 9489)
(135, 104, 33006)
(135, 51, 29004)
(135, 7, 18491)
(135, 45, 19193)
(135, 37, 16979)
(135, 82, 24236)
(135, 87, 11347)
(135, 23, 27144)
(135, 21, 8792)
(135, 106, 7986)
(135, 8, 31929)
(135, 103, 3629)
(135, 123, 14511)
(135, 116, 17759)
(135, 127, 19897)
(135, 50, 5658)
(135, 57, 21340)
(135, 10, 18123)
(135, 98, 216)
(135, 6, 19774)
(135, 102, 19198)
(135, 65, 32032)
(135, 128, 1487)
(135, 60, 31400)
(135, 20, 21287)
(135, 91, 534)
(135, 114, 20084)
(135, 5, 9056)
(135, 36, 25294)
(135, 63, 33674)
(135, 33, 4722)
(135, 90, 23125)
(135, 47, 6031)
(135, 68, 7692)
(135, 112, 19941)
(135, 80, 31770)
(135, 132, 21858)
(135, 53, 14561)
(135, 94, 26603)
(135, 43, 29065)
(135, 92, 13594)
(135, 73, 12270)
(136, 13, 19133)
(136, 89, 14888)
(136, 14, 30452)
(136, 36, 21401)
(136, 91, 4574)
(136, 135, 17821)
(136, 96, 13795)
(136, 129, 25766)
(136, 49, 16912)
(136, 101, 17311)
(136, 2, 2929)
(136, 116, 10333)
(136, 65, 8742)
(136, 42, 27788)
(136, 56, 1144)
(136, 105, 21168)
(136, 17, 4856)
(136, 122, 13071)
(136, 29, 8042)
(136, 45, 19306)
(136, 80, 24009)
(136, 9, 19127)
(136, 78, 19908)
(136, 26, 17238)
(136, 37, 13402)
(136, 107, 14486)
(136, 66, 6490)
(136, 118, 15147)
(136, 115, 482)
(136, 44, 20261)
(136, 97, 13036)
(136, 92, 23019)
(136, 64, 1237)
(136, 19, 31646)
(136, 109, 11590)
(136, 84, 6165)
(136, 121, 20449)
(136, 3, 8988)
(136, 67, 27299)
(136, 88, 7209)
(136, 12, 25682)
(136, 132, 10898)
(136, 75, 24242)
(136, 38, 9543)
(136, 59, 29038)
(136, 8, 9434)
(136, 83, 6564)
(136, 51, 7797)
(136, 21, 32715)
(136, 69, 16352)
(136, 72, 29016)
(136, 31, 18363)
(136, 82, 9783)
(136, 23, 26746)
(136, 53, 21159)
(136, 24, 23185)
(136, 33, 24962)
(136, 130, 25846)
(136, 99, 6925)
(136, 126, 7830)
(136, 60, 13287)
(136, 87, 17727)
(136, 133, 15233)
(136, 120, 2659)
(136, 7, 23708)
(136, 110, 2973)
(136, 50, 27045)
(136, 112, 14566)
(136, 6, 23326)
(136, 119, 16034)
(136, 43, 26358)
(136, 77, 2714)
(136, 5, 23257)
(136, 63, 30104)
(136, 108, 2138)
(136, 71, 31784)
(136, 18, 19067)
(136, 74, 6204)
(136, 39, 13855)
(136, 98, 16667)
(136, 70, 15203)
(136, 47, 6915)
(136, 57, 7219)
(136, 62, 29159)
(136, 103, 23252)
(136, 11, 28446)
(136, 34, 26723)
(136, 52, 28676)
(136, 102, 29702)
(136, 0, 9624)
(136, 125, 14752)
(136, 134, 24633)
(136, 1, 21775)
(136, 123, 20145)
(136, 93, 2156)
(136, 35, 6027)
(136, 90, 26076)
(136, 76, 26227)
(136, 124, 15447)
(136, 28, 28833)
(136, 106, 10043)
(136, 111, 15218)
(136, 128, 16281)
(136, 117, 21072)
(136, 79, 16674)
(136, 54, 12275)
(136, 55, 33094)
(137, 36, 5278)
(137, 9, 25676)
(137, 66, 11785)
(137, 1, 25996)
(137, 41, 26953)
(137, 102, 31240)
(137, 129, 12522)
(137, 113, 30483)
(137, 136, 2454)
(137, 6, 33171)
(137, 0, 27958)
(137, 101, 10679)
(137, 23, 28947)
(137, 134, 21068)
(137, 47, 19589)
(137, 12, 32461)
(137, 33, 22958)
(137, 106, 26377)
(137, 120, 22980)
(137, 29, 3003)
(137, 125, 8986)
(137, 110, 27993)
(137, 109, 18787)
(137, 28, 21218)
(137, 78, 3157)
(137, 18, 15073)
(137, 39, 16116)
(137, 34, 7030)
(137, 16, 19164)
(137, 20, 4700)
(137, 7, 8726)
(137, 50, 21768)
(137, 38, 30363)
(137, 94, 8950)
(137, 87, 25461)
(137, 2, 30361)
(137, 133, 15080)
(137, 89, 26934)
(137, 8, 28495)
(137, 95, 3356)
(137, 91, 20717)
(137, 24, 30579)
(137, 51, 8961)
(137, 58, 14365)
(137, 122, 984)
(137, 26, 5815)
(137, 63, 18281)
(137, 46, 19080)
(137, 71, 14398)
(137, 131, 16076)
(137, 79, 3158)
(137, 56, 5284)
(137, 45, 5222)
(137, 10, 8232)
(137, 25, 33666)
(137, 55, 11147)
(137, 97, 25878)
(137, 64, 21652)
(137, 121, 8040)
(137, 107, 28911)
(137, 30, 23915)
(137, 19, 18645)
(137, 17, 1658)
(137, 90, 7179)
(137, 118, 26436)
(137, 70, 5157)
(137, 80, 13841)
(137, 108, 3165)
(137, 92, 13893)
(137, 42, 13702)
(137, 115, 4493)
(137, 88, 18447)
(137, 130, 29715)
(137, 68, 4190)
(137, 124, 13369)
(137, 37, 16140)
(137, 4, 25419)
(137, 114, 5969)
(137, 85, 20796)
(137, 105, 13599)
(137, 116, 28069)
(137, 128, 16380)
(137, 127, 26800)
(137, 75, 21846)
(137, 57, 6184)
(137, 82, 28593)
(137, 62, 10524)
(137, 76, 8644)
(137, 14, 20074)
(137, 60, 26056)
(137, 15, 30140)
(137, 74, 1016)
(137, 67, 16891)
(137, 22, 26890)
(137, 119, 29436)
(137, 104, 11390)
(137, 117, 273)
(137, 135, 5609)
(137, 21, 8210)
(137, 40, 11024)
(137, 13, 27787)
(137, 49, 8783)
(137, 96, 21590)
(137, 77, 10926)
(137, 53, 14377)
(137, 103, 29817)
(137, 31, 24552)
(137, 93, 11467)
(137, 59, 25324)
(137, 72, 5282)
(137, 54, 11639)
(137, 35, 1699)
(137, 83, 12409)
(137, 5, 6411)
(137, 27, 17880)
(137, 11, 420)
(137, 84, 31186)
(137, 69, 26393)
(137, 99, 11359)
(137, 65, 18104)
(137, 86, 6547)
(137, 123, 22061)
(137, 52, 2396)
(137, 132, 5519)
(137, 48, 24716)
(137, 32, 27501)
(137, 111, 10763)
(137, 100, 5134)
(137, 112, 10271)
(137, 98, 12825)
(138, 65, 24922)
(138, 60, 9945)
(138, 97, 22882)
(138, 84, 18853)
(138, 83, 713)
(138, 90, 17190)
(138, 58, 3688)
(138, 11, 22414)
(138, 44, 33699)
(138, 88, 21273)
(138, 111, 24399)
(138, 51, 30946)
(138, 10, 22318)
(138, 40, 4242)
(138, 132, 13231)
(138, 134, 8511)
(138, 89, 6268)
(138, 112, 30601)
(138, 59, 15205)
(138, 27, 289)
(138, 1, 33544)
(138, 113, 8275)
(138, 95, 5211)
(138, 75, 9430)
(138, 100, 22138)
(138, 110, 23625)
(138, 96, 29635)
(138, 69, 15678)
(138, 103, 19065)
(138, 19, 12160)
(138, 23, 6525)
(138, 18, 836)
(138, 62, 4297)
(138, 61, 19271)
(138, 78, 10599)
(138, 37, 22409)
(138, 99, 19362)
(138, 124, 30068)
(138, 45, 4602)
(138, 120, 18582)
(138, 42, 30401)
(138, 121, 19069)
(138, 47, 11970)
(138, 94, 31393)
(139, 118, 31776)
(139, 76, 18514)
(139, 24, 913)
(139, 13, 5705)
(139, 103, 33431)
(139, 32, 15956)
(139, 122, 24264)
(139, 51, 20111)
(139, 110, 32395)
(139, 12, 13832)
(139, 132, 4367)
(139, 83, 8749)
(139, 44, 8845)
(139, 39, 12545)
(139, 70, 8200)
(139, 130, 31544)
(139, 57, 25573)
(139, 96, 4777)
(139, 68, 26769)
(139, 105, 29164)
(139, 115, 15086)
(139, 22, 15159)
(139, 50, 17011)
(139, 63, 21689)
(139, 108, 5148)
(139, 84, 23866)
(139, 120, 14974)
(139, 30, 885)
(139, 117, 23943)
(139, 16, 32579)
(139, 99, 24483)
(139, 6, 2907)
(139, 19, 4479)
(139, 65, 243)
(139, 82, 6698)
(139, 109, 24376)
(139, 9, 16696)
(139, 72, 13426)
(140, 58, 8733)
(140, 90, 32080)
(140, 113, 19042)
(140, 128, 23726)
(140, 80, 28751)
(140, 0, 16526)
(140, 100, 3261)
(140, 10, 26084)
(140, 120, 8067)
(140, 2, 2490)
(140, 55, 5949)
(140, 138, 12530)
(140, 109, 24760)
(140, 16, 3344)
(140, 5, 24019)
(140, 99, 10471)
(141, 81, 16845)
(141, 84, 29960)
(141, 21, 16722)
(141, 40, 31483)
(141, 9, 17561)
(141, 68, 27433)
(141, 27, 359)
(141, 120, 168)
(141, 78, 28854)
(141, 99, 3959)
(141, 2, 16863)
(141, 140, 2302)
(141, 28, 14873)
(141, 70, 28785)
(141, 29, 2791)
(141, 76, 11580)
(141, 100, 27811)
(141, 26, 16578)
(142, 140, 3342)
(142, 112, 12868)
(142, 39, 25513)
(142, 134, 19113)
(142, 16, 21111)
(142, 86, 22928)
(142, 61, 31941)
(142, 37, 5678)
(142, 76, 23344)
(142, 28, 31664)
(142, 52, 8414)
(142, 81, 13106)
(142, 40, 9647)
(142, 8, 26329)
(142, 34, 7812)
(142, 91, 30136)
(142, 12, 27348)
(142, 84, 31670)
(142, 82, 2287)
(142, 122, 10459)
(142, 27, 23942)
(142, 54, 18444)
(142, 118, 10431)
(142, 133, 24803)
(142, 80, 3680)
(142, 51, 13044)
(142, 131, 14977)
(142, 108, 18870)
(142, 59, 12598)
(142, 135, 17933)
(143, 125, 22250)
(143, 64, 15027)
(143, 115, 17391)
(143, 49, 6330)
(143, 121, 4626)
(143, 62, 277)
(143, 58, 12123)
(143, 68, 4523)
(143, 75, 18884)
(143, 120, 15725)
(143, 139, 16538)
(143, 3, 24167)
(143, 99, 5521)
(143, 61, 12523)
(143, 111, 18298)
(143, 129, 6779)
(143, 97, 2359)
(143, 48, 11162)
(143, 81, 30493)
(143, 130, 1046)
(143, 44, 33061)
(143, 5, 13125)
(143, 67, 8868)
(143, 65, 29929)
(143, 90, 6615)
(143, 109, 6927)
(143, 50, 33342)
(143, 53, 4236)
(143, 29, 19792)
(143, 23, 781)
(143, 87, 15500)
(143, 89, 143)
(143, 88, 26761)
(143, 10, 19222)
(143, 118, 28796)
(143, 108, 12798)
(143, 136, 29391)
(143, 103, 23766)
(143, 135, 8800)
(143, 123, 23870)
(143, 21, 22386)
(143, 63, 10336)
(143, 82, 12715)
(143, 78, 15007)
(143, 43, 18616)
(143, 24, 32212)
(143, 132, 30782)
(143, 51, 31719)
(143, 72, 4154)
(143, 77, 14599)
(143, 76, 23506)
(143, 11, 10608)
(143, 47, 11174)
(143, 133, 17530)
(143, 4, 10023)
(143, 40, 24832)
(143, 2, 18545)
(143, 110, 15835)
(143, 127, 29542)
(143, 15, 16038)
(143, 39, 12236)
(143, 79, 14830)
(143, 45, 5425)
(143, 131, 24839)
(143, 27, 681)
(143, 106, 33164)
(143, 26, 305)
(143, 66, 4499)
(143, 35, 9027)
(143, 14, 32157)
(143, 107, 4196)
(143, 73, 9439)
(143, 140, 6283)
(143, 42, 31533)
(143, 17, 33209)
(143, 54, 17951)
(143, 74, 6017)
(143, 92, 22617)
(143, 137, 10722)
(144, 128, 11306)
(144, 3, 1221)
(144, 111, 2772)
(144, 102, 29011)
(144, 87, 7113)
(144, 43, 22206)
(144, 120, 26763)
(144, 45, 31302)
(144, 77, 28810)
(144, 95, 26782)
(144, 38, 11764)
(144, 75, 2856)
(144, 121, 26688)
(144, 41, 22242)
(144, 141, 24217)
(144, 74, 19789)
(144, 23, 30784)
(144, 94, 14518)
(144, 7, 13057)
(144, 55, 6548)
(144, 105, 30426)
(144, 130, 24074)
(144, 81, 5063)
(144, 8, 14479)
(144, 73, 28561)
(144, 134, 3149)
(144, 61, 24559)
(144, 26, 15441)
(144, 0, 7379)
(144, 110, 27868)
(144, 28, 22125)
(144, 136, 3870)
(144, 143, 19923)
(144, 108, 19779)
(144, 63, 30145)
(144, 84, 28776)
(144, 118, 15062)
(144, 19, 10545)
(144, 139, 32511)
(144, 60, 5372)
(144, 62, 5178)
(144, 125, 10014)
(144, 64, 18277)
(144, 132, 4205)
(144, 78, 1295)
(144, 44, 1764)
(144, 35, 22251)
(144, 24, 14722)
(144, 20, 16996)
(144, 34, 19279)
(144, 92, 15887)
(144, 51, 25297)
(144, 10, 29500)
(144, 36, 7007)
(144, 17, 7443)
(144, 104, 33601)
(144, 124, 13368)
(144, 119, 31830)
(144, 70, 11997)
(144, 52, 4578)
(144, 79, 18810)
(144, 18, 14018)
(144, 86, 15904)
(144, 127, 18189)
(144, 117, 28679)
(144, 65, 1831)
(144, 12, 22054)
(144, 14, 7591)
(144, 16, 13127)
(144, 126, 9157)
(144, 69, 15391)
(144, 96, 27915)
(144, 72, 16552)
(144, 50, 26476)
(144, 22, 2768)
(144, 40, 22045)
(144, 47, 4126)
(144, 33, 13879)
(144, 1, 17878)
(144, 89, 17491)
(144, 133, 1702)
(145, 111, 19119)
(145, 32, 26565)
(145, 90, 16513)
(145, 98, 749)
(145, 136, 25130)
(145, 137, 31580)
(145, 4, 8000)
(145, 60, 25999)
(145, 16, 33353)
(145, 142, 17755)
(145, 9, 7763)
(146, 36, 25308)
(146, 127, 13644)
(146, 107, 11773)
(146, 73, 30278)
(146, 105, 17520)
(146, 19, 7398)
(146, 65, 12175)
(146, 103, 1034)
(146, 4, 4248)
(146, 50, 10036)
(146, 3, 3296)
(146, 31, 17152)
(146, 124, 10519)
(146, 144, 28987)
(146, 133, 18988)
(146, 112, 30848)
(146, 33, 31527)
(146, 34, 27923)
(146, 51, 16106)
(146, 72, 329)
(146, 54, 15671)
(146, 128, 23289)
(146, 115, 7598)
(146, 67, 1835)
(146, 108, 24536)
(146, 11, 32817)
(146, 82, 9972)
(146, 138, 6188)
(146, 71, 78)
(146, 40, 24120)
(146, 61, 2664)
(146, 64, 24067)
(146, 111, 27493)
(146, 129, 25806)
(146, 117, 26289)
(146, 30, 33348)
(146, 137, 9779)
(146, 99, 30671)
(146, 21, 26666)
(146, 78, 12312)
(146, 130, 3202)
(146, 52, 12371)
(146, 75, 513)
(146, 80, 30627)
(146, 98, 33473)
(146, 44, 29764)
(146, 10, 13356)
(146, 140, 23398)
(146, 134, 32994)
(146, 0, 33645)
(146, 145, 5558)
(146, 97, 3600)
(146, 63, 6503)
(146, 20, 29266)
(146, 106, 16876)
(146, 136, 17371)
(146, 84, 18767)
(146, 17, 30179)
(146, 132, 23491)
(146, 49, 14982)
(146, 39, 15765)
(146, 37, 17814)
(146, 58, 16900)
(146, 56, 32545)
(146, 42, 26150)
(146, 77, 21574)
(146, 1, 4322)
(146, 88, 30865)
(147, 27, 8554)
(147, 39, 28265)
(147, 136, 16647)
(147, 33, 17929)
(147, 4, 20137)
(147, 38, 3614)
(147, 119, 6260)
(147, 114, 30912)
(147, 52, 23138)
(147, 111, 7712)
(147, 1, 19975)
(147, 9, 16150)
(147, 115, 26561)
(147, 24, 23041)
(147, 62, 26223)
(147, 122, 8735)
(147, 102, 4868)
(147, 63, 15275)
(147, 116, 3664)
(147, 18, 18296)
(147, 21, 10376)
(147, 25, 10747)
(147, 142, 11576)
(147, 48, 9725)
(147, 138, 8527)
(147, 130, 15662)
(148, 19, 31384)
(148, 45, 19538)
(148, 10, 5994)
(148, 120, 20872)
(148, 112, 2839)
(149, 0, 24278)
(149, 98, 9747)
(149, 42, 31942)
(149, 44, 23453)
(149, 8, 15777)
(149, 16, 23777)
(149, 40, 22115)
(149, 55, 18719)
(149, 146, 21136)
(149, 95, 31540)
(149, 104, 9496)
(149, 83, 3911)
(149, 124, 30587)
(149, 94, 8159)
(149, 81, 4662)
(149, 116, 10877)
(149, 126, 1091)
(149, 109, 23642)
(149, 138, 14552)
(149, 66, 6467)
(149, 33, 25578)
(149, 74, 14078)
(149, 96, 17562)
(149, 148, 2847)
(149, 143, 13919)
(149, 135, 17197)
(149, 122, 9286)
(149, 69, 3183)
(149, 60, 11959)
(149, 17, 16745)
(149, 31, 12290)
(149, 32, 6521)
(149, 107, 27862)
(149, 120, 15978)
(149, 111, 27245)
(149, 18, 33486)
(149, 119, 8725)
(149, 80, 10616)
(149, 131, 6765)
(149, 72, 30930)
(149, 100, 5273)
(149, 30, 18531)
(149, 91, 24165)
(149, 5, 11755)
(149, 1, 9831)
(149, 144, 17544)
(149, 92, 7831)
(149, 130, 9404)
(149, 48, 6057)
(149, 85, 29872)
(149, 110, 5300)
(149, 73, 12043)
(149, 90, 33033)
(149, 106, 1041)
(149, 132, 21448)
(149, 70, 8131)
(149, 63, 28102)
(149, 101, 1555)
(150, 4, 14677)
(150, 59, 20158)
(150, 147, 27906)
(150, 74, 21328)
(150, 44, 8889)
(150, 116, 11891)
(150, 61, 25387)
(150, 91, 15165)
(150, 57, 4169)
(150, 20, 24728)
(150, 11, 860)
(150, 142, 4727)
(150, 141, 32424)
(150, 33, 23543)
(150, 79, 4431)
(150, 98, 32255)
(150, 131, 25887)
(150, 52, 19281)
(150, 28, 5319)
(150, 83, 3347)
(150, 114, 26902)
(150, 10, 9354)
(150, 136, 992)
(150, 143, 4304)
(150, 130, 1778)
(150, 113, 22722)
(150, 95, 12555)
(150, 96, 5089)
(150, 115, 14860)
(150, 120, 24209)
(150, 69, 3126)
(150, 135, 2013)
(150, 39, 16414)
(150, 37, 16548)
(150, 53, 31657)
(150, 108, 31224)
(150, 7, 6127)
(150, 132, 21179)
(150, 35, 17852)
(150, 58, 10593)
(150, 123, 10440)
(150, 94, 31964)
(150, 55, 19111)
(151, 111, 33012)
(151, 126, 19601)
(151, 6, 33742)
(151, 118, 12673)
(151, 82, 20445)
(151, 35, 11329)
(151, 53, 30289)
(151, 2, 20875)
(151, 141, 25562)
(151, 120, 23424)
(151, 47, 12378)
(151, 42, 31816)
(151, 132, 12761)
(151, 51, 3327)
(151, 102, 23081)
(151, 122, 7455)
(151, 44, 7672)
(151, 26, 13146)
(151, 144, 18022)
(151, 20, 31571)
(151, 54, 27519)
(151, 94, 31436)
(151, 1, 5597)
(151, 38, 16608)
(151, 32, 27462)
(151, 78, 8443)
(151, 33, 18837)
(151, 104, 3544)
(151, 137, 22443)
(151, 7, 7684)
(151, 36, 9855)
(151, 139, 16556)
(151, 83, 27195)
(151, 134, 9796)
(151, 136, 19255)
(151, 5, 3647)
(151, 85, 17918)
(151, 4, 12251)
(151, 25, 29471)
(151, 147, 14682)
(151, 81, 12166)
(151, 21, 8520)
(151, 140, 21897)
(151, 10, 24113)
(151, 58, 11292)
(151, 92, 11133)
(151, 40, 9424)
(151, 123, 26070)
(151, 113, 13030)
(151, 67, 25442)
(151, 15, 12992)
(151, 106, 29483)
(151, 75, 15163)
(151, 77, 11167)
(151, 9, 10696)
(151, 115, 27679)
(151, 55, 5185)
(151, 19, 32837)
(151, 90, 19043)
(151, 88, 2618)
(151, 39, 5631)
(151, 142, 2909)
(151, 112, 14740)
(151, 149, 22133)
(151, 65, 20387)
(151, 0, 22863)
(151, 50, 6434)
(151, 37, 29901)
(151, 107, 13201)
(151, 66, 12254)
(151, 61, 1788)
(151, 124, 23492)
(151, 13, 28837)
(151, 23, 19499)
(151, 24, 3829)
(151, 138, 28438)
(151, 86, 14510)
(151, 27, 25414)
(151, 60, 11091)
(151, 76, 30436)
(151, 34, 23131)
(151, 59, 4092)
(151, 128, 32886)
(151, 100, 8063)
(151, 119, 23364)
(151, 69, 2460)
(151, 133, 13583)
(151, 110, 8797)
(151, 97, 28524)
(151, 131, 10054)
(151, 87, 30694)
(151, 84, 3318)
(151, 74, 30844)
(151, 105, 27464)
(151, 98, 20996)
(151, 130, 25478)
(151, 56, 18049)
(151, 62, 9813)
(151, 121, 23037)
(151, 79, 17684)
(151, 108, 8199)
(152, 68, 15731)
(152, 101, 12021)
(152, 29, 2801)
(152, 53, 22226)
(152, 79, 7271)
(152, 50, 18328)
(152, 30, 7652)
(152, 52, 17944)
(152, 80, 16597)
(152, 105, 24855)
(152, 102, 19852)
(152, 149, 21964)
(152, 88, 29057)
(152, 8, 2417)
(152, 140, 23477)
(152, 4, 31446)
(152, 31, 3073)
(152, 97, 11145)
(152, 122, 31197)
(152, 85, 11191)
(152, 47, 16978)
(152, 23, 14706)
(152, 35, 19563)
(152, 131, 24787)
(152, 44, 33071)
(152, 107, 28231)
(152, 124, 29216)
(152, 37, 1950)
(152, 91, 28243)
(152, 16, 22496)
(152, 132, 20244)
(152, 134, 27321)
(152, 136, 2144)
(152, 57, 13697)
(152, 66, 252)
(152, 112, 4465)
(152, 130, 6990)
(152, 139, 31973)
(152, 6, 27191)
(152, 98, 28236)
(152, 46, 3009)
(152, 48, 1718)
(152, 125, 846)
(152, 87, 18164)
(152, 120, 10393)
(152, 22, 13092)
(152, 32, 28430)
(152, 58, 11496)
(152, 93, 8898)
(152, 135, 33458)
(152, 72, 25339)
(152, 40, 8820)
(152, 24, 11342)
(152, 118, 17449)
(152, 11, 15521)
(152, 115, 17934)
(152, 38, 1771)
(152, 121, 23515)
(152, 73, 8173)
(152, 128, 8219)
(152, 86, 2435)
(152, 123, 7405)
(152, 34, 4321)
(152, 39, 8181)
(152, 145, 670)
(152, 90, 30213)
(152, 106, 1398)
(152, 117, 5577)
(152, 111, 12323)
(152, 84, 7870)
(152, 7, 20754)
(152, 70, 4387)
(152, 78, 20532)
(152, 94, 32627)
(152, 113, 14249)
(152, 36, 25960)
(152, 62, 17650)
(152, 148, 17291)
(152, 59, 11927)
(152, 75, 18367)
(152, 82, 1360)
(152, 33, 10352)
(152, 41, 2620)
(152, 49, 17976)
(152, 95, 17372)
(152, 129, 15174)
(152, 56, 2524)
(152, 71, 8680)
(152, 5, 26513)
(152, 143, 3562)
(152, 0, 13373)
(152, 2, 21088)
(152, 69, 21591)
(152, 9, 4736)
(152, 28, 948)
(152, 21, 30183)
(152, 15, 22521)
(152, 137, 21844)
(152, 133, 3683)
(152, 45, 32729)
(152, 103, 18155)
(152, 92, 7773)
(152, 81, 7749)
(152, 20, 7722)
(152, 142, 8545)
(152, 110, 11238)
(152, 61, 7918)
(152, 64, 31459)
(152, 99, 25153)
(152, 63, 16091)
(152, 19, 1878)
(152, 100, 3494)
(152, 109, 11401)
(152, 150, 3258)
(152, 144, 29852)
(152, 13, 20571)
(152, 89, 30075)
(152, 77, 328)
(152, 26, 9636)
(152, 151, 14189)
(152, 12, 18954)
(152, 3, 3792)
(152, 138, 22279)
(152, 76, 23512)
(152, 51, 29760)
(152, 116, 27074)
(152, 1, 11631)
(152, 126, 1440)
(152, 119, 5325)
(152, 10, 10402)
(152, 108, 14463)
(152, 27, 18922)
(152, 83, 1704)
(152, 14, 26382)
(152, 127, 29061)
(152, 96, 172)
(152, 43, 10408)
(153, 11, 12287)
(153, 118, 10659)
(153, 109, 7996)
(153, 71, 852)
(153, 126, 9407)
(153, 114, 25975)
(153, 5, 26687)
(153, 48, 33283)
(153, 29, 26356)
(153, 106, 19614)
(153, 46, 15932)
(153, 49, 24502)
(153, 128, 5972)
(153, 132, 19112)
(153, 131, 19238)
(153, 135, 9758)
(153, 127, 27725)
(153, 101, 15173)
(153, 21, 19244)
(153, 26, 20106)
(153, 33, 32996)
(153, 146, 13756)
(153, 77, 18747)
(153, 59, 18307)
(153, 31, 5190)
(153, 142, 14193)
(153, 91, 30284)
(153, 61, 32813)
(153, 34, 15855)
(153, 44, 2200)
(153, 45, 3818)
(153, 134, 22009)
(153, 72, 10842)
(153, 113, 19904)
(153, 79, 18573)
(153, 129, 31911)
(153, 39, 14862)
(153, 117, 6810)
(153, 122, 1845)
(153, 140, 2238)
(153, 2, 21251)
(153, 64, 12533)
(153, 35, 26072)
(153, 9, 19460)
(153, 47, 12896)
(153, 89, 3112)
(153, 95, 15827)
(153, 87, 1468)
(153, 133, 20810)
(153, 116, 9963)
(153, 81, 26639)
(153, 119, 29864)
(153, 83, 33614)
(153, 27, 20530)
(153, 94, 19380)
(153, 102, 23574)
(153, 14, 16218)
(153, 123, 22612)
(153, 17, 25590)
(153, 50, 5281)
(153, 7, 14783)
(153, 25, 1716)
(153, 68, 4802)
(153, 22, 1489)
(153, 62, 23352)
(153, 23, 24356)
(153, 13, 1517)
(153, 93, 33243)
(153, 43, 12774)
(153, 12, 4030)
(153, 108, 30847)
(153, 32, 21983)
(153, 136, 22888)
(153, 88, 26980)
(153, 58, 13637)
(153, 3, 5749)
(153, 20, 23489)
(153, 147, 12035)
(153, 110, 29081)
(153, 60, 27001)
(153, 4, 5339)
(153, 1, 17186)
(153, 40, 4814)
(153, 67, 27236)
(153, 66, 32517)
(153, 63, 18090)
(153, 38, 12595)
(153, 57, 16942)
(153, 92, 5811)
(153, 141, 9558)
(153, 54, 14664)
(153, 121, 5947)
(153, 75, 5895)
(153, 120, 21379)
(153, 52, 6610)
(153, 96, 5648)
(153, 41, 4035)
(153, 16, 10419)
(153, 73, 21605)
(153, 139, 4681)
(153, 86, 7474)
(153, 78, 20982)
(153, 125, 2105)
(153, 24, 14425)
(153, 74, 6265)
(153, 36, 27374)
(153, 137, 5355)
(153, 80, 17245)
(153, 144, 48)
(153, 82, 14808)
(153, 85, 31858)
(153, 149, 30789)
(153, 56, 12339)
(153, 143, 11771)
(153, 65, 21528)
(153, 112, 7539)
(153, 148, 15763)
(154, 146, 2931)
(154, 9, 9927)
(154, 62, 3514)
(154, 65, 7905)
(154, 44, 6058)
(154, 35, 865)
(154, 50, 12929)
(154, 33, 25519)
(154, 3, 6202)
(154, 107, 21129)
(154, 21, 22332)
(154, 135, 1982)
(154, 139, 16668)
(154, 45, 31452)
(154, 64, 21334)
(154, 12, 24963)
(154, 151, 12274)
(154, 106, 2071)
(154, 53, 3636)
(154, 24, 32894)
(154, 112, 646)
(154, 140, 12967)
(154, 105, 31391)
(154, 84, 12869)
(154, 101, 114)
(154, 124, 31838)
(154, 119, 17357)
(154, 54, 9044)
(154, 56, 11523)
(154, 123, 22490)
(154, 20, 490)
(154, 116, 26599)
(154, 48, 13595)
(154, 2, 31896)
(154, 38, 10021)
(154, 109, 4916)
(154, 22, 21004)
(154, 41, 21947)
(154, 148, 27011)
(154, 94, 3136)
(154, 46, 9355)
(154, 40, 18128)
(154, 47, 10192)
(155, 92, 26078)
(155, 151, 5616)
(155, 58, 13678)
(155, 8, 27396)
(155, 68, 6353)
(155, 130, 29656)
(155, 138, 28146)
(155, 125, 3133)
(155, 27, 7780)
(155, 132, 30385)
(155, 11, 26208)
(155, 2, 14836)
(155, 10, 18917)
(155, 137, 28643)
(155, 31, 19784)
(155, 25, 21950)
(155, 69, 14755)
(156, 130, 170)
(156, 128, 7262)
(156, 86, 9240)
(156, 67, 14166)
(156, 141, 4803)
(156, 90, 454)
(156, 127, 3495)
(156, 65, 6921)
(156, 113, 10538)
(156, 151, 29606)
(156, 3, 12786)
(156, 56, 30857)
(156, 93, 7369)
(156, 114, 8198)
(156, 1, 25394)
(156, 137, 20917)
(156, 120, 7450)
(156, 37, 7361)
(156, 121, 8208)
(156, 81, 19520)
(156, 36, 21006)
(156, 58, 18670)
(156, 134, 21380)
(156, 9, 20279)
(156, 116, 12087)
(156, 41, 28525)
(156, 136, 33504)
(156, 30, 2634)
(156, 31, 7556)
(156, 32, 30227)
(156, 77, 3018)
(156, 96, 12643)
(156, 92, 20131)
(156, 117, 25069)
(156, 91, 12858)
(156, 18, 21438)
(156, 123, 3001)
(156, 6, 6469)
(156, 17, 603)
(156, 10, 17853)
(156, 145, 3616)
(156, 83, 16544)
(156, 48, 3742)
(156, 63, 25313)
(156, 5, 6948)
(156, 129, 11569)
(156, 150, 11202)
(156, 51, 9114)
(156, 140, 14971)
(156, 107, 24595)
(156, 8, 8376)
(156, 68, 3071)
(156, 38, 28984)
(156, 46, 31904)
(156, 138, 17489)
(156, 39, 29980)
(156, 131, 33682)
(156, 22, 33043)
(156, 132, 24993)
(156, 95, 2398)
(156, 89, 7762)
(156, 143, 8335)
(156, 50, 2031)
(156, 135, 3381)
(156, 34, 4105)
(156, 133, 5156)
(156, 85, 10800)
(156, 25, 1667)
(156, 57, 20790)
(157, 90, 11235)
(157, 57, 4632)
(157, 118, 10825)
(157, 30, 31271)
(157, 123, 7173)
(157, 93, 19471)
(157, 120, 20115)
(157, 107, 30523)
(157, 16, 16188)
(157, 70, 11907)
(157, 108, 13550)
(157, 36, 28472)
(157, 43, 20739)
(157, 136, 11107)
(157, 140, 18151)
(157, 54, 12224)
(157, 125, 19163)
(157, 138, 424)
(157, 62, 3453)
(157, 82, 16411)
(157, 14, 13439)
(157, 99, 120)
(157, 80, 12646)
(157, 151, 24517)
(157, 116, 303)
(157, 22, 31895)
(157, 56, 29721)
(157, 152, 22317)
(157, 100, 15006)
(157, 66, 10745)
(157, 153, 22644)
(157, 5, 17440)
(157, 38, 28370)
(157, 156, 18078)
(157, 69, 10812)
(157, 11, 21237)
(157, 60, 4379)
(157, 94, 17906)
(157, 117, 27116)
(157, 149, 12659)
(157, 87, 16818)
(157, 73, 26222)
(157, 84, 8052)
(157, 26, 10904)
(157, 139, 4793)
(157, 105, 9487)
(157, 10, 18860)
(157, 28, 16400)
(157, 112, 24486)
(157, 133, 8779)
(157, 51, 33361)
(157, 29, 28976)
(157, 128, 4217)
(157, 79, 4562)
(157, 25, 6700)
(157, 96, 1263)
(157, 6, 15466)
(157, 19, 32763)
(157, 42, 27283)
(157, 155, 20668)
(157, 130, 2701)
(157, 37, 23579)
(157, 61, 9460)
(157, 102, 32531)
(157, 127, 27846)
(157, 72, 16769)
(157, 132, 19037)
(157, 129, 3179)
(157, 74, 20563)
(157, 76, 22294)
(157, 45, 24629)
(157, 67, 33656)
(157, 47, 32462)
(157, 0, 7425)
(157, 81, 32437)
(157, 13, 17254)
(157, 50, 13224)
(157, 46, 19419)
(158, 60, 26933)
(158, 70, 6650)
(158, 90, 20763)
(158, 48, 20547)
(158, 39, 7631)
(158, 124, 25319)
(158, 42, 9235)
(158, 125, 33248)
(158, 46, 1842)
(158, 92, 8408)
(158, 45, 21097)
(158, 123, 504)
(158, 12, 1861)
(158, 21, 4173)
(158, 23, 6970)
(158, 93, 220)
(158, 96, 27181)
(158, 35, 11539)
(158, 10, 11146)
(158, 147, 14941)
(158, 141, 6717)
(158, 115, 25547)
(158, 36, 2852)
(158, 4, 29649)
(158, 68, 17675)
(158, 140, 15511)
(158, 95, 33225)
(158, 89, 21424)
(158, 157, 12494)
(158, 32, 19342)
(158, 17, 33450)
(158, 34, 16569)
(158, 126, 1955)
(158, 30, 22539)
(158, 117, 16609)
(158, 114, 22342)
(158, 138, 24194)
(158, 40, 204)
(158, 33, 15616)
(158, 110, 15287)
(158, 44, 30685)
(158, 149, 4556)
(158, 146, 32351)
(158, 54, 26521)
(158, 97, 412)
(158, 29, 16268)
(158, 130, 1682)
(158, 3, 14139)
(158, 71, 31705)
(158, 120, 24789)
(158, 81, 6965)
(158, 0, 8161)
(158, 152, 26376)
(158, 121, 13629)
(158, 75, 522)
(158, 136, 12195)
(158, 67, 30146)
(158, 62, 16819)
(158, 84, 28618)
(158, 63, 19247)
(158, 108, 18084)
(158, 43, 30301)
(158, 100, 16650)
(158, 24, 18695)
(158, 14, 10714)
(158, 55, 15129)
(158, 38, 26271)
(158, 103, 3462)
(158, 52, 11816)
(158, 11, 23404)
(158, 113, 27220)
(158, 49, 30876)
(158, 2, 8462)
(158, 15, 14243)
(158, 104, 14798)
(158, 65, 8483)
(158, 20, 27994)
(158, 133, 19966)
(158, 64, 26888)
(158, 145, 12230)
(158, 53, 14118)
(158, 57, 25086)
(158, 37, 15538)
(158, 66, 8990)
(158, 144, 3628)
(158, 6, 28969)
(158, 109, 24337)
(158, 118, 14356)
(158, 31, 26252)
(158, 156, 9509)
(158, 105, 16908)
(158, 80, 9080)
(158, 153, 6705)
(158, 51, 31338)
(158, 137, 5542)
(158, 25, 31017)
(158, 74, 31706)
(158, 9, 2717)
(158, 22, 29957)
(158, 107, 29134)
(158, 112, 8017)
(158, 129, 27718)
(158, 16, 27755)
(158, 85, 22898)
(158, 87, 16519)
(158, 78, 29923)
(158, 26, 21399)
(158, 132, 5473)
(158, 59, 11757)
(158, 5, 30684)
(158, 27, 29059)
(158, 119, 10154)
(158, 86, 19982)
(158, 155, 683)
(158, 122, 12152)
(158, 127, 8286)
(158, 154, 10236)
(158, 111, 12617)
(158, 79, 25212)
(158, 76, 31125)
(158, 151, 28175)
(158, 83, 6258)
(158, 88, 4600)
(158, 72, 238)
(158, 148, 16623)
(159, 1, 744)
(159, 8, 11881)
(159, 76, 7638)
(159, 89, 15114)
(159, 134, 28509)
(159, 133, 31887)
(159, 111, 10274)
(159, 11, 20434)
(159, 52, 18053)
(159, 144, 14584)
(159, 130, 23406)
(159, 108, 18264)
(159, 2, 27171)
(159, 97, 31479)
(159, 59, 30563)
(159, 40, 29741)
(159, 13, 27558)
(159, 107, 15285)
(159, 32, 21620)
(159, 119, 5889)
(159, 38, 19078)
(159, 21, 17598)
(159, 150, 21317)
(159, 43, 19442)
(159, 78, 10497)
(159, 53, 1793)
(159, 37, 8740)
(159, 39, 27833)
(159, 87, 12758)
(159, 61, 23378)
(159, 10, 1182)
(159, 12, 33252)
(159, 3, 18749)
(159, 110, 31888)
(159, 85, 7343)
(159, 93, 5727)
(159, 0, 1939)
(159, 55, 20792)
(159, 143, 31750)
(159, 82, 16154)
(159, 138, 12404)
(159, 48, 25587)
(159, 145, 18752)
(159, 126, 30683)
(159, 42, 14999)
(159, 27, 24253)
(159, 152, 12790)
(159, 112, 1743)
(159, 153, 31361)
(159, 65, 28178)
(159, 158, 18179)
(159, 77, 11557)
(159, 46, 1412)
(159, 104, 12357)
(159, 47, 12060)
(159, 136, 25893)
(159, 106, 176)
(159, 91, 24942)
(159, 117, 23228)
(159, 123, 14964)
(159, 4, 8592)
(159, 73, 24600)
(159, 115, 20283)
(159, 57, 498)
(159, 60, 33299)
(159, 103, 22734)
(159, 67, 6654)
(159, 105, 4535)
(159, 102, 4269)
(159, 70, 15478)
(159, 36, 8745)
(159, 128, 16636)
(159, 84, 23197)
(159, 120, 22085)
(159, 121, 26134)
(159, 139, 30571)
(159, 44, 5737)
(159, 149, 8579)
(159, 125, 25802)
(159, 19, 29285)
(159, 79, 3256)
(159, 100, 27659)
(159, 86, 24754)
(159, 31, 29224)
(159, 135, 4274)
(159, 29, 7316)
(159, 129, 12197)
(159, 30, 19613)
(159, 17, 11078)
(159, 118, 10972)
(159, 16, 21204)
(159, 154, 23441)
(159, 146, 26724)
(159, 131, 33160)
(159, 35, 30112)
(159, 96, 9057)
(159, 80, 23898)
(159, 74, 4519)
(159, 151, 3970)
(159, 45, 29735)
(159, 28, 25076)
(159, 81, 961)
(159, 62, 32272)
(159, 64, 24685)
(159, 94, 13151)
(160, 65, 10736)
(160, 56, 30429)
(160, 118, 30358)
(160, 36, 21255)
(160, 108, 6857)
(160, 4, 18910)
(160, 67, 17279)
(160, 87, 2727)
(160, 146, 13513)
(160, 127, 11280)
(160, 77, 22867)
(160, 16, 1454)
(160, 51, 5859)
(160, 94, 17512)
(160, 29, 9656)
(160, 78, 23501)
(160, 25, 22425)
(160, 62, 27649)
(160, 141, 10852)
(160, 153, 21221)
(160, 139, 12837)
(160, 155, 16170)
(160, 142, 21531)
(160, 7, 32861)
(160, 116, 32774)
(160, 50, 22148)
(160, 112, 14337)
(160, 42, 13632)
(160, 31, 29921)
(160, 121, 162)
(160, 104, 5924)
(160, 152, 23448)
(160, 55, 24012)
(160, 1, 26437)
(160, 39, 23330)
(160, 138, 32235)
(160, 156, 32644)
(160, 38, 27792)
(160, 124, 27608)
(160, 102, 20162)
(160, 106, 15800)
(160, 123, 9621)
(160, 80, 22943)
(160, 17, 3528)
(160, 97, 27461)
(160, 41, 9219)
(160, 100, 4189)
(160, 54, 23566)
(160, 88, 28901)
(160, 130, 27238)
(160, 32, 30181)
(160, 75, 28143)
(160, 20, 81)
(160, 13, 32155)
(160, 69, 22543)
(160, 105, 3343)
(160, 22, 10733)
(160, 68, 16746)
(160, 148, 7504)
(160, 133, 12453)
(160, 6, 32673)
(160, 129, 13951)
(160, 48, 25477)
(160, 74, 9181)
(160, 15, 31100)
(160, 53, 30592)
(160, 71, 32825)
(160, 157, 3983)
(160, 60, 22020)
(160, 85, 25031)
(160, 61, 14503)
(160, 145, 25213)
(160, 149, 16671)
(160, 150, 31047)
(160, 23, 12534)
(160, 66, 7373)
(160, 90, 26276)
(160, 9, 30624)
(160, 59, 6897)
(160, 131, 16176)
(160, 70, 30643)
(160, 63, 31219)
(160, 136, 30888)
(160, 24, 1653)
(160, 45, 32514)
(160, 109, 15515)
(160, 40, 839)
(160, 114, 13367)
(160, 57, 21733)
(160, 52, 16657)
(160, 83, 9999)
(160, 0, 32568)
(160, 93, 31600)
(160, 44, 25803)
(160, 89, 14058)
(160, 46, 12707)
(160, 49, 29962)
(160, 96, 8094)
(160, 125, 31324)
(160, 98, 22166)
(160, 111, 10227)
(160, 92, 12737)
(160, 119, 26434)
(160, 134, 17594)
(160, 58, 32470)
(160, 5, 31649)
(160, 113, 24883)
(160, 110, 2925)
(160, 159, 7859)
(160, 21, 11781)
(160, 27, 27325)
(160, 33, 2887)
(160, 14, 7997)
(161, 39, 1560)
(161, 43, 31274)
(161, 61, 20859)
(161, 127, 30091)
(161, 114, 8998)
(161, 136, 10128)
(161, 156, 3491)
(161, 4, 33005)
(161, 96, 15060)
(162, 24, 25564)
(162, 131, 6453)
(162, 99, 11706)
(162, 69, 24292)
(162, 55, 18798)
(162, 123, 5701)
(162, 124, 31963)
(162, 38, 288)
(162, 129, 10403)
(162, 76, 18522)
(162, 158, 7252)
(162, 60, 23524)
(162, 137, 33271)
(162, 57, 30606)
(162, 106, 11676)
(162, 58, 16504)
(162, 80, 16121)
(162, 78, 20417)
(162, 62, 10284)
(162, 10, 32590)
(162, 104, 9905)
(162, 159, 8802)
(162, 111, 27874)
(162, 120, 17003)
(162, 141, 5277)
(162, 19, 12661)
(162, 49, 10964)
(162, 13, 30313)
(162, 20, 13528)
(162, 105, 13392)
(162, 31, 1311)
(162, 145, 30492)
(162, 121, 28027)
(162, 96, 15282)
(162, 54, 5698)
(162, 95, 20186)
(162, 67, 6649)
(162, 46, 28039)
(162, 9, 7616)
(162, 17, 6473)
(162, 156, 21820)
(162, 143, 14281)
(162, 87, 27257)
(162, 133, 17765)
(162, 26, 20781)
(162, 100, 24715)
(162, 112, 17106)
(162, 35, 5073)
(162, 45, 13782)
(162, 59, 4821)
(162, 65, 10592)
(163, 36, 31288)
(163, 133, 28276)
(163, 80, 31066)
(163, 147, 27091)
(163, 25, 22608)
(163, 41, 22757)
(163, 138, 20928)
(163, 142, 4549)
(163, 121, 31455)
(163, 44, 13670)
(163, 88, 2668)
(163, 73, 29954)
(163, 143, 19018)
(163, 132, 15714)
(163, 6, 30801)
(163, 107, 29097)
(163, 110, 33312)
(163, 46, 11170)
(163, 56, 21618)
(163, 65, 16285)
(163, 76, 3605)
(163, 43, 33675)
(163, 48, 24580)
(163, 2, 25700)
(163, 128, 5361)
(163, 11, 7505)
(163, 122, 4673)
(163, 131, 7070)
(163, 77, 26646)
(163, 157, 24262)
(163, 4, 18045)
(163, 153, 16359)
(163, 140, 398)
(163, 15, 22060)
(163, 22, 28494)
(163, 116, 18302)
(163, 155, 18008)
(163, 134, 5553)
(163, 118, 31758)
(163, 93, 30905)
(163, 16, 7753)
(163, 55, 12954)
(163, 52, 27677)
(163, 68, 32336)
(163, 74, 10565)
(163, 162, 31039)
(163, 42, 31099)
(163, 51, 32118)
(163, 69, 13700)
(163, 104, 8190)
(163, 10, 15790)
(163, 9, 3189)
(163, 159, 23526)
(163, 19, 6969)
(163, 136, 5829)
(163, 130, 28493)
(163, 119, 24554)
(163, 97, 10116)
(163, 83, 2056)
(163, 112, 3468)
(163, 145, 22532)
(163, 127, 14313)
(163, 37, 19451)
(163, 102, 12474)
(163, 70, 9853)
(163, 126, 12155)
(163, 39, 14209)
(163, 23, 6285)
(163, 58, 14642)
(163, 141, 27937)
(163, 82, 32301)
(163, 60, 21102)
(163, 79, 17514)
(163, 158, 7748)
(163, 84, 19714)
(163, 139, 11453)
(163, 8, 31210)
(163, 148, 30359)
(163, 85, 14954)
(163, 101, 13952)
(163, 117, 942)
(163, 75, 13408)
(163, 111, 16631)
(163, 94, 11313)
(163, 144, 33278)
(163, 108, 31041)
(163, 109, 22219)
(163, 1, 196)
(163, 31, 27871)
(163, 113, 10602)
(163, 33, 26011)
(163, 124, 18925)
(163, 135, 4742)
(163, 154, 28476)
(163, 57, 5744)
(163, 152, 24727)
(163, 32, 2552)
(163, 92, 20863)
(163, 129, 9731)
(163, 106, 5518)
(163, 62, 15283)
(163, 18, 31146)
(163, 24, 509)
(163, 78, 4838)
(163, 149, 31213)
(163, 99, 31097)
(163, 13, 9108)
(163, 14, 17406)
(163, 26, 3243)
(163, 89, 16344)
(163, 35, 28246)
(163, 59, 11405)
(163, 90, 21303)
(163, 96, 5144)
(163, 123, 21245)
(163, 105, 30835)
(163, 160, 8039)
(163, 63, 19756)
(163, 81, 30163)
(163, 49, 6734)
(163, 98, 5271)
(163, 21, 15179)
(163, 30, 13226)
(163, 87, 25598)
(163, 3, 27295)
(163, 72, 17063)
(163, 161, 20712)
(163, 54, 13350)
(163, 150, 19190)
(163, 53, 20226)
(163, 86, 2028)
(163, 45, 24528)
(163, 67, 18002)
(163, 114, 14440)
(163, 66, 32858)
(164, 130, 13101)
(164, 68, 13310)
(164, 142, 27754)
(164, 23, 7552)
(164, 32, 16661)
(164, 147, 23534)
(164, 134, 22460)
(164, 116, 7366)
(164, 156, 26244)
(164, 9, 19587)
(164, 54, 5722)
(164, 87, 2818)
(164, 45, 31785)
(164, 31, 31701)
(164, 14, 2953)
(164, 101, 13938)
(164, 105, 14163)
(164, 153, 28570)
(164, 107, 3365)
(164, 3, 28047)
(164, 28, 24357)
(164, 33, 16543)
(164, 84, 16931)
(164, 53, 684)
(164, 93, 30253)
(164, 30, 2902)
(164, 144, 26617)
(164, 77, 20121)
(164, 76, 30693)
(164, 78, 30810)
(164, 4, 22169)
(164, 98, 20723)
(164, 126, 23780)
(164, 102, 15884)
(164, 152, 6262)
(164, 7, 27920)
(164, 122, 24185)
(164, 13, 22007)
(164, 124, 6930)
(164, 96, 32754)
(164, 138, 13571)
(164, 80, 7577)
(164, 1, 15844)
(164, 163, 8428)
(164, 35, 7108)
(164, 11, 281)
(164, 119, 32245)
(164, 79, 24275)
(164, 85, 6978)
(164, 34, 8034)
(164, 155, 27781)
(164, 69, 4337)
(164, 161, 2319)
(164, 44, 18856)
(164, 148, 5389)
(164, 48, 21351)
(164, 75, 8536)
(164, 19, 20869)
(164, 56, 11316)
(164, 149, 714)
(164, 135, 24183)
(164, 159, 31766)
(164, 27, 2631)
(164, 22, 21729)
(164, 140, 2183)
(164, 21, 9316)
(164, 137, 339)
(164, 103, 25807)
(164, 146, 3833)
(164, 128, 21885)
(164, 143, 4147)
(164, 57, 8897)
(164, 108, 7412)
(164, 67, 12416)
(164, 125, 23054)
(164, 55, 27709)
(164, 64, 29293)
(164, 15, 4733)
(164, 61, 32829)
(164, 111, 20761)
(164, 97, 15971)
(164, 110, 31191)
(164, 58, 3362)
(164, 127, 30723)
(164, 113, 28603)
(164, 42, 22372)
(164, 123, 25538)
(164, 18, 30610)
(164, 39, 1759)
(164, 117, 26872)
(164, 43, 12886)
(164, 0, 26185)
(164, 95, 25713)
(164, 36, 26527)
(164, 16, 19422)
(164, 82, 24456)
(164, 121, 27118)
(164, 100, 1439)
(164, 151, 7396)
(164, 74, 24861)
(164, 6, 20332)
(164, 10, 27535)
(164, 40, 14643)
(164, 145, 1574)
(164, 17, 4988)
(164, 63, 20248)
(164, 37, 11835)
(164, 154, 5386)
(164, 8, 6112)
(164, 133, 5810)
(164, 20, 10327)
(164, 90, 29021)
(164, 65, 27722)
(164, 106, 5124)
(164, 120, 16123)
(164, 62, 25551)
(164, 86, 18546)
(164, 60, 8419)
(164, 160, 12651)
(164, 41, 10332)
(164, 157, 27338)
(164, 12, 25231)
(164, 104, 351)
(164, 2, 32595)
(164, 59, 12703)
(164, 88, 665)
(164, 139, 28536)
(164, 162, 8762)
(164, 91, 5578)
(164, 81, 26299)
(164, 89, 14913)
(164, 50, 17179)
(164, 24, 12107)
(164, 132, 8632)
(164, 51, 9221)
(164, 115, 14315)
(164, 83, 7069)
(164, 112, 24920)
(164, 26, 11723)
(164, 158, 21472)
(164, 150, 24583)
(164, 136, 2135)
(164, 129, 7588)
(164, 66, 23595)
(164, 109, 21289)
(164, 131, 20596)
(164, 114, 9094)
(164, 46, 3961)
(164, 38, 2693)
(164, 71, 26993)
(164, 47, 9844)
(164, 70, 10761)
(164, 25, 23949)
(164, 49, 13521)
(164, 118, 28847)
(164, 94, 3442)
(164, 73, 6172)
(164, 141, 25120)
(164, 92, 15928)
(164, 99, 28604)
(164, 52, 4778)
(165, 147, 15035)
(165, 32, 6987)
(165, 164, 2757)
(165, 96, 1234)
(165, 129, 9620)
(165, 111, 26616)
(165, 149, 29750)
(165, 50, 32567)
(165, 71, 3541)
(165, 131, 4336)
(165, 25, 2427)
(166, 98, 16851)
(166, 33, 1236)
(166, 97, 6759)
(166, 28, 9122)
(166, 45, 23938)
(166, 135, 12189)
(166, 53, 7781)
(166, 161, 33001)
(166, 133, 15822)
(166, 57, 12108)
(166, 46, 28218)
(166, 11, 23839)
(166, 14, 4764)
(166, 121, 31082)
(166, 112, 29145)
(166, 75, 5574)
(166, 44, 28787)
(166, 145, 13986)
(166, 122, 27505)
(166, 81, 22181)
(166, 117, 33022)
(166, 120, 12266)
(166, 101, 21494)
(166, 72, 26334)
(166, 27, 23176)
(166, 9, 33591)
(166, 39, 478)
(166, 144, 27331)
(166, 56, 29274)
(166, 116, 25019)
(166, 113, 31906)
(166, 23, 16090)
(166, 52, 6287)
(166, 47, 17974)
(166, 102, 3867)
(166, 137, 29769)
(166, 24, 2219)
(166, 141, 17989)
(166, 151, 25787)
(166, 125, 19963)
(166, 50, 32362)
(166, 118, 25114)
(166, 103, 32562)
(166, 71, 28436)
(166, 80, 1139)
(166, 162, 10835)
(166, 139, 12915)
(166, 128, 13364)
(166, 129, 31822)
(166, 78, 26131)
(166, 108, 16714)
(166, 83, 18243)
(166, 36, 20725)
(166, 115, 8209)
(166, 3, 7710)
(166, 5, 5901)
(166, 90, 1533)
(166, 70, 29222)
(166, 132, 33155)
(166, 134, 12581)
(166, 7, 2356)
(166, 136, 10500)
(166, 38, 24446)
(166, 124, 31053)
(166, 26, 16553)
(166, 2, 9492)
(166, 127, 20809)
(166, 32, 30147)
(166, 34, 7917)
(166, 66, 29857)
(166, 155, 8383)
(166, 55, 14749)
(166, 143, 6040)
(166, 146, 642)
(166, 94, 19832)
(166, 12, 6275)
(166, 157, 7300)
(166, 130, 17870)
(166, 54, 20518)
(166, 92, 29336)
(166, 8, 27095)
(166, 58, 33128)
(166, 93, 13664)
(166, 21, 12630)
(166, 158, 9474)
(166, 15, 16530)
(166, 150, 31307)
(166, 106, 11854)
(166, 123, 28843)
(166, 20, 25164)
(166, 59, 22844)
(166, 82, 23861)
(166, 152, 1552)
(167, 127, 32435)
(167, 132, 13264)
(167, 6, 17547)
(167, 61, 24767)
(167, 67, 22740)
(167, 82, 15316)
(167, 3, 25447)
(167, 49, 25754)
(167, 2, 22289)
(167, 10, 31223)
(167, 139, 26623)
(167, 135, 18806)
(167, 42, 29920)
(167, 58, 19010)
(167, 63, 12999)
(167, 93, 32656)
(167, 133, 27333)
(167, 146, 25546)
(167, 60, 2615)
(167, 154, 5168)
(167, 102, 12344)
(167, 148, 19415)
(167, 79, 8151)
(167, 96, 26118)
(167, 115, 9162)
(167, 124, 27089)
(167, 45, 21341)
(167, 142, 5376)
(167, 99, 19354)
(167, 59, 30458)
(167, 7, 13167)
(167, 47, 19686)
(167, 44, 18404)
(167, 112, 1223)
(167, 4, 4759)
(167, 86, 14198)
(167, 108, 23053)
(167, 70, 31708)
(167, 50, 26585)
(167, 87, 13045)
(167, 123, 10908)
(167, 101, 14202)
(167, 62, 29051)
(167, 157, 23168)
(167, 40, 6390)
(167, 9, 20425)
(167, 80, 5444)
(167, 143, 33509)
(167, 71, 3192)
(167, 136, 27129)
(167, 163, 5868)
(167, 65, 25822)
(167, 20, 32252)
(167, 48, 6446)
(167, 156, 25426)
(167, 140, 7257)
(167, 81, 24254)
(167, 134, 4025)
(167, 21, 16739)
(167, 150, 8354)
(167, 84, 11243)
(167, 160, 3247)
(167, 155, 25935)
(167, 78, 5405)
(167, 68, 5138)
(167, 104, 758)
(167, 158, 1003)
(167, 33, 23544)
(167, 17, 14055)
(167, 54, 30871)
(167, 89, 22793)
(167, 1, 17855)
(167, 91, 23366)
(167, 0, 32820)
(167, 130, 11210)
(167, 24, 7184)
(167, 126, 13540)
(167, 12, 5310)
(167, 147, 25637)
(167, 97, 876)
(167, 15, 7549)
(167, 144, 24353)
(167, 38, 556)
(167, 149, 24678)
(167, 129, 29841)
(167, 76, 23573)
(167, 43, 12765)
(167, 72, 4857)
(167, 8, 25782)
(167, 36, 31937)
(167, 57, 13120)
(167, 119, 21892)
(167, 66, 9375)
(167, 94, 7740)
(167, 159, 6239)
(168, 40, 3933)
(168, 28, 32753)
(168, 43, 18007)
(168, 132, 8848)
(168, 2, 22669)
(168, 4, 12293)
(168, 41, 9083)
(168, 80, 28090)
(168, 26, 20540)
(168, 14, 26555)
(168, 0, 12971)
(168, 12, 16346)
(168, 138, 21418)
(168, 34, 25974)
(168, 157, 977)
(168, 70, 21061)
(168, 112, 9941)
(168, 88, 14170)
(168, 25, 3038)
(168, 116, 187)
(168, 144, 28094)
(168, 105, 21935)
(168, 67, 33029)
(168, 154, 28881)
(168, 1, 14784)
(168, 47, 25345)
(168, 109, 25582)
(168, 73, 30641)
(168, 51, 1481)
(168, 31, 24766)
(168, 106, 901)
(168, 107, 9348)
(168, 19, 26465)
(168, 96, 16947)
(168, 22, 24877)
(168, 111, 4817)
(168, 46, 25553)
(168, 79, 1196)
(168, 131, 115)
(168, 56, 11060)
(168, 94, 20822)
(168, 118, 8404)
(168, 74, 18727)
(168, 127, 3041)
(168, 165, 26242)
(168, 81, 11598)
(168, 84, 18793)
(168, 82, 13752)
(168, 87, 11110)
(168, 83, 26832)
(168, 15, 9953)
(168, 49, 33565)
(168, 57, 28650)
(168, 158, 33377)
(168, 76, 5719)
(168, 85, 33485)
(168, 45, 10732)
(168, 23, 799)
(168, 10, 14448)
(168, 11, 7266)
(168, 48, 27861)
(168, 39, 18912)
(168, 167, 25901)
(168, 97, 29421)
(168, 20, 17693)
(168, 66, 29694)
(168, 126, 2917)
(168, 142, 23435)
(168, 37, 14791)
(168, 42, 804)
(168, 78, 30046)
(168, 143, 1193)
(168, 140, 32765)
(168, 33, 2610)
(168, 38, 8662)
(168, 24, 13552)
(168, 55, 29838)
(168, 95, 26826)
(168, 72, 5175)
(168, 135, 22679)
(168, 68, 8574)
(168, 54, 21610)
(168, 60, 11271)
(168, 153, 24923)
(168, 151, 1649)
(168, 64, 27071)
(168, 6, 10491)
(168, 63, 28819)
(168, 71, 17704)
(168, 139, 26558)
(168, 119, 6398)
(168, 27, 15050)
(168, 89, 15921)
(168, 58, 28475)
(168, 101, 31124)
(168, 32, 28079)
(168, 156, 11072)
(169, 38, 6338)
(169, 94, 2992)
(169, 71, 16147)
(169, 91, 7726)
(169, 72, 17892)
(169, 108, 27686)
(169, 88, 19121)
(169, 132, 17066)
(169, 79, 31243)
(169, 143, 18558)
(169, 35, 25253)
(169, 69, 29593)
(169, 107, 15629)
(169, 23, 16314)
(169, 19, 889)
(169, 119, 19174)
(169, 10, 30840)
(169, 130, 21478)
(169, 57, 25155)
(169, 162, 13069)
(169, 27, 18230)
(169, 12, 20071)
(169, 81, 28480)
(169, 64, 16669)
(169, 55, 10629)
(169, 21, 25269)
(169, 83, 7479)
(169, 77, 17775)
(169, 142, 4844)
(169, 67, 15135)
(169, 109, 10946)
(169, 28, 9117)
(169, 46, 4219)
(169, 7, 28721)
(169, 156, 15941)
(169, 50, 15277)
(169, 113, 16370)
(169, 26, 17323)
(169, 8, 28483)
(169, 123, 21966)
(169, 105, 6278)
(169, 51, 5279)
(169, 54, 33042)
(169, 115, 31625)
(169, 48, 28191)
(169, 45, 11695)
(169, 43, 10224)
(169, 4, 17888)
(169, 145, 27543)
(169, 138, 22237)
(169, 53, 12889)
(169, 122, 14516)
(169, 22, 3262)
(169, 102, 2333)
(169, 84, 1150)
(169, 124, 5037)
(169, 116, 1363)
(169, 131, 19280)
(169, 93, 21861)
(169, 141, 4909)
(169, 16, 6665)
(169, 52, 4905)
(169, 117, 3747)
(169, 39, 33712)
(169, 31, 23806)
(169, 30, 13983)
(169, 74, 4463)
(169, 96, 8201)
(169, 5, 7707)
(169, 164, 2361)
(169, 148, 14117)
(169, 114, 28060)
(169, 40, 12136)
(169, 58, 90)
(169, 17, 30770)
(169, 121, 31995)
(169, 2, 14662)
(169, 9, 20932)
(169, 146, 12331)
(169, 14, 25876)
(169, 0, 32337)
(169, 49, 10273)
(169, 134, 1806)
(169, 47, 5788)
(169, 73, 15919)
(169, 25, 9086)
(169, 78, 22594)
(169, 118, 33176)
(169, 42, 20061)
(169, 137, 1482)
(169, 62, 10251)
(169, 33, 28335)
(169, 1, 3401)
(169, 101, 24389)
(169, 165, 18182)
(169, 34, 26147)
(169, 13, 16312)
(169, 41, 1989)
(169, 158, 24689)
(169, 11, 30577)
(169, 82, 15916)
(169, 157, 15782)
(169, 76, 15574)
(169, 20, 28204)
(169, 92, 1923)
(169, 129, 31575)
(169, 100, 5854)
(169, 80, 23912)
(169, 66, 8508)
(169, 153, 2938)
(169, 24, 25191)
(169, 136, 13413)
(169, 110, 743)
(169, 103, 11104)
(169, 125, 4011)
(169, 70, 30509)
(169, 106, 31780)
(169, 86, 22739)
(169, 65, 3482)
(169, 63, 17887)
(169, 18, 21333)
(169, 163, 31910)
(169, 111, 17320)
(169, 15, 18259)
(169, 151, 11071)
(169, 128, 23043)
(169, 160, 12)
(169, 152, 15268)
(169, 3, 15532)
(169, 59, 29508)
(169, 32, 21633)
(169, 44, 14372)
(169, 135, 25163)
(169, 166, 18668)
(169, 168, 27096)
(169, 85, 27606)
(169, 87, 28687)
(169, 127, 22187)
(169, 68, 8732)
(169, 167, 179)
(169, 56, 4424)
(169, 104, 6141)
(169, 126, 22112)
(169, 147, 4253)
(169, 89, 13000)
(169, 98, 3168)
(169, 161, 15885)
(169, 140, 14470)
(169, 150, 26330)
(169, 97, 24049)
(169, 159, 25898)
(169, 90, 16072)
(169, 6, 25724)
(169, 149, 33673)
(169, 155, 2213)
(169, 95, 19858)
(169, 154, 27373)
(169, 36, 2934)
(169, 144, 20101)
(169, 60, 20602)
(169, 99, 14640)
(169, 120, 11320)
(169, 139, 2767)
(169, 75, 10760)
(169, 29, 27676)
(169, 133, 26369)
(169, 112, 13033)
(170, 60, 5179)
(170, 20, 7737)
(170, 45, 32111)
(170, 39, 8812)
(170, 72, 26533)
(170, 92, 1523)
(170, 16, 20317)
(170, 67, 2966)
(170, 160, 15169)
(170, 152, 10100)
(170, 140, 8556)
(170, 2, 27048)
(170, 6, 3358)
(170, 149, 17997)
(170, 129, 8713)
(170, 40, 13929)
(170, 107, 33357)
(170, 27, 23531)
(170, 38, 22690)
(170, 110, 8155)
(170, 58, 10583)
(170, 88, 19265)
(170, 133, 15273)
(170, 125, 9303)
(170, 14, 24038)
(170, 108, 25664)
(171, 132, 22023)
(171, 30, 19813)
(171, 130, 18775)
(171, 1, 6366)
(171, 36, 6074)
(171, 166, 26372)
(171, 6, 31245)
(171, 4, 3263)
(171, 136, 33148)
(171, 87, 21738)
(171, 124, 25365)
(171, 59, 486)
(171, 32, 30415)
(171, 86, 14837)
(171, 111, 8926)
(171, 128, 9376)
(171, 75, 9973)
(171, 117, 28863)
(171, 145, 13023)
(171, 163, 3935)
(171, 102, 13699)
(171, 113, 4148)
(171, 8, 23920)
(171, 3, 30474)
(171, 120, 315)
(171, 23, 9472)
(171, 89, 26381)
(171, 24, 22107)
(171, 122, 22714)
(171, 138, 18453)
(171, 115, 12142)
(171, 16, 22454)
(171, 108, 20346)
(171, 48, 27072)
(171, 96, 33205)
(171, 34, 32480)
(171, 25, 11599)
(171, 60, 26606)
(171, 149, 1983)
(171, 17, 33542)
(171, 19, 24179)
(171, 70, 9860)
(171, 67, 18204)
(171, 156, 12657)
(171, 73, 2748)
(171, 62, 10096)
(171, 144, 30405)
(171, 92, 19695)
(171, 159, 28417)
(171, 106, 14564)
(171, 125, 6092)
(171, 103, 31679)
(171, 68, 33317)
(171, 54, 8581)
(171, 42, 31728)
(171, 47, 14530)
(171, 109, 18662)
(171, 28, 26317)
(171, 155, 33587)
(171, 146, 28581)
(171, 112, 6606)
(171, 98, 23421)
(171, 51, 800)
(171, 114, 16977)
(171, 140, 28477)
(171, 141, 13291)
(171, 76, 11632)
(171, 38, 24117)
(171, 104, 2578)
(171, 71, 27382)
(171, 63, 20373)
(171, 126, 843)
(171, 164, 2266)
(171, 85, 28585)
(171, 18, 30099)
(171, 94, 8123)
(171, 169, 7862)
(171, 72, 8850)
(171, 56, 26915)
(171, 148, 31485)
(171, 101, 24650)
(171, 142, 32977)
(171, 2, 14049)
(171, 69, 4485)
(171, 41, 9933)
(171, 162, 13311)
(171, 105, 13619)
(171, 55, 25044)
(171, 11, 5897)
(171, 40, 3086)
(171, 12, 14105)
(171, 20, 16309)
(171, 29, 32855)
(171, 82, 12897)
(171, 90, 26673)
(171, 123, 32095)
(171, 158, 16620)
(171, 74, 18698)
(171, 99, 31681)
(171, 91, 22042)
(171, 134, 401)
(171, 131, 3315)
(171, 135, 1817)
(171, 127, 3231)
(171, 139, 26799)
(171, 118, 30177)
(171, 97, 21275)
(171, 39, 14765)
(171, 66, 7023)
(171, 95, 29220)
(171, 7, 12550)
(171, 33, 8132)
(171, 53, 15828)
(171, 21, 9891)
(171, 170, 31605)
(171, 77, 13155)
(171, 168, 23381)
(171, 9, 31004)
(171, 22, 17465)
(171, 143, 2599)
(171, 151, 23590)
(171, 119, 31474)
(171, 79, 31772)
(171, 107, 32455)
(171, 15, 25824)
(171, 83, 2492)
(171, 26, 19087)
(171, 0, 19619)
(171, 57, 31373)
(171, 37, 20416)
(171, 31, 16129)
(171, 46, 11525)
(171, 161, 2119)
(171, 44, 27152)
(171, 110, 5630)
(171, 133, 21972)
(171, 45, 23409)
(171, 49, 28156)
(171, 88, 33298)
(171, 81, 17659)
(171, 150, 2707)
(171, 100, 31897)
(171, 13, 8254)
(171, 129, 12366)
(171, 160, 29728)
(171, 58, 1567)
(171, 10, 3823)
(171, 157, 3765)
(171, 93, 31397)
(171, 64, 815)
(171, 61, 8788)
(171, 137, 17342)
(171, 27, 25159)
(171, 52, 18958)
(171, 165, 18234)
(171, 153, 26901)
(171, 116, 29026)
(171, 5, 15896)
(171, 14, 28282)
(171, 147, 25067)
(171, 167, 14754)
(171, 80, 24620)
(171, 50, 4649)
(171, 154, 12764)
(172, 121, 32697)
(172, 109, 15412)
(172, 33, 17527)
(172, 125, 23263)
(172, 11, 7067)
(172, 105, 33608)
(172, 107, 16104)
(172, 25, 16790)
(172, 64, 7327)
(172, 129, 19242)
(172, 21, 16948)
(172, 88, 29751)
(172, 52, 18352)
(172, 72, 17772)
(172, 95, 12098)
(172, 5, 25183)
(172, 50, 19332)
(172, 144, 7523)
(172, 70, 31051)
(172, 35, 338)
(172, 118, 6250)
(172, 76, 22299)
(172, 46, 23148)
(172, 96, 2040)
(172, 111, 32625)
(172, 7, 24624)
(172, 14, 15871)
(172, 150, 842)
(172, 86, 11732)
(172, 91, 12508)
(172, 20, 27202)
(172, 154, 9469)
(172, 23, 20902)
(172, 66, 9113)
(172, 53, 7873)
(172, 163, 17402)
(172, 55, 3953)
(172, 104, 27311)
(172, 31, 21248)
(172, 85, 3573)
(172, 112, 9129)
(172, 171, 17251)
(172, 151, 19586)
(173, 35, 33739)
(173, 149, 11252)
(173, 147, 16927)
(173, 151, 10924)
(173, 135, 33517)
(173, 83, 9840)
(173, 3, 26735)
(173, 146, 17196)
(173, 25, 17958)
(173, 2, 30470)
(173, 10, 30390)
(173, 21, 13054)
(174, 7, 17390)
(174, 6, 11318)
(174, 149, 2975)
(175, 149, 25505)
(175, 13, 6157)
(175, 102, 12001)
(175, 128, 25058)
(175, 3, 19458)
(175, 58, 11915)
(175, 153, 27960)
(175, 168, 30200)
(175, 106, 24314)
(175, 62, 6304)
(175, 78, 28166)
(175, 164, 11753)
(175, 161, 28980)
(175, 147, 12591)
(175, 120, 10287)
(175, 163, 26965)
(175, 82, 13512)
(175, 71, 16672)
(175, 7, 11268)
(175, 40, 12755)
(175, 173, 27900)
(175, 108, 18345)
(175, 75, 6158)
(175, 132, 355)
(175, 100, 30516)
(175, 162, 24391)
(175, 28, 16987)
(175, 93, 23033)
(175, 98, 11548)
(175, 87, 26622)
(175, 19, 10165)
(175, 143, 20741)
(175, 156, 3255)
(175, 159, 2948)
(175, 55, 31162)
(175, 37, 33753)
(175, 88, 17501)
(175, 52, 8009)
(175, 133, 17592)
(175, 61, 22618)
(175, 113, 31792)
(175, 57, 130)
(175, 122, 21385)
(175, 18, 8221)
(175, 81, 28221)
(175, 23, 8832)
(175, 130, 19652)
(175, 174, 25861)
(175, 104, 4605)
(175, 146, 5489)
(175, 74, 12265)
(175, 138, 23611)
(175, 117, 21366)
(175, 155, 19913)
(175, 2, 21085)
(175, 96, 354)
(175, 9, 14531)
(175, 67, 13560)
(175, 63, 25734)
(175, 127, 1018)
(175, 5, 2074)
(175, 94, 9290)
(175, 33, 7126)
(175, 12, 19303)
(175, 95, 19459)
(175, 131, 20357)
(175, 135, 19343)
(175, 101, 27847)
(175, 17, 15355)
(175, 26, 27549)
(175, 14, 20229)
(175, 160, 346)
(175, 49, 16382)
(175, 126, 28866)
(175, 15, 14277)
(175, 25, 28135)
(175, 150, 862)
(175, 91, 24833)
(175, 47, 14838)
(175, 99, 10770)
(175, 166, 7864)
(175, 45, 15325)
(175, 109, 25509)
(175, 65, 6656)
(175, 30, 22482)
(175, 151, 15232)
(175, 43, 24272)
(175, 56, 18751)
(175, 124, 20470)
(175, 169, 14614)
(175, 72, 24844)
(175, 83, 10517)
(175, 44, 27154)
(175, 46, 23276)
(175, 16, 28391)
(175, 170, 30468)
(175, 148, 22475)
(175, 60, 24311)
(175, 66, 2602)
(175, 118, 33724)
(175, 42, 22774)
(175, 92, 17055)
(175, 86, 2751)
(175, 4, 7135)
(175, 103, 19953)
(175, 136, 25166)
(175, 21, 13784)
(175, 167, 8828)
(175, 97, 21626)
(175, 29, 3684)
(175, 51, 17203)
(175, 165, 12210)
(175, 119, 16723)
(175, 80, 17018)
(175, 123, 357)
(175, 171, 1949)
(175, 158, 15079)
(175, 27, 20866)
(175, 39, 12115)
(175, 157, 27624)
(175, 152, 29492)
(175, 35, 9115)
(175, 76, 27547)
(175, 141, 28719)
(175, 48, 27670)
(175, 20, 7110)
(175, 144, 22485)
(175, 69, 31164)
(175, 107, 22697)
(175, 0, 2761)
(175, 59, 24714)
(175, 6, 30450)
(175, 139, 1763)
(175, 41, 6552)
(175, 11, 20143)
(175, 129, 2271)
(175, 34, 23751)
(175, 79, 28400)
(175, 73, 907)
(175, 8, 21436)
(175, 84, 28645)
(175, 32, 13844)
(175, 1, 12773)
(175, 90, 11650)
(175, 112, 9042)
(175, 134, 22880)
(175, 140, 32122)
(175, 38, 11458)
(175, 142, 28972)
(175, 24, 17397)
(175, 68, 6583)
(175, 121, 20881)
(175, 10, 27044)
(175, 125, 14005)
(175, 137, 9220)
(175, 85, 2849)
(175, 110, 27886)
(176, 76, 27188)
(176, 71, 10810)
(176, 59, 13058)
(176, 129, 24895)
(176, 88, 10158)
(176, 64, 31623)
(176, 54, 7887)
(176, 112, 9627)
(176, 113, 23036)
(176, 9, 1515)
(176, 63, 15253)
(176, 124, 27428)
(176, 65, 30524)
(176, 73, 51)
(176, 121, 5480)
(176, 78, 22675)
(176, 47, 27750)
(176, 53, 27946)
(176, 84, 1112)
(176, 36, 4903)
(176, 92, 30830)
(176, 18, 8774)
(177, 106, 28930)
(177, 39, 26258)
(177, 31, 6835)
(177, 153, 30082)
(177, 54, 26104)
(177, 22, 25542)
(177, 117, 12000)
(177, 98, 16472)
(177, 140, 8111)
(177, 155, 6535)
(177, 21, 15556)
(177, 139, 13896)
(177, 8, 8202)
(177, 92, 4893)
(177, 17, 3942)
(177, 113, 17312)
(177, 118, 30016)
(177, 130, 3510)
(177, 169, 29549)
(177, 105, 1279)
(177, 143, 31960)
(177, 147, 31448)
(177, 103, 29380)
(177, 72, 788)
(177, 0, 24718)
(177, 68, 22656)
(177, 20, 7464)
(177, 158, 21185)
(177, 70, 4408)
(177, 59, 20771)
(177, 62, 18457)
(177, 168, 9478)
(177, 152, 26215)
(177, 58, 506)
(177, 101, 14197)
(177, 165, 27453)
(177, 167, 32045)
(177, 104, 20585)
(177, 121, 17378)
(177, 109, 8087)
(177, 120, 30434)
(177, 146, 4884)
(177, 160, 6507)
(177, 132, 23661)
(177, 144, 24574)
(177, 24, 6191)
(178, 123, 31589)
(178, 137, 31759)
(178, 4, 17185)
(178, 161, 28037)
(178, 52, 5654)
(178, 70, 30413)
(178, 134, 18967)
(178, 0, 24659)
(178, 48, 7733)
(178, 63, 8728)
(178, 99, 23292)
(178, 39, 27051)
(178, 173, 7567)
(178, 72, 12004)
(178, 122, 11040)
(178, 49, 28450)
(178, 159, 6194)
(178, 80, 16982)
(178, 103, 7409)
(178, 57, 20919)
(178, 26, 32881)
(178, 167, 15980)
(178, 20, 28894)
(178, 47, 31809)
(178, 162, 13597)
(178, 156, 27773)
(178, 77, 6794)
(178, 168, 28892)
(178, 15, 26514)
(178, 42, 19491)
(178, 2, 7802)
(178, 29, 26653)
(178, 116, 24331)
(178, 119, 25128)
(178, 109, 21356)
(178, 78, 29422)
(178, 170, 33328)
(178, 154, 4085)
(178, 32, 10047)
(178, 169, 6878)
(178, 30, 21493)
(178, 87, 1606)
(178, 41, 8551)
(178, 23, 12469)
(178, 155, 9833)
(178, 16, 3321)
(178, 9, 17098)
(178, 1, 20614)
(178, 101, 11744)
(178, 174, 28846)
(178, 3, 21114)
(178, 148, 1140)
(178, 83, 27070)
(178, 65, 6072)
(178, 73, 11131)
(178, 140, 480)
(178, 59, 13807)
(178, 82, 25248)
(178, 24, 33055)
(178, 84, 3060)
(178, 54, 6827)
(178, 153, 1400)
(178, 160, 5276)
(178, 68, 3670)
(178, 171, 752)
(178, 12, 26611)
(178, 35, 4792)
(178, 34, 8362)
(178, 90, 5170)
(178, 50, 7270)
(178, 5, 16084)
(178, 146, 2775)
(178, 58, 12151)
(178, 7, 15194)
(178, 13, 19445)
(178, 138, 20463)
(178, 128, 21869)
(178, 94, 14180)
(178, 61, 6331)
(178, 177, 24851)
(178, 89, 18252)
(178, 151, 8616)
(178, 45, 15740)
(178, 115, 20446)
(178, 98, 19159)
(178, 25, 10974)
(178, 158, 20043)
(178, 38, 29462)
(178, 144, 28746)
(178, 136, 20090)
(178, 102, 8386)
(178, 92, 25310)
(178, 108, 16579)
(178, 37, 11250)
(178, 97, 33696)
(178, 143, 19209)
(178, 19, 26669)
(178, 152, 31363)
(178, 121, 7564)
(178, 10, 15359)
(178, 85, 9318)
(178, 142, 12801)
(178, 96, 9748)
(178, 126, 3834)
(178, 36, 3154)
(178, 105, 21526)
(178, 132, 20903)
(178, 127, 25035)
(178, 14, 30531)
(178, 64, 6798)
(178, 110, 29613)
(178, 81, 6739)
(178, 124, 3048)
(178, 93, 29402)
(178, 31, 3674)
(178, 91, 155)
(178, 176, 26020)
(178, 46, 7636)
(178, 60, 11499)
(178, 111, 7632)
(178, 55, 26394)
(178, 43, 8425)
(178, 114, 18928)
(178, 53, 9975)
(178, 44, 5885)
(178, 6, 19465)
(178, 117, 9662)
(178, 106, 18050)
(178, 149, 3551)
(178, 113, 26896)
(178, 69, 28399)
(178, 129, 12030)
(178, 40, 15924)
(178, 66, 21921)
(178, 139, 9150)
(178, 27, 14716)
(178, 22, 12653)
(178, 100, 17151)
(178, 86, 30778)
(178, 112, 29127)
(178, 135, 32933)
(179, 47, 23517)
(179, 91, 33552)
(179, 0, 9880)
(179, 167, 6867)
(179, 107, 2459)
(179, 34, 2883)
(179, 175, 4080)
(179, 110, 18297)
(179, 125, 27905)
(179, 12, 24798)
(179, 174, 16340)
(179, 156, 1737)
(179, 161, 6879)
(179, 40, 19654)
(179, 177, 6819)
(179, 76, 22516)
(179, 45, 26738)
(179, 113, 22842)
(179, 29, 19950)
(179, 120, 25665)
(179, 20, 31254)
(179, 14, 8043)
(179, 75, 12593)
(179, 88, 27119)
(179, 173, 21762)
(179, 111, 7821)
(179, 67, 21008)
(179, 81, 14072)
(179, 18, 19389)
(179, 50, 11530)
(179, 137, 14485)
(179, 159, 3552)
(179, 64, 1143)
(179, 158, 5079)
(179, 15, 32150)
(179, 146, 1071)
(179, 24, 22269)
(179, 21, 29951)
(179, 25, 30702)
(179, 22, 11209)
(179, 171, 29658)
(179, 160, 18562)
(179, 37, 28402)
(179, 140, 17264)
(179, 90, 8951)
(179, 86, 3868)
(179, 149, 13190)
(179, 35, 18539)
(179, 59, 14062)
(179, 144, 17335)
(179, 148, 31330)
(179, 95, 15435)
(179, 4, 12975)
(179, 80, 2458)
(179, 126, 17234)
(179, 102, 18989)
(179, 168, 697)
(179, 3, 23335)
(179, 56, 18275)
(179, 10, 28303)
(179, 83, 2501)
(179, 141, 16138)
(179, 54, 16531)
(179, 17, 26130)
(179, 46, 16397)
(179, 6, 4302)
(179, 61, 19052)
(179, 13, 19713)
(179, 38, 14612)
(179, 166, 9510)
(179, 16, 32348)
(179, 178, 28886)
(179, 82, 6484)
(179, 26, 19514)
(179, 117, 27929)
(179, 176, 25206)
(179, 55, 19026)
(179, 108, 19551)
(179, 33, 9842)
(179, 133, 8553)
(179, 60, 16103)
(179, 112, 722)
(179, 5, 12343)
(179, 109, 9226)
(179, 138, 26169)
(179, 152, 28912)
(179, 84, 19577)
(179, 89, 956)
(179, 51, 4100)
(179, 57, 4754)
(179, 41, 18181)
(179, 97, 1957)
(179, 164, 4278)
(179, 39, 5248)
(179, 153, 27312)
(179, 30, 24071)
(179, 170, 20959)
(179, 118, 15968)
(179, 134, 4927)
(179, 44, 6769)
(179, 28, 20117)
(179, 116, 4565)
(179, 53, 3377)
(179, 11, 32974)
(179, 31, 15288)
(179, 7, 4071)
(179, 42, 32074)
(179, 147, 3417)
(179, 19, 27962)
(179, 100, 9245)
(179, 36, 16057)
(179, 157, 32449)
(179, 162, 25980)
(179, 119, 8006)
(179, 70, 20562)
(179, 78, 12104)
(179, 142, 29538)
(179, 114, 27784)
(179, 85, 28268)
(179, 49, 13144)
(179, 94, 30297)
(179, 121, 24615)
(179, 154, 30554)
(179, 123, 1677)
(179, 101, 9895)
(179, 127, 20663)
(179, 136, 8497)
(179, 77, 32860)
(179, 2, 5526)
(179, 165, 31800)
(180, 0, 7613)
(180, 136, 30932)
(180, 9, 11118)
(180, 103, 28824)
(180, 22, 22569)
(180, 134, 27909)
(180, 41, 2889)
(180, 19, 3802)
(180, 158, 31316)
(180, 98, 21571)
(180, 28, 8214)
(180, 78, 57)
(180, 147, 11004)
(180, 177, 19382)
(180, 54, 27063)
(180, 16, 27329)
(180, 20, 1614)
(180, 39, 5843)
(180, 96, 26745)
(180, 10, 11374)
(180, 35, 4794)
(180, 167, 24319)
(180, 155, 18135)
(180, 30, 11423)
(180, 66, 14618)
(180, 102, 21995)
(180, 104, 4559)
(180, 150, 26718)
(180, 1, 10758)
(180, 7, 17237)
(180, 68, 27589)
(180, 176, 16546)
(180, 156, 7976)
(180, 171, 14707)
(180, 173, 30813)
(180, 106, 14275)
(180, 80, 2810)
(180, 153, 22810)
(180, 133, 25986)
(180, 62, 2972)
(180, 31, 11109)
(180, 144, 11098)
(180, 143, 33113)
(180, 146, 19269)
(180, 25, 18845)
(180, 94, 2108)
(180, 108, 25072)
(180, 24, 27860)
(180, 110, 16198)
(180, 44, 16607)
(180, 61, 19912)
(180, 174, 6902)
(180, 71, 2686)
(180, 145, 23116)
(180, 127, 4570)
(180, 83, 20291)
(180, 169, 2070)
(180, 116, 29888)
(180, 43, 13652)
(180, 151, 3023)
(180, 166, 9330)
(180, 45, 3353)
(180, 100, 28278)
(180, 48, 6767)
(180, 73, 5108)
(180, 175, 31109)
(180, 12, 11629)
(180, 123, 23662)
(180, 52, 2384)
(180, 21, 23401)
(180, 11, 27491)
(180, 38, 10085)
(180, 33, 20551)
(180, 82, 14666)
(180, 140, 3595)
(180, 3, 31000)
(180, 135, 25317)
(180, 165, 28595)
(180, 57, 14161)
(180, 117, 15767)
(180, 34, 2671)
(180, 128, 27319)
(180, 115, 10584)
(180, 93, 17633)
(180, 114, 24138)
(180, 56, 3212)
(180, 152, 1147)
(180, 97, 10798)
(180, 121, 10076)
(180, 157, 3175)
(180, 101, 19034)
(180, 86, 28695)
(180, 126, 13401)
(180, 84, 9888)
(180, 74, 17682)
(180, 76, 8188)
(180, 130, 1608)
(180, 141, 27487)
(180, 32, 2222)
(180, 5, 19755)
(180, 13, 33635)
(180, 111, 18659)
(180, 131, 25601)
(180, 65, 14354)
(180, 112, 597)
(180, 90, 19106)
(180, 6, 27008)
(180, 27, 6590)
(180, 118, 33773)
(180, 148, 10720)
(180, 105, 18975)
(180, 162, 15693)
(180, 50, 21434)
(180, 137, 31610)
(180, 107, 2300)
(180, 14, 15422)
(180, 18, 20655)
(180, 161, 8865)
(180, 178, 28879)
(180, 85, 28575)
(180, 109, 33189)
(180, 163, 1322)
(180, 26, 19020)
(180, 69, 10423)
(180, 4, 5017)
(180, 95, 15590)
(180, 124, 20931)
(180, 2, 25156)
(180, 160, 10822)
(180, 53, 32295)
(180, 159, 14508)
(180, 49, 3036)
(180, 75, 25835)
(180, 99, 31762)
(180, 132, 28919)
(180, 58, 20642)
(180, 55, 5935)
(180, 72, 3613)
(180, 40, 15682)
(180, 120, 16422)
(180, 81, 28313)
(180, 17, 25890)
(180, 36, 21082)
(180, 125, 16179)
(180, 138, 20481)
(180, 119, 20726)
(180, 139, 24423)
(180, 51, 4362)
(180, 142, 10698)
(180, 154, 2095)
(180, 122, 14802)
(180, 37, 25525)
(180, 170, 14032)
(180, 92, 32342)
(180, 113, 24990)
(180, 129, 27012)
(181, 92, 531)
(181, 21, 14454)
(181, 146, 15923)
(181, 175, 6683)
(181, 2, 2250)
(181, 58, 26756)
(181, 179, 14915)
(181, 81, 28177)
(181, 110, 25815)
(181, 70, 30366)
(181, 139, 9139)
(181, 66, 23017)
(181, 26, 29807)
(181, 46, 2194)
(181, 167, 10546)
(181, 28, 27563)
(181, 1, 16500)
(181, 111, 33726)
(181, 14, 32631)
(181, 155, 27147)
(181, 13, 19605)
(181, 23, 23385)
(181, 67, 25483)
(181, 42, 32297)
(181, 133, 10245)
(181, 128, 33442)
(181, 119, 19462)
(181, 38, 7293)
(181, 37, 16283)
(181, 178, 2745)
(181, 33, 25298)
(181, 125, 26703)
(181, 122, 4920)
(181, 4, 13002)
(181, 165, 16562)
(181, 94, 481)
(181, 158, 8121)
(181, 132, 6534)
(181, 88, 33326)
(181, 25, 22119)
(181, 77, 27625)
(181, 31, 23291)
(181, 10, 21965)
(181, 134, 20516)
(181, 44, 8918)
(181, 172, 26089)
(181, 73, 13749)
(181, 112, 19412)
(181, 74, 23475)
(181, 102, 19791)
(182, 68, 22484)
(182, 118, 20559)
(182, 151, 772)
(182, 107, 29090)
(182, 89, 21611)
(182, 13, 16884)
(182, 49, 5140)
(182, 147, 27949)
(182, 123, 15840)
(182, 72, 25714)
(182, 156, 18692)
(182, 101, 3103)
(182, 50, 21374)
(182, 109, 17428)
(182, 67, 15883)
(182, 108, 10797)
(182, 33, 19435)
(182, 82, 27002)
(182, 178, 31088)
(182, 41, 8143)
(182, 175, 14904)
(182, 158, 16743)
(182, 80, 28437)
(182, 122, 27796)
(182, 176, 25107)
(182, 15, 29449)
(182, 12, 5038)
(182, 71, 23764)
(182, 66, 24156)
(182, 166, 12571)
(182, 22, 5363)
(182, 140, 11310)
(182, 44, 24585)
(182, 53, 25124)
(182, 63, 31724)
(182, 34, 32964)
(182, 141, 7823)
(182, 76, 30951)
(182, 69, 27278)
(182, 110, 26211)
(182, 83, 21141)
(182, 56, 21178)
(182, 137, 22139)
(182, 106, 20753)
(182, 61, 7766)
(182, 177, 9177)
(182, 58, 29320)
(182, 167, 7596)
(182, 48, 5999)
(182, 174, 16124)
(182, 19, 21739)
(182, 100, 30457)
(182, 29, 5018)
(182, 30, 17982)
(182, 84, 30623)
(182, 6, 27265)
(182, 114, 23456)
(182, 43, 14235)
(182, 52, 22479)
(182, 94, 14923)
(182, 16, 13546)
(182, 10, 7660)
(182, 73, 5496)
(182, 98, 3206)
(182, 131, 7888)
(182, 103, 24397)
(182, 181, 415)
(182, 169, 29133)
(182, 86, 21817)
(182, 163, 21778)
(182, 154, 20455)
(182, 117, 12333)
(182, 79, 33796)
(182, 157, 2079)
(182, 31, 1529)
(182, 161, 23921)
(182, 127, 25066)
(182, 1, 24555)
(182, 81, 11703)
(182, 152, 6737)
(182, 102, 20538)
(182, 26, 8375)
(182, 51, 18921)
(182, 11, 18474)
(182, 54, 18465)
(182, 116, 28954)
(182, 77, 28691)
(182, 155, 16182)
(182, 159, 1891)
(182, 47, 20862)
(182, 46, 19233)
(182, 21, 18481)
(182, 138, 13312)
(182, 136, 10469)
(182, 165, 9296)
(182, 55, 11964)
(182, 45, 20386)
(182, 62, 427)
(182, 37, 18043)
(182, 17, 18599)
(182, 112, 13785)
(182, 32, 31406)
(182, 64, 24448)
(182, 113, 26190)
(182, 65, 2260)
(182, 39, 3957)
(182, 135, 31220)
(182, 14, 2518)
(182, 9, 4992)
(182, 85, 10326)
(182, 162, 17)
(182, 132, 4691)
(182, 38, 17948)
(182, 172, 32031)
(182, 3, 2927)
(183, 135, 3174)
(183, 50, 700)
(183, 166, 4413)
(183, 30, 30819)
(183, 146, 7795)
(183, 49, 7540)
(183, 165, 11239)
(183, 108, 33658)
(183, 44, 7990)
(183, 122, 22165)
(183, 133, 22843)
(183, 20, 18732)
(183, 12, 32225)
(183, 46, 13975)
(183, 180, 12084)
(183, 38, 33593)
(183, 13, 20025)
(183, 3, 31029)
(183, 143, 371)
(183, 2, 12307)
(183, 147, 3642)
(183, 86, 32385)
(183, 109, 12838)
(183, 157, 28162)
(183, 22, 22814)
(183, 90, 13372)
(183, 29, 23067)
(183, 150, 24642)
(183, 156, 14096)
(183, 131, 20867)
(183, 149, 3672)
(183, 91, 4238)
(183, 61, 539)
(183, 70, 19295)
(183, 5, 2661)
(183, 15, 63)
(183, 97, 32572)
(183, 42, 4521)
(183, 79, 26847)
(183, 93, 30525)
(183, 84, 3945)
(183, 60, 30397)
(183, 36, 27771)
(183, 88, 2032)
(183, 110, 24395)
(183, 81, 28849)
(183, 85, 15262)
(183, 10, 8163)
(183, 11, 23844)
(183, 164, 4434)
(183, 57, 19684)
(183, 40, 19532)
(183, 111, 32941)
(183, 59, 28875)
(183, 83, 2505)
(183, 141, 31351)
(183, 117, 1358)
(183, 101, 22047)
(183, 175, 7972)
(183, 77, 17722)
(183, 58, 21112)
(183, 158, 15039)
(183, 105, 25412)
(183, 169, 32311)
(183, 160, 19643)
(183, 100, 20608)
(183, 71, 24030)
(183, 177, 26532)
(183, 18, 25843)
(183, 140, 32169)
(183, 99, 22657)
(183, 168, 17569)
(183, 27, 25565)
(183, 148, 26339)
(183, 73, 15423)
(183, 129, 22719)
(183, 66, 31898)
(183, 136, 660)
(183, 4, 19848)
(183, 16, 1292)
(183, 75, 27266)
(183, 94, 20107)
(183, 178, 4513)
(183, 161, 22389)
(183, 9, 9604)
(183, 23, 32417)
(183, 181, 25337)
(183, 19, 23354)
(183, 125, 22257)
(183, 172, 27371)
(183, 43, 1520)
(183, 126, 13809)
(183, 163, 2080)
(183, 63, 20576)
(183, 107, 11643)
(183, 139, 72)
(183, 82, 5172)
(183, 153, 5734)
(183, 123, 9946)
(183, 138, 861)
(183, 69, 10827)
(183, 41, 24092)
(183, 87, 29887)
(183, 28, 18572)
(183, 55, 9601)
(183, 103, 12167)
(183, 25, 13447)
(183, 182, 20187)
(183, 1, 981)
(183, 113, 27268)
(183, 35, 12431)
(183, 112, 21882)
(183, 152, 14991)
(183, 142, 21832)
(183, 52, 9871)
(183, 120, 5580)
(183, 130, 8924)
(183, 76, 30268)
(183, 54, 5728)
(183, 53, 9633)
(183, 31, 25981)
(183, 104, 12496)
(183, 72, 26105)
(183, 159, 6975)
(183, 98, 5786)
(183, 176, 5850)
(183, 96, 26986)
(183, 124, 13362)
(183, 64, 3219)
(183, 115, 32695)
(183, 173, 813)
(183, 32, 9012)
(183, 167, 3879)
(183, 48, 20534)
(183, 56, 20985)
(183, 67, 28333)
(183, 92, 26784)
(183, 114, 14653)
(183, 179, 5777)
(183, 171, 8463)
(183, 24, 26978)
(183, 78, 15088)
(183, 62, 28112)
(183, 102, 8799)
(183, 89, 12804)
(183, 65, 16905)
(183, 74, 21538)
(183, 119, 13035)
(183, 47, 11814)
(183, 68, 25013)
(183, 8, 16742)
(183, 95, 10535)
(183, 33, 33182)
(183, 151, 731)
(183, 45, 4128)
(183, 121, 12775)
(183, 127, 31500)
(183, 118, 22947)
(183, 17, 33409)
(183, 174, 32612)
(183, 170, 19860)
(183, 14, 11492)
(184, 147, 9610)
(184, 70, 12348)
(184, 152, 9752)
(184, 141, 5229)
(184, 160, 5975)
(184, 33, 16233)
(184, 23, 20795)
(184, 44, 5470)
(184, 134, 29782)
(184, 145, 28410)
(184, 174, 9000)
(184, 59, 5101)
(184, 49, 31415)
(184, 32, 13187)
(184, 128, 14211)
(184, 34, 25430)
(184, 26, 7770)
(184, 106, 31139)
(184, 51, 29650)
(184, 2, 16243)
(184, 79, 12396)
(184, 150, 21554)
(184, 105, 23735)
(184, 112, 235)
(184, 151, 8103)
(184, 127, 678)
(184, 177, 28852)
(184, 74, 16327)
(184, 82, 7715)
(184, 89, 30008)
(184, 107, 24327)
(184, 102, 8572)
(184, 163, 9968)
(184, 88, 6129)
(184, 72, 26116)
(184, 43, 25842)
(184, 171, 4195)
(184, 142, 2478)
(184, 153, 11105)
(184, 155, 10216)
(184, 135, 9485)
(184, 117, 8989)
(184, 41, 14854)
(184, 84, 7554)
(184, 17, 3662)
(184, 14, 22302)
(184, 122, 1571)
(184, 52, 26135)
(184, 56, 6829)
(184, 12, 11947)
(184, 40, 33080)
(184, 8, 25976)
(184, 97, 1640)
(184, 6, 25311)
(184, 24, 17059)
(184, 78, 17649)
(184, 109, 23621)
(184, 28, 13148)
(184, 58, 4213)
(184, 183, 7618)
(184, 9, 30202)
(184, 175, 8475)
(184, 120, 24758)
(184, 21, 18070)
(185, 37, 22204)
(185, 102, 16239)
(185, 88, 31769)
(185, 73, 21508)
(185, 62, 32857)
(185, 38, 24994)
(185, 159, 32791)
(185, 83, 33082)
(185, 104, 5483)
(185, 120, 8901)
(185, 153, 24008)
(185, 50, 18017)
(185, 110, 2996)
(185, 181, 3464)
(185, 86, 2554)
(185, 127, 16324)
(185, 95, 28205)
(185, 18, 28208)
(185, 146, 18420)
(185, 10, 18101)
(185, 98, 19672)
(185, 149, 7568)
(185, 55, 9166)
(185, 165, 16764)
(185, 151, 18366)
(185, 138, 32281)
(185, 132, 23693)
(185, 136, 2019)
(185, 59, 19437)
(185, 128, 21612)
(185, 77, 13344)
(185, 21, 4211)
(185, 7, 13126)
(185, 14, 31957)
(185, 130, 12073)
(186, 12, 33321)
(186, 58, 33772)
(186, 102, 5322)
(186, 135, 6403)
(186, 174, 14581)
(186, 158, 3534)
(186, 115, 29294)
(186, 138, 7195)
(186, 167, 32605)
(186, 166, 5110)
(186, 51, 9112)
(186, 87, 26779)
(186, 106, 20036)
(186, 40, 31748)
(186, 57, 18146)
(186, 33, 23671)
(186, 10, 8213)
(186, 181, 25931)
(186, 108, 15857)
(186, 107, 5607)
(186, 43, 30282)
(186, 126, 3926)
(186, 62, 4642)
(186, 134, 17041)
(186, 175, 7948)
(186, 168, 32099)
(186, 2, 10518)
(186, 139, 5524)
(186, 124, 5976)
(186, 44, 14512)
(186, 183, 25274)
(186, 112, 5272)
(186, 141, 5066)
(186, 163, 25243)
(186, 140, 14672)
(186, 45, 6088)
(186, 66, 3820)
(186, 8, 9071)
(186, 93, 9551)
(186, 61, 17121)
(186, 11, 5274)
(186, 89, 11482)
(186, 121, 29987)
(186, 70, 31055)
(186, 179, 10626)
(186, 4, 26303)
(186, 118, 21912)
(186, 176, 4342)
(186, 19, 7816)
(186, 47, 5571)
(186, 34, 27385)
(186, 110, 33561)
(186, 133, 26006)
(186, 71, 14171)
(186, 68, 262)
(186, 77, 18691)
(186, 48, 210)
(186, 26, 24464)
(186, 127, 7553)
(186, 85, 9320)
(186, 21, 24090)
(186, 53, 16368)
(186, 130, 3314)
(186, 114, 7813)
(186, 151, 1644)
(186, 132, 15600)
(186, 13, 7929)
(186, 116, 7198)
(186, 161, 8643)
(186, 92, 8115)
(186, 111, 15436)
(186, 105, 5641)
(186, 177, 28382)
(186, 98, 24739)
(186, 180, 21830)
(186, 172, 24145)
(186, 54, 23204)
(186, 74, 21281)
(186, 164, 19968)
(186, 31, 12079)
(186, 148, 1634)
(186, 46, 19921)
(186, 55, 5984)
(186, 90, 24233)
(186, 119, 8069)
(186, 160, 29356)
(186, 73, 6806)
(186, 24, 16825)
(186, 35, 24279)
(186, 149, 3952)
(186, 80, 7626)
(186, 125, 5661)
(186, 78, 13347)
(186, 171, 25222)
(186, 178, 680)
(186, 95, 8320)
(186, 49, 12029)
(186, 37, 26887)
(186, 0, 11889)
(186, 18, 1467)
(186, 137, 11967)
(186, 17, 31720)
(186, 129, 30438)
(186, 3, 2175)
(186, 41, 5107)
(186, 72, 19787)
(186, 145, 32720)
(186, 97, 15995)
(186, 15, 16430)
(186, 69, 27908)
(186, 150, 24346)
(186, 169, 15706)
(186, 170, 27603)
(186, 38, 22748)
(186, 144, 31771)
(186, 143, 8168)
(186, 84, 6295)
(186, 50, 10377)
(186, 136, 22337)
(186, 120, 1284)
(186, 157, 7087)
(186, 162, 30376)
(186, 42, 6572)
(186, 22, 1801)
(186, 36, 15139)
(186, 113, 25962)
(186, 27, 6449)
(186, 82, 23754)
(186, 6, 26562)
(186, 101, 10254)
(186, 16, 22089)
(186, 81, 10534)
(186, 159, 8399)
(186, 23, 32876)
(186, 20, 30874)
(186, 153, 10975)
(186, 182, 32426)
(186, 99, 3405)
(186, 154, 8297)
(186, 86, 20076)
(186, 9, 21606)
(186, 173, 20110)
(186, 75, 5449)
(186, 59, 32934)
(186, 142, 26235)
(186, 122, 11511)
(186, 94, 32738)
(186, 64, 30259)
(186, 32, 27894)
(186, 67, 6379)
(186, 152, 10172)
(186, 39, 3297)
(186, 29, 8534)
(186, 96, 20196)
(186, 5, 32588)
(186, 83, 30381)
(186, 63, 15795)
(187, 31, 24996)
(187, 39, 26698)
(187, 162, 29257)
(187, 88, 6070)
(187, 154, 21393)
(187, 106, 9632)
(187, 46, 25304)
(187, 155, 7094)
(187, 152, 4348)
(187, 63, 23267)
(187, 78, 21519)
(187, 53, 32901)
(187, 109, 19940)
(187, 177, 10072)
(187, 157, 10787)
(187, 56, 32492)
(187, 75, 22152)
(187, 167, 21226)
(187, 127, 9786)
(187, 55, 7854)
(187, 134, 14332)
(187, 112, 11834)
(187, 0, 23250)
(187, 4, 23449)
(187, 117, 33130)
(187, 32, 20290)
(187, 3, 1004)
(187, 51, 13770)
(187, 60, 20554)
(187, 158, 26878)
(187, 107, 8403)
(187, 89, 4855)
(187, 184, 23638)
(187, 62, 26083)
(187, 183, 15773)
(187, 65, 33426)
(187, 141, 1111)
(187, 139, 5253)
(187, 137, 22421)
(187, 98, 21823)
(187, 84, 32377)
(187, 16, 32911)
(187, 138, 21836)
(187, 118, 7599)
(187, 19, 6891)
(187, 59, 22058)
(187, 50, 19575)
(187, 48, 4133)
(187, 72, 14731)
(187, 52, 10735)
(187, 120, 10214)
(187, 17, 16110)
(187, 26, 26621)
(187, 33, 18199)
(187, 70, 12751)
(187, 166, 15826)
(187, 104, 1712)
(187, 85, 26939)
(188, 147, 17913)
(188, 6, 5593)
(188, 186, 8258)
(188, 167, 19054)
(188, 73, 13082)
(188, 122, 19426)
(188, 31, 462)
(188, 44, 32306)
(188, 12, 24666)
(188, 3, 13627)
(188, 149, 23605)
(188, 131, 27081)
(188, 41, 21617)
(188, 165, 11230)
(188, 129, 29297)
(188, 39, 8448)
(188, 79, 271)
(188, 83, 7754)
(188, 178, 13241)
(188, 154, 22377)
(188, 179, 22568)
(188, 34, 228)
(188, 104, 3006)
(188, 158, 23417)
(188, 87, 2202)
(188, 132, 23688)
(188, 140, 18237)
(188, 95, 10313)
(188, 176, 13502)
(188, 37, 12238)
(188, 155, 25493)
(188, 84, 4113)
(188, 161, 8056)
(188, 61, 22216)
(188, 66, 25661)
(188, 106, 24636)
(188, 26, 22951)
(189, 12, 28097)
(189, 130, 5166)
(189, 169, 18354)
(189, 113, 15813)
(189, 14, 25254)
(189, 170, 21383)
(189, 87, 24350)
(189, 10, 29119)
(189, 37, 21033)
(189, 140, 11163)
(189, 128, 10160)
(189, 82, 22447)
(189, 64, 27205)
(189, 11, 15862)
(189, 75, 32376)
(189, 161, 28425)
(189, 33, 17347)
(189, 111, 7926)
(189, 165, 13359)
(189, 0, 7151)
(189, 36, 20807)
(189, 139, 11660)
(189, 144, 17945)
(189, 187, 6828)
(189, 135, 29965)
(189, 96, 30758)
(189, 129, 19384)
(189, 168, 13271)
(189, 73, 22781)
(189, 68, 26697)
(189, 172, 23514)
(189, 166, 22766)
(189, 29, 663)
(189, 46, 9120)
(189, 131, 24936)
(189, 79, 17327)
(189, 101, 33669)
(189, 60, 17725)
(189, 175, 7278)
(189, 154, 31090)
(189, 118, 3034)
(189, 123, 28956)
(189, 35, 30061)
(189, 124, 26071)
(189, 72, 29177)
(189, 126, 25709)
(189, 109, 5461)
(189, 138, 22886)
(189, 19, 9816)
(189, 133, 32175)
(189, 151, 2527)
(189, 54, 6329)
(189, 57, 5321)
(189, 142, 30817)
(189, 94, 7837)
(189, 102, 24524)
(189, 66, 3717)
(189, 115, 27689)
(189, 159, 17763)
(189, 178, 2188)
(189, 42, 6713)
(189, 114, 158)
(189, 74, 7953)
(189, 156, 23038)
(189, 188, 13079)
(189, 97, 14820)
(189, 136, 10503)
(189, 21, 32288)
(189, 30, 7226)
(189, 23, 26850)
(189, 147, 9054)
(189, 184, 32581)
(189, 45, 16959)
(189, 88, 2088)
(189, 69, 15193)
(189, 7, 23924)
(189, 70, 8088)
(189, 134, 9567)
(189, 181, 7942)
(189, 150, 16158)
(189, 106, 7301)
(189, 27, 13853)
(189, 86, 18223)
(189, 185, 12777)
(189, 51, 17973)
(189, 171, 24687)
(189, 167, 10230)
(189, 67, 15120)
(189, 90, 33603)
(189, 1, 1800)
(189, 91, 20780)
(189, 182, 9792)
(189, 43, 32642)
(189, 18, 11023)
(189, 157, 8234)
(189, 127, 15046)
(189, 164, 3459)
(189, 186, 32717)
(189, 48, 26060)
(189, 47, 31729)
(189, 49, 19764)
(189, 58, 5460)
(189, 93, 15937)
(189, 5, 14845)
(189, 116, 1330)
(189, 92, 6707)
(189, 28, 25179)
(189, 62, 5977)
(189, 80, 10400)
(189, 16, 9701)
(189, 179, 26880)
(189, 38, 10132)
(189, 104, 26350)
(189, 34, 1122)
(189, 2, 30267)
(189, 24, 25853)
(189, 9, 3147)
(189, 4, 13213)
(189, 146, 8113)
(189, 120, 1286)
(189, 59, 5120)
(189, 56, 9876)
(189, 84, 20135)
(189, 152, 3857)
(189, 110, 7014)
(189, 98, 11011)
(189, 107, 4144)
(189, 55, 27714)
(189, 158, 14575)
(189, 105, 28555)
(189, 20, 20855)
(189, 32, 33196)
(189, 17, 14898)
(189, 40, 19679)
(189, 15, 1802)
(189, 26, 12467)
(189, 176, 3773)
(189, 61, 29943)
(189, 121, 22025)
(189, 132, 15985)
(190, 3, 21304)
(190, 159, 24422)
(190, 141, 28968)
(190, 9, 21497)
(190, 38, 32066)
(190, 52, 6344)
(190, 137, 10334)
(190, 78, 25380)
(190, 126, 28748)
(190, 95, 29911)
(190, 147, 30172)
(190, 123, 21684)
(190, 97, 6959)
(190, 138, 20918)
(190, 91, 26844)
(190, 35, 31972)
(190, 40, 25344)
(190, 154, 7104)
(190, 171, 13277)
(190, 172, 19436)
(190, 42, 23747)
(190, 131, 26302)
(190, 45, 18976)
(190, 155, 9593)
(190, 34, 18507)
(190, 47, 10360)
(190, 22, 27185)
(190, 102, 12562)
(190, 80, 13326)
(190, 189, 4637)
(190, 85, 20152)
(190, 145, 20372)
(190, 113, 31865)
(190, 163, 3090)
(190, 146, 16458)
(190, 122, 20942)
(190, 187, 2115)
(190, 64, 5937)
(190, 181, 14817)
(190, 142, 26286)
(190, 105, 15065)
(190, 43, 213)
(190, 30, 32540)
(190, 168, 28452)
(190, 121, 23179)
(190, 118, 2823)
(190, 186, 25457)
(190, 88, 5454)
(190, 127, 20127)
(190, 69, 10911)
(190, 140, 31441)
(190, 55, 12984)
(190, 29, 18981)
(190, 158, 5605)
(190, 120, 11911)
(190, 23, 6880)
(190, 185, 24121)
(190, 82, 14637)
(190, 48, 32870)
(190, 19, 22383)
(190, 68, 30750)
(190, 173, 21238)
(190, 150, 23923)
(190, 133, 23788)
(190, 153, 29013)
(190, 134, 1276)
(190, 119, 20217)
(190, 151, 14825)
(190, 83, 8611)
(190, 39, 33142)
(190, 15, 16541)
(190, 99, 5334)
(190, 143, 8650)
(190, 160, 7084)
(190, 178, 33582)
(190, 26, 17851)
(190, 59, 32653)
(190, 117, 24149)
(190, 5, 27431)
(190, 0, 29088)
(190, 177, 142)
(190, 72, 28296)
(190, 33, 3232)
(190, 13, 28726)
(190, 139, 29025)
(190, 65, 2180)
(190, 109, 23162)
(190, 57, 7587)
(190, 53, 31221)
(190, 77, 26502)
(190, 28, 31248)
(190, 2, 31003)
(190, 24, 3441)
(190, 46, 33510)
(190, 70, 28703)
(190, 167, 4220)
(190, 124, 10264)
(190, 164, 18202)
(190, 156, 5739)
(190, 61, 25978)
(190, 71, 6454)
(190, 37, 26115)
(190, 169, 21602)
(190, 6, 19261)
(190, 32, 8217)
(190, 179, 25352)
(190, 11, 26294)
(190, 96, 30893)
(190, 8, 22725)
(190, 62, 19340)
(190, 94, 29950)
(190, 107, 2012)
(190, 101, 25397)
(191, 21, 15575)
(191, 8, 29022)
(191, 161, 4229)
(191, 145, 10257)
(191, 79, 31835)
(191, 6, 21441)
(191, 73, 7693)
(191, 104, 20840)
(191, 74, 5348)
(191, 38, 13485)
(191, 137, 2657)
(191, 50, 3471)
(191, 20, 32725)
(191, 183, 19341)
(191, 65, 11934)
(191, 133, 32495)
(191, 27, 31819)
(191, 94, 29163)
(191, 132, 20897)
(191, 15, 20778)
(191, 162, 26786)
(191, 72, 27576)
(191, 135, 13973)
(191, 92, 8543)
(191, 7, 33695)
(191, 139, 30804)
(191, 1, 10210)
(191, 26, 25908)
(191, 167, 26512)
(191, 168, 27497)
(191, 76, 1219)
(191, 43, 11719)
(191, 11, 28678)
(191, 42, 4686)
(191, 176, 19110)
(191, 112, 11122)
(191, 178, 29473)
(191, 120, 20971)
(191, 24, 22263)
(191, 100, 3831)
(191, 29, 2049)
(191, 153, 604)
(191, 16, 16540)
(191, 63, 7213)
(191, 96, 9233)
(191, 5, 29201)
(191, 91, 6101)
(191, 114, 5005)
(191, 57, 23086)
(191, 128, 19050)
(191, 35, 33118)
(191, 40, 30481)
(191, 123, 18746)
(191, 155, 14311)
(191, 187, 7304)
(191, 78, 10889)
(191, 116, 17102)
(192, 179, 12757)
(192, 154, 19638)
(192, 6, 15195)
(192, 72, 2295)
(192, 104, 1921)
(192, 142, 27139)
(192, 94, 4696)
(192, 155, 585)
(192, 109, 29244)
(192, 177, 12461)
(192, 83, 12148)
(192, 19, 14453)
(192, 137, 7432)
(192, 124, 27798)
(192, 60, 26804)
(192, 58, 28234)
(192, 172, 7912)
(192, 36, 17139)
(192, 140, 997)
(192, 76, 13198)
(192, 23, 13111)
(192, 50, 12632)
(192, 169, 4899)
(192, 165, 3403)
(192, 115, 30154)
(192, 61, 11282)
(192, 34, 18348)
(192, 131, 9385)
(192, 127, 28501)
(192, 117, 31630)
(192, 67, 9041)
(192, 7, 22828)
(192, 41, 15221)
(192, 129, 2181)
(192, 29, 2046)
(192, 82, 19616)
(192, 93, 26506)
(192, 178, 7853)
(192, 106, 17733)
(192, 105, 7341)
(192, 73, 3369)
(192, 123, 26343)
(192, 37, 32617)
(192, 10, 29860)
(192, 118, 31194)
(192, 51, 7460)
(192, 45, 26768)
(192, 125, 2498)
(192, 175, 16406)
(192, 186, 5393)
(192, 42, 972)
(192, 189, 23015)
(192, 9, 1610)
(192, 46, 5807)
(192, 146, 26015)
(192, 79, 33559)
(192, 63, 3134)
(192, 87, 23762)
(192, 4, 23059)
(192, 102, 19409)
(192, 69, 3427)
(192, 164, 3299)
(192, 170, 10266)
(192, 134, 2945)
(192, 133, 24318)
(192, 145, 11697)
(192, 111, 28267)
(192, 187, 28244)
(192, 144, 4894)
(192, 80, 7901)
(192, 119, 20021)
(192, 163, 12990)
(192, 188, 18386)
(192, 150, 18935)
(192, 21, 8036)
(192, 152, 20371)
(192, 181, 18476)
(192, 78, 33575)
(192, 56, 166)
(192, 59, 29546)
(192, 166, 13772)
(192, 32, 188)
(192, 18, 29489)
(192, 156, 22258)
(192, 99, 7453)
(192, 98, 7056)
(192, 113, 369)
(192, 88, 31229)
(192, 157, 21504)
(192, 130, 2488)
(192, 171, 15010)
(192, 160, 33660)
(192, 13, 20099)
(192, 53, 17632)
(192, 64, 18196)
(192, 149, 25588)
(192, 68, 22995)
(192, 85, 13538)
(192, 122, 1119)
(192, 27, 28409)
(192, 40, 31945)
(192, 92, 3582)
(192, 116, 14631)
(192, 0, 9003)
(192, 126, 9882)
(192, 20, 30986)
(192, 153, 25138)
(192, 12, 22825)
(192, 182, 25895)
(192, 89, 1785)
(192, 151, 31844)
(192, 24, 14427)
(192, 3, 23312)
(192, 77, 6406)
(192, 112, 2699)
(192, 81, 28273)
(192, 138, 14498)
(192, 190, 11018)
(192, 11, 12497)
(192, 62, 5857)
(192, 103, 4076)
(192, 52, 24907)
(192, 8, 22909)
(192, 121, 24023)
(192, 30, 32740)
(192, 35, 13836)
(192, 135, 29602)
(192, 28, 12634)
(192, 100, 21734)
(192, 47, 2683)
(192, 139, 13764)
(192, 128, 16261)
(192, 184, 25559)
(192, 39, 17676)
(192, 66, 5332)
(192, 54, 15378)
(192, 25, 5365)
(192, 148, 29933)
(192, 161, 803)
(192, 49, 13948)
(192, 86, 32683)
(192, 31, 18443)
(192, 132, 29238)
(192, 95, 26994)
(192, 168, 23264)
(193, 84, 26260)
(193, 57, 22449)
(193, 18, 21475)
(193, 36, 9794)
(193, 92, 14126)
(193, 134, 26944)
(193, 69, 9358)
(193, 96, 2593)
(193, 64, 25184)
(193, 122, 8500)
(193, 145, 16347)
(193, 173, 13150)
(193, 93, 11524)
(193, 54, 8023)
(193, 141, 32574)
(193, 163, 9343)
(193, 185, 2778)
(193, 191, 19021)
(193, 189, 9679)
(193, 160, 18726)
(193, 114, 19899)
(193, 82, 9628)
(193, 41, 16292)
(193, 171, 15829)
(193, 155, 25689)
(193, 192, 11025)
(193, 150, 10262)
(193, 132, 12234)
(193, 7, 29969)
(193, 162, 22241)
(193, 83, 23880)
(193, 139, 11428)
(193, 28, 2158)
(193, 86, 28533)
(193, 16, 3638)
(193, 182, 27675)
(193, 112, 31593)
(193, 17, 21120)
(193, 165, 15430)
(193, 180, 20669)
(193, 88, 12710)
(193, 183, 18633)
(193, 103, 10982)
(193, 61, 3677)
(193, 9, 22300)
(193, 38, 2608)
(193, 115, 1154)
(193, 4, 21801)
(193, 131, 7940)
(193, 188, 6320)
(193, 133, 6881)
(193, 46, 10579)
(193, 113, 9851)
(193, 116, 297)
(193, 136, 3936)
(193, 23, 31557)
(193, 170, 27716)
(193, 25, 26548)
(193, 59, 26335)
(193, 152, 837)
(193, 80, 9206)
(193, 85, 13675)
(193, 22, 17784)
(193, 124, 503)
(193, 151, 17392)
(193, 42, 4039)
(193, 148, 12597)
(193, 135, 27230)
(193, 81, 11328)
(194, 44, 4218)
(194, 143, 21593)
(194, 5, 24261)
(194, 77, 1562)
(194, 189, 9373)
(194, 53, 17119)
(194, 112, 21603)
(194, 98, 15922)
(194, 114, 6803)
(194, 157, 16697)
(194, 121, 7165)
(194, 92, 9932)
(194, 49, 31909)
(194, 25, 9787)
(194, 164, 23476)
(194, 58, 11567)
(194, 93, 20313)
(194, 128, 12484)
(194, 21, 30557)
(194, 176, 11379)
(194, 88, 21005)
(194, 148, 5858)
(194, 154, 189)
(194, 10, 342)
(194, 174, 1254)
(194, 152, 9441)
(194, 150, 29403)
(194, 122, 22916)
(194, 163, 18608)
(194, 7, 9808)
(194, 162, 19416)
(194, 179, 32324)
(194, 123, 6991)
(194, 103, 28307)
(194, 109, 31846)
(194, 133, 13651)
(194, 187, 17477)
(194, 18, 13480)
(194, 32, 6778)
(194, 183, 4849)
(194, 33, 9134)
(194, 68, 27832)
(194, 55, 15794)
(194, 119, 7411)
(194, 135, 8461)
(194, 134, 5908)
(194, 60, 8274)
(194, 11, 31429)
(194, 147, 14480)
(194, 35, 26079)
(194, 28, 27669)
(194, 72, 2279)
(194, 180, 15563)
(194, 30, 15570)
(194, 37, 8856)
(194, 48, 1513)
(194, 15, 5231)
(194, 188, 21117)
(194, 111, 7456)
(194, 31, 26416)
(194, 87, 26862)
(194, 153, 9573)
(194, 43, 31581)
(194, 125, 23939)
(194, 23, 11937)
(194, 149, 7835)
(194, 86, 6785)
(194, 175, 9276)
(194, 78, 28890)
(194, 69, 7454)
(194, 161, 2962)
(194, 29, 28950)
(194, 4, 32344)
(194, 137, 4018)
(194, 156, 25913)
(194, 107, 15550)
(194, 181, 22579)
(194, 97, 15208)
(194, 70, 26589)
(194, 151, 19287)
(194, 39, 33044)
(194, 51, 29804)
(194, 155, 2255)
(195, 10, 20595)
(195, 68, 13003)
(195, 85, 15395)
(195, 151, 4737)
(195, 181, 13414)
(195, 48, 24440)
(195, 90, 31456)
(195, 135, 22118)
(195, 4, 23752)
(195, 64, 27562)
(195, 91, 32864)
(195, 153, 21698)
(195, 36, 15295)
(195, 145, 10781)
(195, 33, 30240)
(195, 124, 29627)
(195, 87, 27687)
(195, 1, 28871)
(195, 55, 22109)
(195, 112, 3571)
(195, 156, 9564)
(195, 101, 25618)
(195, 102, 17901)
(195, 75, 11288)
(195, 82, 12420)
(195, 170, 12639)
(195, 53, 5708)
(195, 138, 20560)
(195, 3, 21253)
(195, 42, 3763)
(195, 71, 26348)
(195, 116, 13460)
(195, 69, 23209)
(195, 106, 1186)
(195, 194, 14513)
(195, 0, 7621)
(195, 59, 31810)
(195, 177, 1760)
(195, 126, 7910)
(195, 25, 11455)
(195, 15, 3768)
(195, 62, 13315)
(195, 12, 4938)
(195, 122, 25411)
(195, 173, 33093)
(195, 172, 19227)
(195, 72, 31597)
(195, 175, 17576)
(195, 191, 29502)
(195, 110, 9887)
(195, 166, 10296)
(195, 158, 25644)
(195, 167, 14133)
(195, 57, 2872)
(195, 163, 3075)
(195, 50, 21730)
(195, 30, 29144)
(195, 73, 26059)
(195, 56, 14499)
(195, 159, 20886)
(195, 147, 19251)
(195, 97, 24169)
(195, 154, 25900)
(195, 113, 29099)
(195, 37, 29314)
(195, 96, 9590)
(195, 105, 2247)
(195, 119, 27634)
(195, 31, 11029)
(195, 54, 12841)
(195, 6, 8506)
(195, 88, 15127)
(195, 193, 3479)
(195, 128, 21307)
(195, 144, 576)
(195, 43, 8416)
(195, 157, 7169)
(195, 129, 14703)
(195, 150, 18946)
(195, 24, 15196)
(195, 178, 31)
(195, 66, 23934)
(195, 22, 24875)
(195, 34, 8296)
(195, 26, 6462)
(195, 182, 7100)
(195, 183, 13299)
(195, 60, 27947)
(195, 142, 20879)
(195, 115, 5804)
(195, 21, 24676)
(195, 107, 7891)
(195, 103, 31470)
(195, 39, 26347)
(195, 89, 12092)
(195, 41, 9450)
(195, 125, 33618)
(195, 92, 11957)
(195, 32, 2481)
(195, 132, 6601)
(195, 20, 26426)
(195, 79, 27807)
(195, 2, 31183)
(195, 187, 33449)
(195, 19, 26124)
(195, 49, 29335)
(195, 86, 22147)
(195, 70, 25907)
(195, 11, 4155)
(195, 81, 4618)
(195, 83, 8083)
(195, 23, 20240)
(195, 80, 28768)
(195, 38, 8939)
(195, 184, 22738)
(195, 169, 27067)
(195, 27, 16760)
(195, 186, 638)
(195, 18, 13282)
(195, 136, 24967)
(195, 100, 33257)
(195, 148, 3037)
(195, 137, 19952)
(195, 168, 28649)
(195, 189, 15627)
(195, 13, 12017)
(195, 155, 16582)
(195, 131, 2995)
(195, 152, 24042)
(195, 190, 17015)
(195, 174, 27064)
(195, 35, 33172)
(195, 95, 21258)
(195, 127, 1798)
(195, 51, 19033)
(195, 7, 3836)
(195, 44, 21053)
(195, 5, 31355)
(195, 109, 33493)
(195, 76, 27406)
(195, 120, 24971)
(195, 63, 24177)
(195, 165, 19798)
(195, 67, 27294)
(195, 46, 16885)
(195, 140, 14067)
(195, 94, 12920)
(195, 192, 5979)
(195, 143, 33289)
(195, 185, 11645)
(195, 16, 26580)
(195, 61, 13399)
(195, 104, 19646)
(195, 179, 28821)
(195, 40, 12466)
(195, 118, 4199)
(195, 117, 31508)
(195, 29, 28688)
(195, 134, 27130)
(195, 171, 20369)
(195, 160, 33511)
(195, 180, 2744)
(195, 164, 28054)
(195, 52, 8182)
(195, 93, 11582)
(195, 65, 22508)
(195, 45, 1253)
(195, 188, 3699)
(195, 141, 255)
(195, 17, 33462)
(195, 58, 7249)
(195, 176, 1280)
(195, 14, 15530)
(195, 74, 29568)
(195, 130, 6814)
(195, 139, 4575)
(195, 8, 28805)
(195, 28, 26204)
(195, 78, 32640)
(195, 149, 24186)
(195, 114, 24958)
(195, 47, 2930)
(195, 133, 21151)
(195, 123, 7295)
(195, 121, 5003)
(195, 9, 29513)
(195, 77, 23495)
(196, 24, 26830)
(196, 110, 23577)
(196, 142, 12785)
(196, 131, 32307)
(196, 17, 31154)
(196, 19, 32659)
(196, 97, 9944)
(196, 169, 29056)
(196, 143, 8061)
(196, 26, 11940)
(196, 10, 32070)
(196, 8, 33284)
(196, 41, 14694)
(196, 139, 13194)
(196, 193, 3575)
(196, 115, 29019)
(196, 124, 4161)
(196, 160, 17215)
(196, 21, 16709)
(196, 87, 30837)
(196, 150, 26439)
(196, 42, 24355)
(196, 69, 11908)
(196, 36, 25649)
(196, 53, 22312)
(196, 147, 31975)
(196, 96, 10985)
(196, 27, 13724)
(196, 194, 30897)
(196, 28, 21981)
(196, 181, 16662)
(196, 179, 23355)
(196, 32, 23947)
(196, 132, 33292)
(196, 49, 27107)
(196, 84, 24673)
(196, 153, 22537)
(196, 174, 26064)
(196, 50, 6380)
(196, 79, 15037)
(196, 157, 6691)
(196, 164, 7755)
(196, 93, 20785)
(196, 180, 10120)
(196, 186, 19996)
(196, 191, 32504)
(196, 70, 18640)
(196, 7, 28815)
(196, 48, 21533)
(196, 146, 14135)
(196, 127, 15670)
(196, 58, 27479)
(196, 175, 14680)
(196, 128, 7614)
(196, 14, 18602)
(196, 1, 30460)
(196, 46, 10150)
(196, 80, 33437)
(196, 43, 16297)
(196, 44, 9061)
(196, 56, 15154)
(196, 22, 10804)
(196, 60, 661)
(196, 3, 22049)
(196, 113, 324)
(196, 140, 1545)
(196, 189, 14074)
(196, 55, 6586)
(196, 159, 4308)
(196, 90, 21036)
(196, 120, 9514)
(196, 88, 24986)
(196, 63, 13681)
(196, 152, 29631)
(196, 119, 16803)
(196, 29, 7582)
(196, 134, 17314)
(196, 118, 25794)
(196, 37, 10893)
(196, 192, 19372)
(196, 177, 5398)
(196, 72, 5462)
(196, 190, 15960)
(197, 106, 31094)
(197, 41, 24738)
(197, 83, 29525)
(197, 37, 29532)
(197, 6, 14690)
(197, 76, 29775)
(197, 141, 29318)
(197, 3, 22158)
(197, 93, 15809)
(197, 65, 31267)
(197, 181, 28423)
(197, 139, 28473)
(197, 107, 3197)
(197, 163, 19681)
(197, 21, 32746)
(197, 47, 25732)
(197, 164, 26924)
(197, 135, 16063)
(197, 61, 11540)
(197, 14, 33789)
(197, 55, 8754)
(197, 46, 17380)
(197, 40, 25105)
(197, 33, 25820)
(197, 60, 25883)
(197, 173, 2752)
(197, 2, 15323)
(197, 189, 22306)
(197, 29, 8804)
(197, 153, 31837)
(197, 177, 30967)
(197, 194, 4347)
(197, 24, 33460)
(197, 20, 352)
(197, 147, 7731)
(197, 187, 11168)
(197, 119, 18681)
(197, 160, 13900)
(197, 70, 25917)
(197, 157, 10466)
(197, 103, 1828)
(197, 4, 29797)
(197, 148, 29768)
(197, 31, 7465)
(197, 38, 5831)
(197, 128, 817)
(197, 32, 10303)
(197, 149, 7518)
(197, 132, 9577)
(197, 10, 33195)
(197, 124, 923)
(197, 36, 11400)
(197, 0, 29629)
(197, 104, 18661)
(197, 50, 6788)
(197, 138, 3283)
(197, 102, 28677)
(197, 27, 6005)
(197, 17, 9505)
(197, 49, 11049)
(197, 92, 27244)
(197, 87, 980)
(197, 152, 26123)
(197, 121, 1767)
(197, 12, 24291)
(197, 85, 3564)
(197, 39, 9560)
(197, 28, 1372)
(197, 158, 8905)
(197, 81, 6251)
(197, 23, 12479)
(197, 172, 14195)
(197, 144, 33610)
(197, 146, 26721)
(197, 95, 6207)
(197, 89, 12398)
(197, 16, 30686)
(197, 48, 29287)
(197, 192, 16866)
(197, 9, 5452)
(197, 190, 20247)
(197, 193, 25048)
(197, 75, 18488)
(197, 142, 32441)
(197, 13, 18757)
(197, 136, 33134)
(197, 45, 4881)
(197, 167, 6984)
(197, 169, 20422)
(197, 180, 24339)
(197, 53, 29347)
(197, 35, 27600)
(197, 175, 17509)
(197, 159, 18177)
(197, 43, 11648)
(197, 84, 25499)
(197, 63, 33623)
(197, 129, 30249)
(197, 168, 4944)
(197, 125, 22436)
(197, 145, 30208)
(197, 91, 9313)
(197, 71, 28763)
(197, 26, 22385)
(197, 52, 3996)
(197, 51, 30194)
(197, 15, 15588)
(197, 54, 7542)
(197, 79, 23052)
(197, 112, 30451)
(197, 97, 26189)
(197, 64, 32826)
(197, 170, 13248)
(197, 186, 18097)
(197, 110, 14441)
(197, 176, 19540)
(197, 109, 11894)
(197, 90, 20759)
(197, 1, 32452)
(197, 62, 7876)
(197, 68, 4131)
(197, 161, 11446)
(197, 196, 16232)
(197, 185, 30480)
(197, 127, 20757)
(197, 116, 11365)
(197, 100, 10317)
(197, 134, 11741)
(197, 30, 28657)
(197, 80, 27444)
(197, 86, 28940)
(197, 67, 26643)
(197, 34, 32682)
(197, 123, 29843)
(197, 143, 446)
(197, 44, 3066)
(197, 25, 26701)
(197, 115, 21650)
(197, 174, 19)
(197, 82, 12247)
(197, 122, 3565)
(197, 154, 18324)
(197, 178, 10200)
(197, 66, 16683)
(197, 5, 33151)
(197, 151, 25786)
(197, 171, 27797)
(197, 111, 23730)
(197, 183, 24546)
(197, 114, 7894)
(197, 150, 22939)
(197, 137, 28608)
(197, 56, 23356)
(197, 7, 4426)
(197, 42, 16115)
(197, 19, 23494)
(197, 94, 22597)
(197, 22, 9981)
(197, 58, 23878)
(197, 191, 7227)
(197, 120, 4886)
(197, 74, 1303)
(197, 118, 9640)
(197, 155, 8356)
(197, 88, 28607)
(197, 140, 5414)
(197, 78, 26728)
(197, 130, 2850)
(197, 99, 2193)
(197, 179, 31209)
(197, 165, 10677)
(197, 96, 24720)
(197, 156, 2204)
(197, 166, 29560)
(197, 101, 3892)
(198, 117, 33247)
(198, 65, 29891)
(198, 23, 19277)
(198, 180, 408)
(198, 97, 25879)
(198, 73, 30199)
(198, 40, 9544)
(198, 160, 20594)
(198, 43, 18284)
(198, 128, 3752)
(198, 61, 8451)
(198, 109, 18038)
(198, 178, 13641)
(198, 54, 364)
(198, 29, 29066)
(198, 140, 12695)
(198, 33, 5890)
(198, 49, 2737)
(198, 153, 21973)
(198, 143, 26052)
(198, 166, 8503)
(198, 41, 7329)
(198, 131, 17830)
(198, 174, 2792)
(198, 164, 19024)
(198, 114, 2366)
(199, 84, 1813)
(199, 121, 22287)
(199, 106, 32576)
(199, 65, 12241)
(199, 188, 9667)
(199, 35, 12334)
(199, 163, 17340)
(199, 11, 32528)
(199, 148, 32405)
(199, 132, 4806)
(199, 7, 28662)
(199, 101, 1274)
(199, 138, 28844)
(199, 6, 6164)
(199, 145, 19055)
(199, 112, 1085)
(199, 45, 4440)
(199, 158, 10390)
(199, 82, 25686)
(199, 186, 14669)
(199, 41, 26515)
(199, 198, 31138)
(199, 39, 23239)
(199, 193, 31226)
(199, 27, 16003)
(199, 130, 10998)
(199, 169, 4294)
(199, 140, 11541)
(199, 117, 3555)
(199, 0, 11606)
(199, 159, 3893)
(199, 59, 4826)
(199, 109, 22111)
(199, 8, 29376)
(199, 81, 17671)
(199, 60, 13731)
(199, 197, 20486)
(199, 76, 23353)
(199, 187, 21925)
(199, 116, 29001)
(199, 192, 26300)
(199, 174, 27316)
(199, 77, 5540)
(199, 67, 24905)
(199, 110, 31877)
(199, 171, 20)
(199, 115, 8565)
(199, 38, 28579)
(199, 93, 27638)
(199, 9, 6672)
(199, 92, 3536)
(199, 73, 13137)
(199, 98, 22655)
(199, 99, 18148)
(199, 105, 24979)
(199, 160, 11693)
(199, 124, 10622)
(199, 175, 19502)
(199, 172, 19217)
(199, 42, 16288)
(199, 54, 20719)
(199, 173, 1321)
(199, 71, 33578)
(199, 50, 22805)
(199, 118, 814)
(199, 126, 23079)
(199, 14, 13314)
(199, 88, 28737)
(199, 181, 1256)
(199, 85, 28059)
(199, 78, 3732)
(199, 37, 21867)
(199, 74, 4576)
(199, 51, 23696)
(199, 120, 16117)
(199, 131, 5440)
(199, 32, 4702)
(199, 36, 10485)
(199, 189, 24945)
(199, 178, 4598)
(199, 133, 16483)
(199, 102, 25852)
(199, 63, 1931)
(199, 22, 11904)
(199, 185, 18392)
(199, 142, 10473)
(199, 143, 27352)
(199, 5, 19447)
(199, 56, 22918)
(199, 80, 17586)
(199, 72, 16895)
(199, 17, 9890)
(199, 31, 12150)
(199, 15, 23407)
(199, 75, 24726)
(199, 55, 14247)
(199, 83, 32309)
(199, 86, 32220)
(199, 122, 12217)
(199, 87, 7783)
(199, 157, 4029)
(199, 12, 25611)
(199, 19, 27262)
(199, 196, 10996)
(199, 91, 33554)
(199, 149, 32308)
(199, 141, 33416)
(199, 129, 1340)
(199, 100, 20385)
(199, 18, 23246)
(199, 146, 22068)
(199, 137, 22977)
(199, 44, 30514)
(199, 127, 24692)
(199, 64, 32496)
(199, 24, 14207)
(199, 135, 32260)
(199, 128, 5680)
(199, 136, 21589)
(199, 30, 33393)
(199, 94, 33327)
(199, 69, 8864)
(199, 33, 1976)
(199, 62, 4526)
(199, 119, 21821)
(199, 58, 18294)
(199, 26, 27700)
(199, 195, 6929)
(199, 108, 9703)
(199, 167, 26051)
(199, 16, 10244)
(199, 177, 25392)
(199, 184, 30003)
(199, 13, 32394)
(199, 144, 9997)
(199, 180, 28813)
(199, 90, 20001)
(199, 107, 779)
(199, 161, 4651)
(199, 154, 23669)
(199, 155, 18663)
(199, 79, 24302)
(199, 113, 4026)
(199, 1, 15049)
(199, 34, 14785)
(199, 165, 27525)
(199, 104, 29545)
(199, 2, 11434)
(199, 49, 28285)
(199, 156, 26805)
(199, 162, 1268)
(199, 168, 1348)
(200, 175, 18990)
(200, 87, 16098)
(200, 172, 31763)
(200, 40, 19203)
(200, 84, 32735)
(200, 30, 31206)
(200, 190, 6103)
(200, 53, 24888)
(200, 16, 21182)
(200, 66, 26036)
(200, 189, 7185)
(200, 17, 33762)
(200, 11, 6135)
(200, 198, 16399)
(200, 43, 4101)
(200, 77, 11613)
(200, 184, 28455)
(200, 74, 26762)
(200, 182, 22124)
(200, 132, 18693)
(200, 187, 8963)
(200, 37, 18349)
(200, 123, 13124)
(200, 164, 12805)
(200, 173, 10283)
(200, 105, 25837)
(200, 185, 32921)
(200, 6, 47)
(200, 23, 5290)
(200, 152, 14878)
(200, 131, 8127)
(200, 138, 19838)
(200, 26, 5432)
(200, 103, 4459)
(200, 44, 14111)
(200, 58, 24020)
(200, 136, 15394)
(200, 52, 24420)
(200, 88, 21405)
(200, 25, 8886)
(200, 3, 14996)
(200, 181, 10194)
(200, 159, 31647)
(200, 33, 26065)
(200, 191, 24515)
(200, 135, 24065)
(200, 99, 8049)
(200, 80, 5442)
(200, 59, 12315)
(200, 146, 821)
(200, 179, 7485)
(200, 167, 878)
(200, 127, 21254)
(200, 24, 27255)
(200, 143, 1709)
(200, 61, 23612)
(200, 171, 24481)
(200, 101, 15656)
(200, 45, 2111)
(200, 139, 5232)
(200, 20, 14297)
(200, 41, 26200)
(200, 9, 5495)
(200, 1, 9635)
(200, 21, 26732)
(200, 48, 18336)
(200, 28, 24924)
(200, 177, 20871)
(200, 8, 28353)
(200, 18, 7826)
(200, 174, 810)
(200, 94, 14775)
(200, 122, 26740)
(200, 199, 28113)
(200, 165, 23166)
(200, 170, 6422)
(200, 34, 23433)
(200, 193, 32047)
(200, 195, 33574)
(200, 31, 8166)
(200, 19, 13826)
(200, 96, 10523)
(200, 50, 33588)
(200, 46, 12861)
(200, 110, 1804)
(200, 130, 27223)
(200, 125, 31578)
(200, 29, 10875)
(200, 133, 18052)
(200, 183, 11971)
(200, 134, 28689)
(200, 186, 21601)
(200, 142, 18982)
(200, 102, 8384)
(200, 168, 29154)
(200, 91, 15107)
(200, 49, 19715)
(200, 104, 5150)
(200, 176, 19856)
(200, 51, 18289)
(200, 97, 14435)
(200, 118, 29069)
(200, 95, 13924)
(200, 68, 8836)
(200, 14, 13541)
(200, 116, 18548)
(200, 7, 2579)
(200, 111, 6452)
(200, 71, 20183)
(200, 63, 33494)
(200, 57, 33566)
(200, 163, 32363)
(200, 76, 29245)
(200, 156, 19739)
(200, 119, 4216)
(200, 121, 695)
(200, 153, 5410)
(200, 100, 25192)
(200, 39, 27828)
(200, 64, 5532)
(200, 107, 14992)
(201, 1, 851)
(201, 104, 5671)
(201, 188, 29093)
(201, 87, 9777)
(201, 128, 11942)
(201, 194, 26047)
(201, 86, 18598)
(201, 62, 25594)
(201, 91, 25641)
(201, 146, 15873)
(201, 140, 21473)
(201, 6, 7745)
(201, 118, 8031)
(201, 136, 31278)
(201, 76, 3610)
(201, 39, 15718)
(201, 46, 23989)
(201, 23, 12470)
(201, 101, 11019)
(201, 64, 26419)
(201, 130, 30320)
(201, 4, 29420)
(201, 17, 3483)
(201, 112, 12924)
(201, 150, 29342)
(201, 80, 12381)
(201, 0, 9646)
(201, 110, 24124)
(201, 48, 296)
(201, 191, 17298)
(201, 79, 21777)
(201, 145, 18983)
(201, 153, 25555)
(201, 196, 26712)
(201, 84, 13177)
(201, 29, 1433)
(201, 159, 24037)
(201, 53, 26913)
(201, 69, 19827)
(201, 152, 2729)
(201, 158, 31115)
(201, 94, 479)
(201, 189, 22907)
(201, 72, 23035)
(201, 120, 3349)
(201, 13, 4345)
(201, 166, 12842)
(201, 149, 5342)
(201, 186, 7627)
(201, 43, 27022)
(201, 93, 26199)
(201, 30, 26159)
(201, 161, 18107)
(201, 125, 25228)
(201, 172, 33500)
(202, 133, 17265)
(202, 12, 30526)
(202, 87, 31926)
(202, 39, 14240)
(202, 31, 31147)
(202, 16, 17268)
(202, 151, 26250)
(202, 192, 20933)
(202, 108, 14611)
(202, 43, 2712)
(202, 145, 14544)
(202, 5, 5870)
(202, 25, 2836)
(202, 26, 21505)
(202, 111, 30625)
(202, 160, 995)
(202, 82, 21784)
(202, 115, 33736)
(202, 126, 10887)
(202, 147, 1376)
(202, 155, 25303)
(202, 102, 1077)
(202, 65, 14744)
(202, 94, 20851)
(202, 61, 12264)
(202, 125, 33390)
(203, 74, 18390)
(203, 114, 11225)
(203, 20, 15803)
(203, 70, 19273)
(203, 9, 18163)
(203, 28, 17236)
(203, 44, 1413)
(203, 96, 16238)
(204, 96, 19811)
(204, 18, 29831)
(204, 195, 6119)
(204, 169, 9826)
(204, 95, 13486)
(204, 26, 22467)
(204, 150, 13605)
(204, 139, 14156)
(204, 34, 3409)
(204, 106, 9024)
(204, 66, 10071)
(204, 32, 15057)
(204, 35, 5088)
(204, 173, 28941)
(204, 174, 5093)
(204, 71, 4145)
(204, 63, 27914)
(204, 178, 29680)
(204, 74, 29052)
(204, 140, 31711)
(204, 111, 12762)
(204, 110, 30511)
(204, 46, 16800)
(204, 22, 3005)
(204, 199, 19790)
(204, 151, 26030)
(204, 82, 20799)
(204, 153, 21542)
(204, 70, 18930)
(204, 56, 3487)
(204, 124, 21688)
(204, 132, 15893)
(204, 194, 18529)
(204, 77, 18603)
(204, 116, 22024)
(204, 123, 7047)
(204, 27, 9631)
(204, 149, 13431)
(204, 98, 21188)
(204, 181, 6853)
(204, 188, 29174)
(204, 172, 11094)
(204, 175, 10514)
(204, 30, 6890)
(204, 117, 3024)
(204, 168, 18710)
(204, 94, 32652)
(204, 201, 3027)
(204, 179, 19378)
(204, 91, 2284)
(204, 120, 33592)
(204, 75, 29055)
(204, 148, 25550)
(204, 203, 32955)
(204, 127, 31140)
(204, 159, 18436)
(204, 165, 19706)
(204, 142, 33427)
(204, 189, 23049)
(204, 138, 12747)
(204, 155, 13245)
(204, 12, 33410)
(204, 85, 10680)
(204, 25, 10015)
(204, 193, 16450)
(204, 115, 24566)
(204, 192, 18651)
(204, 167, 22497)
(204, 164, 15392)
(204, 89, 9090)
(204, 136, 33017)
(204, 19, 18706)
(204, 129, 32298)
(204, 57, 26792)
(204, 36, 8608)
(204, 160, 16574)
(204, 58, 3323)
(204, 104, 24064)
(204, 28, 10301)
(204, 24, 20968)
(204, 118, 9565)
(204, 54, 20936)
(204, 180, 19914)
(204, 86, 16856)
(204, 11, 7535)
(204, 33, 27427)
(204, 6, 14588)
(204, 38, 959)
(204, 171, 22920)
(204, 2, 28944)
(204, 4, 33221)
(204, 93, 32529)
(204, 5, 17304)
(204, 103, 15891)
(204, 186, 8935)
(204, 79, 8575)
(204, 47, 2553)
(204, 130, 23993)
(204, 3, 5435)
(204, 113, 15967)
(204, 44, 3025)
(204, 48, 7982)
(204, 0, 13145)
(204, 101, 33288)
(204, 161, 10885)
(204, 187, 10619)
(204, 68, 21627)
(204, 88, 29900)
(204, 102, 32108)
(204, 122, 12016)
(204, 163, 9334)
(204, 21, 8573)
(204, 170, 15633)
(204, 141, 24703)
(204, 9, 29444)
(204, 177, 2354)
(204, 157, 31290)
(204, 176, 17581)
(204, 83, 29762)
(204, 52, 31943)
(204, 97, 17995)
(204, 166, 19987)
(204, 80, 2096)
(204, 45, 12400)
(204, 10, 12047)
(204, 81, 27177)
(204, 43, 19500)
(204, 105, 13412)
(204, 14, 16516)
(204, 119, 17999)
(204, 135, 12794)
(204, 15, 8756)
(204, 41, 27474)
(204, 37, 14824)
(204, 114, 23881)
(204, 40, 23765)
(204, 13, 2525)
(204, 51, 10723)
(204, 202, 9)
(204, 59, 7338)
(204, 55, 25982)
(204, 64, 29229)
(204, 17, 32786)
(204, 100, 6196)
(204, 144, 4907)
(204, 131, 13856)
(204, 200, 3272)
(204, 108, 9770)
(204, 143, 5320)
(204, 198, 22472)
(204, 67, 21856)
(204, 182, 12996)
(204, 184, 17046)
(204, 72, 25217)
(204, 121, 3516)
(204, 154, 27627)
(204, 196, 28948)
(204, 87, 2163)
(204, 162, 20044)
(204, 42, 2023)
(204, 197, 25777)
(204, 1, 2759)
(204, 146, 31997)
(204, 53, 9416)
(204, 99, 3620)
(204, 78, 11176)
(204, 50, 27633)
(204, 65, 21937)
(204, 92, 19411)
(204, 84, 18391)
(204, 191, 32544)
(204, 133, 30805)
(204, 8, 5062)
(204, 152, 2433)
(204, 31, 6941)
(204, 23, 10247)
(204, 147, 9073)
(204, 60, 1298)
(204, 185, 15011)
(204, 61, 11888)
(204, 20, 15383)
(204, 49, 31560)
(204, 158, 17640)
(204, 137, 22227)
(204, 73, 29083)
(204, 39, 19728)
(204, 125, 12922)
(204, 128, 29360)
(204, 190, 11360)
(204, 69, 28516)
(204, 145, 8576)
(204, 112, 19944)
(204, 76, 31923)
(204, 156, 21510)
(204, 16, 26427)
(204, 107, 27636)
(204, 7, 22462)
(204, 29, 14324)
(204, 90, 30407)
(204, 109, 33040)
(204, 134, 26273)
(205, 112, 26049)
(205, 136, 8578)
(205, 199, 9242)
(205, 12, 14436)
(205, 202, 11621)
(205, 122, 23123)
(205, 41, 11578)
(205, 151, 28269)
(205, 175, 373)
(205, 128, 4390)
(205, 180, 3268)
(205, 39, 17589)
(205, 55, 31554)
(205, 2, 12172)
(205, 132, 19047)
(205, 99, 28842)
(205, 123, 16457)
(205, 143, 2441)
(205, 126, 3934)
(205, 15, 6036)
(205, 11, 5286)
(205, 155, 11432)
(205, 145, 29225)
(205, 37, 33186)
(205, 169, 25235)
(205, 165, 6006)
(205, 31, 17054)
(205, 104, 18533)
(205, 56, 18740)
(205, 61, 23718)
(205, 150, 27468)
(205, 179, 6179)
(205, 198, 22518)
(205, 157, 11700)
(205, 193, 30189)
(205, 71, 5603)
(205, 5, 2169)
(205, 113, 536)
(205, 63, 6192)
(205, 186, 23907)
(205, 141, 26166)
(205, 67, 3874)
(205, 163, 33713)
(205, 149, 14020)
(205, 134, 26604)
(205, 184, 10578)
(205, 78, 21246)
(205, 116, 1410)
(205, 154, 6849)
(205, 47, 11112)
(205, 42, 4891)
(205, 81, 25906)
(205, 129, 886)
(205, 25, 1514)
(205, 188, 7382)
(205, 130, 33408)
(205, 195, 22078)
(205, 183, 19932)
(205, 19, 31725)
(205, 120, 2665)
(205, 172, 2963)
(205, 105, 25331)
(205, 97, 10329)
(205, 95, 1065)
(205, 44, 16910)
(205, 72, 26440)
(205, 40, 1277)
(205, 101, 24849)
(205, 46, 21496)
(205, 76, 33556)
(205, 164, 32736)
(205, 173, 10384)
(205, 8, 6216)
(205, 159, 16487)
(205, 174, 23891)
(205, 117, 27825)
(205, 80, 32991)
(205, 106, 24004)
(205, 27, 19627)
(205, 17, 11126)
(205, 62, 15897)
(205, 86, 5665)
(205, 68, 5647)
(205, 194, 1735)
(205, 161, 4392)
(205, 73, 6637)
(205, 53, 9868)
(205, 146, 24531)
(205, 59, 15106)
(205, 114, 15920)
(205, 9, 18660)
(205, 57, 10189)
(205, 115, 32370)
(205, 85, 3563)
(205, 204, 21899)
(205, 187, 5076)
(205, 153, 24540)
(205, 34, 8512)
(205, 96, 26995)
(205, 82, 10018)
(205, 181, 30433)
(205, 66, 14339)
(205, 176, 10292)
(205, 185, 19241)
(205, 103, 3719)
(205, 135, 22092)
(205, 147, 22983)
(205, 131, 32914)
(205, 118, 12038)
(205, 77, 14394)
(205, 192, 31548)
(205, 0, 28002)
(205, 18, 16111)
(205, 10, 27753)
(205, 60, 3646)
(205, 33, 21181)
(205, 65, 22571)
(205, 203, 5612)
(205, 48, 31827)
(205, 36, 11338)
(205, 91, 13909)
(205, 100, 25409)
(205, 54, 7845)
(205, 94, 26951)
(205, 52, 27484)
(205, 197, 32305)
(205, 64, 28926)
(205, 16, 26791)
(205, 74, 3803)
(205, 167, 16663)
(205, 127, 29415)
(205, 38, 27988)
(205, 133, 17435)
(205, 110, 11679)
(205, 32, 23503)
(205, 160, 1444)
(205, 124, 7001)
(205, 144, 19969)
(205, 20, 33115)
(205, 168, 16289)
(205, 26, 25880)
(205, 43, 6456)
(205, 79, 10711)
(205, 138, 7663)
(205, 137, 14912)
(205, 196, 19505)
(205, 107, 21025)
(205, 45, 1900)
(205, 121, 4301)
(205, 171, 18827)
(205, 93, 7936)
(205, 182, 27058)
(205, 162, 19194)
(205, 58, 33754)
(205, 98, 8265)
(205, 49, 3627)
(205, 84, 3437)
(205, 166, 19644)
(205, 1, 32878)
(205, 152, 25127)
(205, 92, 606)
(205, 14, 22996)
(205, 102, 24115)
(205, 119, 2416)
(205, 22, 14416)
(205, 139, 21696)
(205, 28, 6985)
(205, 111, 7478)
(205, 200, 4187)
(205, 3, 11034)
(205, 177, 15022)
(205, 83, 2446)
(205, 108, 24382)
(205, 13, 10520)
(205, 69, 5306)
(205, 201, 32909)
(205, 158, 27104)
(205, 190, 9721)
(205, 142, 6410)
(205, 6, 19797)
(205, 70, 2243)
(205, 156, 8185)
(205, 89, 12049)
(205, 170, 3850)
(205, 23, 31497)
(205, 30, 10915)
(205, 21, 19781)
(205, 88, 15727)
(205, 50, 21490)
(205, 191, 29564)
(205, 29, 19243)
(205, 24, 28884)
(205, 109, 3703)
(205, 189, 25894)
(205, 4, 20100)
(205, 75, 22369)
(205, 90, 17328)
(205, 7, 3995)
(205, 35, 8019)
(205, 87, 9015)
(205, 125, 31751)
(205, 51, 15895)
(205, 178, 10269)
(205, 140, 1043)
(205, 148, 2385)
(206, 9, 4953)
(206, 76, 12566)
(206, 188, 24338)
(206, 60, 28708)
(206, 71, 2722)
(206, 183, 22811)
(206, 177, 918)
(206, 158, 32242)
(206, 69, 27135)
(206, 91, 24433)
(206, 95, 19970)
(206, 86, 13992)
(206, 184, 6261)
(206, 129, 32204)
(206, 173, 31644)
(206, 93, 13967)
(206, 35, 23785)
(206, 44, 30074)
(206, 195, 6427)
(206, 80, 6515)
(206, 50, 9279)
(206, 191, 2063)
(206, 55, 24061)
(206, 1, 7836)
(206, 40, 25866)
(206, 48, 32552)
(206, 163, 23848)
(206, 18, 22741)
(206, 53, 12993)
(206, 81, 2388)
(206, 124, 27359)
(206, 202, 1724)
(206, 152, 22549)
(206, 179, 17605)
(206, 204, 7436)
(206, 134, 28124)
(206, 14, 18283)
(206, 87, 18840)
(206, 171, 3376)
(206, 63, 30902)
(206, 122, 18949)
(206, 174, 26411)
(206, 196, 3011)
(206, 142, 26739)
(206, 7, 6812)
(206, 166, 27820)
(206, 100, 7811)
(206, 30, 15539)
(206, 149, 8764)
(206, 73, 17783)
(206, 145, 13261)
(206, 8, 9913)
(206, 180, 13842)
(206, 41, 23500)
(206, 66, 16172)
(206, 0, 21449)
(206, 29, 25804)
(206, 199, 16009)
(206, 113, 452)
(206, 165, 3167)
(206, 151, 14057)
(206, 19, 16808)
(206, 67, 17103)
(206, 139, 14123)
(206, 127, 25726)
(206, 96, 27078)
(206, 33, 12308)
(206, 141, 24467)
(206, 148, 16355)
(206, 90, 18480)
(206, 192, 10695)
(206, 79, 30527)
(206, 70, 30991)
(206, 10, 26865)
(206, 106, 23188)
(206, 83, 9537)
(206, 25, 19364)
(206, 120, 7176)
(206, 57, 9359)
(206, 159, 15180)
(206, 105, 9920)
(206, 128, 3433)
(207, 141, 31486)
(207, 154, 18140)
(207, 105, 4395)
(207, 176, 6932)
(207, 106, 8557)
(207, 113, 33541)
(207, 143, 17453)
(207, 120, 10902)
(207, 110, 12036)
(207, 12, 11080)
(207, 121, 23541)
(207, 28, 12525)
(207, 86, 29322)
(207, 108, 1509)
(207, 11, 17779)
(207, 95, 33192)
(207, 17, 4553)
(207, 127, 21536)
(207, 47, 32689)
(207, 53, 6016)
(207, 173, 14975)
(207, 171, 33430)
(207, 190, 33527)
(207, 152, 18828)
(207, 58, 18235)
(207, 21, 17050)
(207, 133, 24053)
(207, 22, 27013)
(207, 20, 14053)
(207, 206, 30222)
(207, 19, 11278)
(207, 137, 16850)
(207, 131, 12324)
(207, 101, 27393)
(207, 41, 19089)
(207, 85, 8528)
(207, 157, 13610)
(207, 84, 26597)
(207, 204, 23272)
(207, 172, 552)
(207, 99, 18136)
(207, 16, 14861)
(207, 63, 12754)
(207, 6, 31566)
(207, 59, 17920)
(207, 69, 14081)
(207, 45, 26853)
(207, 175, 17876)
(207, 83, 14540)
(207, 29, 2577)
(207, 168, 17246)
(207, 162, 32239)
(207, 97, 6710)
(207, 94, 17006)
(207, 174, 18098)
(207, 197, 20184)
(207, 155, 12319)
(207, 37, 32705)
(207, 153, 13945)
(207, 199, 2352)
(207, 50, 28035)
(207, 8, 838)
(207, 192, 14990)
(207, 130, 11121)
(207, 31, 25745)
(207, 74, 55)
(207, 98, 21824)
(207, 187, 27201)
(207, 52, 21703)
(207, 196, 20155)
(207, 119, 33316)
(207, 72, 29586)
(207, 60, 17939)
(207, 2, 10381)
(207, 164, 30417)
(207, 186, 27261)
(207, 185, 26168)
(207, 18, 2591)
(207, 161, 10037)
(207, 107, 31710)
(207, 87, 28659)
(207, 70, 24544)
(207, 144, 1522)
(207, 91, 32103)
(207, 148, 31976)
(207, 96, 27724)
(207, 151, 16751)
(207, 147, 6356)
(207, 149, 5725)
(207, 38, 10703)
(207, 61, 13733)
(207, 40, 5399)
(207, 128, 15992)
(207, 73, 19933)
(207, 24, 21147)
(207, 159, 1860)
(207, 79, 17811)
(207, 145, 20802)
(207, 138, 31233)
(207, 112, 23578)
(207, 160, 20472)
(207, 66, 15880)
(207, 180, 933)
(207, 134, 29442)
(207, 114, 26571)
(207, 189, 9100)
(207, 77, 32030)
(207, 25, 8789)
(207, 78, 22211)
(207, 64, 22362)
(207, 166, 19288)
(207, 129, 23707)
(207, 179, 33300)
(207, 27, 8175)
(207, 65, 25669)
(207, 36, 33281)
(207, 33, 31849)
(207, 80, 6281)
(207, 167, 15308)
(207, 104, 33048)
(207, 205, 25280)
(207, 156, 5242)
(207, 7, 9539)
(207, 4, 2910)
(207, 100, 10226)
(207, 26, 20854)
(207, 34, 33619)
(207, 109, 27584)
(207, 170, 24556)
(207, 178, 21284)
(207, 92, 830)
(207, 35, 9524)
(207, 184, 6419)
(207, 56, 13887)
(207, 200, 2935)
(207, 44, 1403)
(207, 90, 13390)
(207, 194, 10973)
(207, 62, 1787)
(207, 89, 18782)
(207, 182, 8303)
(207, 82, 28963)
(207, 135, 3871)
(207, 146, 19590)
(207, 132, 27728)
(207, 42, 20891)
(207, 118, 33365)
(207, 57, 3109)
(207, 115, 13741)
(207, 125, 9178)
(207, 14, 62)
(207, 111, 11963)
(207, 32, 31517)
(207, 23, 8737)
(207, 46, 28390)
(207, 181, 28728)
(207, 10, 5720)
(207, 51, 17129)
(207, 116, 11269)
(207, 117, 23016)
(207, 188, 12803)
(207, 203, 2349)
(207, 15, 10083)
(207, 30, 10090)
(207, 13, 18777)
(207, 202, 20018)
(207, 54, 26893)
(207, 136, 10348)
(207, 165, 8193)
(207, 102, 12901)
(207, 158, 14238)
(207, 75, 12744)
(207, 191, 27504)
(207, 49, 18317)
(207, 88, 15393)
(207, 139, 12561)
(207, 0, 29263)
(207, 163, 21277)
(207, 126, 4940)
(207, 43, 6059)
(207, 3, 28470)
(207, 81, 1192)
(208, 107, 8838)
(208, 19, 22545)
(208, 128, 19314)
(208, 37, 9956)
(208, 124, 27873)
(208, 125, 33487)
(208, 149, 9755)
(208, 55, 33496)
(208, 16, 26645)
(208, 9, 19178)
(208, 74, 18769)
(208, 110, 5007)
(208, 58, 19019)
(208, 157, 10484)
(208, 26, 28241)
(208, 122, 24335)
(208, 63, 12872)
(209, 37, 10048)
(209, 53, 12505)
(209, 0, 12791)
(209, 193, 1113)
(209, 152, 6394)
(209, 6, 14751)
(209, 122, 22180)
(209, 22, 10407)
(209, 26, 9992)
(209, 17, 1130)
(209, 79, 459)
(209, 30, 13117)
(209, 85, 26415)
(209, 144, 24324)
(209, 190, 23389)
(209, 200, 28405)
(209, 205, 14969)
(209, 158, 3708)
(209, 168, 28782)
(209, 141, 628)
(209, 100, 25160)
(209, 72, 22487)
(209, 68, 9815)
(209, 191, 6111)
(209, 82, 2192)
(209, 60, 10675)
(209, 65, 1784)
(209, 64, 17707)
(209, 136, 6010)
(209, 24, 29039)
(209, 149, 6300)
(209, 47, 13483)
(209, 186, 23802)
(209, 162, 31089)
(209, 52, 32585)
(209, 131, 6400)
(209, 110, 29803)
(209, 112, 20835)
(209, 78, 30657)
(209, 16, 28158)
(209, 57, 25356)
(209, 13, 7602)
(209, 103, 4693)
(209, 146, 33210)
(209, 90, 27573)
(209, 175, 11183)
(209, 51, 1512)
(209, 196, 2150)
(209, 31, 15694)
(209, 33, 30653)
(209, 76, 7628)
(209, 199, 22897)
(209, 203, 3367)
(209, 32, 905)
(209, 84, 5948)
(209, 92, 12401)
(210, 60, 11897)
(210, 105, 29488)
(210, 160, 1859)
(210, 27, 746)
(210, 203, 20467)
(210, 39, 5077)
(210, 79, 8775)
(210, 59, 33279)
(210, 177, 22403)
(210, 122, 28098)
(210, 205, 21477)
(210, 100, 8331)
(210, 7, 2187)
(210, 22, 24796)
(210, 108, 21955)
(210, 20, 27117)
(210, 44, 14496)
(210, 56, 635)
(210, 42, 31854)
(210, 18, 28107)
(210, 78, 22003)
(210, 182, 7593)
(210, 208, 19023)
(210, 186, 24519)
(210, 94, 421)
(210, 194, 1557)
(210, 57, 19429)
(210, 34, 17075)
(210, 96, 25177)
(210, 141, 27887)
(210, 51, 10506)
(210, 111, 32928)
(210, 49, 20558)
(210, 163, 2387)
(210, 101, 2381)
(210, 195, 5699)
(210, 137, 22352)
(210, 169, 20039)
(210, 81, 18165)
(210, 149, 13100)
(210, 179, 30015)
(210, 140, 29466)
(210, 36, 15719)
(210, 91, 25779)
(210, 74, 31289)
(210, 112, 4986)
(210, 32, 29286)
(210, 0, 19489)
(210, 67, 19909)
(210, 209, 9170)
(210, 46, 26048)
(210, 8, 8994)
(210, 104, 21352)
(210, 147, 33002)
(210, 63, 18588)
(210, 75, 7342)
(210, 143, 12268)
(210, 181, 14430)
(210, 202, 30574)
(210, 187, 3116)
(210, 68, 10639)
(210, 116, 7448)
(210, 87, 2998)
(210, 24, 21357)
(210, 21, 20273)
(210, 88, 17903)
(210, 126, 2838)
(210, 69, 1840)
(210, 172, 18916)
(210, 28, 20815)
(210, 86, 32191)
(210, 106, 8238)
(210, 92, 4447)
(210, 29, 9326)
(210, 31, 4458)
(210, 124, 10187)
(210, 201, 5337)
(210, 14, 15331)
(210, 193, 20378)
(210, 40, 5183)
(210, 175, 3685)
(210, 184, 12828)
(211, 74, 25650)
(211, 142, 20406)
(211, 75, 1062)
(211, 163, 14434)
(211, 159, 28877)
(211, 157, 8599)
(211, 81, 30071)
(211, 31, 19866)
(211, 78, 13956)
(211, 108, 18218)
(211, 133, 8348)
(211, 203, 18993)
(211, 150, 6223)
(211, 111, 9392)
(211, 205, 2323)
(211, 198, 32751)
(211, 209, 30747)
(211, 35, 19391)
(211, 166, 28199)
(211, 129, 2951)
(211, 93, 31421)
(211, 121, 3512)
(211, 107, 22249)
(211, 117, 26399)
(211, 85, 29452)
(211, 60, 19960)
(211, 110, 31257)
(211, 165, 30769)
(211, 51, 20706)
(211, 38, 11728)
(211, 32, 14847)
(211, 183, 26620)
(211, 190, 12808)
(211, 80, 19729)
(211, 63, 23674)
(211, 57, 4261)
(211, 153, 23753)
(211, 37, 14219)
(211, 2, 13544)
(211, 162, 12358)
(211, 122, 12295)
(211, 34, 19962)
(211, 171, 13305)
(211, 73, 11775)
(211, 87, 9213)
(211, 36, 3504)
(211, 79, 30909)
(211, 18, 32602)
(211, 27, 11141)
(211, 161, 8612)
(211, 181, 18483)
(211, 192, 30807)
(211, 100, 17596)
(211, 29, 4323)
(211, 175, 25279)
(211, 167, 31425)
(211, 114, 21954)
(211, 191, 24592)
(211, 26, 27397)
(211, 21, 35)
(211, 39, 15899)
(211, 113, 25673)
(211, 49, 17553)
(211, 131, 13159)
(211, 172, 33662)
(211, 68, 20166)
(211, 112, 15124)
(211, 91, 11584)
(211, 55, 22374)
(211, 6, 19375)
(211, 154, 11468)
(211, 20, 9125)
(211, 103, 11808)
(211, 146, 20447)
(211, 42, 15216)
(211, 104, 5298)
(211, 11, 9836)
(211, 15, 3135)
(211, 71, 5419)
(211, 187, 26039)
(211, 164, 21030)
(211, 43, 29131)
(211, 22, 26920)
(211, 170, 17558)
(211, 3, 30795)
(211, 59, 25492)
(211, 52, 21576)
(211, 118, 2289)
(211, 17, 12702)
(211, 128, 24419)
(211, 25, 14085)
(211, 19, 17092)
(211, 189, 30980)
(211, 136, 17863)
(211, 127, 24966)
(211, 126, 1676)
(211, 132, 18402)
(211, 123, 5768)
(211, 185, 8360)
(211, 158, 25284)
(211, 66, 27839)
(211, 156, 28749)
(211, 109, 13846)
(211, 8, 5550)
(211, 197, 728)
(211, 65, 894)
(211, 7, 24109)
(211, 16, 25312)
(211, 160, 14205)
(211, 176, 15975)
(211, 134, 25218)
(211, 82, 17960)
(211, 84, 11740)
(211, 9, 17706)
(211, 64, 13734)
(211, 151, 18452)
(211, 54, 13161)
(211, 86, 15255)
(211, 124, 4125)
(211, 173, 8523)
(211, 155, 30611)
(211, 184, 33703)
(211, 179, 23982)
(211, 14, 13520)
(211, 77, 13395)
(211, 97, 1873)
(211, 46, 27943)
(211, 105, 8389)
(211, 70, 26992)
(211, 1, 12165)
(211, 5, 7488)
(211, 130, 31487)
(211, 10, 23106)
(211, 92, 21260)
(211, 207, 29456)
(211, 152, 18356)
(211, 98, 32553)
(211, 139, 33084)
(211, 13, 19115)
(211, 186, 27619)
(211, 58, 20873)
(211, 88, 15886)
(211, 12, 11594)
(211, 182, 22834)
(211, 99, 3919)
(211, 28, 8249)
(211, 50, 24690)
(211, 53, 11623)
(211, 145, 7913)
(211, 193, 17517)
(211, 44, 914)
(211, 0, 386)
(211, 40, 3581)
(211, 89, 24661)
(211, 180, 23833)
(211, 115, 2170)
(211, 102, 4810)
(211, 76, 2372)
(211, 56, 8124)
(211, 45, 31531)
(211, 138, 5559)
(211, 62, 31378)
(211, 67, 783)
(211, 200, 11037)
(211, 83, 10959)
(211, 61, 8633)
(211, 106, 32808)
(211, 195, 30854)
(211, 144, 29135)
(211, 4, 25685)
(211, 95, 2937)
(211, 140, 33218)
(211, 94, 29302)
(211, 206, 21941)
(211, 47, 23616)
(211, 188, 22199)
(211, 177, 13510)
(211, 174, 6288)
(211, 149, 20194)
(211, 137, 10683)
(211, 204, 19453)
(211, 48, 1211)
(211, 168, 12972)
(211, 210, 19229)
(211, 41, 29655)
(211, 90, 9070)
(211, 125, 5202)
(211, 147, 23871)
(211, 196, 22073)
(211, 30, 12938)
(211, 199, 29478)
(211, 143, 24596)
(212, 101, 18686)
(212, 175, 4448)
(212, 68, 22132)
(212, 165, 6474)
(212, 24, 21994)
(212, 173, 14099)
(212, 10, 4446)
(212, 193, 21959)
(212, 20, 24168)
(212, 13, 9657)
(212, 109, 1019)
(212, 16, 31702)
(212, 6, 25927)
(212, 163, 11259)
(212, 8, 14289)
(212, 81, 20589)
(212, 71, 1466)
(212, 153, 927)
(212, 99, 9648)
(212, 188, 10881)
(212, 3, 7756)
(212, 17, 23191)
(212, 119, 33191)
(212, 66, 24550)
(212, 74, 4180)
(212, 60, 30877)
(212, 39, 23631)
(212, 0, 23826)
(212, 50, 6977)
(212, 192, 911)
(212, 178, 10802)
(212, 144, 15476)
(212, 118, 15094)
(212, 89, 24461)
(212, 169, 12248)
(212, 69, 890)
(212, 148, 22949)
(212, 88, 720)
(212, 98, 29207)
(212, 176, 423)
(212, 116, 29925)
(212, 80, 28308)
(212, 41, 15624)
(212, 151, 9772)
(212, 199, 29913)
(212, 102, 14340)
(212, 73, 20312)
(212, 58, 29621)
(212, 76, 8085)
(212, 131, 7944)
(212, 162, 15869)
(212, 171, 24729)
(212, 166, 3755)
(212, 34, 12032)
(212, 49, 17135)
(212, 46, 18929)
(212, 85, 8981)
(212, 9, 15866)
(212, 23, 17788)
(212, 114, 5752)
(212, 186, 20557)
(212, 29, 19461)
(212, 67, 9957)
(212, 130, 8833)
(212, 7, 4906)
(212, 149, 22512)
(212, 113, 21501)
(212, 95, 5130)
(212, 78, 25158)
(212, 75, 22351)
(212, 94, 18673)
(212, 84, 14834)
(212, 56, 11391)
(212, 31, 11838)
(212, 205, 13330)
(212, 53, 30535)
(212, 164, 5773)
(212, 136, 15912)
(212, 37, 24198)
(212, 157, 27719)
(212, 42, 19777)
(212, 5, 307)
(212, 180, 6523)
(212, 120, 21171)
(212, 137, 21672)
(212, 54, 33343)
(212, 97, 7506)
(212, 202, 5438)
(212, 44, 9666)
(212, 134, 30640)
(212, 122, 21360)
(212, 57, 27056)
(212, 125, 24435)
(212, 210, 16649)
(212, 155, 8717)
(212, 33, 29108)
(212, 195, 29295)
(212, 12, 18051)
(212, 18, 17588)
(212, 187, 9814)
(212, 135, 3965)
(212, 79, 22804)
(212, 132, 25727)
(212, 145, 23853)
(212, 204, 4897)
(212, 156, 20524)
(212, 152, 14302)
(212, 200, 6296)
(212, 35, 520)
(212, 121, 21270)
(212, 22, 18905)
(212, 15, 33358)
(212, 1, 31697)
(212, 201, 23987)
(212, 143, 29323)
(212, 198, 25897)
(212, 32, 11039)
(212, 115, 21687)
(212, 25, 19118)
(212, 65, 15991)
(212, 111, 31468)
(212, 103, 19896)
(212, 38, 22515)
(212, 2, 5796)
(212, 86, 24034)
(212, 51, 20887)
(212, 208, 6369)
(212, 185, 16720)
(213, 19, 96)
(213, 42, 27009)
(213, 197, 7470)
(213, 105, 5896)
(213, 102, 24197)
(213, 208, 16189)
(213, 210, 8887)
(213, 137, 1042)
(213, 2, 9271)
(213, 204, 4407)
(213, 58, 5329)
(213, 135, 21345)
(213, 108, 5239)
(213, 167, 10307)
(213, 31, 23461)
(213, 188, 21758)
(213, 11, 5536)
(213, 121, 30652)
(213, 168, 5989)
(213, 39, 20287)
(213, 38, 30617)
(213, 116, 32569)
(213, 18, 15156)
(213, 146, 1366)
(213, 20, 32593)
(213, 124, 17792)
(213, 202, 22676)
(213, 118, 12306)
(213, 78, 5129)
(213, 180, 29054)
(213, 192, 10038)
(213, 73, 2687)
(213, 132, 6866)
(213, 206, 31399)
(213, 136, 20915)
(213, 143, 2984)
(213, 113, 21164)
(213, 56, 17832)
(213, 133, 3745)
(213, 117, 22144)
(213, 17, 33053)
(213, 207, 25857)
(213, 164, 23416)
(213, 92, 17980)
(213, 72, 31347)
(213, 62, 20394)
(213, 189, 32698)
(213, 10, 10589)
(213, 173, 1755)
(213, 75, 10665)
(213, 110, 16227)
(213, 158, 18822)
(213, 149, 30314)
(213, 63, 6889)
(213, 109, 1789)
(213, 200, 13565)
(213, 134, 21793)
(213, 181, 21979)
(213, 171, 22604)
(213, 144, 23702)
(213, 99, 13557)
(213, 29, 4969)
(213, 71, 8156)
(213, 47, 2977)
(213, 122, 6670)
(213, 13, 2986)
(213, 9, 2386)
(213, 195, 13005)
(213, 151, 18387)
(213, 190, 20389)
(213, 161, 5149)
(213, 77, 11973)
(213, 95, 5312)
(213, 212, 30307)
(213, 57, 23237)
(213, 80, 13011)
(213, 74, 3101)
(213, 68, 17889)
(213, 40, 4625)
(213, 162, 18119)
(213, 98, 22975)
(213, 139, 33484)
(213, 147, 12718)
(213, 44, 28346)
(213, 150, 14934)
(213, 41, 10709)
(213, 209, 19579)
(213, 169, 30649)
(213, 153, 32621)
(213, 184, 416)
(213, 70, 10429)
(213, 101, 7886)
(213, 0, 27647)
(213, 64, 5703)
(213, 23, 27212)
(213, 5, 20335)
(213, 3, 23133)
(213, 196, 11344)
(213, 52, 2425)
(213, 142, 32177)
(213, 138, 31085)
(213, 96, 2456)
(213, 59, 8470)
(213, 82, 16632)
(213, 85, 6557)
(213, 119, 28521)
(213, 141, 21350)
(213, 12, 4819)
(213, 94, 26608)
(214, 91, 9372)
(214, 6, 20223)
(214, 162, 28797)
(214, 84, 31375)
(214, 117, 16325)
(214, 186, 19015)
(214, 168, 20905)
(214, 4, 23288)
(214, 41, 12667)
(214, 53, 18674)
(214, 170, 16776)
(214, 50, 9107)
(214, 116, 26435)
(214, 184, 1578)
(214, 78, 32920)
(214, 169, 22728)
(214, 82, 4020)
(214, 49, 10521)
(214, 141, 12685)
(214, 62, 33571)
(214, 63, 5756)
(214, 195, 16666)
(214, 126, 2042)
(214, 96, 20901)
(214, 207, 499)
(214, 133, 27597)
(214, 37, 24763)
(214, 179, 7003)
(214, 127, 22222)
(214, 18, 30781)
(214, 114, 15448)
(214, 11, 33234)
(214, 191, 17023)
(214, 209, 12086)
(214, 107, 18496)
(214, 198, 17610)
(214, 1, 22895)
(214, 139, 31228)
(214, 150, 4373)
(214, 79, 10669)
(214, 52, 11932)
(214, 72, 31579)
(214, 75, 705)
(214, 148, 26811)
(214, 109, 1287)
(214, 28, 32088)
(214, 33, 12772)
(214, 12, 25081)
(214, 61, 6918)
(214, 67, 26336)
(214, 172, 12676)
(214, 93, 11495)
(214, 46, 12077)
(214, 131, 14927)
(214, 104, 20951)
(214, 51, 31842)
(214, 140, 25171)
(214, 143, 15090)
(214, 182, 29836)
(214, 192, 6163)
(214, 178, 13738)
(214, 17, 4946)
(214, 153, 16153)
(214, 174, 1703)
(214, 164, 22314)
(214, 145, 18742)
(214, 38, 782)
(214, 92, 29618)
(214, 97, 32513)
(214, 35, 3280)
(214, 213, 2777)
(214, 66, 12821)
(214, 27, 17083)
(214, 69, 23710)
(214, 47, 21024)
(214, 8, 17912)
(214, 5, 14367)
(214, 24, 20824)
(214, 95, 27025)
(214, 88, 21635)
(214, 171, 6461)
(214, 105, 11473)
(214, 106, 10265)
(214, 39, 22544)
(214, 29, 12814)
(214, 155, 4406)
(214, 98, 31812)
(214, 2, 5926)
(214, 45, 26293)
(214, 185, 18718)
(214, 197, 3455)
(214, 31, 17518)
(214, 113, 23397)
(214, 205, 27598)
(214, 167, 29237)
(214, 125, 27596)
(214, 204, 29212)
(214, 13, 15830)
(214, 137, 2404)
(214, 30, 17711)
(214, 43, 26068)
(214, 94, 22931)
(214, 180, 10646)
(214, 122, 17793)
(214, 112, 22338)
(214, 177, 31936)
(214, 154, 31626)
(214, 34, 28364)
(214, 134, 1503)
(214, 36, 11204)
(214, 89, 973)
(214, 7, 1893)
(214, 64, 2612)
(214, 196, 29861)
(214, 151, 3132)
(214, 15, 32650)
(214, 202, 23296)
(214, 120, 27841)
(214, 176, 29364)
(214, 123, 16444)
(214, 21, 27381)
(214, 212, 4546)
(214, 193, 5197)
(214, 159, 21231)
(214, 158, 5106)
(214, 194, 13888)
(214, 110, 16066)
(214, 183, 18471)
(214, 147, 17528)
(214, 90, 24709)
(214, 0, 26469)
(214, 23, 32387)
(214, 128, 21133)
(214, 189, 25526)
(214, 71, 384)
(214, 3, 23838)
(214, 65, 11087)
(214, 73, 17801)
(214, 16, 32797)
(214, 83, 7868)
(214, 20, 10605)
(214, 142, 15388)
(214, 74, 33716)
(214, 77, 25301)
(214, 210, 28471)
(214, 124, 30697)
(214, 157, 23502)
(214, 165, 15623)
(214, 118, 7524)
(214, 85, 1811)
(214, 99, 26037)
(214, 146, 26627)
(214, 57, 11358)
(214, 55, 24981)
(214, 121, 24330)
(214, 115, 3415)
(214, 40, 6862)
(214, 130, 2126)
(214, 32, 3865)
(214, 129, 26337)
(214, 208, 5456)
(214, 68, 29946)
(214, 100, 10059)
(214, 60, 5352)
(214, 76, 8160)
(214, 200, 637)
(214, 156, 31627)
(214, 138, 16867)
(214, 160, 13589)
(214, 81, 24578)
(214, 25, 29630)
(214, 135, 10494)
(214, 44, 28176)
(214, 48, 153)
(214, 54, 13563)
(214, 22, 4941)
(214, 181, 9948)
(214, 59, 1669)
(214, 80, 30903)
(214, 161, 16594)
(214, 87, 30564)
(214, 108, 31783)
(214, 132, 1045)
(214, 56, 9900)
(214, 163, 8711)
(214, 149, 15964)
(214, 173, 9144)
(214, 211, 5824)
(214, 199, 20943)
(214, 119, 1895)
(214, 86, 9185)
(215, 177, 17005)
(215, 72, 19126)
(215, 156, 16926)
(215, 5, 16525)
(215, 36, 3128)
(215, 64, 27605)
(215, 180, 20927)
(215, 38, 11898)
(215, 211, 1680)
(215, 42, 3196)
(215, 50, 9652)
(215, 176, 12515)
(215, 21, 1899)
(215, 123, 32887)
(215, 74, 21600)
(215, 175, 19853)
(215, 157, 19250)
(215, 81, 8715)
(215, 172, 31525)
(215, 39, 404)
(215, 44, 14121)
(215, 167, 16699)
(215, 193, 31281)
(215, 147, 24211)
(215, 52, 15227)
(215, 137, 30870)
(215, 30, 10866)
(215, 51, 2494)
(215, 168, 28015)
(215, 83, 8948)
(215, 108, 4874)
(215, 182, 13793)
(215, 155, 18705)
(215, 183, 29994)
(215, 76, 13810)
(215, 207, 26236)
(215, 148, 21716)
(215, 136, 15104)
(215, 34, 4114)
(215, 104, 13848)
(215, 111, 7644)
(215, 48, 23260)
(215, 9, 14757)
(215, 1, 18095)
(215, 143, 10935)
(215, 116, 24005)
(215, 26, 999)
(215, 192, 6117)
(215, 124, 5822)
(215, 191, 1415)
(215, 161, 14579)
(216, 128, 4725)
(216, 215, 21242)
(216, 177, 13176)
(216, 192, 15819)
(216, 84, 33)
(216, 77, 12756)
(216, 159, 28055)
(216, 160, 1561)
(216, 94, 4206)
(216, 12, 4483)
(216, 136, 7758)
(216, 155, 6354)
(216, 119, 33356)
(216, 135, 18126)
(216, 48, 22122)
(216, 10, 26593)
(216, 148, 4583)
(216, 185, 24159)
(216, 196, 8436)
(216, 9, 16644)
(216, 150, 6751)
(216, 140, 4369)
(216, 162, 18576)
(216, 208, 625)
(216, 184, 25811)
(216, 52, 11021)
(216, 190, 19930)
(216, 67, 28620)
(216, 60, 6816)
(216, 130, 15638)
(216, 66, 28016)
(216, 53, 21286)
(216, 176, 5914)
(216, 30, 27531)
(216, 151, 19154)
(216, 105, 27411)
(216, 158, 24370)
(216, 1, 13801)
(216, 193, 1227)
(216, 79, 5548)
(216, 181, 26879)
(216, 213, 17708)
(216, 175, 3329)
(216, 108, 17232)
(216, 186, 9580)
(216, 35, 144)
(216, 45, 2305)
(216, 103, 24001)
(216, 8, 18168)
(216, 167, 26332)
(216, 188, 2276)
(216, 114, 2987)
(216, 101, 4004)
(216, 195, 32908)
(216, 206, 29193)
(216, 161, 5614)
(216, 20, 27109)
(216, 50, 823)
(216, 122, 29853)
(216, 51, 30679)
(216, 59, 21804)
(216, 107, 11333)
(216, 38, 30827)
(216, 97, 15993)
(216, 81, 11469)
(216, 147, 10092)
(216, 31, 27587)
(216, 146, 30990)
(216, 207, 24175)
(216, 142, 14371)
(216, 154, 7348)
(216, 203, 31259)
(216, 22, 15825)
(216, 115, 5808)
(216, 118, 19657)
(216, 211, 7418)
(216, 143, 25990)
(216, 88, 4872)
(216, 43, 11386)
(216, 112, 27897)
(216, 91, 27758)
(216, 102, 13475)
(216, 69, 9596)
(216, 2, 26664)
(216, 23, 26367)
(216, 14, 19136)
(216, 201, 16448)
(216, 139, 14958)
(216, 86, 31933)
(216, 134, 30984)
(216, 54, 25293)
(216, 163, 3918)
(216, 61, 11666)
(216, 170, 30715)
(216, 116, 13173)
(216, 62, 21028)
(216, 15, 26489)
(216, 28, 13985)
(216, 26, 20999)
(216, 212, 18169)
(216, 89, 33630)
(216, 56, 17074)
(216, 111, 17476)
(216, 76, 28499)
(216, 198, 7415)
(216, 137, 25728)
(216, 29, 107)
(216, 47, 12914)
(216, 72, 15044)
(216, 152, 24429)
(216, 57, 12186)
(216, 194, 25560)
(216, 164, 6823)
(216, 99, 19205)
(216, 165, 8153)
(216, 172, 11792)
(216, 123, 29481)
(216, 37, 13293)
(216, 174, 24818)
(216, 124, 6966)
(216, 98, 32669)
(216, 96, 18143)
(216, 106, 9562)
(216, 132, 24421)
(216, 157, 8410)
(216, 90, 19711)
(216, 36, 8334)
(216, 64, 18489)
(216, 71, 29724)
(216, 49, 16748)
(216, 169, 10574)
(216, 100, 21084)
(216, 87, 30960)
(216, 210, 25964)
(216, 24, 21608)
(216, 58, 12795)
(216, 74, 16435)
(216, 4, 23854)
(216, 21, 194)
(216, 144, 14218)
(216, 5, 22292)
(216, 197, 1084)
(216, 205, 31562)
(216, 131, 31851)
(216, 166, 28710)
(216, 199, 6954)
(216, 75, 10080)
(216, 85, 27831)
(216, 82, 4262)
(216, 83, 6310)
(216, 120, 711)
(216, 129, 25951)
(216, 46, 22700)
(216, 126, 32194)
(216, 13, 16888)
(216, 0, 9672)
(216, 171, 19240)
(216, 173, 21725)
(216, 149, 16205)
(216, 33, 7704)
(216, 179, 17035)
(216, 6, 30219)
(216, 7, 4683)
(216, 18, 5925)
(216, 25, 26660)
(216, 127, 13257)
(216, 109, 11381)
(216, 168, 19630)
(216, 153, 16757)
(216, 117, 30894)
(216, 42, 3882)
(216, 113, 32271)
(216, 187, 20564)
(216, 19, 13618)
(216, 27, 30319)
(216, 182, 15428)
(216, 95, 17666)
(216, 138, 22945)
(216, 34, 6913)
(216, 16, 24315)
(216, 214, 3645)
(216, 133, 22026)
(216, 39, 29961)
(216, 80, 21298)
(216, 65, 14534)
(216, 156, 11882)
(216, 209, 13220)
(216, 104, 19477)
(216, 17, 448)
(216, 202, 16073)
(216, 191, 3886)
(216, 41, 26928)
(216, 40, 9865)
(216, 180, 3411)
(216, 73, 19780)
(216, 68, 31501)
(216, 44, 30193)
(216, 121, 16463)
(216, 11, 13234)
(216, 178, 23933)
(216, 78, 5545)
(216, 145, 9767)
(216, 204, 3658)
(216, 92, 26387)
(216, 3, 24)
(216, 183, 30662)
(216, 93, 2960)
(216, 110, 24416)
(217, 48, 15001)
(217, 52, 23483)
(217, 117, 7350)
(217, 64, 29429)
(217, 46, 5112)
(217, 128, 31075)
(217, 57, 3560)
(217, 214, 9798)
(217, 47, 32806)
(217, 40, 8284)
(217, 104, 14505)
(217, 68, 32414)
(217, 176, 15358)
(217, 169, 12354)
(217, 153, 14514)
(217, 11, 16337)
(217, 18, 18755)
(217, 45, 9293)
(217, 29, 30698)
(217, 20, 19857)
(217, 147, 29515)
(217, 60, 25522)
(217, 170, 19759)
(217, 210, 1715)
(217, 125, 3612)
(217, 112, 11149)
(217, 152, 2468)
(217, 129, 19976)
(217, 58, 6887)
(217, 99, 32691)
(217, 16, 11848)
(217, 131, 14718)
(217, 146, 31873)
(217, 190, 620)
(217, 95, 33551)
(217, 144, 22682)
(217, 44, 14216)
(217, 177, 22286)
(217, 37, 12288)
(217, 82, 16433)
(217, 61, 1028)
(217, 162, 31019)
(217, 215, 30597)
(217, 188, 13015)
(217, 178, 15083)
(217, 3, 30478)
(217, 32, 15177)
(217, 28, 1220)
(217, 4, 32762)
(217, 172, 29971)
(217, 92, 5862)
(217, 1, 29668)
(217, 213, 13449)
(217, 42, 6477)
(217, 134, 6731)
(217, 206, 9821)
(217, 121, 3242)
(217, 83, 26246)
(217, 65, 13477)
(217, 184, 33216)
(217, 90, 22710)
(217, 49, 20888)
(217, 183, 9339)
(217, 107, 10217)
(217, 175, 10657)
(217, 126, 27240)
(217, 86, 16567)
(217, 12, 23594)
(217, 22, 24762)
(217, 201, 4766)
(217, 163, 33749)
(217, 6, 26504)
(217, 54, 460)
(217, 211, 2912)
(217, 111, 7256)
(217, 136, 24864)
(217, 106, 19509)
(217, 98, 25586)
(217, 150, 27489)
(217, 15, 7284)
(217, 135, 10163)
(217, 94, 29195)
(217, 67, 27254)
(217, 171, 26672)
(217, 168, 33032)
(217, 151, 2123)
(217, 23, 27564)
(217, 13, 24280)
(217, 161, 723)
(217, 0, 9555)
(217, 51, 3389)
(217, 156, 11730)
(217, 8, 18908)
(217, 180, 24396)
(217, 122, 5357)
(217, 174, 12213)
(217, 197, 1753)
(217, 72, 3248)
(217, 2, 14327)
(217, 133, 28596)
(217, 109, 1299)
(217, 195, 29837)
(217, 139, 19772)
(217, 80, 32119)
(217, 166, 16732)
(217, 216, 28019)
(217, 103, 21971)
(217, 207, 17777)
(217, 209, 13386)
(217, 182, 13095)
(217, 21, 12966)
(217, 113, 3707)
(217, 31, 20990)
(217, 164, 8325)
(217, 110, 24463)
(217, 24, 7725)
(217, 25, 24228)
(217, 5, 30142)
(217, 157, 2029)
(217, 63, 33367)
(217, 145, 832)
(217, 85, 2093)
(217, 74, 10582)
(217, 159, 30151)
(217, 193, 1554)
(217, 43, 4525)
(217, 208, 12095)
(217, 75, 15239)
(217, 165, 2402)
(217, 73, 29498)
(217, 198, 13982)
(217, 160, 6208)
(217, 149, 28368)
(217, 88, 17786)
(217, 9, 5133)
(217, 123, 22735)
(217, 14, 17099)
(217, 181, 5087)
(217, 124, 27127)
(217, 179, 25698)
(217, 79, 17414)
(217, 185, 19603)
(217, 53, 30155)
(217, 204, 19102)
(217, 26, 5353)
(217, 33, 2203)
(217, 158, 30540)
(217, 196, 198)
(217, 138, 27794)
(217, 167, 32633)
(217, 39, 8223)
(217, 81, 32474)
(217, 200, 10438)
(217, 203, 25025)
(217, 148, 16823)
(217, 7, 12242)
(217, 66, 16493)
(217, 212, 2214)
(217, 141, 5812)
(217, 132, 12502)
(217, 27, 16245)
(217, 71, 807)
(217, 34, 9710)
(217, 116, 22551)
(217, 127, 33324)
(217, 115, 32681)
(217, 69, 16223)
(217, 89, 13319)
(217, 17, 12708)
(217, 120, 25256)
(217, 41, 28621)
(217, 87, 12930)
(217, 202, 1255)
(217, 10, 32804)
(217, 205, 18162)
(217, 35, 4902)
(218, 67, 19734)
(218, 189, 19618)
(218, 18, 24383)
(218, 75, 13153)
(218, 167, 28118)
(218, 6, 27386)
(218, 27, 25215)
(218, 58, 16113)
(218, 30, 1572)
(218, 200, 8932)
(218, 140, 21377)
(218, 70, 16002)
(218, 215, 20853)
(218, 99, 32587)
(218, 199, 32896)
(218, 9, 4183)
(219, 81, 24277)
(219, 106, 9547)
(219, 115, 18170)
(219, 160, 26955)
(219, 141, 20174)
(219, 205, 17026)
(219, 67, 8687)
(219, 144, 27270)
(219, 162, 5235)
(219, 206, 11459)
(219, 135, 19967)
(219, 25, 2762)
(219, 23, 31176)
(219, 99, 9658)
(219, 202, 30440)
(219, 203, 4528)
(219, 44, 11549)
(219, 193, 2807)
(219, 78, 3021)
(219, 134, 12218)
(219, 61, 2814)
(219, 216, 9847)
(219, 5, 13751)
(219, 133, 1180)
(219, 10, 27483)
(219, 40, 20847)
(219, 26, 14976)
(219, 94, 7717)
(219, 130, 21624)
(219, 174, 16705)
(219, 125, 24424)
(219, 105, 6478)
(219, 65, 29919)
(219, 17, 16294)
(219, 167, 8441)
(219, 39, 9169)
(219, 19, 12387)
(219, 198, 4982)
(219, 194, 16860)
(219, 112, 6787)
(219, 79, 12263)
(219, 50, 13034)
(219, 9, 32409)
(219, 212, 3454)
(219, 15, 6981)
(219, 131, 3246)
(219, 1, 24104)
(219, 182, 6308)
(219, 122, 32845)
(219, 113, 24730)
(219, 109, 7527)
(219, 21, 15137)
(219, 56, 27457)
(219, 22, 1973)
(219, 124, 28424)
(219, 155, 11461)
(219, 153, 24288)
(219, 154, 14157)
(219, 101, 5095)
(219, 186, 33351)
(219, 104, 23973)
(219, 68, 16737)
(219, 177, 2911)
(219, 46, 13944)
(219, 53, 2521)
(220, 207, 5193)
(220, 33, 28994)
(220, 129, 11867)
(220, 156, 1406)
(220, 67, 3903)
(220, 65, 33770)
(220, 10, 4472)
(220, 37, 30660)
(220, 161, 6510)
(220, 206, 20293)
(220, 144, 7492)
(220, 54, 15610)
(220, 168, 16514)
(220, 79, 24584)
(220, 173, 9811)
(220, 196, 4327)
(220, 92, 2089)
(220, 115, 3404)
(220, 40, 7203)
(220, 203, 32949)
(220, 189, 8041)
(220, 2, 20641)
(220, 136, 23624)
(220, 48, 18226)
(220, 218, 30100)
(220, 66, 10687)
(220, 205, 2011)
(220, 214, 28518)
(220, 193, 14986)
(220, 58, 21481)
(220, 109, 6528)
(220, 69, 12226)
(220, 210, 23550)
(220, 63, 11346)
(220, 212, 21883)
(220, 191, 23902)
(220, 145, 26459)
(220, 199, 12979)
(220, 150, 20600)
(220, 183, 29282)
(220, 164, 6758)
(220, 122, 24195)
(220, 202, 16074)
(220, 116, 26781)
(220, 147, 21044)
(220, 108, 29426)
(220, 47, 28571)
(220, 87, 20047)
(220, 209, 3532)
(220, 181, 540)
(220, 41, 22767)
(220, 120, 17180)
(220, 16, 9650)
(220, 100, 12336)
(220, 137, 22134)
(220, 62, 22973)
(220, 0, 8968)
(220, 155, 30031)
(220, 57, 16378)
(220, 146, 21452)
(220, 141, 4699)
(220, 75, 17307)
(220, 97, 32801)
(220, 172, 13748)
(220, 148, 28344)
(220, 34, 3170)
(220, 114, 7769)
(220, 68, 31241)
(220, 25, 8671)
(220, 3, 12802)
(220, 6, 10821)
(220, 50, 20458)
(220, 134, 14097)
(220, 80, 11796)
(220, 8, 4325)
(220, 195, 6591)
(220, 151, 25059)
(220, 163, 31304)
(220, 84, 29076)
(220, 140, 9598)
(220, 159, 565)
(220, 42, 31133)
(220, 201, 599)
(220, 211, 8313)
(220, 187, 4782)
(220, 130, 19716)
(220, 197, 3969)
(220, 103, 27034)
(220, 217, 16466)
(220, 125, 20006)
(220, 76, 15212)
(220, 23, 30430)
(220, 82, 28235)
(220, 52, 21007)
(220, 55, 18383)
(220, 61, 21825)
(220, 17, 5840)
(220, 182, 2660)
(220, 93, 3963)
(220, 30, 1152)
(220, 117, 26984)
(220, 208, 28074)
(220, 46, 32615)
(220, 39, 12199)
(220, 107, 33495)
(220, 175, 7312)
(220, 91, 13713)
(220, 133, 569)
(220, 27, 16080)
(220, 71, 30097)
(220, 111, 12877)
(220, 70, 19884)
(220, 83, 31170)
(220, 32, 649)
(220, 31, 7440)
(220, 215, 10899)
(220, 36, 14024)
(220, 104, 31617)
(220, 98, 15688)
(220, 86, 9643)
(220, 19, 6805)
(220, 78, 28128)
(220, 105, 29259)
(220, 124, 6481)
(220, 28, 31318)
(220, 184, 8126)
(220, 5, 1890)
(220, 85, 24773)
(220, 186, 9907)
(220, 60, 19745)
(220, 95, 32268)
(220, 12, 20958)
(220, 49, 8102)
(220, 138, 21268)
(220, 24, 13943)
(220, 153, 29350)
(220, 101, 10000)
(220, 106, 7218)
(220, 200, 26018)
(220, 119, 15952)
(220, 190, 30860)
(220, 14, 10588)
(220, 171, 19323)
(220, 157, 20219)
(220, 121, 28991)
(220, 1, 4745)
(220, 35, 24093)
(220, 139, 30979)
(220, 59, 14998)
(220, 15, 6222)
(220, 73, 27656)
(220, 11, 28572)
(220, 94, 1851)
(220, 74, 29305)
(220, 7, 18114)
(220, 216, 9529)
(220, 167, 1110)
(220, 213, 11892)
(220, 13, 18458)
(220, 53, 28600)
(220, 99, 20776)
(220, 188, 31222)
(220, 18, 6210)
(220, 45, 178)
(220, 192, 598)
(220, 26, 17393)
(220, 166, 33664)
(220, 194, 447)
(220, 88, 28485)
(220, 128, 688)
(220, 90, 20749)
(220, 77, 23706)
(220, 142, 24059)
(220, 162, 16403)
(220, 174, 3930)
(220, 4, 18187)
(220, 9, 9569)
(220, 126, 29166)
(220, 132, 27304)
(220, 64, 12204)
(220, 20, 28416)
(220, 131, 6568)
(220, 56, 13017)
(220, 149, 15434)
(220, 154, 25079)
(220, 198, 24112)
(220, 38, 2869)
(220, 176, 24289)
(220, 118, 23677)
(220, 29, 7885)
(220, 21, 32159)
(220, 179, 22865)
(220, 152, 19775)
(221, 183, 23695)
(221, 80, 13687)
(221, 59, 29031)
(221, 53, 17353)
(221, 170, 12252)
(221, 173, 15018)
(221, 218, 10672)
(221, 181, 7267)
(221, 70, 17809)
(221, 200, 21038)
(221, 83, 27210)
(221, 166, 16687)
(221, 4, 17717)
(221, 168, 26212)
(221, 103, 31955)
(221, 15, 24756)
(221, 23, 22233)
(221, 162, 15045)
(221, 88, 30123)
(221, 69, 4289)
(221, 66, 14010)
(221, 156, 13307)
(221, 13, 1944)
(221, 115, 25375)
(221, 129, 29151)
(221, 104, 3812)
(221, 10, 28216)
(221, 215, 161)
(222, 5, 16082)
(222, 174, 17768)
(222, 217, 28295)
(222, 108, 21952)
(222, 176, 5563)
(222, 190, 9453)
(222, 38, 5285)
(222, 141, 13434)
(222, 121, 27478)
(222, 181, 28456)
(222, 164, 11925)
(222, 90, 20457)
(222, 198, 22325)
(222, 117, 24208)
(222, 4, 13892)
(222, 161, 32211)
(222, 39, 33774)
(222, 98, 26668)
(222, 12, 21176)
(222, 89, 10446)
(222, 73, 22737)
(222, 24, 31321)
(222, 129, 7475)
(222, 210, 4772)
(222, 16, 18924)
(222, 159, 14467)
(222, 65, 2268)
(222, 80, 9671)
(222, 53, 319)
(222, 72, 29412)
(222, 50, 30479)
(222, 59, 27213)
(222, 146, 7537)
(222, 45, 33557)
(222, 213, 19906)
(222, 172, 5932)
(222, 27, 11520)
(222, 208, 31498)
(222, 182, 14853)
(222, 191, 15438)
(222, 160, 27801)
(222, 163, 11812)
(222, 60, 22476)
(222, 171, 21535)
(222, 120, 19677)
(222, 9, 23068)
(222, 111, 26443)
(222, 110, 24853)
(222, 136, 13686)
(222, 48, 17932)
(222, 35, 8960)
(222, 119, 9314)
(222, 78, 9788)
(222, 101, 12340)
(222, 56, 29262)
(222, 135, 21664)
(222, 209, 26715)
(222, 139, 21999)
(222, 115, 2517)
(222, 183, 29330)
(222, 125, 23561)
(222, 95, 22635)
(222, 77, 10175)
(222, 166, 26291)
(222, 147, 23963)
(222, 116, 27692)
(222, 126, 6303)
(222, 203, 4780)
(222, 87, 23089)
(222, 36, 12943)
(222, 6, 21641)
(222, 189, 990)
(222, 66, 18246)
(222, 145, 5513)
(222, 10, 29541)
(222, 32, 30101)
(222, 86, 2060)
(222, 158, 15454)
(222, 202, 9922)
(222, 31, 23689)
(222, 179, 9099)
(222, 84, 19072)
(222, 0, 15099)
(222, 168, 17571)
(222, 19, 25118)
(222, 34, 17143)
(222, 23, 23051)
(222, 26, 27168)
(222, 20, 9714)
(222, 62, 26471)
(222, 130, 13389)
(222, 157, 3586)
(222, 196, 30740)
(222, 138, 25391)
(222, 134, 6089)
(222, 207, 20213)
(222, 200, 4785)
(222, 30, 30591)
(222, 112, 13324)
(222, 8, 23855)
(222, 42, 28327)
(223, 76, 23192)
(223, 186, 28523)
(223, 73, 3397)
(223, 2, 27738)
(223, 71, 14144)
(223, 88, 18525)
(223, 212, 10306)
(223, 184, 10746)
(223, 127, 19352)
(223, 222, 4062)
(223, 146, 15372)
(223, 170, 23704)
(223, 25, 7276)
(223, 10, 17630)
(223, 54, 2062)
(223, 209, 14147)
(223, 92, 31095)
(223, 201, 10003)
(223, 35, 4150)
(223, 160, 11859)
(223, 182, 3286)
(223, 216, 21976)
(223, 198, 17741)
(223, 16, 9781)
(223, 200, 14695)
(223, 165, 4489)
(223, 38, 32326)
(223, 59, 24927)
(223, 106, 29597)
(223, 168, 3435)
(223, 178, 17155)
(223, 199, 17556)
(223, 203, 28460)
(223, 196, 32136)
(223, 72, 31512)
(223, 77, 1222)
(223, 19, 29351)
(224, 167, 31755)
(224, 47, 29909)
(224, 22, 192)
(224, 96, 951)
(224, 143, 32943)
(224, 222, 1480)
(224, 65, 15348)
(224, 12, 17998)
(224, 203, 267)
(224, 17, 16361)
(224, 105, 5311)
(224, 163, 19704)
(224, 202, 26788)
(224, 129, 22564)
(224, 1, 14781)
(224, 29, 24801)
(224, 125, 31009)
(224, 197, 25718)
(224, 160, 19698)
(224, 63, 24507)
(224, 142, 27169)
(224, 214, 9738)
(224, 85, 6596)
(224, 171, 4593)
(224, 23, 12580)
(224, 38, 3062)
(224, 127, 4892)
(224, 98, 26441)
(224, 211, 18643)
(224, 186, 25336)
(224, 104, 12888)
(224, 67, 8866)
(224, 46, 11779)
(224, 183, 11484)
(224, 217, 13249)
(224, 30, 12816)
(224, 35, 5694)
(224, 166, 23375)
(224, 196, 20067)
(224, 153, 19258)
(224, 198, 9395)
(224, 87, 5188)
(224, 107, 6000)
(224, 194, 16306)
(224, 56, 1244)
(224, 97, 24073)
(224, 61, 24043)
(224, 140, 12686)
(224, 111, 11422)
(224, 6, 31106)
(224, 91, 1101)
(224, 39, 10839)
(224, 199, 8204)
(224, 147, 31129)
(224, 8, 24975)
(224, 205, 11042)
(224, 192, 30416)
(224, 177, 28669)
(224, 157, 27701)
(224, 193, 25612)
(224, 36, 10082)
(224, 48, 20702)
(224, 181, 6451)
(224, 73, 8014)
(224, 41, 21769)
(224, 208, 13966)
(224, 108, 30263)
(224, 114, 7282)
(224, 152, 31863)
(224, 120, 26122)
(224, 64, 16251)
(224, 139, 11277)
(224, 21, 9132)
(224, 213, 5391)
(224, 149, 32048)
(224, 128, 22135)
(224, 62, 41)
(224, 54, 16974)
(224, 94, 8665)
(224, 83, 24707)
(224, 110, 19843)
(224, 25, 11512)
(224, 71, 24484)
(224, 150, 18979)
(224, 190, 2684)
(224, 178, 3847)
(224, 82, 21875)
(224, 112, 15641)
(224, 92, 23529)
(224, 45, 7101)
(224, 51, 12526)
(224, 138, 20208)
(224, 14, 28513)
(224, 10, 15660)
(224, 169, 7800)
(224, 68, 18550)
(224, 55, 7241)
(224, 40, 21852)
(224, 81, 11289)
(224, 77, 5706)
(224, 43, 6711)
(224, 109, 19003)
(224, 13, 25439)
(224, 189, 11323)
(224, 33, 22674)
(224, 135, 7259)
(224, 79, 9190)
(224, 70, 15918)
(224, 132, 9212)
(224, 52, 8246)
(224, 27, 17437)
(224, 0, 20172)
(224, 75, 17170)
(224, 195, 30659)
(224, 44, 25591)
(224, 187, 30054)
(224, 3, 15561)
(224, 60, 29049)
(224, 148, 2523)
(224, 191, 10487)
(224, 200, 24769)
(224, 11, 730)
(224, 155, 31884)
(224, 223, 30996)
(224, 31, 31550)
(224, 20, 2955)
(224, 66, 8679)
(224, 19, 17118)
(224, 218, 26586)
(224, 102, 20255)
(224, 161, 20340)
(224, 99, 10950)
(224, 170, 8531)
(224, 136, 3114)
(224, 76, 10259)
(224, 9, 7319)
(224, 146, 25064)
(224, 95, 3776)
(224, 26, 20128)
(224, 59, 3611)
(224, 134, 3900)
(224, 5, 19536)
(224, 130, 8366)
(224, 69, 91)
(224, 90, 20271)
(225, 65, 2504)
(225, 78, 12405)
(225, 28, 10011)
(225, 160, 25063)
(225, 128, 28870)
(225, 24, 4679)
(226, 104, 30749)
(226, 15, 8708)
(226, 184, 9380)
(226, 82, 13578)
(226, 145, 20632)
(226, 12, 23238)
(226, 219, 7404)
(226, 130, 14335)
(226, 158, 21483)
(226, 54, 26550)
(226, 32, 31737)
(226, 188, 22213)
(226, 84, 29365)
(226, 38, 25845)
(226, 55, 8973)
(226, 10, 33338)
(226, 211, 128)
(226, 37, 5510)
(226, 11, 11624)
(226, 7, 24268)
(226, 194, 14357)
(226, 159, 8630)
(226, 174, 6770)
(226, 223, 30637)
(226, 88, 33672)
(226, 210, 11449)
(226, 154, 4547)
(226, 136, 1714)
(226, 212, 4260)
(226, 196, 30180)
(226, 46, 4398)
(226, 51, 8560)
(226, 144, 1463)
(226, 214, 3253)
(226, 65, 12839)
(226, 97, 5623)
(226, 216, 15599)
(226, 83, 10956)
(226, 43, 11938)
(226, 134, 19604)
(226, 31, 24321)
(226, 66, 30814)
(226, 3, 1378)
(226, 111, 16296)
(226, 189, 8900)
(226, 161, 8965)
(226, 45, 31180)
(226, 49, 8640)
(226, 39, 10738)
(226, 169, 30645)
(226, 60, 12446)
(226, 205, 5439)
(226, 77, 22336)
(226, 135, 2332)
(226, 71, 26716)
(226, 13, 32756)
(226, 119, 33636)
(226, 90, 7713)
(226, 221, 13553)
(226, 132, 31553)
(226, 141, 27641)
(226, 42, 5912)
(226, 85, 4813)
(226, 120, 24577)
(226, 57, 29141)
(226, 209, 10114)
(226, 92, 18778)
(226, 197, 7956)
(226, 126, 31143)
(226, 207, 8777)
(226, 150, 17182)
(226, 4, 31794)
(226, 107, 20381)
(226, 94, 28010)
(226, 26, 1681)
(226, 178, 9931)
(226, 129, 25690)
(226, 69, 23360)
(226, 187, 14433)
(226, 176, 3729)
(226, 167, 29683)
(226, 122, 1270)
(226, 74, 2443)
(226, 78, 28081)
(226, 201, 10694)
(226, 81, 29107)
(226, 224, 7945)
(226, 123, 13115)
(226, 118, 18894)
(226, 0, 6068)
(226, 139, 28848)
(226, 173, 15296)
(226, 22, 23437)
(226, 1, 22375)
(226, 195, 13165)
(226, 117, 27706)
(226, 213, 24631)
(226, 165, 26374)
(226, 155, 9822)
(226, 182, 15121)
(226, 27, 33121)
(226, 125, 15812)
(226, 8, 29363)
(226, 30, 12239)
(226, 18, 8710)
(226, 9, 15186)
(226, 5, 4077)
(226, 124, 14043)
(226, 191, 983)
(226, 204, 10337)
(226, 24, 7130)
(226, 116, 9762)
(226, 41, 23657)
(226, 193, 24736)
(226, 166, 25545)
(226, 19, 28755)
(226, 28, 15943)
(226, 17, 32773)
(226, 53, 27499)
(226, 170, 28367)
(226, 23, 17909)
(226, 148, 3800)
(226, 220, 29794)
(226, 2, 12723)
(226, 80, 3310)
(226, 58, 6815)
(226, 20, 24669)
(226, 87, 24717)
(226, 146, 11065)
(226, 133, 31416)
(226, 222, 10340)
(226, 96, 12051)
(226, 186, 4399)
(226, 47, 8927)
(226, 16, 29870)
(226, 52, 2117)
(226, 190, 4999)
(226, 152, 7874)
(226, 98, 8406)
(226, 105, 26572)
(226, 164, 1142)
(226, 99, 8454)
(226, 21, 1379)
(226, 86, 29700)
(226, 70, 17466)
(226, 179, 15516)
(226, 95, 6387)
(226, 102, 29974)
(226, 34, 4734)
(226, 225, 2806)
(226, 198, 24079)
(226, 160, 32226)
(226, 185, 32481)
(226, 40, 11314)
(226, 73, 2226)
(226, 157, 10784)
(226, 200, 16014)
(226, 100, 19506)
(226, 172, 31130)
(226, 127, 18612)
(226, 33, 3827)
(226, 140, 16734)
(226, 156, 7742)
(226, 68, 14649)
(226, 215, 14909)
(226, 217, 25077)
(226, 171, 21515)
(226, 72, 24258)
(226, 206, 28293)
(226, 93, 15749)
(226, 177, 5702)
(226, 180, 24162)
(226, 202, 11103)
(226, 168, 31576)
(226, 131, 29017)
(226, 199, 16914)
(226, 181, 16821)
(226, 112, 9264)
(226, 151, 33435)
(226, 208, 6393)
(226, 29, 6609)
(226, 63, 27277)
(226, 36, 15837)
(226, 76, 8431)
(226, 137, 18455)
(226, 163, 20565)
(226, 61, 22688)
(226, 218, 17277)
(226, 153, 8984)
(226, 183, 18260)
(226, 79, 25646)
(226, 50, 10493)
(226, 67, 33301)
(226, 113, 5369)
(226, 149, 31096)
(226, 89, 7785)
(226, 75, 2821)
(226, 59, 8885)
(226, 128, 3004)
(226, 44, 28413)
(226, 91, 28171)
(227, 160, 32018)
(227, 109, 25605)
(227, 17, 26518)
(227, 138, 16940)
(227, 29, 31718)
(227, 205, 10414)
(227, 196, 25189)
(227, 190, 4943)
(227, 130, 26009)
(227, 124, 32536)
(227, 199, 6273)
(227, 176, 16678)
(227, 182, 645)
(227, 191, 17564)
(227, 12, 11704)
(227, 93, 26262)
(227, 185, 9204)
(227, 125, 17058)
(227, 3, 27466)
(227, 114, 32379)
(227, 127, 27538)
(227, 171, 18203)
(227, 11, 26148)
(227, 55, 30963)
(227, 222, 612)
(227, 194, 13934)
(227, 81, 15310)
(227, 116, 32665)
(227, 141, 28226)
(227, 157, 29716)
(227, 34, 25220)
(227, 156, 15315)
(227, 183, 15280)
(227, 52, 30453)
(227, 1, 32628)
(227, 193, 4790)
(227, 40, 15908)
(227, 78, 18554)
(227, 80, 9227)
(227, 43, 3237)
(227, 20, 7767)
(227, 203, 31694)
(227, 62, 30423)
(227, 6, 28239)
(227, 87, 32524)
(227, 197, 11851)
(227, 145, 25751)
(227, 100, 5152)
(227, 216, 21329)
(227, 66, 13123)
(227, 44, 9414)
(227, 47, 7222)
(227, 79, 30756)
(227, 180, 29468)
(227, 85, 22384)
(227, 86, 30950)
(227, 74, 5069)
(227, 4, 29723)
(227, 128, 1215)
(227, 213, 25801)
(227, 72, 14721)
(227, 67, 33340)
(227, 112, 1684)
(227, 19, 28630)
(227, 202, 15713)
(227, 60, 21717)
(227, 95, 28814)
(227, 35, 18526)
(227, 94, 20983)
(227, 31, 17780)
(227, 167, 8863)
(227, 120, 27228)
(227, 140, 30976)
(227, 106, 23261)
(227, 58, 24436)
(227, 57, 26324)
(227, 46, 15970)
(227, 217, 4292)
(227, 204, 2310)
(227, 223, 14809)
(227, 71, 3566)
(227, 200, 11392)
(227, 147, 23576)
(227, 23, 1108)
(227, 77, 24698)
(227, 119, 8591)
(227, 0, 32677)
(227, 42, 5547)
(227, 103, 33718)
(227, 68, 26002)
(227, 84, 19615)
(227, 96, 4310)
(227, 218, 31685)
(227, 32, 7544)
(227, 154, 13831)
(227, 139, 30547)
(227, 134, 3020)
(227, 7, 22981)
(227, 158, 12681)
(227, 38, 21984)
(227, 143, 1006)
(227, 91, 2314)
(227, 177, 28051)
(227, 169, 9135)
(227, 18, 7124)
(227, 214, 27776)
(227, 184, 29598)
(227, 178, 32029)
(227, 131, 5433)
(227, 107, 29359)
(227, 121, 23039)
(227, 98, 9850)
(227, 21, 20814)
(227, 164, 32050)
(227, 88, 15632)
(227, 179, 32888)
(227, 170, 13692)
(227, 206, 33483)
(227, 48, 29927)
(227, 148, 6099)
(227, 36, 13695)
(227, 161, 7729)
(227, 115, 27628)
(227, 39, 15683)
(227, 163, 20911)
(227, 149, 5289)
(227, 173, 28378)
(227, 201, 2754)
(227, 207, 23890)
(227, 69, 16083)
(227, 126, 5765)
(227, 82, 33181)
(227, 101, 17886)
(227, 189, 29398)
(227, 195, 27548)
(227, 37, 8216)
(227, 5, 23005)
(227, 102, 30394)
(227, 117, 13875)
(227, 65, 24737)
(227, 135, 12395)
(227, 25, 8891)
(227, 111, 33479)
(227, 212, 4334)
(227, 56, 7741)
(227, 159, 1368)
(227, 8, 4812)
(227, 215, 22091)
(227, 26, 22267)
(227, 45, 3754)
(227, 220, 131)
(227, 133, 1742)
(227, 75, 1863)
(227, 41, 16838)
(227, 153, 25923)
(227, 14, 8170)
(227, 165, 9607)
(227, 155, 2587)
(227, 73, 22870)
(227, 28, 31412)
(227, 49, 27590)
(227, 129, 4047)
(227, 30, 9874)
(227, 186, 17084)
(227, 105, 14901)
(227, 99, 9639)
(227, 142, 1313)
(227, 110, 23828)
(228, 188, 26117)
(228, 192, 10379)
(228, 9, 14040)
(228, 214, 2539)
(228, 222, 17207)
(228, 35, 7551)
(228, 74, 25139)
(228, 7, 26420)
(228, 88, 31052)
(228, 144, 32287)
(228, 112, 10218)
(228, 58, 18370)
(228, 76, 29695)
(228, 157, 24340)
(228, 12, 17570)
(228, 83, 9368)
(228, 130, 4241)
(228, 50, 21868)
(228, 79, 310)
(228, 19, 28530)
(228, 99, 30582)
(228, 39, 7145)
(228, 115, 10856)
(228, 189, 7764)
(228, 119, 9790)
(228, 61, 778)
(228, 59, 25616)
(228, 173, 22966)
(228, 31, 28083)
(228, 37, 23008)
(228, 183, 7516)
(228, 163, 24313)
(228, 71, 27671)
(228, 102, 7035)
(228, 220, 22189)
(228, 139, 5781)
(228, 82, 1952)
(228, 78, 1841)
(228, 191, 31915)
(228, 143, 14236)
(228, 57, 25936)
(228, 77, 14131)
(228, 203, 20770)
(228, 111, 26241)
(228, 73, 12973)
(228, 86, 21453)
(228, 213, 409)
(228, 91, 31686)
(228, 198, 4833)
(228, 171, 30167)
(228, 181, 3624)
(228, 100, 2496)
(228, 26, 18802)
(228, 6, 6021)
(228, 36, 4491)
(228, 209, 19810)
(228, 120, 24430)
(228, 85, 20490)
(228, 104, 18376)
(228, 197, 16692)
(228, 67, 1272)
(228, 4, 16729)
(228, 101, 28491)
(228, 52, 17506)
(228, 24, 32219)
(228, 87, 13497)
(228, 84, 5078)
(228, 114, 17105)
(228, 96, 16740)
(228, 160, 29988)
(228, 53, 29697)
(228, 113, 15340)
(228, 215, 18669)
(228, 28, 20123)
(228, 49, 23287)
(228, 221, 31983)
(228, 124, 29503)
(228, 175, 1645)
(228, 72, 9462)
(228, 152, 2841)
(228, 195, 12041)
(228, 226, 27885)
(228, 55, 20160)
(228, 127, 29991)
(228, 65, 3107)
(228, 38, 11752)
(228, 148, 32945)
(228, 14, 8761)
(228, 47, 3840)
(228, 190, 6053)
(228, 140, 27026)
(228, 122, 12229)
(228, 125, 8758)
(228, 18, 1757)
(228, 141, 26552)
(228, 170, 22606)
(228, 33, 7026)
(228, 46, 22151)
(228, 223, 9479)
(228, 15, 2134)
(228, 128, 25119)
(228, 1, 893)
(228, 94, 32249)
(228, 212, 20202)
(228, 146, 24011)
(228, 97, 12939)
(228, 29, 17608)
(228, 138, 33102)
(228, 20, 3846)
(228, 165, 20720)
(228, 211, 4078)
(228, 75, 24630)
(228, 5, 6107)
(228, 151, 23242)
(228, 66, 25202)
(228, 25, 30528)
(228, 156, 15019)
(228, 142, 20337)
(228, 43, 32700)
(228, 182, 1024)
(228, 159, 12959)
(228, 51, 1591)
(228, 164, 32282)
(228, 48, 4186)
(228, 155, 22642)
(228, 224, 17289)
(228, 162, 13904)
(228, 90, 30886)
(228, 56, 3825)
(228, 32, 13289)
(228, 0, 295)
(228, 62, 23167)
(228, 41, 6249)
(228, 70, 30896)
(228, 93, 13946)
(228, 184, 382)
(228, 42, 7658)
(228, 179, 1823)
(228, 109, 16390)
(228, 22, 28952)
(228, 205, 1607)
(228, 210, 13523)
(228, 44, 29043)
(228, 158, 6647)
(228, 69, 12731)
(228, 60, 28906)
(228, 216, 21881)
(228, 8, 26409)
(228, 199, 32814)
(228, 200, 23103)
(228, 174, 26181)
(228, 107, 17691)
(228, 17, 6368)
(228, 176, 5624)
(228, 40, 18586)
(228, 147, 28287)
(228, 177, 2588)
(228, 117, 6578)
(228, 219, 16600)
(228, 166, 11701)
(228, 108, 19768)
(228, 118, 7683)
(228, 206, 29890)
(228, 196, 12464)
(228, 134, 33307)
(228, 137, 22079)
(228, 81, 5423)
(228, 34, 6664)
(228, 98, 20529)
(228, 103, 7625)
(228, 105, 4985)
(228, 16, 15608)
(228, 169, 20522)
(228, 89, 5990)
(228, 123, 1935)
(228, 10, 26829)
(228, 23, 28622)
(228, 129, 14919)
(228, 185, 33463)
(228, 187, 15533)
(228, 13, 27930)
(228, 2, 2584)
(229, 121, 19114)
(229, 53, 20588)
(229, 217, 13442)
(229, 51, 24745)
(229, 107, 2082)
(229, 46, 27965)
(229, 220, 5784)
(229, 48, 27904)
(229, 59, 8141)
(229, 105, 22297)
(229, 223, 4567)
(229, 197, 17158)
(229, 168, 28023)
(229, 22, 751)
(229, 172, 6029)
(229, 208, 33073)
(229, 1, 17834)
(229, 203, 3753)
(229, 206, 31511)
(229, 5, 14760)
(229, 79, 9994)
(229, 207, 13026)
(229, 85, 1309)
(229, 92, 13276)
(229, 114, 6371)
(229, 122, 22480)
(229, 100, 10123)
(229, 136, 13628)
(229, 167, 23676)
(229, 32, 30090)
(229, 142, 22000)
(229, 83, 20426)
(229, 23, 24533)
(229, 29, 20020)
(229, 96, 25071)
(229, 119, 26182)
(229, 214, 19513)
(229, 52, 9210)
(229, 131, 23807)
(229, 36, 7027)
(229, 125, 9839)
(229, 132, 25501)
(229, 185, 27919)
(229, 205, 15051)
(229, 154, 21002)
(229, 227, 20182)
(229, 113, 24230)
(229, 14, 32847)
(229, 2, 5711)
(229, 81, 31326)
(229, 97, 20898)
(229, 200, 3091)
(229, 103, 24733)
(229, 163, 12385)
(229, 127, 7385)
(229, 3, 8012)
(229, 54, 5637)
(229, 179, 14087)
(229, 17, 14736)
(229, 143, 20410)
(229, 169, 15023)
(229, 164, 13691)
(229, 61, 27134)
(229, 156, 33347)
(229, 18, 10480)
(229, 31, 21637)
(229, 94, 9201)
(229, 116, 1595)
(229, 6, 33269)
(229, 34, 28167)
(229, 141, 23979)
(229, 135, 22572)
(229, 38, 18541)
(229, 26, 15226)
(229, 123, 2802)
(229, 35, 1836)
(229, 145, 10310)
(229, 39, 8488)
(229, 43, 21480)
(229, 8, 33360)
(229, 211, 29006)
(229, 93, 11489)
(229, 74, 31174)
(229, 174, 22255)
(229, 160, 9535)
(229, 128, 12683)
(229, 88, 29576)
(229, 162, 10496)
(229, 190, 5916)
(229, 110, 27844)
(229, 137, 16204)
(229, 101, 26720)
(229, 155, 9413)
(229, 115, 10741)
(229, 138, 1105)
(229, 201, 3714)
(229, 152, 19528)
(229, 117, 9516)
(229, 191, 28598)
(229, 82, 26747)
(229, 144, 21319)
(229, 129, 22195)
(229, 70, 10942)
(229, 112, 28144)
(229, 140, 23686)
(229, 212, 32616)
(229, 87, 9917)
(229, 148, 33425)
(229, 33, 9007)
(229, 222, 3772)
(229, 19, 18482)
(229, 58, 7597)
(229, 209, 7975)
(229, 170, 2347)
(229, 64, 3791)
(229, 183, 11562)
(229, 218, 29089)
(229, 27, 16710)
(229, 150, 17002)
(229, 90, 11093)
(229, 199, 21639)
(229, 130, 8345)
(229, 15, 12403)
(229, 60, 229)
(229, 41, 27199)
(229, 75, 6145)
(229, 195, 9771)
(229, 180, 171)
(229, 104, 1411)
(229, 151, 19084)
(229, 98, 2114)
(229, 186, 29348)
(229, 181, 5307)
(229, 111, 9518)
(229, 49, 28251)
(229, 188, 23829)
(229, 224, 1036)
(229, 176, 30872)
(229, 25, 7949)
(229, 66, 17432)
(229, 0, 29384)
(229, 91, 26968)
(229, 210, 3596)
(229, 62, 2755)
(229, 126, 8302)
(229, 177, 9538)
(229, 108, 33154)
(229, 202, 21648)
(229, 21, 25624)
(229, 120, 13272)
(229, 193, 2010)
(229, 196, 1291)
(229, 20, 17450)
(229, 147, 24081)
(229, 118, 9468)
(229, 139, 2956)
(229, 7, 31177)
(229, 55, 19492)
(229, 173, 33570)
(229, 68, 1436)
(229, 225, 31364)
(229, 72, 32869)
(229, 95, 7064)
(229, 63, 20825)
(230, 145, 23283)
(230, 188, 26996)
(230, 190, 6538)
(230, 193, 13971)
(230, 122, 5615)
(230, 108, 22051)
(230, 156, 13679)
(230, 10, 31255)
(230, 1, 14128)
(230, 92, 8466)
(230, 86, 27400)
(230, 57, 23210)
(230, 49, 20420)
(230, 14, 3148)
(230, 226, 7817)
(230, 170, 10910)
(230, 121, 18041)
(230, 189, 14124)
(230, 22, 6246)
(230, 67, 23151)
(230, 63, 11211)
(230, 141, 18320)
(230, 185, 14926)
(230, 3, 6885)
(230, 58, 8759)
(230, 76, 18622)
(230, 29, 28270)
(230, 43, 31982)
(230, 221, 10927)
(230, 96, 26095)
(230, 65, 21962)
(230, 225, 19700)
(230, 201, 22391)
(230, 78, 18374)
(230, 219, 12013)
(230, 160, 1568)
(230, 192, 14944)
(230, 93, 18327)
(230, 91, 8104)
(230, 69, 2405)
(230, 142, 20707)
(230, 186, 32957)
(230, 183, 27818)
(230, 5, 24952)
(230, 33, 2611)
(230, 139, 4251)
(230, 218, 4314)
(230, 17, 1063)
(230, 133, 15008)
(230, 212, 14565)
(230, 77, 3312)
(230, 138, 11883)
(230, 100, 27086)
(230, 54, 31924)
(230, 127, 12958)
(230, 112, 30254)
(230, 53, 29808)
(230, 37, 7085)
(230, 8, 17216)
(230, 16, 10816)
(230, 73, 30593)
(230, 223, 22660)
(230, 34, 10290)
(230, 216, 11463)
(230, 200, 5354)
(230, 203, 26304)
(230, 82, 25475)
(230, 130, 14737)
(230, 173, 15327)
(230, 136, 27313)
(230, 62, 22413)
(230, 70, 7279)
(230, 217, 25926)
(230, 214, 5929)
(230, 174, 19077)
(230, 213, 13819)
(230, 87, 15860)
(230, 41, 8903)
(230, 36, 23251)
(230, 155, 12968)
(230, 48, 2557)
(230, 80, 19761)
(230, 50, 17248)
(230, 159, 29709)
(230, 101, 335)
(230, 146, 24234)
(230, 209, 7274)
(230, 152, 3816)
(230, 104, 23581)
(230, 140, 31136)
(230, 102, 23137)
(230, 227, 2944)
(230, 55, 18701)
(230, 0, 24628)
(230, 180, 33730)
(230, 164, 2415)
(230, 111, 21977)
(230, 24, 27744)
(230, 83, 13968)
(230, 229, 29269)
(230, 38, 30607)
(230, 64, 28082)
(230, 131, 11402)
(230, 177, 15450)
(230, 123, 31678)
(230, 184, 26581)
(230, 107, 22794)
(230, 211, 29619)
(230, 31, 33215)
(230, 75, 12717)
(230, 7, 2451)
(230, 94, 28707)
(230, 45, 29976)
(230, 119, 33366)
(230, 39, 11509)
(230, 21, 1972)
(230, 128, 29116)
(230, 202, 14506)
(230, 198, 19620)
(230, 207, 7204)
(230, 166, 16357)
(230, 178, 8072)
(230, 167, 26029)
(230, 126, 31855)
(230, 181, 5426)
(230, 169, 9805)
(230, 51, 20424)
(230, 44, 31509)
(230, 18, 14855)
(230, 132, 27613)
(230, 115, 25783)
(230, 195, 1090)
(230, 23, 22777)
(230, 116, 19396)
(230, 162, 6875)
(230, 88, 22875)
(230, 11, 430)
(230, 158, 27948)
(230, 204, 19816)
(230, 196, 22637)
(230, 12, 26849)
(230, 179, 4368)
(230, 2, 7968)
(230, 106, 11953)
(230, 28, 13864)
(230, 129, 31864)
(230, 68, 6050)
(230, 157, 16055)
(230, 52, 17483)
(230, 154, 5745)
(230, 182, 627)
(230, 110, 16257)
(230, 118, 5)
(230, 147, 25357)
(230, 6, 6004)
(230, 168, 10041)
(230, 113, 7032)
(230, 215, 5169)
(230, 103, 25351)
(231, 16, 28818)
(231, 189, 19902)
(232, 95, 9753)
(232, 84, 3890)
(232, 13, 3035)
(232, 101, 23337)
(232, 104, 13762)
(232, 143, 16725)
(232, 167, 12784)
(232, 39, 19971)
(232, 37, 31225)
(232, 87, 29898)
(232, 28, 11192)
(232, 71, 32898)
(232, 173, 2176)
(232, 150, 31823)
(232, 36, 23666)
(232, 40, 9969)
(232, 141, 392)
(232, 48, 13107)
(232, 160, 2952)
(232, 35, 16576)
(232, 177, 30004)
(232, 73, 27420)
(232, 97, 2750)
(232, 45, 17603)
(232, 3, 21134)
(232, 201, 32651)
(232, 186, 2235)
(232, 83, 25643)
(232, 189, 7132)
(232, 91, 31354)
(232, 122, 19617)
(232, 127, 12351)
(232, 193, 13112)
(232, 145, 5962)
(232, 22, 6789)
(232, 114, 2600)
(232, 20, 4695)
(232, 213, 31460)
(232, 63, 12475)
(232, 117, 22393)
(232, 197, 24939)
(232, 142, 10731)
(232, 74, 5551)
(232, 17, 22358)
(232, 183, 8807)
(232, 132, 2018)
(232, 219, 17928)
(232, 151, 29150)
(232, 166, 30630)
(232, 7, 28130)
(232, 124, 31672)
(232, 140, 12003)
(232, 4, 9442)
(232, 23, 548)
(232, 75, 28836)
(232, 106, 8517)
(233, 139, 14806)
(233, 224, 30107)
(233, 81, 2895)
(233, 190, 26743)
(233, 46, 31110)
(233, 147, 11662)
(233, 174, 1296)
(233, 45, 2782)
(233, 220, 20511)
(233, 43, 32713)
(233, 16, 8260)
(233, 6, 23646)
(233, 227, 7655)
(233, 47, 9274)
(233, 64, 8268)
(233, 62, 8084)
(233, 70, 6626)
(233, 40, 16634)
(233, 148, 12164)
(233, 52, 18355)
(233, 160, 30841)
(233, 195, 7772)
(233, 127, 23767)
(233, 146, 3425)
(233, 97, 31263)
(233, 78, 27452)
(233, 5, 9103)
(233, 39, 33078)
(233, 9, 18832)
(233, 37, 24460)
(233, 178, 30705)
(233, 94, 19658)
(233, 25, 15389)
(233, 3, 29040)
(233, 143, 19328)
(233, 172, 8705)
(233, 30, 14570)
(233, 15, 7760)
(233, 193, 19070)
(233, 213, 12139)
(233, 206, 24498)
(233, 95, 7583)
(233, 91, 22345)
(233, 142, 31889)
(233, 170, 5485)
(233, 151, 27094)
(233, 194, 32815)
(233, 230, 25395)
(233, 2, 18003)
(233, 58, 31962)
(233, 32, 22256)
(233, 104, 32064)
(233, 184, 15501)
(233, 120, 20298)
(233, 60, 32314)
(233, 50, 26713)
(233, 103, 19882)
(233, 207, 25148)
(233, 36, 18025)
(233, 89, 26255)
(233, 199, 27552)
(233, 24, 15074)
(233, 59, 6745)
(233, 226, 19993)
(233, 117, 24372)
(233, 42, 20828)
(233, 171, 17356)
(233, 23, 27748)
(233, 133, 10404)
(233, 204, 5501)
(233, 109, 5828)
(233, 156, 15417)
(233, 34, 1623)
(233, 48, 13838)
(233, 73, 22334)
(233, 29, 23075)
(233, 22, 5035)
(233, 164, 5800)
(233, 154, 33615)
(233, 83, 1827)
(233, 165, 3222)
(233, 7, 31594)
(233, 196, 3906)
(233, 219, 23098)
(233, 18, 5104)
(233, 69, 29637)
(233, 198, 15337)
(233, 179, 1029)
(233, 177, 21920)
(233, 232, 2350)
(233, 72, 20620)
(233, 144, 13884)
(233, 191, 7961)
(233, 51, 31076)
(233, 49, 31519)
(233, 74, 19124)
(233, 214, 18957)
(233, 122, 9247)
(233, 4, 11201)
(233, 141, 9978)
(233, 113, 313)
(233, 134, 7374)
(233, 135, 1015)
(233, 27, 7675)
(233, 12, 12305)
(233, 130, 5137)
(233, 1, 19606)
(233, 187, 3137)
(233, 56, 12157)
(233, 61, 28356)
(233, 105, 19980)
(233, 222, 28474)
(233, 0, 10331)
(233, 203, 25937)
(233, 217, 21960)
(233, 212, 28421)
(233, 201, 32986)
(233, 125, 20159)
(233, 145, 16628)
(233, 80, 12063)
(233, 152, 10922)
(233, 180, 15248)
(233, 208, 1988)
(233, 182, 28155)
(233, 108, 19682)
(233, 57, 27523)
(233, 106, 29687)
(233, 163, 932)
(233, 138, 7260)
(233, 82, 3947)
(233, 99, 21945)
(233, 114, 16921)
(233, 54, 30048)
(233, 67, 24649)
(233, 162, 21726)
(233, 157, 10828)
(233, 79, 16756)
(233, 66, 11535)
(233, 159, 20097)
(233, 205, 21686)
(233, 188, 20220)
(233, 216, 30353)
(233, 10, 22577)
(233, 161, 26058)
(233, 68, 4616)
(233, 84, 10601)
(233, 71, 13882)
(233, 124, 4591)
(233, 102, 7640)
(233, 168, 24778)
(233, 136, 7852)
(233, 110, 10318)
(233, 98, 792)
(233, 215, 6988)
(233, 76, 9817)
(233, 31, 30060)
(233, 186, 2290)
(233, 176, 19539)
(233, 96, 20004)
(233, 75, 1894)
(233, 197, 7146)
(233, 100, 10489)
(233, 175, 5697)
(233, 129, 23863)
(233, 92, 28923)
(233, 53, 2708)
(233, 33, 261)
(233, 173, 1839)
(233, 17, 24251)
(233, 86, 11364)
(233, 140, 22871)
(233, 126, 29147)
(233, 229, 6459)
(233, 128, 27934)
(233, 158, 19091)
(233, 85, 25629)
(233, 192, 33433)
(233, 38, 467)
(233, 26, 13411)
(233, 11, 21056)
(233, 218, 12292)
(233, 28, 8795)
(233, 223, 31859)
(233, 202, 13130)
(233, 63, 2681)
(233, 166, 14113)
(233, 155, 16929)
(233, 19, 27817)
(233, 88, 31083)
(233, 44, 14154)
(233, 101, 22899)
(233, 90, 30174)
(233, 225, 3569)
(233, 119, 29708)
(233, 115, 16079)
(233, 228, 14178)
(233, 41, 3233)
(233, 123, 19413)
(233, 209, 1551)
(233, 231, 32542)
(233, 111, 17872)
(233, 200, 4560)
(233, 107, 30149)
(233, 211, 1570)
(233, 65, 18423)
(233, 55, 8385)
(233, 131, 13600)
(233, 181, 2184)
(233, 167, 16384)
(233, 149, 20772)
(233, 8, 29875)
(233, 183, 18341)
(233, 13, 12278)
(233, 116, 4043)
(233, 20, 21938)
(233, 153, 18130)
(233, 185, 18395)
(233, 112, 19300)
(233, 210, 21140)
(233, 132, 4805)
(233, 121, 25363)
(233, 21, 16322)
(233, 137, 17463)
(233, 14, 19794)
(233, 93, 29569)
(233, 35, 29084)
(233, 221, 24220)
(234, 77, 21420)
(234, 179, 18750)
(234, 8, 5061)
(234, 211, 11424)
(234, 190, 24412)
(234, 130, 17088)
(234, 147, 4689)
(234, 91, 10125)
(234, 196, 5186)
(234, 69, 24108)
(234, 65, 22857)
(234, 67, 3221)
(234, 5, 31092)
(234, 89, 25085)
(234, 145, 7900)
(234, 176, 4970)
(234, 160, 17628)
(234, 129, 59)
(234, 55, 28908)
(234, 60, 23221)
(234, 114, 18520)
(234, 134, 31028)
(234, 224, 26615)
(234, 148, 11164)
(234, 27, 3927)
(234, 38, 2232)
(234, 53, 16197)
(234, 33, 11870)
(234, 221, 18318)
(234, 31, 17549)
(234, 94, 32185)
(234, 64, 16924)
(234, 174, 2274)
(234, 181, 33059)
(234, 47, 10117)
(234, 219, 10997)
(234, 46, 4584)
(234, 169, 21274)
(234, 82, 6301)
(234, 118, 1418)
(234, 30, 29020)
(234, 39, 25116)
(234, 101, 17926)
(234, 21, 23350)
(234, 223, 5323)
(234, 120, 21297)
(234, 226, 16235)
(234, 62, 8675)
(234, 131, 16804)
(234, 68, 2851)
(234, 182, 33646)
(234, 209, 6567)
(234, 229, 27924)
(234, 63, 28457)
(234, 133, 27354)
(234, 204, 19188)
(234, 43, 5042)
(234, 208, 21259)
(234, 50, 6213)
(234, 109, 18044)
(234, 74, 30216)
(234, 232, 7915)
(234, 207, 13771)
(234, 106, 2429)
(234, 44, 18282)
(234, 87, 15728)
(234, 138, 13391)
(234, 116, 25518)
(234, 137, 19760)
(234, 184, 10291)
(234, 126, 1579)
(234, 171, 13977)
(234, 121, 3055)
(234, 191, 25521)
(234, 98, 1307)
(234, 218, 19688)
(234, 95, 31932)
(234, 66, 657)
(234, 57, 16994)
(234, 26, 1473)
(234, 136, 2941)
(234, 59, 24018)
(234, 22, 5821)
(234, 128, 30443)
(234, 203, 4215)
(234, 78, 13960)
(234, 163, 11136)
(234, 42, 2486)
(234, 85, 9559)
(234, 16, 21107)
(234, 159, 7363)
(234, 168, 23796)
(234, 161, 8479)
(234, 124, 13797)
(234, 35, 2723)
(234, 90, 7082)
(234, 228, 20676)
(234, 4, 15797)
(234, 112, 24980)
(234, 11, 11558)
(234, 72, 24548)
(234, 61, 23341)
(234, 152, 12873)
(234, 76, 20256)
(234, 17, 25827)
(234, 230, 28186)
(234, 1, 24010)
(234, 215, 32109)
(234, 102, 28029)
(234, 32, 12062)
(234, 34, 306)
(234, 28, 12483)
(234, 52, 29810)
(234, 75, 884)
(234, 0, 12957)
(234, 110, 20435)
(234, 86, 30105)
(234, 231, 21771)
(234, 141, 9008)
(234, 58, 16298)
(234, 233, 15902)
(234, 20, 29459)
(234, 180, 13835)
(234, 153, 20969)
(234, 149, 13778)
(234, 195, 6854)
(234, 200, 19430)
(234, 99, 31296)
(234, 105, 32244)
(234, 93, 33382)
(234, 36, 13007)
(234, 185, 32999)
(234, 123, 27961)
(234, 108, 11895)
(234, 51, 32388)
(234, 2, 2311)
(234, 29, 5946)
(235, 5, 2353)
(235, 43, 10179)
(235, 38, 28743)
(235, 27, 294)
(235, 193, 18838)
(235, 182, 9744)
(235, 172, 28034)
(235, 57, 16395)
(235, 14, 5564)
(235, 202, 15456)
(235, 190, 15371)
(235, 71, 14151)
(235, 125, 26229)
(235, 112, 18942)
(235, 88, 6066)
(235, 224, 11560)
(235, 222, 26976)
(235, 173, 7275)
(235, 149, 18428)
(235, 116, 7118)
(235, 91, 23846)
(235, 24, 27099)
(235, 40, 27816)
(235, 136, 18780)
(236, 130, 32228)
(236, 120, 29271)
(236, 52, 3074)
(236, 26, 25405)
(236, 189, 4293)
(236, 0, 30017)
(236, 66, 11295)
(236, 62, 652)
(236, 61, 22866)
(236, 21, 31601)
(236, 93, 28683)
(236, 119, 29574)
(236, 43, 4545)
(236, 77, 18129)
(236, 84, 16641)
(236, 181, 2585)
(236, 222, 11842)
(236, 178, 12220)
(236, 194, 1225)
(236, 135, 25949)
(236, 24, 1530)
(236, 111, 712)
(236, 214, 21806)
(236, 64, 4653)
(236, 20, 17305)
(236, 215, 8947)
(236, 101, 23808)
(236, 210, 17210)
(236, 200, 1791)
(236, 68, 1078)
(236, 129, 11448)
(236, 126, 31159)
(236, 196, 2556)
(236, 113, 15384)
(236, 208, 18332)
(236, 15, 25410)
(236, 171, 18375)
(236, 137, 30129)
(236, 70, 33290)
(236, 213, 28317)
(236, 155, 9745)
(236, 76, 6634)
(236, 125, 8271)
(236, 232, 32008)
(236, 133, 29692)
(236, 209, 31392)
(236, 95, 17505)
(236, 162, 244)
(236, 12, 22463)
(236, 27, 13693)
(236, 39, 1083)
(236, 56, 17318)
(236, 69, 3093)
(236, 98, 25400)
(236, 4, 5803)
(236, 188, 16627)
(236, 190, 11664)
(236, 29, 12927)
(236, 71, 6963)
(236, 104, 29333)
(236, 97, 32222)
(236, 199, 4299)
(236, 63, 8495)
(236, 16, 22942)
(236, 159, 27470)
(236, 65, 19936)
(236, 174, 471)
(236, 47, 14258)
(236, 38, 30505)
(236, 44, 17543)
(236, 154, 26635)
(236, 228, 8280)
(236, 100, 3120)
(236, 217, 11279)
(236, 49, 19737)
(236, 36, 21646)
(236, 229, 20662)
(236, 152, 8100)
(236, 106, 18188)
(236, 96, 17577)
(236, 185, 3859)
(236, 22, 30175)
(236, 219, 18344)
(236, 13, 29120)
(236, 205, 1814)
(236, 88, 3388)
(236, 115, 20484)
(236, 223, 30971)
(236, 160, 19512)
(236, 55, 2867)
(236, 5, 29353)
(236, 46, 6825)
(236, 118, 14063)
(236, 102, 21951)
(236, 220, 5986)
(236, 37, 28507)
(236, 10, 22960)
(236, 231, 4400)
(236, 198, 8351)
(236, 124, 18797)
(236, 140, 26237)
(236, 8, 15100)
(236, 105, 12917)
(236, 28, 23118)
(236, 142, 2191)
(236, 204, 21898)
(236, 99, 31917)
(236, 42, 32454)
(236, 59, 13008)
(236, 221, 26661)
(236, 201, 24204)
(236, 33, 11425)
(236, 156, 12913)
(236, 92, 14270)
(236, 157, 33747)
(236, 79, 20939)
(236, 207, 5280)
(236, 168, 14012)
(236, 169, 4619)
(236, 227, 6673)
(236, 218, 4072)
(236, 86, 9875)
(236, 78, 30576)
(236, 172, 26576)
(236, 183, 9955)
(236, 234, 12097)
(236, 1, 23090)
(236, 121, 31365)
(236, 184, 14064)
(236, 186, 22879)
(236, 191, 13181)
(236, 144, 26678)
(236, 87, 25761)
(236, 53, 32958)
(236, 110, 20379)
(236, 50, 4437)
(236, 226, 15955)
(236, 51, 19122)
(236, 123, 12569)
(236, 233, 10066)
(236, 206, 9664)
(236, 224, 2926)
(236, 145, 18236)
(236, 216, 771)
(236, 41, 33008)
(236, 170, 18758)
(236, 48, 6232)
(236, 163, 16985)
(236, 7, 30375)
(236, 81, 32743)
(236, 175, 11698)
(236, 134, 11420)
(236, 18, 28993)
(236, 127, 32538)
(236, 57, 11290)
(236, 212, 26557)
(236, 75, 24450)
(236, 148, 10050)
(236, 73, 18823)
(236, 173, 17433)
(236, 164, 30603)
(236, 177, 18138)
(236, 112, 6128)
(236, 32, 3632)
(236, 54, 24587)
(236, 235, 2853)
(236, 117, 14576)
(236, 103, 26771)
(236, 91, 10654)
(236, 108, 21153)
(236, 131, 12058)
(236, 176, 7825)
(236, 146, 10129)
(236, 25, 5692)
(236, 2, 67)
(236, 122, 8250)
(236, 3, 1519)
(236, 225, 24551)
(236, 107, 26644)
(236, 109, 2898)
(236, 80, 25535)
(236, 14, 21634)
(236, 67, 10843)
(236, 23, 7991)
(236, 74, 11089)
(236, 230, 33733)
(236, 40, 11444)
(236, 85, 2605)
(236, 128, 12417)
(236, 180, 27870)
(236, 147, 16143)
(236, 17, 26681)
(236, 153, 13454)
(236, 158, 21077)
(236, 90, 11864)
(236, 30, 32081)
(236, 197, 23799)
(236, 83, 15517)
(236, 211, 31833)
(236, 161, 33784)
(236, 31, 6259)
(236, 195, 11012)
(236, 139, 13902)
(236, 203, 23773)
(236, 143, 523)
(236, 166, 2395)
(236, 151, 23852)
(236, 72, 25369)
(236, 11, 21814)
(236, 116, 21580)
(236, 141, 25674)
(236, 182, 11085)
(236, 9, 6831)
(236, 136, 33680)
(236, 89, 14073)
(236, 132, 24781)
(237, 42, 23010)
(237, 191, 14373)
(237, 120, 4065)
(237, 55, 18287)
(237, 108, 32566)
(237, 229, 24439)
(237, 226, 4475)
(237, 125, 28123)
(237, 35, 239)
(237, 95, 31643)
(237, 21, 26035)
(237, 98, 33534)
(237, 183, 9548)
(237, 135, 14916)
(237, 38, 4768)
(237, 93, 33579)
(237, 19, 22505)
(237, 13, 13233)
(237, 178, 27911)
(237, 17, 5160)
(237, 222, 29366)
(237, 192, 4786)
(237, 81, 16476)
(237, 24, 15953)
(237, 212, 25182)
(237, 18, 10213)
(237, 104, 19735)
(237, 210, 32165)
(237, 47, 31208)
(237, 52, 18748)
(237, 103, 33054)
(237, 61, 17533)
(237, 173, 17736)
(237, 180, 27405)
(237, 85, 8333)
(237, 185, 28611)
(237, 179, 4652)
(237, 54, 8440)
(237, 92, 11454)
(237, 121, 26751)
(237, 154, 9275)
(237, 131, 16691)
(237, 193, 24255)
(237, 15, 5006)
(237, 181, 25157)
(237, 105, 31155)
(237, 8, 10482)
(237, 101, 33507)
(237, 219, 1099)
(237, 151, 14548)
(237, 46, 25062)
(237, 130, 2819)
(237, 44, 10652)
(237, 53, 25486)
(237, 27, 19823)
(237, 142, 25609)
(237, 119, 18811)
(237, 221, 22648)
(237, 148, 33793)
(237, 62, 5294)
(237, 160, 18301)
(237, 100, 209)
(237, 161, 22034)
(237, 7, 17813)
(237, 45, 21032)
(237, 34, 17217)
(237, 203, 30029)
(237, 29, 13076)
(237, 10, 3696)
(237, 91, 25904)
(237, 3, 17785)
(237, 141, 28160)
(237, 132, 2084)
(237, 69, 12221)
(237, 37, 5954)
(237, 79, 15293)
(237, 144, 4634)
(237, 233, 24323)
(237, 171, 16785)
(237, 57, 14799)
(237, 137, 1035)
(237, 204, 8473)
(237, 227, 5555)
(237, 209, 15732)
(237, 153, 21099)
(237, 235, 5362)
(237, 84, 8625)
(237, 167, 27436)
(237, 168, 26929)
(237, 97, 16619)
(237, 236, 4442)
(237, 115, 5613)
(237, 36, 15333)
(237, 0, 29239)
(237, 189, 24526)
(237, 170, 31060)
(237, 110, 15509)
(237, 196, 859)
(237, 48, 31588)
(237, 216, 15730)
(237, 117, 24480)
(237, 143, 11750)
(237, 22, 4885)
(237, 2, 23583)
(237, 177, 8509)
(237, 89, 23957)
(237, 70, 13534)
(237, 140, 27777)
(237, 145, 33560)
(237, 133, 28753)
(237, 127, 1022)
(237, 198, 16118)
(237, 50, 17737)
(237, 39, 2726)
(237, 157, 13302)
(237, 224, 15628)
(237, 40, 24190)
(237, 65, 21461)
(237, 169, 27881)
(237, 234, 33041)
(237, 73, 9106)
(237, 199, 17662)
(237, 202, 23643)
(237, 176, 7216)
(237, 182, 12624)
(237, 11, 25259)
(237, 82, 2455)
(237, 28, 31778)
(237, 139, 18791)
(237, 155, 10248)
(237, 164, 13928)
(237, 187, 21241)
(237, 6, 24306)
(237, 134, 19898)
(237, 213, 12285)
(237, 211, 11491)
(237, 66, 16754)
(237, 126, 11326)
(237, 205, 3740)
(237, 77, 20367)
(237, 201, 148)
(237, 118, 3331)
(237, 87, 6869)
(237, 136, 5026)
(237, 25, 15496)
(238, 173, 53)
(238, 176, 33397)
(238, 29, 26328)
(238, 147, 27402)
(238, 117, 8666)
(238, 114, 29424)
(238, 62, 16293)
(238, 20, 5293)
(239, 40, 16689)
(239, 191, 9146)
(239, 58, 3125)
(239, 105, 16181)
(239, 71, 25094)
(239, 48, 2092)
(239, 215, 26573)
(239, 136, 6598)
(239, 117, 8700)
(239, 111, 10024)
(239, 154, 31874)
(239, 18, 9977)
(239, 8, 29744)
(239, 10, 21765)
(239, 161, 14465)
(239, 214, 25699)
(239, 92, 32671)
(239, 132, 33748)
(239, 5, 26206)
(239, 68, 1524)
(239, 209, 24926)
(239, 98, 23323)
(239, 29, 23374)
(239, 137, 22277)
(239, 67, 15053)
(239, 19, 33497)
(239, 112, 12177)
(239, 201, 17293)
(239, 189, 12361)
(239, 139, 3878)
(239, 93, 27572)
(239, 207, 7421)
(239, 171, 2638)
(239, 106, 10432)
(239, 7, 9982)
(239, 157, 24458)
(239, 51, 31428)
(239, 205, 21145)
(239, 26, 841)
(239, 160, 10624)
(239, 134, 11565)
(239, 56, 21549)
(239, 184, 24744)
(239, 150, 24499)
(239, 223, 12149)
(239, 130, 25275)
(239, 194, 18977)
(239, 164, 14856)
(239, 213, 23770)
(239, 234, 26333)
(239, 24, 11633)
(239, 158, 30014)
(239, 237, 8169)
(239, 44, 27779)
(239, 187, 21034)
(239, 182, 23258)
(239, 116, 16551)
(239, 197, 11586)
(239, 141, 21670)
(239, 190, 18460)
(239, 13, 28157)
(239, 85, 25531)
(239, 43, 17680)
(239, 49, 3972)
(239, 38, 20000)
(239, 86, 18021)
(239, 110, 16730)
(239, 107, 5287)
(239, 236, 13068)
(239, 88, 7736)
(239, 181, 2281)
(239, 17, 304)
(239, 133, 33066)
(239, 233, 32577)
(239, 183, 27326)
(239, 121, 2229)
(239, 64, 32626)
(239, 147, 13669)
(239, 114, 2209)
(239, 203, 27327)
(239, 73, 5538)
(239, 145, 1661)
(239, 226, 13816)
(239, 131, 17954)
(239, 198, 15549)
(239, 179, 18895)
(239, 11, 4949)
(240, 16, 23910)
(240, 63, 5584)
(240, 24, 15558)
(240, 6, 1583)
(240, 9, 8706)
(240, 156, 10638)
(240, 171, 30809)
(240, 237, 13323)
(240, 75, 3731)
(240, 97, 26809)
(240, 119, 23101)
(240, 231, 21183)
(240, 108, 4432)
(240, 79, 24560)
(240, 124, 31383)
(240, 59, 11050)
(240, 239, 29030)
(240, 189, 16061)
(240, 221, 19170)
(240, 114, 32883)
(240, 107, 19495)
(240, 159, 11257)
(240, 20, 7351)
(240, 192, 24779)
(240, 104, 8966)
(240, 21, 30944)
(240, 106, 21894)
(240, 110, 15666)
(240, 115, 29566)
(240, 133, 24749)
(240, 215, 11710)
(240, 145, 11939)
(240, 98, 10206)
(240, 92, 32840)
(240, 160, 18743)
(240, 227, 20730)
(240, 238, 1678)
(240, 146, 10343)
(240, 44, 29096)
(240, 35, 24535)
(240, 135, 11173)
(240, 54, 1347)
(240, 41, 21337)
(240, 58, 1407)
(240, 209, 9807)
(240, 5, 12397)
(240, 68, 26963)
(240, 56, 12599)
(240, 34, 23021)
(240, 120, 22437)
(240, 191, 1301)
(240, 153, 2654)
(240, 2, 19793)
(240, 198, 24449)
(240, 152, 25924)
(240, 196, 26027)
(240, 182, 8798)
(240, 201, 21331)
(240, 200, 23493)
(240, 14, 20937)
(240, 170, 10420)
(240, 45, 7898)
(240, 128, 881)
(240, 157, 21645)
(240, 10, 6652)
(240, 27, 22768)
(240, 47, 7547)
(240, 91, 32776)
(240, 206, 16033)
(240, 175, 13559)
(240, 178, 24408)
(240, 223, 22570)
(240, 130, 7096)
(240, 211, 10854)
(240, 61, 19864)
(240, 71, 19788)
(240, 210, 6924)
(240, 225, 6430)
(240, 39, 25023)
(240, 222, 18018)
(240, 161, 11119)
(240, 181, 23084)
(240, 32, 20254)
(240, 213, 6522)
(240, 49, 7066)
(240, 15, 13753)
(240, 4, 26730)
(240, 140, 32120)
(240, 51, 27451)
(240, 112, 8305)
(240, 154, 26708)
(240, 163, 3368)
(240, 103, 8815)
(240, 229, 3016)
(240, 176, 6690)
(240, 183, 19675)
(240, 197, 25101)
(240, 218, 13080)
(240, 162, 4800)
(240, 48, 12730)
(240, 117, 12991)
(240, 12, 13335)
(240, 78, 25595)
(240, 100, 27360)
(240, 143, 23071)
(240, 204, 7232)
(240, 233, 3784)
(240, 202, 4629)
(240, 1, 16431)
(240, 102, 24637)
(240, 19, 26649)
(240, 94, 7514)
(240, 208, 10363)
(240, 179, 15123)
(240, 188, 14397)
(240, 113, 5215)
(240, 77, 24087)
(240, 224, 29956)
(240, 217, 20098)
(240, 194, 22160)
(240, 207, 21194)
(240, 31, 18333)
(240, 205, 32206)
(240, 230, 21344)
(240, 46, 27253)
(240, 137, 23232)
(240, 141, 29050)
(240, 226, 13209)
(240, 216, 17726)
(240, 18, 16093)
(240, 52, 7186)
(240, 17, 6531)
(240, 26, 16165)
(240, 129, 10025)
(240, 236, 17479)
(240, 150, 16522)
(240, 184, 10676)
(240, 172, 2362)
(240, 90, 7502)
(241, 17, 20454)
(241, 215, 20438)
(241, 95, 12812)
(241, 199, 4034)
(241, 22, 25869)
(241, 88, 17461)
(241, 175, 12748)
(241, 186, 15380)
(241, 46, 3559)
(241, 226, 29884)
(241, 204, 29767)
(241, 159, 25967)
(241, 169, 15603)
(241, 206, 6110)
(241, 189, 4419)
(241, 68, 29663)
(241, 71, 33386)
(241, 220, 1774)
(241, 235, 31839)
(241, 213, 30908)
(241, 60, 12057)
(241, 223, 24301)
(241, 233, 33057)
(241, 6, 11625)
(241, 148, 3419)
(241, 96, 22050)
(241, 237, 26005)
(241, 9, 18239)
(241, 205, 13579)
(241, 227, 30982)
(241, 11, 16496)
(241, 128, 24143)
(241, 45, 17214)
(241, 19, 17842)
(241, 152, 5266)
(241, 137, 33101)
(241, 101, 9016)
(241, 106, 10409)
(241, 8, 6735)
(241, 64, 8995)
(241, 80, 24031)
(241, 163, 17377)
(241, 212, 11871)
(241, 225, 17729)
(241, 150, 6090)
(241, 119, 5695)
(241, 31, 27372)
(241, 161, 19252)
(241, 211, 16273)
(241, 157, 24672)
(241, 132, 9820)
(241, 32, 32965)
(241, 124, 18952)
(241, 231, 19946)
(241, 178, 2550)
(241, 14, 4664)
(241, 104, 31249)
(241, 13, 676)
(241, 240, 350)
(241, 181, 19172)
(241, 118, 15701)
(241, 57, 26503)
(241, 122, 14696)
(241, 123, 27976)
(241, 105, 18174)
(241, 83, 25413)
(241, 67, 6940)
(241, 3, 24623)
(241, 192, 1047)
(241, 59, 4163)
(241, 111, 4787)
(241, 117, 14644)
(241, 168, 32352)
(241, 26, 3663)
(241, 120, 32505)
(241, 239, 13470)
(241, 35, 6014)
(241, 127, 17165)
(241, 93, 1333)
(241, 216, 29833)
(241, 170, 5611)
(241, 110, 24598)
(241, 172, 30273)
(241, 70, 9649)
(241, 194, 9248)
(241, 49, 9774)
(241, 191, 7721)
(241, 197, 32989)
(241, 10, 559)
(241, 182, 32959)
(241, 85, 497)
(241, 2, 20740)
(241, 167, 31700)
(241, 238, 17175)
(241, 195, 15973)
(241, 58, 4038)
(241, 102, 6007)
(241, 86, 27047)
(241, 171, 2118)
(241, 218, 18636)
(241, 190, 26676)
(241, 217, 18733)
(241, 30, 33628)
(241, 193, 3330)
(241, 138, 16897)
(241, 39, 31409)
(241, 154, 25036)
(241, 107, 12781)
(241, 56, 29180)
(241, 77, 8176)
(241, 16, 12997)
(241, 27, 14596)
(241, 146, 13301)
(241, 214, 21691)
(241, 72, 26362)
(241, 54, 28989)
(241, 229, 21411)
(241, 69, 26193)
(241, 52, 23883)
(241, 185, 22330)
(241, 79, 6974)
(241, 174, 29524)
(241, 200, 21560)
(241, 160, 13933)
(241, 98, 18874)
(241, 25, 24604)
(241, 134, 30391)
(241, 62, 7060)
(241, 48, 7205)
(241, 28, 32778)
(241, 40, 25306)
(241, 89, 6124)
(241, 34, 14810)
(241, 116, 22731)
(241, 15, 13423)
(241, 114, 4512)
(241, 78, 20613)
(241, 112, 1502)
(241, 99, 5114)
(241, 173, 6908)
(241, 29, 13081)
(241, 91, 23969)
(241, 36, 13649)
(241, 177, 13564)
(241, 12, 33735)
(241, 82, 4181)
(241, 90, 11208)
(241, 50, 4305)
(241, 76, 22040)
(241, 94, 28904)
(241, 21, 10451)
(241, 147, 15247)
(241, 37, 20450)
(241, 210, 9757)
(241, 24, 19100)
(241, 41, 7584)
(241, 209, 16814)
(241, 183, 24404)
(241, 44, 699)
(241, 87, 28888)
(241, 135, 27137)
(241, 153, 8840)
(241, 184, 3163)
(241, 224, 7927)
(241, 5, 2812)
(241, 180, 15987)
(241, 188, 377)
(241, 115, 23146)
(241, 108, 21929)
(241, 198, 11286)
(241, 151, 7302)
(241, 149, 31437)
(241, 53, 11993)
(241, 97, 11475)
(241, 176, 28301)
(241, 219, 21767)
(241, 74, 32125)
(241, 66, 4716)
(241, 55, 4391)
(241, 232, 12849)
(241, 113, 32001)
(241, 156, 11827)
(241, 61, 31439)
(241, 208, 22253)
(241, 0, 4865)
(241, 142, 3883)
(241, 23, 11531)
(241, 20, 4468)
(241, 203, 5065)
(241, 51, 20704)
(241, 141, 5991)
(241, 103, 21968)
(241, 145, 26077)
(241, 236, 7452)
(241, 234, 13119)
(241, 221, 27581)
(241, 179, 4963)
(241, 42, 4604)
(241, 143, 18618)
(241, 133, 25162)
(241, 129, 28486)
(241, 196, 18559)
(241, 140, 1622)
(241, 187, 8227)
(241, 166, 9341)
(241, 1, 31481)
(241, 131, 577)
(242, 169, 14349)
(242, 151, 4252)
(242, 6, 27069)
(242, 204, 29279)
(242, 73, 29311)
(242, 109, 32319)
(242, 181, 18656)
(242, 92, 33363)
(242, 25, 11367)
(242, 201, 10373)
(242, 110, 806)
(242, 143, 12568)
(242, 86, 1297)
(242, 226, 28701)
(242, 189, 19048)
(242, 237, 33144)
(242, 192, 21933)
(242, 8, 10684)
(242, 153, 29053)
(242, 114, 1694)
(242, 159, 11747)
(242, 241, 7480)
(242, 83, 5778)
(242, 185, 10628)
(242, 19, 22491)
(242, 164, 31736)
(242, 31, 17560)
(242, 174, 5789)
(242, 79, 23073)
(242, 188, 6364)
(242, 135, 18658)
(242, 77, 18945)
(242, 98, 327)
(242, 146, 29290)
(242, 208, 10685)
(242, 3, 29160)
(242, 14, 9415)
(242, 85, 26296)
(242, 157, 10268)
(242, 76, 21093)
(242, 42, 3948)
(242, 18, 9371)
(242, 211, 30934)
(242, 9, 22311)
(242, 171, 27653)
(242, 150, 21173)
(242, 206, 15997)
(242, 132, 6836)
(242, 2, 4744)
(242, 36, 26067)
(242, 133, 28101)
(242, 142, 9095)
(242, 27, 33764)
(242, 222, 24734)
(242, 223, 24847)
(242, 207, 38)
(242, 234, 11896)
(242, 162, 31993)
(242, 66, 9694)
(242, 127, 29601)
(242, 165, 8183)
(242, 71, 7498)
(242, 48, 29113)
(242, 24, 2997)
(242, 231, 26867)
(242, 50, 12745)
(242, 230, 10434)
(242, 209, 33513)
(242, 105, 25431)
(242, 26, 28279)
(242, 148, 16741)
(242, 72, 23154)
(242, 16, 24870)
(242, 163, 8445)
(242, 218, 31547)
(242, 130, 19093)
(242, 134, 7281)
(242, 180, 10558)
(242, 57, 12273)
(242, 228, 9704)
(242, 160, 32968)
(242, 115, 23004)
(242, 41, 32442)
(242, 190, 31345)
(242, 144, 13457)
(242, 120, 17370)
(242, 182, 18754)
(242, 84, 14483)
(242, 54, 20096)
(242, 154, 3095)
(242, 93, 12660)
(242, 32, 22640)
(242, 80, 1805)
(242, 149, 8133)
(242, 99, 1469)
(242, 78, 29156)
(242, 177, 880)
(242, 199, 31653)
(242, 61, 33676)
(242, 89, 17415)
(242, 216, 2098)
(242, 52, 372)
(242, 0, 11583)
(242, 29, 27822)
(242, 161, 30252)
(242, 126, 14652)
(242, 191, 2483)
(242, 37, 17117)
(242, 168, 7451)
(242, 97, 12481)
(242, 227, 22357)
(242, 22, 4130)
(242, 117, 9159)
(242, 58, 26742)
(242, 113, 27766)
(242, 172, 20993)
(242, 23, 5867)
(242, 215, 18590)
(242, 140, 14732)
(242, 128, 21479)
(242, 210, 20569)
(242, 91, 18815)
(242, 166, 2423)
(242, 202, 20673)
(242, 197, 24846)
(242, 175, 26692)
(242, 11, 30242)
(242, 34, 9034)
(242, 94, 5710)
(242, 102, 33079)
(242, 238, 8736)
(242, 136, 1339)
(242, 47, 5408)
(242, 65, 6919)
(242, 81, 15375)
(242, 90, 9626)
(242, 186, 26410)
(242, 239, 32250)
(242, 88, 3769)
(242, 56, 23319)
(242, 203, 17823)
(242, 7, 26368)
(242, 184, 22218)
(242, 82, 28764)
(242, 147, 19553)
(242, 121, 14011)
(242, 59, 3713)
(242, 70, 17285)
(242, 129, 24290)
(242, 170, 4462)
(242, 178, 1837)
(242, 21, 989)
(242, 229, 33088)
(242, 49, 17413)
(242, 214, 29623)
(242, 28, 11641)
(242, 123, 28149)
(242, 55, 21857)
(242, 10, 13014)
(242, 224, 11340)
(242, 64, 21877)
(242, 155, 10481)
(242, 119, 33023)
(242, 198, 7966)
(242, 125, 21119)
(242, 219, 33418)
(242, 173, 16633)
(242, 167, 26793)
(242, 141, 7)
(242, 103, 10367)
(242, 74, 32223)
(242, 1, 2874)
(242, 152, 20476)
(242, 106, 1357)
(242, 15, 33631)
(242, 38, 30134)
(242, 187, 25453)
(242, 40, 6236)
(242, 53, 6582)
(242, 4, 7687)
(242, 221, 5934)
(242, 43, 20994)
(242, 137, 28713)
(242, 158, 31370)
(242, 225, 31476)
(242, 116, 25738)
(242, 20, 25881)
(242, 179, 25638)
(242, 200, 25097)
(242, 236, 13179)
(242, 51, 12193)
(242, 156, 11886)
(242, 62, 32154)
(242, 118, 20016)
(242, 30, 25658)
(242, 235, 10560)
(242, 75, 25558)
(242, 138, 21895)
(242, 5, 27682)
(242, 95, 10136)
(242, 44, 19107)
(242, 12, 26752)
(242, 96, 7867)
(243, 192, 11856)
(243, 5, 14076)
(243, 52, 32440)
(243, 233, 21722)
(243, 63, 30085)
(243, 183, 740)
(243, 74, 32345)
(243, 2, 23419)
(243, 55, 23072)
(243, 120, 626)
(243, 235, 27204)
(243, 46, 18842)
(243, 216, 5625)
(243, 153, 26936)
(243, 182, 22800)
(243, 59, 18037)
(243, 139, 27105)
(243, 184, 26397)
(243, 219, 25332)
(243, 193, 11194)
(243, 70, 16922)
(243, 222, 26605)
(243, 224, 29617)
(243, 42, 11048)
(243, 220, 26873)
(243, 128, 9068)
(243, 121, 16310)
(243, 108, 5267)
(243, 136, 13613)
(243, 135, 24645)
(243, 82, 11640)
(243, 165, 3470)
(243, 28, 9277)
(243, 152, 22281)
(243, 150, 33707)
(243, 206, 3226)
(243, 186, 8077)
(243, 3, 15228)
(243, 14, 17331)
(243, 93, 11017)
(243, 130, 24674)
(244, 212, 31558)
(244, 193, 33161)
(244, 17, 6916)
(244, 234, 6841)
(244, 9, 19527)
(244, 7, 22817)
(244, 220, 32982)
(244, 141, 27829)
(244, 47, 16250)
(244, 223, 23395)
(244, 6, 21837)
(244, 56, 22583)
(244, 27, 18222)
(244, 86, 4942)
(244, 222, 9256)
(244, 63, 10009)
(244, 175, 27055)
(244, 76, 32951)
(244, 2, 16469)
(244, 240, 28990)
(244, 174, 18557)
(244, 238, 14603)
(244, 111, 29491)
(244, 64, 28811)
(244, 53, 13939)
(244, 26, 17835)
(244, 189, 29717)
(244, 20, 14520)
(244, 38, 19403)
(244, 206, 13469)
(244, 118, 6883)
(244, 97, 19881)
(244, 156, 10814)
(244, 36, 26519)
(244, 120, 14410)
(244, 62, 28812)
(244, 85, 8739)
(244, 136, 12121)
(244, 135, 22957)
(244, 241, 21458)
(244, 142, 256)
(244, 155, 31310)
(244, 204, 2844)
(244, 14, 31914)
(244, 243, 21016)
(244, 95, 10727)
(244, 144, 5993)
(244, 216, 24375)
(244, 89, 3561)
(244, 8, 25626)
(244, 226, 12983)
(244, 55, 27931)
(244, 200, 27208)
(244, 32, 16100)
(244, 202, 4908)
(244, 210, 5656)
(244, 215, 7114)
(244, 199, 6463)
(244, 24, 33531)
(244, 83, 18271)
(244, 84, 21138)
(244, 221, 16302)
(244, 12, 28586)
(244, 61, 9896)
(244, 158, 1810)
(244, 147, 7669)
(244, 48, 20054)
(244, 54, 6611)
(244, 185, 7416)
(244, 186, 2221)
(244, 114, 30018)
(244, 57, 13468)
(244, 160, 15504)
(244, 23, 11115)
(244, 219, 32258)
(244, 181, 1953)
(244, 171, 28284)
(244, 78, 9346)
(244, 130, 2507)
(244, 11, 11497)
(244, 45, 7548)
(244, 148, 17300)
(244, 104, 31424)
(244, 190, 29331)
(244, 167, 30156)
(244, 196, 7671)
(244, 67, 8374)
(244, 81, 19961)
(244, 182, 26239)
(244, 87, 10173)
(244, 39, 7034)
(244, 207, 4698)
(244, 40, 9692)
(244, 58, 9812)
(244, 71, 20923)
(244, 173, 9645)
(244, 16, 5620)
(244, 105, 27391)
(244, 80, 958)
(244, 90, 3143)
(244, 138, 5392)
(244, 180, 20894)
(244, 121, 15560)
(244, 162, 4832)
(244, 79, 31698)
(244, 77, 13462)
(244, 92, 16485)
(244, 70, 1204)
(244, 131, 388)
(244, 128, 20622)
(244, 115, 24731)
(244, 37, 14764)
(244, 170, 23975)
(244, 98, 18600)
(244, 151, 29086)
(244, 208, 29625)
(244, 232, 25823)
(244, 4, 10166)
(244, 51, 20057)
(244, 172, 5117)
(244, 110, 2878)
(244, 146, 19469)
(244, 145, 14801)
(244, 134, 3406)
(244, 109, 7253)
(244, 149, 18664)
(244, 88, 32323)
(244, 42, 9298)
(244, 224, 17897)
(244, 165, 22288)
(244, 10, 23548)
(244, 229, 9846)
(244, 169, 25849)
(244, 211, 18215)
(244, 127, 24571)
(244, 31, 1009)
(244, 19, 18092)
(244, 164, 12693)
(244, 3, 27308)
(244, 213, 22381)
(244, 187, 3661)
(244, 150, 11028)
(244, 106, 9588)
(244, 125, 23445)
(244, 73, 25211)
(244, 117, 32188)
(244, 122, 29087)
(244, 195, 13843)
(244, 13, 19276)
(244, 176, 4511)
(244, 66, 14342)
(244, 183, 5303)
(244, 30, 117)
(244, 163, 31569)
(244, 233, 30670)
(244, 153, 25374)
(244, 126, 25851)
(244, 119, 26178)
(244, 192, 23189)
(244, 203, 13622)
(244, 139, 22663)
(244, 184, 22581)
(244, 225, 19083)
(244, 217, 28350)
(244, 28, 11636)
(244, 152, 10241)
(244, 166, 15402)
(244, 157, 14869)
(244, 100, 3178)
(244, 72, 18014)
(244, 74, 33232)
(244, 99, 22382)
(244, 231, 4093)
(244, 101, 7806)
(244, 50, 26233)
(244, 154, 15601)
(244, 112, 10621)
(244, 82, 30025)
(244, 1, 28302)
(244, 91, 31741)
(244, 44, 25810)
(244, 194, 15507)
(244, 96, 17925)
(244, 137, 10715)
(244, 168, 31913)
(244, 34, 13501)
(244, 123, 32014)
(244, 29, 10427)
(244, 177, 13490)
(244, 161, 32294)
(244, 69, 30209)
(244, 107, 60)
(244, 35, 26126)
(244, 236, 13479)
(244, 133, 12564)
(244, 59, 18096)
(244, 108, 17137)
(244, 124, 19181)
(244, 22, 32848)
(244, 235, 31987)
(245, 109, 31659)
(245, 120, 20489)
(245, 11, 15877)
(245, 168, 5767)
(245, 1, 20452)
(245, 163, 22650)
(245, 30, 5682)
(245, 136, 21021)
(245, 87, 33266)
(245, 44, 50)
(245, 142, 30530)
(245, 28, 16703)
(245, 42, 28024)
(245, 158, 25537)
(245, 221, 22489)
(245, 141, 15336)
(245, 115, 22668)
(245, 137, 33732)
(245, 63, 5427)
(245, 100, 6015)
(245, 88, 13338)
(245, 201, 12565)
(245, 147, 13250)
(245, 92, 18158)
(245, 114, 6895)
(245, 96, 6777)
(245, 5, 22613)
(245, 174, 10933)
(245, 230, 25648)
(245, 69, 5816)
(245, 57, 31493)
(245, 50, 3139)
(245, 46, 5798)
(245, 210, 24413)
(245, 244, 1636)
(245, 166, 12485)
(245, 113, 11383)
(245, 202, 1258)
(245, 95, 27652)
(245, 107, 19818)
(245, 39, 19439)
(245, 26, 964)
(245, 154, 18322)
(245, 38, 13688)
(245, 85, 21752)
(245, 56, 28702)
(245, 67, 25257)
(245, 58, 32510)
(245, 45, 33330)
(245, 243, 31618)
(245, 223, 9353)
(245, 108, 13777)
(245, 171, 9937)
(245, 37, 20857)
(245, 78, 16354)
(245, 196, 6093)
(245, 10, 8222)
(245, 54, 3087)
(245, 89, 25797)
(245, 102, 7157)
(245, 124, 13735)
(245, 209, 11154)
(245, 103, 11226)
(245, 150, 17715)
(245, 7, 27637)
(245, 32, 18285)
(245, 224, 24131)
(245, 214, 11736)
(245, 134, 23811)
(245, 111, 23970)
(245, 199, 24561)
(245, 126, 5677)
(245, 48, 3466)
(245, 216, 2338)
(245, 240, 23486)
(245, 169, 14865)
(245, 70, 24508)
(245, 127, 8817)
(245, 13, 5717)
(245, 172, 154)
(245, 25, 32290)
(245, 41, 18875)
(245, 241, 30338)
(245, 194, 23452)
(245, 151, 2710)
(245, 178, 12592)
(245, 12, 21207)
(245, 73, 29731)
(245, 43, 32046)
(245, 104, 18944)
(245, 18, 4708)
(245, 128, 18265)
(245, 146, 20864)
(245, 206, 24066)
(245, 27, 7358)
(245, 176, 667)
(245, 91, 15091)
(245, 139, 11272)
(245, 175, 26795)
(245, 207, 16097)
(245, 84, 18543)
(245, 40, 1381)
(245, 204, 20408)
(245, 77, 9954)
(245, 153, 11571)
(245, 15, 10456)
(245, 21, 12269)
(245, 149, 18468)
(245, 49, 18629)
(245, 138, 28406)
(245, 6, 2086)
(245, 159, 29828)
(245, 170, 29771)
(245, 22, 30856)
(245, 236, 6943)
(245, 211, 19830)
(245, 145, 5774)
(245, 193, 9949)
(245, 181, 10634)
(245, 14, 11862)
(245, 98, 10233)
(245, 220, 11649)
(245, 156, 21982)
(245, 161, 18736)
(245, 122, 24441)
(245, 75, 27110)
(245, 177, 4053)
(245, 164, 1996)
(245, 116, 19517)
(245, 197, 4375)
(245, 123, 1052)
(245, 152, 5082)
(245, 64, 23472)
(245, 72, 14795)
(245, 162, 37)
(245, 119, 20737)
(245, 183, 12918)
(245, 20, 8387)
(245, 222, 29758)
(245, 242, 18896)
(245, 217, 16316)
(245, 23, 32068)
(245, 184, 31903)
(245, 2, 22149)
(245, 112, 19211)
(245, 62, 15281)
(245, 219, 25818)
(245, 61, 25389)
(245, 234, 28639)
(245, 71, 15096)
(245, 212, 10892)
(245, 9, 11743)
(245, 218, 30957)
(245, 135, 8471)
(245, 93, 26665)
(245, 188, 5487)
(245, 0, 32130)
(245, 173, 21584)
(245, 82, 43)
(245, 19, 32645)
(245, 34, 24206)
(245, 79, 10279)
(245, 225, 12329)
(245, 59, 2122)
(245, 8, 27367)
(245, 68, 24100)
(245, 31, 7273)
(245, 76, 17345)
(245, 140, 29112)
(245, 155, 14396)
(245, 200, 27764)
(245, 191, 8780)
(245, 53, 9126)
(245, 94, 17769)
(245, 86, 24380)
(245, 238, 8533)
(245, 35, 4223)
(245, 192, 16054)
(245, 129, 14252)
(245, 121, 32432)
(245, 110, 9964)
(245, 90, 11635)
(245, 33, 2025)
(245, 205, 17009)
(245, 187, 24885)
(245, 233, 29319)
(245, 237, 2916)
(245, 36, 8499)
(245, 185, 12811)
(245, 105, 9766)
(245, 160, 8590)
(245, 165, 21809)
(245, 47, 29677)
(245, 182, 15048)
(245, 29, 39)
(245, 4, 21847)
(245, 16, 19394)
(245, 24, 4037)
(245, 227, 20041)
(245, 189, 1590)
(245, 195, 13989)
(245, 51, 7695)
(245, 232, 27149)
(245, 190, 32316)
(245, 60, 1160)
(245, 144, 26183)
(245, 106, 2854)
(245, 179, 32799)
(245, 186, 28646)
(245, 3, 2868)
(245, 198, 4024)
(245, 143, 30449)
(245, 74, 15122)
(245, 180, 24656)
(245, 17, 11086)
(245, 229, 3712)
(245, 133, 337)
(245, 132, 4861)
(245, 228, 30732)
(245, 203, 22367)
(245, 52, 23836)
(245, 231, 24310)
(245, 118, 21631)
(245, 208, 6085)
(245, 130, 15774)
(245, 99, 14771)
(245, 80, 26086)
(245, 167, 30234)
(245, 226, 845)
(246, 24, 24411)
(246, 193, 29101)
(246, 151, 20201)
(246, 167, 3131)
(246, 33, 20292)
(246, 205, 8944)
(246, 119, 19995)
(246, 152, 25570)
(246, 228, 11362)
(246, 245, 12507)
(246, 35, 26025)
(246, 6, 16201)
(246, 34, 15475)
(246, 100, 22721)
(246, 139, 2220)
(246, 217, 9030)
(246, 190, 28720)
(246, 172, 23720)
(246, 117, 3665)
(246, 180, 17286)
(246, 47, 22709)
(246, 150, 1948)
(246, 49, 31952)
(246, 46, 29664)
(246, 221, 25870)
(246, 18, 2697)
(246, 227, 2142)
(246, 77, 33060)
(246, 123, 18416)
(246, 202, 21011)
(246, 164, 32040)
(246, 79, 28556)
(246, 175, 764)
(246, 230, 19085)
(246, 131, 6792)
(246, 197, 33611)
(246, 187, 1141)
(246, 8, 9147)
(246, 195, 12552)
(246, 143, 4106)
(246, 53, 4357)
(246, 60, 11538)
(246, 142, 20842)
(246, 13, 14066)
(246, 61, 13575)
(246, 149, 18293)
(246, 50, 16259)
(246, 215, 8818)
(246, 137, 20205)
(246, 148, 17048)
(246, 154, 5931)
(246, 11, 20466)
(246, 25, 28089)
(246, 182, 3622)
(246, 101, 20003)
(246, 158, 13781)
(246, 176, 13955)
(246, 27, 22398)
(246, 191, 21544)
(246, 62, 21421)
(246, 16, 4207)
(246, 237, 21054)
(246, 216, 27183)
(246, 201, 20965)
(246, 127, 17734)
(246, 214, 28341)
(246, 121, 32606)
(246, 39, 32789)
(246, 90, 20806)
(246, 73, 23422)
(246, 112, 31385)
(246, 159, 8179)
(246, 199, 25524)
(246, 170, 13278)
(246, 64, 29514)
(246, 128, 17076)
(246, 173, 26520)
(246, 113, 14325)
(246, 2, 29932)
(246, 36, 308)
(246, 31, 16909)
(246, 95, 13202)
(246, 225, 17614)
(246, 98, 2109)
(246, 145, 6428)
(246, 229, 2650)
(246, 97, 16724)
(246, 89, 6327)
(246, 157, 20995)
(246, 125, 2182)
(246, 141, 15664)
(246, 63, 13199)
(246, 242, 1240)
(246, 70, 12735)
(246, 57, 17077)
(246, 183, 1382)
(246, 19, 9097)
(246, 181, 8570)
(246, 243, 13452)
(246, 108, 26587)
(246, 169, 21992)
(246, 222, 14183)
(246, 223, 26375)
(246, 174, 3985)
(246, 9, 8609)
(246, 122, 33392)
(246, 231, 9283)
(246, 7, 19919)
(246, 4, 18147)
(246, 1, 29165)
(246, 106, 31293)
(246, 196, 12746)
(246, 208, 9552)
(246, 198, 31894)
(246, 124, 27088)
(246, 69, 4749)
(246, 130, 6199)
(246, 226, 4760)
(246, 59, 24564)
(246, 114, 15439)
(246, 17, 21451)
(246, 116, 12845)
(246, 75, 20197)
(246, 74, 248)
(246, 72, 12832)
(246, 44, 25554)
(246, 68, 31145)
(246, 52, 6668)
(246, 160, 2965)
(246, 32, 25334)
(246, 171, 2652)
(246, 5, 26392)
(246, 37, 28053)
(246, 15, 2375)
(246, 67, 5833)
(246, 3, 14212)
(246, 88, 14190)
(246, 178, 7024)
(246, 76, 17065)
(246, 204, 26744)
(246, 163, 13440)
(246, 238, 6421)
(246, 189, 30428)
(246, 185, 19801)
(246, 54, 30970)
(246, 109, 15279)
(246, 105, 5356)
(246, 244, 25663)
(246, 103, 3111)
(246, 136, 10049)
(246, 161, 441)
(246, 210, 7647)
(246, 207, 14782)
(246, 0, 17153)
(246, 126, 28187)
(246, 166, 30629)
(246, 51, 22307)
(247, 30, 20119)
(247, 163, 18816)
(247, 141, 26371)
(247, 8, 17451)
(247, 49, 16287)
(247, 102, 7612)
(247, 78, 28589)
(247, 53, 21211)
(247, 168, 22208)
(247, 67, 30502)
(247, 179, 22978)
(247, 28, 9678)
(247, 10, 27537)
(247, 232, 30352)
(247, 45, 25693)
(247, 103, 9285)
(247, 184, 27234)
(247, 26, 28183)
(247, 161, 2197)
(247, 131, 2800)
(247, 77, 6035)
(247, 206, 12102)
(247, 155, 20667)
(247, 15, 1132)
(247, 0, 19322)
(247, 142, 23384)
(247, 135, 1527)
(247, 88, 30332)
(247, 98, 17233)
(247, 244, 11644)
(247, 106, 33226)
(247, 130, 10354)
(247, 219, 4536)
(247, 246, 14039)
(247, 188, 14414)
(247, 55, 22851)
(247, 52, 12611)
(247, 174, 17884)
(247, 39, 10280)
(247, 224, 22962)
(247, 34, 23525)
(247, 185, 10806)
(247, 157, 8099)
(247, 210, 31871)
(247, 91, 29487)
(247, 11, 28786)
(247, 125, 1159)
(247, 73, 29419)
(247, 56, 21353)
(247, 50, 19593)
(247, 164, 31211)
(247, 22, 6669)
(247, 66, 7022)
(247, 90, 8954)
(247, 178, 13466)
(247, 140, 21550)
(247, 134, 24455)
(247, 197, 27601)
(247, 40, 21790)
(247, 191, 25589)
(247, 46, 28388)
(247, 154, 15202)
(247, 24, 19440)
(247, 58, 9072)
(247, 48, 30262)
(247, 146, 25458)
(247, 126, 14451)
(247, 63, 26785)
(247, 145, 20586)
(247, 245, 13648)
(247, 196, 13348)
(247, 65, 23557)
(247, 86, 18813)
(247, 114, 18089)
(247, 23, 26556)
(247, 124, 11737)
(247, 181, 27035)
(247, 156, 30910)
(247, 150, 10110)
(247, 205, 14352)
(247, 44, 7028)
(247, 121, 33577)
(247, 229, 32115)
(247, 238, 23698)
(247, 29, 26942)
(247, 187, 14175)
(247, 234, 6494)
(247, 54, 12377)
(247, 35, 19850)
(247, 180, 22812)
(247, 223, 32412)
(247, 62, 23332)
(247, 202, 33421)
(247, 153, 19169)
(247, 108, 15890)
(247, 230, 17081)
(247, 27, 1247)
(247, 115, 22309)
(247, 43, 22755)
(247, 57, 7880)
(247, 221, 29939)
(247, 139, 18549)
(247, 225, 5530)
(247, 190, 9984)
(247, 211, 20762)
(247, 212, 26062)
(247, 240, 19496)
(247, 51, 10794)
(247, 162, 30948)
(247, 17, 14466)
(247, 21, 30485)
(247, 80, 31044)
(247, 200, 28882)
(247, 138, 2857)
(247, 148, 32724)
(247, 100, 27651)
(247, 143, 2676)
(247, 68, 22063)
(247, 25, 23314)
(247, 227, 4770)
(247, 111, 33476)
(247, 70, 11873)
(247, 38, 13482)
(247, 222, 22550)
(247, 92, 7589)
(247, 235, 9579)
(247, 160, 8778)
(247, 214, 10143)
(247, 72, 1155)
(247, 186, 8372)
(247, 169, 30392)
(247, 76, 19804)
(247, 32, 26316)
(247, 159, 23212)
(247, 149, 33238)
(247, 99, 8697)
(247, 128, 12330)
(247, 19, 17053)
(247, 4, 2817)
(247, 166, 524)
(247, 93, 18715)
(247, 172, 9379)
(247, 122, 19313)
(247, 94, 10820)
(247, 165, 22117)
(247, 242, 9993)
(247, 195, 8690)
(247, 207, 7666)
(247, 199, 28432)
(247, 220, 12860)
(247, 198, 20845)
(247, 64, 3123)
(247, 176, 7664)
(247, 87, 26654)
(247, 226, 32749)
(247, 112, 25226)
(247, 129, 23466)
(247, 110, 23570)
(247, 213, 29670)
(247, 117, 1442)
(247, 96, 15775)
(247, 101, 6294)
(247, 42, 4823)
(247, 83, 28188)
(247, 20, 13869)
(247, 18, 8870)
(247, 201, 7129)
(247, 47, 3700)
(247, 118, 10492)
(247, 5, 11595)
(247, 41, 27248)
(247, 237, 27302)
(247, 107, 2330)
(247, 236, 32559)
(247, 75, 9236)
(247, 33, 21212)
(247, 189, 848)
(247, 119, 6982)
(247, 216, 6143)
(247, 233, 15291)
(247, 209, 22846)
(247, 241, 24921)
(247, 6, 32304)
(247, 177, 1911)
(247, 144, 20124)
(247, 61, 4250)
(247, 243, 7649)
(247, 151, 31979)
(247, 228, 8162)
(247, 215, 1344)
(247, 16, 3279)
(247, 203, 26357)
(247, 194, 27336)
(247, 239, 1074)
(247, 182, 16791)
(247, 231, 14015)
(247, 116, 27458)
(247, 7, 24377)
(247, 36, 1387)
(247, 192, 27842)
(247, 109, 1665)
(247, 37, 10392)
(247, 152, 9582)
(247, 3, 17110)
(247, 1, 12793)
(247, 14, 4542)
(247, 133, 1741)
(247, 136, 8109)
(247, 79, 12933)
(247, 218, 33532)
(247, 59, 14283)
(247, 105, 28550)
(247, 173, 12441)
(247, 113, 30642)
(247, 120, 4350)
(247, 71, 23048)
(247, 171, 3267)
(247, 123, 20691)
(247, 2, 32854)
(247, 74, 2520)
(247, 12, 2859)
(247, 31, 11749)
(247, 175, 7974)
(247, 193, 30326)
(247, 208, 19718)
(247, 69, 31931)
(247, 167, 1355)
(247, 183, 9400)
(247, 170, 1342)
(247, 13, 5049)
(247, 137, 31970)
(247, 147, 7856)
(247, 81, 32133)
(247, 158, 21714)
(247, 95, 4127)
(247, 89, 26545)
(247, 60, 9060)
(248, 96, 31250)
(248, 164, 32557)
(248, 80, 10282)
(248, 28, 10595)
(248, 191, 18190)
(248, 232, 19965)
(248, 179, 1359)
(248, 23, 27742)
(248, 34, 14014)
(248, 205, 14168)
(248, 140, 22621)
(248, 20, 23740)
(248, 155, 10960)
(248, 32, 3484)
(248, 153, 31555)
(248, 115, 31668)
(248, 64, 29713)
(248, 83, 31934)
(248, 217, 31504)
(248, 60, 2540)
(248, 65, 14797)
(248, 235, 30207)
(248, 208, 5723)
(248, 92, 7909)
(248, 15, 20621)
(248, 122, 7938)
(248, 131, 17565)
(248, 193, 6551)
(248, 224, 27526)
(248, 46, 965)
(248, 57, 986)
(248, 117, 3724)
(248, 16, 30682)
(248, 7, 22273)
(248, 25, 23428)
(249, 70, 26196)
(249, 209, 6062)
(249, 186, 5674)
(249, 188, 11720)
(249, 17, 3245)
(249, 155, 8657)
(249, 52, 23994)
(249, 59, 9045)
(249, 174, 17308)
(249, 145, 16043)
(249, 26, 4136)
(249, 135, 3140)
(249, 31, 26450)
(249, 84, 12439)
(249, 106, 23230)
(249, 118, 26694)
(249, 19, 31173)
(249, 150, 30125)
(249, 74, 16775)
(249, 133, 12124)
(249, 138, 21680)
(249, 223, 26753)
(249, 93, 24229)
(249, 164, 14899)
(249, 170, 22057)
(249, 144, 5696)
(249, 140, 15994)
(249, 179, 29632)
(249, 44, 12524)
(249, 107, 23177)
(249, 57, 8805)
(249, 211, 12778)
(249, 134, 30762)
(249, 97, 24746)
(249, 225, 10149)
(249, 203, 15704)
(249, 95, 22458)
(249, 242, 12923)
(249, 206, 14589)
(249, 47, 3015)
(249, 49, 33112)
(249, 227, 33110)
(249, 92, 17420)
(249, 168, 13329)
(249, 128, 1127)
(249, 229, 10686)
(249, 237, 8157)
(249, 105, 26013)
(249, 208, 18359)
(249, 12, 3216)
(249, 169, 4990)
(249, 115, 8549)
(249, 152, 18493)
(249, 66, 7449)
(249, 230, 25043)
(249, 224, 27037)
(249, 7, 9929)
(249, 102, 21146)
(249, 185, 31179)
(249, 175, 5189)
(249, 116, 13163)
(249, 22, 31853)
(249, 32, 22772)
(249, 90, 18201)
(249, 201, 9168)
(249, 143, 30261)
(249, 45, 32279)
(249, 63, 19104)
(249, 15, 20938)
(249, 243, 25346)
(249, 161, 18503)
(249, 149, 22477)
(249, 41, 24126)
(249, 199, 14265)
(249, 64, 19640)
(249, 109, 21432)
(249, 55, 16089)
(249, 9, 2546)
(249, 123, 25561)
(249, 204, 16130)
(249, 184, 33097)
(249, 13, 1260)
(249, 166, 4911)
(249, 122, 28323)
(249, 157, 673)
(249, 35, 12434)
(249, 1, 32939)
(249, 50, 14984)
(249, 154, 11490)
(249, 148, 3166)
(249, 28, 14279)
(249, 239, 24089)
(249, 33, 5507)
(249, 94, 9976)
(249, 108, 22161)
(249, 6, 13200)
(249, 234, 25805)
(249, 120, 12258)
(249, 165, 2442)
(249, 34, 14831)
(249, 210, 2351)
(249, 182, 5048)
(249, 130, 1739)
(249, 244, 7099)
(249, 216, 1783)
(249, 53, 10612)
(249, 202, 25473)
(249, 91, 31494)
(249, 153, 32910)
(249, 156, 30432)
(249, 132, 5608)
(249, 158, 8065)
(249, 114, 15846)
(249, 23, 18319)
(249, 126, 4438)
(249, 88, 25068)
(249, 195, 1912)
(249, 215, 24322)
(249, 81, 2575)
(249, 136, 13265)
(249, 30, 20649)
(249, 131, 16886)
(249, 101, 1748)
(249, 124, 18699)
(249, 221, 21805)
(249, 197, 23960)
(249, 160, 8992)
(249, 103, 23967)
(249, 189, 12668)
(249, 77, 17231)
(249, 86, 23301)
(249, 192, 31841)
(249, 20, 3604)
(249, 58, 9428)
(249, 4, 5704)
(249, 14, 17572)
(249, 46, 15847)
(249, 62, 33734)
(249, 151, 16685)
(249, 85, 7776)
(249, 180, 4444)
(249, 71, 12647)
(249, 190, 25576)
(249, 198, 11628)
(249, 25, 10141)
(249, 117, 13463)
(249, 196, 19308)
(249, 10, 2880)
(249, 233, 12472)
(249, 172, 13667)
(249, 3, 1871)
(249, 146, 29387)
(249, 187, 26417)
(249, 193, 24841)
(249, 39, 1773)
(249, 235, 19754)
(249, 248, 28340)
(249, 181, 27061)
(249, 129, 13342)
(249, 5, 27388)
(249, 125, 4497)
(249, 162, 18061)
(249, 43, 15557)
(249, 21, 17154)
(249, 87, 32892)
(249, 104, 14818)
(249, 79, 16812)
(249, 241, 15905)
(249, 18, 82)
(249, 98, 32116)
(249, 8, 24671)
(249, 75, 23685)
(249, 245, 22526)
(249, 177, 15063)
(249, 37, 13866)
(249, 183, 18435)
(249, 246, 24176)
(249, 40, 3186)
(249, 82, 22324)
(249, 2, 19350)
(249, 127, 17978)
(249, 89, 33620)
(249, 121, 7181)
(249, 147, 25604)
(249, 24, 5566)
(249, 228, 13824)
(249, 38, 16276)
(249, 83, 14389)
(249, 200, 32604)
(249, 205, 17016)
(249, 173, 33538)
(249, 119, 31743)
(249, 16, 30022)
(249, 238, 8482)
(249, 212, 1885)
(249, 214, 21368)
(249, 159, 19874)
(249, 137, 3490)
(249, 111, 2345)
(249, 29, 21700)
(249, 80, 22451)
(249, 69, 21864)
(249, 73, 8834)
(250, 70, 31621)
(250, 200, 9050)
(250, 29, 32670)
(250, 167, 32620)
(250, 210, 3931)
(250, 192, 27658)
(250, 9, 22538)
(250, 147, 32543)
(250, 224, 21843)
(250, 153, 32739)
(250, 35, 1153)
(250, 223, 16874)
(250, 199, 17744)
(250, 43, 23470)
(250, 118, 13020)
(250, 7, 29592)
(250, 26, 28337)
(250, 146, 21732)
(250, 16, 2112)
(250, 49, 13096)
(250, 231, 3537)
(250, 64, 26354)
(250, 143, 4590)
(250, 156, 28132)
(250, 157, 20545)
(250, 63, 22183)
(250, 165, 685)
(250, 73, 31530)
(250, 219, 20050)
(250, 91, 32356)
(250, 230, 16215)
(250, 14, 16159)
(250, 47, 4776)
(250, 128, 30508)
(250, 117, 10299)
(250, 39, 29070)
(250, 154, 32731)
(250, 103, 25569)
(250, 236, 20318)
(250, 80, 9118)
(250, 160, 17719)
(250, 69, 12638)
(250, 139, 27736)
(250, 57, 6685)
(250, 131, 18346)
(250, 102, 9461)
(250, 10, 12700)
(250, 209, 28546)
(250, 218, 5081)
(250, 101, 33422)
(250, 190, 66)
(250, 184, 12635)
(250, 6, 19068)
(250, 243, 25541)
(250, 197, 16617)
(250, 238, 8314)
(250, 204, 2581)
(250, 51, 3885)
(250, 142, 26384)
(250, 248, 2548)
(250, 240, 8862)
(250, 40, 19196)
(250, 126, 31954)
(250, 92, 9587)
(250, 215, 11159)
(250, 136, 3849)
(250, 55, 16067)
(250, 48, 21597)
(250, 144, 20092)
(250, 41, 7815)
(250, 56, 3287)
(250, 25, 11980)
(250, 1, 21724)
(250, 110, 22720)
(250, 151, 5090)
(250, 61, 7037)
(250, 15, 32106)
(250, 87, 8128)
(250, 235, 27702)
(250, 76, 16248)
(250, 233, 20034)
(250, 249, 2921)
(250, 86, 23069)
(250, 34, 22350)
(250, 93, 33604)
(250, 175, 32771)
(250, 52, 31564)
(250, 193, 26628)
(250, 155, 4137)
(250, 172, 29388)
(250, 225, 12169)
(250, 137, 376)
(250, 5, 15421)
(250, 152, 10490)
(250, 74, 26543)
(250, 163, 6791)
(250, 104, 31440)
(250, 177, 20269)
(250, 176, 20788)
(250, 173, 6901)
(250, 214, 3460)
(250, 17, 14494)
(250, 22, 19450)
(250, 168, 27187)
(250, 113, 10791)
(250, 140, 28778)
(250, 28, 29865)
(250, 96, 18595)
(250, 24, 32489)
(250, 213, 31840)
(250, 122, 4433)
(250, 187, 19805)
(250, 33, 17462)
(250, 169, 25399)
(250, 202, 20230)
(250, 185, 2999)
(250, 66, 8602)
(250, 31, 10803)
(250, 12, 2980)
(250, 68, 29595)
(250, 174, 15762)
(250, 159, 22889)
(250, 67, 1762)
(250, 98, 11472)
(250, 242, 6351)
(250, 106, 13701)
(250, 95, 8241)
(250, 62, 28841)
(250, 227, 16096)
(250, 4, 23545)
(250, 50, 4097)
(250, 194, 12412)
(250, 247, 16752)
(250, 196, 8093)
(250, 21, 24212)
(250, 166, 30421)
(250, 83, 5109)
(250, 161, 15034)
(250, 65, 17979)
(250, 132, 10151)
(250, 38, 3300)
(250, 82, 27346)
(250, 88, 18409)
(250, 180, 16222)
(250, 216, 28330)
(250, 123, 10383)
(250, 121, 15936)
(250, 112, 1769)
(250, 129, 21264)
(250, 241, 23278)
(250, 54, 15404)
(250, 32, 13295)
(250, 89, 14341)
(250, 232, 1654)
(250, 246, 3913)
(250, 94, 7819)
(250, 181, 2499)
(250, 188, 157)
(250, 237, 27533)
(250, 201, 6302)
(250, 59, 18528)
(250, 8, 17868)
(250, 85, 7570)
(250, 20, 22234)
(250, 222, 6617)
(250, 3, 33649)
(250, 58, 27579)
(250, 135, 29575)
(250, 99, 6309)
(250, 145, 25581)
(250, 75, 6772)
(250, 179, 18072)
(250, 79, 9297)
(250, 195, 8524)
(250, 114, 32863)
(250, 207, 19158)
(250, 221, 202)
(250, 234, 24634)
(250, 78, 16028)
(250, 245, 5416)
(250, 133, 30461)
(250, 124, 5263)
(250, 0, 11826)
(250, 191, 13979)
(250, 125, 26010)
(250, 189, 25716)
(250, 44, 9349)
(250, 158, 13665)
(250, 171, 14962)
(250, 220, 10138)
(250, 46, 12728)
(250, 229, 9040)
(250, 45, 2649)
(250, 37, 7495)
(250, 183, 1212)
(250, 105, 29548)
(250, 18, 18697)
(250, 19, 29999)
(250, 226, 5543)
(250, 198, 30455)
(250, 203, 30716)
(250, 141, 7977)
(250, 84, 25006)
(250, 178, 15543)
(250, 81, 8248)
(250, 71, 4522)
(250, 182, 21997)
(250, 30, 29185)
(250, 2, 3044)
(250, 109, 10012)
(250, 13, 23145)
(250, 150, 33087)
(250, 164, 8089)
(250, 27, 10756)
(250, 149, 21012)
(250, 115, 28792)
(250, 244, 25386)
(250, 60, 31671)
(250, 186, 31013)
(250, 239, 30431)
(250, 11, 25099)
(250, 148, 6067)
(250, 97, 18091)
(250, 36, 11427)
(250, 130, 2983)
(250, 108, 8656)
(250, 127, 22014)
(250, 162, 1844)
(250, 138, 28946)
(250, 205, 21338)
(250, 134, 4728)
(250, 90, 12128)
(250, 116, 28429)
(250, 212, 14264)
(250, 211, 12471)
(250, 206, 14712)
(250, 23, 11418)
(250, 217, 5618)
(250, 208, 10502)
(250, 53, 18024)
(250, 100, 6790)
(250, 170, 13381)
(250, 77, 7360)
(250, 107, 6541)
(250, 42, 3921)
(250, 111, 10142)
(251, 63, 30126)
(251, 13, 19776)
(251, 122, 16963)
(251, 202, 11910)
(251, 35, 3396)
(251, 139, 15986)
(251, 48, 3848)
(251, 231, 9448)
(251, 149, 29397)
(251, 51, 22326)
(251, 203, 32891)
(251, 153, 23640)
(251, 52, 2210)
(251, 172, 24840)
(251, 4, 28122)
(251, 26, 15014)
(251, 159, 14100)
(251, 111, 21644)
(251, 221, 24871)
(251, 39, 25647)
(251, 106, 32407)
(251, 44, 4767)
(251, 238, 21462)
(251, 120, 18270)
(251, 190, 30710)
(251, 33, 5730)
(251, 65, 25252)
(251, 99, 13032)
(251, 81, 1500)
(251, 228, 3698)
(251, 178, 17322)
(251, 82, 14001)
(251, 138, 18120)
(251, 213, 28100)
(251, 84, 21280)
(251, 23, 9519)
(251, 112, 10678)
(251, 31, 8400)
(251, 70, 1025)
(251, 189, 14828)
(251, 173, 16471)
(251, 141, 15907)
(251, 83, 9452)
(251, 136, 12701)
(251, 96, 31389)
(251, 230, 18731)
(251, 74, 29917)
(251, 71, 30993)
(251, 239, 14424)
(251, 79, 13704)
(251, 5, 33613)
(251, 224, 30447)
(251, 75, 11761)
(251, 130, 10705)
(251, 240, 16875)
(251, 188, 13921)
(251, 66, 12600)
(251, 78, 16747)
(251, 113, 27588)
(251, 137, 22743)
(251, 155, 17860)
(251, 169, 23420)
(251, 161, 33200)
(251, 60, 13221)
(251, 216, 31280)
(251, 143, 19045)
(251, 167, 31368)
(251, 227, 9300)
(251, 174, 8340)
(251, 165, 945)
(251, 212, 1326)
(251, 20, 20908)
(251, 87, 8292)
(251, 170, 6845)
(251, 69, 18818)
(251, 146, 23875)
(251, 25, 11199)
(251, 30, 16792)
(251, 94, 6740)
(251, 40, 16125)
(251, 64, 9005)
(251, 41, 11088)
(251, 61, 5146)
(251, 195, 22001)
(251, 117, 7217)
(251, 132, 10777)
(251, 67, 17423)
(251, 108, 15097)
(251, 198, 9495)
(251, 8, 17826)
(251, 49, 17752)
(251, 56, 23303)
(251, 220, 207)
(251, 32, 18325)
(251, 42, 26349)
(251, 73, 22127)
(251, 114, 31930)
(251, 181, 17191)
(251, 208, 3121)
(251, 191, 16839)
(251, 166, 6318)
(251, 128, 44)
(251, 85, 25636)
(251, 38, 7803)
(251, 80, 17822)
(251, 160, 13321)
(251, 12, 1526)
(251, 1, 12870)
(251, 102, 24816)
(251, 88, 14204)
(251, 147, 17529)
(251, 184, 25896)
(251, 58, 21891)
(251, 93, 10900)
(251, 131, 23235)
(251, 219, 10963)
(251, 233, 28551)
(251, 105, 15042)
(251, 234, 2833)
(251, 22, 12209)
(251, 9, 33686)
(251, 197, 2217)
(251, 91, 7317)
(251, 54, 10700)
(251, 182, 8781)
(251, 186, 10712)
(252, 7, 896)
(252, 16, 22146)
(252, 122, 40)
(252, 121, 33780)
(252, 228, 20817)
(252, 51, 6979)
(252, 9, 4703)
(252, 167, 16202)
(252, 175, 5910)
(252, 214, 2273)
(252, 1, 4104)
(252, 123, 20237)
(252, 245, 29490)
(252, 104, 15467)
(252, 223, 31806)
(252, 30, 23692)
(252, 147, 15712)
(252, 61, 7033)
(252, 53, 9740)
(252, 24, 14993)
(252, 226, 24807)
(252, 241, 23909)
(252, 251, 1229)
(252, 42, 25933)
(252, 171, 10495)
(252, 236, 33387)
(252, 204, 29953)
(252, 91, 11774)
(252, 73, 12789)
(252, 101, 28680)
(252, 37, 26403)
(252, 193, 5075)
(252, 162, 24776)
(252, 161, 11339)
(252, 179, 26517)
(252, 151, 5983)
(252, 41, 28064)
(252, 82, 33535)
(252, 247, 32998)
(252, 177, 4382)
(252, 239, 31419)
(252, 164, 3181)
(252, 218, 4831)
(252, 35, 32355)
(252, 117, 89)
(252, 72, 10663)
(252, 77, 5963)
(252, 85, 32296)
(252, 119, 28731)
(252, 44, 24378)
(252, 76, 1707)
(252, 233, 31639)
(252, 88, 32460)
(252, 212, 19088)
(252, 150, 5952)
(252, 84, 7245)
(252, 152, 28543)
(252, 67, 2914)
(252, 3, 16122)
(252, 18, 4439)
(252, 201, 1171)
(252, 153, 4808)
(252, 227, 18397)
(252, 47, 30639)
(252, 36, 30973)
(252, 205, 15938)
(252, 115, 3522)
(252, 143, 2563)
(252, 246, 16918)
(252, 124, 10042)
(252, 8, 17148)
(252, 68, 22201)
(252, 240, 17132)
(252, 135, 11522)
(252, 155, 28587)
(252, 178, 5515)
(252, 132, 23738)
(252, 220, 25054)
(252, 127, 26884)
(252, 202, 11066)
(252, 139, 10203)
(252, 126, 9673)
(252, 194, 6149)
(252, 100, 26315)
(252, 19, 22519)
(252, 78, 20282)
(252, 181, 20485)
(252, 28, 20744)
(252, 183, 15400)
(252, 242, 31684)
(252, 39, 21042)
(252, 112, 4222)
(252, 148, 12548)
(252, 192, 8422)
(252, 111, 4506)
(252, 13, 8378)
(252, 29, 18960)
(252, 229, 2059)
(252, 207, 27922)
(252, 66, 26461)
(252, 156, 23856)
(252, 23, 11709)
(252, 99, 3992)
(252, 90, 12171)
(252, 95, 23243)
(252, 74, 7344)
(252, 113, 7410)
(252, 48, 5830)
(252, 14, 18611)
(252, 210, 11866)
(252, 199, 12906)
(252, 38, 21310)
(252, 118, 13227)
(252, 138, 20630)
(252, 215, 28937)
(252, 133, 22891)
(252, 87, 17966)
(252, 145, 20141)
(252, 10, 21220)
(252, 32, 24806)
(252, 34, 23691)
(252, 169, 15189)
(252, 116, 8915)
(252, 216, 1020)
(252, 232, 12950)
(252, 45, 32386)
(252, 224, 19395)
(252, 243, 22858)
(252, 172, 5783)
(252, 209, 5481)
(252, 238, 20566)
(252, 49, 25372)
(252, 208, 14221)
(252, 250, 32270)
(252, 190, 23733)
(252, 58, 5013)
(252, 108, 26264)
(252, 185, 3513)
(252, 52, 2609)
(252, 234, 8338)
(252, 75, 22150)
(252, 2, 26854)
(252, 154, 6688)
(252, 206, 24496)
(252, 158, 33282)
(252, 249, 13812)
(252, 20, 28684)
(252, 136, 4360)
(252, 71, 15067)
(252, 131, 17130)
(252, 170, 17288)
(252, 26, 31091)
(252, 159, 24857)
(252, 189, 909)
(252, 141, 32436)
(252, 166, 29149)
(252, 70, 3531)
(252, 149, 24602)
(252, 200, 19972)
(252, 217, 10981)
(252, 213, 2312)
(252, 231, 4309)
(252, 98, 8688)
(252, 130, 29014)
(252, 146, 23668)
(252, 107, 15949)
(252, 182, 10368)
(252, 80, 20019)
(252, 196, 2959)
(252, 157, 18761)
(252, 54, 20880)
(253, 24, 2666)
(253, 30, 8787)
(253, 74, 28233)
(253, 162, 13814)
(253, 21, 21750)
(253, 100, 25198)
(253, 211, 15571)
(253, 123, 13404)
(253, 59, 17493)
(253, 73, 20627)
(253, 176, 30069)
(253, 103, 9092)
(253, 87, 15643)
(253, 250, 5292)
(253, 121, 11447)
(253, 183, 17229)
(253, 61, 28583)
(253, 11, 32916)
(253, 112, 5105)
(253, 130, 5779)
(253, 228, 24813)
(253, 107, 16945)
(253, 8, 22790)
(253, 133, 20506)
(253, 199, 26941)
(253, 144, 17484)
(253, 218, 23304)
(253, 160, 22894)
(253, 89, 20549)
(253, 28, 32972)
(253, 210, 19029)
(253, 156, 30152)
(253, 68, 11207)
(253, 147, 27275)
(253, 241, 15744)
(253, 169, 11433)
(253, 138, 33028)
(253, 202, 1156)
(253, 93, 31084)
(253, 200, 8809)
(253, 128, 3920)
(253, 55, 8716)
(253, 203, 19294)
(253, 83, 1521)
(253, 238, 30729)
(253, 197, 70)
(253, 9, 16451)
(253, 99, 29786)
(253, 135, 24823)
(253, 229, 31764)
(253, 113, 13871)
(253, 50, 9143)
(253, 84, 15552)
(253, 101, 9541)
(253, 67, 15201)
(253, 159, 9575)
(253, 78, 24094)
(253, 2, 10919)
(253, 43, 23115)
(253, 251, 32649)
(253, 149, 4724)
(253, 60, 3526)
(253, 120, 25873)
(253, 215, 31730)
(253, 97, 9827)
(253, 71, 5873)
(253, 27, 16928)
(253, 22, 22145)
(253, 20, 12320)
(253, 131, 1104)
(253, 201, 32690)
(253, 10, 13876)
(253, 75, 32073)
(253, 54, 11083)
(253, 188, 21815)
(253, 17, 6248)
(253, 126, 19984)
(254, 3, 25871)
(254, 10, 1464)
(254, 53, 22815)
(254, 152, 16212)
(254, 163, 17620)
(254, 89, 12557)
(254, 239, 12799)
(254, 150, 1818)
(254, 8, 24626)
(254, 221, 16779)
(254, 205, 24912)
(254, 201, 29707)
(254, 128, 10454)
(254, 82, 33296)
(254, 214, 12909)
(254, 122, 17243)
(254, 135, 56)
(254, 72, 13166)
(254, 94, 1129)
(254, 41, 10971)
(254, 162, 12895)
(254, 247, 11206)
(254, 116, 3000)
(254, 144, 21565)
(254, 63, 30823)
(254, 54, 25008)
(254, 143, 28300)
(254, 196, 23670)
(254, 120, 22997)
(254, 190, 31134)
(254, 238, 9899)
(254, 60, 31008)
(254, 18, 33303)
(254, 209, 2541)
(254, 183, 21794)
(254, 4, 17472)
(254, 26, 29526)
(254, 125, 27015)
(254, 17, 27592)
(254, 236, 5902)
(254, 42, 21743)
(254, 50, 3173)
(254, 47, 16735)
(254, 44, 15519)
(254, 109, 4879)
(254, 242, 9597)
(254, 195, 12338)
(254, 211, 28394)
(254, 193, 11397)
(254, 187, 31985)
(254, 34, 30866)
(254, 51, 28458)
(254, 126, 2704)
(254, 222, 655)
(254, 245, 4088)
(254, 13, 16385)
(254, 84, 33550)
(254, 104, 2568)
(254, 203, 12473)
(254, 101, 14772)
(254, 65, 14390)
(254, 158, 29813)
(254, 225, 1531)
(254, 123, 8273)
(254, 146, 15698)
(254, 87, 4795)
(254, 11, 767)
(254, 231, 8952)
(254, 178, 21250)
(254, 64, 28938)
(254, 237, 10144)
(254, 186, 20245)
(254, 246, 29275)
(254, 219, 31539)
(254, 14, 27370)
(254, 91, 33451)
(254, 0, 8934)
(254, 249, 22691)
(254, 243, 19485)
(254, 175, 20605)
(254, 12, 33049)
(254, 176, 23268)
(254, 147, 28305)
(254, 88, 20504)
(254, 251, 32418)
(254, 160, 28939)
(254, 134, 26198)
(254, 180, 20635)
(254, 185, 13703)
(254, 248, 8547)
(254, 98, 23940)
(254, 194, 20684)
(254, 79, 31046)
(254, 62, 12976)
(254, 191, 13230)
(254, 164, 15695)
(254, 73, 33381)
(254, 67, 14054)
(254, 16, 8139)
(254, 121, 23520)
(254, 93, 23874)
(254, 167, 20284)
(254, 140, 14405)
(254, 103, 20640)
(254, 1, 24478)
(254, 58, 3492)
(254, 92, 8382)
(254, 61, 8252)
(254, 39, 4692)
(254, 184, 31879)
(254, 96, 31862)
(254, 52, 14582)
(254, 31, 15944)
(254, 220, 22925)
(254, 138, 18671)
(254, 111, 2644)
(254, 197, 1820)
(254, 166, 10970)
(254, 172, 9444)
(254, 22, 16161)
(254, 204, 16229)
(254, 107, 23964)
(254, 179, 15615)
(254, 230, 3461)
(254, 6, 7140)
(254, 105, 16801)
(254, 226, 13765)
(254, 169, 10780)
(254, 70, 25855)
(254, 7, 11630)
(254, 113, 33117)
(254, 202, 25181)
(254, 29, 27445)
(254, 21, 21229)
(254, 233, 7364)
(254, 192, 10289)
(254, 227, 17831)
(254, 177, 25104)
(254, 199, 19428)
(254, 182, 27532)
(254, 71, 13522)
(254, 110, 26087)
(254, 38, 14257)
(254, 189, 31198)
(254, 36, 31565)
(254, 141, 32889)
(254, 244, 29826)
(254, 90, 13586)
(254, 174, 14858)
(254, 69, 24764)
(254, 85, 22754)
(254, 129, 25040)
(254, 95, 7059)
(254, 106, 7298)
(254, 25, 24579)
(254, 35, 1666)
(254, 252, 31572)
(254, 57, 31721)
(254, 156, 17122)
(254, 24, 13192)
(254, 5, 10916)
(254, 48, 17422)
(254, 198, 31022)
(254, 112, 28526)
(254, 235, 27577)
(254, 210, 13694)
(254, 28, 33222)
(254, 208, 32498)
(254, 75, 20984)
(254, 133, 4285)
(254, 139, 9467)
(254, 81, 11151)
(254, 136, 2136)
(254, 102, 26956)
(254, 74, 19785)
(254, 33, 17412)
(254, 124, 31260)
(254, 223, 32875)
(254, 241, 867)
(254, 119, 3736)
(254, 213, 7430)
(254, 165, 13834)
(254, 46, 4657)
(254, 253, 4094)
(254, 40, 30238)
(254, 142, 8051)
(254, 217, 26028)
(254, 218, 19762)
(254, 171, 15939)
(254, 154, 4981)
(254, 86, 7285)
(254, 132, 30372)
(254, 30, 7490)
(254, 49, 19571)
(254, 108, 27645)
(254, 161, 16438)
(254, 216, 8038)
(254, 20, 6342)
(254, 206, 28274)
(254, 131, 23791)
(254, 130, 4364)
(254, 228, 17747)
(254, 59, 13156)
(254, 45, 11015)
(254, 76, 9446)
(254, 97, 17643)
(254, 188, 27933)
(254, 2, 19507)
(254, 234, 17653)
(254, 151, 24900)
(254, 83, 33782)
(254, 114, 16342)
(254, 77, 32519)
(254, 15, 6676)
(254, 200, 108)
(254, 68, 18213)
(254, 78, 15470)
(254, 159, 17856)
(254, 127, 16962)
(254, 23, 677)
(254, 153, 26080)
(254, 181, 413)
(254, 55, 4581)
(254, 99, 31753)
(254, 137, 21760)
(254, 117, 33737)
(254, 250, 19423)
(254, 145, 26802)
(254, 43, 25472)
(254, 157, 7150)
(254, 148, 4564)
(255, 145, 30755)
(255, 155, 285)
(255, 241, 25742)
(255, 186, 25608)
(255, 232, 32609)
(255, 214, 15906)
(255, 11, 18339)
(255, 220, 14885)
(255, 146, 25299)
(255, 93, 25047)
(255, 103, 32096)
(255, 102, 24982)
(255, 60, 24141)
(255, 137, 5770)
(255, 243, 5819)
(255, 124, 15531)
(255, 77, 5801)
(255, 152, 25592)
(255, 245, 13549)
(255, 201, 13872)
(255, 224, 2344)
(255, 209, 30041)
(255, 23, 5627)
(255, 218, 28063)
(255, 147, 8919)
(255, 22, 22308)
(255, 126, 27476)
(255, 91, 7223)
(255, 134, 4864)
(255, 96, 31217)
(255, 33, 13306)
(255, 112, 27340)
(255, 194, 10813)
(255, 160, 22168)
(255, 238, 30518)
(255, 206, 5264)
(255, 82, 264)
(255, 229, 12899)
(255, 235, 4960)
(255, 215, 18794)
(255, 39, 28262)
(255, 144, 17486)
(255, 24, 33159)
(255, 171, 2021)
(255, 98, 20176)
(255, 17, 23596)
(255, 21, 22130)
(255, 59, 13861)
(255, 227, 30339)
(255, 106, 27390)
(255, 190, 10661)
(255, 35, 18172)
(255, 181, 1816)
(255, 88, 19120)
(255, 133, 9754)
(255, 158, 27762)
(255, 58, 12178)
(255, 41, 11833)
(255, 240, 13418)
(255, 104, 13673)
(255, 138, 3269)
(255, 10, 1374)
(255, 179, 27869)
(255, 231, 17600)
(255, 156, 13162)
(255, 14, 29267)
(255, 175, 27076)
(255, 47, 17669)
(255, 13, 23074)
(255, 120, 31834)
(255, 242, 11804)
(255, 234, 29231)
(255, 189, 11705)
(255, 192, 30024)
(255, 148, 13214)
(255, 250, 15959)
(255, 135, 6311)
(255, 27, 20746)
(255, 131, 7833)
(255, 28, 25448)
(255, 50, 19310)
(255, 168, 27514)
(255, 130, 33014)
(255, 20, 10573)
(255, 15, 25688)
(255, 163, 19452)
(255, 143, 21956)
(255, 89, 25440)
(255, 94, 22681)
(255, 122, 17487)
(255, 53, 3838)
(255, 253, 27912)
(255, 46, 11143)
(255, 95, 11)
(255, 44, 21625)
(255, 170, 17977)
(255, 252, 20794)
(255, 109, 12144)
(255, 219, 2653)
(255, 40, 18256)
(255, 69, 19408)
(255, 123, 27471)
(255, 113, 26310)
(255, 37, 28392)
(255, 86, 19009)
(255, 157, 22344)
(255, 200, 30855)
(255, 205, 13981)
(255, 222, 24394)
(255, 165, 13128)
(255, 65, 9119)
(255, 116, 12826)
(255, 154, 8339)
(255, 140, 18501)
(255, 174, 16973)
(255, 207, 15138)
(255, 121, 385)
(255, 217, 19215)
(255, 25, 4466)
(255, 97, 8712)
(255, 52, 13172)
(255, 136, 21316)
(255, 195, 1696)
(255, 172, 14957)
(255, 85, 32897)
(255, 90, 5455)
(255, 79, 27106)
(255, 45, 12829)
(255, 57, 8978)
(255, 197, 26306)
(255, 210, 17937)
(255, 150, 10633)
(255, 216, 22557)
(255, 78, 12541)
(255, 48, 17535)
(255, 211, 21621)
(255, 166, 6681)
(256, 232, 19863)
(256, 73, 1455)
(256, 50, 12327)
(256, 225, 19920)
(256, 214, 12540)
(256, 69, 2212)
(256, 97, 7869)
(256, 16, 2000)
(256, 111, 22038)
(256, 246, 12940)
(256, 13, 31444)
(256, 196, 25323)
(256, 230, 8154)
(256, 247, 15653)
(256, 56, 10193)
(256, 218, 5251)
(256, 82, 11382)
(256, 96, 27296)
(256, 108, 16264)
(256, 6, 22340)
(256, 8, 2100)
(256, 143, 8692)
(256, 195, 10650)
(256, 118, 7375)
(256, 173, 2637)
(256, 92, 1516)
(256, 38, 20934)
(256, 220, 15497)
(256, 22, 9947)
(256, 166, 29657)
(256, 37, 23487)
(256, 135, 1627)
(256, 33, 29304)
(256, 127, 5646)
(256, 11, 30038)
(256, 250, 28795)
(256, 88, 4209)
(256, 234, 28629)
(256, 31, 23345)
(256, 71, 3012)
(256, 171, 22661)
(256, 217, 12807)
(256, 52, 920)
(256, 131, 5250)
(256, 145, 30941)
(256, 140, 32009)
(256, 21, 16936)
(256, 201, 17947)
(256, 123, 27602)
(256, 216, 10006)
(256, 77, 4932)
(256, 167, 22016)
(256, 112, 312)
(256, 241, 13936)
(256, 67, 7960)
(256, 75, 18878)
(256, 150, 19232)
(256, 27, 16999)
(256, 24, 30852)
(256, 1, 14563)
(256, 9, 7637)
(256, 151, 9936)
(256, 160, 10113)
(256, 32, 15636)
(256, 129, 32044)
(256, 109, 7580)
(256, 200, 31467)
(256, 148, 24454)
(256, 34, 13604)
(256, 119, 16952)
(256, 7, 18329)
(256, 189, 14650)
(256, 215, 7531)
(256, 93, 30939)
(256, 193, 15113)
(257, 91, 30632)
(257, 249, 8872)
(257, 18, 24955)
(257, 251, 30604)
(257, 61, 7339)
(257, 248, 6063)
(257, 28, 16872)
(257, 53, 27854)
(257, 72, 10070)
(257, 96, 16224)
(257, 224, 17859)
(257, 39, 8661)
(257, 175, 7496)
(257, 181, 18869)
(257, 21, 17791)
(257, 121, 429)
(257, 43, 13341)
(257, 33, 33265)
(257, 157, 23497)
(257, 128, 33456)
(257, 168, 5927)
(257, 35, 22614)
(257, 45, 6934)
(257, 142, 30345)
(257, 191, 9325)
(257, 105, 24681)
(258, 157, 2861)
(258, 243, 12864)
(258, 114, 19769)
(258, 198, 14883)
(258, 162, 2043)
(258, 239, 16901)
(258, 39, 29789)
(258, 185, 3180)
(258, 111, 17473)
(258, 229, 1397)
(258, 126, 1951)
(258, 131, 28800)
(258, 60, 27252)
(258, 31, 27878)
(258, 144, 812)
(258, 241, 6561)
(258, 242, 27256)
(258, 71, 9974)
(258, 138, 8225)
(258, 76, 23917)
(258, 254, 16206)
(258, 115, 17089)
(258, 8, 28181)
(258, 256, 6742)
(258, 237, 8119)
(258, 84, 12437)
(258, 70, 30539)
(258, 59, 27128)
(258, 194, 16010)
(258, 140, 24406)
(258, 51, 19101)
(258, 184, 8079)
(258, 226, 21087)
(258, 109, 18249)
(258, 148, 22159)
(258, 36, 8457)
(258, 30, 23219)
(258, 175, 1131)
(258, 116, 22478)
(258, 250, 25132)
(258, 68, 5497)
(258, 177, 1867)
(258, 203, 2253)
(258, 119, 28000)
(258, 82, 15681)
(258, 4, 33536)
(258, 164, 13790)
(258, 209, 29867)
(258, 121, 17176)
(258, 139, 5639)
(258, 213, 12450)
(258, 155, 784)
(258, 83, 9470)
(258, 141, 18650)
(258, 165, 9239)
(258, 195, 11608)
(258, 49, 6360)
(258, 182, 25839)
(258, 197, 12633)
(258, 192, 14006)
(258, 235, 3697)
(258, 120, 22559)
(258, 174, 3770)
(258, 41, 14038)
(258, 251, 10162)
(258, 38, 33031)
(258, 85, 2566)
(258, 208, 17131)
(258, 207, 27856)
(259, 56, 1628)
(259, 154, 25620)
(259, 75, 22643)
(259, 25, 31807)
(259, 10, 22004)
(259, 193, 12280)
(259, 82, 1106)
(259, 31, 414)
(259, 64, 14628)
(259, 110, 19434)
(259, 101, 33643)
(259, 137, 17350)
(259, 18, 8816)
(259, 197, 24793)
(259, 124, 14241)
(259, 117, 8513)
(259, 7, 33697)
(259, 14, 32764)
(259, 37, 24644)
(259, 138, 24677)
(259, 36, 23231)
(259, 111, 27141)
(259, 230, 1586)
(259, 120, 33122)
(259, 51, 26113)
(259, 185, 3545)
(259, 28, 8004)
(259, 233, 26263)
(259, 206, 19662)
(259, 188, 32944)
(259, 161, 26320)
(259, 73, 10664)
(259, 76, 30491)
(259, 186, 9542)
(259, 231, 29806)
(259, 11, 11727)
(259, 241, 11935)
(259, 48, 4558)
