448
(1, 0, 90544)
(2, 0, 18052)
(3, 0, 30334)
(3, 2, 46188)
(3, 1, 54086)
(4, 3, 45191)
(4, 1, 99059)
(4, 0, 19126)
(4, 2, 30711)
(5, 2, 71788)
(5, 3, 63459)
(5, 1, 75323)
(5, 4, 31894)
(6, 2, 25248)
(6, 1, 26097)
(6, 5, 54950)
(7, 1, 29281)
(7, 0, 74484)
(7, 6, 56587)
(7, 2, 40663)
(8, 7, 71670)
(8, 4, 26893)
(9, 7, 16080)
(9, 3, 74305)
(9, 1, 79736)
(9, 4, 42975)
(9, 6, 84449)
(9, 5, 33348)
(10, 1, 18192)
(10, 2, 85431)
(10, 3, 56920)
(10, 4, 25852)
(10, 7, 14593)
(10, 0, 38161)
(10, 8, 22631)
(10, 5, 98048)
(11, 4, 95243)
(11, 8, 63653)
(11, 1, 84946)
(11, 9, 15185)
(11, 7, 48715)
(11, 3, 89690)
(11, 6, 48623)
(11, 0, 60459)
(11, 5, 41146)
(12, 0, 23302)
(12, 7, 81034)
(12, 1, 73897)
(12, 4, 5100)
(12, 3, 71737)
(12, 8, 1987)
(13, 6, 89788)
(13, 7, 97334)
(13, 9, 6841)
(13, 2, 30164)
(13, 8, 10813)
(13, 4, 82910)
(13, 0, 11668)
(13, 11, 4104)
(13, 10, 68944)
(13, 5, 85312)
(13, 12, 89533)
(13, 3, 15092)
(13, 1, 6832)
(14, 3, 43429)
(14, 5, 40976)
(14, 2, 53520)
(14, 13, 8381)
(14, 6, 67998)
(14, 1, 12487)
(14, 4, 66302)
(14, 12, 70058)
(14, 11, 24292)
(14, 10, 83075)
(15, 3, 82655)
(15, 13, 10115)
(15, 12, 41269)
(15, 8, 10103)
(15, 4, 87702)
(16, 0, 66248)
(16, 5, 46796)
(16, 8, 85702)
(16, 6, 82107)
(16, 9, 72172)
(16, 12, 21348)
(16, 15, 89946)
(17, 16, 9737)
(17, 14, 69240)
(17, 5, 99582)
(17, 15, 36266)
(17, 2, 32834)
(17, 3, 2003)
(17, 12, 13627)
(17, 6, 7065)
(17, 8, 86290)
(17, 9, 25123)
(17, 10, 75085)
(17, 1, 10931)
(17, 13, 77170)
(17, 0, 57625)
(17, 11, 29485)
(17, 4, 34836)
(17, 7, 79113)
(18, 14, 91572)
(18, 7, 33944)
(18, 16, 17907)
(18, 9, 11801)
(18, 13, 2229)
(18, 5, 73553)
(18, 6, 95313)
(18, 1, 57875)
(18, 15, 59507)
(18, 17, 92103)
(18, 3, 96521)
(18, 8, 14449)
(19, 17, 76038)
(19, 9, 28535)
(19, 14, 31397)
(20, 8, 40706)
(20, 18, 77889)
(20, 10, 95060)
(20, 14, 93720)
(20, 11, 44124)
(20, 7, 70692)
(21, 15, 71330)
(21, 14, 92719)
(21, 5, 882)
(22, 5, 31448)
(22, 7, 36143)
(22, 8, 3875)
(22, 14, 50304)
(22, 11, 55856)
(22, 10, 47546)
(22, 12, 58078)
(22, 18, 57107)
(22, 15, 67852)
(22, 16, 78653)
(22, 19, 12190)
(22, 20, 34300)
(22, 17, 73000)
(23, 19, 76900)
(23, 11, 36124)
(23, 4, 69810)
(23, 8, 81555)
(23, 0, 61355)
(23, 9, 36199)
(23, 5, 66778)
(23, 10, 79565)
(23, 1, 94114)
(23, 21, 31588)
(23, 7, 51520)
(23, 22, 43193)
(23, 20, 87887)
(23, 6, 57167)
(23, 18, 13098)
(23, 15, 23650)
(23, 14, 44763)
(23, 16, 63209)
(24, 20, 50106)
(25, 23, 32540)
(25, 7, 12883)
(25, 22, 41253)
(25, 21, 95119)
(26, 24, 38160)
(26, 5, 58730)
(26, 11, 52882)
(26, 2, 96391)
(26, 8, 3536)
(26, 25, 45417)
(26, 12, 48953)
(26, 3, 80901)
(26, 4, 45457)
(27, 14, 76204)
(27, 20, 44993)
(27, 11, 57664)
(27, 10, 83425)
(27, 4, 83665)
(27, 2, 8086)
(27, 21, 49043)
(27, 9, 100200)
(27, 5, 32060)
(27, 6, 33838)
(27, 26, 24092)
(27, 0, 26378)
(27, 7, 23296)
(27, 24, 27136)
(27, 13, 84163)
(27, 25, 9578)
(27, 17, 33106)
(28, 25, 56683)
(28, 9, 75377)
(28, 22, 75528)
(28, 27, 49196)
(28, 16, 69653)
(28, 20, 57318)
(28, 24, 88258)
(28, 26, 3547)
(28, 12, 15142)
(28, 23, 834)
(28, 1, 86075)
(28, 17, 89173)
(28, 14, 16102)
(28, 4, 98617)
(28, 18, 44086)
(28, 3, 39826)
(28, 13, 47451)
(28, 2, 59790)
(28, 6, 65943)
(28, 8, 17014)
(29, 18, 36447)
(29, 25, 41987)
(29, 17, 96529)
(29, 9, 42773)
(29, 2, 86359)
(29, 15, 67922)
(29, 27, 14845)
(29, 28, 4673)
(29, 19, 45388)
(29, 11, 58020)
(29, 3, 33544)
(29, 4, 64891)
(29, 8, 21386)
(29, 1, 4923)
(29, 7, 26667)
(29, 23, 42687)
(29, 12, 75421)
(29, 14, 66750)
(29, 24, 44036)
(29, 21, 52715)
(29, 5, 59915)
(29, 22, 51484)
(29, 10, 23524)
(29, 20, 12145)
(29, 6, 99322)
(29, 13, 4402)
(29, 26, 28958)
(29, 16, 93367)
(30, 29, 91579)
(30, 7, 60527)
(30, 3, 18159)
(30, 1, 38288)
(30, 8, 74564)
(30, 19, 43314)
(30, 23, 49975)
(30, 17, 37959)
(30, 11, 15469)
(30, 21, 37846)
(30, 15, 17734)
(30, 0, 19022)
(30, 18, 60115)
(30, 20, 21777)
(30, 24, 21093)
(30, 28, 35770)
(30, 13, 24751)
(30, 14, 95380)
(30, 27, 77685)
(30, 22, 18094)
(30, 6, 67633)
(30, 9, 71304)
(30, 12, 40703)
(30, 16, 63015)
(30, 25, 37437)
(30, 4, 98320)
(30, 26, 84756)
(31, 17, 28582)
(31, 7, 36038)
(31, 23, 99038)
(31, 22, 71163)
(31, 4, 26681)
(31, 29, 61824)
(31, 1, 4422)
(31, 12, 49940)
(31, 24, 13448)
(31, 21, 85321)
(31, 9, 61929)
(31, 26, 90209)
(31, 27, 43072)
(31, 11, 87748)
(31, 10, 25810)
(31, 15, 16345)
(31, 0, 24855)
(32, 18, 30533)
(32, 2, 53398)
(32, 19, 93181)
(32, 20, 355)
(32, 7, 1038)
(32, 10, 74021)
(32, 13, 92811)
(32, 14, 83505)
(32, 11, 97101)
(32, 12, 71253)
(32, 23, 53820)
(32, 9, 3936)
(32, 24, 94772)
(32, 26, 25158)
(32, 30, 12198)
(32, 29, 81906)
(32, 16, 88962)
(32, 1, 37365)
(32, 4, 72950)
(32, 31, 29994)
(32, 25, 39293)
(32, 8, 73829)
(32, 27, 48699)
(32, 0, 27139)
(32, 3, 27970)
(32, 21, 65992)
(33, 26, 75853)
(33, 14, 37968)
(33, 19, 51501)
(33, 27, 20651)
(33, 25, 46890)
(33, 22, 94470)
(33, 4, 21409)
(33, 23, 62026)
(33, 21, 47529)
(33, 5, 9893)
(33, 16, 60326)
(34, 27, 92584)
(34, 18, 71014)
(34, 8, 54510)
(34, 3, 97495)
(34, 24, 67596)
(34, 13, 51561)
(34, 22, 10800)
(34, 14, 36366)
(34, 5, 6397)
(34, 26, 83688)
(34, 12, 66499)
(34, 30, 74777)
(34, 21, 99116)
(34, 25, 25413)
(34, 7, 74746)
(34, 32, 58303)
(34, 28, 18629)
(34, 6, 13307)
(35, 18, 44412)
(35, 4, 60346)
(35, 14, 75831)
(35, 1, 44792)
(35, 25, 25129)
(35, 13, 62948)
(35, 20, 76930)
(35, 6, 52581)
(35, 33, 59694)
(35, 9, 3887)
(35, 27, 79580)
(35, 22, 76312)
(35, 31, 48132)
(35, 12, 44558)
(35, 10, 46629)
(35, 0, 36509)
(35, 5, 35196)
(36, 17, 67723)
(36, 32, 24394)
(36, 20, 17015)
(36, 0, 21338)
(36, 5, 73305)
(36, 24, 66329)
(36, 14, 79711)
(36, 16, 43454)
(37, 2, 19060)
(37, 9, 26808)
(37, 15, 13189)
(37, 7, 10695)
(37, 33, 38691)
(37, 6, 56405)
(37, 19, 33953)
(37, 18, 4948)
(37, 1, 37900)
(37, 36, 31143)
(37, 31, 24491)
(37, 13, 38762)
(37, 27, 42660)
(37, 21, 69034)
(37, 32, 7987)
(37, 10, 79991)
(37, 23, 97269)
(37, 34, 92350)
(37, 4, 48846)
(37, 26, 99676)
(37, 14, 85461)
(37, 24, 95873)
(37, 35, 29421)
(37, 12, 17115)
(37, 16, 77230)
(37, 5, 28765)
(37, 29, 70261)
(37, 25, 65461)
(37, 20, 78398)
(37, 3, 26963)
(37, 28, 96298)
(37, 0, 96209)
(38, 35, 45912)
(38, 11, 77878)
(38, 19, 22207)
(38, 22, 50930)
(38, 16, 19298)
(38, 28, 4474)
(38, 4, 26675)
(38, 29, 32677)
(38, 30, 50383)
(38, 15, 60231)
(38, 25, 40536)
(38, 17, 6890)
(38, 36, 25809)
(39, 2, 2650)
(39, 3, 90027)
(39, 27, 4027)
(39, 34, 43170)
(39, 37, 7222)
(39, 23, 70103)
(39, 19, 62247)
(39, 22, 36413)
(39, 6, 37845)
(39, 20, 45028)
(39, 8, 20171)
(39, 29, 92904)
(39, 25, 37676)
(39, 11, 71571)
(39, 10, 55285)
(39, 16, 73847)
(39, 35, 65289)
(39, 15, 25060)
(39, 32, 40162)
(39, 13, 40652)
(39, 36, 81422)
(40, 30, 80038)
(40, 32, 54920)
(40, 14, 72281)
(40, 31, 40098)
(40, 10, 91010)
(40, 39, 1928)
(40, 36, 65763)
(40, 27, 72347)
(40, 23, 22347)
(40, 19, 26545)
(40, 20, 20779)
(40, 16, 75982)
(40, 5, 14121)
(40, 3, 83222)
(40, 1, 48011)
(40, 38, 30662)
(40, 4, 8421)
(40, 6, 84323)
(40, 9, 70327)
(40, 26, 68905)
(40, 28, 41681)
(40, 24, 59312)
(40, 37, 38018)
(40, 2, 49988)
(40, 22, 50815)
(40, 34, 79605)
(40, 0, 91851)
(40, 8, 91982)
(40, 12, 28943)
(40, 35, 59573)
(40, 18, 14506)
(40, 11, 34553)
(40, 15, 16897)
(40, 33, 60548)
(40, 29, 28336)
(40, 21, 86094)
(40, 17, 34168)
(40, 7, 61535)
(40, 25, 45252)
(41, 23, 33309)
(41, 9, 5305)
(41, 37, 99243)
(41, 19, 914)
(41, 21, 86159)
(41, 40, 41980)
(41, 17, 42666)
(41, 18, 41573)
(41, 4, 15548)
(41, 12, 97277)
(41, 5, 97564)
(41, 33, 47510)
(41, 8, 66580)
(41, 11, 79282)
(41, 14, 86939)
(41, 30, 29273)
(41, 35, 561)
(41, 34, 2617)
(41, 16, 11887)
(41, 13, 31598)
(41, 7, 37898)
(41, 31, 91396)
(41, 2, 55556)
(41, 28, 79830)
(41, 0, 40473)
(41, 6, 47231)
(41, 39, 32298)
(41, 29, 68064)
(41, 27, 73303)
(41, 25, 81155)
(41, 20, 5837)
(41, 15, 31667)
(42, 0, 36243)
(42, 38, 66484)
(42, 36, 66163)
(42, 14, 80562)
(42, 7, 6522)
(42, 37, 79339)
(42, 10, 2576)
(42, 8, 74736)
(42, 18, 25054)
(42, 4, 81911)
(42, 29, 10355)
(42, 15, 73095)
(42, 33, 35406)
(42, 35, 18128)
(42, 1, 81568)
(42, 28, 68556)
(42, 2, 25991)
(42, 23, 18367)
(42, 31, 9236)
(42, 39, 51352)
(42, 3, 84921)
(42, 16, 13056)
(42, 34, 88207)
(43, 20, 63269)
(43, 29, 3074)
(43, 32, 96637)
(43, 26, 85254)
(43, 15, 47931)
(43, 18, 1737)
(43, 3, 17473)
(43, 30, 36269)
(43, 17, 15723)
(43, 8, 80617)
(43, 28, 28801)
(43, 5, 61776)
(43, 27, 13830)
(43, 14, 67050)
(43, 41, 80244)
(43, 0, 94145)
(43, 38, 31581)
(44, 32, 29573)
(44, 25, 4970)
(44, 1, 61911)
(44, 37, 14155)
(44, 16, 62815)
(44, 11, 83638)
(44, 23, 93830)
(44, 41, 41249)
(44, 4, 80980)
(44, 6, 13413)
(44, 8, 24663)
(44, 38, 44538)
(44, 5, 63391)
(44, 39, 97473)
(44, 18, 88044)
(44, 21, 37650)
(44, 30, 5734)
(44, 7, 64694)
(44, 42, 87073)
(44, 28, 28137)
(44, 29, 94392)
(44, 10, 83702)
(44, 13, 28500)
(44, 19, 94368)
(44, 36, 69371)
(44, 22, 7113)
(44, 24, 94627)
(44, 3, 7680)
(44, 26, 3797)
(44, 33, 62914)
(44, 14, 91240)
(44, 34, 15359)
(44, 43, 35098)
(44, 0, 47741)
(44, 20, 21087)
(45, 38, 37823)
(45, 12, 72272)
(45, 19, 5583)
(45, 1, 88158)
(45, 35, 77312)
(45, 31, 25657)
(46, 45, 89915)
(46, 11, 94345)
(46, 21, 38165)
(46, 20, 35177)
(46, 1, 94561)
(46, 12, 94377)
(46, 43, 31350)
(46, 14, 97376)
(46, 42, 60560)
(46, 15, 22322)
(46, 26, 91110)
(46, 6, 32425)
(46, 18, 31953)
(46, 33, 687)
(46, 9, 36423)
(46, 38, 54350)
(46, 31, 94444)
(46, 8, 35696)
(46, 37, 24680)
(47, 8, 82531)
(47, 15, 65055)
(47, 36, 8727)
(47, 1, 2012)
(47, 42, 21198)
(47, 21, 21431)
(47, 25, 7629)
(47, 41, 61679)
(47, 24, 56379)
(47, 22, 35036)
(47, 31, 1620)
(47, 0, 9449)
(47, 33, 18009)
(47, 23, 80935)
(47, 40, 61067)
(47, 45, 32075)
(47, 46, 46943)
(47, 4, 81675)
(47, 13, 30414)
(47, 38, 96523)
(47, 11, 87258)
(47, 12, 7620)
(47, 28, 62258)
(47, 43, 48700)
(47, 2, 77360)
(47, 44, 54089)
(47, 14, 72325)
(47, 34, 98814)
(47, 3, 41289)
(47, 32, 66824)
(47, 5, 52980)
(47, 18, 75741)
(47, 7, 34882)
(47, 29, 31825)
(47, 20, 61565)
(47, 30, 94047)
(47, 9, 77630)
(48, 17, 23800)
(48, 32, 89715)
(48, 0, 48453)
(48, 41, 58203)
(48, 20, 5098)
(48, 33, 54499)
(48, 28, 62974)
(48, 11, 96438)
(48, 45, 79173)
(48, 10, 30982)
(48, 44, 59870)
(48, 36, 53011)
(48, 43, 28497)
(48, 27, 37928)
(48, 26, 63984)
(48, 9, 84203)
(48, 22, 11670)
(48, 6, 10491)
(48, 30, 60662)
(48, 23, 30058)
(48, 40, 18943)
(48, 38, 20431)
(48, 5, 26029)
(48, 3, 90076)
(48, 12, 91072)
(48, 13, 47637)
(48, 29, 71081)
(48, 1, 13377)
(48, 7, 83832)
(48, 14, 70901)
(48, 21, 40801)
(48, 37, 6198)
(48, 25, 17068)
(48, 19, 18937)
(48, 34, 50098)
(48, 2, 41998)
(48, 8, 22439)
(48, 47, 35904)
(48, 15, 36268)
(48, 35, 64297)
(48, 16, 29917)
(48, 46, 99305)
(48, 39, 45128)
(48, 31, 82059)
(48, 24, 84643)
(48, 42, 99753)
(49, 42, 64882)
(49, 2, 9753)
(49, 32, 81509)
(49, 34, 45238)
(49, 19, 8285)
(49, 26, 57153)
(49, 45, 94079)
(49, 7, 50353)
(49, 1, 17374)
(49, 12, 21423)
(49, 29, 68406)
(49, 37, 14516)
(49, 10, 47206)
(49, 48, 88119)
(50, 16, 33049)
(50, 2, 1609)
(50, 26, 76655)
(50, 34, 87845)
(50, 24, 47917)
(50, 9, 25139)
(50, 17, 1691)
(50, 22, 26012)
(50, 41, 91664)
(50, 1, 22036)
(50, 40, 968)
(50, 11, 25480)
(50, 30, 55003)
(50, 43, 26741)
(50, 18, 73575)
(50, 37, 54868)
(50, 29, 56895)
(50, 31, 6762)
(50, 36, 69028)
(50, 44, 24463)
(50, 3, 17631)
(50, 6, 9035)
(50, 45, 27584)
(50, 25, 60713)
(50, 0, 38994)
(50, 7, 67258)
(50, 19, 9234)
(50, 10, 21552)
(50, 42, 77613)
(50, 15, 39446)
(50, 32, 52100)
(50, 8, 60227)
(50, 28, 12758)
(50, 38, 20840)
(50, 5, 28068)
(50, 12, 31964)
(51, 43, 4531)
(51, 36, 41432)
(51, 15, 56977)
(51, 14, 56435)
(51, 30, 47269)
(51, 38, 42662)
(51, 40, 58746)
(51, 50, 73766)
(51, 7, 23665)
(51, 44, 8362)
(51, 8, 67556)
(51, 34, 83006)
(51, 46, 10245)
(51, 48, 52278)
(51, 13, 14075)
(51, 2, 91905)
(51, 25, 45420)
(51, 24, 32166)
(51, 12, 48651)
(51, 42, 100326)
(51, 27, 5780)
(51, 4, 29861)
(51, 16, 44639)
(51, 33, 55691)
(51, 5, 95484)
(51, 11, 11355)
(52, 41, 3485)
(52, 2, 42353)
(52, 19, 10768)
(52, 10, 94461)
(52, 40, 29932)
(52, 35, 75968)
(52, 48, 52877)
(52, 1, 58347)
(52, 44, 11437)
(52, 46, 29248)
(52, 47, 25623)
(52, 4, 21567)
(53, 33, 69429)
(53, 51, 66013)
(53, 8, 26494)
(53, 24, 97025)
(53, 17, 81935)
(53, 45, 33412)
(53, 7, 68979)
(53, 4, 44492)
(53, 13, 95274)
(53, 25, 64514)
(53, 23, 23684)
(53, 40, 6559)
(53, 49, 23621)
(53, 30, 94521)
(53, 37, 67897)
(53, 21, 6434)
(53, 31, 91300)
(53, 29, 54168)
(53, 38, 38041)
(53, 48, 37318)
(53, 26, 99041)
(53, 15, 11964)
(53, 18, 88803)
(53, 0, 56980)
(53, 9, 34099)
(53, 16, 9717)
(53, 10, 55603)
(53, 47, 22254)
(53, 44, 23651)
(53, 39, 72144)
(53, 2, 61783)
(53, 14, 26663)
(53, 22, 16883)
(53, 20, 74544)
(53, 43, 11869)
(53, 41, 8411)
(53, 1, 62991)
(53, 35, 53429)
(53, 5, 92924)
(53, 28, 2439)
(53, 3, 52137)
(53, 27, 59433)
(53, 19, 19331)
(53, 36, 79346)
(53, 34, 13483)
(53, 6, 94872)
(53, 12, 83338)
(53, 50, 45459)
(53, 46, 80172)
(53, 32, 93861)
(53, 52, 52636)
(54, 19, 49799)
(54, 3, 48193)
(54, 6, 75714)
(54, 2, 65075)
(54, 43, 43803)
(54, 12, 81077)
(54, 32, 39633)
(54, 37, 1557)
(54, 15, 48443)
(54, 33, 10416)
(54, 17, 24840)
(54, 28, 38630)
(54, 39, 82658)
(54, 14, 79048)
(54, 13, 26125)
(54, 26, 15387)
(54, 34, 64910)
(54, 48, 93740)
(54, 27, 79910)
(54, 45, 54313)
(54, 22, 64808)
(54, 36, 71959)
(54, 35, 87076)
(54, 8, 71865)
(54, 23, 70640)
(54, 41, 100348)
(54, 53, 21470)
(54, 40, 8506)
(54, 29, 48251)
(54, 7, 52040)
(54, 30, 47849)
(54, 46, 44358)
(54, 9, 63646)
(54, 21, 70196)
(54, 0, 71932)
(54, 44, 60495)
(54, 52, 58251)
(54, 5, 59341)
(54, 1, 79778)
(54, 25, 44393)
(54, 31, 5708)
(54, 50, 58482)
(54, 24, 58807)
(55, 2, 94014)
(55, 5, 20518)
(55, 49, 17890)
(55, 12, 12531)
(55, 0, 22994)
(55, 37, 31437)
(55, 4, 58633)
(55, 47, 44258)
(55, 13, 37418)
(55, 21, 26443)
(55, 1, 39206)
(55, 24, 8215)
(56, 23, 78081)
(56, 53, 69759)
(56, 48, 68476)
(56, 49, 16296)
(56, 43, 78481)
(56, 24, 66026)
(56, 41, 31952)
(56, 19, 3781)
(56, 25, 28983)
(56, 40, 67909)
(56, 10, 41894)
(56, 3, 66201)
(56, 12, 51660)
(56, 32, 76141)
(56, 29, 12524)
(56, 30, 51792)
(56, 14, 38091)
(56, 45, 51986)
(56, 13, 35926)
(56, 55, 49566)
(56, 51, 6930)
(56, 11, 48483)
(56, 42, 71033)
(56, 35, 22068)
(56, 8, 42256)
(56, 0, 64655)
(56, 27, 31906)
(56, 6, 14467)
(56, 15, 56735)
(56, 34, 77400)
(56, 44, 54470)
(56, 7, 32105)
(56, 5, 96431)
(56, 21, 74306)
(56, 39, 62278)
(56, 47, 72692)
(56, 17, 85185)
(56, 22, 8994)
(56, 37, 7610)
(56, 38, 73270)
(56, 20, 8452)
(56, 18, 23963)
(56, 54, 85767)
(56, 9, 65695)
(57, 40, 98478)
(57, 55, 93077)
(57, 0, 56662)
(57, 35, 96701)
(57, 25, 78680)
(57, 29, 17673)
(57, 7, 64646)
(57, 28, 77316)
(57, 36, 17223)
(57, 24, 54271)
(57, 8, 66095)
(57, 10, 57035)
(57, 1, 43162)
(57, 45, 47234)
(57, 2, 83884)
(57, 5, 31507)
(57, 16, 8375)
(57, 47, 64742)
(57, 54, 40631)
(57, 50, 72314)
(57, 12, 98645)
(57, 53, 34033)
(57, 38, 40423)
(57, 32, 26830)
(57, 14, 89039)
(57, 19, 77990)
(57, 39, 63856)
(57, 33, 14821)
(57, 13, 30569)
(57, 44, 46787)
(57, 42, 53878)
(57, 37, 24115)
(57, 49, 61936)
(57, 21, 16137)
(57, 34, 40001)
(57, 26, 56854)
(58, 9, 61086)
(58, 22, 75882)
(58, 25, 6446)
(58, 23, 99087)
(58, 50, 35355)
(58, 57, 86371)
(58, 18, 7928)
(58, 56, 63261)
(58, 38, 98558)
(58, 16, 64834)
(58, 15, 73699)
(58, 14, 94626)
(58, 54, 83354)
(58, 24, 74479)
(58, 19, 16173)
(58, 21, 32100)
(58, 53, 77947)
(58, 28, 20882)
(58, 13, 23288)
(58, 26, 9458)
(58, 39, 51188)
(58, 42, 55022)
(58, 0, 16865)
(58, 7, 78148)
(58, 45, 32895)
(58, 27, 462)
(58, 20, 59676)
(58, 1, 95277)
(58, 5, 93730)
(58, 11, 91402)
(58, 8, 43932)
(58, 31, 1990)
(58, 6, 96911)
(58, 30, 28631)
(58, 12, 56294)
(58, 17, 44119)
(58, 2, 90242)
(58, 40, 96097)
(58, 52, 65267)
(58, 44, 54411)
(58, 49, 8440)
(59, 7, 86444)
(59, 3, 7150)
(59, 37, 11979)
(59, 36, 29728)
(59, 57, 36231)
(59, 43, 9618)
(59, 13, 48023)
(59, 47, 17627)
(59, 8, 25368)
(59, 30, 72561)
(59, 48, 93293)
(59, 51, 79929)
(60, 24, 80983)
(60, 54, 55703)
(60, 14, 77821)
(60, 56, 70805)
(60, 20, 57898)
(60, 38, 95874)
(60, 15, 11383)
(60, 37, 73706)
(60, 16, 5401)
(60, 59, 11690)
(60, 55, 59548)
(60, 49, 3510)
(60, 46, 41282)
(60, 42, 47401)
(60, 0, 8947)
(60, 47, 89385)
(60, 26, 61197)
(60, 34, 34950)
(60, 11, 47954)
(60, 8, 5280)
(60, 25, 57651)
(60, 51, 39198)
(60, 19, 30382)
(61, 42, 81047)
(61, 34, 57782)
(61, 31, 12052)
(61, 39, 730)
(61, 0, 39138)
(61, 22, 39572)
(61, 13, 26116)
(61, 57, 85064)
(61, 28, 82819)
(61, 45, 22109)
(61, 32, 30841)
(62, 59, 89020)
(62, 19, 89826)
(62, 4, 81917)
(62, 34, 7395)
(62, 8, 74150)
(62, 21, 47623)
(62, 28, 26720)
(62, 36, 37439)
(62, 50, 92040)
(62, 40, 36235)
(62, 22, 37979)
(62, 2, 39958)
(62, 46, 22382)
(62, 38, 53203)
(62, 57, 97144)
(62, 14, 46846)
(63, 8, 67222)
(63, 25, 27532)
(63, 1, 25956)
(63, 19, 31153)
(63, 14, 6910)
(63, 59, 95871)
(63, 11, 51444)
(63, 39, 27707)
(63, 4, 62023)
(63, 20, 89404)
(63, 23, 37116)
(63, 58, 28951)
(63, 21, 40956)
(63, 36, 96574)
(63, 13, 54559)
(63, 37, 80793)
(63, 16, 33617)
(63, 46, 57099)
(63, 43, 43289)
(63, 38, 88020)
(63, 51, 23782)
(63, 56, 33919)
(63, 32, 92105)
(63, 61, 48493)
(63, 55, 95784)
(63, 33, 86572)
(63, 3, 40929)
(63, 60, 30840)
(63, 45, 32120)
(63, 57, 53628)
(63, 18, 45329)
(63, 47, 63608)
(63, 22, 28681)
(63, 10, 56564)
(63, 7, 31697)
(63, 31, 14086)
(63, 2, 14326)
(63, 62, 5838)
(63, 15, 29578)
(63, 40, 1268)
(63, 6, 33397)
(63, 50, 62055)
(63, 29, 97349)
(63, 52, 2112)
(63, 9, 46364)
(63, 44, 2127)
(63, 49, 7316)
(63, 41, 15757)
(63, 48, 94712)
(63, 26, 72175)
(64, 61, 67531)
(64, 59, 72793)
(64, 34, 72947)
(64, 1, 61922)
(64, 44, 45400)
(64, 36, 40961)
(64, 43, 48845)
(64, 62, 35195)
(64, 30, 39658)
(64, 4, 63184)
(64, 25, 3304)
(64, 0, 79453)
(64, 40, 15715)
(64, 47, 17935)
(64, 27, 17717)
(64, 53, 3508)
(64, 39, 15647)
(64, 21, 86096)
(64, 31, 96785)
(64, 37, 68727)
(64, 7, 19991)
(64, 14, 94459)
(64, 22, 1484)
(64, 10, 29059)
(65, 11, 33056)
(65, 48, 7459)
(65, 43, 42812)
(65, 7, 41572)
(65, 29, 81710)
(65, 39, 74875)
(65, 12, 6618)
(65, 21, 25746)
(65, 40, 99419)
(65, 28, 49292)
(65, 34, 5851)
(65, 4, 95600)
(65, 32, 70334)
(65, 41, 68843)
(65, 46, 30983)
(65, 26, 87114)
(65, 20, 29197)
(65, 55, 75320)
(65, 44, 14205)
(65, 14, 15084)
(65, 6, 81493)
(65, 30, 60075)
(65, 5, 60289)
(65, 0, 58235)
(65, 25, 48995)
(65, 37, 53062)
(65, 47, 92366)
(65, 57, 65966)
(65, 49, 60398)
(65, 35, 54277)
(65, 42, 65104)
(65, 17, 38982)
(65, 1, 83899)
(65, 24, 51606)
(65, 18, 48374)
(65, 31, 40784)
(65, 60, 18007)
(65, 3, 19002)
(65, 15, 83041)
(65, 23, 44024)
(65, 58, 51219)
(65, 33, 76483)
(65, 50, 89191)
(65, 45, 46938)
(65, 53, 48879)
(66, 30, 68127)
(66, 33, 23217)
(66, 53, 67732)
(66, 16, 75361)
(66, 42, 48880)
(66, 17, 31989)
(66, 49, 74146)
(66, 14, 35557)
(66, 39, 51844)
(66, 55, 75114)
(66, 27, 64054)
(66, 60, 38959)
(66, 18, 65913)
(66, 50, 71250)
(66, 12, 53094)
(66, 47, 25701)
(66, 65, 69755)
(66, 29, 42446)
(66, 38, 44563)
(66, 36, 83368)
(66, 23, 71174)
(66, 31, 77401)
(66, 0, 90675)
(66, 41, 93199)
(66, 1, 20069)
(66, 2, 42343)
(66, 15, 75771)
(66, 58, 88750)
(66, 8, 69658)
(66, 62, 46717)
(66, 51, 86608)
(66, 10, 22184)
(67, 60, 23727)
(67, 22, 48798)
(67, 17, 91351)
(67, 30, 79026)
(67, 19, 71152)
(67, 52, 81028)
(67, 24, 81758)
(67, 15, 69538)
(67, 42, 42450)
(67, 33, 94628)
(67, 59, 44806)
(67, 61, 39390)
(67, 13, 45678)
(67, 64, 3150)
(67, 65, 88117)
(67, 56, 88077)
(67, 1, 50291)
(67, 34, 61422)
(67, 44, 77046)
(67, 25, 26136)
(68, 40, 52567)
(68, 7, 67388)
(68, 28, 58500)
(68, 60, 89351)
(68, 6, 39852)
(68, 22, 30492)
(68, 52, 28670)
(68, 36, 59265)
(68, 5, 84965)
(68, 44, 49671)
(68, 54, 20500)
(68, 42, 92582)
(68, 38, 75529)
(68, 62, 39932)
(68, 64, 66727)
(68, 59, 35809)
(68, 50, 53410)
(68, 17, 92657)
(68, 13, 9252)
(68, 26, 79355)
(68, 37, 87517)
(69, 11, 38674)
(69, 67, 16981)
(69, 52, 77272)
(69, 61, 34756)
(69, 21, 4433)
(69, 42, 42067)
(69, 23, 80112)
(69, 58, 52838)
(69, 60, 118)
(69, 7, 54025)
(69, 12, 12116)
(69, 0, 8914)
(69, 54, 56439)
(69, 48, 2475)
(69, 6, 74200)
(69, 34, 49492)
(69, 40, 83255)
(69, 19, 17360)
(69, 59, 88488)
(69, 9, 48524)
(69, 15, 64241)
(69, 38, 31672)
(69, 18, 45404)
(69, 51, 97226)
(69, 13, 89573)
(69, 47, 21171)
(69, 20, 83607)
(69, 44, 10263)
(69, 26, 50509)
(69, 68, 26234)
(69, 50, 75941)
(69, 30, 94843)
(69, 66, 6718)
(69, 1, 69978)
(69, 33, 82695)
(69, 43, 3585)
(69, 5, 45066)
(69, 62, 25899)
(69, 37, 18372)
(69, 29, 91339)
(69, 10, 17348)
(69, 65, 14207)
(69, 57, 56752)
(69, 2, 16566)
(69, 16, 14016)
(69, 32, 19761)
(69, 31, 47453)
(69, 56, 1986)
(69, 36, 16050)
(69, 25, 12406)
(69, 27, 71321)
(69, 55, 27160)
(69, 64, 40280)
(69, 41, 35877)
(69, 39, 18146)
(69, 24, 18291)
(69, 35, 94747)
(69, 4, 94906)
(69, 8, 57869)
(69, 63, 19167)
(69, 53, 65709)
(69, 46, 63125)
(69, 28, 86547)
(70, 3, 16187)
(70, 36, 49800)
(70, 45, 4515)
(70, 63, 63012)
(70, 21, 89736)
(70, 39, 32369)
(70, 13, 33325)
(70, 8, 9473)
(70, 55, 93663)
(70, 53, 76495)
(70, 57, 293)
(70, 31, 31752)
(70, 51, 75259)
(70, 49, 64296)
(70, 61, 78925)
(70, 1, 22139)
(70, 25, 55232)
(70, 50, 15404)
(70, 23, 25408)
(70, 19, 33065)
(70, 16, 66130)
(70, 7, 67947)
(70, 27, 28713)
(70, 46, 49805)
(70, 9, 22991)
(70, 54, 81001)
(70, 24, 36296)
(70, 14, 19458)
(70, 52, 51392)
(70, 59, 91929)
(70, 30, 2084)
(70, 32, 48743)
(70, 60, 25292)
(70, 20, 37915)
(70, 66, 21153)
(70, 26, 66266)
(70, 15, 23153)
(70, 10, 16506)
(70, 69, 32636)
(70, 62, 99925)
(70, 56, 12138)
(70, 64, 49701)
(70, 44, 24789)
(70, 41, 41298)
(70, 48, 10393)
(70, 42, 14915)
(70, 17, 12619)
(70, 34, 67812)
(70, 40, 6682)
(70, 35, 64010)
(70, 0, 26897)
(70, 43, 91133)
(70, 33, 25343)
(70, 2, 44976)
(70, 22, 15847)
(70, 37, 20342)
(70, 68, 15993)
(70, 5, 13768)
(70, 12, 99937)
(70, 65, 60824)
(70, 18, 3010)
(70, 29, 34963)
(71, 30, 97035)
(71, 45, 73204)
(71, 55, 11231)
(71, 56, 48905)
(71, 54, 91997)
(71, 15, 13534)
(71, 43, 4468)
(71, 63, 31498)
(71, 20, 57815)
(71, 6, 63304)
(71, 13, 98030)
(71, 12, 86493)
(71, 27, 36123)
(71, 16, 82286)
(71, 11, 26557)
(71, 59, 61966)
(71, 4, 51101)
(71, 31, 78345)
(71, 53, 45688)
(71, 41, 35567)
(71, 36, 91397)
(71, 1, 41498)
(71, 18, 91859)
(71, 37, 67648)
(71, 19, 30197)
(71, 38, 21228)
(71, 65, 82792)
(71, 44, 20829)
(71, 39, 8770)
(71, 14, 68061)
(71, 70, 33801)
(71, 57, 72333)
(71, 42, 5820)
(71, 0, 64301)
(71, 60, 54289)
(71, 69, 30536)
(71, 64, 8179)
(71, 66, 67236)
(71, 8, 87016)
(71, 5, 36258)
(71, 10, 71388)
(71, 28, 29862)
(71, 46, 56490)
(71, 17, 91236)
(71, 58, 92571)
(71, 26, 11692)
(71, 62, 96017)
(71, 48, 39889)
(71, 23, 31874)
(71, 9, 97587)
(71, 40, 73854)
(72, 70, 30123)
(72, 20, 65007)
(72, 3, 35827)
(72, 17, 80010)
(72, 36, 50465)
(72, 10, 67034)
(72, 47, 37205)
(72, 13, 79618)
(72, 71, 96581)
(72, 65, 26260)
(72, 23, 23367)
(72, 51, 86507)
(72, 35, 32588)
(72, 53, 33940)
(72, 2, 22526)
(72, 44, 66953)
(72, 9, 69464)
(72, 57, 53598)
(72, 25, 67784)
(72, 54, 12104)
(72, 39, 13544)
(72, 63, 96333)
(72, 4, 9132)
(72, 31, 73686)
(72, 32, 15268)
(72, 56, 82799)
(72, 64, 86375)
(72, 30, 72216)
(72, 52, 19475)
(72, 27, 72055)
(72, 29, 87448)
(72, 48, 44772)
(72, 69, 11054)
(72, 8, 10043)
(72, 11, 23807)
(72, 28, 98822)
(72, 18, 31967)
(72, 42, 89948)
(72, 68, 35141)
(72, 21, 74453)
(72, 38, 78075)
(72, 0, 43998)
(72, 55, 29602)
(72, 5, 56609)
(72, 61, 72348)
(72, 24, 54855)
(72, 19, 52730)
(72, 33, 56099)
(72, 41, 87903)
(72, 16, 79043)
(72, 62, 72067)
(72, 58, 68623)
(72, 49, 80350)
(72, 34, 60949)
(72, 67, 93671)
(72, 6, 41749)
(72, 1, 35445)
(72, 14, 6031)
(72, 50, 56195)
(72, 60, 42949)
(72, 59, 12579)
(72, 66, 1659)
(72, 45, 88377)
(72, 7, 68107)
(72, 22, 30464)
(72, 43, 24245)
(72, 46, 47651)
(72, 26, 69181)
(72, 15, 87563)
(72, 40, 55155)
(72, 37, 7556)
(73, 2, 31166)
(73, 17, 43018)
(73, 57, 70252)
(73, 48, 25219)
(73, 72, 14140)
(73, 37, 2554)
(73, 3, 57855)
(73, 15, 48531)
(73, 61, 58029)
(73, 8, 28209)
(73, 14, 73714)
(73, 31, 57539)
(73, 18, 25784)
(73, 16, 41591)
(73, 7, 25597)
(73, 56, 11935)
(73, 52, 136)
(73, 9, 73341)
(73, 5, 96824)
(73, 46, 2551)
(73, 65, 90812)
(73, 13, 27734)
(73, 59, 63432)
(73, 63, 57489)
(73, 34, 62817)
(73, 38, 58655)
(73, 35, 22693)
(73, 60, 17441)
(73, 55, 42772)
(73, 69, 49549)
(73, 20, 40806)
(73, 49, 84822)
(73, 4, 40503)
(73, 24, 23962)
(73, 0, 89874)
(73, 1, 96670)
(73, 64, 59132)
(73, 47, 70629)
(73, 39, 90780)
(73, 71, 32731)
(73, 33, 98544)
(73, 70, 85541)
(73, 21, 33058)
(73, 53, 45317)
(73, 12, 53337)
(73, 19, 15399)
(73, 25, 36740)
(73, 45, 22576)
(73, 30, 3858)
(73, 32, 72051)
(73, 27, 65766)
(73, 6, 74525)
(73, 54, 16270)
(73, 43, 58084)
(73, 44, 46487)
(73, 11, 65470)
(73, 36, 54021)
(73, 42, 35009)
(73, 22, 69799)
(73, 28, 17391)
(73, 51, 93184)
(74, 8, 4904)
(74, 31, 16957)
(74, 66, 40183)
(74, 21, 54936)
(74, 38, 99385)
(74, 33, 87991)
(74, 52, 93992)
(74, 51, 13288)
(74, 73, 90420)
(74, 35, 54576)
(74, 10, 31364)
(74, 69, 68085)
(74, 20, 57057)
(74, 34, 38272)
(74, 67, 46278)
(74, 30, 9930)
(74, 55, 49438)
(74, 70, 74000)
(74, 26, 12)
(74, 40, 59152)
(74, 42, 7966)
(74, 17, 5636)
(74, 4, 5188)
(74, 11, 63)
(74, 72, 65954)
(74, 57, 11540)
(74, 44, 2587)
(74, 13, 5316)
(74, 1, 97453)
(74, 36, 50811)
(74, 15, 18752)
(74, 43, 13649)
(74, 64, 12795)
(74, 61, 27598)
(74, 12, 14803)
(74, 62, 28163)
(74, 19, 41776)
(74, 39, 29926)
(74, 68, 48289)
(74, 47, 64563)
(74, 56, 97316)
(74, 27, 30161)
(74, 32, 25112)
(74, 53, 76508)
(75, 41, 36709)
(75, 28, 54292)
(75, 12, 61578)
(75, 64, 60624)
(75, 67, 75668)
(75, 21, 3388)
(75, 74, 6548)
(75, 55, 9283)
(75, 73, 19750)
(75, 20, 68310)
(75, 15, 8059)
(75, 56, 66305)
(75, 57, 9490)
(75, 9, 79650)
(75, 39, 95027)
(75, 46, 29877)
(75, 16, 15632)
(75, 25, 4978)
(75, 45, 77605)
(75, 71, 82936)
(75, 63, 18913)
(75, 44, 56500)
(75, 37, 21513)
(75, 5, 35837)
(75, 70, 17079)
(75, 58, 17033)
(75, 24, 93015)
(75, 43, 64662)
(75, 31, 49410)
(75, 10, 54732)
(75, 17, 72113)
(75, 19, 45615)
(75, 2, 80313)
(75, 61, 35070)
(75, 34, 70554)
(75, 33, 74880)
(75, 4, 53033)
(75, 66, 47307)
(75, 42, 57631)
(75, 7, 83005)
(75, 60, 54595)
(76, 73, 92292)
(76, 75, 37403)
(76, 34, 12732)
(76, 45, 77737)
(76, 13, 12567)
(76, 30, 70791)
(76, 12, 91139)
(76, 42, 23037)
(76, 40, 6750)
(76, 10, 53105)
(76, 19, 66176)
(76, 37, 17333)
(76, 16, 41614)
(76, 58, 85809)
(76, 38, 38904)
(76, 1, 59128)
(76, 36, 15164)
(76, 20, 90035)
(76, 44, 407)
(76, 22, 12914)
(76, 64, 99208)
(76, 25, 60097)
(76, 72, 79328)
(76, 9, 37693)
(76, 52, 77381)
(76, 11, 53373)
(76, 2, 35758)
(76, 29, 47)
(76, 54, 24507)
(76, 62, 32347)
(76, 71, 5128)
(76, 63, 81466)
(76, 74, 91260)
(76, 14, 60988)
(76, 15, 83389)
(76, 18, 24489)
(76, 27, 67759)
(76, 4, 70537)
(76, 60, 93393)
(76, 33, 81380)
(76, 51, 95121)
(76, 53, 56708)
(76, 43, 63881)
(76, 65, 92408)
(76, 28, 60639)
(76, 21, 67802)
(76, 6, 88469)
(76, 48, 92922)
(76, 5, 19496)
(76, 32, 95223)
(76, 47, 88586)
(76, 46, 95768)
(77, 24, 14035)
(77, 21, 21612)
(77, 17, 93724)
(77, 63, 56558)
(77, 42, 41193)
(77, 33, 51207)
(77, 59, 79898)
(77, 57, 73372)
(77, 4, 54283)
(77, 60, 16767)
(77, 72, 10986)
(77, 11, 51513)
(77, 50, 21405)
(77, 45, 66299)
(77, 9, 83217)
(77, 62, 26726)
(77, 1, 1292)
(77, 43, 45801)
(77, 74, 19844)
(77, 58, 67792)
(77, 18, 20452)
(77, 66, 58687)
(77, 53, 63126)
(77, 14, 34070)
(77, 67, 69348)
(77, 28, 14431)
(77, 7, 8941)
(77, 34, 61910)
(77, 49, 47745)
(77, 56, 47970)
(77, 40, 24414)
(77, 65, 69202)
(77, 36, 57972)
(77, 29, 6872)
(77, 47, 40026)
(77, 37, 36884)
(77, 71, 60743)
(77, 20, 74165)
(77, 5, 66860)
(77, 75, 5762)
(77, 54, 3924)
(77, 6, 73811)
(77, 22, 72384)
(77, 15, 57514)
(77, 27, 98589)
(77, 46, 33524)
(77, 10, 71436)
(78, 60, 16332)
(78, 15, 32366)
(78, 8, 99665)
(78, 10, 26219)
(78, 16, 53359)
(78, 22, 12784)
(78, 17, 50138)
(78, 27, 12274)
(78, 77, 95109)
(78, 2, 81225)
(78, 34, 43792)
(78, 23, 53458)
(78, 64, 33437)
(78, 48, 93898)
(78, 62, 69756)
(78, 6, 21104)
(78, 67, 2192)
(78, 25, 90880)
(78, 37, 81717)
(78, 39, 97904)
(78, 59, 6278)
(78, 46, 8591)
(78, 50, 46121)
(78, 68, 53023)
(78, 9, 63689)
(78, 26, 22100)
(79, 63, 72086)
(79, 71, 89161)
(79, 48, 38310)
(79, 47, 570)
(79, 20, 57991)
(79, 60, 86745)
(79, 45, 83357)
(79, 76, 69077)
(79, 77, 8040)
(79, 36, 44435)
(79, 67, 53831)
(79, 34, 26914)
(79, 51, 52874)
(79, 31, 84050)
(79, 64, 95425)
(79, 49, 20806)
(79, 50, 43921)
(79, 35, 97149)
(79, 9, 81566)
(79, 57, 22198)
(79, 15, 56655)
(79, 43, 61720)
(79, 37, 31250)
(79, 33, 72383)
(79, 38, 14157)
(79, 6, 11649)
(79, 40, 1106)
(79, 75, 95584)
(79, 2, 65413)
(79, 42, 46221)
(79, 17, 24647)
(79, 23, 5756)
(79, 55, 74083)
(79, 73, 82648)
(79, 39, 87712)
(79, 66, 23477)
(79, 4, 78302)
(79, 62, 22717)
(79, 69, 34245)
(79, 1, 91242)
(79, 68, 93074)
(79, 3, 27769)
(79, 0, 61596)
(79, 78, 71323)
(79, 18, 48113)
(79, 24, 6878)
(79, 8, 83047)
(79, 22, 34039)
(79, 29, 50736)
(79, 32, 99364)
(79, 12, 65866)
(79, 30, 66871)
(79, 7, 50879)
(79, 72, 80812)
(79, 11, 38376)
(79, 52, 57826)
(79, 58, 95592)
(79, 21, 98058)
(79, 25, 65414)
(79, 65, 15571)
(79, 14, 31111)
(79, 46, 33237)
(79, 13, 36472)
(79, 44, 95688)
(79, 26, 93940)
(79, 10, 79924)
(79, 53, 547)
(79, 56, 39676)
(79, 5, 27304)
(79, 61, 39186)
(79, 70, 95955)
(79, 54, 10667)
(79, 41, 83408)
(79, 74, 26535)
(80, 76, 30354)
(80, 31, 819)
(80, 2, 16657)
(80, 48, 31565)
(80, 3, 17592)
(80, 59, 33851)
(80, 32, 68795)
(80, 39, 4037)
(80, 73, 72705)
(80, 56, 96270)
(80, 70, 46395)
(80, 25, 67163)
(80, 28, 2264)
(80, 67, 64159)
(80, 18, 12129)
(80, 21, 82884)
(80, 55, 32717)
(80, 5, 43457)
(80, 58, 92095)
(80, 61, 9032)
(80, 17, 381)
(80, 29, 97216)
(80, 15, 70402)
(80, 64, 37804)
(80, 79, 93994)
(80, 71, 73273)
(80, 38, 36198)
(80, 16, 74775)
(80, 30, 32343)
(80, 47, 78013)
(80, 54, 65311)
(80, 72, 94326)
(80, 27, 27461)
(80, 43, 32780)
(80, 46, 84967)
(80, 36, 74401)
(80, 42, 40842)
(80, 37, 94267)
(80, 77, 65759)
(80, 13, 96995)
(80, 50, 25506)
(80, 44, 6989)
(80, 60, 73166)
(80, 52, 63330)
(80, 53, 73574)
(80, 6, 39014)
(80, 35, 61480)
(80, 62, 52178)
(80, 63, 94375)
(80, 65, 58318)
(80, 20, 78357)
(80, 7, 23586)
(80, 51, 69110)
(80, 24, 48793)
(80, 57, 73990)
(80, 0, 94791)
(80, 78, 95441)
(80, 14, 42247)
(80, 1, 71251)
(80, 75, 6459)
(80, 66, 7109)
(80, 9, 23064)
(80, 26, 93441)
(80, 40, 88592)
(80, 8, 90465)
(80, 12, 53796)
(80, 69, 36944)
(80, 19, 31734)
(80, 74, 9173)
(80, 34, 46460)
(80, 4, 812)
(80, 41, 16391)
(81, 59, 26470)
(81, 67, 97413)
(81, 12, 96051)
(81, 62, 95948)
(81, 13, 43358)
(81, 45, 74473)
(81, 66, 90678)
(81, 40, 53025)
(81, 57, 17460)
(81, 38, 62329)
(81, 77, 58069)
(81, 6, 4426)
(81, 72, 99572)
(81, 10, 59325)
(81, 20, 53013)
(81, 50, 93593)
(81, 41, 59619)
(81, 30, 57413)
(81, 31, 75436)
(81, 11, 35449)
(81, 34, 69359)
(81, 58, 67868)
(81, 60, 49571)
(81, 75, 65876)
(81, 44, 61777)
(81, 19, 68856)
(81, 17, 54016)
(81, 0, 55889)
(81, 4, 17567)
(81, 43, 80391)
(81, 22, 49053)
(81, 14, 68902)
(81, 78, 79523)
(81, 16, 1600)
(81, 27, 86589)
(81, 51, 443)
(81, 5, 76493)
(81, 70, 11119)
(82, 2, 80013)
(82, 37, 89772)
(82, 23, 64761)
(82, 32, 11629)
(82, 55, 63108)
(82, 24, 87267)
(82, 46, 61493)
(82, 44, 27326)
(82, 27, 42271)
(82, 60, 48346)
(82, 67, 94170)
(82, 80, 46368)
(82, 19, 8789)
(82, 76, 67219)
(82, 54, 20442)
(82, 72, 23769)
(82, 66, 89005)
(82, 31, 90463)
(82, 52, 93043)
(82, 13, 86268)
(82, 8, 98846)
(82, 25, 39320)
(82, 22, 82290)
(82, 29, 46925)
(82, 64, 18182)
(82, 6, 77689)
(82, 38, 96459)
(82, 69, 75252)
(82, 45, 32748)
(82, 56, 19671)
(82, 53, 81673)
(82, 50, 52101)
(82, 9, 60788)
(82, 0, 6688)
(82, 16, 32544)
(82, 20, 86954)
(82, 10, 61807)
(82, 71, 58044)
(82, 33, 94577)
(82, 41, 43338)
(82, 49, 49747)
(82, 74, 57237)
(82, 18, 94287)
(82, 57, 56922)
(82, 17, 17039)
(82, 65, 62627)
(82, 77, 14033)
(82, 59, 7782)
(82, 43, 43558)
(82, 61, 97945)
(83, 22, 13609)
(83, 50, 34650)
(83, 55, 35302)
(83, 73, 16266)
(83, 34, 95034)
(83, 4, 85255)
(83, 9, 15290)
(83, 0, 8551)
(83, 21, 31425)
(83, 3, 93038)
(83, 13, 95508)
(83, 20, 12509)
(83, 6, 94258)
(83, 61, 61630)
(83, 63, 84385)
(83, 41, 41526)
(83, 70, 4642)
(83, 25, 38234)
(84, 75, 24334)
(84, 14, 36970)
(84, 26, 8183)
(84, 7, 34630)
(84, 4, 67714)
(84, 6, 23619)
(84, 35, 48997)
(84, 30, 1875)
(84, 33, 36421)
(84, 29, 64086)
(84, 56, 45017)
(84, 25, 96913)
(84, 39, 41286)
(84, 13, 99429)
(84, 83, 36437)
(84, 54, 40322)
(84, 11, 3966)
(84, 68, 35548)
(84, 65, 73891)
(84, 19, 74686)
(84, 18, 55016)
(84, 50, 47166)
(85, 24, 70542)
(85, 57, 99387)
(85, 23, 84165)
(85, 81, 40246)
(85, 79, 11503)
(85, 46, 87600)
(85, 6, 40094)
(85, 60, 56451)
(85, 77, 42085)
(85, 78, 8824)
(85, 11, 17663)
(85, 52, 21894)
(86, 8, 5238)
(86, 1, 75541)
(86, 76, 84736)
(86, 75, 93250)
(86, 43, 53769)
(86, 3, 62636)
(86, 78, 66619)
(86, 22, 81141)
(86, 42, 59695)
(86, 30, 85149)
(86, 35, 46641)
(86, 24, 46325)
(86, 71, 52932)
(86, 63, 18427)
(86, 73, 77420)
(86, 44, 55125)
(86, 79, 82727)
(86, 77, 59406)
(86, 25, 33721)
(86, 11, 959)
(86, 41, 64181)
(86, 13, 48643)
(86, 33, 1410)
(86, 46, 20877)
(86, 36, 34527)
(86, 80, 41161)
(86, 17, 49214)
(86, 56, 5610)
(86, 62, 37226)
(86, 72, 74580)
(86, 65, 34123)
(86, 57, 47331)
(86, 4, 95906)
(86, 9, 13367)
(86, 69, 41173)
(86, 10, 80282)
(86, 68, 59114)
(86, 49, 11334)
(86, 12, 57669)
(86, 81, 99826)
(86, 27, 34532)
(86, 70, 51258)
(86, 61, 83854)
(86, 48, 16356)
(86, 6, 82629)
(86, 23, 80400)
(86, 59, 41328)
(86, 29, 72200)
(86, 47, 65557)
(86, 16, 14791)
(86, 31, 29550)
(86, 51, 85436)
(86, 37, 62772)
(86, 2, 66908)
(87, 84, 28974)
(87, 57, 44530)
(87, 69, 57621)
(87, 9, 61293)
(87, 74, 68897)
(87, 12, 60747)
(87, 30, 43882)
(87, 79, 22128)
(87, 16, 43756)
(87, 11, 87383)
(87, 63, 39921)
(87, 83, 82607)
(87, 14, 29431)
(87, 49, 53891)
(87, 26, 79463)
(87, 32, 24619)
(87, 7, 51070)
(87, 29, 2862)
(87, 82, 81623)
(87, 66, 35057)
(87, 48, 54272)
(87, 68, 37644)
(87, 70, 71537)
(87, 67, 94094)
(87, 86, 30200)
(87, 3, 2308)
(87, 81, 88427)
(87, 25, 50980)
(87, 18, 7608)
(87, 60, 18637)
(87, 23, 63358)
(87, 10, 27956)
(87, 62, 89634)
(87, 27, 82782)
(87, 51, 4302)
(87, 41, 18308)
(87, 55, 98724)
(87, 42, 29162)
(87, 33, 99481)
(87, 2, 52117)
(87, 6, 14818)
(87, 50, 10166)
(87, 85, 63836)
(87, 43, 13943)
(87, 76, 34440)
(87, 44, 36649)
(87, 46, 3248)
(87, 24, 9314)
(87, 72, 40374)
(87, 20, 28896)
(87, 22, 77544)
(87, 47, 83054)
(87, 39, 77988)
(87, 19, 47502)
(87, 37, 30209)
(87, 45, 17822)
(87, 28, 44794)
(87, 4, 66515)
(87, 56, 82761)
(87, 53, 29516)
(87, 40, 76763)
(87, 61, 44210)
(87, 31, 72048)
(87, 80, 25162)
(87, 13, 83489)
(87, 34, 10918)
(87, 38, 36651)
(87, 58, 6997)
(87, 65, 76581)
(87, 0, 55973)
(87, 75, 37460)
(87, 5, 39833)
(87, 17, 15575)
(87, 71, 64616)
(87, 35, 57115)
(87, 64, 22229)
(87, 15, 93462)
(87, 78, 32666)
(87, 1, 44131)
(88, 65, 9762)
(88, 71, 13865)
(88, 5, 2626)
(89, 83, 45739)
(89, 6, 80475)
(89, 0, 77023)
(89, 32, 15408)
(89, 62, 98766)
(89, 41, 17271)
(89, 20, 83257)
(89, 56, 24432)
(89, 12, 52070)
(89, 67, 3925)
(89, 37, 40012)
(89, 58, 24631)
(89, 22, 87638)
(89, 72, 28468)
(89, 7, 56479)
(89, 46, 8060)
(89, 76, 6992)
(89, 31, 94010)
(89, 1, 65367)
(89, 71, 10548)
(89, 87, 33053)
(89, 79, 13349)
(89, 43, 14599)
(89, 48, 19724)
(89, 64, 4616)
(89, 36, 65721)
(89, 10, 82489)
(89, 17, 76698)
(89, 55, 4509)
(89, 26, 59840)
(89, 86, 1700)
(89, 16, 55660)
(89, 13, 96868)
(89, 27, 38967)
(89, 69, 10575)
(89, 70, 80012)
(89, 23, 6344)
(89, 84, 52439)
(89, 19, 67926)
(89, 81, 21577)
(89, 51, 40859)
(89, 53, 89805)
(89, 82, 89960)
(89, 9, 44837)
(89, 18, 756)
(89, 25, 18203)
(89, 73, 54453)
(89, 29, 76300)
(89, 21, 87768)
(89, 47, 77618)
(89, 60, 65526)
(89, 80, 78196)
(89, 85, 29988)
(89, 14, 19315)
(89, 42, 83795)
(89, 45, 91204)
(89, 78, 37585)
(89, 38, 82319)
(89, 50, 61423)
(89, 11, 34290)
(89, 5, 39673)
(89, 8, 86128)
(89, 59, 76470)
(89, 4, 42136)
(89, 52, 23200)
(89, 30, 93443)
(89, 40, 41050)
(89, 3, 20915)
(89, 39, 69932)
(89, 68, 39455)
(89, 61, 98669)
(89, 15, 54967)
(89, 54, 71920)
(89, 74, 56338)
(89, 49, 3597)
(89, 44, 90968)
(89, 63, 50345)
(89, 33, 51104)
(90, 18, 26442)
(90, 27, 19074)
(90, 55, 51858)
(90, 87, 92738)
(90, 13, 900)
(90, 50, 64898)
(90, 3, 84895)
(90, 70, 83111)
(90, 76, 45117)
(90, 41, 68112)
(90, 36, 21479)
(90, 85, 70789)
(90, 33, 11407)
(91, 38, 45190)
(91, 13, 85391)
(91, 7, 21748)
(91, 50, 99866)
(91, 67, 80183)
(91, 14, 59887)
(91, 64, 41693)
(91, 29, 6950)
(91, 89, 78807)
(91, 15, 98525)
(91, 46, 86949)
(91, 34, 78952)
(91, 6, 56123)
(91, 53, 75552)
(91, 18, 37677)
(91, 9, 75719)
(91, 24, 53205)
(91, 60, 76346)
(91, 31, 37015)
(91, 12, 666)
(91, 65, 6429)
(91, 43, 87450)
(91, 4, 60290)
(91, 76, 85994)
(91, 81, 91272)
(91, 16, 86600)
(91, 70, 50646)
(91, 58, 38258)
(91, 47, 6744)
(91, 75, 95606)
(91, 83, 57374)
(91, 23, 84996)
(91, 44, 4187)
(91, 10, 99934)
(91, 80, 24026)
(91, 11, 57813)
(91, 41, 90085)
(91, 33, 82141)
(91, 48, 82231)
(91, 82, 62566)
(91, 39, 61722)
(91, 30, 37137)
(91, 56, 47324)
(91, 61, 78598)
(91, 73, 96133)
(91, 52, 82840)
(91, 66, 66397)
(91, 36, 16700)
(91, 42, 2334)
(91, 32, 54476)
(91, 87, 59570)
(91, 86, 67277)
(91, 59, 39731)
(91, 40, 96511)
(91, 2, 20285)
(91, 78, 39860)
(91, 68, 27809)
(91, 21, 89827)
(91, 74, 42433)
(91, 3, 11789)
(91, 27, 8456)
(91, 88, 62186)
(91, 8, 89965)
(91, 0, 86473)
(91, 20, 27354)
(91, 1, 20121)
(91, 49, 97854)
(91, 25, 36996)
(91, 63, 10617)
(91, 57, 29351)
(91, 26, 80035)
(91, 19, 86528)
(91, 51, 31098)
(91, 79, 29129)
(91, 69, 79510)
(91, 55, 81659)
(91, 84, 98016)
(91, 45, 40711)
(91, 72, 80685)
(91, 85, 14066)
(91, 90, 24040)
(91, 17, 57801)
(91, 37, 26123)
(91, 62, 23029)
(92, 36, 43477)
(92, 13, 15652)
(92, 76, 74757)
(92, 11, 51209)
(92, 61, 84764)
(92, 56, 9168)
(92, 29, 1697)
(92, 72, 3787)
(92, 53, 64431)
(92, 37, 73733)
(92, 71, 11533)
(92, 91, 99413)
(92, 88, 57120)
(92, 50, 81532)
(92, 24, 84993)
(92, 59, 66254)
(92, 77, 2402)
(92, 51, 94038)
(92, 20, 33739)
(92, 67, 8987)
(92, 3, 6995)
(92, 17, 43090)
(92, 40, 14827)
(92, 7, 24184)
(92, 80, 1309)
(92, 86, 63573)
(92, 44, 90975)
(92, 58, 56852)
(92, 49, 30157)
(92, 63, 61096)
(92, 28, 62259)
(92, 15, 81972)
(92, 9, 5350)
(92, 22, 66689)
(92, 31, 80133)
(92, 46, 47733)
(92, 79, 33845)
(92, 32, 61970)
(92, 18, 85548)
(92, 23, 91608)
(92, 47, 88952)
(92, 83, 90906)
(92, 42, 7485)
(92, 39, 40302)
(92, 64, 85274)
(92, 1, 13652)
(92, 82, 78229)
(92, 68, 35510)
(92, 35, 28861)
(92, 4, 90929)
(92, 78, 85465)
(92, 43, 52720)
(92, 62, 73369)
(92, 0, 98739)
(92, 57, 71765)
(92, 69, 22843)
(92, 70, 6869)
(92, 75, 62654)
(92, 14, 11152)
(92, 52, 683)
(92, 12, 89140)
(92, 55, 31584)
(92, 73, 28393)
(92, 30, 79584)
(92, 8, 81798)
(92, 10, 53290)
(92, 85, 65556)
(92, 21, 64981)
(92, 26, 20417)
(92, 19, 90405)
(92, 66, 46706)
(92, 54, 95276)
(92, 5, 759)
(92, 25, 4199)
(93, 62, 27000)
(93, 65, 66060)
(93, 13, 58208)
(93, 89, 56780)
(93, 21, 6838)
(93, 83, 10162)
(93, 53, 18597)
(93, 58, 28103)
(93, 37, 60073)
(93, 18, 47612)
(93, 5, 35848)
(93, 9, 50324)
(93, 63, 41250)
(93, 4, 30494)
(93, 24, 38052)
(93, 41, 96968)
(93, 88, 97847)
(93, 29, 77722)
(93, 17, 87064)
(93, 84, 90836)
(93, 16, 24350)
(93, 50, 68781)
(93, 52, 3832)
(93, 45, 17992)
(93, 47, 32764)
(93, 67, 58570)
(93, 1, 95044)
(93, 78, 88784)
(93, 33, 56995)
(93, 43, 74633)
(93, 46, 9172)
(93, 68, 16198)
(93, 61, 21267)
(93, 6, 47616)
(93, 72, 20988)
(93, 49, 9608)
(93, 59, 74454)
(93, 20, 87514)
(93, 11, 44028)
(93, 69, 10297)
(93, 3, 44686)
(93, 39, 66887)
(93, 22, 73697)
(93, 74, 62464)
(93, 57, 96415)
(93, 2, 78160)
(93, 0, 54310)
(93, 64, 46968)
(93, 90, 26911)
(93, 28, 37796)
(93, 86, 1478)
(93, 80, 70907)
(93, 34, 8115)
(93, 75, 52983)
(93, 77, 99151)
(93, 35, 60427)
(93, 36, 64194)
(93, 38, 62019)
(93, 91, 77313)
(93, 48, 16430)
(93, 30, 33260)
(93, 92, 5027)
(93, 70, 81825)
(93, 56, 88554)
(93, 42, 17585)
(93, 76, 98355)
(93, 32, 99471)
(93, 54, 73734)
(93, 87, 68686)
(93, 26, 82454)
(93, 82, 72654)
(93, 14, 61089)
(93, 8, 2647)
(93, 51, 63592)
(93, 23, 69269)
(93, 60, 73476)
(93, 31, 98741)
(93, 10, 13622)
(93, 66, 28599)
(93, 40, 39739)
(93, 12, 56493)
(93, 81, 64178)
(93, 27, 35541)
(93, 79, 87801)
(93, 73, 30250)
(93, 19, 42340)
(93, 44, 29786)
(93, 25, 8422)
(94, 49, 59436)
(94, 0, 79323)
(94, 87, 83040)
(94, 39, 2502)
(95, 55, 98038)
(95, 58, 98850)
(95, 37, 3884)
(95, 68, 1654)
(95, 93, 85519)
(95, 73, 62843)
(95, 63, 44667)
(95, 2, 67638)
(95, 60, 94634)
(95, 81, 13626)
(95, 27, 55551)
(95, 3, 6867)
(95, 22, 47942)
(95, 41, 55756)
(95, 48, 82238)
(95, 46, 44297)
(95, 70, 53895)
(95, 94, 64436)
(95, 6, 41110)
(95, 54, 99552)
(95, 71, 44394)
(95, 44, 9912)
(95, 86, 77678)
(95, 79, 47535)
(95, 0, 11851)
(95, 67, 97781)
(95, 50, 53322)
(95, 1, 59533)
(95, 78, 15103)
(95, 74, 20825)
(95, 51, 7019)
(95, 8, 30499)
(95, 87, 73271)
(95, 42, 42264)
(95, 89, 3499)
(95, 88, 83609)
(95, 39, 95645)
(95, 80, 62243)
(95, 29, 44867)
(95, 69, 58856)
(95, 59, 71541)
(95, 62, 41944)
(95, 36, 39518)
(95, 82, 88594)
(95, 91, 55371)
(95, 43, 6201)
(95, 10, 19487)
(95, 49, 22429)
(95, 15, 21248)
(95, 56, 19554)
(95, 30, 73625)
(95, 34, 89500)
(95, 76, 79871)
(95, 23, 96742)
(95, 20, 5682)
(95, 28, 10494)
(95, 31, 49011)
(95, 25, 39374)
(95, 57, 41951)
(95, 45, 32188)
(95, 52, 43305)
(95, 9, 11081)
(95, 77, 84312)
(95, 11, 96123)
(95, 90, 81379)
(95, 72, 72802)
(95, 53, 91507)
(95, 75, 60380)
(95, 84, 7221)
(95, 66, 21504)
(96, 49, 39714)
(96, 65, 29872)
(96, 32, 75483)
(96, 13, 46749)
(96, 31, 64326)
(96, 21, 24341)
(96, 5, 80874)
(96, 57, 35456)
(96, 38, 70644)
(96, 30, 20577)
(96, 61, 90766)
(96, 67, 39430)
(96, 29, 49531)
(96, 94, 28075)
(96, 33, 53746)
(96, 63, 12868)
(96, 52, 23977)
(96, 47, 71914)
(96, 92, 5165)
(96, 41, 18766)
(96, 80, 57902)
(96, 89, 29511)
(96, 19, 74478)
(96, 3, 85057)
(96, 82, 38775)
(96, 71, 42853)
(96, 37, 7486)
(96, 76, 73432)
(96, 50, 26828)
(96, 4, 6741)
(96, 53, 67819)
(96, 14, 61701)
(96, 27, 73896)
(96, 48, 89911)
(96, 8, 2583)
(96, 72, 91691)
(96, 84, 76793)
(96, 75, 74008)
(96, 85, 39721)
(96, 20, 48709)
(96, 60, 44493)
(96, 28, 67261)
(96, 79, 17854)
(96, 2, 97228)
(96, 1, 24685)
(96, 59, 43135)
(96, 35, 27074)
(96, 62, 91669)
(96, 24, 32916)
(96, 26, 3516)
(96, 10, 72536)
(96, 17, 48007)
(96, 66, 25791)
(96, 34, 96935)
(96, 0, 38595)
(96, 40, 26454)
(96, 56, 38576)
(96, 77, 6345)
(96, 68, 29621)
(96, 39, 59797)
(96, 51, 38642)
(96, 78, 23226)
(96, 9, 65017)
(96, 73, 1628)
(96, 42, 30509)
(96, 95, 88299)
(96, 91, 4625)
(96, 11, 78085)
(96, 43, 48098)
(96, 23, 7861)
(96, 83, 53113)
(96, 45, 93754)
(96, 25, 65434)
(97, 0, 89192)
(97, 77, 14670)
(97, 85, 61505)
(97, 17, 68877)
(97, 25, 40243)
(97, 83, 4841)
(97, 76, 41588)
(97, 5, 85561)
(97, 11, 9370)
(97, 61, 4726)
(97, 63, 29613)
(97, 68, 96744)
(97, 6, 86755)
(97, 14, 8979)
(97, 81, 98543)
(97, 58, 19344)
(97, 9, 1502)
(97, 30, 62951)
(97, 90, 34404)
(97, 50, 60254)
(97, 13, 34472)
(97, 18, 52985)
(97, 34, 96620)
(97, 41, 57613)
(97, 87, 9237)
(97, 4, 41319)
(97, 55, 67112)
(97, 52, 69811)
(97, 71, 42797)
(97, 86, 78093)
(97, 54, 55434)
(97, 69, 38999)
(98, 65, 65697)
(98, 4, 79468)
(98, 62, 86848)
(98, 86, 74335)
(98, 49, 59386)
(98, 66, 85822)
(98, 75, 70148)
(98, 83, 69027)
(98, 26, 80553)
(98, 12, 1791)
(98, 33, 50611)
(98, 54, 94112)
(98, 39, 2063)
(98, 91, 64427)
(98, 15, 15880)
(98, 20, 71564)
(98, 38, 9990)
(98, 58, 32739)
(98, 6, 79928)
(98, 23, 4631)
(98, 9, 9140)
(98, 16, 78764)
(98, 95, 12632)
(98, 69, 6917)
(98, 78, 45910)
(98, 59, 75150)
(98, 52, 11078)
(98, 94, 36013)
(98, 19, 23860)
(98, 40, 30827)
(98, 50, 67923)
(98, 72, 31711)
(98, 57, 16677)
(98, 48, 15738)
(98, 31, 61139)
(98, 61, 12352)
(98, 21, 97863)
(98, 13, 70239)
(98, 11, 100251)
(98, 8, 63186)
(98, 36, 78854)
(98, 64, 62330)
(98, 84, 83208)
(98, 93, 61161)
(98, 7, 49564)
(98, 71, 93653)
(98, 85, 8233)
(98, 60, 20035)
(98, 82, 97103)
(98, 42, 25712)
(98, 27, 58393)
(98, 73, 21675)
(98, 30, 26604)
(98, 43, 134)
(98, 87, 73267)
(98, 53, 39196)
(98, 22, 52723)
(98, 89, 15889)
(98, 46, 59391)
(98, 18, 81604)
(98, 67, 3462)
(98, 44, 28074)
(98, 76, 72838)
(98, 29, 51968)
(98, 34, 59038)
(98, 1, 50213)
(98, 28, 66489)
(98, 92, 28076)
(98, 41, 56863)
(98, 25, 79549)
(98, 0, 6828)
(98, 5, 55356)
(98, 96, 91830)
(98, 32, 10264)
(98, 3, 41697)
(98, 81, 10879)
(98, 97, 17692)
(98, 10, 78655)
(98, 74, 52234)
(98, 47, 67459)
(98, 63, 62236)
(98, 37, 46545)
(98, 80, 29094)
(98, 14, 96412)
(99, 64, 54594)
(100, 32, 33724)
(100, 47, 80151)
(100, 88, 24941)
(100, 65, 42967)
(100, 72, 43449)
(100, 30, 45735)
(100, 86, 39331)
(100, 59, 52644)
(100, 27, 43602)
(100, 29, 37530)
(100, 91, 26826)
(100, 21, 27838)
(100, 55, 55524)
(100, 85, 81596)
(100, 4, 23938)
(100, 35, 32679)
(100, 53, 62475)
(100, 42, 10756)
(100, 96, 19637)
(100, 70, 25290)
(100, 11, 31537)
(100, 16, 54965)
(100, 58, 14010)
(100, 48, 31972)
(100, 24, 5342)
(100, 68, 62096)
(100, 57, 12259)
(100, 9, 72273)
(100, 94, 63237)
(100, 76, 92959)
(100, 97, 6613)
(100, 22, 92019)
(100, 71, 79195)
(100, 89, 16114)
(100, 95, 72087)
(100, 31, 83835)
(100, 17, 62879)
(100, 51, 56561)
(100, 99, 76039)
(100, 64, 59900)
(100, 10, 39814)
(100, 15, 19993)
(100, 37, 69995)
(100, 98, 87178)
(100, 75, 62650)
(100, 56, 65817)
(100, 43, 59532)
(100, 50, 75491)
(100, 12, 28345)
(100, 25, 83202)
(100, 3, 96013)
(100, 26, 81417)
(100, 90, 2847)
(100, 34, 100236)
(100, 83, 5237)
(100, 20, 35320)
(100, 92, 72894)
(100, 84, 22816)
(100, 73, 68609)
(100, 38, 31481)
(100, 62, 77107)
(100, 61, 86675)
(100, 33, 16331)
(100, 23, 89843)
(100, 69, 44262)
(100, 77, 800)
(100, 45, 75604)
(100, 44, 12127)
(100, 7, 27868)
(100, 8, 44671)
(100, 67, 74521)
(100, 13, 6870)
(100, 87, 100126)
(100, 14, 60248)
(100, 2, 95256)
(100, 82, 26501)
(100, 19, 54251)
(100, 81, 73959)
(100, 54, 3277)
(100, 63, 98572)
(100, 74, 79302)
(100, 41, 78386)
(100, 79, 41190)
(100, 5, 61474)
(100, 39, 20923)
(100, 60, 48672)
(100, 80, 71475)
(100, 6, 58459)
(100, 46, 49527)
(100, 36, 50620)
(100, 52, 94542)
(100, 0, 46327)
(101, 49, 67292)
(101, 91, 3628)
(101, 31, 37166)
(101, 21, 73527)
(101, 71, 53883)
(101, 82, 52483)
(101, 40, 23369)
(101, 56, 81196)
(101, 80, 36752)
(101, 6, 93276)
(101, 81, 57931)
(101, 44, 9215)
(101, 86, 28352)
(101, 89, 23408)
(101, 87, 76636)
(101, 3, 17188)
(101, 12, 87479)
(101, 28, 32308)
(101, 27, 79337)
(101, 9, 26121)
(101, 18, 5252)
(101, 34, 67058)
(101, 45, 17044)
(101, 26, 94568)
(101, 33, 62509)
(101, 90, 80649)
(101, 4, 3063)
(101, 0, 45905)
(101, 85, 56365)
(101, 48, 31886)
(101, 88, 55933)
(101, 58, 5496)
(101, 38, 77574)
(101, 24, 89684)
(101, 14, 16233)
(101, 20, 91802)
(101, 11, 58384)
(101, 25, 74655)
(101, 79, 20502)
(101, 30, 92840)
(101, 95, 39630)
(101, 94, 78271)
(101, 84, 37390)
(101, 29, 52259)
(101, 76, 98812)
(101, 97, 37717)
(101, 1, 68618)
(101, 67, 18029)
(101, 32, 79785)
(101, 74, 78461)
(101, 47, 60954)
(101, 77, 39650)
(101, 43, 30726)
(101, 64, 9716)
(101, 46, 66969)
(101, 63, 38030)
(101, 35, 34002)
(101, 93, 60390)
(101, 57, 23871)
(101, 5, 3352)
(101, 61, 69362)
(101, 50, 30028)
(101, 36, 54423)
(101, 60, 670)
(101, 59, 30870)
(101, 70, 90088)
(101, 98, 96686)
(101, 92, 89661)
(101, 39, 38850)
(101, 65, 27513)
(101, 78, 20345)
(101, 23, 25802)
(101, 22, 91460)
(101, 41, 58378)
(101, 51, 41991)
(101, 55, 49625)
(101, 17, 42014)
(101, 52, 57377)
(101, 37, 17085)
(102, 76, 60945)
(102, 56, 9138)
(102, 15, 56775)
(102, 2, 39520)
(102, 35, 37357)
(102, 48, 8951)
(102, 60, 85734)
(102, 86, 64460)
(102, 91, 77770)
(102, 24, 87352)
(102, 26, 52222)
(102, 78, 71136)
(102, 31, 53996)
(102, 87, 20672)
(102, 88, 78138)
(102, 72, 77086)
(102, 41, 87406)
(102, 42, 69497)
(102, 73, 48937)
(102, 23, 100108)
(102, 36, 27649)
(102, 46, 80006)
(102, 0, 88668)
(102, 34, 10110)
(102, 5, 95340)
(102, 83, 28973)
(102, 39, 57367)
(102, 63, 45723)
(102, 6, 33719)
(102, 19, 280)
(102, 50, 13782)
(102, 71, 99122)
(102, 65, 42969)
(102, 4, 47892)
(102, 82, 89783)
(102, 62, 94644)
(102, 81, 66564)
(102, 52, 11522)
(102, 51, 17037)
(102, 92, 35570)
(102, 47, 83970)
(102, 38, 66483)
(102, 11, 8535)
(102, 30, 65181)
(102, 18, 20160)
(102, 25, 45410)
(102, 99, 80588)
(102, 94, 82886)
(102, 77, 45918)
(102, 17, 61207)
(102, 16, 2981)
(102, 69, 33322)
(102, 61, 3998)
(102, 75, 23917)
(102, 80, 94763)
(102, 33, 98600)
(102, 55, 94687)
(102, 57, 19403)
(102, 10, 3370)
(102, 28, 23930)
(102, 59, 90555)
(102, 68, 39595)
(102, 93, 4151)
(102, 9, 61585)
(102, 74, 81957)
(102, 7, 63218)
(102, 70, 14836)
(102, 96, 70942)
(102, 64, 70342)
(102, 8, 59690)
(102, 89, 82955)
(102, 98, 48169)
(102, 95, 1465)
(102, 101, 62368)
(102, 79, 66253)
(102, 20, 99563)
(102, 45, 57717)
(102, 37, 45684)
(102, 54, 93414)
(102, 12, 44905)
(102, 66, 61728)
(102, 32, 9660)
(102, 29, 71019)
(102, 22, 69925)
(102, 13, 5540)
(102, 1, 17679)
(102, 14, 37010)
(102, 27, 33356)
(102, 21, 20906)
(102, 43, 5799)
(102, 49, 49719)
(102, 53, 59173)
(102, 3, 75629)
(102, 85, 47043)
(103, 74, 56602)
(103, 80, 74493)
(103, 50, 35883)
(103, 75, 56129)
(103, 100, 86107)
(103, 71, 12189)
(103, 57, 44251)
(103, 42, 44886)
(103, 19, 70492)
(103, 73, 96708)
(103, 102, 23848)
(103, 97, 86281)
(103, 32, 94248)
(103, 15, 73410)
(103, 11, 99473)
(103, 38, 38027)
(103, 99, 61766)
(103, 90, 71640)
(103, 48, 64363)
(103, 16, 22193)
(103, 12, 9088)
(103, 84, 43171)
(104, 1, 39020)
(104, 70, 74336)
(104, 18, 98815)
(104, 17, 30952)
(104, 76, 62759)
(104, 73, 73886)
(104, 91, 77397)
(104, 4, 92561)
(104, 28, 10288)
(104, 65, 64206)
(104, 34, 19043)
(104, 60, 3919)
(104, 54, 51661)
(104, 42, 41433)
(104, 19, 1342)
(104, 94, 86697)
(104, 20, 38279)
(104, 88, 29935)
(104, 44, 1687)
(104, 71, 29842)
(105, 88, 48037)
(105, 30, 57982)
(105, 42, 78133)
(105, 40, 44988)
(105, 21, 34048)
(105, 85, 76733)
(105, 90, 13789)
(105, 1, 72720)
(105, 8, 29761)
(105, 83, 24910)
(105, 80, 26871)
(105, 52, 41546)
(105, 10, 83330)
(105, 44, 49602)
(105, 89, 87620)
(105, 54, 39516)
(105, 77, 29515)
(105, 73, 7312)
(105, 74, 67463)
(105, 60, 99130)
(105, 101, 1252)
(105, 56, 44535)
(105, 78, 17878)
(105, 7, 80103)
(105, 69, 89879)
(105, 4, 17420)
(105, 61, 86577)
(105, 19, 6026)
(105, 48, 98373)
(105, 23, 89325)
(105, 72, 4980)
(105, 62, 9417)
(105, 98, 10962)
(105, 11, 58941)
(105, 27, 95672)
(105, 51, 49645)
(105, 35, 54158)
(105, 26, 49998)
(105, 103, 61500)
(105, 93, 66790)
(105, 76, 64591)
(105, 64, 26359)
(105, 15, 11499)
(105, 58, 1411)
(105, 79, 16779)
(105, 84, 77818)
(106, 35, 29509)
(106, 40, 26344)
(106, 26, 100274)
(106, 99, 75397)
(106, 84, 92672)
(106, 15, 74670)
(106, 62, 20598)
(106, 72, 62372)
(106, 105, 5005)
(106, 76, 7730)
(106, 41, 54852)
(106, 9, 50741)
(106, 96, 96019)
(106, 103, 18145)
(106, 104, 82432)
(106, 34, 37934)
(106, 12, 63503)
(106, 75, 45946)
(106, 51, 70825)
(106, 19, 68493)
(106, 28, 20407)
(106, 32, 69753)
(106, 57, 25371)
(106, 49, 51220)
(106, 63, 52082)
(106, 88, 63336)
(106, 54, 54009)
(106, 4, 28529)
(106, 7, 49350)
(106, 20, 33473)
(106, 25, 57207)
(106, 91, 7731)
(106, 86, 1367)
(106, 89, 59957)
(106, 55, 13320)
(106, 85, 94896)
(106, 87, 43024)
(106, 37, 86405)
(106, 43, 56560)
(106, 22, 92481)
(106, 18, 100012)
(107, 73, 93152)
(107, 22, 11978)
(107, 75, 77876)
(107, 79, 3718)
(107, 10, 98928)
(107, 81, 36634)
(107, 42, 80691)
(107, 33, 71857)
(107, 100, 46547)
(107, 55, 87626)
(107, 51, 53874)
(107, 9, 64139)
(107, 85, 76156)
(107, 7, 69902)
(107, 58, 73524)
(107, 39, 27890)
(107, 94, 81361)
(107, 13, 64097)
(107, 62, 44300)
(107, 27, 86968)
(107, 3, 76216)
(107, 40, 19811)
(107, 53, 25678)
(107, 20, 74684)
(107, 11, 46950)
(107, 72, 26898)
(107, 30, 2873)
(107, 83, 96274)
(107, 63, 25189)
(107, 43, 39580)
(107, 91, 61437)
(107, 67, 44521)
(107, 89, 48594)
(107, 50, 75854)
(107, 102, 71204)
(107, 78, 49174)
(107, 12, 23922)
(107, 16, 47784)
(107, 54, 100316)
(107, 31, 50774)
(107, 59, 23162)
(107, 24, 63114)
(107, 5, 89444)
(107, 80, 60455)
(107, 84, 96932)
(107, 41, 1881)
(107, 4, 39983)
(107, 76, 88981)
(107, 95, 96026)
(107, 25, 35509)
(107, 35, 80906)
(107, 45, 96101)
(107, 29, 54291)
(107, 1, 63037)
(107, 101, 71247)
(108, 102, 4851)
(108, 46, 45423)
(108, 40, 66233)
(108, 33, 42939)
(108, 9, 36578)
(108, 74, 76168)
(108, 57, 2015)
(108, 69, 8609)
(108, 71, 17399)
(108, 34, 14023)
(108, 35, 28397)
(108, 18, 89675)
(108, 8, 39162)
(108, 44, 22552)
(108, 7, 5442)
(108, 2, 56610)
(108, 17, 62883)
(108, 37, 77927)
(108, 106, 91474)
(108, 45, 68851)
(108, 80, 34327)
(108, 41, 78649)
(108, 43, 11523)
(108, 24, 76865)
(108, 60, 78929)
(108, 64, 88887)
(108, 36, 85020)
(108, 65, 21785)
(108, 96, 36309)
(108, 93, 59138)
(108, 51, 29673)
(108, 4, 31771)
(108, 99, 34792)
(108, 103, 55222)
(108, 94, 10460)
(108, 55, 1598)
(108, 47, 8544)
(108, 85, 97501)
(108, 48, 19846)
(108, 23, 9443)
(108, 97, 76549)
(108, 10, 5958)
(108, 84, 10331)
(108, 19, 63849)
(108, 79, 82276)
(108, 39, 54162)
(108, 100, 41558)
(108, 67, 68863)
(108, 1, 7194)
(108, 72, 27912)
(108, 88, 51892)
(108, 87, 43788)
(108, 42, 86326)
(108, 62, 38676)
(108, 32, 43500)
(108, 70, 63427)
(108, 49, 92608)
(108, 92, 9157)
(108, 78, 10042)
(108, 3, 92618)
(108, 38, 91119)
(108, 31, 15696)
(108, 76, 76200)
(108, 6, 53780)
(108, 90, 23811)
(108, 95, 91079)
(108, 52, 15410)
(108, 21, 50323)
(108, 59, 59157)
(108, 75, 29312)
(108, 20, 710)
(108, 30, 42720)
(108, 22, 28587)
(108, 25, 66774)
(108, 50, 45875)
(108, 81, 12327)
(108, 104, 54395)
(108, 107, 34028)
(108, 53, 41382)
(108, 29, 85861)
(108, 61, 10745)
(108, 105, 6907)
(108, 13, 17568)
(108, 83, 3174)
(108, 56, 22900)
(108, 12, 2273)
(108, 91, 43749)
(108, 27, 77734)
(108, 82, 37265)
(108, 73, 100039)
(108, 101, 26329)
(108, 58, 85531)
(108, 66, 97370)
(108, 11, 7769)
(108, 0, 10993)
(108, 86, 25407)
(108, 15, 33924)
(108, 68, 19283)
(108, 28, 59113)
(108, 63, 37370)
(108, 26, 4141)
(108, 14, 58531)
(109, 74, 5916)
(109, 5, 61933)
(109, 76, 58778)
(109, 22, 38848)
(109, 1, 60550)
(109, 61, 64989)
(109, 30, 95465)
(109, 71, 51425)
(109, 53, 52610)
(109, 84, 5416)
(109, 98, 79069)
(109, 105, 67841)
(109, 86, 27400)
(109, 93, 92737)
(109, 40, 90976)
(109, 8, 45399)
(109, 34, 46877)
(109, 15, 56781)
(109, 9, 23747)
(109, 35, 88614)
(109, 19, 59476)
(109, 89, 65715)
(109, 108, 53765)
(109, 39, 89695)
(110, 70, 71239)
(110, 2, 95296)
(110, 28, 45876)
(110, 83, 20823)
(110, 68, 48001)
(110, 59, 76258)
(110, 5, 23795)
(110, 17, 14952)
(110, 58, 2157)
(110, 74, 43401)
(110, 76, 91480)
(110, 42, 44346)
(110, 0, 40062)
(110, 40, 8861)
(110, 85, 65145)
(110, 84, 92586)
(110, 25, 82246)
(110, 11, 92013)
(110, 9, 58186)
(110, 4, 31499)
(110, 94, 13967)
(110, 36, 31753)
(110, 16, 83928)
(110, 97, 29661)
(110, 29, 14019)
(110, 47, 7136)
(111, 1, 76573)
(111, 50, 9218)
(111, 44, 82535)
(111, 92, 46906)
(111, 70, 15177)
(111, 72, 61302)
(111, 53, 73349)
(111, 42, 58548)
(111, 68, 12719)
(111, 52, 86868)
(111, 89, 44660)
(111, 78, 68870)
(111, 69, 13757)
(111, 12, 51651)
(111, 91, 86321)
(111, 28, 64961)
(111, 2, 30054)
(111, 23, 98923)
(111, 39, 65327)
(111, 96, 50753)
(111, 19, 80061)
(111, 11, 92022)
(111, 108, 442)
(111, 48, 14739)
(111, 109, 18530)
(111, 14, 50501)
(111, 62, 65322)
(111, 99, 42038)
(111, 77, 83707)
(111, 66, 99621)
(111, 34, 32807)
(111, 110, 50459)
(111, 7, 841)
(111, 73, 84841)
(111, 30, 81037)
(111, 74, 57793)
(111, 20, 3519)
(111, 106, 83683)
(111, 17, 96095)
(111, 36, 59334)
(111, 64, 50592)
(111, 56, 56843)
(111, 90, 81289)
(111, 60, 93217)
(111, 105, 26185)
(111, 25, 8644)
(111, 27, 100066)
(111, 10, 86346)
(111, 9, 27710)
(111, 49, 71665)
(111, 107, 98457)
(112, 100, 47233)
(112, 48, 91771)
(112, 109, 64110)
(112, 36, 17742)
(112, 20, 9178)
(112, 10, 45878)
(112, 97, 25360)
(112, 43, 1644)
(112, 76, 44797)
(112, 2, 100324)
(112, 44, 87948)
(112, 91, 79153)
(112, 108, 29252)
(112, 53, 13354)
(112, 15, 42829)
(112, 90, 35226)
(112, 77, 34101)
(112, 34, 12310)
(112, 30, 76587)
(112, 62, 37892)
(112, 80, 41444)
(112, 71, 72616)
(112, 60, 75532)
(112, 14, 57480)
(112, 11, 65174)
(112, 72, 26126)
(112, 58, 17964)
(112, 46, 700)
(112, 40, 46111)
(112, 59, 58049)
(112, 102, 52441)
(112, 3, 66490)
(112, 111, 62932)
(112, 1, 87807)
(112, 32, 26467)
(112, 67, 66775)
(112, 106, 24130)
(112, 22, 32089)
(112, 21, 54245)
(112, 95, 17970)
(112, 33, 84816)
(112, 50, 33263)
(112, 38, 97750)
(112, 88, 34359)
(112, 18, 45907)
(112, 29, 10284)
(112, 73, 69903)
(112, 37, 68596)
(113, 108, 53071)
(113, 57, 15377)
(113, 31, 10451)
(114, 90, 8406)
(114, 62, 66338)
(114, 106, 12928)
(114, 71, 83681)
(114, 43, 33382)
(114, 66, 45846)
(114, 61, 31156)
(114, 86, 89394)
(114, 49, 50235)
(114, 47, 13372)
(114, 23, 99354)
(114, 63, 37301)
(114, 73, 92504)
(114, 58, 60366)
(114, 45, 19820)
(114, 108, 3579)
(114, 41, 18958)
(114, 0, 19599)
(114, 30, 47589)
(114, 16, 90961)
(114, 76, 37143)
(114, 17, 15694)
(114, 25, 14732)
(114, 22, 96509)
(114, 21, 3527)
(114, 51, 4569)
(114, 50, 99069)
(114, 88, 45024)
(114, 56, 6853)
(114, 68, 24782)
(114, 35, 56789)
(114, 92, 15824)
(114, 57, 35988)
(114, 19, 19585)
(114, 75, 99623)
(114, 34, 37059)
(114, 36, 2968)
(114, 100, 28056)
(114, 44, 34886)
(114, 10, 13263)
(114, 107, 30617)
(114, 72, 26579)
(114, 27, 60197)
(114, 39, 85218)
(114, 111, 59361)
(114, 59, 78838)
(114, 82, 35206)
(114, 5, 67729)
(114, 101, 60104)
(114, 12, 66535)
(114, 26, 27767)
(114, 97, 20470)
(114, 103, 48070)
(114, 65, 6619)
(114, 95, 40585)
(114, 20, 26469)
(114, 18, 31341)
(114, 102, 93159)
(114, 33, 29909)
(114, 69, 24595)
(114, 94, 77296)
(114, 24, 45949)
(114, 3, 14489)
(114, 105, 44486)
(114, 46, 90377)
(114, 54, 67535)
(114, 104, 61479)
(114, 77, 29606)
(114, 9, 14063)
(114, 42, 96081)
(114, 64, 69804)
(114, 1, 22567)
(114, 14, 10714)
(114, 112, 55542)
(114, 85, 42821)
(114, 83, 94352)
(114, 87, 76962)
(114, 53, 5897)
(114, 67, 45742)
(114, 32, 70042)
(114, 79, 1114)
(114, 99, 60708)
(114, 109, 62450)
(114, 113, 19665)
(114, 40, 12312)
(114, 31, 57846)
(114, 89, 42878)
(114, 93, 1582)
(114, 29, 40033)
(114, 80, 81332)
(114, 15, 17177)
(114, 74, 80414)
(114, 52, 66899)
(114, 78, 30216)
(114, 84, 91891)
(114, 28, 15869)
(114, 6, 6166)
(115, 68, 10489)
(115, 17, 47958)
(115, 89, 22623)
(115, 32, 76713)
(116, 10, 16676)
(116, 83, 8742)
(116, 114, 3618)
(116, 71, 69410)
(116, 2, 40796)
(116, 101, 78097)
(116, 28, 70804)
(116, 31, 62875)
(116, 29, 28155)
(116, 5, 57154)
(116, 54, 89782)
(116, 52, 2998)
(116, 15, 36204)
(116, 93, 2923)
(116, 21, 48009)
(117, 79, 52854)
(117, 36, 72820)
(117, 2, 82520)
(117, 31, 22272)
(117, 103, 32663)
(117, 114, 64929)
(117, 73, 16090)
(117, 86, 6205)
(117, 25, 14371)
(117, 64, 83722)
(117, 83, 66487)
(117, 97, 7834)
(117, 29, 16713)
(117, 85, 37354)
(117, 21, 26541)
(117, 15, 19334)
(117, 113, 7950)
(117, 116, 56988)
(117, 75, 43559)
(117, 47, 19591)
(117, 9, 77888)
(117, 54, 97188)
(117, 53, 33240)
(117, 58, 76316)
(117, 6, 12393)
(117, 7, 21177)
(117, 100, 48782)
(117, 109, 65335)
(117, 91, 23019)
(117, 19, 22340)
(117, 46, 14938)
(117, 30, 67189)
(117, 56, 66854)
(117, 45, 22212)
(117, 50, 63383)
(117, 92, 60148)
(117, 104, 9261)
(117, 71, 29008)
(117, 82, 6575)
(117, 10, 58336)
(117, 59, 10256)
(117, 101, 98246)
(117, 70, 33772)
(117, 61, 34681)
(117, 78, 31898)
(117, 108, 35079)
(117, 38, 68728)
(117, 44, 59170)
(117, 110, 40521)
(117, 62, 29587)
(117, 80, 62292)
(117, 90, 3254)
(117, 27, 99550)
(117, 13, 8560)
(117, 22, 92942)
(117, 63, 95780)
(117, 24, 83536)
(117, 41, 67121)
(117, 8, 47073)
(117, 43, 395)
(117, 115, 82586)
(118, 28, 10980)
(118, 80, 23388)
(118, 96, 21952)
(118, 17, 7618)
(118, 113, 6245)
(118, 32, 42641)
(118, 40, 43157)
(118, 110, 89447)
(118, 51, 89466)
(118, 21, 48447)
(118, 115, 65645)
(118, 35, 93291)
(118, 104, 26165)
(118, 9, 15272)
(118, 3, 70748)
(118, 69, 69886)
(118, 22, 71393)
(118, 72, 33961)
(118, 13, 79944)
(118, 29, 76434)
(118, 61, 81508)
(118, 73, 30358)
(118, 57, 9034)
(118, 87, 59591)
(118, 58, 51993)
(118, 33, 7814)
(118, 84, 97617)
(118, 89, 49633)
(118, 85, 79165)
(118, 108, 34477)
(118, 92, 70224)
(118, 94, 43895)
(118, 78, 23415)
(118, 95, 92653)
(118, 47, 77191)
(118, 12, 13884)
(118, 43, 69147)
(118, 7, 63744)
(118, 100, 66978)
(118, 39, 77412)
(118, 48, 88519)
(118, 116, 41123)
(118, 23, 36302)
(118, 63, 2026)
(118, 1, 31128)
(118, 81, 88212)
(118, 103, 98749)
(118, 75, 69061)
(118, 10, 96597)
(118, 24, 56091)
(118, 107, 97432)
(118, 109, 96286)
(118, 18, 85125)
(118, 67, 42545)
(118, 52, 315)
(118, 53, 60178)
(118, 2, 64397)
(118, 105, 48084)
(118, 30, 20461)
(118, 76, 63355)
(118, 0, 45730)
(118, 64, 97224)
(118, 91, 31512)
(118, 44, 53931)
(118, 49, 87764)
(118, 97, 31541)
(118, 60, 62663)
(118, 117, 67958)
(118, 42, 31154)
(118, 77, 95372)
(119, 94, 24093)
(119, 43, 78355)
(119, 112, 61301)
(119, 74, 84533)
(119, 78, 77728)
(119, 9, 86318)
(119, 18, 88794)
(119, 25, 20686)
(119, 63, 19714)
(119, 36, 80249)
(119, 65, 80311)
(119, 73, 74935)
(119, 99, 11266)
(119, 5, 99622)
(119, 77, 78488)
(119, 61, 96960)
(119, 26, 85069)
(119, 106, 88670)
(119, 8, 83430)
(119, 58, 77660)
(119, 24, 9829)
(119, 56, 41348)
(119, 6, 71574)
(119, 31, 62940)
(119, 64, 75980)
(119, 117, 90935)
(119, 2, 13035)
(119, 115, 89257)
(119, 88, 86685)
(119, 28, 18951)
(119, 7, 32980)
(119, 38, 74630)
(119, 4, 76278)
(119, 10, 55942)
(119, 49, 98330)
(119, 20, 50953)
(119, 22, 15929)
(119, 15, 4113)
(119, 47, 72115)
(119, 68, 26800)
(119, 29, 3621)
(119, 23, 52350)
(119, 40, 83845)
(119, 17, 507)
(119, 0, 29950)
(119, 54, 39790)
(119, 111, 36226)
(119, 105, 94254)
(119, 33, 9520)
(119, 3, 26913)
(120, 18, 30739)
(120, 59, 40958)
(120, 28, 44209)
(120, 63, 87134)
(120, 115, 90700)
(120, 16, 76297)
(120, 27, 89837)
(120, 31, 84333)
(120, 100, 13341)
(120, 35, 90802)
(120, 36, 67976)
(120, 119, 50056)
(120, 94, 7685)
(120, 114, 14032)
(120, 73, 6726)
(120, 33, 24281)
(120, 7, 60997)
(120, 32, 16979)
(120, 51, 5811)
(120, 79, 26526)
(120, 48, 96679)
(120, 118, 27024)
(120, 37, 26549)
(120, 99, 10526)
(120, 101, 23585)
(120, 19, 60471)
(120, 6, 2949)
(120, 83, 78301)
(120, 108, 99989)
(120, 92, 37503)
(120, 13, 44954)
(120, 84, 58754)
(120, 74, 5524)
(120, 52, 54582)
(120, 78, 93131)
(120, 117, 36126)
(120, 62, 36485)
(120, 72, 39843)
(120, 23, 2046)
(120, 95, 21018)
(120, 110, 15657)
(120, 17, 26081)
(120, 98, 39292)
(120, 50, 17365)
(120, 76, 62824)
(120, 45, 54639)
(120, 42, 2966)
(120, 4, 79145)
(120, 26, 54744)
(120, 10, 29193)
(120, 97, 77349)
(120, 3, 33648)
(120, 88, 33477)
(120, 38, 98837)
(120, 55, 31410)
(120, 113, 47438)
(120, 106, 52279)
(120, 25, 52342)
(120, 8, 5803)
(120, 1, 74936)
(121, 80, 84202)
(121, 117, 37312)
(121, 93, 11878)
(121, 98, 56975)
(121, 0, 39325)
(121, 100, 43922)
(121, 42, 15216)
(121, 63, 22171)
(121, 32, 78050)
(121, 17, 32741)
(121, 9, 48963)
(121, 97, 65658)
(121, 11, 43546)
(121, 38, 30832)
(121, 94, 58832)
(121, 102, 37115)
(121, 25, 87435)
(121, 12, 55715)
(121, 26, 5309)
(121, 52, 87399)
(121, 8, 53461)
(121, 28, 63578)
(121, 39, 86748)
(121, 5, 87150)
(121, 50, 40215)
(121, 40, 10503)
(121, 18, 32794)
(121, 13, 34180)
(121, 81, 67979)
(121, 110, 31343)
(121, 108, 88657)
(121, 35, 41166)
(121, 1, 47321)
(121, 45, 82394)
(121, 21, 59445)
(121, 73, 1416)
(121, 65, 86499)
(122, 119, 52494)
(122, 64, 100243)
(122, 12, 1647)
(123, 19, 14708)
(123, 87, 29556)
(123, 13, 13706)
(123, 82, 56433)
(123, 93, 32385)
(123, 116, 72476)
(123, 72, 4550)
(123, 33, 27116)
(123, 65, 96117)
(123, 122, 15356)
(123, 52, 90667)
(123, 18, 95722)
(123, 54, 2640)
(123, 88, 49271)
(123, 63, 69801)
(123, 44, 14030)
(123, 4, 6738)
(123, 49, 33229)
(123, 30, 84549)
(123, 40, 59995)
(123, 96, 46574)
(123, 105, 3066)
(123, 51, 81146)
(123, 46, 76249)
(123, 85, 84489)
(123, 75, 74474)
(123, 110, 86895)
(123, 64, 26168)
(123, 39, 48620)
(123, 120, 96707)
(123, 83, 61667)
(123, 119, 70331)
(123, 62, 69260)
(123, 113, 185)
(123, 20, 49446)
(123, 42, 4405)
(123, 48, 67450)
(123, 10, 2038)
(123, 77, 55905)
(123, 74, 92334)
(123, 58, 83095)
(123, 60, 16218)
(123, 102, 50372)
(123, 0, 1827)
(123, 81, 5339)
(123, 27, 63240)
(123, 41, 15546)
(123, 25, 30669)
(123, 32, 57143)
(123, 67, 71371)
(123, 117, 85766)
(123, 56, 99998)
(123, 95, 31530)
(123, 29, 92344)
(123, 14, 5660)
(123, 22, 73879)
(123, 114, 62119)
(123, 1, 56392)
(123, 36, 59442)
(123, 31, 39643)
(123, 8, 61018)
(123, 97, 67086)
(123, 38, 17317)
(123, 43, 63244)
(123, 70, 22615)
(123, 55, 15062)
(123, 90, 75112)
(123, 24, 1074)
(123, 118, 80336)
(123, 26, 48955)
(123, 98, 52336)
(123, 78, 20295)
(123, 108, 41744)
(123, 76, 34357)
(123, 89, 82110)
(123, 121, 44237)
(123, 53, 59848)
(124, 101, 93472)
(124, 78, 80241)
(124, 14, 50812)
(124, 89, 18017)
(124, 116, 64486)
(124, 0, 5548)
(124, 5, 96115)
(124, 69, 19881)
(124, 70, 83248)
(124, 42, 71455)
(124, 105, 67858)
(124, 43, 65996)
(124, 62, 35429)
(124, 59, 21155)
(124, 4, 18340)
(124, 68, 57282)
(124, 26, 75463)
(124, 33, 72105)
(124, 30, 87011)
(124, 54, 75034)
(124, 79, 1874)
(124, 46, 41051)
(124, 15, 93645)
(124, 28, 23980)
(124, 115, 48474)
(124, 119, 30196)
(124, 44, 47560)
(124, 53, 63886)
(124, 98, 35905)
(124, 49, 21355)
(124, 13, 7177)
(124, 114, 39173)
(124, 73, 85399)
(124, 77, 419)
(124, 74, 49237)
(124, 90, 59410)
(124, 36, 4921)
(124, 67, 86497)
(124, 50, 88421)
(124, 65, 66511)
(124, 81, 24755)
(124, 99, 67141)
(124, 55, 8565)
(124, 102, 82503)
(124, 8, 88050)
(124, 22, 80593)
(124, 9, 82707)
(124, 123, 95656)
(124, 38, 698)
(124, 29, 65734)
(124, 48, 99392)
(124, 75, 59082)
(124, 31, 96273)
(124, 35, 97325)
(124, 3, 98886)
(124, 96, 14966)
(124, 63, 9502)
(124, 24, 75893)
(125, 22, 2222)
(125, 53, 1663)
(125, 15, 44329)
(125, 13, 13489)
(125, 109, 95701)
(125, 123, 45921)
(125, 67, 52420)
(125, 4, 60881)
(125, 97, 31576)
(125, 84, 45475)
(125, 0, 1169)
(125, 23, 9996)
(125, 101, 56741)
(125, 60, 55655)
(125, 7, 51512)
(125, 124, 31442)
(125, 120, 97384)
(125, 44, 30029)
(125, 111, 49071)
(125, 26, 13445)
(125, 113, 10502)
(125, 107, 35296)
(125, 117, 88171)
(125, 68, 45160)
(125, 92, 53890)
(125, 41, 5353)
(125, 6, 71372)
(125, 87, 52465)
(125, 35, 29335)
(125, 62, 10823)
(125, 94, 34559)
(125, 28, 6526)
(125, 122, 20234)
(125, 14, 95893)
(125, 99, 91424)
(125, 64, 34166)
(125, 52, 1049)
(125, 21, 95677)
(125, 34, 1694)
(125, 11, 65400)
(125, 106, 21480)
(125, 46, 48670)
(125, 71, 91192)
(125, 49, 27307)
(125, 47, 50329)
(125, 20, 49417)
(125, 29, 19401)
(125, 93, 47538)
(125, 85, 91302)
(125, 121, 9967)
(125, 61, 10108)
(125, 80, 64924)
(125, 90, 61053)
(125, 88, 88284)
(125, 82, 79824)
(125, 96, 5273)
(125, 102, 97912)
(125, 103, 95505)
(125, 8, 37559)
(125, 63, 58437)
(125, 119, 79630)
(125, 108, 79544)
(125, 77, 83125)
(125, 66, 34344)
(125, 76, 13933)
(125, 65, 63579)
(125, 115, 25090)
(125, 10, 31880)
(125, 30, 79717)
(125, 16, 28243)
(125, 51, 86198)
(125, 36, 86353)
(125, 86, 77675)
(125, 59, 54141)
(125, 74, 93723)
(125, 42, 4683)
(125, 112, 19132)
(125, 2, 46814)
(125, 79, 97713)
(125, 105, 1492)
(125, 91, 20143)
(125, 69, 11729)
(125, 32, 86200)
(125, 116, 63823)
(125, 54, 13573)
(125, 114, 32759)
(125, 110, 21089)
(125, 73, 52885)
(125, 56, 76731)
(125, 48, 69931)
(125, 43, 58497)
(125, 81, 25879)
(125, 9, 16589)
(125, 27, 80327)
(125, 118, 78112)
(125, 75, 1466)
(125, 40, 65283)
(125, 25, 21841)
(125, 5, 5954)
(125, 98, 13095)
(125, 33, 44787)
(125, 89, 91553)
(125, 19, 90178)
(125, 31, 78960)
(125, 18, 90963)
(125, 72, 92516)
(125, 100, 30974)
(125, 24, 65861)
(125, 12, 37856)
(125, 1, 62669)
(125, 38, 70029)
(126, 28, 50172)
(126, 1, 20628)
(126, 11, 5119)
(126, 73, 2744)
(126, 91, 90882)
(126, 92, 14558)
(126, 80, 96978)
(126, 52, 50086)
(126, 47, 74444)
(126, 118, 65895)
(126, 111, 48864)
(126, 61, 50210)
(126, 66, 27622)
(126, 63, 50576)
(126, 43, 52332)
(126, 41, 70965)
(126, 29, 72027)
(126, 84, 34518)
(126, 116, 4815)
(126, 71, 58885)
(126, 15, 41352)
(126, 86, 7035)
(126, 102, 22350)
(126, 31, 72483)
(126, 85, 71238)
(126, 88, 41481)
(126, 125, 35729)
(126, 108, 12728)
(126, 115, 72212)
(126, 10, 48048)
(126, 59, 58886)
(126, 26, 77324)
(126, 18, 21895)
(126, 39, 29294)
(126, 13, 5538)
(126, 69, 84030)
(126, 54, 18001)
(126, 19, 79949)
(126, 96, 52095)
(126, 35, 82913)
(126, 76, 11541)
(126, 79, 52639)
(126, 0, 65)
(126, 68, 78812)
(126, 112, 27082)
(126, 5, 47494)
(126, 105, 94354)
(126, 9, 13235)
(126, 50, 41104)
(126, 17, 97827)
(126, 122, 67314)
(126, 74, 70495)
(126, 77, 51056)
(126, 117, 2931)
(126, 65, 71488)
(126, 7, 40127)
(126, 62, 94243)
(126, 3, 47592)
(127, 95, 72626)
(127, 48, 90768)
(127, 106, 22782)
(127, 71, 89170)
(127, 4, 41092)
(127, 39, 40542)
(127, 32, 96948)
(127, 111, 24293)
(127, 115, 45290)
(127, 101, 40487)
(127, 24, 38267)
(127, 113, 85445)
(127, 73, 46305)
(127, 15, 81496)
(127, 88, 38705)
(127, 25, 99819)
(127, 44, 95214)
(127, 97, 90820)
(127, 87, 70574)
(127, 100, 16620)
(127, 82, 49726)
(127, 55, 15531)
(127, 5, 86060)
(127, 36, 33319)
(127, 107, 22268)
(127, 6, 77280)
(127, 74, 65118)
(127, 57, 38383)
(127, 112, 23608)
(127, 114, 38834)
(127, 14, 90763)
(127, 50, 17179)
(127, 13, 38162)
(127, 118, 91759)
(127, 85, 59400)
(127, 19, 57240)
(127, 86, 22310)
(127, 0, 35880)
(127, 23, 43051)
(127, 27, 81747)
(127, 8, 58572)
(127, 22, 26863)
(127, 120, 23653)
(127, 116, 32057)
(127, 64, 32499)
(127, 52, 17928)
(127, 78, 81988)
(127, 98, 82390)
(127, 18, 29469)
(127, 46, 65369)
(127, 35, 28704)
(127, 16, 41361)
(127, 91, 50597)
(127, 92, 39490)
(127, 65, 97158)
(127, 81, 15271)
(127, 123, 20367)
(127, 49, 97670)
(127, 61, 98616)
(127, 3, 12757)
(127, 37, 71933)
(127, 89, 22846)
(127, 10, 43349)
(127, 56, 39448)
(127, 53, 98411)
(127, 117, 24950)
(127, 17, 96280)
(127, 41, 747)
(127, 96, 37937)
(127, 12, 14291)
(127, 42, 67597)
(127, 84, 98831)
(128, 82, 60661)
(128, 75, 14549)
(128, 108, 14139)
(128, 63, 86016)
(128, 68, 36940)
(128, 91, 66791)
(128, 55, 22935)
(128, 85, 53095)
(128, 58, 7173)
(128, 103, 25065)
(128, 44, 53002)
(128, 6, 74799)
(128, 53, 58447)
(128, 25, 63657)
(128, 126, 59331)
(128, 83, 16960)
(128, 125, 34774)
(128, 2, 12382)
(128, 99, 66666)
(128, 18, 79528)
(128, 35, 34337)
(128, 104, 21562)
(128, 5, 34112)
(128, 127, 28818)
(128, 49, 46100)
(128, 101, 80333)
(128, 48, 48114)
(128, 119, 71062)
(128, 43, 57949)
(128, 37, 33543)
(128, 21, 96881)
(128, 77, 89858)
(128, 29, 45842)
(128, 69, 62828)
(128, 1, 90176)
(128, 31, 80734)
(128, 64, 16544)
(128, 26, 31846)
(128, 32, 26778)
(128, 16, 69761)
(128, 61, 71697)
(128, 90, 60077)
(128, 95, 71883)
(128, 15, 67439)
(128, 97, 31189)
(128, 96, 30928)
(128, 84, 37668)
(128, 28, 74681)
(128, 30, 79545)
(128, 10, 92699)
(128, 23, 44972)
(128, 19, 48150)
(128, 72, 1161)
(128, 105, 72786)
(128, 9, 67070)
(128, 76, 12361)
(128, 12, 76603)
(128, 24, 32524)
(128, 110, 94981)
(128, 88, 53015)
(128, 7, 18401)
(128, 107, 76354)
(128, 51, 12391)
(128, 116, 96362)
(128, 0, 90515)
(129, 114, 9616)
(129, 80, 64180)
(129, 17, 34349)
(129, 90, 57950)
(129, 9, 81874)
(129, 99, 46539)
(129, 85, 42866)
(129, 34, 45426)
(129, 93, 76583)
(129, 118, 21674)
(129, 127, 60841)
(129, 0, 44723)
(129, 19, 56696)
(129, 126, 57968)
(129, 121, 37005)
(129, 108, 43532)
(129, 63, 53090)
(129, 44, 31221)
(129, 66, 61786)
(129, 115, 12199)
(129, 28, 1636)
(129, 11, 2018)
(129, 27, 43216)
(129, 122, 2242)
(129, 51, 67911)
(129, 56, 58226)
(129, 69, 59500)
(129, 73, 94157)
(129, 89, 29118)
(129, 60, 87192)
(129, 81, 86581)
(129, 4, 52899)
(129, 21, 59807)
(129, 58, 16211)
(129, 29, 97285)
(129, 35, 26080)
(129, 103, 84294)
(129, 39, 22998)
(129, 2, 69104)
(129, 37, 65291)
(129, 79, 69080)
(129, 31, 2373)
(129, 102, 25106)
(129, 84, 58731)
(129, 54, 63713)
(129, 67, 37079)
(129, 96, 97164)
(129, 101, 63398)
(129, 22, 84059)
(129, 104, 8787)
(129, 52, 26614)
(129, 38, 90572)
(129, 83, 49844)
(129, 53, 40017)
(129, 55, 83488)
(129, 117, 29451)
(129, 23, 39316)
(129, 75, 65204)
(129, 68, 39899)
(129, 45, 31945)
(129, 50, 53110)
(129, 128, 36002)
(129, 62, 90097)
(129, 113, 64150)
(130, 66, 18738)
(130, 62, 54547)
(130, 31, 40443)
(130, 126, 50916)
(130, 79, 31103)
(130, 114, 94621)
(130, 32, 10808)
(130, 99, 5459)
(130, 112, 11236)
(130, 102, 74650)
(130, 94, 5018)
(130, 98, 36192)
(130, 48, 64876)
(130, 58, 24094)
(130, 87, 87112)
(130, 37, 60461)
(130, 110, 75391)
(130, 82, 93637)
(130, 10, 56401)
(130, 125, 9009)
(130, 111, 51937)
(130, 42, 66789)
(130, 56, 7351)
(130, 104, 87926)
(130, 100, 32851)
(130, 57, 75469)
(130, 36, 49046)
(130, 73, 30202)
(130, 41, 45373)
(130, 52, 24102)
(130, 7, 233)
(130, 28, 62770)
(130, 38, 17485)
(130, 106, 60307)
(130, 54, 10750)
(130, 18, 90578)
(130, 21, 51878)
(130, 47, 25063)
(130, 19, 10402)
(130, 72, 53274)
(130, 13, 93383)
(130, 119, 59564)
(130, 109, 16475)
(130, 105, 14522)
(130, 91, 38053)
(130, 101, 25135)
(130, 4, 92526)
(130, 11, 37006)
(130, 81, 42363)
(130, 5, 26520)
(130, 76, 14932)
(130, 3, 45635)
(130, 95, 8763)
(130, 89, 58631)
(130, 16, 98377)
(130, 120, 8604)
(130, 44, 80666)
(131, 58, 5515)
(131, 84, 3111)
(131, 114, 39298)
(131, 73, 80095)
(131, 88, 42708)
(131, 44, 24502)
(131, 116, 93890)
(131, 130, 59014)
(131, 37, 48287)
(131, 105, 69664)
(131, 60, 31457)
(131, 27, 91093)
(131, 70, 37311)
(131, 63, 97540)
(131, 31, 95221)
(131, 50, 79430)
(131, 109, 77356)
(131, 49, 77479)
(131, 125, 47553)
(131, 32, 69036)
(131, 4, 97486)
(131, 41, 12682)
(131, 29, 32338)
(131, 103, 4981)
(131, 2, 15553)
(131, 33, 66199)
(131, 24, 52334)
(131, 10, 10860)
(131, 46, 96861)
(131, 96, 20655)
(131, 83, 20008)
(131, 79, 18550)
(131, 52, 15906)
(131, 90, 56672)
(131, 65, 77926)
(131, 94, 24888)
(131, 77, 80543)
(131, 20, 42174)
(131, 124, 25601)
(131, 57, 70215)
(131, 76, 44757)
(131, 12, 18935)
(131, 61, 76223)
(131, 120, 64330)
(131, 75, 44602)
(131, 100, 9395)
(131, 45, 76182)
(131, 11, 23136)
(132, 8, 64424)
(132, 120, 10000)
(132, 121, 77340)
(132, 38, 11664)
(132, 43, 27995)
(132, 21, 14810)
(132, 125, 35520)
(132, 96, 87808)
(132, 72, 97893)
(132, 48, 11065)
(132, 30, 58924)
(132, 62, 26430)
(132, 46, 3755)
(132, 58, 25355)
(132, 82, 87388)
(132, 29, 58601)
(132, 92, 93559)
(132, 113, 45487)
(132, 76, 19870)
(132, 27, 8550)
(132, 124, 39512)
(132, 88, 74533)
(132, 104, 31179)
(132, 118, 49695)
(132, 25, 69168)
(132, 107, 81755)
(132, 126, 5658)
(132, 51, 96458)
(132, 69, 49932)
(132, 4, 39029)
(132, 91, 67353)
(132, 114, 77790)
(132, 85, 94994)
(132, 41, 89065)
(132, 52, 42944)
(132, 109, 8039)
(132, 117, 89378)
(132, 5, 1011)
(132, 10, 100088)
(132, 49, 2392)
(132, 26, 40952)
(132, 123, 9460)
(132, 3, 89146)
(132, 75, 95456)
(132, 108, 5941)
(132, 47, 90439)
(132, 1, 80043)
(132, 103, 16741)
(132, 19, 53320)
(132, 36, 38963)
(132, 42, 9052)
(132, 35, 79806)
(132, 90, 68929)
(132, 44, 86910)
(132, 17, 45864)
(132, 86, 24247)
(132, 98, 98627)
(132, 89, 11219)
(132, 39, 8100)
(132, 95, 68648)
(133, 73, 92174)
(133, 25, 51538)
(133, 15, 90708)
(133, 27, 65236)
(133, 101, 19821)
(133, 24, 92307)
(133, 67, 47223)
(133, 22, 94753)
(133, 10, 76866)
(133, 53, 19177)
(133, 71, 57703)
(133, 9, 37082)
(133, 103, 83238)
(133, 35, 85210)
(133, 78, 54379)
(133, 86, 65877)
(133, 70, 75987)
(133, 29, 22995)
(133, 85, 61205)
(133, 19, 63671)
(133, 102, 61926)
(133, 87, 86381)
(133, 97, 53525)
(133, 83, 27190)
(133, 54, 11906)
(133, 44, 53581)
(133, 104, 16832)
(133, 96, 52583)
(133, 58, 80858)
(133, 51, 86822)
(133, 0, 15510)
(133, 50, 57981)
(133, 91, 55713)
(133, 132, 88143)
(133, 39, 84985)
(133, 82, 87393)
(133, 26, 28127)
(133, 36, 85282)
(133, 100, 70709)
(133, 8, 23180)
(133, 66, 30789)
(133, 18, 54432)
(133, 41, 43781)
(133, 99, 64113)
(133, 55, 58245)
(133, 60, 18098)
(133, 45, 72104)
(133, 49, 32947)
(133, 62, 17872)
(133, 21, 25944)
(133, 7, 43131)
(133, 126, 85075)
(133, 112, 21643)
(133, 95, 14571)
(133, 4, 66984)
(133, 31, 76461)
(133, 16, 58557)
(133, 116, 8129)
(133, 68, 58597)
(133, 94, 35349)
(133, 114, 12193)
(133, 98, 63576)
(133, 80, 42886)
(133, 69, 56526)
(133, 63, 26117)
(133, 46, 49240)
(133, 61, 74387)
(133, 59, 74815)
(133, 109, 27603)
(133, 113, 64815)
(133, 124, 83215)
(133, 122, 84464)
(133, 105, 5240)
(133, 38, 53232)
(133, 128, 57248)
(133, 117, 84117)
(133, 119, 88906)
(133, 111, 6740)
(133, 6, 25308)
(133, 64, 30359)
(133, 34, 14318)
(133, 37, 83212)
(133, 127, 99800)
(133, 30, 17062)
(133, 84, 47554)
(133, 92, 37556)
(133, 89, 55619)
(133, 57, 9955)
(133, 76, 14574)
(133, 52, 33989)
(133, 12, 89760)
(133, 90, 78840)
(133, 129, 88753)
(133, 13, 5905)
(133, 28, 9645)
(133, 2, 69702)
(133, 121, 48350)
(133, 23, 81035)
(133, 77, 33447)
(133, 125, 5498)
(133, 74, 38758)
(133, 106, 14834)
(133, 1, 11746)
(133, 47, 12722)
(133, 11, 43261)
(133, 107, 8739)
(133, 75, 92757)
(134, 102, 31538)
(134, 18, 31523)
(134, 22, 67870)
(134, 60, 63613)
(134, 67, 64695)
(134, 50, 31879)
(134, 126, 54406)
(134, 63, 59252)
(134, 43, 72544)
(134, 83, 7147)
(134, 16, 80140)
(134, 85, 38548)
(134, 120, 93251)
(134, 88, 18819)
(134, 89, 81507)
(134, 21, 5999)
(134, 46, 68611)
(134, 81, 28992)
(134, 58, 72624)
(134, 10, 22035)
(134, 92, 64281)
(134, 65, 29144)
(134, 5, 52079)
(134, 30, 75066)
(134, 0, 100139)
(134, 133, 82057)
(134, 3, 27526)
(134, 33, 97504)
(134, 80, 93584)
(134, 132, 72126)
(134, 77, 95090)
(134, 128, 27974)
(134, 29, 36914)
(134, 34, 19953)
(134, 121, 25777)
(134, 93, 90867)
(134, 105, 85638)
(134, 71, 10990)
(134, 26, 52354)
(134, 32, 87068)
(134, 12, 40508)
(134, 79, 13490)
(134, 38, 26064)
(134, 4, 47930)
(135, 37, 48638)
(135, 12, 75184)
(135, 115, 71158)
(135, 113, 57990)
(135, 27, 79455)
(135, 90, 78149)
(135, 118, 83748)
(135, 123, 44807)
(135, 47, 39265)
(135, 128, 76298)
(135, 40, 59861)
(135, 51, 83660)
(135, 121, 51354)
(135, 89, 82552)
(135, 132, 99655)
(135, 112, 75296)
(135, 69, 54429)
(135, 35, 98697)
(135, 126, 33797)
(135, 21, 63027)
(135, 49, 36279)
(135, 74, 36015)
(135, 1, 13089)
(135, 82, 70768)
(135, 39, 98219)
(135, 111, 59466)
(135, 76, 36350)
(135, 62, 39245)
(135, 130, 5623)
(135, 38, 82627)
(135, 114, 87326)
(135, 58, 82654)
(135, 65, 23739)
(135, 8, 28869)
(135, 45, 87583)
(135, 124, 56355)
(135, 32, 26473)
(135, 9, 6672)
(135, 28, 4494)
(135, 117, 2099)
(135, 110, 42817)
(135, 79, 47397)
(135, 42, 60789)
(135, 17, 85911)
(135, 0, 59011)
(135, 116, 88088)
(135, 34, 28482)
(135, 131, 24399)
(135, 125, 34110)
(135, 3, 88574)
(135, 99, 34511)
(136, 74, 11571)
(136, 127, 72058)
(136, 126, 11003)
(136, 18, 53435)
(136, 39, 7774)
(136, 67, 16895)
(136, 12, 49970)
(136, 34, 58713)
(136, 107, 29803)
(136, 1, 89484)
(136, 135, 25578)
(136, 109, 97088)
(136, 100, 48576)
(136, 13, 55810)
(136, 41, 44659)
(136, 91, 92037)
(136, 11, 17468)
(136, 7, 78034)
(136, 16, 25295)
(136, 4, 62871)
(136, 37, 46318)
(136, 133, 32921)
(136, 27, 30036)
(136, 77, 37121)
(136, 81, 57108)
(136, 130, 54045)
(136, 98, 73665)
(136, 123, 37323)
(136, 61, 11167)
(136, 89, 48320)
(136, 52, 62628)
(136, 112, 62113)
(136, 118, 66688)
(136, 101, 45834)
(136, 19, 36478)
(136, 134, 79801)
(136, 0, 65381)
(136, 32, 41554)
(136, 28, 18612)
(136, 92, 57032)
(136, 71, 93392)
(136, 20, 75828)
(136, 36, 34261)
(136, 57, 41815)
(136, 31, 64813)
(136, 48, 67777)
(136, 83, 87459)
(136, 131, 81452)
(136, 17, 78478)
(136, 115, 89950)
(136, 97, 3193)
(136, 26, 34860)
(136, 90, 11557)
(136, 78, 85264)
(136, 56, 79804)
(136, 14, 18519)
(136, 35, 29151)
(136, 116, 17993)
(136, 88, 60563)
(136, 60, 44109)
(136, 70, 78349)
(136, 40, 95284)
(136, 46, 86916)
(136, 99, 82954)
(136, 80, 85597)
(136, 110, 8470)
(136, 68, 7670)
(136, 54, 17880)
(136, 42, 94953)
(136, 64, 91392)
(136, 50, 3226)
(136, 10, 2815)
(136, 5, 13747)
(136, 23, 27468)
(136, 108, 47852)
(136, 117, 84440)
(136, 122, 10684)
(136, 124, 63476)
(136, 125, 75669)
(136, 69, 1985)
(136, 53, 38694)
(136, 75, 48446)
(136, 95, 59545)
(136, 15, 55185)
(136, 29, 8450)
(136, 119, 80303)
(136, 105, 68608)
(136, 106, 57629)
(136, 24, 30599)
(136, 44, 26566)
(136, 79, 2455)
(136, 86, 89592)
(136, 113, 80652)
(136, 45, 58921)
(136, 120, 82438)
(136, 111, 51211)
(136, 9, 5500)
(136, 22, 53802)
(136, 38, 88975)
(136, 30, 95944)
(136, 2, 20993)
(136, 33, 29628)
(136, 21, 18700)
(136, 104, 47677)
(136, 128, 31791)
(136, 76, 25188)
(136, 121, 67395)
(136, 93, 47871)
(136, 3, 68246)
(136, 51, 3429)
(136, 47, 47114)
(136, 62, 13067)
(136, 55, 7592)
(136, 8, 12986)
(136, 6, 87866)
(136, 72, 46737)
(136, 96, 46470)
(136, 87, 53124)
(136, 65, 68152)
(136, 73, 91218)
(136, 49, 72388)
(136, 82, 15636)
(136, 43, 76288)
(136, 129, 28149)
(136, 85, 77473)
(136, 132, 96890)
(136, 63, 30575)
(136, 102, 3672)
(136, 25, 9339)
(137, 50, 42917)
(137, 89, 40421)
(137, 64, 76950)
(137, 78, 2569)
(137, 19, 11818)
(137, 99, 87805)
(137, 132, 60207)
(137, 117, 14415)
(137, 133, 24547)
(137, 58, 15706)
(137, 38, 3854)
(137, 113, 16706)
(137, 65, 60867)
(137, 28, 89759)
(137, 24, 75470)
(137, 122, 84004)
(137, 123, 64678)
(137, 121, 54288)
(137, 56, 51654)
(137, 87, 51465)
(137, 36, 72261)
(137, 88, 36625)
(137, 93, 53117)
(137, 135, 12931)
(137, 6, 54866)
(137, 92, 71834)
(137, 23, 10210)
(137, 112, 42012)
(137, 114, 3011)
(137, 29, 38122)
(137, 20, 77016)
(137, 81, 20721)
(137, 91, 42263)
(137, 103, 3431)
(137, 33, 41750)
(137, 118, 17006)
(137, 10, 30940)
(137, 120, 96007)
(137, 49, 1944)
(137, 119, 91977)
(137, 101, 2726)
(137, 25, 77379)
(137, 94, 2168)
(137, 80, 64227)
(137, 73, 96267)
(137, 130, 24994)
(137, 2, 19556)
(137, 15, 43158)
(137, 127, 59017)
(137, 124, 91477)
(137, 44, 2317)
(137, 42, 67899)
(137, 22, 66830)
(137, 108, 15293)
(137, 5, 40173)
(137, 7, 61991)
(137, 128, 24611)
(137, 111, 87177)
(137, 76, 12343)
(137, 61, 23273)
(137, 17, 34622)
(137, 69, 79784)
(137, 131, 25918)
(137, 86, 62339)
(137, 104, 63515)
(137, 54, 64435)
(137, 40, 79918)
(137, 27, 97313)
(137, 134, 81163)
(137, 97, 77008)
(137, 1, 13638)
(137, 62, 46909)
(137, 74, 83412)
(137, 8, 74902)
(137, 63, 7927)
(137, 55, 51972)
(137, 41, 13006)
(137, 4, 85626)
(137, 47, 38064)
(137, 100, 87053)
(137, 82, 95957)
(137, 136, 18213)
(137, 96, 17097)
(137, 59, 60163)
(137, 67, 53718)
(137, 11, 17621)
(137, 52, 69871)
(137, 48, 61815)
(137, 13, 28263)
(137, 12, 10317)
(137, 102, 96866)
(137, 95, 29964)
(137, 32, 33452)
(137, 51, 30998)
(137, 79, 44683)
(137, 14, 43857)
(137, 126, 53068)
(137, 68, 41233)
(137, 75, 53919)
(137, 34, 25259)
(137, 90, 28879)
(137, 39, 1619)
(137, 0, 57641)
(137, 116, 63239)
(137, 31, 21138)
(137, 106, 66300)
(137, 26, 36623)
(137, 53, 65950)
(137, 37, 67731)
(137, 35, 63834)
(137, 46, 48248)
(137, 115, 9103)
(137, 98, 30266)
(137, 30, 3831)
(137, 9, 49264)
(137, 71, 82351)
(137, 60, 99375)
(137, 77, 49256)
(137, 21, 7898)
(137, 107, 17850)
(137, 84, 40733)
(137, 66, 18758)
(137, 105, 84238)
(137, 57, 1940)
(137, 85, 96492)
(137, 129, 83250)
(137, 70, 64624)
(137, 45, 67742)
(138, 31, 78332)
(138, 118, 3339)
(138, 48, 39929)
(138, 33, 19641)
(138, 131, 38975)
(138, 11, 84526)
(138, 106, 47520)
(138, 32, 55326)
(138, 75, 66616)
(138, 123, 36973)
(138, 52, 58691)
(138, 104, 99557)
(138, 42, 37507)
(138, 80, 47804)
(138, 53, 27876)
(138, 7, 20623)
(138, 136, 89344)
(138, 19, 13359)
(138, 54, 41562)
(138, 85, 66853)
(138, 127, 89986)
(138, 107, 79122)
(138, 20, 4551)
(138, 95, 31801)
(138, 105, 95761)
(138, 135, 67583)
(138, 26, 97804)
(138, 72, 30763)
(138, 88, 40356)
(139, 24, 16881)
(139, 77, 91201)
(139, 46, 95125)
(139, 75, 49230)
(139, 52, 22943)
(139, 106, 92172)
(139, 31, 24449)
(139, 97, 9808)
(139, 127, 60905)
(139, 110, 8327)
(139, 72, 22861)
(139, 35, 20490)
(139, 62, 51641)
(139, 66, 21663)
(139, 63, 45937)
(139, 34, 63157)
(139, 96, 29169)
(139, 85, 11067)
(139, 134, 86313)
(139, 48, 63590)
(139, 6, 23276)
(139, 111, 94546)
(139, 50, 98393)
(139, 49, 82501)
(139, 138, 47760)
(139, 30, 54572)
(139, 25, 46432)
(139, 81, 54238)
(139, 128, 35766)
(139, 114, 67028)
(139, 89, 80485)
(139, 61, 49813)
(139, 129, 61859)
(139, 29, 67625)
(139, 45, 66504)
(139, 32, 91031)
(139, 42, 79814)
(139, 101, 74317)
(139, 131, 60752)
(139, 12, 58335)
(139, 4, 60529)
(139, 27, 94422)
(139, 71, 3697)
(139, 10, 1989)
(139, 59, 42522)
(139, 18, 90070)
(139, 65, 65166)
(139, 64, 26997)
(139, 26, 29835)
(139, 107, 84776)
(139, 58, 9247)
(139, 57, 17637)
(139, 132, 12324)
(139, 39, 6255)
(139, 16, 78721)
(139, 60, 41686)
(139, 40, 88772)
(139, 28, 40558)
(139, 38, 8019)
(139, 54, 8992)
(139, 87, 78450)
(139, 88, 12715)
(139, 78, 27705)
(139, 73, 54049)
(139, 70, 12024)
(139, 102, 29974)
(139, 13, 12395)
(139, 43, 31925)
(139, 84, 72756)
(139, 120, 12206)
(139, 94, 22762)
(139, 37, 10441)
(139, 90, 43001)
(139, 23, 18221)
(139, 93, 99064)
(139, 22, 7627)
(139, 74, 62952)
(139, 137, 86409)
(139, 100, 35415)
(139, 109, 75135)
(139, 116, 60982)
(139, 108, 66692)
(140, 88, 62910)
(140, 74, 43624)
(140, 4, 85730)
(140, 46, 83130)
(140, 116, 48384)
(140, 138, 52637)
(140, 79, 77292)
(140, 114, 61220)
(140, 83, 17603)
(140, 129, 92891)
(140, 75, 54402)
(140, 18, 54977)
(140, 64, 1256)
(140, 66, 82068)
(140, 124, 100231)
(140, 60, 60691)
(140, 130, 34550)
(140, 92, 65192)
(140, 52, 89022)
(140, 28, 32384)
(140, 29, 61611)
(140, 100, 781)
(140, 102, 19527)
(140, 73, 71968)
(140, 131, 96146)
(140, 106, 36464)
(140, 20, 60463)
(140, 81, 40968)
(140, 90, 76052)
(140, 11, 63667)
(140, 44, 38434)
(140, 118, 22211)
(140, 34, 42902)
(140, 51, 52822)
(140, 112, 3159)
(140, 139, 3154)
(140, 82, 25310)
(140, 111, 30786)
(140, 94, 67461)
(140, 125, 68485)
(140, 2, 27463)
(140, 57, 73901)
(140, 26, 27399)
(140, 113, 99014)
(140, 6, 3351)
(140, 101, 2381)
(140, 89, 57406)
(140, 49, 88918)
(140, 67, 39496)
(140, 5, 69826)
(140, 105, 56866)
(140, 109, 2177)
(140, 13, 73219)
(140, 120, 81276)
(140, 76, 58630)
(140, 80, 78517)
(140, 30, 71179)
(140, 40, 51962)
(140, 16, 44650)
(140, 45, 12716)
(140, 24, 45690)
(140, 136, 46012)
(140, 132, 36767)
(140, 123, 1666)
(140, 78, 62091)
(140, 135, 66638)
(140, 95, 58172)
(140, 3, 59735)
(140, 14, 73785)
(140, 23, 25377)
(140, 127, 74334)
(140, 107, 33485)
(140, 8, 57189)
(140, 9, 11809)
(140, 55, 91574)
(140, 48, 88384)
(140, 43, 53262)
(140, 99, 51757)
(140, 42, 59581)
(140, 103, 9107)
(140, 35, 40002)
(140, 12, 27101)
(140, 37, 54700)
(140, 17, 69195)
(140, 21, 48786)
(140, 1, 12814)
(140, 36, 85731)
(140, 58, 40006)
(140, 87, 5001)
(140, 47, 2347)
(140, 104, 70115)
(141, 139, 54675)
(141, 114, 80037)
(141, 105, 29995)
(141, 120, 1154)
(141, 0, 93750)
(141, 31, 36314)
(141, 10, 80910)
(141, 18, 57255)
(141, 59, 17257)
(141, 133, 73417)
(141, 30, 16067)
(141, 61, 82192)
(141, 85, 40188)
(141, 48, 70377)
(141, 19, 31821)
(141, 52, 26263)
(141, 50, 20601)
(141, 113, 81403)
(141, 115, 10040)
(141, 56, 67554)
(141, 140, 43459)
(141, 34, 3182)
(141, 76, 14203)
(141, 116, 89088)
(141, 96, 70847)
(141, 20, 44631)
(141, 35, 1506)
(141, 44, 57222)
(141, 80, 49708)
(141, 11, 2213)
(141, 6, 48899)
(141, 53, 5250)
(141, 110, 27726)
(141, 27, 93239)
(141, 86, 36507)
(141, 88, 67534)
(141, 47, 34342)
(141, 57, 55080)
(141, 127, 38695)
(141, 121, 47850)
(141, 51, 7634)
(141, 128, 93719)
(141, 134, 98514)
(141, 99, 85422)
(141, 94, 37766)
(141, 109, 88379)
(141, 132, 56231)
(141, 22, 34680)
(141, 28, 90767)
(141, 138, 38051)
(141, 72, 92400)
(141, 3, 75286)
(141, 108, 81724)
(141, 5, 33456)
(141, 74, 18175)
(141, 9, 96085)
(141, 46, 40668)
(141, 40, 64986)
(141, 45, 2440)
(141, 111, 96056)
(141, 15, 992)
(141, 2, 55409)
(141, 8, 72457)
(141, 16, 35354)
(141, 60, 4823)
(141, 68, 9878)
(141, 101, 84631)
(141, 83, 24347)
(141, 136, 45253)
(141, 91, 14072)
(141, 126, 9827)
(141, 90, 56329)
(141, 38, 32315)
(141, 107, 48515)
(141, 67, 5274)
(141, 104, 13579)
(141, 118, 3059)
(141, 7, 72163)
(141, 23, 81869)
(141, 77, 39786)
(141, 1, 34551)
(141, 39, 79621)
(141, 70, 77112)
(141, 32, 51080)
(141, 137, 20060)
(141, 14, 17605)
(141, 64, 97615)
(141, 106, 74953)
(141, 69, 80370)
(141, 17, 53879)
(141, 42, 35282)
(141, 65, 63070)
(141, 25, 23851)
(141, 75, 77276)
(141, 89, 66597)
(141, 63, 58460)
(141, 12, 27179)
(141, 117, 83169)
(141, 66, 41954)
(141, 78, 12236)
(141, 13, 85754)
(141, 79, 59702)
(141, 36, 46777)
(141, 129, 18988)
(141, 119, 61344)
(141, 33, 19680)
(141, 21, 16512)
(141, 26, 82475)
(141, 29, 34826)
(141, 84, 44718)
(141, 49, 88242)
(141, 100, 30580)
(142, 47, 72613)
(142, 123, 78233)
(142, 141, 18531)
(142, 28, 75835)
(142, 92, 33610)
(142, 116, 39953)
(142, 48, 24091)
(142, 36, 25446)
(142, 31, 25001)
(142, 134, 69041)
(142, 25, 7549)
(142, 18, 24480)
(142, 69, 48376)
(142, 17, 67741)
(142, 62, 50499)
(142, 57, 17106)
(142, 79, 72435)
(142, 112, 8345)
(142, 49, 95834)
(142, 84, 41198)
(142, 44, 93387)
(142, 59, 98813)
(142, 136, 28279)
(142, 3, 34109)
(142, 119, 37941)
(142, 14, 91660)
(142, 6, 12822)
(142, 46, 64381)
(142, 16, 65058)
(142, 40, 12526)
(142, 100, 65187)
(142, 29, 61439)
(142, 12, 21031)
(142, 9, 34235)
(142, 24, 80771)
(142, 101, 21060)
(142, 115, 37050)
(142, 73, 18952)
(142, 132, 71599)
(142, 98, 37683)
(142, 113, 79577)
(142, 104, 56846)
(142, 82, 98233)
(142, 75, 53148)
(142, 53, 19530)
(143, 59, 29969)
(143, 23, 86154)
(143, 121, 62425)
(143, 80, 11421)
(143, 68, 1051)
(143, 66, 50168)
(143, 96, 34263)
(143, 16, 11728)
(143, 79, 76569)
(143, 123, 29776)
(143, 138, 85975)
(143, 97, 79727)
(143, 53, 89151)
(143, 41, 88084)
(143, 133, 74439)
(143, 47, 22176)
(143, 9, 79779)
(143, 124, 27405)
(143, 69, 35759)
(143, 73, 63994)
(143, 77, 92846)
(143, 63, 76289)
(143, 12, 35972)
(143, 35, 81939)
(143, 127, 2217)
(143, 137, 48815)
(143, 20, 71581)
(143, 64, 7600)
(143, 81, 39069)
(143, 67, 1804)
(143, 44, 94408)
(143, 135, 43246)
(143, 115, 22091)
(143, 18, 76410)
(143, 107, 60085)
(143, 6, 53074)
(143, 108, 48745)
(143, 75, 13540)
(143, 122, 100015)
(143, 32, 25387)
(143, 46, 10496)
(143, 39, 11816)
(143, 106, 37028)
(143, 13, 60171)
(143, 130, 16027)
(143, 82, 100249)
(143, 0, 67701)
(143, 129, 44197)
(143, 114, 37267)
(143, 29, 92052)
(143, 125, 72545)
(143, 21, 62090)
(143, 65, 31524)
(143, 10, 94715)
(143, 119, 54848)
(143, 103, 22662)
(143, 91, 5044)
(143, 95, 97982)
(143, 132, 31475)
(143, 120, 42685)
(143, 89, 72716)
(143, 2, 67477)
(143, 34, 46186)
(143, 1, 78552)
(143, 8, 78118)
(143, 74, 67861)
(143, 139, 36163)
(143, 38, 65146)
(143, 36, 19560)
(143, 101, 75706)
(143, 50, 31264)
(143, 134, 41055)
(143, 112, 15701)
(143, 99, 59584)
(143, 43, 12691)
(143, 102, 27878)
(143, 40, 53244)
(143, 3, 99588)
(143, 76, 2712)
(143, 140, 34495)
(143, 51, 48392)
(143, 52, 10541)
(143, 28, 68597)
(143, 60, 89842)
(143, 37, 97516)
(143, 49, 4829)
(143, 15, 13117)
(143, 110, 36569)
(143, 30, 2964)
(143, 86, 44771)
(143, 100, 19288)
(143, 141, 55475)
(143, 87, 87587)
(143, 142, 20044)
(143, 92, 76107)
(143, 71, 13472)
(143, 62, 91582)
(143, 57, 49682)
(143, 19, 64217)
(143, 17, 60779)
(143, 93, 72580)
(143, 117, 27873)
(143, 54, 59304)
(143, 84, 80174)
(143, 94, 12466)
(143, 42, 6683)
(143, 111, 32486)
(143, 109, 95080)
(143, 14, 25256)
(143, 118, 67828)
(143, 104, 61855)
(143, 58, 91514)
(143, 24, 79990)
(143, 88, 18033)
(143, 98, 95824)
(143, 126, 2470)
(143, 33, 17526)
(143, 72, 59270)
(143, 31, 48342)
(143, 11, 64617)
(144, 108, 61448)
(144, 122, 80975)
(144, 61, 70624)
(144, 118, 34043)
(144, 0, 957)
(144, 131, 51555)
(144, 49, 66975)
(144, 17, 58005)
(144, 106, 42645)
(144, 16, 96974)
(144, 74, 25932)
(144, 71, 24370)
(144, 88, 79245)
(144, 62, 29068)
(144, 14, 30448)
(144, 139, 71780)
(144, 4, 4173)
(144, 103, 30107)
(144, 104, 18851)
(144, 31, 68362)
(144, 109, 95188)
(144, 28, 47864)
(144, 114, 45157)
(144, 35, 29395)
(144, 43, 60755)
(144, 46, 85948)
(144, 52, 82673)
(144, 96, 87414)
(144, 119, 36710)
(144, 12, 5426)
(144, 38, 76953)
(144, 50, 27523)
(144, 60, 58678)
(144, 107, 16373)
(144, 123, 99660)
(144, 56, 65405)
(144, 3, 27661)
(144, 13, 12621)
(144, 111, 50561)
(144, 67, 16222)
(144, 137, 92159)
(144, 18, 63462)
(144, 2, 45139)
(144, 84, 89612)
(144, 98, 43622)
(144, 100, 18554)
(144, 116, 17905)
(144, 32, 15473)
(144, 101, 60619)
(144, 34, 57581)
(144, 99, 28006)
(144, 82, 26631)
(144, 89, 90575)
(144, 121, 8382)
(144, 87, 25554)
(144, 125, 57951)
(144, 45, 73137)
(144, 64, 12153)
(144, 141, 57892)
(144, 143, 100103)
(144, 10, 5798)
(144, 24, 29319)
(144, 129, 24578)
(144, 140, 95446)
(144, 65, 71493)
(144, 110, 83312)
(144, 48, 42276)
(144, 97, 16872)
(144, 115, 9044)
(144, 54, 37408)
(144, 128, 6988)
(144, 112, 52957)
(144, 135, 77747)
(144, 41, 82645)
(144, 142, 75702)
(144, 15, 49192)
(144, 23, 82013)
(144, 117, 30748)
(144, 91, 30696)
(145, 106, 6769)
(145, 137, 21711)
(145, 84, 45843)
(145, 76, 74988)
(145, 129, 62621)
(145, 131, 54562)
(145, 113, 58403)
(145, 91, 70809)
(145, 68, 87071)
(145, 45, 10729)
(145, 11, 57908)
(145, 12, 89217)
(145, 5, 69676)
(145, 87, 17372)
(145, 52, 51554)
(145, 136, 7127)
(145, 42, 54970)
(145, 30, 41774)
(145, 88, 89565)
(145, 69, 48826)
(145, 62, 44286)
(145, 36, 99768)
(145, 116, 30444)
(145, 31, 20451)
(145, 74, 63419)
(146, 113, 93915)
(146, 76, 51485)
(146, 89, 89703)
(146, 73, 58349)
(146, 119, 18003)
(146, 24, 76222)
(146, 134, 72686)
(146, 40, 59130)
(146, 0, 92005)
(146, 84, 12875)
(146, 94, 74950)
(146, 48, 49372)
(146, 121, 5525)
(146, 81, 92259)
(146, 30, 80953)
(146, 3, 86567)
(146, 28, 4395)
(146, 112, 28867)
(146, 140, 81811)
(146, 85, 63933)
(146, 43, 67721)
(146, 44, 15623)
(146, 86, 73703)
(146, 11, 20980)
(146, 66, 93818)
(146, 107, 18256)
(146, 7, 33499)
(146, 45, 80348)
(146, 41, 66353)
(146, 100, 17562)
(146, 59, 28179)
(146, 136, 3902)
(146, 75, 30335)
(146, 53, 45508)
(146, 87, 98468)
(146, 96, 14642)
(146, 109, 71287)
(146, 13, 20382)
(146, 122, 54370)
(146, 64, 62205)
(146, 5, 53288)
(146, 69, 49109)
(146, 68, 16909)
(146, 88, 85863)
(146, 1, 61373)
(146, 132, 65078)
(146, 55, 10279)
(146, 36, 72436)
(146, 15, 19430)
(146, 23, 96752)
(146, 32, 13839)
(146, 72, 31196)
(146, 80, 29804)
(146, 91, 54252)
(146, 79, 9410)
(146, 6, 16057)
(146, 70, 50169)
(146, 14, 95539)
(146, 10, 88002)
(146, 123, 26124)
(146, 52, 96631)
(146, 95, 4286)
(146, 115, 36825)
(146, 34, 6190)
(146, 129, 59527)
(146, 97, 30085)
(146, 58, 75523)
(146, 106, 74273)
(146, 120, 33741)
(146, 62, 68390)
(146, 71, 24346)
(146, 22, 85204)
(146, 102, 78281)
(146, 4, 56070)
(146, 116, 23461)
(146, 63, 6438)
(146, 57, 41617)
(146, 137, 79093)
(146, 143, 74601)
(146, 145, 93571)
(146, 60, 89332)
(146, 17, 21502)
(146, 46, 85257)
(146, 108, 93346)
(146, 54, 69029)
(146, 101, 56734)
(146, 9, 51888)
(146, 130, 78249)
(146, 29, 70962)
(146, 65, 91304)
(146, 25, 46112)
(146, 37, 30641)
(146, 74, 31545)
(146, 78, 36117)
(146, 38, 31597)
(146, 42, 13335)
(146, 21, 74813)
(146, 124, 38753)
(146, 105, 48712)
(146, 67, 76512)
(146, 125, 2817)
(146, 31, 14348)
(146, 135, 87884)
(146, 39, 24054)
(146, 111, 44220)
(146, 27, 73740)
(146, 118, 18187)
(146, 138, 99161)
(146, 56, 12560)
(146, 92, 238)
(146, 18, 71144)
(146, 16, 95925)
(146, 51, 57584)
(146, 133, 44753)
(146, 98, 86974)
(146, 139, 56375)
(146, 103, 22283)
(146, 117, 47440)
(146, 126, 94501)
(146, 90, 94174)
(146, 99, 4162)
(146, 83, 1532)
(146, 12, 90927)
(146, 19, 51426)
(146, 127, 5807)
(146, 110, 44133)
(146, 141, 22006)
(146, 114, 8328)
(146, 104, 61033)
(146, 26, 88806)
(146, 61, 97002)
(146, 33, 71756)
(146, 128, 67885)
(146, 20, 66053)
(146, 2, 76633)
(146, 93, 57321)
(146, 131, 78006)
(146, 35, 94274)
(146, 77, 75137)
(147, 53, 18237)
(147, 29, 38903)
(147, 98, 21649)
(147, 100, 92274)
(147, 18, 22130)
(147, 115, 57469)
(147, 35, 11455)
(147, 141, 64039)
(147, 125, 4325)
(147, 14, 74301)
(147, 69, 44740)
(147, 4, 55513)
(147, 75, 31910)
(147, 127, 39827)
(147, 64, 88388)
(147, 116, 81143)
(147, 113, 60058)
(147, 31, 42903)
(147, 107, 16147)
(147, 71, 99522)
(147, 6, 83812)
(147, 77, 97897)
(147, 146, 25105)
(147, 117, 32415)
(147, 78, 79776)
(147, 118, 85991)
(147, 5, 46220)
(147, 94, 84186)
(147, 3, 64875)
(147, 44, 32378)
(147, 38, 37336)
(147, 136, 20974)
(147, 48, 44839)
(147, 24, 52871)
(147, 72, 88674)
(147, 30, 76235)
(147, 144, 88360)
(147, 92, 49191)
(147, 132, 45003)
(147, 79, 97223)
(147, 131, 95985)
(147, 67, 31608)
(147, 34, 43017)
(147, 128, 35276)
(147, 124, 24844)
(147, 139, 23235)
(147, 17, 48222)
(147, 111, 19928)
(147, 90, 23091)
(147, 8, 14945)
(147, 85, 97024)
(147, 142, 11343)
(147, 138, 25265)
(147, 23, 56031)
(147, 74, 71511)
(147, 40, 45009)
(147, 87, 24483)
(147, 68, 54324)
(147, 0, 49206)
(147, 83, 53437)
(147, 57, 88922)
(147, 145, 46099)
(147, 82, 67739)
(147, 37, 64837)
(147, 99, 63392)
(147, 103, 87220)
(147, 15, 48049)
(147, 32, 10566)
(147, 76, 9559)
(147, 22, 12516)
(147, 26, 85216)
(147, 62, 50059)
(147, 52, 17462)
(147, 9, 22256)
(147, 101, 33251)
(147, 81, 35579)
(147, 73, 58896)
(147, 123, 47603)
(147, 7, 58093)
(147, 95, 37574)
(147, 120, 21238)
(147, 97, 84594)
(147, 130, 32760)
(147, 51, 93996)
(147, 28, 48140)
(147, 55, 12426)
(147, 122, 68051)
(147, 10, 41194)
(147, 46, 28620)
(147, 114, 67182)
(147, 105, 24837)
(147, 60, 69485)
(147, 20, 81399)
(147, 121, 16829)
(147, 2, 7208)
(147, 65, 71442)
(147, 112, 22402)
(147, 91, 73503)
(147, 84, 35699)
(147, 58, 5490)
(147, 41, 55316)
(147, 102, 30013)
(147, 96, 19225)
(147, 39, 28611)
(147, 110, 1614)
(147, 19, 43829)
(147, 70, 54825)
(147, 47, 12379)
(147, 134, 68081)
(147, 21, 82042)
(147, 33, 44289)
(147, 13, 99250)
(147, 129, 56729)
(147, 49, 85923)
(147, 106, 52498)
(147, 119, 88768)
(147, 11, 23030)
(147, 12, 47434)
(147, 140, 61438)
(147, 25, 10418)
(147, 42, 3379)
(147, 93, 66414)
(147, 108, 4035)
(147, 80, 47162)
(147, 27, 28400)
(147, 86, 75388)
(147, 45, 65549)
(147, 43, 41138)
(147, 1, 53537)
(147, 36, 14906)
(147, 66, 78732)
(147, 56, 42711)
(147, 54, 85157)
(147, 133, 72877)
(147, 16, 12652)
(147, 61, 82124)
(147, 126, 65976)
(147, 50, 76595)
(147, 63, 86924)
(147, 143, 78574)
(147, 88, 16212)
(147, 89, 37682)
(147, 135, 21522)
(147, 137, 16864)
(147, 59, 54741)
(147, 109, 51319)
(147, 104, 17234)
(148, 59, 67615)
(148, 124, 49852)
(149, 94, 25064)
(149, 28, 78670)
(149, 52, 85450)
(149, 146, 35569)
(149, 31, 35462)
(149, 106, 41764)
(149, 90, 5232)
(149, 19, 97682)
(149, 105, 52153)
(149, 112, 14839)
(149, 26, 56969)
(149, 87, 24756)
(149, 110, 84564)
(149, 50, 19218)
(149, 115, 76152)
(149, 99, 55768)
(149, 22, 44341)
(149, 119, 100162)
(149, 2, 8829)
(149, 113, 64554)
(149, 36, 80954)
(149, 41, 48677)
(149, 56, 99644)
(149, 1, 66528)
(149, 70, 15121)
(149, 57, 15398)
(149, 11, 55602)
(149, 24, 56257)
(149, 29, 88010)
(149, 85, 29402)
(149, 74, 72142)
(149, 144, 55226)
(149, 7, 6395)
(149, 148, 91530)
(149, 64, 23772)
(149, 93, 23672)
(149, 32, 46596)
(149, 75, 90746)
(149, 47, 53559)
(149, 76, 28024)
(149, 43, 84305)
(149, 66, 83530)
(149, 65, 32531)
(149, 86, 23667)
(149, 121, 72689)
(149, 6, 53246)
(149, 132, 38167)
(149, 77, 27425)
(149, 4, 88055)
(149, 120, 5425)
(149, 107, 22050)
(149, 79, 46720)
(149, 44, 30826)
(149, 12, 56930)
(149, 83, 21760)
(149, 123, 91594)
(149, 135, 90106)
(149, 14, 99328)
(149, 82, 1227)
(149, 137, 41496)
(149, 139, 86515)
(149, 45, 16320)
(149, 39, 80741)
(149, 58, 44966)
(149, 17, 27567)
(149, 111, 14)
(149, 33, 97606)
(149, 81, 17709)
(149, 127, 14638)
(149, 37, 82510)
(149, 40, 98002)
(149, 54, 23704)
(149, 71, 6106)
(150, 26, 14341)
(150, 66, 20694)
(150, 89, 30287)
(150, 136, 97829)
(150, 110, 17253)
(150, 29, 35283)
(150, 35, 46886)
(150, 59, 94343)
(150, 93, 52115)
(150, 56, 19355)
(150, 42, 93451)
(150, 17, 1558)
(150, 0, 33095)
(150, 34, 79257)
(150, 133, 86253)
(150, 80, 94661)
(150, 88, 34810)
(150, 12, 16752)
(150, 79, 77211)
(150, 108, 12998)
(150, 134, 98628)
(150, 129, 44093)
(150, 126, 35284)
(150, 4, 24644)
(150, 111, 68288)
(150, 9, 14248)
(150, 122, 80047)
(151, 47, 5679)
(151, 52, 19606)
(151, 4, 28690)
(151, 76, 92497)
(151, 27, 75576)
(151, 18, 45929)
(151, 91, 25067)
(151, 35, 74677)
(151, 10, 30347)
(151, 140, 79494)
(151, 109, 36643)
(151, 108, 49184)
(151, 139, 66465)
(151, 8, 80316)
(151, 87, 73038)
(151, 36, 82111)
(151, 13, 16743)
(151, 128, 52425)
(151, 66, 5344)
(151, 105, 61375)
(151, 17, 8643)
(151, 124, 28114)
(151, 55, 66303)
(151, 56, 23760)
(151, 51, 57221)
(151, 20, 70742)
(151, 131, 48516)
(151, 120, 22540)
(151, 53, 64596)
(151, 9, 51594)
(151, 59, 44362)
(151, 11, 41342)
(151, 138, 67837)
(151, 117, 96505)
(151, 141, 14595)
(151, 7, 93113)
(151, 148, 58837)
(151, 60, 58827)
(151, 110, 83117)
(151, 67, 45826)
(151, 40, 67968)
(151, 24, 42319)
(151, 114, 3047)
(151, 84, 84493)
(151, 127, 19143)
(151, 54, 29777)
(151, 15, 89018)
(151, 142, 84877)
(151, 80, 54337)
(151, 99, 90585)
(151, 103, 32371)
(151, 39, 89206)
(151, 93, 55782)
(151, 14, 29821)
(151, 23, 25299)
(151, 22, 71025)
(151, 90, 83485)
(152, 133, 48291)
(152, 94, 23481)
(152, 127, 55146)
(152, 141, 26735)
(152, 6, 70503)
(152, 83, 70131)
(152, 55, 55084)
(152, 59, 69986)
(152, 0, 41334)
(152, 41, 58221)
(152, 100, 62898)
(152, 114, 37317)
(152, 151, 24500)
(152, 65, 74098)
(152, 98, 63216)
(152, 108, 17295)
(152, 109, 62288)
(152, 46, 57960)
(152, 37, 56116)
(152, 66, 1158)
(152, 45, 40218)
(152, 12, 19698)
(152, 4, 6691)
(152, 136, 97777)
(152, 18, 634)
(152, 69, 99751)
(152, 47, 31589)
(152, 53, 100136)
(152, 25, 41842)
(152, 125, 24118)
(152, 60, 74510)
(152, 120, 80276)
(152, 80, 435)
(152, 13, 68007)
(152, 147, 25461)
(152, 56, 10500)
(153, 41, 74994)
(153, 6, 51602)
(153, 152, 37424)
(153, 88, 93696)
(153, 150, 7652)
(153, 72, 47742)
(153, 7, 9201)
(153, 63, 45909)
(153, 36, 100294)
(153, 25, 47102)
(153, 30, 9859)
(153, 71, 97502)
(153, 51, 59190)
(153, 98, 90315)
(153, 68, 1009)
(153, 119, 47722)
(153, 83, 49348)
(153, 120, 68036)
(153, 79, 23135)
(153, 32, 80516)
(153, 55, 14147)
(153, 109, 20472)
(153, 60, 37551)
(153, 135, 50628)
(153, 112, 70416)
(153, 9, 36265)
(153, 33, 99315)
(153, 4, 7571)
(153, 53, 85750)
(153, 11, 79541)
(153, 62, 44624)
(153, 2, 43641)
(153, 116, 47431)
(153, 125, 42457)
(153, 105, 80708)
(153, 38, 92812)
(153, 23, 83598)
(153, 17, 86948)
(153, 70, 89326)
(153, 97, 40254)
(153, 10, 32832)
(153, 35, 21688)
(153, 28, 82050)
(153, 147, 20488)
(153, 82, 7401)
(153, 27, 79841)
(153, 84, 14860)
(153, 95, 4991)
(153, 19, 71701)
(153, 134, 35513)
(153, 93, 87717)
(153, 115, 80650)
(153, 69, 36070)
(153, 94, 56498)
(153, 74, 10680)
(153, 67, 58982)
(153, 121, 34100)
(153, 18, 62573)
(153, 141, 18659)
(153, 8, 98051)
(153, 148, 98364)
(153, 78, 44198)
(153, 114, 98483)
(153, 12, 19480)
(153, 144, 98226)
(153, 138, 2706)
(153, 111, 7239)
(153, 91, 37539)
(153, 110, 50961)
(153, 149, 4126)
(153, 5, 42824)
(153, 43, 26303)
(153, 16, 82313)
(153, 29, 43644)
(153, 113, 2447)
(153, 107, 17657)
(153, 44, 784)
(153, 123, 95712)
(153, 73, 11888)
(153, 59, 44110)
(153, 140, 78926)
(153, 45, 65701)
(153, 151, 99840)
(153, 102, 3501)
(153, 108, 47963)
(153, 142, 75487)
(153, 22, 54909)
(153, 66, 14751)
(153, 129, 98561)
(153, 122, 74583)
(153, 130, 24591)
(153, 34, 88813)
(153, 39, 40767)
(154, 71, 90856)
(154, 30, 65476)
(154, 124, 71132)
(154, 98, 2350)
(154, 1, 44424)
(154, 39, 68664)
(154, 77, 1353)
(154, 34, 85287)
(154, 90, 69864)
(154, 3, 72396)
(154, 61, 51586)
(154, 7, 42859)
(154, 99, 51515)
(154, 69, 40534)
(154, 4, 7540)
(154, 44, 10913)
(154, 64, 47029)
(154, 125, 87537)
(154, 81, 11798)
(154, 147, 52426)
(154, 9, 61662)
(154, 52, 44071)
(154, 145, 18152)
(154, 135, 82838)
(154, 73, 95832)
(154, 105, 12307)
(154, 110, 42161)
(154, 8, 25345)
(154, 82, 67878)
(154, 47, 16922)
(154, 127, 85568)
(154, 97, 78325)
(154, 144, 100155)
(154, 114, 28088)
(154, 75, 15844)
(154, 27, 33200)
(154, 62, 29793)
(154, 51, 483)
(154, 65, 81877)
(154, 100, 29433)
(154, 48, 32165)
(154, 79, 34189)
(154, 88, 36164)
(154, 60, 1066)
(154, 36, 11892)
(154, 54, 6412)
(154, 37, 29471)
(154, 107, 86010)
(154, 83, 32077)
(154, 153, 84254)
(154, 92, 28392)
(154, 143, 80142)
(154, 23, 33011)
(154, 11, 87645)
(154, 140, 73002)
(154, 12, 17570)
(154, 58, 25386)
(154, 129, 55284)
(154, 130, 14875)
(154, 35, 49732)
(154, 19, 7296)
(154, 152, 24508)
(154, 138, 56664)
(154, 80, 42382)
(154, 96, 66898)
(154, 142, 3868)
(154, 118, 65958)
(154, 121, 51477)
(154, 115, 43116)
(154, 50, 65044)
(154, 148, 89118)
(154, 74, 20056)
(154, 21, 46940)
(154, 113, 86110)
(154, 102, 72259)
(154, 86, 76464)
(154, 126, 20702)
(154, 134, 58383)
(154, 68, 80004)
(154, 29, 56806)
(154, 89, 94527)
(154, 85, 70716)
(154, 26, 50853)
(154, 131, 52593)
(154, 84, 44009)
(154, 150, 90941)
(154, 41, 75855)
(154, 136, 75917)
(154, 123, 68211)
(154, 133, 52360)
(154, 45, 91311)
(154, 151, 97371)
(154, 0, 93566)
(154, 67, 89085)
(154, 95, 65492)
(154, 72, 59257)
(154, 111, 39682)
(154, 6, 61624)
(154, 46, 18356)
(154, 25, 94814)
(154, 53, 39296)
(154, 109, 48695)
(154, 24, 94158)
(154, 63, 94265)
(154, 141, 16451)
(154, 149, 976)
(154, 42, 11944)
(154, 108, 18509)
(154, 128, 44877)
(154, 38, 66662)
(154, 40, 81346)
(154, 5, 72416)
(154, 28, 91630)
(154, 56, 5085)
(154, 137, 81073)
(154, 70, 21388)
(154, 93, 4506)
(154, 15, 22764)
(154, 104, 2715)
(154, 13, 10640)
(154, 22, 98338)
(154, 10, 22277)
(154, 103, 41879)
(154, 2, 8585)
(154, 32, 72844)
(154, 94, 9505)
(154, 66, 66413)
(154, 116, 24733)
(154, 139, 98957)
(154, 14, 43176)
(154, 101, 1840)
(154, 87, 54792)
(154, 17, 25015)
(154, 146, 18279)
(155, 74, 41031)
(155, 47, 7200)
(155, 144, 10643)
(155, 135, 22319)
(155, 32, 68913)
(155, 9, 90948)
(155, 86, 3990)
(155, 66, 86873)
(155, 78, 62777)
(155, 80, 68102)
(155, 37, 49744)
(155, 55, 26227)
(155, 140, 17929)
(155, 18, 4900)
(155, 91, 93865)
(155, 11, 69044)
(155, 124, 12901)
(155, 153, 50899)
(155, 56, 40438)
(155, 30, 37371)
(155, 45, 15846)
(155, 52, 38511)
(155, 142, 6165)
(155, 145, 21733)
(155, 59, 88673)
(155, 16, 44282)
(155, 106, 13938)
(155, 14, 27907)
(155, 137, 1474)
(155, 41, 88611)
(155, 90, 43154)
(155, 65, 47650)
(155, 151, 95270)
(155, 62, 50494)
(155, 34, 64482)
(155, 64, 22083)
(155, 94, 70125)
(155, 4, 32537)
(155, 121, 47737)
(155, 29, 8756)
(155, 123, 98213)
(155, 85, 24955)
(155, 96, 13982)
(155, 89, 28621)
(155, 84, 11658)
(155, 92, 90747)
(155, 51, 2491)
(155, 115, 17096)
(155, 150, 6802)
(155, 31, 68774)
(155, 0, 91895)
(155, 26, 95491)
(155, 132, 90112)
(155, 133, 91573)
(155, 5, 49229)
(155, 42, 91443)
(155, 67, 63638)
(155, 105, 79285)
(155, 3, 93700)
(155, 81, 28359)
(155, 6, 41580)
(155, 127, 30249)
(155, 128, 12726)
(155, 7, 2601)
(155, 141, 52099)
(155, 83, 95315)
(155, 12, 58277)
(155, 76, 30705)
(155, 19, 33621)
(155, 148, 100228)
(155, 53, 56607)
(155, 25, 51748)
(155, 13, 34987)
(155, 154, 3189)
(155, 111, 57012)
(155, 108, 54223)
(155, 95, 54861)
(155, 116, 14271)
(155, 119, 6170)
(155, 21, 21531)
(155, 120, 18982)
(155, 57, 4869)
(155, 28, 91991)
(155, 109, 8882)
(155, 99, 97439)
(155, 58, 85440)
(155, 98, 81672)
(155, 8, 6150)
(155, 1, 10626)
(155, 125, 4136)
(155, 35, 73823)
(156, 117, 48852)
(156, 109, 64303)
(156, 59, 58331)
(156, 91, 31818)
(156, 18, 13705)
(156, 124, 20766)
(156, 129, 48003)
(156, 4, 48671)
(156, 108, 61014)
(156, 71, 39098)
(156, 67, 19909)
(156, 16, 44879)
(156, 112, 7745)
(156, 153, 99639)
(156, 85, 22026)
(156, 78, 83314)
(156, 135, 78947)
(156, 5, 219)
(156, 107, 92569)
(156, 140, 46157)
(156, 49, 11318)
(156, 126, 54273)
(156, 39, 94762)
(156, 99, 56014)
(156, 70, 13028)
(156, 21, 34984)
(156, 45, 63130)
(156, 1, 28236)
(156, 51, 86701)
(156, 102, 78785)
(156, 12, 57423)
(156, 111, 2895)
(156, 28, 46732)
(156, 139, 72292)
(156, 22, 40526)
(156, 113, 5155)
(156, 134, 64320)
(156, 81, 18041)
(156, 35, 75531)
(156, 8, 99107)
(156, 19, 57380)
(156, 55, 39779)
(156, 148, 35004)
(156, 127, 11694)
(156, 106, 26946)
(156, 33, 1452)
(156, 100, 23429)
(156, 48, 34702)
(156, 94, 19399)
(156, 37, 35531)
(156, 44, 18361)
(156, 11, 93304)
(156, 118, 62218)
(156, 9, 43100)
(156, 58, 30060)
(156, 32, 76976)
(156, 103, 90630)
(156, 138, 52106)
(156, 27, 46286)
(156, 116, 33342)
(156, 133, 36901)
(156, 7, 63637)
(156, 43, 46541)
(156, 25, 92144)
(156, 147, 39015)
(156, 92, 44461)
(156, 122, 30970)
(156, 96, 98222)
(156, 0, 5123)
(156, 83, 82427)
(156, 42, 58902)
(156, 46, 6724)
(156, 60, 81161)
(156, 79, 97059)
(156, 88, 83071)
(156, 144, 45788)
(156, 97, 36329)
(156, 57, 8650)
(156, 38, 82559)
(156, 105, 21096)
(156, 2, 31104)
(156, 141, 76131)
(156, 121, 24200)
(156, 104, 497)
(156, 31, 38192)
(156, 80, 7325)
(156, 3, 27132)
(156, 77, 69469)
(156, 50, 96837)
(156, 152, 31340)
(156, 47, 17272)
(156, 30, 43414)
(156, 84, 5976)
(156, 53, 49219)
(156, 123, 57436)
(156, 115, 27519)
(156, 23, 16159)
(156, 29, 87500)
(156, 110, 61971)
(156, 62, 9372)
(156, 64, 21973)
(156, 15, 63445)
(156, 63, 22519)
(156, 10, 15372)
(156, 155, 97639)
(156, 65, 8685)
(156, 145, 96107)
(156, 82, 7561)
(156, 130, 79291)
(156, 119, 40605)
(156, 150, 33978)
(156, 132, 82685)
(156, 136, 51999)
(156, 90, 43054)
(157, 115, 2651)
(157, 58, 65076)
(157, 123, 98778)
(157, 146, 40149)
(157, 21, 22689)
(157, 124, 18779)
(157, 150, 4461)
(157, 156, 73841)
(157, 29, 71227)
(157, 51, 15763)
(157, 47, 20799)
(157, 7, 10999)
(158, 57, 73608)
(158, 150, 50680)
(158, 8, 60762)
(158, 114, 16251)
(158, 1, 67736)
(158, 82, 70035)
(158, 21, 85942)
(158, 37, 22759)
(158, 88, 97824)
(158, 2, 33059)
(158, 145, 7284)
(158, 61, 43421)
(158, 155, 20874)
(158, 124, 87490)
(158, 154, 33676)
(158, 125, 17775)
(158, 106, 61256)
(158, 133, 36393)
(158, 123, 12953)
(158, 70, 47085)
(158, 141, 37988)
(158, 25, 57366)
(158, 121, 64879)
(158, 109, 45248)
(158, 98, 77303)
(158, 16, 81737)
(158, 107, 23207)
(158, 66, 53770)
(158, 60, 100297)
(158, 81, 2746)
(158, 36, 8930)
(158, 131, 47826)
(158, 138, 5420)
(158, 139, 32751)
(158, 15, 18709)
(158, 9, 57856)
(158, 105, 11144)
(158, 51, 54458)
(158, 32, 86913)
(158, 64, 71361)
(158, 56, 39876)
(158, 73, 41380)
(158, 134, 11840)
(158, 86, 81319)
(158, 49, 80536)
(158, 27, 596)
(158, 135, 48585)
(158, 53, 30971)
(158, 43, 80284)
(158, 100, 48122)
(158, 17, 45766)
(158, 112, 94406)
(158, 62, 92679)
(158, 85, 35055)
(158, 151, 61298)
(158, 71, 55379)
(158, 129, 73419)
(158, 79, 98961)
(158, 68, 94313)
(158, 40, 44276)
(158, 14, 64454)
(158, 94, 65253)
(158, 115, 7509)
(158, 10, 94600)
(158, 22, 60383)
(158, 3, 66906)
(158, 29, 28660)
(158, 127, 84470)
(158, 12, 85976)
(158, 7, 21586)
(158, 4, 68379)
(158, 34, 83690)
(158, 67, 523)
(158, 118, 20026)
(158, 130, 43893)
(158, 152, 78587)
(158, 11, 19305)
(158, 42, 31242)
(158, 20, 92655)
(158, 97, 53962)
(158, 77, 56076)
(158, 54, 97699)
(158, 83, 89664)
(158, 52, 29565)
(158, 48, 69002)
(158, 50, 48174)
(158, 30, 71559)
(158, 26, 36175)
(158, 35, 28519)
(158, 33, 86759)
(158, 146, 93906)
(158, 24, 70587)
(158, 142, 95242)
(158, 104, 29125)
(158, 38, 30327)
(158, 96, 55073)
(158, 113, 95486)
(158, 19, 24550)
(158, 108, 26612)
(158, 80, 79260)
(158, 116, 45805)
(158, 90, 82223)
(158, 45, 83500)
(158, 55, 16718)
(158, 72, 46102)
(158, 148, 74872)
(158, 87, 32955)
(158, 65, 31317)
(158, 137, 99150)
(158, 84, 41853)
(158, 103, 65028)
(158, 156, 30015)
(158, 89, 24416)
(158, 111, 54111)
(158, 117, 82721)
(158, 69, 65490)
(158, 153, 11014)
(158, 75, 74842)
(158, 110, 3541)
(158, 59, 39574)
(158, 91, 48674)
(158, 92, 98675)
(158, 13, 89791)
(158, 58, 14263)
(159, 86, 32278)
(159, 153, 37662)
(159, 5, 91247)
(159, 105, 8203)
(159, 130, 78722)
(159, 63, 97821)
(159, 108, 25917)
(159, 116, 473)
(159, 1, 2438)
(159, 17, 6656)
(159, 106, 28499)
(159, 110, 63714)
(159, 149, 54471)
(159, 7, 43285)
(159, 154, 67520)
(159, 45, 12846)
(159, 80, 60106)
(159, 122, 50772)
(159, 22, 8923)
(159, 145, 51668)
(159, 148, 8063)
(159, 21, 80880)
(159, 93, 25096)
(159, 100, 73949)
(159, 54, 28977)
(159, 101, 92541)
(159, 24, 60410)
(159, 28, 47991)
(159, 9, 28349)
(159, 137, 48308)
(159, 20, 68732)
(159, 102, 6880)
(159, 111, 32481)
(159, 85, 91999)
(159, 6, 16532)
(159, 141, 29827)
(159, 11, 87911)
(159, 67, 35080)
(159, 42, 91398)
(159, 89, 50316)
(159, 15, 61428)
(159, 94, 89416)
(159, 132, 62670)
(159, 8, 13054)
(159, 4, 96969)
(159, 142, 66776)
(159, 157, 62048)
(159, 56, 25946)
(159, 121, 80909)
(159, 0, 59420)
(159, 3, 54233)
(159, 126, 12313)
(159, 144, 77463)
(159, 14, 77464)
(159, 146, 32752)
(159, 25, 45456)
(160, 23, 79385)
(160, 158, 63248)
(160, 27, 98145)
(160, 119, 24739)
(160, 77, 73845)
(160, 66, 75481)
(160, 106, 45450)
(160, 140, 89259)
(160, 69, 87169)
(160, 138, 26848)
(160, 95, 37209)
(160, 33, 84505)
(160, 37, 93421)
(160, 87, 19614)
(160, 31, 79595)
(160, 121, 51456)
(160, 10, 20217)
(160, 46, 55072)
(160, 56, 80497)
(160, 49, 89133)
(160, 59, 67830)
(160, 99, 44033)
(160, 128, 60481)
(160, 108, 73928)
(160, 109, 84835)
(160, 71, 39243)
(160, 19, 94752)
(160, 38, 59636)
(160, 58, 56442)
(160, 133, 34918)
(160, 139, 38095)
(160, 79, 27207)
(160, 156, 71557)
(160, 13, 81375)
(160, 82, 18402)
(160, 2, 30850)
(160, 113, 61568)
(160, 146, 12030)
(160, 42, 49342)
(160, 48, 92764)
(160, 41, 94433)
(160, 36, 50351)
(160, 4, 93409)
(160, 92, 82191)
(160, 134, 54464)
(160, 65, 42185)
(160, 70, 37511)
(160, 61, 12839)
(160, 9, 80030)
(160, 136, 53392)
(160, 15, 49209)
(160, 26, 36477)
(160, 125, 54611)
(160, 22, 62550)
(160, 21, 86061)
(160, 102, 292)
(160, 84, 79341)
(160, 30, 40377)
(160, 11, 58904)
(160, 51, 91417)
(160, 129, 70536)
(161, 126, 27830)
(161, 151, 78913)
(161, 83, 65855)
(161, 98, 72642)
(161, 139, 29149)
(161, 40, 32961)
(161, 86, 86125)
(161, 119, 77960)
(161, 42, 54307)
(161, 15, 63668)
(161, 30, 35410)
(161, 150, 46071)
(161, 89, 10888)
(161, 24, 42790)
(161, 125, 13248)
(161, 50, 3427)
(161, 27, 43723)
(161, 141, 89149)
(161, 36, 7368)
(161, 76, 68743)
(161, 95, 14954)
(161, 4, 61013)
(161, 130, 98264)
(161, 58, 44517)
(161, 63, 35106)
(161, 157, 71645)
(161, 32, 61953)
(161, 111, 85746)
(161, 97, 52219)
(161, 118, 69514)
(161, 56, 62386)
(161, 68, 46891)
(161, 134, 21655)
(161, 38, 71621)
(161, 37, 12093)
(161, 82, 38519)
(161, 60, 78965)
(161, 43, 19764)
(161, 62, 46451)
(161, 64, 10333)
(161, 102, 83289)
(161, 140, 40971)
(161, 46, 79301)
(161, 17, 37215)
(161, 18, 51952)
(161, 12, 99219)
(161, 149, 40770)
(161, 100, 91615)
(161, 28, 49296)
(161, 26, 65588)
(161, 117, 22434)
(161, 61, 71254)
(161, 8, 64786)
(161, 73, 85351)
(161, 131, 36501)
(161, 114, 39152)
(161, 47, 48686)
(161, 41, 6015)
(161, 121, 80453)
(161, 136, 50693)
(161, 23, 32504)
(161, 75, 87576)
(161, 106, 31446)
(161, 55, 60327)
(161, 48, 58561)
(161, 1, 68369)
(161, 133, 70711)
(161, 79, 27387)
(161, 25, 8570)
(161, 57, 49374)
(161, 159, 42553)
(161, 84, 13103)
(161, 78, 47183)
(161, 147, 38447)
(161, 135, 2622)
(161, 74, 26851)
(161, 69, 21161)
(161, 35, 2238)
(161, 105, 5139)
(161, 16, 79660)
(161, 92, 74716)
(161, 101, 93084)
(161, 154, 74214)
(161, 52, 12613)
(161, 80, 7517)
(161, 34, 39717)
(161, 156, 59625)
(161, 107, 63969)
(161, 13, 18326)
(161, 120, 62977)
(161, 155, 33699)
(161, 54, 91587)
(161, 104, 51988)
(161, 66, 31518)
(161, 72, 40853)
(161, 11, 65040)
(161, 29, 69679)
(161, 96, 73931)
(161, 148, 11192)
(161, 94, 39653)
(161, 91, 46632)
(161, 45, 99727)
(161, 44, 26439)
(161, 67, 18889)
(162, 145, 20639)
(162, 45, 19984)
(162, 21, 28399)
(162, 26, 21130)
(162, 8, 47450)
(162, 161, 94288)
(163, 70, 91988)
(164, 102, 92026)
(164, 22, 44011)
(164, 141, 43493)
(164, 67, 52373)
(164, 62, 93323)
(164, 160, 79486)
(164, 52, 91152)
(164, 148, 10690)
(164, 25, 91078)
(164, 34, 31282)
(165, 159, 84375)
(165, 135, 48454)
(165, 68, 62699)
(165, 106, 29829)
(165, 155, 19454)
(165, 73, 8573)
(165, 100, 74919)
(165, 109, 42919)
(165, 87, 50862)
(165, 28, 22379)
(165, 163, 61866)
(165, 123, 43823)
(165, 103, 85244)
(165, 137, 46727)
(165, 127, 94611)
(165, 27, 75061)
(165, 154, 82053)
(165, 150, 8582)
(165, 148, 86975)
(165, 21, 77033)
(165, 9, 35757)
(165, 153, 60575)
(165, 125, 7999)
(165, 105, 19067)
(165, 101, 94308)
(165, 45, 62293)
(165, 121, 69142)
(165, 96, 26114)
(165, 17, 97358)
(165, 104, 65222)
(165, 80, 51156)
(165, 50, 84079)
(165, 6, 6164)
(165, 93, 18684)
(165, 37, 24681)
(165, 55, 49699)
(165, 23, 42289)
(165, 114, 32430)
(165, 16, 51656)
(165, 58, 45260)
(165, 86, 43044)
(165, 33, 76741)
(165, 72, 50479)
(165, 113, 1500)
(165, 64, 31794)
(165, 14, 15797)
(165, 81, 17082)
(165, 95, 34677)
(165, 30, 53644)
(165, 66, 22380)
(165, 128, 72470)
(165, 71, 4398)
(165, 124, 48045)
(165, 5, 64992)
(165, 132, 60201)
(165, 63, 21693)
(165, 3, 14128)
(165, 116, 27213)
(165, 8, 55029)
(165, 46, 58494)
(165, 91, 54820)
(165, 54, 86604)
(165, 42, 78485)
(165, 134, 79462)
(166, 95, 55429)
(166, 19, 7220)
(166, 163, 63196)
(166, 18, 16457)
(166, 50, 79741)
(166, 144, 5948)
(166, 158, 4357)
(166, 68, 6733)
(166, 17, 53974)
(166, 7, 10010)
(166, 160, 48946)
(166, 149, 14474)
(166, 1, 64187)
(166, 114, 99499)
(166, 100, 49406)
(167, 118, 72003)
(167, 105, 16665)
(167, 58, 76247)
(167, 77, 23875)
(167, 96, 370)
(167, 9, 637)
(167, 50, 66428)
(167, 44, 5887)
(167, 67, 94250)
(167, 154, 33734)
(167, 150, 79889)
(167, 124, 59697)
(167, 165, 38672)
(167, 79, 19414)
(167, 52, 33747)
(167, 113, 71500)
(167, 61, 62363)
(167, 57, 80021)
(167, 64, 57488)
(167, 149, 78693)
(167, 129, 54083)
(167, 132, 95045)
(167, 76, 61196)
(167, 1, 18638)
(167, 92, 82364)
(167, 47, 33830)
(167, 63, 86737)
(167, 160, 33270)
(167, 161, 79186)
(167, 22, 20590)
(167, 145, 12049)
(167, 88, 31511)
(167, 65, 90317)
(167, 109, 64788)
(167, 130, 31924)
(167, 159, 27458)
(167, 53, 1434)
(167, 59, 8837)
(167, 72, 3097)
(167, 43, 32888)
(167, 8, 33815)
(167, 101, 45010)
(167, 157, 35326)
(167, 97, 97973)
(167, 51, 80196)
(167, 95, 44015)
(167, 78, 69857)
(167, 94, 29354)
(167, 81, 75782)
(167, 35, 76935)
(167, 33, 77781)
(167, 138, 27978)
(167, 75, 96780)
(167, 93, 35100)
(167, 121, 93315)
(167, 148, 53743)
(167, 85, 64231)
(167, 107, 80201)
(167, 12, 1507)
(167, 62, 71468)
(167, 0, 68494)
(167, 21, 49467)
(167, 34, 16592)
(167, 146, 46269)
(167, 56, 86998)
(167, 123, 59546)
(167, 142, 23784)
(167, 37, 42288)
(167, 136, 75282)
(167, 143, 53138)
(168, 51, 43629)
(168, 100, 41663)
(168, 98, 38181)
(168, 120, 51801)
(168, 139, 18103)
(168, 55, 6851)
(168, 95, 61879)
(168, 72, 82772)
(168, 118, 42034)
(168, 12, 35999)
(168, 28, 59914)
(168, 67, 57619)
(168, 87, 21584)
(168, 133, 1725)
(168, 131, 41065)
(168, 158, 14346)
(168, 8, 75375)
(168, 160, 64042)
(168, 48, 20267)
(168, 144, 41027)
(168, 82, 74844)
(168, 68, 35243)
(168, 33, 92828)
(168, 113, 21728)
(168, 122, 68659)
(168, 24, 33484)
(168, 6, 13417)
(168, 134, 22490)
(168, 141, 8507)
(168, 4, 2143)
(168, 15, 35304)
(168, 91, 49973)
(168, 112, 16179)
(168, 79, 97779)
(168, 56, 44632)
(168, 13, 46772)
(168, 162, 39365)
(169, 24, 7072)
(169, 121, 25113)
(169, 124, 3707)
(169, 57, 35634)
(169, 92, 76556)
(169, 32, 14276)
(169, 108, 35392)
(169, 150, 19653)
(169, 103, 58395)
(169, 139, 9083)
(169, 133, 33278)
(169, 101, 93281)
(169, 168, 67660)
(169, 134, 14605)
(169, 78, 65495)
(169, 85, 74721)
(169, 5, 13581)
(169, 123, 55990)
(169, 4, 97065)
(169, 72, 95908)
(169, 90, 56618)
(169, 31, 3946)
(169, 6, 79141)
(169, 152, 533)
(169, 142, 91523)
(169, 79, 16673)
(169, 105, 64052)
(169, 109, 2220)
(169, 25, 37619)
(169, 99, 81519)
(169, 148, 5183)
(169, 147, 5045)
(169, 56, 57742)
(169, 110, 3702)
(169, 156, 67186)
(169, 125, 14043)
(169, 49, 87224)
(169, 98, 84686)
(169, 52, 7012)
(169, 93, 41230)
(169, 144, 53317)
(169, 71, 40831)
(169, 44, 12864)
(169, 73, 71284)
(169, 132, 93208)
(169, 127, 33513)
(169, 28, 34208)
(169, 14, 98360)
(169, 34, 30256)
(169, 27, 37126)
(169, 119, 32827)
(169, 45, 63999)
(169, 35, 5023)
(169, 9, 35097)
(169, 88, 68804)
(169, 140, 52999)
(169, 62, 44376)
(169, 116, 68950)
(169, 153, 28609)
(169, 42, 8399)
(170, 112, 85288)
(170, 35, 20596)
(170, 7, 7462)
(170, 105, 99718)
(170, 5, 84465)
(170, 115, 622)
(170, 133, 56510)
(170, 144, 53726)
(170, 117, 87555)
(170, 78, 7862)
(170, 63, 72615)
(170, 85, 72490)
(170, 46, 47857)
(170, 52, 18209)
(170, 111, 29216)
(170, 125, 98956)
(170, 26, 66041)
(170, 141, 35658)
(170, 4, 4577)
(170, 116, 29775)
(170, 3, 35306)
(170, 108, 95580)
(170, 150, 37479)
(170, 152, 59032)
(170, 41, 19659)
(170, 136, 75595)
(170, 83, 98783)
(170, 89, 58513)
(170, 45, 15060)
(170, 80, 87988)
(170, 11, 40748)
(170, 23, 20406)
(170, 130, 30165)
(170, 151, 83991)
(170, 42, 71005)
(170, 48, 14332)
(170, 153, 99594)
(170, 10, 27061)
(170, 33, 17529)
(170, 77, 27996)
(170, 16, 82960)
(170, 127, 75534)
(170, 14, 10409)
(170, 139, 52631)
(170, 87, 5911)
(170, 53, 81802)
(170, 157, 66653)
(170, 142, 25485)
(170, 37, 14624)
(170, 30, 11365)
(170, 59, 27146)
(170, 68, 3058)
(170, 122, 26543)
(170, 0, 16160)
(171, 62, 11381)
(171, 119, 43479)
(171, 83, 75225)
(171, 101, 25909)
(171, 75, 10591)
(171, 161, 60832)
(171, 80, 40756)
(171, 164, 45538)
(171, 42, 80437)
(171, 2, 6348)
(171, 32, 17019)
(171, 68, 56739)
(171, 98, 90685)
(171, 102, 76857)
(171, 140, 85833)
(171, 168, 57176)
(171, 39, 77094)
(171, 5, 98492)
(171, 114, 60538)
(171, 147, 66747)
(171, 15, 62352)
(171, 30, 55492)
(171, 1, 6865)
(171, 81, 92688)
(171, 110, 45472)
(171, 162, 15146)
(171, 60, 79619)
(171, 10, 39688)
(171, 145, 97810)
(171, 63, 41659)
(171, 131, 38370)
(171, 142, 98546)
(171, 90, 75498)
(171, 35, 99009)
(171, 120, 18447)
(171, 116, 48565)
(171, 86, 31269)
(171, 72, 99815)
(171, 77, 80599)
(171, 40, 83455)
(171, 58, 63803)
(171, 112, 44833)
(171, 127, 23486)
(171, 129, 18417)
(171, 103, 5197)
(171, 27, 100260)
(171, 37, 81337)
(171, 61, 8658)
(171, 99, 57918)
(171, 143, 18999)
(171, 88, 265)
(171, 3, 18294)
(171, 118, 97711)
(171, 92, 31951)
(171, 93, 62666)
(171, 138, 88836)
(171, 65, 22142)
(171, 111, 9519)
(171, 150, 28610)
(171, 165, 36632)
(171, 157, 97874)
(171, 64, 94348)
(171, 76, 60036)
(171, 115, 29715)
(171, 87, 12630)
(171, 4, 56721)
(171, 89, 72502)
(171, 137, 47503)
(171, 49, 24656)
(171, 151, 23175)
(171, 130, 74850)
(171, 12, 21016)
(171, 22, 75478)
(171, 13, 32995)
(171, 156, 89106)
(171, 46, 17843)
(172, 8, 97517)
(172, 130, 49218)
(172, 117, 71190)
(172, 60, 67598)
(172, 155, 25772)
(172, 3, 45825)
(172, 126, 82144)
(172, 132, 44395)
(172, 108, 6361)
(172, 70, 31888)
(172, 104, 88438)
(172, 28, 87878)
(172, 6, 23149)
(172, 151, 58491)
(172, 42, 63725)
(172, 67, 35072)
(172, 25, 54847)
(172, 139, 90612)
(172, 153, 63008)
(172, 125, 58757)
(172, 17, 2843)
(172, 141, 2987)
(172, 152, 81639)
(172, 169, 61649)
(172, 145, 5620)
(172, 94, 20163)
(172, 114, 90971)
(172, 80, 85417)
(172, 37, 42933)
(172, 89, 72374)
(172, 7, 36080)
(172, 111, 7764)
(172, 56, 97494)
(172, 13, 27583)
(172, 5, 20946)
(172, 106, 19822)
(172, 74, 19760)
(172, 131, 9222)
(172, 40, 98668)
(172, 90, 86725)
(172, 83, 5739)
(172, 58, 17355)
(172, 166, 61595)
(172, 29, 29289)
(172, 95, 88368)
(172, 2, 67267)
(172, 15, 59642)
(172, 14, 53519)
(172, 20, 48539)
(172, 122, 23953)
(172, 78, 79547)
(172, 59, 19903)
(172, 16, 28061)
(172, 127, 69681)
(172, 136, 75004)
(172, 79, 11337)
(172, 41, 66918)
(172, 21, 9560)
(172, 66, 20888)
(172, 36, 90514)
(172, 110, 18548)
(172, 49, 80421)
(172, 168, 8263)
(172, 54, 70127)
(172, 73, 83646)
(172, 149, 69346)
(172, 160, 82903)
(172, 1, 43039)
(172, 82, 63318)
(172, 87, 33955)
(172, 140, 52056)
(172, 92, 87375)
(172, 159, 91157)
(172, 64, 100124)
(172, 121, 84195)
(172, 102, 9121)
(172, 109, 83096)
(172, 39, 17670)
(172, 167, 72886)
(172, 33, 93497)
(172, 53, 28643)
(172, 100, 25367)
(172, 63, 37704)
(172, 51, 64407)
(172, 27, 94674)
(172, 103, 98167)
(172, 61, 37607)
(172, 55, 28252)
(172, 0, 60726)
(172, 24, 12718)
(172, 161, 92663)
(172, 170, 17521)
(172, 107, 35234)
(172, 34, 97260)
(172, 119, 57030)
(172, 57, 4065)
(172, 144, 40446)
(172, 77, 47329)
(172, 93, 34735)
(172, 50, 18218)
(172, 12, 52540)
(172, 150, 62752)
(172, 88, 17497)
(172, 128, 20748)
(172, 52, 93070)
(172, 48, 75123)
(172, 162, 99721)
(172, 105, 49959)
(172, 118, 86112)
(172, 85, 25246)
(172, 156, 1237)
(172, 134, 92827)
(172, 23, 51644)
(172, 65, 15634)
(172, 44, 72045)
(172, 4, 59129)
(172, 45, 40919)
(172, 72, 69069)
(172, 116, 5727)
(172, 98, 10857)
(172, 19, 12053)
(172, 147, 15011)
(172, 84, 79897)
(172, 101, 41992)
(172, 146, 95184)
(172, 154, 86724)
(172, 26, 13501)
(172, 47, 38557)
(172, 124, 58613)
(172, 11, 91246)
(172, 171, 83245)
(172, 164, 42126)
(172, 31, 2197)
(172, 123, 31916)
(172, 96, 1499)
(172, 69, 61638)
(172, 158, 9790)
(172, 86, 9998)
(172, 38, 64765)
(172, 62, 79908)
(172, 76, 59945)
(172, 10, 84112)
(172, 22, 49138)
(172, 46, 72665)
(172, 43, 21978)
(172, 112, 27558)
(172, 137, 17070)
(172, 163, 14235)
(172, 113, 54662)
(172, 157, 70559)
(172, 115, 67916)
(172, 9, 66512)
(172, 129, 82102)
(172, 138, 2794)
(172, 120, 165)
(172, 35, 15071)
(172, 133, 59509)
(172, 68, 48527)
(172, 165, 91976)
(172, 32, 15578)
(172, 135, 51625)
(172, 143, 70892)
(172, 97, 34329)
(172, 81, 762)
(172, 30, 30454)
(172, 99, 26079)
(172, 75, 28009)
(173, 76, 81883)
(173, 168, 36786)
(173, 141, 27471)
(173, 17, 17504)
(173, 9, 21030)
(173, 40, 36503)
(173, 49, 31285)
(173, 171, 88549)
(173, 154, 48614)
(173, 101, 11138)
(173, 156, 94640)
(173, 116, 60043)
(173, 114, 80181)
(173, 35, 35613)
(173, 153, 85113)
(173, 2, 68157)
(173, 124, 88894)
(173, 20, 11854)
(173, 80, 44626)
(173, 18, 40512)
(173, 38, 51580)
(173, 139, 30306)
(173, 134, 52096)
(173, 87, 29546)
(173, 115, 48208)
(173, 146, 14126)
(173, 110, 45300)
(173, 147, 72028)
(173, 165, 56119)
(173, 158, 90857)
(173, 155, 86981)
(173, 104, 8731)
(173, 149, 45349)
(173, 10, 21536)
(173, 77, 91496)
(173, 69, 23353)
(173, 23, 72075)
(173, 43, 60391)
(173, 160, 76458)
(173, 25, 79558)
(173, 142, 20421)
(173, 62, 91484)
(173, 27, 65618)
(173, 0, 13091)
(173, 99, 7811)
(173, 65, 46761)
(173, 8, 35361)
(173, 51, 93977)
(173, 109, 51327)
(173, 166, 81110)
(173, 22, 257)
(173, 108, 68456)
(173, 152, 4403)
(173, 6, 50626)
(173, 12, 50457)
(173, 106, 86505)
(173, 7, 75007)
(173, 118, 3272)
(173, 19, 80395)
(173, 151, 82849)
(173, 31, 28830)
(173, 129, 8314)
(173, 45, 38864)
(173, 14, 67706)
(173, 64, 9606)
(173, 78, 74913)
(173, 157, 31759)
(173, 70, 46391)
(173, 57, 23780)
(173, 59, 13553)
(173, 121, 82519)
(173, 169, 86716)
(173, 13, 91096)
(173, 163, 86545)
(173, 132, 12329)
(173, 90, 9855)
(173, 84, 30534)
(173, 60, 55971)
(173, 89, 98454)
(173, 120, 47593)
(173, 94, 76901)
(173, 63, 20894)
(173, 39, 61098)
(174, 113, 54865)
(174, 159, 56240)
(174, 116, 56990)
(174, 169, 80154)
(174, 40, 91550)
(174, 133, 96456)
(174, 112, 26539)
(174, 111, 53432)
(174, 27, 37162)
(174, 50, 22138)
(174, 95, 20835)
(174, 142, 24652)
(174, 76, 99907)
(174, 140, 26084)
(174, 7, 93364)
(174, 19, 90776)
(174, 114, 8838)
(174, 30, 96838)
(174, 99, 14536)
(174, 12, 83576)
(174, 100, 49313)
(174, 156, 69783)
(174, 153, 58178)
(174, 64, 71997)
(174, 164, 21078)
(174, 105, 29285)
(174, 89, 32616)
(174, 71, 10391)
(174, 21, 87901)
(175, 90, 40105)
(175, 55, 92822)
(175, 12, 38673)
(175, 172, 60379)
(175, 11, 76539)
(175, 21, 27626)
(175, 166, 90822)
(175, 66, 76867)
(175, 31, 25005)
(175, 171, 76134)
(175, 137, 1973)
(175, 114, 47257)
(175, 78, 16434)
(175, 115, 18605)
(175, 135, 47565)
(175, 69, 91117)
(175, 101, 23654)
(175, 72, 76419)
(175, 57, 56506)
(175, 123, 9146)
(175, 24, 83552)
(175, 16, 27275)
(175, 22, 74805)
(175, 138, 96806)
(175, 18, 54013)
(175, 153, 15835)
(175, 73, 91047)
(175, 80, 19573)
(175, 157, 35378)
(175, 113, 20471)
(175, 65, 51246)
(175, 147, 35395)
(175, 54, 68926)
(175, 2, 16782)
(175, 89, 21026)
(175, 119, 28796)
(175, 128, 55277)
(175, 154, 16989)
(175, 0, 27266)
(175, 100, 58031)
(175, 117, 88651)
(175, 62, 28790)
(175, 87, 11245)
(175, 46, 77176)
(175, 130, 31439)
(175, 124, 50449)
(175, 174, 16866)
(175, 77, 48911)
(175, 132, 23681)
(175, 173, 49820)
(175, 42, 96687)
(175, 116, 80392)
(175, 95, 23547)
(175, 109, 83959)
(175, 126, 59641)
(175, 43, 48545)
(175, 30, 24820)
(175, 39, 43955)
(175, 142, 57402)
(175, 84, 79427)
(175, 5, 27031)
(175, 34, 20294)
(175, 20, 99282)
(175, 133, 98249)
(175, 4, 41765)
(175, 165, 88989)
(175, 143, 94924)
(175, 125, 59850)
(175, 146, 81560)
(175, 102, 77925)
(175, 145, 64270)
(175, 1, 15113)
(175, 3, 96609)
(175, 27, 27445)
(175, 23, 71087)
(175, 10, 7313)
(175, 167, 39920)
(175, 52, 77421)
(175, 92, 20810)
(175, 41, 78128)
(175, 141, 3123)
(175, 121, 97783)
(175, 91, 18406)
(175, 159, 35968)
(175, 104, 95687)
(175, 61, 85289)
(175, 38, 73190)
(175, 110, 3177)
(175, 44, 44449)
(175, 144, 83064)
(175, 162, 53922)
(175, 161, 26289)
(175, 53, 28603)
(175, 105, 44856)
(175, 131, 88475)
(175, 81, 27441)
(175, 70, 75543)
(175, 17, 19817)
(175, 169, 39891)
(175, 29, 90664)
(175, 103, 14375)
(175, 160, 93357)
(175, 88, 73467)
(175, 96, 33054)
(175, 82, 62146)
(175, 151, 73964)
(175, 58, 5733)
(175, 74, 100246)
(175, 149, 81219)
(175, 156, 90932)
(175, 134, 84658)
(176, 60, 44057)
(176, 34, 26102)
(176, 97, 55056)
(176, 21, 90045)
(176, 121, 81501)
(176, 173, 65826)
(176, 25, 74865)
(176, 129, 86839)
(176, 48, 35092)
(176, 54, 23382)
(176, 55, 62104)
(176, 94, 25939)
(176, 16, 2925)
(176, 119, 84678)
(176, 0, 28491)
(176, 19, 19055)
(176, 120, 64971)
(176, 44, 30084)
(176, 46, 89678)
(176, 38, 66892)
(176, 134, 64953)
(176, 13, 27610)
(176, 6, 8131)
(176, 87, 91819)
(176, 153, 26027)
(176, 168, 34001)
(176, 35, 83009)
(176, 18, 64682)
(176, 101, 39414)
(176, 78, 80120)
(176, 90, 36145)
(176, 105, 96755)
(176, 56, 58549)
(176, 68, 59851)
(176, 59, 73327)
(176, 113, 10119)
(176, 117, 85859)
(176, 91, 62204)
(176, 29, 23649)
(176, 65, 71910)
(176, 159, 47079)
(176, 93, 59759)
(176, 5, 61165)
(176, 160, 74323)
(176, 50, 43689)
(176, 53, 25509)
(176, 169, 71953)
(176, 57, 85139)
(176, 122, 21042)
(176, 89, 538)
(176, 22, 42542)
(176, 146, 66186)
(176, 107, 37420)
(176, 131, 38174)
(176, 67, 12495)
(176, 39, 91883)
(176, 45, 45014)
(176, 36, 85203)
(176, 23, 19030)
(176, 31, 10995)
(176, 136, 65945)
(176, 124, 80454)
(176, 155, 91517)
(176, 147, 4510)
(176, 42, 27409)
(176, 108, 50842)
(177, 68, 96591)
(177, 144, 76306)
(177, 32, 4165)
(177, 99, 34116)
(177, 133, 32380)
(177, 46, 73241)
(177, 139, 94063)
(177, 62, 5286)
(177, 66, 99088)
(177, 169, 11965)
(177, 16, 75756)
(177, 54, 44960)
(177, 55, 22368)
(177, 4, 79688)
(177, 172, 12521)
(177, 155, 26008)
(177, 56, 97603)
(177, 37, 98889)
(177, 14, 45899)
(177, 91, 15609)
(177, 20, 17098)
(177, 60, 42234)
(177, 8, 25440)
(177, 2, 97741)
(177, 35, 3573)
(177, 50, 84348)
(177, 159, 28437)
(177, 39, 10047)
(177, 173, 28310)
(177, 150, 43199)
(177, 152, 25953)
(177, 65, 16408)
(177, 95, 63866)
(177, 43, 55849)
(177, 74, 68788)
(177, 106, 74391)
(177, 163, 67879)
(178, 53, 10135)
(178, 61, 77835)
(178, 24, 29038)
(178, 54, 37868)
(178, 14, 95797)
(178, 147, 87986)
(178, 146, 41313)
(178, 48, 33899)
(178, 68, 80177)
(178, 83, 34973)
(178, 44, 2351)
(178, 36, 89779)
(178, 89, 5693)
(178, 42, 73337)
(178, 41, 49746)
(178, 155, 42603)
(178, 102, 47133)
(178, 174, 16132)
(178, 75, 90398)
(178, 34, 2037)
(178, 101, 82785)
(178, 159, 35946)
(178, 144, 20955)
(178, 15, 47540)
(178, 85, 27609)
(178, 129, 56053)
(178, 111, 40735)
(178, 119, 16139)
(178, 38, 93325)
(178, 163, 13908)
(178, 110, 37236)
(178, 21, 100204)
(178, 166, 20316)
(178, 117, 35750)
(178, 149, 5491)
(178, 32, 97213)
(178, 81, 18798)
(178, 6, 93110)
(178, 125, 44349)
(178, 39, 25254)
(178, 25, 42120)
(178, 175, 13507)
(178, 13, 96385)
(178, 86, 79474)
(178, 64, 62765)
(178, 124, 82430)
(178, 176, 37825)
(178, 128, 97038)
(178, 55, 78140)
(178, 126, 72824)
(178, 62, 1285)
(178, 116, 74914)
(178, 12, 67088)
(178, 145, 20997)
(178, 140, 86423)
(178, 171, 46369)
(178, 120, 1172)
(178, 9, 35688)
(178, 33, 80604)
(178, 139, 26188)
(178, 26, 85533)
(178, 168, 45039)
(178, 151, 80217)
(178, 77, 93523)
(178, 99, 12203)
(178, 154, 49533)
(178, 51, 89792)
(178, 164, 70155)
(178, 123, 7557)
(178, 103, 30220)
(178, 79, 81638)
(178, 177, 23482)
(178, 158, 93025)
(178, 160, 74672)
(178, 137, 38414)
(178, 27, 22293)
(178, 132, 64550)
(178, 122, 24343)
(179, 118, 25297)
(179, 62, 19194)
(179, 175, 95950)
(179, 177, 66697)
(179, 55, 73599)
(179, 48, 23613)
(179, 143, 41043)
(179, 165, 53019)
(179, 92, 57873)
(179, 97, 64840)
(179, 166, 72312)
(179, 124, 83736)
(179, 138, 39862)
(179, 66, 36644)
(179, 102, 84659)
(179, 32, 83577)
(179, 10, 2973)
(179, 171, 56565)
(179, 69, 15821)
(179, 40, 62996)
(179, 5, 34883)
(179, 3, 13807)
(179, 41, 4161)
(179, 164, 11454)
(179, 169, 15240)
(179, 162, 85858)
(179, 126, 55235)
(179, 86, 67262)
(179, 158, 35542)
(179, 140, 95542)
(179, 146, 20372)
(179, 31, 62553)
(179, 167, 19136)
(179, 111, 38703)
(179, 176, 35108)
(179, 90, 2324)
(179, 49, 2338)
(179, 155, 67351)
(179, 6, 67473)
(179, 71, 63731)
(179, 83, 20249)
(179, 123, 80855)
(179, 34, 43335)
(179, 133, 51134)
(179, 103, 4370)
(180, 82, 76545)
(180, 3, 13468)
(180, 86, 19899)
(180, 169, 78624)
(180, 176, 18352)
(180, 47, 38183)
(180, 137, 89499)
(180, 57, 29956)
(180, 61, 80344)
(180, 104, 22618)
(180, 28, 10530)
(180, 113, 45127)
(180, 130, 29713)
(180, 155, 32560)
(180, 49, 89610)
(180, 119, 4611)
(180, 38, 58562)
(180, 136, 65550)
(180, 127, 44273)
(180, 63, 96916)
(180, 106, 29845)
(180, 66, 64581)
(180, 91, 96567)
(180, 23, 76675)
(180, 4, 98067)
(180, 48, 97458)
(180, 89, 24821)
(180, 103, 86386)
(180, 37, 90168)
(180, 1, 68241)
(180, 69, 28272)
(180, 2, 87276)
(180, 135, 16392)
(180, 110, 2976)
(180, 77, 52698)
(180, 6, 13547)
(180, 131, 36936)
(180, 129, 1572)
(180, 84, 48378)
(180, 168, 57752)
(180, 26, 99399)
(180, 123, 40251)
(180, 139, 33594)
(180, 55, 19998)
(180, 109, 17246)
(180, 27, 3208)
(180, 112, 32150)
(180, 68, 50875)
(180, 142, 79566)
(180, 7, 75571)
(180, 172, 94637)
(180, 99, 49904)
(180, 29, 51230)
(180, 164, 70264)
(180, 150, 43726)
(180, 165, 57837)
(180, 147, 14232)
(180, 8, 42243)
(180, 70, 99448)
(180, 93, 80992)
(180, 75, 60267)
(180, 78, 57110)
(180, 51, 9419)
(180, 141, 78967)
(180, 170, 28219)
(180, 54, 19756)
(181, 49, 56880)
(181, 165, 72068)
(181, 170, 16929)
(181, 180, 65579)
(181, 50, 65986)
(181, 17, 59044)
(181, 136, 29875)
(181, 104, 95055)
(181, 65, 46016)
(181, 114, 1166)
(181, 111, 71846)
(181, 66, 27330)
(181, 152, 51337)
(181, 38, 41212)
(181, 67, 8744)
(181, 52, 26956)
(181, 77, 8759)
(181, 16, 36920)
(181, 176, 66890)
(181, 131, 1651)
(181, 163, 85152)
(181, 8, 83097)
(181, 137, 55937)
(181, 75, 44907)
(181, 150, 74524)
(181, 129, 45791)
(181, 130, 8895)
(181, 90, 18529)
(181, 10, 74246)
(181, 141, 23559)
(181, 91, 3013)
(181, 34, 92720)
(181, 30, 18844)
(181, 76, 22668)
(181, 23, 88612)
(181, 64, 87060)
(181, 168, 84957)
(181, 89, 9914)
(182, 70, 75226)
(182, 122, 68132)
(182, 102, 44180)
(182, 68, 16613)
(182, 138, 53757)
(182, 160, 95582)
(182, 60, 89580)
(182, 107, 80731)
(182, 132, 67576)
(182, 3, 63301)
(182, 119, 26691)
(182, 105, 30113)
(182, 159, 86585)
(182, 19, 46570)
(182, 112, 2834)
(182, 91, 19345)
(182, 42, 49759)
(182, 18, 15078)
(182, 133, 78549)
(182, 108, 20477)
(182, 124, 15242)
(182, 169, 79854)
(182, 75, 90017)
(182, 8, 88629)
(182, 43, 49550)
(182, 11, 81366)
(182, 34, 24826)
(182, 47, 47443)
(182, 180, 39401)
(182, 144, 4436)
(182, 136, 9833)
(182, 50, 84504)
(182, 44, 3909)
(182, 54, 91262)
(182, 127, 10140)
(182, 12, 96731)
(182, 174, 71748)
(182, 126, 84622)
(182, 84, 66115)
(182, 120, 20969)
(182, 116, 39569)
(182, 93, 88025)
(182, 101, 93350)
(182, 172, 87797)
(182, 69, 95531)
(182, 80, 94307)
(182, 165, 16619)
(182, 5, 23644)
(182, 121, 19255)
(182, 149, 51304)
(182, 154, 50127)
(182, 62, 27595)
(182, 151, 82825)
(182, 64, 61617)
(182, 56, 99162)
(182, 57, 36673)
(182, 157, 90561)
(182, 7, 78560)
(182, 167, 10622)
(182, 95, 10636)
(182, 58, 93189)
(182, 24, 81033)
(182, 59, 28751)
(182, 38, 80148)
(182, 166, 31736)
(182, 53, 97342)
(182, 35, 75429)
(182, 114, 53133)
(182, 48, 31184)
(182, 86, 5865)
(183, 56, 44545)
(183, 55, 17303)
(183, 14, 14899)
(183, 33, 53045)
(183, 130, 52607)
(183, 179, 37133)
(183, 129, 27512)
(183, 91, 3072)
(183, 167, 2136)
(183, 180, 10974)
(183, 138, 11489)
(183, 116, 23483)
(183, 64, 61675)
(183, 86, 25038)
(183, 104, 8797)
(183, 181, 43339)
(183, 89, 22750)
(183, 63, 59988)
(183, 123, 89453)
(183, 160, 21217)
(183, 87, 85995)
(183, 11, 28198)
(183, 0, 73840)
(183, 71, 23168)
(183, 15, 37731)
(183, 70, 94364)
(183, 126, 15291)
(183, 36, 74233)
(183, 13, 1563)
(183, 105, 39870)
(183, 47, 94738)
(183, 1, 57243)
(183, 101, 43129)
(183, 113, 71984)
(183, 172, 78647)
(183, 18, 53517)
(183, 25, 65457)
(183, 163, 73275)
(183, 72, 72147)
(183, 151, 38378)
(183, 41, 91214)
(183, 82, 49158)
(183, 150, 97748)
(183, 140, 47026)
(183, 135, 49244)
(183, 92, 88163)
(183, 85, 47474)
(183, 23, 44790)
(183, 133, 77104)
(183, 94, 38555)
(183, 5, 12424)
(183, 168, 3988)
(183, 99, 42246)
(183, 124, 57279)
(183, 68, 43743)
(183, 102, 16523)
(183, 139, 88858)
(183, 69, 85727)
(183, 119, 29253)
(183, 65, 80101)
(183, 57, 18808)
(183, 43, 30728)
(183, 30, 50064)
(183, 79, 77283)
(183, 76, 32294)
(183, 4, 30752)
(183, 12, 49778)
(183, 97, 16157)
(183, 19, 52582)
(183, 144, 24552)
(183, 84, 30303)
(183, 34, 67514)
(183, 152, 44163)
(183, 35, 3725)
(183, 161, 38100)
(183, 109, 81590)
(183, 46, 90569)
(183, 40, 18151)
(183, 117, 11313)
(183, 24, 25285)
(183, 141, 27949)
(183, 175, 62989)
(183, 157, 47069)
(183, 66, 42285)
(183, 21, 58539)
(183, 8, 55274)
(183, 22, 60233)
(183, 48, 39960)
(183, 3, 48265)
(183, 58, 67435)
(183, 178, 67180)
(183, 52, 18499)
(183, 95, 76363)
(183, 177, 48988)
(183, 147, 53438)
(183, 16, 50487)
(183, 53, 38338)
(183, 114, 91733)
(183, 50, 66502)
(183, 6, 97568)
(183, 108, 91776)
(183, 111, 98293)
(183, 96, 62595)
(183, 166, 69345)
(183, 128, 36347)
(183, 118, 35725)
(183, 45, 50410)
(183, 169, 22405)
(183, 173, 359)
(183, 164, 68459)
(183, 60, 90241)
(183, 158, 68767)
(183, 174, 53610)
(183, 154, 1850)
(183, 142, 19091)
(183, 136, 36851)
(183, 98, 21737)
(183, 9, 57261)
(183, 44, 74585)
(183, 77, 19088)
(183, 155, 74007)
(183, 146, 79140)
(183, 28, 82017)
(183, 137, 54658)
(183, 75, 73584)
(183, 37, 70794)
(183, 103, 75471)
(184, 129, 87814)
(184, 127, 60246)
(184, 123, 76163)
(184, 31, 43807)
(184, 163, 1485)
(184, 130, 38235)
(184, 52, 63087)
(184, 24, 13412)
(184, 32, 54775)
(184, 109, 50140)
(184, 137, 57481)
(184, 164, 10950)
(184, 104, 92760)
(184, 74, 1333)
(184, 75, 78275)
(184, 21, 79052)
(184, 103, 27472)
(184, 60, 9774)
(184, 154, 73314)
(184, 181, 82818)
(184, 116, 30176)
(184, 44, 66541)
(184, 156, 19868)
(184, 85, 21113)
(184, 111, 18090)
(184, 142, 37352)
(184, 159, 37747)
(184, 172, 56118)
(184, 54, 85004)
(184, 20, 63975)
(184, 80, 52537)
(184, 89, 78389)
(184, 50, 33039)
(184, 179, 12922)
(184, 145, 81523)
(184, 128, 98786)
(184, 107, 95102)
(184, 67, 646)
(184, 149, 44172)
(184, 40, 48383)
(184, 19, 45951)
(184, 3, 57556)
(184, 5, 73587)
(184, 42, 36802)
(184, 169, 31614)
(184, 139, 2632)
(184, 34, 68190)
(184, 22, 45069)
(184, 121, 23312)
(184, 68, 62688)
(184, 99, 56797)
(184, 138, 99031)
(184, 90, 6654)
(184, 16, 52987)
(184, 38, 32839)
(184, 78, 62705)
(184, 83, 57114)
(184, 119, 24603)
(184, 160, 39301)
(184, 105, 71646)
(184, 49, 26625)
(184, 106, 85577)
(184, 140, 61387)
(184, 58, 9691)
(184, 77, 48465)
(184, 86, 27010)
(184, 55, 78018)
(184, 73, 32484)
(184, 17, 21779)
(184, 91, 99786)
(185, 59, 24023)
(185, 122, 78443)
(185, 23, 95757)
(185, 147, 100107)
(185, 82, 8017)
(185, 80, 50477)
(185, 183, 52585)
(185, 128, 51596)
(185, 39, 69651)
(185, 54, 40245)
(185, 34, 49785)
(185, 60, 47951)
(185, 142, 76390)
(185, 106, 40642)
(185, 48, 7662)
(185, 107, 44213)
(185, 154, 34127)
(185, 69, 38852)
(185, 53, 20514)
(185, 57, 90851)
(185, 18, 72858)
(185, 32, 99852)
(185, 123, 21535)
(185, 113, 46520)
(185, 98, 87380)
(185, 168, 58812)
(185, 28, 25358)
(185, 9, 92611)
(185, 40, 67009)
(185, 33, 63712)
(185, 16, 11222)
(185, 83, 43221)
(185, 165, 27130)
(185, 49, 87990)
(185, 116, 69777)
(185, 63, 50346)
(185, 74, 85804)
(185, 29, 27515)
(185, 177, 49700)
(185, 58, 32063)
(185, 1, 91876)
(185, 180, 94320)
(186, 119, 39966)
(186, 16, 75014)
(186, 45, 65480)
(186, 58, 69705)
(186, 7, 20850)
(186, 40, 86239)
(186, 17, 88528)
(186, 88, 6052)
(186, 176, 62642)
(186, 68, 5982)
(186, 79, 8786)
(186, 57, 80046)
(186, 18, 12957)
(186, 84, 1448)
(186, 137, 86678)
(186, 73, 46860)
(186, 112, 11718)
(186, 93, 46273)
(186, 23, 92000)
(186, 54, 56334)
(186, 143, 58429)
(186, 141, 58047)
(186, 161, 35468)
(186, 47, 63645)
(186, 98, 28638)
(186, 102, 4241)
(186, 38, 68712)
(186, 50, 55440)
(186, 77, 93846)
(186, 14, 64169)
(186, 60, 85243)
(186, 31, 343)
(186, 127, 98017)
(186, 19, 35038)
(186, 37, 97053)
(186, 156, 50400)
(186, 170, 36480)
(186, 151, 35661)
(186, 144, 59954)
(186, 109, 50184)
(186, 85, 15896)
(186, 72, 19935)
(186, 114, 98074)
(186, 168, 5021)
(186, 44, 31678)
(186, 124, 1214)
(186, 48, 35628)
(186, 46, 23757)
(186, 107, 20198)
(186, 10, 63357)
(186, 149, 31489)
(186, 129, 22907)
(186, 43, 99546)
(186, 167, 92905)
(186, 158, 82043)
(186, 82, 64976)
(186, 139, 40344)
(186, 75, 83046)
(186, 22, 57360)
(186, 147, 12175)
(186, 15, 17437)
(186, 9, 56621)
(186, 33, 361)
(186, 21, 10981)
(186, 181, 12491)
(186, 155, 2849)
(186, 63, 63276)
(186, 2, 17298)
(186, 28, 67073)
(186, 126, 70022)
(186, 59, 90323)
(186, 134, 61115)
(186, 35, 36084)
(186, 55, 23812)
(186, 132, 65251)
(186, 108, 13003)
(186, 164, 53289)
(186, 67, 73035)
(186, 99, 13323)
(186, 97, 74149)
(186, 152, 39686)
(186, 157, 51601)
(186, 110, 93836)
(186, 56, 88398)
(186, 122, 55790)
(186, 182, 73787)
(186, 51, 51011)
(186, 138, 73045)
(186, 34, 35695)
(186, 5, 16359)
(186, 74, 21035)
(186, 105, 98170)
(186, 87, 83374)
(186, 131, 72248)
(186, 140, 40386)
(186, 86, 66519)
(186, 20, 49262)
(186, 52, 57244)
(186, 70, 85808)
(186, 121, 100028)
(186, 65, 94985)
(186, 118, 98759)
(186, 8, 54220)
(186, 92, 40648)
(186, 49, 92130)
(186, 24, 54378)
(186, 125, 37894)
(186, 3, 47755)
(186, 128, 24138)
(186, 66, 31636)
(186, 53, 7806)
(186, 95, 17363)
(186, 177, 67424)
(186, 123, 1315)
(186, 96, 64380)
(186, 64, 16522)
(186, 120, 82065)
(186, 4, 89316)
(186, 36, 13055)
(186, 162, 54698)
(186, 179, 36735)
(186, 71, 19735)
(186, 6, 86487)
(186, 32, 70976)
(186, 116, 13328)
(186, 146, 46373)
(186, 115, 3490)
(186, 78, 70025)
(186, 175, 39144)
(186, 185, 90723)
(186, 12, 81169)
(186, 80, 21112)
(186, 180, 1585)
(186, 11, 35887)
(186, 135, 14087)
(186, 42, 14585)
(186, 62, 29531)
(186, 150, 15128)
(186, 94, 23617)
(186, 30, 10326)
(186, 183, 13896)
(186, 41, 96039)
(186, 169, 74791)
(186, 27, 51908)
(186, 130, 29718)
(186, 113, 7371)
(186, 117, 56232)
(186, 91, 45286)
(186, 69, 64008)
(186, 106, 82708)
(186, 165, 31855)
(186, 172, 56524)
(186, 136, 8258)
(186, 174, 26056)
(186, 171, 9245)
(186, 0, 66061)
(186, 90, 24610)
(186, 1, 12350)
(186, 145, 50335)
(186, 111, 53032)
(186, 29, 32999)
(186, 61, 67757)
(186, 25, 54812)
(186, 142, 51193)
(186, 159, 73695)
(186, 184, 73932)
(186, 133, 84103)
(186, 100, 94241)
(186, 76, 82575)
(186, 81, 78750)
(186, 153, 74315)
(186, 83, 65988)
(186, 166, 55092)
(186, 26, 87674)
(186, 163, 7322)
(186, 148, 80298)
(186, 101, 36285)
(186, 173, 96269)
(186, 39, 172)
(186, 154, 69543)
(186, 178, 92210)
(186, 160, 62819)
(186, 13, 78066)
(186, 89, 90787)
(186, 103, 57357)
(186, 104, 28052)
(187, 172, 61813)
(187, 165, 27244)
(187, 49, 29745)
(187, 15, 100176)
(187, 108, 15132)
(187, 7, 51789)
(187, 168, 61460)
(187, 14, 88619)
(187, 169, 40549)
(187, 152, 51206)
(187, 75, 69201)
(187, 119, 19966)
(187, 164, 65610)
(187, 2, 69631)
(187, 62, 89036)
(187, 100, 83396)
(187, 128, 6551)
(187, 48, 76758)
(187, 106, 84280)
(187, 68, 82336)
(187, 32, 1351)
(187, 74, 72777)
(187, 137, 67238)
(187, 139, 33289)
(187, 21, 91492)
(187, 162, 35370)
(187, 46, 86739)
(187, 95, 9524)
(187, 28, 14229)
(187, 17, 3203)
(187, 59, 13753)
(187, 63, 61931)
(187, 182, 60500)
(187, 1, 30910)
(187, 20, 13802)
(187, 176, 60880)
(187, 67, 79828)
(187, 146, 32549)
(187, 171, 93310)
(187, 64, 51744)
(187, 151, 78245)
(187, 60, 31409)
(187, 44, 8384)
(187, 72, 28717)
(187, 84, 3896)
(187, 122, 25985)
(187, 52, 16047)
(187, 140, 48987)
(187, 98, 4619)
(187, 185, 22848)
(187, 143, 5147)
(187, 57, 27417)
(187, 167, 6183)
(187, 33, 35178)
(187, 76, 58542)
(187, 79, 58302)
(187, 126, 46443)
(187, 8, 97422)
(187, 131, 12677)
(187, 117, 17909)
(187, 159, 23340)
(187, 142, 26333)
(187, 141, 88992)
(187, 120, 38872)
(187, 173, 27201)
(187, 138, 25650)
(187, 153, 49005)
(187, 41, 45793)
(187, 55, 47139)
(187, 16, 56835)
(187, 58, 11181)
(187, 123, 94760)
(187, 89, 13262)
(187, 116, 9024)
(187, 175, 12117)
(187, 158, 50312)
(187, 53, 99548)
(187, 155, 35126)
(187, 181, 80798)
(187, 73, 48781)
(187, 38, 48159)
(187, 6, 61416)
(187, 10, 2591)
(187, 150, 79661)
(187, 40, 93283)
(187, 47, 71884)
(187, 133, 52199)
(187, 86, 63710)
(187, 3, 10542)
(187, 180, 74918)
(187, 102, 29435)
(187, 92, 84707)
(187, 82, 44252)
(187, 50, 35485)
(187, 127, 67393)
(187, 23, 92763)
(187, 78, 71040)
(187, 65, 90521)
(187, 83, 43187)
(187, 22, 73731)
(187, 70, 13200)
(187, 112, 43778)
(187, 166, 26283)
(187, 29, 81903)
(187, 94, 50960)
(187, 111, 75994)
(187, 54, 19723)
(187, 27, 21657)
(187, 99, 76153)
(187, 148, 84242)
(187, 37, 76585)
(187, 87, 34102)
(187, 80, 50828)
(187, 105, 79950)
(187, 5, 5267)
(187, 18, 25659)
(187, 178, 5680)
(187, 170, 47153)
(187, 145, 98899)
(187, 161, 73913)
(187, 35, 2978)
(187, 9, 33116)
(187, 115, 31582)
(187, 51, 31414)
(187, 13, 23730)
(187, 42, 52054)
(187, 4, 34459)
(187, 157, 19037)
(187, 147, 37575)
(187, 136, 35095)
(187, 149, 39309)
(187, 69, 92921)
(187, 129, 89407)
(187, 174, 36230)
(187, 71, 51175)
(187, 85, 53102)
(187, 90, 31755)
(187, 177, 58641)
(187, 104, 63964)
(187, 154, 7929)
(187, 88, 23766)
(187, 30, 11227)
(187, 160, 13817)
(187, 19, 64549)
(187, 39, 90500)
(187, 11, 29442)
(187, 124, 51976)
(187, 110, 100114)
(187, 103, 55382)
(187, 36, 43115)
(187, 31, 423)
(187, 114, 44931)
(187, 109, 79327)
(187, 96, 45873)
(187, 101, 99062)
(187, 163, 25984)
(187, 34, 30621)
(187, 81, 81044)
(187, 118, 4570)
(187, 25, 32781)
(187, 184, 73036)
(187, 12, 77992)
(187, 125, 99265)
(187, 97, 66585)
(187, 56, 66144)
(187, 93, 82077)
(187, 107, 1004)
(187, 91, 68345)
(187, 24, 35637)
(187, 121, 35278)
(187, 61, 46419)
(187, 132, 4908)
(187, 43, 46236)
(187, 144, 59520)
(187, 66, 94582)
(187, 0, 53112)
(187, 134, 8802)
(187, 183, 519)
(187, 186, 36567)
(187, 179, 65784)
(187, 130, 71607)
(187, 77, 11130)
(187, 26, 57962)
(187, 156, 77512)
(187, 45, 62140)
(188, 33, 6480)
(188, 85, 62693)
(188, 47, 80936)
(188, 90, 70572)
(188, 117, 30723)
(188, 60, 40337)
(188, 31, 54763)
(188, 157, 16244)
(188, 66, 49235)
(188, 34, 47479)
(188, 88, 29360)
(188, 137, 32096)
(188, 175, 78480)
(188, 122, 39884)
(188, 170, 28131)
(188, 143, 41796)
(188, 97, 47339)
(188, 174, 4005)
(188, 36, 88437)
(188, 30, 75314)
(188, 63, 7167)
(188, 127, 64388)
(188, 140, 32828)
(188, 154, 78413)
(188, 52, 38760)
(188, 165, 73905)
(188, 13, 70958)
(188, 48, 21847)
(188, 19, 97278)
(188, 43, 95246)
(188, 89, 98679)
(188, 168, 2135)
(188, 172, 66333)
(188, 12, 26603)
(188, 109, 28571)
(188, 94, 99672)
(188, 173, 7132)
(188, 135, 91766)
(188, 101, 16201)
(188, 4, 75367)
(188, 7, 81919)
(188, 156, 92734)
(188, 184, 25972)
(188, 141, 49131)
(188, 46, 37636)
(188, 110, 46560)
(188, 153, 44930)
(188, 144, 76388)
(189, 180, 82500)
(189, 118, 88912)
(189, 106, 25271)
(189, 25, 58697)
(189, 51, 22339)
(189, 88, 24847)
(189, 50, 92991)
(189, 117, 60861)
(189, 175, 52651)
(189, 116, 68380)
(189, 123, 8596)
(189, 94, 63062)
(190, 48, 5892)
(190, 178, 33268)
(190, 11, 53052)
(190, 119, 53248)
(190, 185, 9148)
(190, 0, 69958)
(190, 66, 99165)
(190, 2, 84722)
(190, 96, 9571)
(190, 150, 72904)
(190, 93, 85642)
(190, 69, 2234)
(190, 83, 66701)
(190, 14, 98986)
(190, 133, 70382)
(190, 37, 33844)
(190, 183, 81203)
(190, 74, 44208)
(190, 153, 52001)
(190, 99, 86757)
(190, 41, 34617)
(190, 70, 89117)
(190, 152, 7672)
(190, 50, 67039)
(190, 62, 48989)
(190, 9, 59940)
(190, 90, 36419)
(190, 21, 14975)
(190, 137, 17069)
(190, 146, 56491)
(190, 40, 64691)
(190, 68, 83287)
(190, 189, 4730)
(190, 3, 37600)
(190, 164, 23835)
(190, 181, 47762)
(190, 176, 39410)
(190, 127, 31480)
(190, 67, 49412)
(190, 78, 36870)
(190, 103, 19931)
(190, 159, 61682)
(190, 1, 37039)
(190, 156, 27665)
(190, 36, 38859)
(190, 51, 19129)
(190, 151, 18360)
(190, 32, 65725)
(190, 186, 37398)
(190, 132, 43137)
(190, 35, 87345)
(190, 140, 45425)
(190, 13, 2431)
(190, 57, 2104)
(190, 149, 2150)
(190, 64, 79636)
(190, 81, 97050)
(190, 157, 62231)
(190, 144, 7271)
(190, 73, 64356)
(190, 27, 63345)
(190, 163, 46866)
(190, 131, 49037)
(190, 53, 51830)
(190, 60, 45393)
(190, 25, 36932)
(190, 168, 60647)
(190, 61, 47217)
(190, 46, 5049)
(190, 161, 54891)
(190, 5, 31561)
(190, 100, 72971)
(190, 71, 7785)
(190, 24, 5000)
(190, 86, 30567)
(190, 141, 57444)
(190, 125, 88773)
(190, 58, 50822)
(190, 29, 61716)
(190, 7, 20079)
(190, 98, 50707)
(190, 143, 65000)
(190, 154, 57372)
(190, 180, 82640)
(190, 136, 97054)
(190, 8, 79729)
(190, 167, 95452)
(190, 145, 20519)
(190, 49, 35656)
(190, 160, 53491)
(190, 79, 84153)
(190, 128, 17297)
(190, 4, 60228)
(190, 173, 5729)
(190, 95, 91309)
(190, 28, 2561)
(190, 88, 91289)
(190, 30, 7286)
(190, 135, 64204)
(190, 122, 48982)
(190, 63, 17515)
(190, 23, 35322)
(190, 82, 60017)
(190, 111, 10954)
(190, 101, 99013)
(190, 115, 63538)
(190, 80, 60049)
(190, 18, 98777)
(190, 22, 51575)
(190, 87, 92135)
(190, 31, 3364)
(190, 120, 94334)
(190, 55, 53920)
(190, 65, 39679)
(190, 123, 87736)
(190, 56, 51853)
(190, 116, 59909)
(190, 171, 23514)
(190, 129, 84102)
(190, 26, 43866)
(190, 147, 33700)
(191, 101, 36022)
(191, 19, 3653)
(191, 51, 56140)
(191, 7, 77218)
(191, 45, 43083)
(191, 26, 63017)
(191, 162, 30082)
(191, 13, 76998)
(191, 88, 87102)
(191, 150, 38527)
(191, 55, 27384)
(191, 108, 60302)
(191, 22, 1550)
(191, 121, 58701)
(191, 8, 98497)
(191, 133, 48967)
(191, 70, 35773)
(191, 131, 73319)
(191, 81, 28459)
(191, 99, 37878)
(191, 76, 34647)
(191, 71, 88740)
(191, 102, 45661)
(191, 130, 78694)
(191, 138, 45727)
(191, 68, 70790)
(191, 123, 930)
(191, 189, 71036)
(191, 107, 80963)
(191, 23, 30760)
(191, 161, 32395)
(191, 111, 63414)
(191, 178, 84170)
(191, 85, 37178)
(191, 52, 80903)
(191, 160, 26361)
(191, 173, 2625)
(191, 187, 15030)
(191, 103, 16039)
(191, 80, 37238)
(191, 12, 73952)
(191, 25, 26601)
(191, 82, 88451)
(191, 152, 66191)
(191, 58, 33606)
(191, 46, 25154)
(191, 79, 3454)
(191, 117, 22377)
(191, 86, 67106)
(191, 59, 56229)
(191, 65, 3198)
(191, 16, 14170)
(191, 84, 97017)
(191, 96, 8194)
(191, 135, 74138)
(191, 53, 31315)
(191, 129, 21331)
(191, 190, 37351)
(191, 163, 56685)
(191, 87, 87836)
(191, 2, 79089)
(191, 9, 52753)
(192, 111, 6883)
(192, 30, 39192)
(192, 78, 96500)
(192, 1, 17708)
(192, 129, 60734)
(192, 158, 67510)
(192, 149, 27971)
(192, 107, 6005)
(192, 130, 85934)
(192, 183, 77114)
(192, 121, 46723)
(192, 161, 74092)
(192, 57, 99417)
(192, 21, 11745)
(192, 95, 48913)
(192, 157, 53674)
(192, 162, 70366)
(192, 13, 34362)
(192, 62, 62893)
(192, 40, 97451)
(192, 52, 14804)
(192, 25, 2633)
(192, 169, 67249)
(192, 87, 95953)
(192, 28, 59530)
(192, 152, 18177)
(192, 135, 45371)
(192, 48, 92900)
(192, 145, 90055)
(192, 12, 77582)
(192, 33, 93493)
(192, 184, 23334)
(192, 165, 94828)
(192, 99, 51823)
(192, 89, 29521)
(192, 83, 47886)
(192, 123, 48956)
(192, 72, 83675)
(192, 112, 500)
(192, 63, 25589)
(192, 54, 99560)
(192, 104, 80751)
(192, 127, 100052)
(192, 181, 82476)
(192, 91, 47076)
(192, 4, 5876)
(192, 108, 35181)
(192, 61, 81009)
(192, 75, 1389)
(192, 176, 57479)
(192, 189, 49021)
(192, 10, 36806)
(192, 36, 89091)
(192, 160, 29179)
(192, 141, 88683)
(192, 154, 1464)
(192, 3, 31895)
(192, 56, 23533)
(192, 92, 42062)
(192, 114, 23336)
(192, 173, 76387)
(192, 0, 42325)
(192, 32, 27940)
(192, 66, 89790)
(192, 191, 5839)
(192, 105, 97110)
(192, 126, 74912)
(192, 18, 53870)
(192, 175, 14881)
(192, 116, 29069)
(192, 132, 76003)
(192, 82, 6569)
(192, 74, 19268)
(192, 77, 62894)
(192, 97, 15385)
(192, 46, 6113)
(192, 178, 77483)
(192, 153, 52718)
(192, 138, 79675)
(192, 166, 16681)
(192, 134, 43295)
(192, 14, 83142)
(192, 118, 36888)
(192, 27, 15902)
(192, 58, 78150)
(192, 19, 65122)
(192, 45, 20546)
(192, 170, 72139)
(192, 100, 9669)
(192, 171, 34352)
(192, 55, 75637)
(192, 110, 82527)
(192, 11, 9556)
(192, 24, 33526)
(192, 101, 304)
(192, 69, 66805)
(192, 16, 65459)
(192, 119, 68717)
(192, 5, 74668)
(192, 42, 60594)
(192, 120, 44883)
(192, 65, 16755)
(192, 29, 67499)
(192, 79, 17268)
(192, 151, 63396)
(192, 137, 64704)
(192, 93, 11696)
(192, 43, 8917)
(192, 102, 14302)
(192, 179, 18546)
(192, 26, 46309)
(192, 139, 15495)
(192, 186, 35677)
(192, 143, 19949)
(192, 44, 81912)
(192, 84, 4699)
(192, 70, 37392)
(192, 182, 4138)
(192, 187, 16830)
(192, 146, 75723)
(192, 64, 73339)
(192, 41, 82055)
(192, 131, 36088)
(192, 106, 57644)
(192, 49, 8639)
(192, 128, 61093)
(192, 109, 24586)
(192, 142, 79937)
(192, 122, 77686)
(192, 174, 73237)
(193, 118, 73404)
(193, 94, 85611)
(193, 158, 19509)
(193, 131, 79073)
(193, 167, 91955)
(193, 39, 21121)
(193, 179, 53643)
(193, 91, 35379)
(193, 138, 24315)
(193, 51, 37139)
(193, 47, 32183)
(193, 32, 2301)
(193, 105, 95415)
(193, 44, 83658)
(193, 181, 48341)
(193, 112, 98987)
(193, 25, 50602)
(193, 142, 20586)
(193, 174, 28126)
(193, 122, 16985)
(193, 75, 52683)
(193, 160, 53116)
(193, 182, 70795)
(193, 73, 71903)
(193, 26, 22251)
(193, 28, 1976)
(193, 186, 20388)
(193, 130, 19849)
(193, 61, 84565)
(193, 86, 39930)
(193, 30, 13919)
(193, 23, 64004)
(193, 159, 25363)
(193, 97, 68563)
(193, 78, 47812)
(193, 1, 85413)
(193, 121, 66402)
(193, 161, 85826)
(193, 113, 86395)
(193, 77, 45360)
(193, 88, 89640)
(193, 53, 47492)
(193, 163, 88901)
(193, 191, 24061)
(193, 178, 54833)
(193, 50, 47581)
(193, 54, 57737)
(193, 43, 45137)
(193, 110, 92017)
(193, 59, 33405)
(193, 123, 63061)
(193, 62, 91770)
(193, 139, 74384)
(193, 33, 11796)
(193, 162, 85706)
(193, 115, 8229)
(193, 20, 34715)
(193, 3, 25664)
(193, 125, 5319)
(193, 119, 28354)
(193, 16, 75334)
(193, 70, 86025)
(193, 133, 77269)
(193, 31, 69616)
(193, 183, 27235)
(193, 92, 82147)
(193, 141, 42071)
(193, 128, 75575)
(193, 156, 94880)
(193, 57, 21996)
(193, 104, 20346)
(193, 168, 87101)
(193, 19, 64234)
(193, 12, 58905)
(193, 116, 86911)
(193, 74, 18157)
(193, 24, 21193)
(193, 98, 25742)
(193, 173, 19439)
(193, 68, 35102)
(193, 150, 45506)
(193, 100, 24529)
(193, 188, 41184)
(193, 147, 6078)
(193, 184, 46532)
(193, 95, 52517)
(193, 52, 20364)
(193, 143, 73692)
(193, 72, 64293)
(193, 40, 20536)
(193, 48, 8530)
(193, 151, 85361)
(193, 114, 44730)
(193, 27, 86756)
(193, 148, 33567)
(193, 93, 25663)
(193, 56, 34865)
(193, 81, 91491)
(193, 103, 22505)
(193, 21, 67109)
(193, 185, 5246)
(193, 189, 12341)
(193, 101, 86960)
(193, 60, 94757)
(193, 18, 33958)
(193, 4, 86676)
(193, 170, 18726)
(193, 79, 6314)
(193, 63, 30343)
(193, 0, 4050)
(193, 7, 17522)
(193, 58, 42244)
(193, 176, 93481)
(193, 99, 90650)
(193, 187, 98128)
(193, 106, 75799)
(193, 36, 91986)
(193, 171, 15379)
(193, 85, 74141)
(193, 120, 47882)
(193, 102, 30068)
(193, 41, 46107)
(193, 42, 43667)
(193, 9, 63298)
(193, 166, 9036)
(193, 2, 34413)
(193, 154, 76343)
(193, 35, 72770)
(193, 136, 97347)
(193, 135, 20893)
(193, 55, 95481)
(193, 22, 15903)
(193, 37, 3031)
(193, 80, 83541)
(193, 126, 23219)
(193, 153, 42733)
(193, 157, 72600)
(193, 6, 71016)
(193, 67, 50652)
(193, 89, 95040)
(193, 146, 30717)
(193, 107, 33315)
(193, 152, 28723)
(193, 127, 6403)
(193, 29, 89585)
(193, 5, 96714)
(193, 145, 73933)
(193, 190, 11457)
(193, 111, 83615)
(193, 90, 35481)
(193, 13, 74178)
(193, 69, 37289)
(193, 82, 40681)
(193, 64, 69234)
(193, 8, 41577)
(193, 134, 33464)
(193, 49, 62915)
(193, 66, 34762)
(193, 14, 95359)
(193, 124, 82749)
(193, 180, 18123)
(193, 96, 79333)
(193, 164, 2203)
(193, 137, 92832)
(193, 17, 18332)
(193, 175, 99454)
(193, 117, 89626)
(193, 46, 51914)
(193, 129, 87189)
(193, 172, 4971)
(193, 11, 8668)
(193, 10, 28512)
(193, 84, 80832)
(193, 15, 278)
(193, 165, 52908)
(193, 108, 55110)
(193, 144, 57690)
(193, 87, 25868)
(193, 71, 92910)
(193, 155, 95170)
(193, 109, 26696)
(193, 45, 37697)
(193, 34, 73489)
(193, 38, 79639)
(193, 169, 24389)
(193, 65, 73987)
(193, 83, 67429)
(193, 140, 83668)
(193, 132, 83315)
(193, 192, 56305)
(194, 172, 97526)
(194, 20, 15663)
(194, 114, 80328)
(194, 80, 43710)
(194, 73, 38158)
(194, 66, 92711)
(194, 101, 89482)
(194, 123, 52308)
(194, 120, 62795)
(194, 128, 56840)
(194, 111, 95683)
(194, 119, 97965)
(194, 39, 66995)
(194, 164, 79798)
(194, 106, 91938)
(194, 57, 92841)
(194, 154, 11787)
(194, 92, 27910)
(194, 116, 77181)
(194, 149, 612)
(195, 189, 59426)
(195, 69, 22197)
(195, 34, 41359)
(195, 149, 63481)
(195, 152, 35495)
(195, 47, 39875)
(195, 1, 35851)
(195, 53, 22817)
(195, 124, 19079)
(195, 184, 95869)
(195, 185, 27424)
(195, 65, 7887)
(195, 138, 36563)
(195, 20, 77236)
(195, 164, 27547)
(195, 76, 22752)
(195, 44, 76776)
(195, 30, 2850)
(195, 26, 47435)
(195, 135, 44876)
(195, 23, 54867)
(195, 59, 11753)
(195, 8, 88354)
(195, 129, 31013)
(195, 99, 72538)
(195, 83, 57600)
(195, 114, 57606)
(195, 151, 29864)
(195, 60, 95037)
(195, 58, 74383)
(195, 50, 1480)
(195, 12, 77521)
(195, 128, 72605)
(195, 2, 44586)
(195, 84, 89232)
(195, 125, 479)
(195, 132, 69936)
(195, 21, 89277)
(195, 90, 53470)
(195, 16, 53340)
(195, 150, 89809)
(195, 156, 47277)
(195, 130, 31526)
(195, 140, 57455)
(195, 61, 75245)
(195, 192, 31638)
(195, 4, 76137)
(195, 22, 16579)
(195, 113, 21182)
(195, 190, 89481)
(195, 121, 13044)
(195, 10, 27744)
(195, 144, 98223)
(195, 75, 64220)
(195, 71, 33632)
(195, 13, 59278)
(195, 78, 29748)
(195, 6, 61543)
(195, 123, 44326)
(195, 7, 5256)
(195, 56, 34648)
(195, 52, 19049)
(195, 104, 116)
(195, 46, 3354)
(195, 25, 2405)
(195, 170, 364)
(195, 32, 59097)
(195, 74, 11847)
(195, 0, 61431)
(195, 79, 90400)
(195, 11, 99784)
(195, 80, 46714)
(195, 18, 94133)
(195, 5, 75818)
(195, 82, 94199)
(195, 115, 10078)
(195, 154, 7099)
(195, 118, 22789)
(195, 111, 98742)
(195, 54, 3701)
(195, 182, 36326)
(195, 100, 50157)
(195, 102, 69516)
(195, 31, 24747)
(195, 160, 7488)
(195, 145, 72908)
(195, 106, 96499)
(195, 37, 20759)
(195, 177, 52535)
(195, 39, 53959)
(195, 127, 71115)
(195, 27, 73203)
(195, 148, 50504)
(195, 117, 4408)
(195, 29, 17193)
(195, 9, 93455)
(195, 89, 88533)
(195, 174, 59214)
(195, 119, 23167)
(195, 142, 59463)
(195, 14, 19977)
(195, 40, 99271)
(195, 103, 80868)
(195, 96, 67129)
(195, 42, 35842)
(195, 163, 72202)
(195, 157, 75068)
(195, 159, 24174)
(195, 97, 70819)
(195, 168, 31466)
(195, 88, 100301)
(195, 70, 13556)
(195, 109, 16651)
(195, 191, 84730)
(195, 139, 84607)
(195, 68, 98879)
(195, 175, 29638)
(195, 94, 63488)
(195, 41, 7151)
(195, 72, 96242)
(195, 155, 30778)
(195, 141, 68918)
(195, 19, 52251)
(195, 134, 75390)
(195, 131, 46529)
(195, 86, 35624)
(195, 33, 92520)
(195, 36, 70671)
(195, 146, 91153)
(195, 171, 83962)
(195, 161, 98094)
(195, 167, 49709)
(195, 120, 40084)
(195, 176, 95311)
(195, 101, 4722)
(195, 49, 68071)
(195, 43, 45257)
(196, 191, 98652)
(196, 32, 43487)
(196, 59, 45531)
(196, 182, 8032)
(196, 11, 4176)
(196, 16, 96810)
(196, 140, 7942)
(196, 178, 71536)
(196, 75, 18349)
(196, 165, 57537)
(196, 48, 77635)
(196, 23, 88063)
(196, 49, 79036)
(196, 17, 23090)
(196, 127, 16939)
(196, 44, 83398)
(196, 125, 87603)
(196, 92, 71801)
(196, 8, 30253)
(196, 26, 50040)
(196, 58, 52904)
(196, 188, 42315)
(196, 120, 92456)
(196, 89, 59706)
(196, 61, 49249)
(196, 90, 23062)
(196, 84, 27294)
(196, 175, 44149)
(196, 18, 79790)
(196, 187, 39697)
(196, 99, 89731)
(196, 121, 42575)
(196, 83, 17364)
(196, 74, 90025)
(196, 46, 16409)
(196, 112, 69922)
(196, 100, 70189)
(196, 38, 72578)
(196, 56, 2458)
(196, 148, 20976)
(196, 19, 16227)
(196, 65, 43894)
(196, 146, 68624)
(196, 139, 4465)
(196, 134, 89853)
(196, 63, 66304)
(196, 21, 20022)
(196, 153, 90749)
(196, 157, 49750)
(196, 9, 47543)
(196, 177, 74095)
(196, 5, 96254)
(196, 53, 27611)
(196, 64, 89475)
(196, 28, 90273)
(196, 154, 78293)
(196, 118, 84550)
(196, 113, 56704)
(196, 173, 81061)
(196, 39, 19855)
(196, 190, 65748)
(196, 117, 63526)
(196, 170, 9286)
(196, 27, 49284)
(197, 31, 76686)
(197, 137, 22921)
(197, 185, 55564)
(197, 168, 82822)
(197, 130, 51899)
(197, 71, 7360)
(197, 88, 1373)
(197, 72, 29666)
(197, 39, 80226)
(197, 111, 40902)
(197, 166, 62111)
(197, 101, 73375)
(197, 122, 21982)
(197, 44, 18328)
(197, 63, 14675)
(197, 83, 15351)
(197, 99, 78074)
(197, 67, 93802)
(197, 116, 91738)
(197, 119, 24556)
(197, 113, 54788)
(197, 15, 54422)
(197, 14, 45906)
(197, 24, 18262)
(197, 191, 81259)
(197, 33, 60429)
(197, 155, 7504)
(197, 74, 59838)
(197, 105, 92750)
(197, 142, 90940)
(197, 3, 78073)
(197, 178, 43826)
(197, 57, 86439)
(197, 1, 74498)
(197, 131, 40275)
(197, 195, 54873)
(197, 173, 86940)
(197, 52, 48521)
(197, 188, 91633)
(197, 159, 74541)
(197, 180, 21855)
(197, 100, 7937)
(197, 196, 98037)
(197, 25, 27939)
(197, 62, 32599)
(197, 103, 28234)
(197, 59, 98930)
(197, 70, 61787)
(197, 96, 45712)
(197, 165, 40843)
(197, 66, 18995)
(197, 146, 18586)
(197, 82, 85510)
(197, 120, 97546)
(197, 50, 80775)
(197, 147, 971)
(197, 30, 88252)
(197, 40, 71214)
(197, 189, 37444)
(197, 87, 16293)
(197, 187, 80002)
(197, 47, 23499)
(197, 153, 41986)
(197, 18, 68836)
(197, 161, 60249)
(197, 86, 47111)
(198, 184, 53172)
(198, 122, 49649)
(198, 26, 18723)
(198, 36, 5949)
(198, 136, 38496)
(198, 147, 96640)
(198, 66, 46650)
(198, 170, 43163)
(198, 88, 22625)
(198, 193, 56417)
(198, 60, 94256)
(198, 164, 77297)
(198, 138, 13444)
(198, 101, 68787)
(198, 40, 82693)
(198, 64, 40077)
(198, 42, 28007)
(198, 180, 5042)
(198, 56, 5412)
(198, 104, 98613)
(199, 94, 53814)
(199, 64, 62158)
(199, 24, 45996)
(199, 66, 49636)
(199, 167, 72662)
(199, 98, 70565)
(199, 118, 647)
(199, 161, 77088)
(199, 109, 71743)
(199, 163, 19968)
(199, 120, 99609)
(199, 2, 32538)
(199, 197, 87677)
(199, 63, 72712)
(199, 190, 95569)
(199, 142, 40716)
(199, 93, 90305)
(199, 157, 28793)
(199, 101, 41608)
(199, 148, 69963)
(199, 151, 71203)
(199, 43, 97438)
(199, 128, 91973)
(199, 84, 76828)
(199, 130, 5003)
(199, 22, 33363)
(199, 16, 92051)
(199, 49, 61380)
(199, 44, 93115)
(199, 137, 50814)
(199, 154, 28788)
(199, 65, 94060)
(199, 135, 46247)
(199, 107, 91662)
(199, 170, 53347)
(199, 186, 93647)
(199, 61, 42920)
(199, 181, 21969)
(199, 145, 11596)
(199, 172, 75841)
(199, 138, 99577)
(199, 182, 66730)
(199, 68, 50595)
(199, 45, 38913)
(199, 102, 10445)
(199, 188, 26868)
(199, 129, 67548)
(199, 180, 35217)
(199, 189, 87900)
(199, 10, 58536)
(199, 198, 21316)
(199, 117, 91927)
(199, 191, 39008)
(199, 123, 99701)
(199, 47, 53484)
(199, 100, 98959)
(199, 155, 50112)
(199, 53, 84322)
(199, 168, 30573)
(199, 91, 23691)
(199, 23, 40200)
(199, 48, 29108)
(199, 62, 48064)
(199, 52, 57462)
(199, 41, 32041)
(199, 80, 96530)
(199, 169, 91054)
(199, 92, 44820)
(199, 89, 9011)
(199, 193, 99757)
(199, 9, 55533)
(199, 11, 41676)
(199, 15, 90690)
(199, 166, 79679)
(199, 184, 27911)
(199, 75, 62240)
(199, 13, 18207)
(199, 175, 64123)
(199, 134, 61191)
(199, 192, 79318)
(199, 173, 6272)
(199, 74, 91109)
(199, 32, 37882)
(199, 37, 76450)
(199, 110, 88183)
(199, 28, 1660)
(199, 162, 38933)
(199, 56, 92650)
(199, 178, 99297)
(199, 60, 16075)
(199, 36, 44526)
(199, 133, 50631)
(199, 8, 58185)
(199, 136, 56252)
(199, 72, 20889)
(199, 38, 51409)
(199, 17, 27185)
(199, 124, 69340)
(199, 0, 51102)
(199, 51, 23867)
(199, 113, 69123)
(199, 176, 57067)
(199, 111, 35942)
(199, 31, 37819)
(199, 159, 99683)
(199, 3, 62978)
(199, 57, 85805)
(199, 144, 58698)
(199, 50, 58141)
(199, 85, 45355)
(199, 90, 33532)
(199, 6, 67315)
(199, 158, 13814)
(199, 177, 80134)
(199, 99, 37182)
(199, 78, 56437)
(199, 165, 10027)
(199, 115, 7242)
(199, 150, 66916)
(199, 183, 69558)
(199, 21, 84587)
(199, 29, 28945)
(199, 67, 49178)
(199, 27, 68957)
(199, 174, 26766)
(199, 164, 77199)
(199, 83, 50206)
(199, 114, 13404)
(199, 139, 13577)
(199, 149, 4440)
(199, 103, 74291)
(199, 106, 15859)
(199, 77, 2291)
(199, 185, 23202)
(199, 54, 85457)
(200, 124, 65733)
(200, 113, 26462)
(200, 40, 10176)
(200, 102, 57445)
(200, 2, 26705)
(200, 170, 66794)
(200, 36, 13084)
(200, 60, 21294)
(200, 33, 30032)
(200, 147, 60977)
(200, 19, 87766)
(200, 27, 4513)
(200, 136, 67568)
(200, 63, 41940)
(200, 182, 46336)
(200, 148, 91619)
(200, 155, 34026)
(200, 172, 25424)
(200, 82, 69137)
(200, 154, 39061)
(200, 29, 64310)
(200, 149, 75511)
(200, 7, 9564)
(200, 178, 92825)
(200, 69, 86543)
(200, 76, 24804)
(200, 191, 12425)
(200, 84, 17572)
(200, 24, 37404)
(200, 74, 31223)
(200, 25, 78862)
(200, 180, 58227)
(200, 108, 34398)
(200, 192, 36529)
(200, 142, 54012)
(200, 97, 39615)
(200, 71, 15968)
(200, 43, 22366)
(200, 186, 49175)
(200, 1, 32546)
(200, 80, 48302)
(200, 174, 13365)
(200, 171, 39089)
(200, 79, 25082)
(200, 138, 60547)
(200, 144, 63961)
(200, 181, 62624)
(200, 141, 19327)
(200, 20, 96261)
(200, 99, 44731)
(200, 89, 4847)
(200, 96, 40316)
(200, 159, 7643)
(200, 183, 2885)
(200, 38, 16990)
(200, 83, 90019)
(200, 95, 96732)
(200, 58, 88487)
(200, 107, 16903)
(200, 100, 83147)
(200, 164, 57883)
(200, 187, 90236)
(200, 121, 56509)
(200, 153, 94792)
(200, 125, 75624)
(200, 189, 79585)
(200, 158, 97541)
(200, 118, 77503)
(200, 135, 27037)
(200, 103, 37465)
(200, 45, 54739)
(200, 46, 13567)
(200, 132, 39880)
(200, 123, 92173)
(200, 47, 49786)
(200, 22, 33224)
(200, 10, 45025)
(200, 199, 93798)
(200, 52, 45384)
(200, 48, 5090)
(200, 51, 11786)
(200, 65, 47961)
(200, 11, 1511)
(200, 179, 13153)
(200, 126, 64490)
(200, 90, 83443)
(200, 30, 79647)
(200, 162, 34092)
(200, 87, 52157)
(200, 131, 77256)
(200, 14, 36462)
(200, 75, 78659)
(200, 146, 24609)
(200, 105, 94821)
(200, 98, 86603)
(200, 16, 33816)
(200, 101, 50384)
(200, 115, 90758)
(200, 129, 99689)
(200, 143, 4583)
(200, 15, 38948)
(200, 88, 31940)
(200, 70, 35862)
(200, 4, 2359)
(200, 140, 48722)
(200, 5, 32837)
(200, 127, 56935)
(200, 122, 18382)
(200, 117, 12411)
(200, 39, 58671)
(200, 77, 87331)
(200, 32, 10392)
(200, 28, 87728)
(200, 165, 83337)
(200, 78, 55488)
(200, 18, 76796)
(200, 56, 96858)
(200, 8, 14349)
(200, 12, 84303)
(200, 17, 82974)
(200, 195, 23935)
(200, 166, 64291)
(200, 185, 3532)
(200, 0, 8703)
(200, 167, 6062)
(200, 66, 29779)
(200, 128, 50189)
(200, 9, 26254)
(200, 163, 29954)
(200, 177, 3498)
(200, 112, 33933)
(200, 175, 43218)
(200, 109, 17893)
(200, 86, 72015)
(200, 197, 57353)
(201, 72, 74789)
(201, 156, 58873)
(201, 53, 62468)
(201, 151, 64304)
(201, 93, 19064)
(201, 36, 72852)
(201, 39, 62660)
(201, 73, 57187)
(201, 159, 86498)
(201, 38, 85337)
(201, 103, 48649)
(201, 83, 43394)
(201, 82, 24666)
(201, 108, 67489)
(201, 19, 81294)
(201, 9, 55539)
(201, 175, 40194)
(201, 28, 96533)
(201, 81, 100009)
(201, 14, 90977)
(201, 167, 36277)
(201, 129, 5673)
(201, 106, 92125)
(201, 164, 44004)
(201, 41, 51300)
(201, 4, 28596)
(201, 138, 44315)
(201, 120, 36598)
(201, 98, 48945)
(201, 55, 93736)
(201, 119, 29708)
(201, 25, 54309)
(201, 116, 15423)
(201, 131, 21516)
(201, 24, 20416)
(201, 58, 81369)
(201, 145, 31484)
(201, 137, 68984)
(201, 158, 89096)
(201, 107, 45419)
(201, 43, 67434)
(201, 67, 18186)
(201, 174, 23008)
(201, 34, 85386)
(201, 20, 89676)
(201, 146, 47468)
(201, 49, 80065)
(201, 96, 34492)
(201, 161, 92696)
(201, 87, 21090)
(201, 200, 64819)
(201, 32, 18477)
(201, 162, 59004)
(201, 195, 34512)
(201, 126, 51755)
(201, 62, 81681)
(201, 183, 17861)
(201, 76, 46992)
(201, 68, 59895)
(201, 160, 64789)
(201, 105, 31527)
(201, 78, 57649)
(201, 115, 32613)
(201, 144, 29229)
(201, 198, 86175)
(201, 149, 88821)
(201, 86, 89148)
(201, 147, 50185)
(201, 35, 49091)
(201, 70, 52270)
(201, 44, 2310)
(201, 65, 48973)
(201, 56, 26271)
(201, 150, 99097)
(201, 113, 39834)
(201, 123, 67313)
(201, 8, 97295)
(201, 80, 28043)
(201, 15, 40969)
(201, 171, 59831)
(201, 114, 77704)
(201, 16, 22029)
(201, 117, 1830)
(201, 33, 27849)
(201, 170, 55854)
(201, 163, 20475)
(201, 91, 60331)
(201, 182, 71847)
(201, 23, 90153)
(201, 69, 42936)
(201, 26, 1947)
(201, 176, 35927)
(201, 112, 30673)
(201, 97, 17946)
(201, 99, 38584)
(201, 181, 21004)
(201, 10, 33836)
(201, 110, 31386)
(201, 63, 98297)
(201, 59, 88301)
(201, 172, 66382)
(201, 186, 2661)
(201, 5, 82216)
(201, 155, 15907)
(201, 51, 64527)
(201, 27, 12938)
(201, 124, 3632)
(201, 179, 49211)
(201, 139, 49121)
(201, 100, 80549)
(201, 127, 21883)
(201, 84, 19121)
(201, 189, 24041)
(201, 22, 7280)
(201, 11, 8504)
(201, 60, 55248)
(201, 40, 13207)
(201, 101, 23616)
(201, 92, 18616)
(201, 188, 11441)
(201, 85, 71821)
(201, 94, 14661)
(201, 132, 3595)
(201, 141, 64727)
(201, 71, 50254)
(201, 66, 20645)
(201, 196, 85380)
(201, 1, 64070)
(201, 89, 91456)
(201, 193, 16562)
(201, 18, 73123)
(201, 104, 65665)
(201, 31, 66557)
(201, 30, 17701)
(201, 178, 88881)
(201, 199, 63477)
(201, 177, 56263)
(201, 77, 95800)
(201, 187, 30325)
(201, 52, 1054)
(201, 157, 45016)
(201, 134, 14017)
(201, 125, 29196)
(201, 29, 77941)
(201, 17, 7558)
(201, 148, 90130)
(201, 0, 89479)
(201, 184, 16739)
(201, 140, 81513)
(201, 47, 90352)
(201, 133, 69861)
(201, 111, 26722)
(201, 57, 29200)
(201, 173, 43240)
(201, 192, 372)
(201, 74, 94335)
(201, 48, 5173)
(201, 45, 50148)
(201, 121, 96214)
(201, 75, 20935)
(201, 169, 83573)
(201, 79, 39471)
(201, 2, 66631)
(201, 130, 46134)
(201, 13, 99510)
(201, 3, 30686)
(201, 46, 59294)
(201, 152, 4527)
(201, 197, 70909)
(201, 128, 34199)
(201, 122, 36712)
(201, 95, 98008)
(201, 88, 15964)
(201, 190, 96437)
(201, 54, 48304)
(201, 102, 69637)
(201, 21, 34486)
(201, 180, 50912)
(201, 136, 96180)
(201, 142, 57874)
(201, 191, 23455)
(201, 154, 59276)
(202, 125, 43322)
(202, 156, 34505)
(202, 0, 17519)
(202, 86, 36699)
(202, 28, 30213)
(202, 73, 53125)
(202, 51, 61163)
(202, 126, 59396)
(202, 24, 77986)
(202, 192, 93826)
(202, 163, 59094)
(202, 14, 5196)
(202, 193, 35077)
(202, 142, 96307)
(202, 195, 26104)
(202, 99, 95954)
(202, 131, 39339)
(202, 6, 50917)
(202, 133, 54397)
(202, 65, 55812)
(202, 44, 19034)
(202, 176, 83535)
(202, 111, 48489)
(202, 37, 11415)
(202, 136, 91342)
(202, 78, 60295)
(202, 84, 35260)
(202, 76, 10740)
(202, 166, 52910)
(202, 54, 42591)
(202, 67, 50215)
(202, 33, 49460)
(202, 132, 75277)
(202, 18, 72228)
(202, 191, 29339)
(202, 188, 59901)
(202, 138, 61626)
(202, 199, 66503)
(202, 179, 24726)
(202, 168, 53898)
(202, 34, 53999)
(202, 152, 21679)
(202, 114, 75591)
(202, 56, 45695)
(202, 29, 51775)
(202, 183, 97674)
(202, 149, 24119)
(202, 17, 16845)
(202, 127, 40379)
(202, 151, 76786)
(202, 119, 88557)
(202, 159, 28308)
(202, 42, 73064)
(202, 63, 66914)
(202, 116, 40497)
(202, 3, 514)
(202, 122, 82283)
(202, 20, 11063)
(202, 109, 13237)
(202, 50, 23072)
(202, 175, 47052)
(202, 172, 81474)
(202, 53, 3289)
(202, 189, 28096)
(202, 146, 38159)
(202, 174, 42504)
(202, 27, 50388)
(202, 170, 32107)
(202, 110, 40717)
(202, 80, 31943)
(202, 150, 37191)
(202, 153, 55349)
(202, 45, 17768)
(202, 160, 99042)
(202, 96, 56848)
(202, 75, 91428)
(202, 117, 83269)
(202, 196, 65620)
(202, 1, 69180)
(202, 171, 17214)
(202, 139, 96127)
(202, 52, 1652)
(202, 26, 11899)
(202, 143, 29674)
(202, 164, 40708)
(202, 181, 41265)
(202, 77, 58938)
(202, 148, 97374)
(202, 187, 66883)
(202, 87, 156)
(202, 173, 7364)
(202, 112, 87381)
(202, 157, 89630)
(202, 108, 81983)
(203, 26, 24025)
(203, 0, 31838)
(203, 163, 45849)
(203, 198, 44935)
(203, 181, 58876)
(203, 158, 6481)
(203, 125, 76899)
(203, 185, 27256)
(203, 24, 95169)
(203, 91, 68959)
(203, 55, 31787)
(203, 161, 12437)
(203, 81, 57807)
(203, 116, 65219)
(203, 88, 57138)
(203, 171, 60162)
(203, 94, 58160)
(203, 201, 26101)
(203, 182, 70648)
(203, 168, 19497)
(203, 58, 15533)
(203, 72, 98025)
(203, 47, 31781)
(203, 107, 5760)
(203, 154, 64489)
(203, 59, 8694)
(203, 34, 19195)
(203, 8, 58105)
(203, 178, 90581)
(203, 184, 36184)
(203, 109, 47404)
(203, 150, 29476)
(203, 64, 12747)
(203, 42, 72319)
(203, 121, 65453)
(203, 48, 59612)
(203, 159, 56253)
(203, 130, 58813)
(203, 200, 89559)
(203, 37, 90120)
(203, 103, 70479)
(203, 3, 78198)
(203, 98, 77485)
(203, 155, 100292)
(203, 83, 6855)
(203, 141, 18993)
(203, 61, 88978)
(203, 119, 40123)
(203, 199, 66644)
(203, 74, 301)
(203, 193, 64015)
(203, 95, 41413)
(203, 92, 35367)
(203, 90, 41492)
(203, 202, 4521)
(203, 133, 24625)
(203, 126, 4667)
(203, 156, 48872)
(203, 139, 93926)
(203, 17, 76635)
(203, 75, 70610)
(203, 71, 75634)
(203, 151, 67953)
(203, 172, 23589)
(203, 85, 55)
(203, 63, 67692)
(203, 77, 14465)
(203, 196, 951)
(203, 175, 38659)
(203, 179, 3607)
(203, 31, 59446)
(203, 110, 86317)
(203, 19, 94606)
(203, 11, 13247)
(203, 89, 63846)
(203, 69, 17613)
(203, 38, 96472)
(203, 1, 91845)
(203, 194, 40883)
(203, 57, 56673)
(203, 113, 16921)
(203, 192, 46686)
(203, 62, 29053)
(203, 7, 74834)
(203, 6, 17059)
(203, 129, 23352)
(203, 173, 91001)
(203, 41, 93640)
(203, 50, 64445)
(203, 65, 70120)
(203, 132, 100201)
(203, 134, 75961)
(203, 18, 63119)
(203, 52, 40918)
(203, 93, 55522)
(203, 118, 7179)
(203, 13, 19877)
(203, 112, 67444)
(203, 115, 98849)
(203, 135, 24057)
(203, 10, 63075)
(203, 190, 41787)
(203, 102, 15849)
(203, 56, 23359)
(203, 152, 6879)
(203, 169, 66251)
(203, 12, 614)
(203, 104, 31368)
(203, 176, 49660)
(203, 70, 72949)
(203, 127, 36917)
(203, 146, 23661)
(203, 40, 83613)
(203, 111, 40591)
(203, 191, 65677)
(203, 99, 2008)
(203, 160, 35450)
(203, 108, 99802)
(203, 80, 51283)
(203, 51, 68949)
(203, 60, 11641)
(203, 73, 88996)
(203, 78, 81769)
(203, 39, 83914)
(203, 87, 38521)
(203, 82, 3163)
(203, 180, 11426)
(203, 148, 61471)
(203, 4, 37839)
(203, 140, 72840)
(203, 21, 53372)
(203, 45, 94960)
(203, 29, 99809)
(203, 197, 89522)
(203, 105, 8757)
(203, 96, 98073)
(203, 101, 81150)
(203, 76, 92224)
(203, 137, 49952)
(203, 145, 36280)
(203, 2, 17856)
(203, 167, 85774)
(203, 147, 94881)
(203, 32, 76685)
(203, 28, 59204)
(203, 25, 1095)
(203, 153, 91815)
(203, 136, 5415)
(203, 49, 69571)
(203, 86, 11795)
(203, 195, 80441)
(203, 149, 89155)
(203, 20, 42251)
(203, 164, 22055)
(203, 177, 24472)
(203, 183, 78234)
(203, 189, 55262)
(203, 43, 85839)
(203, 9, 8581)
(203, 30, 15234)
(203, 188, 17270)
(203, 97, 92272)
(203, 157, 15456)
(203, 165, 17803)
(203, 67, 92401)
(204, 151, 91430)
(204, 100, 84613)
(204, 11, 168)
(204, 108, 54180)
(204, 27, 93546)
(204, 88, 5055)
(204, 45, 60511)
(204, 60, 53859)
(204, 26, 28769)
(204, 111, 51100)
(204, 67, 8698)
(204, 59, 80745)
(204, 7, 26331)
(204, 93, 62049)
(204, 68, 9203)
(204, 107, 84368)
(204, 37, 22013)
(204, 143, 86143)
(204, 47, 72297)
(204, 160, 28070)
(204, 56, 8518)
(204, 121, 96178)
(204, 159, 82404)
(204, 16, 18518)
(204, 105, 29155)
(204, 79, 59078)
(204, 80, 24252)
(204, 101, 59134)
(204, 21, 36077)
(204, 91, 15536)
(204, 146, 20045)
(204, 162, 25807)
(204, 76, 57158)
(204, 84, 35700)
(204, 89, 20443)
(204, 43, 9941)
(204, 78, 99642)
(204, 0, 68806)
(204, 120, 59281)
(204, 161, 16972)
(204, 70, 85423)
(204, 4, 35703)
(204, 153, 73158)
(204, 6, 29018)
(204, 96, 19981)
(204, 180, 8611)
(204, 127, 33799)
(204, 136, 85682)
(204, 35, 85296)
(204, 32, 85782)
(204, 14, 34012)
(204, 168, 34057)
(204, 5, 48073)
(204, 69, 49027)
(204, 20, 57102)
(204, 97, 68534)
(204, 42, 80084)
(204, 61, 6809)
(204, 23, 3268)
(204, 52, 63825)
(204, 190, 27976)
(204, 75, 80808)
(204, 31, 9276)
(204, 196, 34520)
(204, 62, 41405)
(204, 49, 10641)
(204, 115, 8198)
(204, 170, 31324)
(204, 63, 36603)
(204, 174, 19068)
(204, 140, 65066)
(204, 197, 1730)
(204, 92, 5935)
(204, 157, 62664)
(204, 203, 36225)
(204, 163, 42845)
(204, 164, 5572)
(204, 109, 26586)
(204, 135, 69158)
(204, 29, 43886)
(204, 125, 57754)
(204, 2, 39216)
(204, 48, 58781)
(204, 104, 59229)
(205, 19, 9713)
(205, 16, 82293)
(205, 89, 74480)
(205, 108, 62641)
(205, 22, 62250)
(205, 52, 15394)
(205, 111, 95275)
(205, 40, 22826)
(205, 174, 25307)
(205, 15, 2616)
(205, 167, 3233)
(205, 130, 90962)
(205, 29, 15061)
(205, 114, 65654)
(205, 85, 79344)
(205, 37, 50878)
(205, 139, 92450)
(205, 153, 11941)
(205, 60, 39340)
(205, 129, 80195)
(205, 120, 12023)
(205, 97, 32542)
(205, 96, 29272)
(205, 137, 68378)
(206, 12, 15156)
(206, 159, 79142)
(206, 99, 17981)
(206, 42, 82992)
(206, 143, 21432)
(206, 115, 74651)
(206, 16, 96666)
(206, 57, 53352)
(206, 52, 86511)
(206, 102, 26593)
(206, 91, 49894)
(206, 171, 94089)
(206, 204, 88452)
(206, 153, 47780)
(206, 97, 89426)
(206, 121, 58268)
(206, 120, 77028)
(206, 43, 98667)
(206, 151, 38656)
(206, 202, 55459)
(206, 76, 75383)
(206, 41, 65286)
(206, 184, 31287)
(206, 149, 63930)
(206, 165, 14150)
(206, 5, 16781)
(206, 168, 38497)
(206, 181, 57256)
(206, 93, 51650)
(206, 92, 85572)
(206, 123, 70470)
(206, 18, 29646)
(206, 140, 41621)
(206, 192, 22544)
(206, 88, 34652)
(206, 203, 88474)
(206, 101, 35307)
(206, 103, 75118)
(206, 38, 48599)
(206, 172, 79598)
(206, 100, 14731)
(206, 112, 48535)
(206, 127, 51628)
(206, 50, 14872)
(206, 46, 99336)
(206, 128, 36260)
(206, 8, 13657)
(206, 65, 37229)
(206, 179, 71429)
(206, 155, 39614)
(206, 31, 33639)
(206, 182, 43504)
(206, 154, 14964)
(206, 24, 93051)
(206, 108, 65207)
(206, 27, 7282)
(206, 63, 1754)
(206, 78, 80236)
(206, 191, 58729)
(206, 98, 60438)
(206, 157, 29372)
(206, 55, 47323)
(206, 142, 44617)
(206, 188, 38767)
(206, 83, 41734)
(206, 58, 27594)
(206, 201, 64553)
(206, 23, 76898)
(206, 132, 82182)
(206, 156, 51912)
(206, 45, 42885)
(206, 49, 24557)
(206, 174, 56805)
(206, 36, 12195)
(206, 81, 41158)
(206, 107, 81967)
(206, 75, 84193)
(206, 19, 78305)
(206, 62, 37445)
(206, 137, 93037)
(206, 1, 76432)
(206, 3, 7228)
(206, 48, 67956)
(206, 47, 22169)
(206, 87, 15594)
(206, 175, 69212)
(206, 133, 74615)
(206, 28, 57845)
(206, 145, 47125)
(206, 146, 65629)
(206, 2, 53663)
(206, 164, 29449)
(206, 167, 94773)
(206, 166, 97520)
(206, 130, 59072)
(207, 53, 49241)
(207, 9, 73678)
(207, 179, 35060)
(207, 187, 9611)
(207, 162, 48430)
(207, 42, 46740)
(207, 90, 40091)
(207, 91, 63442)
(207, 87, 88921)
(207, 69, 69703)
(207, 19, 46649)
(207, 103, 23047)
(207, 52, 41874)
(207, 100, 62738)
(207, 96, 74550)
(207, 117, 60664)
(207, 110, 22866)
(207, 139, 3132)
(207, 118, 83104)
(207, 38, 4412)
(207, 60, 1543)
(207, 76, 64948)
(207, 33, 74331)
(207, 126, 66862)
(207, 71, 19891)
(207, 80, 81485)
(207, 152, 48502)
(207, 186, 96399)
(207, 28, 79343)
(207, 142, 28454)
(207, 109, 66674)
(207, 30, 25210)
(207, 145, 98329)
(207, 31, 53503)
(207, 41, 54102)
(207, 78, 64102)
(207, 15, 57650)
(207, 189, 26190)
(207, 120, 78115)
(207, 184, 69642)
(207, 104, 46784)
(207, 54, 3450)
(207, 73, 6700)
(207, 173, 82287)
(207, 200, 10477)
(207, 3, 71336)
(207, 155, 35351)
(207, 169, 82485)
(207, 25, 57634)
(207, 205, 99384)
(207, 70, 91455)
(207, 174, 87036)
(207, 82, 53613)
(208, 113, 35049)
(208, 94, 61566)
(208, 134, 67264)
(208, 21, 42200)
(208, 122, 39760)
(208, 123, 79404)
(208, 131, 29789)
(208, 115, 94604)
(208, 0, 859)
(208, 86, 89278)
(208, 116, 13356)
(208, 32, 38055)
(208, 39, 42232)
(208, 7, 45895)
(208, 90, 67120)
(208, 200, 12144)
(208, 5, 89402)
(208, 73, 85065)
(208, 128, 52747)
(208, 57, 24361)
(208, 36, 22869)
(208, 167, 15555)
(208, 31, 11211)
(208, 10, 80207)
(208, 38, 59745)
(208, 24, 35050)
(208, 9, 5769)
(208, 163, 34891)
(208, 92, 75399)
(208, 162, 36200)
(208, 181, 21642)
(208, 100, 57400)
(208, 2, 83524)
(208, 157, 83360)
(208, 85, 7473)
(208, 15, 24324)
(208, 205, 52325)
(208, 185, 11558)
(208, 119, 37967)
(208, 164, 33693)
(208, 152, 86233)
(208, 166, 80075)
(208, 127, 28051)
(208, 192, 11149)
(208, 170, 19852)
(208, 129, 91203)
(208, 199, 91720)
(208, 46, 63315)
(208, 138, 34924)
(208, 93, 70026)
(208, 96, 79521)
(208, 143, 97192)
(208, 65, 84990)
(208, 120, 5810)
(208, 124, 69730)
(208, 48, 43801)
(208, 25, 41726)
(208, 159, 36487)
(208, 42, 57564)
(208, 140, 70928)
(208, 107, 59416)
(208, 55, 30626)
(208, 3, 31662)
(208, 194, 37811)
(208, 54, 53727)
(208, 77, 93359)
(208, 187, 2083)
(208, 101, 76391)
(208, 81, 58711)
(208, 161, 51399)
(208, 153, 27090)
(208, 95, 64943)
(208, 26, 49626)
(208, 83, 79134)
(208, 98, 51736)
(208, 179, 25634)
(208, 172, 57328)
(208, 35, 58947)
(208, 89, 62237)
(208, 99, 94132)
(208, 29, 16431)
(208, 178, 59517)
(208, 23, 26818)
(208, 191, 91365)
(208, 22, 96692)
(208, 58, 78015)
(208, 60, 48399)
(208, 1, 96781)
(208, 79, 2672)
(208, 155, 41077)
(208, 59, 89553)
(208, 190, 79224)
(208, 71, 49057)
(208, 193, 52338)
(208, 142, 56987)
(208, 198, 17336)
(208, 103, 21765)
(208, 88, 58527)
(208, 27, 28673)
(208, 135, 94727)
(208, 176, 49159)
(208, 45, 9851)
(208, 180, 94540)
(208, 146, 68982)
(208, 145, 28431)
(208, 203, 22638)
(208, 14, 24428)
(208, 197, 92821)
(208, 141, 84980)
(208, 28, 70720)
(208, 108, 85837)
(208, 186, 32059)
(208, 117, 64250)
(208, 133, 40176)
(208, 175, 78147)
(208, 37, 16678)
(208, 41, 4316)
(208, 106, 32513)
(208, 154, 41549)
(208, 52, 89870)
(208, 174, 31618)
(208, 125, 86030)
(208, 189, 19948)
(208, 16, 72432)
(208, 84, 31273)
(208, 34, 89321)
(208, 110, 87544)
(208, 118, 64410)
(208, 202, 84498)
(208, 75, 11933)
(208, 195, 18448)
(208, 66, 54523)
(208, 144, 95065)
(208, 80, 81273)
(208, 4, 72880)
(208, 78, 88565)
(208, 169, 35902)
(208, 130, 85613)
(208, 112, 97974)
(208, 30, 44777)
(208, 137, 77275)
(208, 20, 96281)
(208, 87, 97574)
(208, 72, 28859)
(208, 82, 86129)
(208, 47, 88752)
(208, 156, 8067)
(208, 70, 90291)
(208, 151, 63879)
(208, 111, 42333)
(208, 74, 98844)
(208, 91, 53808)
(208, 184, 82429)
(208, 49, 57033)
(208, 139, 100087)
(208, 69, 38886)
(208, 160, 80468)
(208, 207, 734)
(208, 121, 66864)
(208, 105, 79520)
(208, 8, 24355)
(208, 18, 25419)
(208, 136, 33216)
(208, 104, 35007)
(208, 17, 48043)
(208, 206, 80613)
(208, 76, 97570)
(208, 204, 90267)
(208, 43, 70036)
(208, 173, 11653)
(208, 97, 82266)
(208, 61, 25600)
(208, 183, 54766)
(208, 64, 47512)
(208, 12, 14432)
(208, 67, 32238)
(208, 168, 13770)
(208, 188, 48151)
(208, 126, 43268)
(208, 149, 40380)
(208, 33, 95473)
(208, 201, 53564)
(208, 44, 21599)
(208, 63, 89765)
(208, 40, 16848)
(208, 150, 109)
(208, 50, 32093)
(208, 165, 96843)
(208, 6, 82414)
(208, 56, 20274)
(208, 68, 41928)
(208, 196, 46945)
(208, 109, 100286)
(208, 11, 86828)
(208, 114, 60261)
(209, 4, 50391)
(209, 64, 52603)
(209, 128, 57814)
(209, 20, 22161)
(209, 48, 32344)
(209, 189, 82092)
(209, 28, 57885)
(209, 45, 49843)
(209, 0, 15650)
(209, 202, 16622)
(209, 75, 55243)
(209, 183, 81962)
(209, 84, 3674)
(209, 105, 1853)
(209, 81, 31709)
(210, 79, 80632)
(210, 135, 56193)
(210, 89, 96895)
(210, 122, 41246)
(210, 102, 26157)
(210, 108, 40362)
(210, 129, 92262)
(210, 76, 93985)
(210, 209, 58879)
(210, 94, 97628)
(210, 185, 51421)
(210, 182, 64093)
(210, 162, 94888)
(210, 16, 90739)
(210, 96, 88879)
(210, 2, 4424)
(210, 195, 50634)
(210, 173, 99198)
(210, 68, 35754)
(210, 12, 1593)
(210, 174, 11311)
(210, 77, 41179)
(210, 179, 12334)
(210, 145, 55637)
(210, 204, 10196)
(210, 169, 55600)
(210, 176, 6247)
(210, 71, 76089)
(210, 163, 15834)
(210, 14, 10509)
(210, 34, 25050)
(210, 3, 6550)
(210, 32, 34638)
(210, 100, 64582)
(210, 201, 61215)
(210, 104, 10189)
(210, 107, 2909)
(210, 147, 94925)
(210, 45, 8653)
(210, 93, 8852)
(210, 83, 20244)
(210, 165, 11713)
(210, 202, 86838)
(210, 166, 56944)
(210, 137, 93032)
(210, 69, 95453)
(210, 151, 73434)
(210, 199, 62213)
(210, 121, 94423)
(210, 130, 63002)
(210, 200, 99741)
(210, 27, 48448)
(210, 136, 54428)
(210, 26, 6200)
(210, 59, 85866)
(210, 116, 68367)
(210, 1, 3048)
(210, 160, 5149)
(210, 78, 9985)
(210, 18, 86426)
(210, 150, 77142)
(210, 171, 70033)
(210, 41, 72127)
(210, 105, 51430)
(210, 205, 68139)
(210, 87, 26507)
(210, 111, 1151)
(210, 17, 24180)
(210, 186, 95813)
(210, 39, 4477)
(210, 159, 92462)
(210, 138, 27013)
(210, 61, 31225)
(210, 101, 46027)
(210, 95, 70325)
(210, 44, 90574)
(210, 144, 89376)
(210, 148, 32893)
(210, 110, 31702)
(210, 86, 23937)
(210, 58, 16070)
(210, 139, 3601)
(210, 11, 72141)
(210, 97, 22314)
(210, 20, 89524)
(210, 191, 21469)
(210, 91, 88133)
(210, 141, 50962)
(210, 168, 3685)
(210, 88, 75759)
(210, 19, 55431)
(210, 155, 7083)
(211, 98, 44816)
(211, 129, 38298)
(211, 201, 51177)
(211, 136, 44986)
(211, 21, 99780)
(211, 84, 25312)
(211, 74, 10348)
(211, 135, 88995)
(211, 52, 68439)
(211, 49, 81167)
(211, 114, 20154)
(211, 162, 14689)
(211, 164, 21197)
(211, 99, 73948)
(211, 170, 27238)
(211, 160, 43530)
(211, 134, 94215)
(211, 158, 40815)
(211, 207, 50516)
(211, 142, 90842)
(211, 168, 20476)
(211, 171, 4495)
(211, 109, 76764)
(211, 154, 90583)
(211, 196, 17093)
(211, 54, 9873)
(211, 209, 1133)
(211, 29, 64183)
(211, 56, 29241)
(211, 55, 57365)
(211, 17, 53740)
(211, 143, 15443)
(211, 73, 87989)
(211, 69, 94350)
(211, 96, 56817)
(211, 60, 60525)
(211, 43, 59563)
(211, 181, 75464)
(211, 131, 23577)
(212, 139, 80580)
(212, 74, 57174)
(212, 157, 12403)
(212, 146, 6585)
(212, 178, 88130)
(212, 129, 64534)
(212, 20, 54332)
(212, 93, 7793)
(212, 9, 70253)
(212, 52, 90324)
(212, 164, 96828)
(212, 61, 43794)
(212, 38, 56132)
(212, 189, 42108)
(212, 2, 84441)
(212, 51, 85432)
(212, 200, 33275)
(212, 108, 41009)
(212, 22, 14440)
(212, 90, 65196)
(212, 193, 83362)
(212, 165, 10223)
(212, 128, 80621)
(212, 84, 7706)
(212, 50, 10998)
(212, 151, 70476)
(212, 29, 22038)
(212, 194, 23031)
(212, 44, 96413)
(212, 96, 98080)
(212, 208, 59779)
(212, 57, 34172)
(212, 75, 66219)
(212, 99, 96702)
(212, 24, 14909)
(212, 201, 23960)
(212, 10, 22507)
(212, 87, 55313)
(212, 83, 61705)
(212, 91, 19700)
(212, 118, 87618)
(212, 141, 59027)
(212, 192, 84896)
(212, 4, 49957)
(212, 121, 40889)
(212, 67, 2320)
(212, 14, 79442)
(212, 32, 84623)
(212, 135, 73725)
(212, 138, 585)
(212, 131, 39140)
(212, 25, 90601)
(212, 112, 88213)
(212, 111, 60889)
(212, 173, 84214)
(212, 150, 64378)
(212, 119, 21045)
(212, 187, 71824)
(212, 163, 70586)
(212, 63, 24175)
(212, 127, 2474)
(212, 77, 13432)
(212, 11, 28522)
(212, 43, 46401)
(212, 182, 92892)
(212, 41, 30078)
(212, 76, 92364)
(212, 97, 6822)
(212, 188, 12295)
(212, 62, 32936)
(212, 89, 11106)
(212, 56, 89265)
(212, 166, 18154)
(212, 148, 76110)
(212, 109, 42745)
(212, 98, 10883)
(212, 120, 97770)
(212, 199, 87627)
(212, 105, 86612)
(212, 21, 39567)
(212, 162, 17280)
(212, 125, 89329)
(212, 186, 88545)
(212, 170, 88880)
(212, 156, 31268)
(212, 86, 29394)
(212, 70, 25638)
(212, 92, 74435)
(212, 142, 34173)
(212, 190, 77156)
(212, 115, 5175)
(212, 196, 36276)
(212, 198, 89693)
(212, 207, 73244)
(212, 17, 31193)
(212, 144, 91812)
(212, 205, 7457)
(212, 140, 42879)
(212, 116, 88945)
(212, 122, 2713)
(212, 19, 3321)
(212, 88, 68466)
(213, 41, 58573)
(213, 102, 91169)
(213, 35, 47718)
(213, 86, 23164)
(213, 77, 28959)
(213, 169, 37119)
(213, 205, 82408)
(213, 5, 92883)
(213, 71, 30766)
(213, 185, 75304)
(213, 148, 17583)
(213, 130, 74321)
(213, 198, 43232)
(213, 187, 6693)
(213, 19, 55258)
(213, 44, 1291)
(213, 112, 98534)
(213, 97, 47287)
(213, 64, 3592)
(213, 206, 626)
(213, 208, 11853)
(213, 34, 97336)
(213, 76, 38086)
(213, 43, 98963)
(213, 3, 52459)
(213, 191, 57976)
(213, 201, 26555)
(213, 156, 19214)
(213, 167, 93340)
(213, 68, 27362)
(213, 88, 70110)
(213, 184, 81383)
(213, 17, 67613)
(213, 61, 40136)
(213, 70, 80506)
(213, 141, 39469)
(213, 54, 48061)
(213, 7, 79016)
(213, 194, 57673)
(213, 212, 36384)
(213, 127, 96256)
(213, 100, 41372)
(213, 9, 21237)
(213, 16, 14620)
(213, 22, 34427)
(213, 155, 93225)
(213, 115, 92316)
(213, 23, 22815)
(213, 21, 36281)
(213, 190, 7430)
(213, 92, 23137)
(213, 83, 45872)
(213, 154, 48804)
(213, 164, 18478)
(213, 46, 29016)
(213, 101, 13416)
(213, 180, 30750)
(213, 74, 8274)
(213, 211, 77111)
(213, 188, 67695)
(213, 79, 71763)
(213, 209, 98771)
(213, 91, 63264)
(213, 186, 65206)
(213, 82, 54635)
(213, 26, 59460)
(213, 195, 64965)
(213, 36, 71897)
(213, 171, 64635)
(213, 47, 46254)
(213, 107, 7733)
(213, 38, 40886)
(213, 99, 26725)
(213, 135, 42683)
(213, 29, 4945)
(213, 152, 27921)
(213, 75, 91953)
(213, 136, 51959)
(213, 109, 65374)
(213, 121, 92961)
(213, 18, 80117)
(213, 181, 88547)
(213, 131, 60604)
(213, 193, 52478)
(213, 108, 58668)
(213, 158, 1041)
(213, 118, 78888)
(213, 146, 94357)
(213, 85, 2149)
(213, 67, 27775)
(213, 183, 82832)
(213, 32, 50191)
(213, 163, 91881)
(213, 12, 83199)
(213, 182, 33635)
(213, 120, 55575)
(213, 159, 26284)
(213, 203, 81937)
(213, 174, 97151)
(213, 0, 59663)
(213, 204, 55709)
(213, 53, 46518)
(213, 140, 28634)
(213, 117, 33072)
(213, 58, 3636)
(213, 84, 91401)
(213, 172, 79689)
(213, 178, 83810)
(213, 113, 85013)
(213, 137, 80032)
(213, 49, 35760)
(213, 165, 50303)
(213, 144, 19226)
(213, 151, 15402)
(213, 179, 21639)
(213, 110, 32658)
(213, 104, 43501)
(213, 103, 81789)
(213, 87, 89094)
(213, 175, 84104)
(213, 105, 70193)
(213, 6, 80405)
(213, 25, 28809)
(213, 13, 74417)
(213, 66, 97165)
(213, 48, 76280)
(213, 161, 98720)
(213, 40, 41487)
(213, 65, 31215)
(213, 150, 81964)
(213, 37, 38119)
(213, 80, 28120)
(213, 176, 20511)
(213, 128, 31214)
(213, 30, 59383)
(213, 10, 95596)
(213, 125, 4171)
(213, 93, 97298)
(213, 202, 49135)
(213, 8, 62887)
(213, 60, 98292)
(213, 98, 62803)
(213, 168, 58931)
(213, 2, 59977)
(213, 28, 14357)
(213, 173, 32766)
(213, 96, 44704)
(213, 81, 17642)
(213, 160, 86183)
(213, 114, 17379)
(213, 207, 4653)
(213, 69, 4641)
(213, 177, 2333)
(213, 142, 75899)
(213, 1, 590)
(213, 62, 43768)
(213, 162, 43548)
(213, 31, 74193)
(214, 160, 26944)
(214, 181, 82969)
(214, 21, 30896)
(214, 137, 45931)
(214, 11, 52294)
(214, 204, 24882)
(214, 212, 32541)
(214, 44, 86653)
(214, 185, 73509)
(214, 37, 95949)
(214, 213, 94271)
(214, 132, 23726)
(214, 175, 95449)
(214, 177, 70525)
(214, 107, 8216)
(214, 167, 85227)
(214, 32, 7505)
(214, 198, 95207)
(214, 63, 56064)
(214, 156, 31833)
(214, 20, 82115)
(214, 171, 47308)
(214, 87, 35665)
(214, 119, 53305)
(214, 4, 2331)
(214, 58, 34138)
(214, 56, 54112)
(214, 81, 99735)
(214, 191, 36116)
(214, 68, 8522)
(214, 131, 59523)
(214, 203, 75883)
(214, 111, 11414)
(214, 90, 11648)
(214, 47, 20434)
(214, 112, 49694)
(214, 93, 70502)
(214, 176, 83988)
(214, 49, 91980)
(214, 25, 99338)
(214, 139, 59305)
(214, 128, 53680)
(214, 150, 33811)
(214, 190, 40053)
(214, 16, 78846)
(214, 80, 9626)
(214, 138, 83150)
(214, 27, 5041)
(214, 50, 82930)
(214, 3, 53682)
(214, 54, 38478)
(214, 193, 31113)
(214, 41, 24716)
(214, 43, 1245)
(214, 96, 2521)
(214, 14, 13231)
(214, 110, 77315)
(214, 199, 64001)
(214, 192, 21491)
(214, 15, 21047)
(214, 189, 63553)
(214, 120, 3853)
(214, 145, 47895)
(214, 170, 15397)
(214, 113, 84641)
(214, 172, 30513)
(214, 18, 47019)
(214, 202, 5917)
(214, 17, 2544)
(214, 102, 56941)
(214, 8, 98919)
(214, 162, 95865)
(214, 157, 68186)
(214, 31, 11923)
(214, 72, 15367)
(214, 76, 48561)
(214, 46, 68196)
(214, 114, 68776)
(214, 48, 50538)
(214, 188, 82977)
(214, 83, 23197)
(214, 95, 1823)
(214, 196, 64933)
(214, 53, 58490)
(214, 146, 95394)
(214, 194, 27712)
(214, 121, 41544)
(214, 92, 28016)
(214, 151, 81168)
(214, 208, 80300)
(214, 45, 31955)
(214, 184, 56101)
(214, 197, 59397)
(214, 135, 72496)
(214, 154, 52712)
(214, 169, 17894)
(214, 85, 49690)
(214, 211, 6128)
(214, 144, 55883)
(214, 12, 70311)
(214, 159, 75283)
(214, 40, 6961)
(214, 9, 64121)
(214, 130, 41079)
(214, 126, 35840)
(214, 136, 1624)
(214, 116, 92739)
(214, 64, 32143)
(214, 6, 20745)
(214, 115, 72764)
(214, 108, 91708)
(214, 13, 41941)
(214, 55, 33361)
(214, 205, 89591)
(214, 98, 56022)
(214, 129, 62593)
(214, 140, 53722)
(214, 100, 58565)
(214, 124, 16774)
(214, 94, 1175)
(214, 73, 47692)
(214, 123, 45229)
(214, 148, 10886)
(214, 209, 15479)
(214, 141, 91857)
(214, 158, 43683)
(214, 155, 64152)
(214, 153, 24990)
(214, 161, 70911)
(214, 91, 77930)
(214, 117, 17784)
(214, 195, 33875)
(214, 206, 77058)
(214, 36, 51614)
(214, 164, 15104)
(214, 168, 76308)
(214, 88, 38891)
(214, 65, 89808)
(214, 142, 82781)
(214, 152, 87509)
(214, 28, 12134)
(214, 79, 79095)
(214, 173, 75079)
(214, 187, 10401)
(214, 133, 75785)
(214, 61, 91539)
(214, 99, 26421)
(214, 74, 67539)
(214, 97, 74694)
(214, 104, 78174)
(214, 84, 46453)
(214, 207, 61254)
(214, 78, 72837)
(214, 42, 45968)
(214, 163, 83871)
(214, 69, 8390)
(214, 22, 68300)
(214, 1, 86565)
(214, 179, 82807)
(214, 89, 16145)
(214, 109, 90996)
(214, 122, 23092)
(214, 34, 34537)
(214, 106, 99221)
(214, 0, 48544)
(214, 66, 55701)
(214, 30, 90638)
(214, 165, 60587)
(214, 125, 67472)
(215, 93, 4303)
(215, 67, 81023)
(215, 190, 76627)
(215, 201, 45645)
(215, 23, 16249)
(215, 210, 99211)
(215, 118, 19343)
(215, 111, 96823)
(215, 71, 93713)
(215, 89, 24135)
(216, 188, 15065)
(216, 144, 19098)
(216, 170, 42534)
(216, 81, 87910)
(216, 140, 31814)
(216, 146, 48579)
(216, 165, 46448)
(216, 1, 95335)
(216, 57, 5704)
(216, 34, 25013)
(216, 145, 3119)
(216, 101, 87549)
(216, 42, 938)
(216, 201, 74206)
(216, 142, 33589)
(216, 139, 94302)
(216, 112, 21652)
(216, 185, 10547)
(216, 186, 92909)
(216, 38, 36972)
(216, 21, 84494)
(216, 26, 63394)
(216, 204, 97571)
(216, 203, 63666)
(216, 109, 18513)
(216, 149, 5701)
(216, 59, 37152)
(216, 16, 94490)
(216, 143, 77091)
(216, 33, 51712)
(216, 31, 66818)
(216, 113, 29681)
(216, 30, 25618)
(216, 68, 61581)
(216, 214, 41532)
(216, 103, 72799)
(216, 154, 54919)
(216, 27, 6146)
(216, 163, 66971)
(216, 111, 50279)
(216, 169, 27955)
(216, 179, 48803)
(216, 51, 7394)
(216, 80, 50817)
(216, 129, 14616)
(216, 0, 79855)
(216, 182, 47148)
(216, 92, 78523)
(216, 25, 63601)
(216, 107, 79969)
(216, 210, 40370)
(216, 135, 84567)
(216, 152, 9735)
(216, 82, 95480)
(216, 211, 24298)
(216, 17, 3928)
(216, 61, 3914)
(216, 60, 77319)
(216, 106, 9848)
(216, 174, 14927)
(216, 157, 9400)
(216, 162, 60805)
(216, 117, 76778)
(216, 48, 58355)
(217, 121, 33562)
(217, 157, 94675)
(217, 195, 58910)
(217, 75, 1889)
(217, 10, 30487)
(217, 100, 75999)
(217, 152, 7409)
(217, 127, 19318)
(217, 68, 48035)
(217, 42, 77978)
(217, 140, 20183)
(217, 104, 85311)
(217, 216, 97614)
(217, 110, 50609)
(217, 28, 2377)
(217, 3, 77219)
(217, 155, 54704)
(217, 147, 32776)
(217, 96, 25223)
(217, 211, 28906)
(217, 183, 27881)
(217, 77, 21723)
(217, 15, 43210)
(217, 173, 72731)
(217, 167, 75210)
(217, 79, 97352)
(217, 132, 15175)
(217, 161, 76766)
(217, 178, 25590)
(217, 47, 21367)
(217, 203, 66866)
(217, 145, 22933)
(217, 130, 84088)
(217, 17, 23494)
(217, 197, 79469)
(217, 101, 29785)
(217, 0, 80655)
(217, 166, 3358)
(217, 85, 22628)
(217, 49, 34575)
(217, 137, 60032)
(217, 112, 58243)
(217, 89, 3752)
(217, 209, 11299)
(217, 136, 40483)
(217, 83, 83190)
(217, 190, 4895)
(217, 191, 77159)
(217, 54, 62807)
(217, 149, 93100)
(217, 24, 97297)
(218, 127, 48161)
(218, 122, 7426)
(218, 140, 53623)
(218, 160, 92479)
(218, 47, 98387)
(218, 21, 14145)
(218, 15, 55755)
(218, 216, 67084)
(218, 58, 74122)
(218, 31, 46526)
(218, 103, 63865)
(218, 86, 9680)
(218, 129, 33587)
(218, 10, 20973)
(218, 94, 75380)
(218, 137, 57284)
(218, 34, 18443)
(218, 75, 40995)
(218, 130, 1145)
(218, 142, 43765)
(218, 13, 40924)
(218, 125, 11199)
(218, 189, 29195)
(218, 158, 74897)
(218, 201, 76752)
(218, 70, 41240)
(218, 55, 82523)
(218, 211, 43466)
(218, 198, 7389)
(218, 92, 5153)
(218, 28, 91732)
(218, 184, 81457)
(218, 110, 2088)
(218, 109, 78202)
(218, 68, 88308)
(218, 48, 20533)
(218, 204, 93053)
(218, 29, 27222)
(218, 149, 91143)
(218, 93, 87839)
(218, 139, 51690)
(218, 179, 88007)
(218, 170, 51664)
(218, 196, 96445)
(218, 148, 31371)
(218, 157, 58145)
(218, 123, 65148)
(218, 51, 61392)
(218, 176, 72137)
(218, 22, 81629)
(218, 118, 54036)
(218, 102, 90362)
(218, 116, 36376)
(218, 35, 8182)
(218, 112, 44583)
(218, 74, 5384)
(218, 24, 66322)
(218, 117, 88512)
(218, 209, 1397)
(218, 81, 91850)
(218, 25, 44754)
(218, 136, 5902)
(218, 145, 42088)
(218, 178, 51894)
(218, 191, 30395)
(218, 2, 30908)
(218, 67, 59800)
(218, 206, 39385)
(218, 203, 24936)
(218, 39, 24274)
(218, 5, 17066)
(218, 135, 85720)
(218, 43, 33775)
(218, 98, 70642)
(218, 171, 61179)
(218, 168, 93530)
(218, 61, 34280)
(218, 133, 32189)
(218, 69, 88083)
(218, 180, 44861)
(218, 76, 28903)
(218, 212, 41831)
(218, 188, 68525)
(218, 213, 44793)
(218, 18, 78116)
(218, 113, 93243)
(218, 95, 78011)
(218, 167, 7076)
(218, 30, 76958)
(218, 155, 54466)
(218, 80, 62466)
(218, 163, 94378)
(218, 217, 26665)
(218, 210, 42109)
(218, 6, 99447)
(218, 84, 24594)
(218, 20, 24430)
(218, 3, 6340)
(218, 82, 37528)
(218, 7, 77518)
(218, 131, 67919)
(218, 77, 24741)
(218, 192, 15945)
(218, 114, 38666)
(218, 27, 4873)
(218, 99, 90973)
(218, 19, 48749)
(218, 72, 80216)
(218, 193, 13762)
(218, 115, 44576)
(218, 12, 85780)
(218, 197, 77455)
(218, 63, 9186)
(218, 90, 26020)
(218, 42, 79381)
(218, 104, 56126)
(218, 54, 48924)
(218, 138, 77603)
(218, 65, 34529)
(218, 59, 33547)
(218, 134, 32199)
(218, 36, 73454)
(218, 126, 19456)
(218, 164, 58278)
(218, 79, 52817)
(218, 187, 36772)
(218, 44, 9214)
(218, 194, 79363)
(218, 185, 31201)
(218, 53, 54408)
(218, 161, 18939)
(218, 11, 98725)
(218, 121, 44945)
(218, 40, 74465)
(218, 73, 54711)
(218, 199, 92054)
(219, 42, 27432)
(219, 8, 20990)
(219, 49, 60720)
(219, 20, 70175)
(219, 43, 79797)
(219, 79, 77972)
(219, 61, 25333)
(219, 115, 66021)
(219, 99, 60191)
(219, 65, 71504)
(219, 169, 67620)
(219, 59, 75795)
(219, 187, 41059)
(219, 66, 19851)
(219, 186, 45063)
(219, 58, 78949)
(219, 87, 56066)
(219, 96, 79228)
(219, 215, 49498)
(219, 111, 74626)
(219, 50, 87028)
(219, 53, 22116)
(219, 41, 6668)
(219, 100, 3246)
(219, 178, 9603)
(219, 52, 6799)
(219, 103, 4761)
(219, 84, 37153)
(219, 177, 50211)
(219, 139, 44040)
(219, 213, 88447)
(219, 201, 91003)
(219, 170, 1134)
(219, 57, 36749)
(219, 153, 32356)
(219, 189, 16596)
(219, 127, 43808)
(219, 33, 71334)
(219, 30, 44335)
(219, 104, 84293)
(219, 145, 58637)
(219, 160, 66242)
(219, 31, 36512)
(219, 1, 21822)
(219, 155, 11137)
(219, 208, 86899)
(219, 85, 69792)
(219, 11, 1361)
(219, 44, 91846)
(219, 166, 31907)
(219, 209, 99994)
(219, 217, 25665)
(219, 26, 8224)
(219, 176, 98926)
(219, 90, 77227)
(219, 95, 47947)
(219, 179, 43769)
(219, 156, 73856)
(219, 73, 76851)
(219, 106, 72709)
(219, 82, 5829)
(219, 147, 66393)
(219, 67, 20808)
(219, 132, 99948)
(219, 92, 16912)
(219, 102, 55085)
(219, 109, 7694)
(219, 182, 9444)
(219, 173, 97514)
(219, 216, 19914)
(219, 212, 7342)
(219, 25, 24329)
(219, 184, 17090)
(219, 94, 28640)
(219, 121, 61818)
(219, 148, 79015)
(219, 211, 89707)
(219, 91, 18621)
(219, 17, 10255)
(219, 105, 52271)
(219, 78, 41073)
(219, 75, 56264)
(219, 19, 50387)
(219, 138, 16942)
(219, 64, 86033)
(219, 120, 86518)
(219, 171, 12724)
(219, 210, 33443)
(219, 46, 929)
(219, 39, 79654)
(219, 197, 47475)
(219, 168, 39500)
(219, 194, 89729)
(219, 40, 44894)
(219, 142, 91187)
(219, 77, 4306)
(219, 134, 7440)
(219, 162, 211)
(219, 13, 16271)
(219, 206, 14814)
(219, 6, 33727)
(219, 146, 48462)
(219, 32, 1432)
(219, 45, 57956)
(219, 108, 71047)
(219, 126, 76876)
(219, 16, 68700)
(219, 174, 18397)
(219, 86, 23409)
(219, 98, 15765)
(219, 202, 77472)
(219, 118, 63974)
(219, 214, 87679)
(219, 158, 91376)
(219, 113, 71502)
(219, 93, 24670)
(219, 114, 69284)
(219, 165, 33993)
(219, 38, 44288)
(219, 161, 79884)
(219, 18, 73005)
(219, 62, 24436)
(219, 141, 79567)
(219, 81, 52602)
(219, 97, 5830)
(219, 34, 72869)
(219, 159, 7233)
(219, 24, 99693)
(219, 23, 36021)
(219, 181, 27364)
(219, 149, 63735)
(219, 150, 67018)
(219, 144, 95046)
(219, 68, 35805)
(219, 51, 11963)
(219, 167, 41979)
(219, 200, 6199)
(219, 117, 29663)
(219, 14, 28985)
(219, 130, 65968)
(219, 183, 17921)
(219, 124, 79276)
(219, 101, 58122)
(219, 125, 24149)
(219, 123, 70452)
(219, 143, 21942)
(219, 157, 83504)
(219, 0, 36352)
(219, 35, 17346)
(219, 137, 63906)
(219, 56, 28182)
(219, 21, 72453)
(220, 155, 71606)
(220, 40, 39225)
(220, 138, 54543)
(220, 205, 97177)
(220, 82, 40613)
(220, 157, 70916)
(220, 30, 70251)
(220, 192, 88539)
(220, 190, 15775)
(220, 213, 73420)
(220, 88, 55526)
(220, 139, 3602)
(220, 150, 32114)
(220, 165, 54609)
(220, 33, 86686)
(220, 85, 24229)
(220, 50, 85308)
(220, 1, 12865)
(220, 104, 10327)
(220, 135, 21579)
(220, 171, 86698)
(220, 186, 7315)
(220, 217, 25336)
(220, 69, 73346)
(220, 185, 93093)
(220, 101, 53451)
(220, 46, 88681)
(220, 188, 51227)
(220, 200, 49096)
(220, 12, 25568)
(220, 140, 36927)
(220, 61, 45936)
(220, 24, 30924)
(220, 207, 1901)
(220, 83, 16427)
(220, 216, 12948)
(220, 106, 77665)
(220, 114, 68325)
(220, 136, 71403)
(220, 10, 86319)
(220, 118, 3156)
(220, 17, 41297)
(220, 27, 93242)
(220, 198, 2586)
(220, 180, 96327)
(220, 167, 71460)
(220, 214, 17560)
(220, 21, 46306)
(220, 113, 7215)
(220, 176, 5543)
(220, 120, 14407)
(220, 199, 18718)
(220, 41, 52952)
(220, 112, 91920)
(220, 191, 30990)
(220, 84, 100311)
(220, 59, 25291)
(220, 77, 95429)
(220, 81, 7521)
(221, 80, 27855)
(221, 53, 64728)
(221, 202, 18628)
(221, 193, 83664)
(221, 124, 22082)
(221, 180, 95864)
(221, 43, 37714)
(221, 123, 3974)
(221, 156, 15336)
(221, 106, 85031)
(221, 220, 17958)
(221, 74, 26576)
(221, 182, 85484)
(221, 178, 50379)
(221, 155, 4877)
(221, 51, 49983)
(221, 38, 58409)
(221, 207, 75964)
(221, 20, 29694)
(221, 88, 78277)
(221, 37, 67599)
(221, 52, 58433)
(221, 151, 46840)
(221, 31, 9615)
(221, 107, 81952)
(221, 166, 74451)
(221, 76, 51622)
(221, 28, 74369)
(221, 83, 56798)
(221, 171, 20968)
(221, 147, 82570)
(221, 40, 42436)
(221, 19, 37722)
(221, 15, 50232)
(221, 73, 85426)
(221, 113, 29911)
(221, 179, 5226)
(221, 118, 15785)
(221, 48, 26297)
(221, 94, 52182)
(221, 149, 43734)
(221, 141, 34447)
(221, 162, 76765)
(221, 187, 82183)
(221, 101, 27729)
(221, 196, 57191)
(221, 71, 48705)
(221, 159, 97468)
(221, 197, 45414)
(221, 191, 54663)
(221, 103, 20428)
(221, 81, 18977)
(221, 12, 94107)
(221, 133, 89059)
(221, 204, 41214)
(221, 78, 47521)
(221, 121, 32503)
(221, 39, 49125)
(221, 140, 13473)
(221, 87, 76945)
(221, 82, 60842)
(221, 112, 71595)
(221, 42, 62470)
(221, 168, 39970)
(221, 8, 64256)
(221, 150, 87385)
(221, 131, 58545)
(221, 161, 95707)
(221, 85, 51571)
(221, 25, 58279)
(221, 217, 37108)
(221, 160, 17756)
(221, 216, 82803)
(221, 135, 89880)
(221, 130, 55686)
(221, 105, 79754)
(221, 219, 77172)
(221, 9, 66354)
(221, 46, 68907)
(221, 176, 69994)
(221, 30, 22797)
(221, 86, 27210)
(221, 5, 40707)
(221, 1, 61020)
(221, 211, 24181)
(221, 84, 19219)
(221, 177, 90006)
(221, 100, 72222)
(221, 36, 61902)
(221, 137, 39332)
(221, 173, 64746)
(221, 115, 79331)
(221, 212, 89713)
(221, 185, 48676)
(221, 92, 45550)
(221, 54, 98552)
(221, 181, 43825)
(221, 203, 90078)
(221, 198, 28917)
(221, 96, 44767)
(221, 127, 83045)
(222, 72, 21921)
(222, 203, 49811)
(222, 74, 52051)
(222, 132, 76800)
(222, 29, 19979)
(222, 202, 25469)
(223, 12, 24382)
(223, 76, 38484)
(223, 159, 84275)
(223, 38, 57288)
(223, 189, 39628)
(223, 105, 63099)
(223, 110, 40603)
(223, 202, 41904)
(223, 142, 13738)
(223, 166, 68411)
(223, 162, 37621)
(223, 156, 95593)
(223, 71, 41375)
(223, 126, 62563)
(223, 14, 16712)
(223, 73, 10134)
(223, 28, 87898)
(223, 72, 76963)
(223, 83, 87965)
(223, 209, 77758)
(223, 115, 64747)
(223, 222, 57179)
(223, 21, 4707)
(223, 120, 30438)
(223, 150, 89968)
(223, 133, 2240)
(223, 30, 77490)
(223, 29, 23776)
(223, 119, 71710)
(223, 127, 32304)
(223, 50, 83180)
(223, 7, 2693)
(223, 37, 79965)
(223, 45, 46125)
(223, 3, 44998)
(223, 221, 93848)
(223, 170, 6943)
(223, 145, 95812)
(223, 151, 95695)
(223, 46, 23904)
(223, 149, 3113)
(223, 36, 78313)
(223, 193, 27075)
(223, 197, 19508)
(223, 132, 15258)
(223, 111, 51072)
(223, 147, 49432)
(223, 125, 22708)
(223, 141, 80877)
(223, 173, 63493)
(223, 208, 91180)
(223, 2, 60519)
(223, 0, 25191)
(223, 99, 20332)
(223, 27, 34951)
(223, 102, 62927)
(223, 171, 55015)
(223, 52, 79290)
(223, 10, 21303)
(223, 103, 4153)
(223, 186, 79575)
(223, 93, 81884)
(223, 108, 73333)
(223, 188, 80434)
(223, 35, 31968)
(223, 66, 43972)
(223, 11, 4466)
(223, 129, 96311)
(223, 114, 88597)
(223, 9, 51117)
(223, 23, 13385)
(223, 206, 79896)
(223, 160, 45279)
(223, 137, 81315)
(223, 213, 4870)
(223, 123, 32901)
(223, 58, 35697)
(223, 187, 17725)
(223, 48, 13287)
(223, 220, 10919)
(223, 179, 19516)
(223, 219, 22282)
(223, 154, 73044)
(223, 194, 90376)
(223, 64, 3194)
(223, 184, 61754)
(223, 131, 85807)
(223, 55, 33479)
(223, 176, 72522)
(223, 89, 53179)
(223, 47, 32037)
(223, 124, 16834)
(223, 185, 7257)
(223, 157, 60005)
(223, 92, 71632)
(223, 217, 48319)
(223, 34, 90412)
(223, 203, 26413)
(223, 32, 34062)
(223, 68, 13014)
(223, 91, 2537)
(223, 59, 43319)
(223, 180, 33180)
(223, 164, 7007)
(223, 4, 51074)
(223, 163, 85095)
(223, 70, 68588)
(223, 18, 43067)
(223, 74, 34870)
(223, 106, 77638)
(223, 198, 88604)
(223, 152, 62063)
(223, 31, 8211)
(223, 96, 12849)
(223, 33, 34118)
(223, 165, 63080)
(223, 158, 30407)
(223, 8, 62973)
(223, 75, 46930)
(223, 86, 5469)
(223, 178, 62496)
(223, 205, 12737)
(223, 107, 18327)
(223, 177, 77287)
(223, 15, 40769)
(223, 44, 77546)
(223, 211, 90658)
(223, 22, 15767)
(223, 43, 90075)
(223, 25, 58944)
(223, 182, 22872)
(223, 214, 18599)
(223, 39, 1421)
(223, 78, 63203)
(223, 90, 75038)
(223, 5, 100003)
(223, 60, 71550)
(223, 139, 2231)
(223, 80, 5585)
(223, 113, 91219)
(223, 199, 21900)
(223, 13, 65508)
(223, 62, 65378)
(223, 116, 28924)
(223, 101, 3266)
(223, 196, 81284)
(223, 195, 4296)
(223, 143, 81824)
(223, 174, 34503)
(223, 94, 56937)
(223, 122, 14580)
(223, 98, 5231)
(223, 26, 21308)
(223, 53, 89160)
(223, 201, 60687)
(223, 40, 86469)
(223, 200, 47143)
(223, 183, 24806)
(223, 49, 55783)
(223, 130, 92533)
(223, 42, 64275)
(223, 85, 40675)
(223, 138, 83726)
(223, 6, 77375)
(223, 134, 17435)
(223, 81, 53807)
(223, 95, 60417)
(223, 117, 940)
(223, 218, 90030)
(223, 144, 14089)
(223, 190, 26634)
(223, 20, 82736)
(223, 61, 94616)
(223, 210, 79839)
(223, 77, 43959)
(223, 169, 24327)
(223, 148, 6118)
(223, 82, 26108)
(223, 109, 95419)
(223, 54, 55559)
(223, 41, 53786)
(223, 69, 33975)
(223, 67, 93766)
(224, 180, 22610)
(224, 162, 75142)
(224, 135, 99501)
(224, 152, 45969)
(224, 160, 67170)
(224, 33, 57675)
(224, 31, 90071)
(224, 102, 15228)
(224, 84, 26662)
(224, 39, 73519)
(224, 28, 36842)
(224, 218, 25086)
(224, 158, 19932)
(224, 149, 60944)
(224, 118, 20746)
(224, 221, 46502)
(225, 140, 38522)
(225, 178, 99555)
(225, 193, 63403)
(225, 112, 7301)
(225, 88, 56606)
(225, 206, 334)
(225, 138, 69779)
(225, 100, 64658)
(225, 69, 83365)
(225, 164, 31041)
(225, 17, 24393)
(225, 95, 95132)
(225, 168, 92532)
(225, 4, 22652)
(225, 216, 9583)
(225, 111, 56038)
(225, 8, 13672)
(225, 63, 39758)
(225, 194, 24145)
(225, 41, 44307)
(225, 107, 50571)
(225, 113, 78496)
(225, 214, 25959)
(225, 83, 91064)
(225, 43, 37506)
(225, 68, 3091)
(225, 91, 63405)
(225, 98, 55169)
(225, 156, 18229)
(225, 25, 91575)
(225, 199, 96688)
(225, 157, 42359)
(225, 50, 9256)
(225, 130, 14173)
(225, 27, 18373)
(225, 169, 70394)
(225, 118, 91974)
(225, 29, 99574)
(225, 87, 22614)
(226, 197, 60100)
(226, 55, 55606)
(226, 199, 73596)
(226, 217, 7839)
(226, 198, 59423)
(226, 30, 5903)
(226, 174, 33568)
(226, 172, 48475)
(226, 180, 92513)
(226, 67, 22690)
(226, 78, 1632)
(226, 124, 82603)
(226, 44, 74523)
(226, 80, 8334)
(226, 177, 5178)
(226, 53, 73738)
(226, 34, 69956)
(226, 52, 33678)
(226, 187, 5431)
(226, 186, 57354)
(226, 222, 97858)
(226, 152, 34007)
(226, 134, 57409)
(226, 200, 92146)
(226, 102, 57767)
(226, 77, 25577)
(226, 118, 78290)
(226, 212, 92598)
(226, 105, 79133)
(226, 3, 59951)
(226, 98, 48703)
(226, 41, 87457)
(226, 146, 17018)
(226, 0, 85993)
(226, 69, 30941)
(226, 13, 1092)
(226, 144, 53501)
(226, 189, 66888)
(226, 211, 17735)
(226, 16, 8302)
(226, 151, 67963)
(226, 163, 18030)
(226, 117, 34654)
(226, 85, 7452)
(226, 8, 14497)
(226, 161, 42313)
(226, 95, 94785)
(226, 49, 85693)
(226, 175, 15736)
(226, 203, 67888)
(226, 22, 87945)
(226, 63, 13399)
(226, 221, 58308)
(226, 29, 7246)
(226, 51, 17318)
(226, 195, 8791)
(226, 17, 38539)
(226, 137, 50801)
(226, 7, 49415)
(226, 143, 94135)
(226, 86, 93812)
(226, 162, 41145)
(226, 108, 96105)
(226, 220, 40730)
(226, 166, 52892)
(226, 184, 97203)
(226, 74, 18160)
(226, 104, 68069)
(226, 48, 47457)
(226, 225, 48349)
(226, 37, 5683)
(226, 82, 38439)
(226, 140, 72937)
(226, 170, 99724)
(226, 54, 19461)
(226, 35, 87126)
(226, 129, 65018)
(226, 201, 66836)
(226, 112, 97589)
(226, 132, 43820)
(226, 176, 83143)
(226, 194, 93606)
(226, 113, 21542)
(226, 164, 18321)
(226, 76, 88157)
(226, 173, 21013)
(226, 122, 32013)
(226, 139, 49137)
(226, 142, 13279)
(226, 160, 25808)
(226, 182, 57616)
(226, 128, 49981)
(226, 141, 74697)
(226, 110, 87619)
(226, 188, 82939)
(226, 148, 9895)
(226, 75, 14817)
(226, 59, 46804)
(226, 215, 97801)
(226, 153, 41767)
(226, 114, 1750)
(226, 62, 36739)
(226, 202, 83280)
(226, 25, 39213)
(226, 40, 63750)
(226, 88, 8249)
(226, 224, 16916)
(226, 101, 2290)
(226, 106, 8)
(226, 123, 87971)
(226, 121, 12818)
(226, 36, 10020)
(226, 66, 91055)
(226, 214, 90422)
(226, 84, 5595)
(226, 135, 79077)
(226, 26, 35332)
(226, 6, 98948)
(226, 24, 27922)
(226, 23, 50023)
(227, 73, 63923)
(227, 211, 63652)
(227, 115, 37337)
(227, 34, 3464)
(227, 6, 14729)
(227, 13, 68532)
(227, 0, 63510)
(227, 150, 99127)
(227, 107, 15160)
(227, 17, 65467)
(227, 98, 60329)
(227, 152, 99172)
(227, 181, 88817)
(227, 207, 44441)
(227, 10, 78507)
(227, 27, 420)
(227, 112, 18704)
(227, 135, 57933)
(227, 48, 36706)
(227, 25, 45868)
(227, 174, 60344)
(227, 15, 89657)
(227, 3, 19952)
(227, 210, 55791)
(227, 120, 91616)
(227, 195, 93607)
(227, 141, 2072)
(227, 223, 83807)
(227, 158, 95189)
(227, 136, 60610)
(227, 190, 38868)
(227, 52, 22569)
(227, 49, 43095)
(227, 143, 31857)
(227, 148, 72588)
(227, 92, 86519)
(227, 86, 83131)
(227, 183, 58004)
(227, 116, 51044)
(227, 175, 49769)
(227, 30, 25235)
(227, 90, 76319)
(227, 182, 3341)
(227, 18, 15227)
(227, 76, 31338)
(227, 146, 77498)
(227, 85, 38253)
(227, 151, 29896)
(227, 42, 96917)
(227, 166, 91011)
(227, 65, 92675)
(227, 8, 88387)
(227, 72, 52144)
(227, 168, 77470)
(227, 194, 57678)
(227, 79, 47128)
(227, 199, 3798)
(227, 41, 64147)
(227, 185, 27994)
(227, 23, 67241)
(227, 103, 28851)
(227, 97, 38430)
(227, 51, 74634)
(227, 205, 36544)
(227, 35, 36935)
(227, 68, 94229)
(227, 19, 11471)
(227, 157, 66441)
(227, 119, 2097)
(227, 4, 8916)
(227, 221, 19381)
(227, 198, 96171)
(227, 106, 34226)
(227, 105, 4121)
(227, 149, 37645)
(227, 206, 17152)
(227, 60, 18877)
(227, 81, 43777)
(227, 132, 78545)
(227, 44, 40119)
(227, 123, 30148)
(227, 11, 90529)
(227, 191, 22601)
(227, 128, 13041)
(227, 99, 23844)
(227, 137, 30931)
(227, 63, 65408)
(227, 122, 49317)
(227, 118, 16660)
(227, 177, 89216)
(227, 140, 58467)
(227, 196, 35399)
(227, 54, 38328)
(227, 82, 75790)
(227, 109, 64185)
(227, 100, 61346)
(227, 113, 49722)
(227, 154, 92215)
(227, 200, 4636)
(227, 69, 11994)
(227, 197, 43636)
(227, 192, 37199)
(227, 104, 34517)
(227, 93, 28430)
(227, 225, 5511)
(227, 226, 398)
(227, 37, 77663)
(227, 56, 30244)
(227, 131, 35844)
(227, 57, 29740)
(227, 117, 30278)
(227, 96, 62138)
(227, 78, 40358)
(227, 215, 99878)
(227, 88, 19569)
(227, 126, 33687)
(227, 212, 50850)
(227, 159, 42107)
(227, 203, 1255)
(227, 218, 47119)
(227, 94, 57688)
(227, 156, 85842)
(227, 170, 20096)
(227, 26, 42774)
(227, 167, 65705)
(227, 62, 48329)
(227, 102, 66270)
(227, 32, 38101)
(227, 222, 35432)
(227, 59, 30143)
(227, 108, 83123)
(227, 38, 91033)
(227, 16, 32353)
(227, 133, 41150)
(227, 204, 18293)
(227, 61, 87897)
(227, 80, 63990)
(227, 139, 97884)
(227, 176, 78529)
(227, 114, 60996)
(227, 66, 94002)
(227, 186, 14339)
(227, 28, 12056)
(227, 178, 30467)
(227, 173, 81172)
(227, 64, 61143)
(227, 67, 83352)
(227, 180, 2722)
(227, 219, 28895)
(227, 87, 77862)
(227, 155, 68794)
(227, 161, 34006)
(227, 217, 41167)
(227, 36, 96304)
(227, 164, 38433)
(227, 9, 70728)
(227, 101, 6797)
(227, 124, 21607)
(227, 20, 88903)
(227, 127, 7324)
(228, 201, 64589)
(228, 184, 21812)
(228, 166, 95960)
(228, 219, 53892)
(228, 45, 50277)
(228, 173, 55646)
(228, 52, 49488)
(228, 80, 37812)
(228, 20, 69096)
(228, 180, 63997)
(228, 135, 66850)
(228, 110, 76576)
(228, 138, 62966)
(228, 133, 70604)
(228, 164, 88247)
(228, 100, 43200)
(228, 23, 27239)
(228, 203, 75006)
(228, 141, 36403)
(228, 130, 88316)
(228, 119, 31685)
(228, 7, 96778)
(228, 167, 40286)
(228, 188, 3237)
(228, 27, 50162)
(228, 90, 12308)
(228, 50, 67066)
(228, 64, 22613)
(228, 21, 1150)
(228, 171, 90428)
(228, 11, 17539)
(228, 177, 12791)
(228, 192, 42538)
(228, 147, 65938)
(228, 59, 76751)
(228, 2, 8806)
(228, 142, 27774)
(228, 170, 53212)
(228, 95, 30211)
(228, 172, 64043)
(228, 0, 86385)
(228, 195, 6482)
(228, 148, 88739)
(228, 39, 54222)
(228, 183, 58736)
(228, 9, 74910)
(228, 116, 64167)
(228, 40, 10522)
(228, 43, 25804)
(228, 136, 13714)
(228, 160, 10335)
(228, 168, 80647)
(228, 182, 30391)
(228, 210, 96108)
(228, 200, 35530)
(228, 225, 71031)
(228, 194, 10366)
(228, 102, 39754)
(228, 213, 82796)
(228, 126, 69622)
(228, 99, 48523)
(228, 196, 78851)
(228, 36, 62778)
(228, 122, 90469)
(228, 165, 91387)
(228, 22, 78635)
(228, 205, 69164)
(228, 67, 76668)
(228, 197, 31965)
(228, 31, 21661)
(228, 69, 28041)
(228, 162, 22395)
(228, 120, 37705)
(228, 129, 61631)
(228, 224, 24761)
(228, 181, 41089)
(228, 134, 44556)
(228, 13, 88366)
(228, 128, 81767)
(228, 207, 75121)
(228, 150, 57800)
(228, 49, 24774)
(228, 105, 41594)
(228, 71, 54745)
(228, 161, 36648)
(228, 18, 15213)
(228, 93, 9712)
(228, 94, 82367)
(228, 17, 27251)
(228, 176, 56677)
(228, 3, 33350)
(228, 190, 99850)
(228, 82, 97789)
(228, 189, 53174)
(228, 117, 21280)
(228, 212, 7786)
(228, 186, 55206)
(228, 108, 73079)
(228, 65, 58996)
(228, 41, 17375)
(228, 57, 16597)
(228, 185, 32194)
(228, 5, 50241)
(228, 19, 62097)
(228, 112, 33140)
(228, 44, 21427)
(228, 114, 67301)
(228, 137, 59803)
(228, 151, 3278)
(228, 87, 48938)
(228, 10, 29841)
(228, 169, 21511)
(228, 158, 72744)
(228, 61, 49937)
(228, 218, 19615)
(228, 121, 68765)
(228, 15, 27168)
(228, 174, 75062)
(228, 163, 19762)
(228, 24, 12369)
(228, 217, 67047)
(228, 159, 6182)
(228, 221, 19640)
(228, 97, 59093)
(228, 66, 47761)
(228, 48, 27063)
(228, 6, 48611)
(228, 74, 31832)
(228, 154, 29754)
(228, 223, 17824)
(228, 125, 50205)
(228, 1, 13633)
(228, 8, 80564)
(228, 78, 61517)
(228, 28, 3287)
(228, 73, 72977)
(228, 98, 75613)
(228, 227, 68785)
(228, 179, 45720)
(228, 131, 223)
(228, 214, 4083)
(228, 34, 90263)
(228, 193, 46825)
(228, 56, 76987)
(228, 220, 4276)
(228, 81, 29300)
(228, 54, 11087)
(228, 33, 60042)
(228, 208, 40031)
(228, 123, 11958)
(228, 79, 68526)
(228, 72, 3811)
(228, 111, 94435)
(228, 53, 45563)
(228, 84, 85709)
(228, 77, 38068)
(228, 202, 84101)
(228, 156, 55697)
(228, 118, 81517)
(228, 62, 61459)
(228, 68, 88446)
(228, 35, 8845)
(228, 4, 86342)
(228, 106, 13518)
(228, 155, 56557)
(228, 209, 12574)
(228, 60, 38899)
(228, 144, 3555)
(228, 55, 94476)
(228, 143, 69434)
(228, 89, 77148)
(228, 206, 60118)
(228, 175, 24395)
(228, 226, 88470)
(228, 204, 48029)
(228, 199, 24874)
(228, 139, 53842)
(228, 132, 68826)
(228, 140, 96193)
(228, 103, 7306)
(228, 88, 73173)
(228, 58, 64334)
(228, 216, 21498)
(228, 178, 88826)
(228, 75, 49551)
(228, 198, 39586)
(228, 215, 53200)
(228, 157, 44038)
(228, 47, 25567)
(228, 25, 13330)
(228, 63, 27436)
(228, 113, 85675)
(229, 172, 96138)
(229, 203, 56649)
(229, 128, 87849)
(229, 158, 8110)
(229, 171, 51845)
(229, 148, 25168)
(229, 142, 5626)
(229, 108, 18664)
(229, 140, 54941)
(229, 49, 57100)
(229, 208, 61559)
(229, 154, 32200)
(229, 221, 44841)
(229, 54, 65106)
(229, 4, 39422)
(229, 159, 94732)
(229, 120, 9425)
(229, 164, 80215)
(229, 36, 84274)
(229, 115, 26703)
(229, 28, 27924)
(229, 75, 28916)
(229, 200, 54361)
(229, 102, 16151)
(229, 147, 47165)
(229, 199, 20177)
(229, 72, 37094)
(229, 50, 9857)
(229, 131, 76126)
(229, 91, 38281)
(229, 35, 43482)
(229, 210, 77128)
(229, 132, 9242)
(229, 121, 28995)
(229, 183, 89810)
(229, 197, 77215)
(229, 202, 96206)
(229, 64, 98905)
(229, 0, 80698)
(229, 119, 59762)
(229, 113, 78482)
(229, 139, 85043)
(229, 32, 70457)
(229, 77, 78408)
(229, 226, 55432)
(229, 42, 42957)
(229, 122, 97899)
(229, 86, 2688)
(229, 71, 54073)
(229, 116, 29276)
(229, 76, 49538)
(229, 68, 51679)
(229, 60, 16007)
(229, 105, 14082)
(229, 192, 836)
(229, 51, 34965)
(229, 100, 7589)
(229, 205, 54434)
(229, 84, 94163)
(229, 99, 34895)
(229, 228, 74437)
(229, 114, 19850)
(229, 7, 48962)
(229, 217, 23255)
(229, 135, 64095)
(229, 17, 25903)
(229, 136, 81979)
(229, 179, 59160)
(229, 39, 14103)
(229, 151, 52177)
(229, 55, 78644)
(229, 214, 75696)
(229, 168, 24077)
(229, 194, 3300)
(229, 97, 51741)
(229, 101, 16484)
(229, 90, 48734)
(229, 41, 83309)
(229, 45, 75768)
(229, 218, 44475)
(229, 83, 91969)
(229, 88, 73048)
(229, 186, 1969)
(229, 224, 50046)
(229, 184, 90704)
(229, 73, 69203)
(229, 112, 24042)
(229, 134, 2371)
(229, 33, 12602)
(229, 162, 52166)
(229, 106, 16385)
(229, 62, 70961)
(229, 130, 85879)
(229, 93, 15442)
(229, 127, 3588)
(229, 196, 81082)
(229, 19, 12141)
(229, 117, 13234)
(229, 59, 88153)
(229, 174, 23454)
(229, 110, 49215)
(229, 126, 65804)
(229, 211, 58925)
(229, 48, 81409)
(229, 187, 99562)
(230, 131, 35603)
(230, 32, 16346)
(230, 224, 49873)
(230, 192, 52682)
(230, 164, 17833)
(230, 223, 17658)
(230, 204, 88928)
(230, 187, 54513)
(230, 215, 66569)
(230, 207, 47240)
(230, 138, 99237)
(230, 75, 14627)
(230, 47, 98774)
(230, 167, 12684)
(230, 4, 20147)
(230, 210, 71513)
(230, 133, 1999)
(230, 0, 44979)
(230, 62, 18855)
(230, 198, 32793)
(230, 152, 13867)
(230, 188, 34749)
(230, 165, 20911)
(230, 38, 68458)
(230, 92, 77007)
(230, 6, 17089)
(230, 80, 7175)
(230, 135, 47771)
(230, 203, 3064)
(230, 155, 3205)
(230, 18, 6519)
(230, 202, 44934)
(230, 186, 31645)
(230, 27, 97559)
(230, 134, 93280)
(230, 111, 91452)
(230, 21, 12486)
(230, 197, 6906)
(230, 102, 31998)
(230, 200, 44628)
(230, 36, 17687)
(230, 180, 97590)
(230, 66, 1738)
(230, 69, 95970)
(230, 199, 53990)
(230, 61, 30506)
(230, 181, 59610)
(230, 1, 54191)
(230, 227, 97441)
(230, 122, 36128)
(230, 117, 80166)
(230, 136, 18973)
(230, 73, 96871)
(230, 71, 81768)
(230, 190, 98686)
(230, 173, 96928)
(230, 130, 22532)
(230, 14, 54134)
(230, 10, 50775)
(230, 127, 42376)
(230, 98, 90492)
(230, 26, 4630)
(230, 115, 90350)
(230, 76, 55132)
(230, 72, 81429)
(230, 100, 68736)
(230, 25, 84723)
(230, 171, 30557)
(230, 30, 9885)
(230, 9, 82458)
(230, 219, 24136)
(230, 64, 98386)
(230, 154, 70038)
(230, 2, 42801)
(230, 208, 47916)
(230, 31, 89429)
(230, 214, 24323)
(230, 137, 7721)
(230, 57, 19661)
(230, 108, 38315)
(230, 161, 11124)
(230, 185, 9266)
(230, 104, 22760)
(230, 195, 83052)
(230, 183, 1732)
(230, 24, 25793)
(230, 20, 37237)
(230, 39, 68247)
(230, 228, 55540)
(230, 28, 14253)
(230, 160, 1273)
(230, 194, 41540)
(230, 143, 61731)
(230, 129, 85362)
(230, 35, 31023)
(230, 118, 66759)
(230, 101, 13822)
(230, 65, 84907)
(230, 125, 48242)
(230, 178, 62908)
(230, 13, 19014)
(230, 56, 69665)
(230, 84, 71362)
(230, 89, 72900)
(230, 96, 31202)
(230, 156, 79135)
(230, 52, 43904)
(230, 49, 41754)
(230, 46, 19867)
(230, 41, 52527)
(230, 5, 70154)
(230, 85, 96165)
(230, 50, 40222)
(230, 60, 41343)
(230, 94, 60009)
(230, 213, 5106)
(230, 177, 76433)
(230, 226, 86736)
(230, 144, 61316)
(230, 43, 59855)
(230, 88, 82091)
(230, 51, 47941)
(230, 121, 22568)
(230, 3, 96402)
(230, 23, 88167)
(230, 141, 59823)
(230, 189, 51089)
(230, 157, 2884)
(230, 218, 94812)
(230, 179, 1916)
(230, 106, 7649)
(230, 126, 73618)
(230, 16, 56541)
(230, 191, 66456)
(230, 201, 36622)
(230, 112, 10600)
(230, 166, 51059)
(230, 70, 99235)
(230, 81, 47364)
(230, 99, 46750)
(230, 162, 50967)
(230, 147, 56258)
(230, 132, 99583)
(230, 150, 24458)
(230, 58, 63249)
(230, 82, 6815)
(230, 120, 16186)
(230, 182, 21680)
(230, 7, 54360)
(230, 193, 26262)
(230, 33, 93845)
(230, 196, 91008)
(230, 176, 99173)
(230, 153, 19208)
(230, 42, 49248)
(230, 217, 24254)
(230, 54, 95252)
(230, 159, 74267)
(230, 109, 63221)
(230, 67, 89067)
(230, 145, 89576)
(230, 55, 48854)
(230, 168, 40644)
(230, 77, 54849)
(230, 79, 31222)
(230, 184, 97344)
(230, 128, 40021)
(230, 205, 85802)
(230, 158, 4915)
(230, 140, 32000)
(230, 225, 97198)
(230, 22, 67983)
(230, 95, 40597)
(230, 48, 14563)
(230, 123, 72236)
(230, 172, 54646)
(230, 78, 42499)
(230, 110, 64107)
(230, 8, 53314)
(230, 124, 48080)
(230, 107, 2207)
(230, 17, 53166)
(230, 15, 93522)
(230, 151, 50075)
(230, 229, 97665)
(230, 74, 1564)
(230, 163, 82743)
(230, 114, 37023)
(230, 87, 81663)
(230, 34, 11350)
(230, 209, 36057)
(230, 19, 83308)
(230, 175, 94967)
(230, 146, 94015)
(230, 174, 2994)
(230, 44, 91102)
(230, 45, 53929)
(230, 222, 72378)
(230, 63, 50221)
(230, 206, 82210)
(230, 83, 33644)
(230, 53, 7821)
(230, 68, 9)
(230, 105, 56635)
(230, 29, 77377)
(230, 103, 97592)
(230, 211, 77525)
(230, 119, 60956)
(230, 212, 79732)
(230, 113, 35292)
(230, 12, 93909)
(230, 93, 22288)
(230, 59, 50658)
(230, 11, 9863)
(230, 97, 11904)
(230, 221, 23670)
(230, 170, 27016)
(230, 37, 47437)
(230, 90, 87586)
(230, 216, 10066)
(230, 86, 98356)
(230, 139, 32253)
(230, 142, 65534)
(230, 116, 40700)
(230, 220, 100208)
(231, 185, 43661)
(231, 227, 28645)
(231, 74, 23541)
(231, 205, 78239)
(231, 130, 22213)
(231, 5, 99995)
(231, 131, 6232)
(231, 184, 37481)
(231, 115, 69639)
(231, 104, 54315)
(231, 177, 100004)
(231, 149, 6406)
(231, 81, 15192)
(231, 48, 13775)
(231, 157, 20870)
(231, 223, 45294)
(231, 102, 45440)
(231, 169, 66408)
(231, 226, 59290)
(231, 163, 47279)
(231, 168, 83782)
(231, 13, 44379)
(231, 197, 56360)
(231, 18, 20962)
(231, 61, 50196)
(231, 119, 16008)
(231, 36, 55490)
(231, 221, 97445)
(231, 189, 5382)
(231, 30, 41511)
(231, 194, 73718)
(231, 70, 46960)
(231, 224, 49447)
(231, 112, 43833)
(231, 136, 38079)
(231, 90, 29438)
(231, 50, 72266)
(231, 108, 15522)
(231, 165, 861)
(231, 76, 61406)
(231, 151, 19875)
(231, 162, 55165)
(231, 123, 52481)
(231, 182, 71802)
(231, 46, 215)
(231, 143, 7018)
(231, 17, 58352)
(231, 121, 77192)
(231, 55, 53167)
(231, 152, 90538)
(231, 204, 61390)
(231, 113, 50284)
(231, 67, 53660)
(231, 106, 6657)
(231, 207, 45519)
(231, 147, 66279)
(231, 179, 34317)
(231, 93, 18027)
(231, 35, 33305)
(231, 192, 88454)
(231, 216, 38276)
(231, 200, 39141)
(231, 99, 36457)
(231, 212, 13740)
(231, 117, 2707)
(231, 77, 44212)
(231, 88, 90101)
(231, 40, 95120)
(232, 202, 89599)
(232, 176, 58587)
(232, 12, 84860)
(232, 144, 61280)
(232, 37, 29693)
(232, 78, 7469)
(232, 84, 29160)
(232, 11, 21006)
(232, 25, 99986)
(232, 173, 44940)
(232, 47, 83185)
(232, 228, 21790)
(232, 43, 91512)
(232, 177, 83574)
(232, 4, 68082)
(232, 48, 76065)
(232, 159, 91503)
(232, 225, 13795)
(232, 9, 72553)
(232, 67, 41783)
(232, 179, 40113)
(232, 152, 35923)
(232, 154, 78795)
(232, 170, 22343)
(232, 62, 24696)
(232, 168, 8613)
(232, 161, 11413)
(232, 180, 71029)
(232, 134, 99164)
(232, 96, 25046)
(232, 158, 60817)
(232, 90, 19175)
(232, 13, 34726)
(232, 105, 46007)
(232, 175, 53137)
(232, 80, 10804)
(232, 145, 61660)
(232, 53, 79877)
(232, 190, 72498)
(232, 196, 81612)
(232, 142, 46606)
(232, 20, 57297)
(232, 63, 70602)
(232, 77, 13944)
(232, 192, 99149)
(232, 206, 65358)
(232, 91, 39939)
(232, 207, 6566)
(232, 203, 91465)
(232, 103, 88909)
(233, 232, 13418)
(233, 187, 41596)
(233, 29, 39145)
(233, 109, 66968)
(233, 166, 46356)
(233, 54, 98614)
(233, 163, 52863)
(233, 185, 32251)
(233, 37, 68791)
(233, 205, 17316)
(233, 26, 39319)
(233, 228, 15710)
(233, 152, 51492)
(233, 153, 11573)
(233, 12, 68585)
(233, 179, 12569)
(233, 30, 60919)
(233, 4, 61693)
(233, 36, 78089)
(233, 10, 39262)
(233, 82, 74887)
(233, 55, 41139)
(233, 99, 54845)
(233, 38, 57054)
(233, 22, 5748)
(233, 139, 85716)
(233, 159, 48912)
(233, 161, 85058)
(233, 147, 36256)
(233, 33, 21178)
(233, 21, 15124)
(233, 128, 66936)
(233, 47, 84789)
(233, 83, 24522)
(233, 131, 45597)
(233, 125, 4640)
(233, 101, 37537)
(233, 35, 31319)
(233, 135, 46684)
(233, 220, 11738)
(233, 103, 94683)
(233, 226, 94187)
(233, 132, 99101)
(233, 180, 44074)
(233, 42, 86663)
(233, 218, 47995)
(233, 108, 20330)
(233, 181, 2779)
(233, 151, 65089)
(233, 52, 38464)
(233, 213, 34476)
(233, 129, 84269)
(233, 154, 24195)
(233, 32, 90756)
(233, 53, 35407)
(233, 18, 93572)
(233, 79, 48391)
(233, 197, 89391)
(233, 98, 40895)
(233, 142, 99409)
(233, 93, 81704)
(233, 48, 28542)
(233, 195, 16025)
(233, 63, 73149)
(233, 113, 36273)
(233, 130, 14153)
(233, 118, 5157)
(233, 219, 9455)
(233, 76, 47248)
(233, 84, 52454)
(233, 191, 27104)
(233, 221, 80664)
(233, 127, 14690)
(233, 46, 13303)
(233, 16, 5285)
(233, 72, 61647)
(233, 190, 41719)
(233, 60, 50783)
(233, 194, 97405)
(233, 196, 25682)
(233, 122, 21961)
(233, 31, 30131)
(233, 50, 64059)
(233, 110, 5975)
(233, 158, 12951)
(233, 61, 25529)
(233, 28, 11551)
(233, 214, 26884)
(233, 5, 48410)
(233, 58, 51491)
(233, 164, 74786)
(233, 11, 94873)
(233, 192, 21095)
(233, 70, 11225)
(233, 57, 27802)
(233, 203, 56652)
(233, 208, 70070)
(233, 188, 17156)
(233, 176, 4177)
(233, 189, 84142)
(233, 116, 21086)
(233, 177, 36793)
(233, 120, 33758)
(233, 78, 54091)
(233, 13, 29879)
(233, 143, 25110)
(233, 206, 779)
(233, 225, 69314)
(233, 95, 26241)
(233, 165, 53636)
(233, 157, 54185)
(233, 92, 24223)
(233, 169, 44572)
(233, 173, 68663)
(233, 200, 74237)
(233, 59, 11970)
(233, 186, 61117)
(233, 9, 36203)
(234, 82, 55442)
(234, 198, 44925)
(234, 47, 69842)
(234, 147, 47362)
(234, 2, 100212)
(234, 14, 36046)
(234, 99, 15719)
(234, 138, 61572)
(234, 212, 88577)
(234, 188, 92778)
(234, 193, 77127)
(234, 173, 88277)
(234, 64, 15481)
(234, 221, 29051)
(234, 124, 85848)
(234, 118, 58321)
(234, 164, 72360)
(234, 181, 64977)
(234, 107, 35652)
(234, 195, 2753)
(234, 135, 93439)
(234, 77, 22520)
(234, 7, 57985)
(234, 128, 6203)
(234, 179, 62605)
(234, 58, 99838)
(234, 151, 64111)
(234, 211, 85867)
(234, 17, 61670)
(234, 52, 47429)
(234, 215, 65744)
(234, 191, 17199)
(234, 80, 46258)
(234, 192, 34153)
(234, 55, 40023)
(234, 146, 6525)
(234, 33, 50081)
(234, 73, 66947)
(234, 19, 9862)
(234, 116, 59529)
(234, 131, 22726)
(234, 222, 77714)
(234, 111, 84139)
(234, 183, 35775)
(234, 194, 53168)
(234, 102, 93459)
(234, 66, 15015)
(234, 100, 73086)
(234, 110, 92781)
(234, 210, 44229)
(234, 202, 24688)
(234, 43, 1866)
(234, 103, 40525)
(234, 12, 19763)
(234, 176, 90657)
(234, 68, 1597)
(234, 61, 84600)
(234, 18, 74015)
(234, 218, 34081)
(234, 81, 71023)
(234, 114, 88705)
(234, 28, 44308)
(234, 166, 51136)
(234, 21, 38573)
(234, 90, 37729)
(234, 119, 58214)
(234, 34, 9333)
(234, 86, 49865)
(234, 32, 28423)
(234, 98, 4872)
(234, 231, 48421)
(234, 129, 86651)
(234, 220, 98141)
(234, 44, 61758)
(234, 57, 97434)
(234, 197, 65383)
(234, 184, 38653)
(234, 42, 32600)
(234, 35, 27998)
(234, 105, 67101)
(234, 156, 95941)
(234, 8, 94395)
(234, 46, 84324)
(234, 189, 50535)
(234, 227, 98681)
(234, 206, 67524)
(234, 74, 25680)
(234, 37, 1576)
(234, 91, 715)
(234, 94, 25544)
(234, 113, 35262)
(234, 97, 40609)
(234, 149, 16822)
(234, 71, 97671)
(234, 177, 20082)
(234, 169, 5571)
(234, 125, 62683)
(234, 26, 33381)
(234, 142, 49993)
(234, 16, 97080)
(234, 123, 11363)
(234, 162, 59777)
(234, 10, 88530)
(234, 70, 65706)
(234, 132, 14758)
(234, 117, 79321)
(234, 170, 97197)
(234, 190, 98021)
(234, 60, 64883)
(234, 133, 76646)
(234, 199, 69945)
(234, 216, 30312)
(234, 67, 18536)
(234, 50, 55733)
(234, 63, 14242)
(234, 126, 94011)
(234, 178, 54948)
(234, 108, 27695)
(234, 13, 80203)
(234, 232, 110)
(234, 23, 99455)
(234, 69, 40007)
(234, 24, 11140)
(234, 76, 34644)
(234, 89, 75479)
(234, 153, 47020)
(234, 161, 72872)
(234, 167, 16560)
(234, 148, 14753)
(234, 229, 60528)
(234, 120, 66245)
(234, 31, 70841)
(234, 159, 56896)
(234, 154, 81870)
(234, 139, 81953)
(234, 59, 85246)
(234, 196, 85752)
(234, 230, 52423)
(234, 158, 22771)
(234, 96, 20232)
(234, 65, 8152)
(234, 51, 69023)
(234, 214, 80420)
(234, 54, 68604)
(234, 104, 35917)
(234, 101, 24649)
(234, 29, 52658)
(234, 72, 49989)
(234, 62, 82538)
(234, 233, 44600)
(234, 186, 67609)
(234, 226, 12244)
(234, 79, 58188)
(234, 121, 3979)
(234, 38, 80587)
(234, 172, 67382)
(234, 109, 55181)
(234, 217, 90219)
(234, 106, 21933)
(234, 213, 46235)
(234, 41, 67774)
(234, 115, 39832)
(234, 83, 7273)
(234, 30, 2789)
(234, 88, 69515)
(234, 0, 36250)
(235, 103, 5034)
(235, 161, 38333)
(235, 61, 51578)
(235, 67, 2394)
(235, 78, 57532)
(235, 86, 97875)
(235, 141, 33250)
(235, 187, 92367)
(235, 37, 64134)
(235, 82, 8354)
(235, 174, 36617)
(235, 195, 34338)
(235, 192, 34047)
(235, 205, 51085)
(235, 28, 78700)
(235, 189, 70101)
(235, 35, 90864)
(235, 222, 53427)
(235, 99, 74608)
(235, 74, 11502)
(235, 181, 91069)
(235, 77, 56218)
(235, 214, 9572)
(235, 31, 82365)
(235, 202, 3055)
(235, 19, 37417)
(235, 71, 1716)
(235, 190, 17091)
(235, 145, 59881)
(235, 215, 43033)
(235, 107, 86485)
(235, 11, 75703)
(235, 90, 95749)
(235, 4, 30863)
(235, 176, 89273)
(235, 173, 99133)
(235, 223, 66991)
(235, 38, 69014)
(235, 191, 37088)
(235, 149, 96545)
(235, 218, 98158)
(235, 36, 86197)
(235, 64, 84392)
(235, 96, 23)
(235, 101, 76133)
(235, 221, 61914)
(235, 110, 25198)
(235, 224, 46385)
(235, 200, 99604)
(235, 50, 96295)
(235, 158, 24504)
(235, 49, 12692)
(235, 231, 64680)
(235, 227, 67448)
(235, 119, 2696)
(235, 204, 41017)
(235, 216, 15286)
(235, 201, 21958)
(235, 185, 24899)
(235, 44, 47387)
(235, 159, 34301)
(235, 212, 46974)
(235, 136, 65309)
(235, 128, 64644)
(235, 148, 28204)
(235, 87, 88015)
(235, 152, 81328)
(235, 134, 58143)
(235, 53, 83193)
(235, 66, 31244)
(235, 17, 24797)
(235, 120, 30355)
(235, 76, 3049)
(235, 137, 3440)
(235, 139, 50952)
(235, 54, 33496)
(236, 218, 97085)
(236, 86, 45053)
(236, 44, 44780)
(236, 212, 69586)
(236, 107, 35501)
(236, 209, 77690)
(236, 106, 92973)
(236, 91, 84484)
(236, 145, 84625)
(236, 23, 64055)
(236, 225, 35237)
(236, 219, 51128)
(236, 2, 72703)
(236, 196, 65276)
(236, 84, 67296)
(236, 216, 25471)
(236, 185, 62155)
(236, 16, 34636)
(236, 45, 47163)
(236, 203, 94197)
(236, 137, 38319)
(236, 73, 12431)
(236, 116, 16966)
(236, 232, 42951)
(236, 126, 30925)
(236, 100, 89139)
(236, 109, 16757)
(236, 128, 96003)
(236, 98, 17998)
(236, 85, 99040)
(236, 180, 91695)
(236, 81, 70667)
(236, 234, 75564)
(236, 43, 75325)
(236, 76, 3363)
(236, 149, 14426)
(236, 11, 72981)
(236, 71, 89113)
(236, 68, 2683)
(236, 158, 88666)
(236, 14, 62588)
(236, 206, 65264)
(236, 70, 1693)
(236, 154, 21416)
(236, 105, 2574)
(236, 140, 94194)
(236, 5, 79401)
(236, 40, 24070)
(236, 174, 98244)
(236, 97, 27645)
(236, 198, 56763)
(236, 172, 4612)
(236, 87, 53991)
(236, 51, 27106)
(236, 104, 96435)
(236, 122, 79935)
(236, 103, 58405)
(236, 143, 2557)
(236, 4, 23567)
(236, 171, 51698)
(236, 205, 87396)
(236, 117, 81428)
(236, 215, 44201)
(236, 20, 61730)
(236, 118, 21914)
(236, 144, 87363)
(236, 134, 79902)
(236, 189, 77)
(236, 150, 58368)
(236, 88, 94820)
(236, 19, 19655)
(236, 141, 10067)
(236, 15, 42841)
(236, 36, 14774)
(236, 82, 77585)
(236, 27, 14333)
(236, 133, 11432)
(236, 9, 13005)
(236, 37, 57561)
(236, 46, 13358)
(236, 233, 59761)
(236, 230, 6400)
(236, 223, 49120)
(236, 18, 64797)
(236, 83, 36599)
(236, 210, 51954)
(236, 101, 63243)
(236, 64, 25028)
(236, 129, 7757)
(236, 173, 2282)
(236, 148, 63598)
(236, 164, 42166)
(236, 94, 10316)
(236, 193, 95190)
(237, 75, 15783)
(237, 191, 76972)
(237, 205, 7375)
(237, 221, 41804)
(237, 95, 18124)
(237, 18, 49880)
(237, 173, 66075)
(237, 12, 29459)
(237, 38, 677)
(237, 40, 32491)
(237, 63, 2428)
(237, 143, 58092)
(237, 44, 28739)
(237, 103, 66970)
(237, 233, 47000)
(237, 171, 13249)
(237, 163, 85909)
(237, 81, 1726)
(237, 112, 65845)
(237, 125, 54483)
(237, 33, 26821)
(237, 156, 78164)
(237, 24, 11866)
(237, 66, 36288)
(237, 209, 76073)
(237, 53, 45590)
(237, 113, 34041)
(237, 177, 8528)
(237, 193, 12263)
(237, 192, 96380)
(237, 207, 44791)
(237, 6, 8227)
(237, 172, 21740)
(237, 180, 39738)
(237, 188, 59946)
(237, 199, 61147)
(237, 92, 59496)
(237, 88, 65923)
(237, 79, 82318)
(237, 83, 23804)
(237, 206, 75789)
(237, 97, 65177)
(237, 82, 78992)
(237, 154, 73098)
(237, 131, 11697)
(237, 197, 51851)
(237, 158, 59434)
(237, 146, 46609)
(237, 47, 38596)
(237, 216, 41048)
(237, 68, 52901)
(237, 85, 92843)
(237, 70, 95346)
(237, 181, 10894)
(237, 141, 81511)
(237, 43, 13829)
(238, 31, 92229)
(238, 166, 91184)
(238, 142, 84474)
(238, 85, 472)
(238, 208, 34250)
(238, 43, 62995)
(238, 188, 84000)
(238, 91, 30163)
(238, 65, 19179)
(238, 217, 57323)
(238, 145, 59052)
(238, 83, 38180)
(238, 45, 6163)
(238, 232, 94206)
(238, 115, 88165)
(238, 67, 48211)
(238, 127, 76430)
(238, 177, 93211)
(238, 229, 28332)
(238, 125, 28567)
(238, 225, 76017)
(238, 219, 31516)
(238, 23, 34662)
(238, 220, 14726)
(238, 192, 40546)
(238, 135, 70060)
(238, 9, 93811)
(238, 33, 7185)
(238, 80, 67210)
(238, 79, 13064)
(238, 50, 90390)
(238, 17, 47224)
(238, 90, 19832)
(238, 1, 20979)
(238, 144, 4634)
(238, 223, 49609)
(238, 128, 47283)
(238, 205, 48578)
(238, 22, 46785)
(238, 27, 8323)
(238, 176, 63215)
(238, 101, 24256)
(238, 178, 60206)
(238, 69, 1656)
(238, 130, 15460)
(238, 60, 78510)
(238, 72, 11366)
(238, 47, 74987)
(238, 200, 80979)
(238, 73, 95297)
(238, 21, 24337)
(238, 112, 95928)
(238, 71, 79365)
(238, 174, 32345)
(238, 98, 89688)
(238, 29, 28544)
(238, 141, 22906)
(238, 26, 55308)
(238, 133, 57805)
(238, 187, 48567)
(238, 140, 17774)
(238, 120, 34331)
(238, 58, 78291)
(238, 3, 65402)
(238, 37, 87967)
(238, 63, 81010)
(238, 216, 2020)
(238, 164, 48513)
(238, 201, 66822)
(238, 10, 1070)
(238, 121, 1125)
(238, 193, 7414)
(238, 167, 78492)
(238, 64, 19469)
(238, 116, 28411)
(238, 196, 4017)
(238, 46, 40116)
(238, 195, 40670)
(238, 131, 29027)
(238, 158, 16513)
(238, 7, 27321)
(238, 226, 40058)
(238, 233, 95225)
(238, 171, 28170)
(238, 170, 38819)
(238, 61, 35860)
(238, 162, 65718)
(238, 40, 59592)
(238, 2, 9924)
(238, 143, 90276)
(238, 147, 20978)
(238, 175, 39847)
(238, 12, 32621)
(238, 105, 98519)
(238, 18, 30504)
(238, 231, 82649)
(238, 124, 51437)
(238, 180, 18420)
(238, 108, 59236)
(238, 151, 41525)
(238, 8, 55401)
(238, 103, 78284)
(238, 113, 45304)
(238, 132, 85544)
(238, 214, 30346)
(238, 55, 20460)
(238, 153, 5081)
(238, 197, 34641)
(238, 184, 9057)
(238, 138, 729)
(238, 51, 12223)
(238, 235, 75518)
(238, 230, 56287)
(238, 212, 100209)
(238, 19, 38081)
(238, 102, 67561)
(238, 5, 27377)
(238, 207, 29698)
(238, 215, 23565)
(238, 183, 65757)
(238, 28, 43923)
(238, 186, 21886)
(238, 150, 33105)
(238, 137, 94025)
(238, 53, 34538)
(238, 169, 81712)
(238, 224, 81773)
(238, 154, 86810)
(238, 25, 33507)
(238, 146, 29999)
(238, 161, 88296)
(238, 68, 72656)
(238, 104, 84127)
(238, 42, 4448)
(238, 206, 79934)
(238, 190, 58082)
(238, 4, 80128)
(238, 76, 7359)
(238, 139, 41900)
(238, 203, 47282)
(238, 92, 68737)
(238, 106, 6208)
(238, 24, 21525)
(238, 213, 92148)
(238, 36, 28899)
(238, 160, 75833)
(238, 74, 30457)
(238, 94, 23648)
(238, 118, 82564)
(238, 75, 61010)
(238, 99, 9909)
(238, 199, 67526)
(238, 204, 32896)
(238, 81, 95442)
(238, 93, 20597)
(238, 35, 24721)
(238, 95, 55097)
(238, 165, 21580)
(238, 15, 31497)
(238, 157, 20773)
(238, 123, 5152)
(238, 84, 20637)
(238, 111, 30428)
(238, 129, 88963)
(238, 62, 82177)
(238, 189, 93856)
(238, 44, 91651)
(238, 202, 52542)
(238, 77, 4835)
(238, 156, 73468)
(238, 56, 82979)
(238, 236, 32390)
(238, 209, 86070)
(238, 41, 27500)
(238, 185, 93646)
(238, 222, 44948)
(238, 30, 39980)
(238, 57, 100322)
(238, 32, 7453)
(238, 227, 94945)
(238, 34, 9067)
(238, 107, 32558)
(238, 86, 13970)
(238, 148, 88243)
(238, 87, 39513)
(238, 221, 45681)
(238, 211, 31914)
(238, 114, 81415)
(238, 234, 38529)
(238, 168, 55921)
(238, 194, 69327)
(238, 110, 70652)
(238, 152, 77634)
(238, 16, 56314)
(238, 11, 64328)
(238, 119, 37513)
(238, 54, 97022)
(238, 20, 66928)
(238, 82, 28077)
(238, 6, 91797)
(238, 88, 20215)
(238, 48, 39415)
(238, 172, 16056)
(238, 14, 1699)
(238, 182, 28047)
(238, 38, 53218)
(238, 198, 80081)
(238, 173, 88198)
(238, 122, 12188)
(238, 49, 86297)
(238, 117, 90418)
(238, 218, 82066)
(238, 66, 20610)
(238, 13, 43832)
(239, 225, 19838)
(239, 117, 50252)
(239, 196, 25079)
(239, 94, 47149)
(239, 131, 41819)
(239, 204, 991)
(239, 92, 95857)
(239, 205, 66022)
(239, 6, 61087)
(239, 26, 42140)
(239, 188, 86568)
(239, 27, 42369)
(239, 65, 10091)
(239, 47, 47905)
(239, 236, 67746)
(239, 101, 80438)
(239, 177, 43730)
(239, 36, 75229)
(239, 227, 545)
(240, 110, 3881)
(240, 138, 78876)
(240, 45, 49486)
(240, 213, 9068)
(240, 124, 99774)
(240, 176, 55289)
(240, 133, 82584)
(240, 211, 20902)
(240, 65, 24194)
(240, 220, 25209)
(240, 172, 76436)
(240, 79, 93612)
(240, 14, 60490)
(240, 227, 65115)
(240, 171, 41384)
(240, 85, 14992)
(240, 44, 16941)
(240, 182, 40622)
(240, 38, 23301)
(240, 203, 73730)
(240, 75, 12231)
(240, 169, 90301)
(240, 173, 66395)
(240, 2, 24945)
(240, 193, 89026)
(240, 57, 22148)
(240, 235, 49679)
(240, 183, 49704)
(240, 160, 45231)
(240, 107, 85526)
(240, 47, 21738)
(240, 67, 16717)
(240, 101, 82526)
(240, 236, 85680)
(240, 139, 50660)
(240, 130, 30338)
(240, 230, 45436)
(240, 200, 60903)
(240, 94, 8954)
(240, 71, 6720)
(240, 155, 6127)
(240, 131, 96864)
(240, 152, 33740)
(240, 185, 31733)
(240, 84, 37426)
(240, 159, 32391)
(240, 180, 99692)
(240, 167, 36812)
(240, 168, 84937)
(240, 5, 11837)
(240, 49, 35726)
(240, 233, 19805)
(240, 42, 56044)
(240, 50, 76645)
(240, 25, 38892)
(240, 86, 97097)
(240, 212, 4379)
(240, 72, 20037)
(240, 115, 60783)
(240, 199, 34460)
(240, 48, 47226)
(240, 154, 74998)
(240, 76, 62825)
(240, 113, 39612)
(240, 99, 58193)
(240, 89, 46484)
(240, 88, 77242)
(240, 153, 47789)
(240, 37, 15102)
(240, 87, 36474)
(240, 146, 5138)
(240, 97, 52974)
(240, 125, 90028)
(240, 192, 7500)
(240, 219, 55798)
(240, 143, 97493)
(240, 209, 90984)
(240, 129, 45431)
(240, 23, 93658)
(240, 112, 70546)
(240, 35, 38818)
(240, 214, 6567)
(240, 120, 80834)
(240, 111, 51223)
(240, 134, 60024)
(240, 31, 73338)
(240, 207, 3395)
(240, 136, 89251)
(240, 225, 27418)
(240, 102, 12297)
(240, 56, 85468)
(240, 17, 49889)
(240, 194, 686)
(240, 52, 45865)
(240, 116, 18917)
(240, 22, 80270)
(240, 114, 26708)
(240, 150, 17711)
(240, 224, 26862)
(240, 46, 47211)
(240, 81, 74849)
(240, 156, 72521)
(240, 234, 32662)
(240, 13, 27727)
(240, 11, 12293)
(240, 80, 63970)
(240, 151, 68544)
(240, 142, 45188)
(240, 238, 1037)
(240, 205, 55554)
(240, 204, 7886)
(240, 217, 100024)
(240, 16, 52810)
(240, 40, 38734)
(240, 0, 55104)
(240, 69, 58842)
(240, 103, 13843)
(240, 18, 41730)
(240, 147, 14686)
(240, 181, 35044)
(240, 27, 16623)
(240, 229, 40255)
(240, 66, 86713)
(240, 184, 9375)
(240, 165, 14323)
(240, 141, 18585)
(240, 188, 78491)
(240, 179, 85112)
(240, 191, 71890)
(240, 41, 91016)
(240, 19, 15519)
(240, 198, 55302)
(240, 202, 42893)
(240, 210, 24487)
(240, 163, 12506)
(240, 226, 20225)
(240, 54, 93402)
(240, 177, 12563)
(240, 109, 38128)
(240, 12, 78009)
(240, 145, 98898)
(240, 137, 63368)
(240, 58, 21671)
(240, 78, 1909)
(240, 195, 96285)
(240, 196, 7974)
(240, 60, 8049)
(240, 10, 4092)
(240, 126, 88066)
(240, 162, 23961)
(240, 6, 82907)
(240, 1, 22201)
(240, 39, 24230)
(240, 232, 98719)
(240, 123, 30622)
(240, 28, 62541)
(240, 73, 48200)
(240, 7, 42633)
(240, 74, 44888)
(240, 59, 79722)
(240, 21, 95316)
(240, 206, 26734)
(240, 223, 95634)
(240, 149, 92567)
(240, 55, 61629)
(240, 105, 51665)
(240, 122, 63729)
(240, 221, 81451)
(240, 127, 91650)
(240, 15, 50062)
(240, 100, 58439)
(241, 143, 58173)
(241, 56, 47210)
(241, 21, 79227)
(241, 66, 99738)
(241, 142, 139)
(241, 110, 9545)
(241, 127, 58892)
(241, 17, 42286)
(241, 185, 57592)
(241, 58, 73976)
(241, 237, 61676)
(241, 212, 79725)
(241, 25, 66476)
(241, 169, 1180)
(241, 119, 53383)
(241, 138, 55494)
(241, 75, 74770)
(241, 128, 36919)
(241, 13, 53945)
(241, 178, 49711)
(241, 55, 81878)
(242, 239, 61495)
(242, 198, 83588)
(242, 133, 44448)
(242, 0, 69542)
(242, 64, 79393)
(242, 28, 32592)
(242, 223, 56952)
(242, 72, 83334)
(242, 74, 40841)
(242, 63, 37264)
(242, 202, 90086)
(242, 159, 2409)
(242, 217, 9812)
(242, 60, 87085)
(242, 211, 16631)
(242, 207, 43585)
(242, 104, 89998)
(242, 12, 18929)
(242, 56, 55106)
(242, 13, 75453)
(242, 148, 15488)
(242, 128, 51702)
(242, 208, 22045)
(242, 16, 94921)
(242, 30, 54974)
(242, 191, 23879)
(242, 229, 28360)
(242, 126, 41333)
(242, 153, 37276)
(242, 1, 83766)
(242, 68, 57059)
(242, 93, 13348)
(242, 14, 47881)
(242, 82, 88907)
(242, 234, 14788)
(242, 24, 69491)
(242, 143, 26556)
(242, 54, 89078)
(242, 41, 41924)
(242, 6, 57829)
(242, 214, 63542)
(242, 189, 86642)
(242, 46, 39194)
(242, 158, 77548)
(242, 187, 11613)
(242, 116, 3015)
(242, 35, 62378)
(242, 80, 97550)
(242, 107, 25526)
(242, 233, 92578)
(242, 2, 95804)
(242, 50, 98755)
(242, 122, 83103)
(242, 228, 39321)
(242, 238, 79324)
(242, 49, 24398)
(242, 138, 302)
(242, 139, 26523)
(242, 21, 6587)
(242, 40, 53281)
(242, 147, 93178)
(242, 164, 87296)
(242, 166, 38465)
(242, 71, 79168)
(242, 17, 47527)
(242, 182, 5118)
(242, 23, 74197)
(242, 123, 34424)
(242, 156, 70069)
(242, 232, 63794)
(242, 152, 94161)
(242, 110, 38323)
(242, 112, 3808)
(242, 210, 36440)
(242, 218, 65074)
(242, 144, 30809)
(242, 5, 12748)
(242, 219, 2874)
(242, 94, 15923)
(242, 9, 57094)
(242, 209, 13183)
(242, 188, 20089)
(242, 57, 84168)
(242, 95, 41414)
(242, 194, 32603)
(242, 92, 69853)
(242, 86, 86411)
(242, 222, 31455)
(242, 108, 31032)
(242, 225, 31876)
(242, 163, 72285)
(242, 171, 25656)
(242, 185, 28150)
(242, 70, 36811)
(242, 69, 15059)
(242, 190, 87894)
(242, 103, 57854)
(242, 203, 43868)
(242, 19, 10907)
(242, 62, 17470)
(242, 11, 97378)
(242, 4, 2765)
(242, 33, 60014)
(242, 174, 11358)
(242, 160, 84161)
(242, 98, 8404)
(242, 167, 21633)
(242, 151, 81032)
(242, 140, 47605)
(242, 101, 78098)
(242, 220, 33081)
(242, 26, 64154)
(242, 196, 66193)
(242, 37, 29671)
(242, 155, 15962)
(242, 145, 10254)
(242, 181, 42511)
(242, 137, 28846)
(242, 195, 96564)
(242, 150, 96448)
(242, 48, 28857)
(242, 52, 100023)
(242, 29, 98402)
(242, 200, 98596)
(242, 230, 49919)
(242, 51, 64884)
(242, 91, 92899)
(242, 157, 95405)
(242, 193, 40779)
(242, 18, 60276)
(242, 32, 98835)
(242, 109, 64058)
(242, 206, 46380)
(242, 7, 296)
(242, 161, 50651)
(242, 84, 45184)
(242, 36, 29583)
(242, 61, 97310)
(242, 3, 78682)
(242, 226, 15937)
(242, 179, 16798)
(242, 172, 470)
(242, 20, 6045)
(242, 236, 36354)
(242, 173, 30772)
(242, 192, 19471)
(242, 124, 5904)
(242, 241, 11049)
(242, 235, 16721)
(242, 8, 30584)
(242, 90, 96340)
(242, 205, 18503)
(242, 237, 50259)
(242, 154, 99259)
(242, 67, 49481)
(242, 75, 25156)
(242, 130, 85606)
(242, 97, 45482)
(242, 178, 93704)
(242, 100, 53181)
(242, 201, 85951)
(242, 149, 93073)
(242, 114, 3334)
(242, 118, 37851)
(242, 197, 39987)
(242, 131, 54140)
(242, 31, 39299)
(242, 58, 10546)
(242, 39, 15447)
(242, 170, 17806)
(242, 240, 57707)
(242, 224, 14156)
(242, 105, 53675)
(242, 43, 35698)
(242, 183, 64472)
(242, 113, 74464)
(242, 79, 74263)
(242, 45, 98672)
(242, 186, 86551)
(242, 111, 801)
(242, 227, 61992)
(242, 180, 83666)
(242, 134, 17235)
(242, 146, 35913)
(242, 55, 11673)
(242, 117, 76931)
(242, 121, 8948)
(242, 135, 89463)
(242, 53, 94007)
(242, 85, 86435)
(242, 59, 1390)
(242, 87, 82980)
(242, 77, 54374)
(242, 215, 2354)
(242, 119, 55346)
(242, 27, 23057)
(242, 76, 31009)
(242, 106, 60083)
(242, 34, 72082)
(242, 141, 44891)
(242, 142, 38745)
(242, 47, 59342)
(242, 44, 9791)
(242, 175, 71124)
(243, 182, 38110)
(243, 226, 98085)
(243, 67, 37555)
(243, 62, 39377)
(243, 96, 13392)
(243, 81, 39749)
(243, 223, 89395)
(243, 160, 10602)
(243, 7, 87136)
(243, 232, 68610)
(243, 75, 24213)
(243, 40, 92816)
(243, 203, 67537)
(243, 9, 335)
(243, 212, 30824)
(243, 78, 40836)
(243, 201, 4703)
(243, 237, 99273)
(243, 189, 44515)
(243, 139, 39449)
(243, 72, 96429)
(243, 18, 58414)
(243, 64, 51655)
(243, 188, 2364)
(243, 227, 13670)
(243, 59, 78092)
(243, 183, 74905)
(243, 218, 56093)
(243, 39, 44544)
(243, 25, 81861)
(243, 138, 97039)
(243, 222, 96149)
(243, 191, 2845)
(243, 121, 63808)
(243, 55, 64785)
(243, 169, 94374)
(243, 41, 26712)
(243, 120, 16488)
(243, 71, 20966)
(243, 164, 82295)
(243, 146, 95448)
(243, 105, 14498)
(243, 145, 67580)
(243, 94, 5120)
(243, 52, 11912)
(243, 184, 30995)
(243, 220, 33172)
(243, 54, 86575)
(243, 200, 67276)
(243, 68, 62511)
(243, 225, 98608)
(243, 162, 65961)
(243, 230, 47142)
(243, 171, 81149)
(243, 124, 62769)
(243, 125, 44387)
(243, 150, 66901)
(243, 152, 62938)
(243, 6, 32722)
(243, 238, 17241)
(243, 103, 24876)
(243, 30, 95571)
(243, 87, 98924)
(243, 95, 33211)
(243, 240, 75559)
(243, 209, 72944)
(243, 58, 51453)
(243, 79, 73466)
(243, 112, 82946)
(243, 117, 77851)
(243, 198, 51931)
(243, 27, 24558)
(243, 136, 93676)
(243, 91, 28071)
(243, 50, 13981)
(243, 88, 67817)
(243, 82, 72576)
(243, 86, 44032)
(243, 57, 16950)
(243, 143, 25533)
(243, 70, 36606)
(243, 92, 92288)
(243, 130, 53316)
(243, 73, 50900)
(243, 166, 287)
(243, 207, 13703)
(243, 128, 35747)
(243, 219, 73437)
(243, 213, 72661)
(243, 5, 92140)
(243, 144, 51817)
(243, 56, 62608)
(243, 66, 56057)
(243, 149, 34260)
(243, 195, 86245)
(243, 202, 74928)
(243, 163, 35767)
(243, 98, 93810)
(243, 173, 48908)
(243, 108, 24714)
(243, 122, 34570)
(243, 83, 27904)
(243, 151, 25415)
(243, 216, 37767)
(243, 36, 91985)
(243, 34, 28986)
(243, 0, 9748)
(243, 119, 70172)
(243, 90, 14350)
(243, 185, 81279)
(243, 114, 39578)
(243, 147, 40142)
(243, 172, 54725)
(243, 93, 99614)
(243, 110, 82174)
(243, 77, 90157)
(243, 11, 29043)
(243, 221, 21291)
(243, 29, 86240)
(243, 32, 61683)
(243, 28, 9302)
(243, 22, 11378)
(243, 46, 70870)
(243, 211, 17920)
(243, 165, 12048)
(243, 241, 13902)
(243, 74, 21980)
(243, 233, 41263)
(243, 155, 50012)
(243, 131, 46981)
(243, 168, 6156)
(243, 187, 623)
(243, 133, 26030)
(243, 235, 2891)
(243, 159, 24512)
(243, 23, 26957)
(243, 101, 23460)
(243, 242, 68531)
(243, 134, 77763)
(243, 21, 84785)
(243, 186, 64649)
(243, 127, 2540)
(243, 42, 96775)
(243, 156, 83311)
(243, 157, 74207)
(243, 148, 64790)
(243, 177, 38610)
(243, 38, 59719)
(243, 109, 68748)
(243, 176, 81291)
(243, 205, 81288)
(243, 118, 97772)
(243, 26, 88026)
(243, 37, 43534)
(243, 80, 36879)
(243, 178, 94575)
(243, 206, 62746)
(243, 208, 98201)
(243, 196, 1905)
(243, 179, 11945)
(243, 116, 16920)
(243, 100, 66088)
(243, 229, 67546)
(243, 43, 66320)
(243, 61, 78708)
(243, 210, 16679)
(243, 135, 97978)
(243, 107, 46153)
(243, 161, 64666)
(243, 174, 66379)
(243, 49, 63884)
(243, 102, 33332)
(243, 137, 91636)
(243, 170, 41952)
(243, 192, 75477)
(243, 1, 74339)
(243, 142, 65310)
(243, 48, 32694)
(243, 197, 47428)
(243, 84, 69501)
(243, 4, 53164)
(243, 63, 90269)
(243, 89, 95877)
(243, 13, 69602)
(243, 113, 34450)
(243, 8, 78303)
(243, 217, 37358)
(243, 175, 99682)
(243, 17, 17245)
(243, 20, 92320)
(243, 215, 56235)
(243, 2, 62713)
(243, 104, 64772)
(243, 153, 80743)
(243, 224, 65884)
(243, 228, 58022)
(243, 236, 86331)
(243, 167, 66072)
(243, 51, 78810)
(243, 214, 49643)
(243, 16, 75949)
(243, 99, 54071)
(243, 31, 26732)
(243, 33, 76801)
(243, 47, 78636)
(243, 239, 91688)
(243, 158, 92136)
(243, 76, 3820)
(243, 106, 40783)
(243, 19, 71692)
(243, 194, 27288)
(243, 180, 20954)
(243, 14, 85653)
(243, 190, 83908)
(243, 69, 61356)
(243, 60, 42559)
(243, 10, 64950)
(243, 234, 53902)
(243, 193, 91148)
(243, 199, 40491)
(243, 111, 71874)
(243, 65, 25073)
(243, 44, 27776)
(243, 129, 7014)
(243, 85, 49675)
(243, 115, 40348)
(243, 140, 68357)
(243, 35, 69772)
(243, 97, 43642)
(243, 126, 88580)
(243, 15, 44359)
(243, 123, 96507)
(243, 141, 84574)
(243, 231, 30735)
(243, 45, 46437)
(243, 53, 10234)
(244, 9, 89900)
(244, 200, 13741)
(244, 178, 31354)
(244, 5, 50246)
(244, 91, 14091)
(244, 64, 39669)
(244, 129, 10704)
(244, 34, 83001)
(244, 125, 19753)
(244, 96, 58107)
(244, 197, 43484)
(244, 208, 40072)
(244, 120, 67650)
(244, 43, 79243)
(244, 230, 81229)
(244, 126, 68715)
(244, 171, 99868)
(244, 53, 56942)
(244, 218, 52116)
(244, 50, 33509)
(244, 33, 63446)
(244, 116, 1436)
(244, 79, 16019)
(244, 101, 54821)
(244, 103, 22805)
(244, 203, 29182)
(244, 30, 93496)
(244, 165, 63213)
(244, 119, 16335)
(244, 44, 70849)
(244, 36, 93623)
(244, 186, 262)
(244, 45, 40645)
(244, 225, 54669)
(244, 39, 58720)
(244, 59, 46958)
(244, 100, 8649)
(244, 128, 13297)
(244, 132, 20868)
(244, 68, 99648)
(244, 170, 87346)
(244, 22, 36424)
(244, 99, 32318)
(244, 78, 69070)
(244, 149, 35818)
(244, 219, 87035)
(244, 81, 19356)
(244, 151, 87598)
(244, 217, 43698)
(244, 212, 99436)
(244, 142, 18655)
(244, 163, 19589)
(244, 228, 73708)
(244, 41, 9915)
(244, 210, 78296)
(244, 72, 90197)
(244, 147, 71263)
(244, 74, 13023)
(244, 70, 97848)
(244, 2, 13227)
(244, 94, 84108)
(244, 215, 8963)
(244, 123, 13729)
(244, 71, 59893)
(244, 158, 92043)
(244, 211, 42931)
(244, 24, 67670)
(244, 63, 52506)
(244, 204, 85617)
(244, 7, 20172)
(244, 137, 13488)
(244, 47, 1717)
(244, 159, 59751)
(244, 162, 75578)
(244, 161, 23272)
(244, 133, 89310)
(244, 106, 79760)
(244, 234, 58971)
(244, 134, 55885)
(244, 155, 7319)
(244, 77, 63581)
(244, 11, 55704)
(244, 93, 28467)
(244, 14, 3530)
(244, 13, 26318)
(244, 113, 24326)
(244, 6, 62152)
(244, 0, 26605)
(244, 51, 83120)
(244, 237, 34375)
(244, 65, 84009)
(244, 27, 41581)
(244, 175, 95901)
(244, 181, 6088)
(244, 138, 79170)
(244, 38, 31816)
(244, 213, 2000)
(244, 127, 15137)
(244, 148, 69460)
(244, 192, 31159)
(244, 164, 76507)
(244, 49, 71061)
(244, 239, 39635)
(244, 121, 20190)
(244, 131, 73781)
(244, 23, 59847)
(244, 198, 4585)
(244, 92, 3387)
(244, 31, 8990)
(244, 55, 41629)
(244, 88, 79058)
(244, 241, 88248)
(244, 29, 38805)
(244, 235, 43614)
(244, 57, 88682)
(244, 188, 50845)
(244, 97, 36390)
(244, 223, 85383)
(244, 166, 4661)
(244, 48, 42977)
(244, 46, 39357)
(244, 82, 81950)
(244, 1, 61567)
(244, 157, 67144)
(244, 87, 92155)
(244, 112, 71572)
(244, 194, 12205)
(244, 17, 12653)
(244, 189, 13451)
(244, 139, 97703)
(244, 37, 12990)
(244, 10, 82028)
(244, 20, 62525)
(244, 12, 14059)
(244, 75, 22786)
(244, 98, 87015)
(244, 95, 44472)
(244, 187, 3081)
(244, 209, 59506)
(244, 146, 36004)
(244, 214, 9414)
(244, 90, 45897)
(244, 67, 99113)
(244, 61, 76748)
(244, 107, 63294)
(244, 140, 84793)
(244, 4, 65937)
(244, 183, 6626)
(244, 54, 85578)
(244, 238, 23412)
(244, 196, 94380)
(244, 19, 90310)
(244, 156, 29148)
(244, 199, 71126)
(244, 176, 50490)
(244, 184, 9877)
(244, 242, 24764)
(244, 220, 70800)
(244, 135, 94310)
(244, 60, 84448)
(244, 35, 59313)
(244, 110, 56381)
(244, 58, 20594)
(244, 193, 42098)
(244, 52, 63651)
(244, 226, 56113)
(244, 56, 48455)
(244, 136, 60499)
(244, 73, 89477)
(244, 207, 69050)
(244, 152, 36591)
(244, 16, 4222)
(244, 84, 79919)
(244, 143, 52935)
(244, 111, 1211)
(244, 3, 98706)
(244, 243, 54258)
(244, 224, 34603)
(244, 42, 54209)
(244, 83, 73636)
(244, 115, 95344)
(244, 167, 43881)
(244, 195, 52676)
(244, 227, 37997)
(244, 40, 1438)
(244, 25, 2483)
(244, 69, 46301)
(244, 177, 25905)
(244, 28, 27634)
(244, 21, 51548)
(244, 232, 96443)
(244, 62, 39097)
(245, 214, 26976)
(245, 242, 87050)
(245, 44, 60466)
(245, 177, 64684)
(245, 205, 79976)
(245, 216, 20086)
(245, 88, 74749)
(245, 138, 81217)
(245, 82, 718)
(245, 89, 62134)
(245, 64, 87020)
(245, 124, 93330)
(245, 157, 47943)
(245, 195, 26478)
(245, 70, 40649)
(245, 199, 98181)
(245, 142, 32017)
(245, 204, 63768)
(245, 97, 96989)
(245, 106, 72206)
(245, 21, 31861)
(245, 182, 9181)
(245, 38, 54418)
(245, 213, 99909)
(245, 187, 64369)
(245, 143, 40997)
(245, 181, 16073)
(245, 93, 95945)
(245, 190, 90750)
(245, 171, 13469)
(245, 184, 31920)
(245, 79, 48055)
(245, 115, 80799)
(245, 20, 66436)
(245, 113, 47265)
(245, 185, 51068)
(245, 162, 83306)
(245, 207, 10278)
(245, 123, 47478)
(245, 215, 33698)
(245, 236, 89929)
(245, 243, 73159)
(245, 100, 81331)
(245, 40, 17250)
(245, 237, 47499)
(245, 53, 48275)
(245, 13, 98760)
(245, 200, 85944)
(245, 6, 79176)
(245, 19, 41955)
(245, 116, 35109)
(245, 176, 30842)
(245, 41, 77004)
(245, 173, 7159)
(245, 43, 75801)
(245, 101, 32014)
(245, 110, 2739)
(245, 191, 83644)
(245, 57, 81440)
(245, 31, 30678)
(245, 167, 91947)
(245, 224, 91468)
(245, 55, 36664)
(245, 47, 82804)
(245, 226, 65280)
(245, 148, 75362)
(245, 68, 85662)
(245, 114, 94296)
(245, 152, 21249)
(245, 219, 95675)
(245, 8, 24461)
(245, 158, 73862)
(245, 105, 87895)
(245, 140, 14487)
(245, 144, 88538)
(245, 241, 72486)
(245, 202, 33318)
(245, 206, 46372)
(245, 104, 75545)
(245, 193, 31224)
(245, 66, 67225)
(245, 203, 23859)
(245, 14, 27965)
(245, 159, 43751)
(245, 103, 19232)
(245, 23, 10898)
(245, 54, 90592)
(245, 12, 39387)
(245, 90, 11618)
(245, 45, 98732)
(245, 16, 49485)
(245, 33, 52510)
(245, 65, 99869)
(245, 92, 70297)
(245, 166, 42828)
(245, 151, 87348)
(245, 32, 28369)
(245, 174, 47678)
(245, 183, 57171)
(245, 69, 32574)
(245, 147, 52820)
(245, 211, 95624)
(245, 238, 64122)
(245, 194, 77113)
(245, 5, 40689)
(245, 51, 51373)
(245, 84, 815)
(245, 48, 13591)
(245, 239, 95692)
(245, 153, 94372)
(245, 73, 22290)
(245, 27, 45795)
(245, 165, 35986)
(245, 208, 52356)
(245, 49, 37978)
(245, 168, 96284)
(245, 225, 72309)
(245, 4, 34285)
(245, 160, 96407)
(245, 119, 41454)
(245, 61, 77623)
(245, 233, 76008)
(245, 10, 91176)
(245, 150, 83952)
(245, 141, 32510)
(245, 86, 43076)
(245, 188, 79062)
(245, 170, 34879)
(245, 56, 46109)
(245, 121, 20880)
(245, 146, 22418)
(245, 120, 85086)
(245, 72, 7052)
(245, 234, 71895)
(245, 42, 3051)
(245, 175, 82540)
(245, 46, 82563)
(245, 17, 28849)
(245, 218, 66385)
(245, 230, 13240)
(245, 34, 79118)
(245, 2, 77702)
(245, 136, 43817)
(245, 62, 51040)
(245, 172, 82605)
(245, 80, 68704)
(245, 29, 48441)
(245, 26, 37579)
(245, 240, 53445)
(245, 164, 6793)
(245, 111, 75146)
(245, 186, 76834)
(245, 221, 6972)
(245, 87, 63894)
(246, 113, 99813)
(246, 40, 92548)
(246, 156, 55416)
(246, 221, 54520)
(246, 202, 51865)
(246, 219, 14953)
(246, 207, 48108)
(246, 5, 66091)
(246, 69, 95635)
(246, 65, 39086)
(246, 92, 29170)
(246, 144, 17300)
(246, 4, 24287)
(246, 179, 22632)
(246, 55, 95921)
(246, 0, 63798)
(246, 2, 71921)
(246, 177, 4712)
(246, 129, 96478)
(246, 81, 83409)
(246, 237, 11073)
(246, 131, 92157)
(246, 6, 10504)
(246, 1, 4571)
(246, 175, 64919)
(246, 185, 94487)
(246, 87, 97011)
(246, 25, 70500)
(246, 27, 5864)
(246, 107, 40823)
(246, 54, 23984)
(246, 158, 86971)
(246, 24, 76908)
(246, 210, 64276)
(246, 122, 67895)
(246, 201, 92511)
(246, 10, 59917)
(246, 74, 32268)
(246, 152, 13164)
(246, 227, 10086)
(246, 166, 82093)
(246, 173, 64073)
(246, 79, 95630)
(246, 90, 5057)
(246, 160, 50240)
(246, 103, 1409)
(246, 165, 18054)
(246, 56, 20245)
(246, 91, 95329)
(246, 29, 12108)
(246, 97, 9204)
(246, 78, 36575)
(246, 235, 60027)
(246, 20, 14116)
(246, 244, 90845)
(246, 241, 49456)
(246, 151, 76135)
(246, 164, 83538)
(246, 154, 42077)
(246, 67, 27522)
(246, 11, 95611)
(246, 83, 69235)
(246, 209, 100144)
(246, 195, 46494)
(246, 46, 92337)
(246, 77, 15239)
(246, 181, 81487)
(246, 189, 44580)
(246, 47, 79136)
(246, 42, 99003)
(246, 110, 28362)
(246, 58, 29452)
(246, 52, 26645)
(246, 234, 41696)
(246, 34, 18728)
(246, 139, 18607)
(246, 217, 26122)
(246, 49, 79960)
(246, 245, 90995)
(246, 19, 2415)
(246, 162, 51805)
(246, 61, 48575)
(246, 184, 93157)
(246, 101, 14776)
(246, 96, 46956)
(246, 26, 19261)
(246, 231, 72012)
(246, 214, 10375)
(246, 86, 42250)
(246, 238, 10467)
(246, 183, 95952)
(246, 76, 52318)
(246, 233, 51278)
(246, 14, 53500)
(246, 176, 56358)
(246, 130, 80403)
(246, 226, 96191)
(246, 240, 15420)
(246, 239, 90072)
(246, 159, 15932)
(246, 200, 31452)
(246, 208, 13548)
(246, 38, 42258)
(246, 228, 82862)
(246, 44, 10625)
(246, 153, 96994)
(246, 168, 11896)
(246, 121, 6377)
(246, 124, 52701)
(246, 28, 63609)
(246, 135, 63827)
(246, 229, 3459)
(246, 140, 6770)
(247, 21, 39618)
(247, 176, 90379)
(247, 126, 93444)
(247, 64, 21656)
(247, 238, 51847)
(247, 168, 62597)
(247, 92, 558)
(247, 125, 95222)
(247, 54, 36295)
(247, 142, 25023)
(247, 244, 41395)
(247, 157, 513)
(247, 146, 20014)
(247, 35, 71634)
(247, 72, 85299)
(247, 87, 88947)
(247, 13, 55288)
(247, 140, 98587)
(247, 159, 29050)
(247, 96, 35475)
(247, 202, 38346)
(247, 52, 14935)
(247, 27, 37912)
(247, 49, 27915)
(247, 30, 44090)
(247, 148, 43860)
(247, 107, 30902)
(247, 82, 70510)
(247, 61, 28057)
(247, 129, 84224)
(247, 110, 72251)
(247, 195, 44555)
(247, 177, 10098)
(247, 44, 94838)
(247, 53, 35755)
(247, 16, 90387)
(247, 161, 93416)
(247, 74, 35975)
(247, 116, 77095)
(247, 179, 10087)
(247, 215, 35048)
(247, 75, 76517)
(247, 65, 51540)
(247, 9, 93240)
(247, 153, 5613)
(247, 122, 41350)
(247, 112, 47704)
(247, 233, 53476)
(247, 1, 86105)
(247, 143, 26939)
(247, 40, 11195)
(247, 111, 89323)
(247, 121, 74497)
(247, 218, 6302)
(247, 243, 82382)
(247, 84, 99048)
(247, 59, 9325)
(247, 224, 92347)
(247, 245, 92845)
(247, 133, 48261)
(247, 26, 31469)
(247, 237, 82915)
(247, 160, 66481)
(247, 120, 60132)
(247, 29, 41829)
(247, 22, 31066)
(247, 199, 61848)
(247, 149, 36045)
(247, 226, 70223)
(247, 151, 95889)
(247, 55, 41971)
(247, 20, 81746)
(247, 124, 29696)
(247, 141, 57091)
(247, 164, 52625)
(247, 223, 37212)
(247, 117, 92939)
(247, 50, 51617)
(247, 128, 51729)
(247, 229, 69913)
(247, 236, 69881)
(247, 152, 45079)
(247, 214, 52083)
(247, 57, 23663)
(247, 147, 92058)
(247, 150, 1129)
(247, 2, 94495)
(247, 77, 19939)
(247, 23, 48508)
(247, 156, 40299)
(247, 123, 56117)
(247, 39, 6638)
(247, 131, 95543)
(247, 201, 25220)
(247, 155, 28230)
(247, 32, 49934)
(247, 28, 41808)
(247, 211, 61204)
(247, 136, 58119)
(247, 185, 71299)
(247, 203, 44721)
(247, 210, 90505)
(247, 105, 38149)
(247, 198, 85359)
(247, 178, 2181)
(247, 109, 1661)
(247, 85, 96264)
(247, 67, 18147)
(247, 132, 33630)
(247, 14, 1034)
(247, 51, 10003)
(247, 34, 25573)
(247, 180, 19540)
(247, 139, 74404)
(247, 239, 33896)
(247, 4, 16852)
(247, 154, 70698)
(247, 219, 88676)
(247, 127, 64271)
(247, 118, 58261)
(247, 48, 80695)
(247, 241, 29340)
(247, 220, 15749)
(247, 104, 73)
(247, 79, 52595)
(247, 242, 56829)
(247, 217, 90714)
(247, 170, 15577)
(247, 100, 25516)
(247, 11, 38251)
(247, 42, 140)
(247, 86, 62350)
(247, 56, 49063)
(247, 10, 47679)
(247, 12, 74771)
(247, 114, 60799)
(247, 225, 11914)
(247, 15, 45981)
(247, 68, 49476)
(247, 31, 61193)
(247, 221, 68998)
(247, 163, 19703)
(247, 232, 36448)
(247, 158, 88915)
(247, 78, 1766)
(247, 188, 59026)
(247, 193, 83729)
(247, 191, 96135)
(247, 200, 91849)
(247, 196, 62547)
(247, 99, 36011)
(247, 209, 60165)
(247, 80, 85242)
(247, 246, 89473)
(247, 37, 83391)
(247, 175, 45995)
(247, 58, 62626)
(247, 230, 811)
(247, 169, 27316)
(247, 98, 68517)
(247, 197, 23300)
(247, 184, 84832)
(247, 33, 32459)
(247, 137, 43678)
(247, 172, 29611)
(247, 134, 4575)
(247, 173, 64458)
(247, 71, 68898)
(247, 162, 26316)
(247, 212, 36209)
(247, 5, 52381)
(247, 8, 87830)
(247, 83, 93932)
(247, 45, 59494)
(247, 145, 44468)
(247, 24, 39715)
(247, 130, 84340)
(247, 66, 98709)
(247, 103, 13891)
(247, 102, 91767)
(247, 25, 21708)
(247, 167, 53215)
(247, 76, 1929)
(247, 89, 87006)
(247, 213, 26745)
(247, 231, 60479)
(247, 189, 32287)
(247, 183, 74835)
(247, 205, 57420)
(247, 206, 88376)
(247, 113, 60345)
(247, 228, 26760)
(247, 3, 86941)
(247, 47, 36690)
(247, 101, 16808)
(247, 17, 64671)
(247, 174, 60704)
(247, 60, 72721)
(247, 46, 55403)
(247, 216, 43275)
(247, 90, 48067)
(247, 93, 98193)
(247, 70, 96383)
(247, 192, 50177)
(247, 91, 68039)
(247, 166, 68427)
(247, 73, 9282)
(247, 234, 41053)
(247, 94, 22523)
(247, 108, 96820)
(247, 144, 47389)
(247, 19, 17535)
(247, 43, 61473)
(247, 181, 89100)
(247, 182, 90535)
(247, 186, 61788)
(247, 36, 74284)
(247, 119, 3684)
(247, 62, 90838)
(247, 194, 47830)
(247, 63, 29854)
(247, 81, 21949)
(247, 208, 11769)
(247, 0, 91021)
(247, 7, 71192)
(247, 135, 13883)
(247, 187, 62465)
(247, 88, 71243)
(247, 190, 29)
(247, 165, 80094)
(247, 95, 44041)
(247, 6, 98229)
(247, 38, 44225)
(247, 115, 48776)
(247, 222, 91042)
(247, 69, 92167)
(247, 171, 70887)
(247, 97, 88434)
(247, 18, 83226)
(247, 227, 87338)
(247, 106, 91879)
(247, 235, 20266)
(247, 204, 55105)
(248, 102, 64515)
(248, 76, 29086)
(248, 83, 42927)
(248, 114, 52062)
(248, 63, 44922)
(248, 237, 20362)
(248, 191, 44482)
(248, 154, 84940)
(248, 80, 4169)
(248, 108, 30385)
(248, 194, 20532)
(248, 13, 4112)
(248, 19, 46326)
(248, 206, 91764)
(248, 150, 38826)
(248, 232, 85634)
(248, 48, 37027)
(248, 176, 95676)
(248, 205, 99634)
(248, 72, 71118)
(248, 87, 40541)
(248, 90, 55870)
(248, 225, 65357)
(248, 239, 98902)
(248, 235, 80495)
(248, 117, 18892)
(248, 179, 47222)
(248, 50, 33303)
(248, 231, 94623)
(248, 6, 37471)
(248, 177, 71314)
(248, 204, 69173)
(248, 111, 16340)
(248, 7, 63117)
(248, 20, 29508)
(248, 161, 21604)
(248, 158, 52390)
(248, 104, 71011)
(248, 5, 83616)
(248, 86, 15925)
(248, 43, 31479)
(248, 227, 56028)
(248, 93, 93608)
(248, 2, 42985)
(248, 41, 21134)
(248, 169, 57170)
(248, 98, 46855)
(248, 147, 65034)
(248, 27, 75803)
(248, 118, 15934)
(248, 166, 75078)
(248, 184, 61170)
(248, 182, 44466)
(248, 4, 76762)
(248, 110, 373)
(248, 201, 81305)
(248, 37, 12593)
(248, 134, 58371)
(248, 140, 56892)
(248, 228, 50285)
(248, 22, 10586)
(248, 64, 10205)
(248, 160, 26835)
(248, 168, 63373)
(248, 45, 13868)
(248, 145, 23413)
(248, 163, 30273)
(248, 208, 76011)
(249, 158, 14989)
(249, 179, 30168)
(249, 96, 45178)
(249, 23, 81500)
(249, 138, 88239)
(250, 69, 18596)
(250, 147, 6895)
(250, 15, 10295)
(250, 141, 94938)
(250, 31, 74061)
(250, 220, 48235)
(250, 176, 52866)
(250, 11, 65775)
(250, 239, 16902)
(250, 16, 3099)
(250, 7, 1024)
(250, 22, 30120)
(250, 14, 56322)
(250, 72, 96389)
(250, 3, 69415)
(250, 21, 18710)
(250, 144, 33626)
(250, 52, 1509)
(250, 154, 84130)
(250, 167, 90426)
(250, 125, 1208)
(250, 212, 39383)
(250, 230, 44487)
(250, 225, 50868)
(250, 1, 70246)
(250, 77, 60351)
(250, 140, 98185)
(250, 35, 73094)
(250, 193, 51449)
(250, 156, 40283)
(250, 84, 2858)
(250, 40, 82109)
(250, 42, 34129)
(250, 61, 87340)
(250, 152, 90879)
(250, 247, 17870)
(250, 248, 68245)
(250, 113, 2594)
(250, 116, 12609)
(250, 245, 75430)
(250, 112, 31468)
(250, 27, 53236)
(250, 171, 39247)
(251, 82, 13515)
(251, 44, 1454)
(251, 113, 2942)
(251, 91, 74641)
(251, 198, 320)
(251, 176, 85229)
(251, 57, 86186)
(251, 47, 89861)
(251, 180, 10111)
(251, 235, 93375)
(251, 217, 92692)
(251, 9, 9433)
(251, 41, 88035)
(251, 46, 46522)
(251, 84, 51400)
(251, 181, 46849)
(251, 131, 56453)
(251, 184, 12182)
(251, 28, 56571)
(251, 187, 35879)
(251, 68, 41411)
(251, 209, 53925)
(251, 112, 86067)
(251, 242, 19476)
(251, 239, 10423)
(251, 8, 51398)
(251, 238, 96544)
(251, 36, 89388)
(251, 200, 14343)
(251, 54, 1254)
(251, 241, 98401)
(251, 45, 91326)
(251, 216, 64757)
(251, 150, 82981)
(251, 202, 97147)
(251, 160, 92084)
(251, 34, 14251)
(252, 3, 24985)
(252, 213, 21279)
(252, 104, 55992)
(252, 93, 86144)
(252, 85, 92499)
(252, 239, 27281)
(252, 28, 61232)
(252, 203, 87565)
(252, 120, 64361)
(252, 73, 50286)
(252, 82, 26746)
(252, 135, 66023)
(252, 60, 90415)
(252, 106, 73017)
(252, 191, 48759)
(252, 18, 5898)
(252, 150, 65978)
(252, 148, 25829)
(252, 142, 5766)
(252, 227, 39725)
(252, 205, 14233)
(252, 160, 54831)
(252, 173, 9323)
(252, 1, 69242)
(252, 81, 55987)
(252, 39, 85360)
(252, 124, 88072)
(252, 30, 90785)
(252, 77, 13561)
(252, 131, 12805)
(252, 63, 84317)
(252, 228, 24838)
(252, 235, 10971)
(252, 51, 96075)
(252, 107, 6261)
(252, 10, 33254)
(252, 158, 94765)
(252, 183, 76056)
(252, 153, 24238)
(252, 168, 85835)
(252, 170, 44111)
(252, 201, 77002)
(252, 249, 74102)
(252, 154, 3566)
(252, 47, 92634)
(252, 233, 74658)
(252, 199, 81887)
(252, 166, 73572)
(252, 103, 91918)
(252, 185, 89371)
(252, 97, 25875)
(252, 117, 39080)
(252, 36, 82968)
(252, 72, 49893)
(252, 222, 64226)
(252, 208, 40100)
(252, 0, 3975)
(252, 78, 34088)
(252, 24, 26092)
(252, 232, 80115)
(252, 147, 73654)
(252, 161, 51200)
(252, 9, 37911)
(252, 221, 72345)
(252, 44, 75825)
(252, 220, 95528)
(252, 119, 74299)
(252, 211, 86812)
(252, 223, 24661)
(252, 108, 72204)
(252, 98, 90774)
(252, 89, 83022)
(252, 13, 28129)
(252, 116, 98714)
(252, 17, 72252)
(252, 236, 20926)
(252, 21, 12091)
(252, 40, 18011)
(252, 171, 16856)
(252, 48, 88905)
(252, 251, 98245)
(252, 163, 2481)
(252, 188, 31669)
(252, 75, 41892)
(252, 156, 35836)
(252, 152, 19872)
(252, 125, 34044)
(252, 192, 27124)
(252, 190, 53080)
(252, 240, 84287)
(252, 193, 82647)
(252, 247, 5091)
(252, 181, 35427)
(252, 87, 70568)
(252, 225, 18102)
(252, 67, 82073)
(252, 214, 28458)
(252, 126, 96289)
(252, 15, 66639)
(252, 207, 50178)
(252, 187, 14406)
(252, 76, 54169)
(252, 229, 95919)
(252, 43, 38651)
(252, 6, 93961)
(252, 58, 91027)
(252, 234, 31)
(252, 110, 14822)
(252, 94, 30637)
(252, 91, 44165)
(252, 162, 88217)
(252, 4, 65116)
(252, 134, 7884)
(252, 71, 56653)
(252, 122, 83700)
(252, 159, 35571)
(252, 88, 84283)
(252, 50, 38566)
(252, 212, 86146)
(252, 33, 52839)
(252, 202, 61219)
(252, 186, 45867)
(252, 210, 18039)
(252, 224, 73664)
(252, 216, 18374)
(252, 129, 64831)
(252, 197, 35143)
(252, 62, 68381)
(252, 206, 52943)
(252, 136, 25208)
(252, 99, 69961)
(252, 80, 82385)
(252, 5, 24468)
(252, 46, 25625)
(252, 139, 32341)
(252, 127, 4089)
(252, 45, 69066)
(252, 20, 89919)
(252, 31, 31206)
(252, 151, 34042)
(252, 195, 94136)
(252, 164, 5974)
(252, 8, 186)
(252, 79, 84174)
(252, 194, 65666)
(252, 165, 94341)
(252, 172, 52496)
(252, 95, 45549)
(252, 23, 28873)
(252, 248, 86292)
(252, 198, 42501)
(252, 14, 51780)
(252, 57, 30755)
(252, 141, 75366)
(252, 144, 70481)
(252, 137, 5767)
(252, 74, 13236)
(252, 65, 18066)
(252, 111, 78527)
(252, 68, 80461)
(252, 112, 8159)
(252, 146, 88634)
(252, 96, 37054)
(252, 102, 65450)
(252, 59, 32960)
(252, 69, 64222)
(252, 250, 78152)
(252, 41, 83731)
(252, 83, 33461)
(252, 177, 92147)
(252, 128, 60649)
(252, 176, 80440)
(252, 38, 80902)
(252, 115, 9788)
(252, 56, 39683)
(252, 145, 33124)
(252, 118, 87193)
(252, 29, 98591)
(252, 218, 39406)
(252, 238, 46115)
(252, 86, 20751)
(252, 200, 57700)
(252, 149, 75269)
(252, 61, 71624)
(252, 143, 57086)
(252, 246, 47356)
(252, 184, 72346)
(252, 26, 47701)
(252, 90, 62474)
(252, 178, 51882)
(252, 167, 41205)
(252, 217, 19398)
(252, 196, 95987)
(252, 226, 43308)
(252, 52, 31228)
(252, 27, 79493)
(252, 180, 96141)
(252, 241, 45432)
(252, 22, 10218)
(252, 138, 28307)
(252, 35, 73542)
(252, 114, 15057)
(252, 155, 26277)
(252, 132, 57593)
(252, 42, 51936)
(252, 19, 15996)
(252, 121, 43344)
(252, 231, 94092)
(252, 237, 27733)
(252, 244, 43732)
(252, 109, 71137)
(252, 53, 9582)
(252, 157, 72095)
(253, 148, 51062)
(253, 55, 97835)
(253, 127, 24736)
(253, 199, 38218)
(253, 158, 57017)
(253, 251, 45021)
(253, 157, 85588)
(253, 120, 17078)
(253, 53, 27229)
(253, 196, 75920)
(253, 140, 89962)
(253, 99, 19374)
(253, 13, 99719)
(253, 92, 40235)
(253, 116, 84167)
(253, 115, 70967)
(253, 242, 32141)
(253, 85, 5335)
(253, 47, 70449)
(253, 181, 35299)
(253, 3, 90246)
(253, 241, 8246)
(253, 147, 62365)
(253, 176, 85595)
(253, 30, 16901)
(253, 204, 26719)
(253, 130, 34640)
(253, 191, 57160)
(253, 188, 37110)
(253, 192, 75608)
(253, 88, 20025)
(253, 96, 29664)
(253, 187, 41530)
(253, 184, 66235)
(253, 73, 40166)
(253, 2, 4540)
(253, 249, 82900)
(253, 175, 2780)
(253, 132, 14656)
(253, 40, 8079)
(253, 58, 24541)
(253, 129, 59123)
(253, 37, 32680)
(253, 63, 13827)
(253, 84, 63404)
(253, 201, 72614)
(253, 91, 80836)
(253, 39, 29563)
(253, 180, 70779)
(253, 123, 13620)
(253, 232, 77721)
(253, 118, 47953)
(253, 205, 87250)
(253, 77, 11166)
(253, 5, 44061)
(253, 121, 12155)
(253, 81, 63208)
(253, 150, 41630)
(253, 222, 27488)
(253, 218, 21532)
(253, 95, 28118)
(253, 71, 79194)
(253, 65, 31817)
(253, 185, 76697)
(253, 4, 25861)
(253, 170, 29655)
(253, 26, 21286)
(253, 113, 20843)
(253, 114, 66648)
(253, 245, 94432)
(253, 79, 79295)
(253, 239, 93794)
(253, 143, 97536)
(253, 244, 89197)
(253, 100, 2485)
(253, 17, 52131)
(253, 198, 86156)
(253, 122, 3556)
(253, 233, 99984)
(253, 186, 47346)
(253, 12, 54580)
(253, 56, 83858)
(253, 80, 3665)
(253, 248, 68999)
(253, 0, 28553)
(253, 126, 87401)
(253, 93, 65559)
(253, 24, 26534)
(253, 61, 39279)
(253, 66, 87683)
(253, 1, 4253)
(253, 171, 46702)
(253, 162, 17607)
(253, 8, 62384)
(253, 229, 86667)
(253, 104, 6736)
(253, 117, 76593)
(253, 246, 96570)
(253, 42, 21478)
(253, 166, 1394)
(253, 46, 38479)
(253, 133, 65972)
(253, 11, 91170)
(253, 183, 30821)
(253, 32, 79740)
(253, 97, 85387)
(253, 10, 36732)
(253, 51, 14657)
(253, 228, 22660)
(253, 90, 92529)
(253, 235, 99734)
(253, 94, 62691)
(253, 224, 78459)
(253, 41, 30833)
(253, 60, 890)
(253, 14, 80044)
(253, 197, 80433)
(253, 149, 34304)
(253, 89, 42387)
(253, 142, 25505)
(253, 33, 91894)
(253, 87, 23186)
(253, 179, 68542)
(253, 211, 77049)
(253, 137, 78180)
(253, 173, 10276)
(253, 43, 55745)
(253, 31, 23845)
(253, 52, 7542)
(253, 227, 21530)
(253, 112, 79581)
(253, 190, 13436)
(253, 141, 96705)
(253, 29, 72520)
(253, 82, 18581)
(253, 189, 52578)
(253, 151, 8087)
(253, 67, 76425)
(253, 22, 84078)
(253, 215, 14709)
(253, 139, 72279)
(253, 107, 21834)
(253, 45, 42723)
(253, 219, 12148)
(253, 172, 3954)
(253, 161, 3664)
(253, 214, 42221)
(253, 18, 790)
(253, 9, 53128)
(253, 64, 67840)
(253, 135, 66634)
(253, 217, 56234)
(253, 236, 90306)
(253, 106, 72975)
(253, 167, 23203)
(253, 119, 38911)
(253, 159, 17561)
(253, 160, 48440)
(253, 111, 71010)
(253, 225, 82959)
(253, 202, 92710)
(253, 168, 21747)
(253, 164, 25579)
(253, 178, 1324)
(253, 182, 23966)
(253, 83, 42860)
(253, 23, 91067)
(253, 134, 31483)
(253, 75, 22512)
(253, 247, 42560)
(253, 105, 16180)
(253, 209, 19944)
(253, 174, 19384)
(253, 6, 22702)
(253, 200, 95568)
(253, 70, 15199)
(253, 250, 20609)
(253, 98, 93789)
(253, 101, 49997)
(253, 35, 49449)
(253, 38, 9600)
(253, 86, 4207)
(253, 7, 51046)
(253, 203, 92469)
(253, 144, 53847)
(253, 19, 82861)
(253, 169, 46053)
(253, 238, 35374)
(253, 146, 63430)
(253, 223, 70886)
(253, 212, 91140)
(253, 194, 36074)
(253, 240, 20084)
(253, 231, 99720)
(253, 48, 82922)
(253, 131, 48085)
(253, 72, 17926)
(253, 57, 57351)
(253, 124, 97323)
(253, 220, 3471)
(253, 25, 569)
(253, 50, 4615)
(253, 163, 4367)
(253, 36, 29117)
(253, 177, 18687)
(253, 128, 10538)
(253, 138, 18410)
(253, 27, 94143)
(253, 110, 32957)
(253, 15, 71147)
(253, 136, 873)
(253, 62, 48934)
(253, 216, 60975)
(253, 153, 76980)
(253, 210, 37285)
(253, 206, 14095)
(253, 195, 20318)
(253, 165, 63003)
(253, 102, 55520)
(253, 108, 78065)
(253, 156, 91534)
(253, 34, 27884)
(253, 237, 96716)
(253, 21, 9860)
(253, 152, 96322)
(253, 74, 59538)
(253, 208, 43278)
(253, 20, 3050)
(253, 49, 32297)
(253, 68, 63473)
(253, 154, 19525)
(253, 243, 64274)
(253, 252, 42810)
(253, 59, 21453)
(253, 213, 4792)
(253, 103, 61865)
(253, 44, 80920)
(253, 109, 96272)
(253, 125, 79891)
(253, 76, 7105)
(253, 78, 72649)
(253, 221, 21640)
(253, 230, 22779)
(253, 28, 62864)
(253, 155, 43476)
(253, 207, 21215)
(253, 69, 97014)
(253, 16, 94625)
(253, 54, 43774)
(253, 234, 32339)
(253, 226, 10247)
(253, 145, 91568)
(253, 193, 23308)
(254, 191, 34876)
(254, 252, 60584)
(254, 188, 66658)
(254, 106, 36524)
(254, 41, 22733)
(254, 120, 19828)
(254, 160, 16377)
(254, 119, 16260)
(254, 85, 90208)
(254, 152, 95052)
(254, 95, 36741)
(254, 212, 98054)
(254, 96, 90344)
(254, 236, 50026)
(254, 171, 56327)
(254, 70, 82753)
(254, 128, 71590)
(254, 50, 53047)
(254, 68, 82582)
(254, 0, 81978)
(254, 226, 24464)
(254, 131, 53055)
(254, 195, 86692)
(254, 84, 49104)
(254, 213, 49169)
(254, 13, 6616)
(254, 36, 27120)
(254, 251, 97163)
(254, 187, 81354)
(254, 198, 7689)
(254, 49, 3581)
(254, 228, 70212)
(254, 83, 90135)
(254, 158, 96116)
(254, 24, 57713)
(254, 46, 82965)
(254, 104, 31109)
(254, 207, 55220)
(254, 203, 32066)
(254, 202, 70683)
(254, 125, 3488)
(254, 181, 57656)
(254, 249, 76438)
(254, 64, 35765)
(254, 58, 24101)
(254, 241, 1617)
(254, 132, 1722)
(254, 194, 6454)
(254, 108, 14662)
(254, 219, 27983)
(254, 32, 20844)
(254, 88, 40803)
(254, 225, 32031)
(254, 42, 22929)
(254, 61, 22821)
(254, 10, 61552)
(254, 182, 32325)
(254, 6, 18622)
(254, 111, 77782)
(254, 89, 74792)
(254, 91, 75566)
(254, 154, 66979)
(254, 118, 55081)
(254, 35, 10260)
(254, 173, 8969)
(254, 217, 56443)
(254, 248, 65216)
(254, 197, 48343)
(254, 8, 37696)
(254, 75, 81595)
(254, 12, 45683)
(254, 185, 56215)
(254, 112, 43993)
(254, 76, 90913)
(254, 146, 60328)
(254, 48, 92625)
(254, 55, 20315)
(254, 81, 48807)
(254, 246, 67864)
(254, 67, 39411)
(254, 115, 65916)
(254, 86, 35540)
(254, 148, 85733)
(254, 192, 93150)
(254, 243, 75274)
(254, 214, 36889)
(254, 92, 88707)
(254, 162, 31146)
(254, 33, 91114)
(254, 167, 24812)
(254, 78, 79379)
(254, 211, 567)
(254, 193, 91041)
(254, 52, 2861)
(254, 65, 82967)
(254, 168, 90745)
(254, 72, 82397)
(254, 224, 29990)
(254, 176, 80214)
(254, 208, 31391)
(254, 130, 22076)
(254, 27, 27390)
(254, 180, 36037)
(254, 113, 52886)
(254, 66, 77333)
(254, 233, 2565)
(254, 39, 45785)
(254, 206, 15684)
(254, 93, 67480)
(254, 4, 61306)
(254, 145, 81584)
(254, 38, 23895)
(254, 244, 46317)
(254, 155, 54771)
(254, 144, 58062)
(254, 79, 738)
(254, 56, 31779)
(254, 110, 61185)
(254, 169, 29584)
(254, 17, 28367)
(254, 174, 27293)
(254, 77, 6077)
(254, 135, 93222)
(254, 122, 20478)
(254, 204, 18422)
(254, 123, 8162)
(254, 190, 72562)
(254, 114, 87548)
(254, 232, 32866)
(254, 19, 17537)
(255, 8, 4497)
(255, 189, 8695)
(255, 192, 12510)
(255, 103, 55673)
(255, 2, 86446)
(255, 126, 83653)
(255, 74, 85979)
(255, 252, 34926)
(255, 227, 87195)
(255, 240, 63682)
(255, 177, 3865)
(255, 61, 96924)
(255, 54, 99215)
(255, 86, 80498)
(255, 108, 58307)
(255, 199, 87054)
(255, 173, 17965)
(255, 50, 20487)
(255, 3, 75333)
(255, 122, 5399)
(255, 128, 90937)
(255, 17, 32967)
(255, 219, 64038)
(255, 9, 58574)
(255, 181, 43716)
(255, 186, 68451)
(255, 174, 79664)
(255, 188, 4175)
(255, 90, 98794)
(255, 32, 95718)
(255, 246, 99686)
(255, 134, 54417)
(255, 135, 28334)
(255, 18, 91168)
(255, 211, 82774)
(255, 157, 33071)
(255, 233, 858)
(255, 44, 68260)
(255, 208, 67679)
(255, 232, 45049)
(255, 96, 28855)
(255, 77, 88489)
(255, 91, 24615)
(255, 125, 883)
(255, 36, 15514)
(255, 163, 64995)
(255, 248, 61029)
(255, 118, 29992)
(255, 144, 82360)
(255, 14, 36093)
(255, 127, 24767)
(255, 170, 68719)
(255, 215, 16334)
(255, 92, 16838)
(255, 197, 48425)
(255, 209, 38296)
(255, 203, 93775)
(255, 155, 23805)
(255, 38, 51889)
(255, 114, 52716)
(255, 222, 11823)
(255, 243, 21345)
(255, 69, 98638)
(255, 239, 11981)
(255, 178, 27933)
(255, 221, 20465)
(255, 58, 79617)
(255, 235, 96712)
(255, 40, 20726)
(255, 200, 28718)
(255, 131, 44302)
(255, 109, 90074)
(255, 28, 44698)
(255, 217, 66870)
(255, 106, 51615)
(255, 48, 47332)
(255, 45, 44162)
(255, 207, 67328)
(255, 171, 47524)
(255, 238, 41758)
(255, 80, 100089)
(255, 132, 48324)
(255, 141, 18880)
(255, 66, 644)
(255, 120, 7225)
(255, 142, 74310)
(255, 167, 72299)
(255, 130, 46066)
(255, 37, 36966)
(255, 187, 8018)
(255, 231, 31151)
(255, 72, 9514)
(255, 191, 5555)
(255, 117, 38490)
(255, 251, 66208)
(255, 160, 55518)
(255, 151, 50152)
(255, 236, 42002)
(255, 110, 45591)
(255, 145, 40963)
(255, 223, 41178)
(255, 68, 68050)
(255, 67, 6081)
(256, 39, 56847)
(256, 13, 29101)
(256, 129, 53981)
(256, 247, 69300)
(256, 71, 63915)
(256, 205, 57293)
(256, 127, 15692)
(256, 74, 93858)
(256, 196, 93770)
(256, 34, 78936)
(256, 165, 32525)
(256, 151, 83986)
(256, 116, 75215)
(256, 244, 100225)
(256, 159, 8145)
(256, 62, 97355)
(256, 162, 39665)
(256, 145, 8044)
(256, 221, 2137)
(256, 195, 52920)
(256, 181, 4843)
(256, 90, 43010)
(256, 17, 10618)
(256, 242, 85214)
(256, 200, 50117)
(256, 128, 98521)
(256, 219, 30583)
(256, 167, 37019)
(256, 69, 39965)
(256, 70, 95210)
(256, 102, 63148)
(256, 232, 18334)
(256, 143, 20517)
(256, 142, 63954)
(256, 111, 76559)
(256, 45, 25598)
(256, 3, 94329)
(256, 136, 19809)
(256, 97, 39187)
(256, 179, 15303)
(256, 131, 100338)
(256, 229, 8640)
(256, 224, 82155)
(256, 171, 15601)
(256, 169, 70729)
(256, 149, 814)
(256, 153, 89337)
(256, 173, 99589)
(256, 91, 72179)
(256, 225, 7724)
(256, 65, 32932)
(256, 11, 3534)
(256, 19, 100305)
(256, 227, 29194)
(256, 204, 42183)
(256, 32, 24515)
(256, 157, 23145)
(256, 67, 49368)
(256, 54, 43615)
(256, 237, 23855)
(256, 7, 88478)
(256, 124, 22493)
(256, 138, 65655)
(256, 235, 54420)
(256, 222, 27743)
(256, 86, 73643)
(256, 125, 75364)
(256, 59, 91120)
(256, 168, 75558)
(256, 174, 41576)
(256, 89, 8782)
(256, 78, 23045)
(256, 64, 37135)
(256, 180, 84026)
(256, 217, 37879)
(256, 48, 21794)
(256, 112, 92129)
(256, 191, 20841)
(256, 31, 22166)
(256, 113, 1174)
(256, 253, 26754)
(256, 77, 45246)
(256, 1, 25739)
(256, 198, 55329)
(256, 24, 96585)
(256, 49, 77329)
(256, 255, 69848)
(256, 140, 21617)
(256, 15, 97782)
(256, 223, 60961)
(256, 152, 14176)
(256, 250, 36886)
(256, 46, 63763)
(256, 133, 91288)
(256, 160, 15642)
(256, 215, 21465)
(256, 76, 28379)
(256, 209, 65426)
(256, 238, 69115)
(256, 166, 38954)
(256, 187, 25270)
(256, 14, 90992)
(256, 172, 99051)
(256, 218, 26465)
(256, 203, 91051)
(256, 92, 59359)
(256, 25, 33311)
(256, 216, 60089)
(256, 10, 99817)
(256, 16, 60167)
(256, 36, 96208)
(256, 43, 38554)
(256, 121, 94823)
(256, 29, 32018)
(256, 73, 15970)
(256, 164, 32456)
(256, 183, 31168)
(256, 213, 23666)
(256, 212, 72629)
(256, 182, 11029)
(256, 239, 96676)
(256, 60, 97834)
(256, 226, 2695)
(256, 82, 68543)
(256, 30, 4434)
(256, 234, 33783)
(256, 119, 26812)
(256, 148, 57761)
(256, 75, 3698)
(256, 243, 35439)
(256, 230, 70220)
(256, 184, 49516)
(256, 94, 59435)
(256, 99, 81386)
(256, 192, 59175)
(256, 0, 43430)
(256, 81, 29011)
(256, 207, 99066)
(256, 37, 86050)
(256, 190, 66271)
(256, 41, 37515)
(256, 240, 75031)
(256, 199, 16652)
(256, 155, 40844)
(256, 193, 75439)
(256, 38, 50802)
(256, 26, 90104)
(256, 210, 24708)
(256, 80, 73562)
(256, 53, 54475)
(256, 132, 43404)
(256, 40, 89876)
(256, 147, 26616)
(256, 2, 6839)
(256, 18, 42492)
(256, 21, 86341)
(256, 105, 15730)
(256, 87, 66442)
(256, 50, 71759)
(256, 150, 12643)
(256, 63, 49656)
(256, 135, 21920)
(256, 56, 57082)
(256, 42, 75406)
(256, 5, 62899)
(256, 186, 16962)
(256, 123, 67471)
(256, 35, 38389)
(256, 188, 53456)
(256, 88, 96611)
(256, 194, 30903)
(256, 208, 49876)
(256, 126, 98583)
(256, 106, 69108)
(256, 170, 33511)
(256, 110, 90972)
(256, 156, 1363)
(256, 107, 53804)
(256, 175, 43351)
(256, 57, 36778)
(256, 134, 42956)
(256, 44, 50565)
(256, 137, 58288)
(256, 108, 51410)
(256, 176, 43412)
(256, 28, 23432)
(256, 248, 59480)
(256, 104, 97743)
(256, 158, 29095)
(256, 249, 93327)
(256, 4, 11574)
(256, 79, 86217)
(256, 211, 93229)
(256, 254, 79049)
(256, 118, 27885)
(256, 9, 62837)
(256, 47, 9658)
(256, 214, 53968)
(256, 246, 40399)
(256, 122, 33950)
(256, 233, 50938)
(256, 178, 43586)
(256, 206, 61376)
(256, 98, 86434)
(256, 141, 53940)
(256, 109, 64518)
(256, 236, 34069)
(256, 93, 12944)
(257, 115, 64067)
(257, 108, 20707)
(257, 225, 91005)
(257, 63, 7869)
(257, 242, 7120)
(257, 212, 82072)
(257, 110, 99314)
(257, 52, 16327)
(257, 227, 64019)
(257, 204, 47838)
(257, 12, 48560)
(257, 155, 46429)
(257, 31, 12532)
(257, 15, 10534)
(257, 244, 69496)
(257, 236, 29852)
(257, 161, 21596)
(257, 246, 15250)
(257, 209, 34713)
(257, 8, 21441)
(257, 119, 39879)
(257, 131, 35593)
(257, 32, 26839)
(257, 139, 56786)
(257, 54, 71143)
(257, 2, 67052)
(257, 188, 9602)
(257, 1, 43933)
(257, 62, 78137)
(257, 182, 55868)
(257, 6, 12128)
(257, 213, 34689)
(257, 59, 85883)
(257, 169, 24120)
(257, 29, 74096)
(257, 33, 32529)
(257, 154, 79867)
(257, 240, 81412)
(257, 34, 61225)
(257, 133, 56446)
(257, 184, 55831)
(257, 123, 85286)
(257, 111, 10032)
(257, 192, 17552)
(257, 132, 97367)
(257, 71, 51099)
(257, 49, 75486)
(257, 81, 89741)
(257, 37, 82442)
(257, 11, 90546)
(257, 163, 4486)
(257, 85, 82681)
(257, 24, 18113)
(257, 165, 86398)
(257, 28, 37514)
(257, 224, 37363)
(257, 233, 87105)
(257, 143, 97418)
(257, 201, 55438)
(257, 105, 38148)
(257, 73, 93853)
(257, 41, 25540)
(257, 248, 28123)
(257, 20, 100061)
(257, 51, 84575)
(257, 117, 97938)
(257, 77, 16002)
(257, 234, 96651)
(257, 228, 94658)
(257, 226, 89934)
(257, 174, 70933)
(257, 120, 16862)
(257, 107, 74389)
(257, 130, 30367)
(257, 86, 16827)
(257, 97, 51710)
(257, 79, 6388)
(257, 69, 24880)
(257, 231, 76022)
(257, 68, 57073)
(257, 203, 46208)
(257, 100, 21131)
(257, 112, 88895)
(257, 140, 82023)
(257, 118, 86775)
(257, 23, 75779)
(257, 179, 77633)
(257, 243, 56582)
(257, 55, 17556)
(257, 254, 5736)
(257, 250, 73930)
(257, 256, 21646)
(257, 66, 68404)
(257, 21, 2806)
(257, 214, 26685)
(257, 113, 65741)
(257, 26, 97719)
(257, 156, 82407)
(257, 210, 75141)
(257, 235, 8563)
(257, 60, 98615)
(257, 216, 61126)
(257, 220, 46447)
(257, 162, 69919)
(257, 175, 10944)
(257, 129, 26785)
(257, 92, 48000)
(257, 193, 96603)
(257, 145, 1296)
(257, 114, 31016)
(257, 39, 49871)
(257, 171, 26744)
(257, 67, 99231)
(257, 84, 34597)
(257, 219, 86135)
(257, 166, 56907)
(257, 180, 21319)
(257, 170, 10120)
(257, 76, 65448)
(257, 189, 95400)
(257, 22, 42159)
(257, 135, 466)
(257, 43, 11469)
(257, 61, 10958)
(257, 30, 13661)
(257, 177, 87861)
(257, 164, 53036)
(257, 74, 47891)
(257, 191, 76106)
(257, 10, 58343)
(257, 88, 10169)
(257, 153, 70641)
(257, 5, 90894)
(257, 218, 39533)
(257, 106, 49765)
(257, 207, 50126)
(257, 237, 46342)
(257, 205, 57652)
(257, 87, 79216)
(257, 202, 10826)
(257, 178, 93533)
(257, 102, 7802)
(257, 128, 79262)
(257, 229, 24723)
(258, 20, 52814)
(258, 79, 86783)
(258, 29, 22126)
(258, 196, 16321)
(258, 248, 30936)
(258, 98, 92785)
(258, 202, 1379)
(258, 53, 78704)
(258, 244, 47846)
(258, 34, 73119)
(258, 237, 10172)
(258, 57, 100044)
(258, 198, 3148)
(258, 109, 14826)
(258, 168, 11002)
(258, 224, 66699)
(258, 39, 53810)
(258, 63, 44454)
(258, 103, 21766)
(258, 65, 44467)
(258, 133, 95409)
(258, 107, 7320)
(258, 131, 82742)
(258, 59, 30921)
(258, 214, 93129)
(258, 92, 14863)
(258, 30, 94633)
(258, 239, 52085)
(258, 180, 92378)
(258, 135, 94629)
(258, 232, 12554)
(258, 116, 57206)
(258, 201, 49739)
(258, 80, 65085)
(258, 139, 53759)
(258, 235, 57827)
(258, 154, 45862)
(258, 11, 97242)
(258, 229, 27230)
(258, 54, 80167)
(258, 108, 14447)
(258, 225, 32457)
(258, 117, 54221)
(258, 218, 71533)
(258, 49, 75931)
(258, 10, 2328)
(258, 129, 22298)
(258, 163, 11010)
(258, 147, 51121)
(258, 251, 29321)
(258, 138, 77543)
(258, 216, 38054)
(258, 169, 60424)
(258, 18, 68160)
(258, 203, 9435)
(258, 123, 99955)
(258, 219, 7997)
(258, 76, 87602)
(258, 19, 90490)
(258, 256, 96349)
(258, 102, 10663)
(258, 162, 32746)
(258, 184, 98575)
(258, 113, 33682)
(258, 56, 73424)
(258, 38, 16081)
(258, 40, 46975)
(258, 153, 68642)
(258, 7, 8754)
(258, 43, 51413)
(258, 142, 43664)
(258, 234, 50128)
(258, 60, 14196)
(258, 68, 67384)
(258, 50, 38531)
(258, 64, 25539)
(258, 191, 51887)
(258, 152, 56276)
(258, 255, 71453)
(258, 205, 67903)
(258, 78, 31579)
(258, 1, 27223)
(258, 122, 47685)
(258, 85, 7034)
(258, 5, 51145)
(258, 213, 47124)
(258, 127, 95075)
(258, 186, 68181)
(258, 243, 35610)
(258, 241, 33215)
(258, 75, 69418)
(258, 9, 92263)
(258, 204, 2602)
(259, 119, 55487)
(259, 23, 78894)
(259, 177, 6689)
(259, 193, 55076)
(259, 166, 45652)
(259, 162, 73844)
(259, 78, 76650)
(259, 256, 34969)
(259, 236, 99189)
(259, 42, 90015)
(259, 75, 60776)
(259, 189, 19257)
(259, 163, 20054)
(259, 203, 40960)
(259, 184, 58487)
(259, 147, 45717)
(259, 61, 82457)
(259, 151, 10330)
(259, 17, 92534)
(259, 93, 37291)
(259, 96, 57741)
(259, 148, 50365)
(259, 129, 15766)
(259, 125, 25919)
(259, 51, 14191)
(259, 248, 47627)
(259, 132, 48139)
(259, 33, 20591)
(259, 5, 16904)
(259, 48, 20161)
(259, 164, 39285)
(259, 201, 75755)
(259, 52, 23032)
(259, 165, 2516)
(259, 60, 54659)
(259, 113, 94901)
(259, 21, 19435)
(259, 105, 16863)
(259, 206, 58796)
(259, 188, 57893)
(259, 97, 24993)
(259, 41, 91948)
(259, 4, 90042)
(259, 258, 47460)
(259, 43, 67664)
(259, 7, 42702)
(259, 211, 98876)
(259, 29, 83710)
(259, 243, 41070)
(259, 190, 8856)
(259, 26, 70447)
(259, 181, 2608)
(259, 9, 36125)
(259, 202, 1704)
(259, 149, 80821)
(259, 131, 35405)
(259, 36, 27795)
(259, 91, 59241)
(259, 169, 4206)
(259, 159, 47519)
(259, 143, 45387)
(259, 244, 1382)
(259, 53, 17602)
(259, 39, 38844)
(259, 3, 26300)
(259, 46, 98892)
(259, 102, 87693)
(259, 130, 29840)
(259, 170, 58170)
(259, 0, 85623)
(259, 208, 85545)
(259, 252, 75897)
(259, 217, 39893)
(259, 81, 54485)
(259, 13, 20612)
(259, 68, 54244)
(259, 160, 79869)
(259, 25, 77913)
(259, 92, 64456)
(259, 135, 58053)
(259, 255, 43612)
(259, 245, 88164)
(259, 180, 83445)
(259, 133, 44726)
(259, 231, 87689)
(259, 200, 89185)
(259, 34, 39057)
(259, 108, 50567)
(259, 215, 10733)
(259, 175, 64794)
(259, 73, 26010)
(259, 233, 94330)
(259, 114, 8755)
(259, 240, 77288)
(259, 106, 8521)
(259, 76, 73085)
(259, 40, 57657)
(259, 47, 39137)
(259, 225, 48829)
(259, 178, 44980)
(259, 257, 98678)
(259, 185, 9633)
(259, 112, 8192)
(259, 167, 92994)
(259, 30, 5137)
(259, 6, 94246)
(259, 110, 16615)
(259, 179, 58546)
(259, 128, 9188)
(259, 37, 42364)
(259, 1, 5162)
(259, 249, 83401)
(259, 250, 58759)
(259, 156, 23572)
(259, 210, 14226)
(259, 69, 20158)
(259, 83, 64049)
(259, 228, 73709)
(259, 12, 62760)
(259, 94, 46154)
(259, 223, 68001)
(259, 230, 63494)
(259, 199, 63181)
(259, 145, 91025)
(259, 224, 25833)
(259, 84, 80212)
(259, 57, 75914)
(259, 218, 44651)
(259, 168, 19360)
(259, 182, 88780)
(259, 139, 26548)
(259, 191, 80054)
(259, 235, 28779)
(259, 212, 13389)
(259, 82, 66713)
(259, 237, 32250)
(259, 232, 51442)
(259, 157, 90128)
(259, 172, 75864)
(259, 20, 20945)
(259, 70, 56777)
(259, 213, 78125)
(259, 62, 43355)
(259, 58, 2533)
(259, 216, 57575)
(259, 117, 40860)
(259, 49, 25940)
(259, 214, 27557)
(259, 24, 26415)
(259, 98, 69333)
(259, 173, 50839)
(259, 246, 2382)
(259, 15, 360)
(259, 19, 51488)
(259, 111, 44334)
(259, 55, 63176)
(259, 247, 36060)
(259, 28, 52525)
(259, 22, 50495)
(259, 219, 55324)
(259, 238, 23841)
(259, 64, 38598)
(259, 239, 5352)
(259, 71, 24471)
(259, 136, 44830)
(259, 186, 4472)
(259, 65, 89243)
(259, 187, 7651)
(259, 27, 6933)
(259, 80, 60293)
(259, 221, 19938)
(259, 35, 50885)
(259, 56, 60063)
(259, 174, 37314)
(259, 122, 28480)
(259, 11, 72704)
(259, 44, 79464)
(259, 2, 49513)
(259, 127, 62853)
(259, 32, 12246)
(259, 16, 93900)
(259, 144, 53343)
(259, 10, 64753)
(259, 161, 12315)
(259, 115, 12577)
(259, 140, 45093)
(259, 66, 65751)
(259, 123, 67389)
(259, 63, 19658)
(259, 95, 71094)
(259, 116, 3696)
(259, 138, 41582)
(259, 124, 7025)
(259, 171, 40537)
(259, 229, 71370)
(259, 251, 30953)
(259, 253, 28944)
(259, 45, 74328)
(259, 254, 16342)
(259, 88, 59959)
(259, 77, 20603)
(259, 31, 93415)
(259, 85, 53539)
(259, 121, 98740)
(259, 241, 50250)
(259, 107, 84328)
(259, 103, 80067)
(259, 100, 63775)
(259, 18, 45494)
(259, 79, 1706)
(259, 192, 80060)
(259, 137, 54599)
(259, 8, 13174)
(259, 126, 76513)
(259, 38, 20393)
(259, 120, 28259)
(259, 142, 100174)
(259, 242, 48260)
(259, 146, 69562)
(259, 209, 31935)
(259, 141, 1554)
(259, 176, 68497)
(259, 101, 12792)
(259, 74, 72042)
(259, 227, 54132)
(259, 134, 64796)
(259, 89, 21132)
(259, 150, 556)
(259, 197, 82624)
(259, 153, 14878)
(259, 104, 76864)
(259, 204, 94835)
(260, 238, 92192)
(260, 18, 42010)
(260, 239, 26324)
(260, 160, 37484)
(260, 17, 52618)
(260, 149, 13165)
(260, 142, 79386)
(260, 253, 1388)
(260, 4, 79926)
(260, 33, 12222)
(260, 225, 32996)
(260, 153, 45651)
(260, 41, 54094)
(260, 203, 22060)
(260, 107, 12232)
(260, 195, 67794)
(260, 158, 57911)
(260, 179, 63693)
(260, 85, 77882)
(260, 3, 17007)
(260, 250, 24915)
(260, 31, 53937)
(260, 100, 71286)
(260, 200, 8303)
(261, 131, 65648)
(261, 219, 28984)
(261, 121, 34432)
(261, 34, 70858)
(261, 259, 56765)
(261, 225, 47983)
(261, 236, 53077)
(261, 5, 86227)
(261, 241, 66104)
(261, 149, 37333)
(261, 87, 44371)
(261, 235, 62093)
(261, 30, 56291)
(261, 52, 22307)
(261, 126, 43084)
(261, 187, 40793)
(261, 157, 61242)
(261, 47, 82378)
(261, 161, 95424)
(261, 15, 16870)
(261, 120, 58716)
(261, 80, 12773)
(261, 230, 50613)
(261, 1, 25170)
(261, 260, 11286)
(261, 103, 64402)
(261, 102, 98716)
(261, 122, 79999)
(261, 144, 4268)
(261, 133, 91612)
(261, 152, 27006)
(261, 43, 90811)
(261, 53, 13375)
(261, 150, 10938)
(261, 224, 18411)
(261, 60, 96586)
(261, 171, 81554)
(261, 223, 38043)
(261, 142, 20875)
(261, 217, 48225)
(261, 159, 82643)
(261, 151, 88135)
(261, 164, 47840)
(261, 27, 87480)
(261, 186, 46260)
(261, 189, 4874)
(261, 28, 70877)
(261, 74, 61569)
(261, 170, 27721)
(261, 168, 84245)
(261, 7, 23593)
(261, 177, 91498)
(261, 96, 87120)
(261, 108, 58426)
(261, 154, 44422)
(261, 64, 71358)
(261, 24, 72879)
(261, 21, 65208)
(261, 257, 26309)
(261, 111, 91508)
(261, 117, 73192)
(261, 145, 89801)
(261, 56, 4752)
(261, 55, 50533)
(261, 23, 70672)
(261, 22, 597)
(261, 175, 38482)
(261, 198, 99576)
(261, 32, 92954)
(261, 258, 88955)
(261, 185, 26075)
(261, 50, 16219)
(261, 63, 76202)
(261, 247, 27780)
(261, 75, 53595)
(261, 77, 75585)
(261, 239, 15431)
(261, 234, 46565)
(261, 245, 82309)
(261, 200, 69309)
(262, 154, 48714)
(262, 255, 65680)
(262, 152, 21654)
(262, 205, 93965)
(262, 84, 84509)
(262, 253, 29733)
(262, 230, 12008)
(262, 142, 67363)
(262, 239, 54478)
(262, 53, 24499)
(262, 202, 23959)
(262, 57, 83686)
(262, 135, 9147)
(262, 112, 23734)
(262, 59, 97879)
(262, 240, 12064)
(262, 180, 78746)
(262, 20, 30566)
(262, 237, 81976)
(262, 10, 23745)
(262, 32, 23554)
(262, 3, 49473)
(262, 47, 74763)
(262, 93, 21787)
(262, 249, 90172)
(262, 146, 22141)
(262, 102, 20235)
(262, 227, 81206)
(262, 189, 46303)
(262, 48, 48603)
(262, 4, 742)
(262, 191, 81923)
(262, 257, 66433)
(262, 118, 45141)
(262, 236, 51604)
(262, 127, 60487)
(262, 30, 46174)
(262, 16, 79192)
(262, 119, 22459)
(262, 58, 9027)
(262, 2, 86795)
(262, 31, 33493)
(262, 82, 93169)
(262, 260, 58911)
(262, 187, 18304)
(262, 223, 3860)
(262, 175, 55815)
(262, 14, 46152)
(262, 243, 3380)
(262, 222, 45438)
(262, 149, 32719)
(262, 116, 50739)
(262, 79, 63829)
(262, 200, 63993)
(262, 41, 61111)
(262, 36, 30948)
(262, 19, 78029)
(262, 188, 80508)
(262, 204, 11510)
(262, 170, 89687)
(262, 130, 58726)
(262, 97, 748)
(262, 24, 58686)
(262, 228, 92237)
(262, 101, 18008)
(262, 225, 69757)
(262, 111, 72875)
(262, 77, 12418)
(262, 259, 19973)
(262, 1, 24027)
(262, 193, 79715)
(262, 35, 71752)
(262, 209, 35599)
(262, 131, 99283)
(262, 9, 19202)
(262, 141, 54701)
(262, 96, 15334)
(262, 168, 52300)
(262, 27, 40790)
(262, 166, 57453)
(262, 92, 59997)
(262, 11, 20614)
(262, 81, 19992)
(262, 89, 53466)
(262, 178, 61275)
(262, 12, 5831)
(262, 194, 29009)
(262, 232, 23268)
(262, 107, 93182)
(262, 139, 51754)
(262, 103, 67077)
(262, 160, 16860)
(262, 231, 35117)
(262, 54, 97521)
(262, 73, 2912)
(262, 98, 95598)
(262, 165, 15562)
(262, 258, 78365)
(262, 159, 51653)
(262, 109, 62089)
(262, 140, 14008)
(262, 5, 8586)
(262, 250, 72679)
(262, 207, 61429)
(262, 8, 40904)
(262, 220, 90892)
(262, 126, 84345)
(262, 52, 73589)
(262, 216, 73782)
(262, 163, 55018)
(262, 42, 73980)
(262, 136, 21116)
(262, 199, 28391)
(262, 197, 98901)
(262, 28, 34900)
(262, 233, 69547)
(262, 113, 28168)
(262, 62, 81844)
(262, 254, 83912)
(262, 256, 70270)
(262, 148, 91222)
(262, 90, 1302)
(262, 122, 45589)
(262, 238, 14462)
(262, 251, 10405)
(262, 158, 93259)
(262, 110, 52736)
(262, 78, 138)
(262, 123, 94705)
(262, 208, 72843)
(262, 120, 53593)
(262, 224, 61666)
(262, 221, 64246)
(262, 80, 33387)
(262, 128, 92733)
(262, 63, 15069)
(262, 26, 99046)
(262, 121, 7433)
(262, 114, 67937)
(262, 100, 67662)
(262, 161, 71967)
(262, 171, 17196)
(262, 179, 15644)
(262, 74, 28755)
(262, 51, 15841)
(262, 144, 9732)
(262, 181, 63698)
(262, 185, 95083)
(262, 173, 30379)
(262, 138, 98699)
(262, 76, 19090)
(262, 64, 43951)
(262, 245, 70960)
(262, 106, 73108)
(262, 87, 20826)
(262, 248, 6502)
(262, 234, 77625)
(262, 49, 44310)
(262, 108, 78392)
(262, 85, 98071)
(262, 0, 27818)
(262, 125, 88228)
(262, 65, 60942)
(262, 214, 76815)
(262, 147, 97332)
(262, 68, 860)
(262, 43, 34833)
(262, 247, 72769)
(262, 133, 14377)
(262, 56, 8002)
(262, 172, 45435)
(262, 124, 87963)
(262, 183, 23411)
(262, 99, 6376)
(262, 86, 29465)
(262, 67, 348)
(262, 50, 92494)
(262, 29, 45062)
(262, 184, 65874)
(262, 182, 76727)
(262, 46, 9205)
(262, 17, 9629)
(262, 196, 563)
(262, 195, 75258)
(262, 176, 47241)
(262, 156, 85801)
(262, 192, 25056)
(262, 177, 15452)
(262, 45, 30271)
(262, 150, 70418)
(262, 91, 82136)
(262, 169, 57886)
(262, 212, 50021)
(262, 72, 75070)
(262, 134, 98522)
(262, 69, 62187)
(262, 117, 65590)
(262, 213, 30647)
(262, 70, 70712)
(262, 23, 1856)
(262, 157, 82542)
(262, 60, 38823)
(262, 174, 56945)
(262, 105, 29589)
(262, 155, 97980)
(262, 88, 1844)
(262, 55, 38877)
(262, 7, 15464)
(262, 244, 68813)
(262, 71, 77589)
(262, 206, 64100)
(262, 15, 9084)
(262, 75, 29766)
(262, 201, 27927)
(262, 40, 64565)
(262, 95, 25560)
(262, 145, 95168)
(262, 235, 43130)
(262, 39, 27761)
(262, 37, 6977)
(262, 203, 84374)
(262, 104, 9321)
(262, 94, 47827)
(262, 226, 24967)
(262, 22, 3155)
(262, 186, 53949)
(262, 242, 66772)
(262, 190, 97771)
(262, 66, 32523)
(262, 25, 56464)
(262, 61, 26903)
(262, 33, 82479)
(262, 13, 39978)
(262, 44, 88936)
(262, 167, 11372)
(262, 151, 52287)
(263, 186, 98460)
(263, 54, 24021)
(263, 164, 77895)
(263, 233, 66246)
(263, 128, 72021)
(263, 231, 66505)
(263, 97, 98007)
(263, 132, 20483)
(263, 109, 11113)
(263, 13, 85462)
(263, 103, 41463)
(263, 61, 82797)
(263, 34, 84948)
(263, 255, 70018)
(263, 260, 90599)
(263, 88, 88191)
(263, 235, 16111)
(263, 205, 99090)
(263, 19, 56792)
(263, 49, 43074)
(263, 262, 15021)
(263, 65, 7819)
(263, 135, 43646)
(263, 257, 95827)
(263, 105, 61273)
(263, 248, 44928)
(263, 119, 73561)
(263, 84, 99262)
(263, 238, 20509)
(263, 190, 54377)
(263, 158, 1784)
(263, 121, 50580)
(263, 196, 24704)
(263, 209, 92873)
(263, 230, 23690)
(263, 152, 19587)
(263, 218, 37338)
(263, 146, 15944)
(263, 253, 50355)
(263, 3, 73228)
(263, 151, 27110)
(263, 179, 57877)
(263, 98, 49094)
(263, 122, 47487)
(263, 157, 53986)
(263, 70, 57712)
(263, 173, 65031)
(263, 75, 50074)
(263, 77, 98707)
(263, 148, 3939)
(263, 15, 58654)
(263, 134, 54487)
(263, 66, 16730)
(263, 18, 21342)
(263, 83, 32488)
(263, 191, 26973)
(263, 137, 96655)
(263, 20, 30493)
(263, 0, 47271)
(263, 102, 90477)
(263, 208, 6935)
(263, 12, 37774)
(263, 55, 53034)
(263, 117, 45086)
(263, 211, 83350)
(263, 113, 32270)
(263, 142, 68365)
(263, 80, 55986)
(263, 222, 24717)
(263, 6, 1941)
(263, 245, 48505)
(263, 10, 24581)
(263, 261, 57792)
(263, 187, 59237)
(263, 48, 1052)
(263, 160, 52445)
(263, 175, 85194)
(263, 165, 44917)
(263, 96, 91547)
(263, 99, 5406)
(263, 92, 21232)
(263, 50, 9105)
(263, 204, 72336)
(263, 57, 65652)
(263, 212, 89569)
(263, 95, 91126)
(263, 64, 18181)
(263, 227, 72681)
(263, 35, 44829)
(263, 101, 13778)
(263, 202, 9081)
(263, 133, 48180)
(263, 118, 17700)
(263, 33, 58605)
(263, 39, 58379)
(263, 181, 73390)
(263, 37, 20419)
(263, 22, 45824)
(263, 239, 49472)
(263, 250, 78002)
(263, 2, 34405)
(263, 242, 28589)
(263, 188, 8096)
(263, 74, 47274)
(263, 153, 93449)
(263, 236, 91576)
(263, 21, 96538)
(263, 161, 12282)
(263, 232, 82450)
(263, 131, 76451)
(263, 111, 98119)
(263, 182, 60577)
(263, 240, 5738)
(263, 176, 21484)
(263, 40, 19279)
(263, 31, 9155)
(263, 243, 41022)
(263, 145, 19924)
(263, 199, 87646)
(263, 229, 75318)
(263, 43, 75609)
(263, 221, 31406)
(263, 170, 22992)
(263, 125, 27935)
(263, 86, 48335)
(263, 149, 83053)
(263, 68, 65323)
(263, 154, 31577)
(263, 254, 11332)
(263, 226, 14615)
(263, 171, 14445)
(263, 201, 95882)
(263, 123, 33949)
(263, 8, 39492)
(263, 195, 40917)
(263, 91, 47568)
(263, 215, 45660)
(263, 1, 17757)
(263, 203, 23074)
(263, 247, 23223)
(263, 258, 36630)
(263, 183, 71870)
(263, 30, 1565)
(263, 180, 33243)
(263, 206, 87268)
(263, 9, 19971)
(263, 150, 73377)
(263, 11, 55066)
(263, 214, 85168)
(263, 159, 30144)
(263, 24, 75850)
(263, 104, 90011)
(263, 115, 81715)
(263, 27, 63916)
(263, 228, 75525)
(263, 63, 30657)
(263, 168, 87992)
(263, 141, 39950)
(263, 192, 69846)
(263, 42, 84246)
(263, 4, 78615)
(263, 82, 32787)
(263, 163, 80118)
(263, 79, 44866)
(263, 26, 31635)
(263, 256, 13243)
(263, 126, 30134)
(263, 198, 83737)
(263, 51, 82677)
(263, 200, 98599)
(263, 244, 39183)
(263, 28, 8000)
(263, 138, 4179)
(263, 259, 29548)
(263, 89, 21899)
(263, 174, 92530)
(263, 219, 52162)
(263, 129, 59135)
(263, 62, 69304)
(263, 252, 13032)
(263, 45, 323)
(263, 110, 3916)
(263, 5, 72096)
(263, 72, 69421)
(263, 7, 89803)
(263, 210, 17423)
(263, 136, 14761)
(263, 194, 16736)
(263, 144, 76967)
(263, 237, 99307)
(263, 130, 15301)
(263, 234, 33034)
(263, 184, 16944)
(263, 58, 71267)
(263, 36, 1284)
(263, 246, 48778)
(263, 207, 29192)
(263, 32, 76081)
(263, 67, 78825)
(263, 53, 7068)
(263, 127, 4190)
(263, 155, 39248)
(263, 177, 65486)
(263, 46, 98768)
(263, 197, 560)
(263, 16, 67228)
(263, 23, 1022)
(264, 243, 45465)
(264, 153, 93266)
(264, 244, 71561)
(264, 6, 40324)
(264, 161, 69508)
(264, 60, 23170)
(264, 203, 15082)
(264, 140, 16647)
(264, 126, 98501)
(264, 97, 96559)
(264, 256, 91182)
(264, 114, 86472)
(264, 206, 70318)
(264, 20, 63572)
(264, 235, 75652)
(264, 79, 67139)
(264, 7, 10689)
(264, 85, 73767)
(264, 107, 2372)
(264, 119, 50414)
(264, 27, 74731)
(264, 48, 25298)
(264, 229, 76630)
(264, 195, 98564)
(264, 54, 78824)
(264, 76, 28424)
(264, 34, 37294)
(264, 252, 17955)
(264, 30, 10915)
(264, 191, 26134)
(264, 163, 64942)
(264, 204, 2195)
(264, 56, 59137)
(264, 127, 63878)
(264, 171, 30475)
(264, 144, 24117)
(264, 228, 78506)
(264, 35, 65769)
(264, 22, 25585)
(264, 218, 10818)
(264, 109, 55581)
(264, 151, 37316)
(264, 69, 69493)
(264, 71, 45934)
(264, 209, 82725)
(264, 185, 60974)
(264, 198, 65749)
(264, 117, 71771)
(264, 87, 88736)
(264, 134, 20191)
(264, 94, 59298)
(264, 255, 2827)
(264, 215, 74838)
(264, 231, 59367)
(264, 169, 55100)
(264, 90, 1769)
(264, 261, 24377)
(264, 130, 87045)
(264, 149, 90665)
(264, 176, 91454)
(264, 223, 25986)
(264, 18, 9548)
(264, 45, 52317)
(264, 102, 81221)
(264, 25, 76907)
(264, 1, 34335)
(264, 162, 83892)
(264, 196, 41913)
(264, 132, 30856)
(264, 141, 16448)
(264, 148, 31053)
(264, 59, 50433)
(264, 158, 1865)
(264, 197, 90789)
(264, 175, 32880)
(264, 233, 40964)
(264, 177, 54287)
(264, 202, 30262)
(264, 237, 99885)
(264, 150, 23103)
(264, 61, 56538)
(264, 86, 50434)
(264, 100, 13110)
(264, 110, 2997)
(264, 11, 47851)
(264, 226, 43368)
(264, 154, 55078)
(264, 52, 14755)
(264, 2, 41628)
(264, 84, 31684)
(265, 164, 13686)
(265, 229, 54756)
(265, 248, 92774)
(265, 261, 40493)
(265, 16, 5580)
(265, 58, 81749)
(265, 76, 11213)
(265, 71, 80367)
(265, 211, 35492)
(265, 64, 83458)
(265, 65, 3398)
(265, 151, 82820)
(265, 191, 41751)
(265, 121, 86263)
(265, 48, 28871)
(265, 123, 32479)
(265, 185, 34478)
(265, 24, 29978)
(265, 249, 16156)
(265, 112, 39638)
(265, 197, 76227)
(265, 155, 82137)
(265, 228, 97026)
(265, 160, 65631)
(265, 2, 97969)
(265, 97, 33665)
(265, 134, 46482)
(265, 127, 78010)
(265, 203, 98790)
(265, 115, 60169)
(265, 213, 42686)
(265, 167, 53335)
(265, 85, 89280)
(265, 166, 59692)
(265, 41, 80280)
(265, 245, 93400)
(265, 100, 94414)
(265, 141, 10961)
(265, 49, 102)
(265, 198, 4080)
(265, 8, 57359)
(265, 90, 56430)
(265, 202, 16487)
(265, 13, 71936)
(265, 89, 50424)
(265, 237, 31751)
(265, 7, 24365)
(265, 60, 24359)
(265, 257, 25037)
(265, 224, 99571)
(265, 251, 35621)
(265, 192, 28777)
(265, 68, 77673)
(265, 22, 38123)
(265, 46, 39514)
(265, 120, 30720)
(265, 21, 33442)
(265, 35, 24879)
(265, 105, 46607)
(265, 236, 64046)
(265, 135, 76959)
(265, 18, 59843)
(265, 117, 78170)
(265, 74, 36700)
(265, 231, 13319)
(265, 15, 90983)
(265, 72, 2558)
(265, 264, 40553)
(265, 23, 72808)
(265, 31, 55901)
(265, 194, 36259)
(265, 184, 50374)
(265, 50, 93158)
(265, 14, 84006)
(265, 223, 5288)
(265, 113, 91177)
(265, 111, 11867)
(265, 129, 23731)
(265, 34, 74028)
(266, 256, 36493)
(266, 18, 85395)
(266, 168, 23822)
(266, 112, 72611)
(266, 121, 26721)
(266, 179, 29936)
(266, 1, 97112)
(266, 131, 53568)
(266, 210, 19571)
(266, 54, 1321)
(266, 233, 86394)
(266, 31, 33825)
(266, 132, 92867)
(266, 99, 1258)
(266, 164, 27764)
(266, 238, 13569)
(266, 194, 3329)
(266, 97, 3345)
(266, 20, 89923)
(266, 51, 86936)
(266, 6, 47146)
(266, 137, 46481)
(266, 173, 13939)
(266, 182, 12657)
(266, 88, 49202)
(266, 101, 22242)
(266, 243, 23914)
(266, 258, 67834)
(266, 149, 70717)
(266, 188, 59588)
(266, 187, 51036)
(266, 75, 85610)
(266, 14, 87872)
(266, 151, 35173)
(266, 158, 20055)
(266, 50, 7930)
(266, 86, 77827)
(266, 166, 41524)
(266, 167, 70682)
(266, 133, 46583)
(266, 153, 13524)
(266, 212, 86294)
(266, 191, 44727)
(266, 170, 36926)
(266, 28, 68655)
(266, 58, 98043)
(266, 155, 84007)
(266, 190, 91075)
(266, 203, 56956)
(266, 70, 64828)
(266, 260, 97740)
(266, 26, 56323)
(266, 198, 17080)
(266, 17, 80758)
(266, 152, 23298)
(266, 199, 77234)
(266, 71, 59043)
(266, 35, 29915)
(266, 117, 69008)
(266, 216, 100102)
(266, 139, 684)
(267, 41, 51320)
(267, 230, 37751)
(267, 264, 51280)
(267, 258, 96485)
(267, 195, 14970)
(267, 176, 83462)
(267, 211, 22887)
(267, 194, 64928)
(267, 2, 89398)
(267, 175, 55899)
(267, 1, 74346)
(267, 30, 44512)
(267, 250, 90622)
(267, 75, 68229)
(267, 120, 88045)
(267, 197, 90623)
(267, 125, 91226)
(267, 119, 73268)
(267, 19, 57891)
(267, 6, 9553)
(267, 225, 72889)
(267, 187, 77971)
(267, 66, 80502)
(267, 184, 60816)
(267, 86, 43292)
(267, 32, 4435)
(267, 104, 6876)
(267, 204, 67452)
(267, 53, 20429)
(267, 141, 24848)
(267, 146, 20897)
(267, 78, 94252)
(267, 235, 41436)
(267, 115, 82304)
(267, 12, 51103)
(267, 209, 48309)
(267, 138, 17644)
(267, 46, 51234)
(267, 252, 72932)
(267, 145, 777)
(267, 102, 33166)
(267, 68, 1223)
(267, 59, 46873)
(267, 246, 30027)
(267, 123, 85628)
(267, 248, 68974)
(267, 154, 99443)
(267, 82, 74808)
(267, 55, 64798)
(267, 236, 70240)
(267, 174, 54121)
(267, 180, 53642)
(267, 254, 14036)
(267, 183, 63485)
(267, 57, 67411)
(267, 208, 85006)
(267, 132, 49401)
(267, 3, 49391)
(267, 14, 5413)
(267, 77, 84205)
(267, 39, 50275)
(267, 64, 19862)
(267, 147, 35929)
(267, 18, 30042)
(267, 166, 33490)
(267, 76, 86142)
(267, 159, 89115)
(267, 181, 44238)
(267, 199, 48091)
(267, 220, 30520)
(267, 192, 99487)
(267, 129, 35931)
(267, 80, 73400)
(267, 40, 82815)
(267, 155, 33474)
(267, 15, 8717)
(267, 259, 43029)
(267, 13, 9402)
(267, 142, 37771)
(267, 25, 37663)
(267, 227, 29846)
(267, 36, 95220)
(267, 245, 62796)
(267, 50, 17449)
(267, 185, 11329)
(267, 216, 43120)
(267, 79, 34074)
(267, 133, 40766)
(267, 101, 98764)
(267, 87, 58505)
(267, 207, 68972)
(267, 164, 80005)
(267, 96, 74467)
(267, 38, 79835)
(267, 106, 92300)
(267, 112, 33178)
(267, 237, 63905)
(267, 173, 81388)
(267, 44, 13842)
(267, 200, 6154)
(267, 247, 65912)
(267, 210, 77286)
(267, 193, 75590)
(267, 182, 36670)
(267, 83, 29382)
(267, 49, 66910)
(267, 17, 3673)
(267, 72, 84823)
(267, 56, 64573)
(267, 11, 94077)
(267, 251, 85202)
(267, 171, 40459)
(267, 62, 44249)
(267, 7, 17500)
(267, 215, 84994)
(267, 108, 28864)
(267, 169, 41207)
(267, 240, 27874)
(267, 205, 64401)
(267, 262, 1055)
(267, 256, 63766)
(267, 144, 55005)
(267, 157, 83094)
(267, 233, 75596)
(267, 23, 81856)
(267, 266, 38577)
(267, 167, 23564)
(267, 221, 8680)
(267, 149, 47635)
(267, 45, 11846)
(267, 92, 62081)
(267, 90, 10093)
(267, 150, 31913)
(267, 97, 10929)
(267, 33, 74440)
(267, 242, 40654)
(267, 60, 62505)
(267, 213, 56357)
(267, 130, 16689)
(267, 241, 392)
(267, 127, 49909)
(267, 162, 18678)
(268, 88, 99111)
(268, 38, 63575)
(268, 23, 39869)
(268, 69, 94234)
(268, 152, 17366)
(268, 66, 98826)
(268, 92, 76934)
(268, 109, 89073)
(268, 180, 49853)
(268, 7, 25594)
(268, 238, 70099)
(268, 197, 40637)
(268, 198, 65315)
(268, 83, 20439)
(268, 21, 72011)
(268, 229, 48702)
(268, 188, 67293)
(268, 16, 59753)
(268, 156, 9289)
(268, 84, 59284)
(268, 218, 49389)
(268, 19, 58184)
(268, 89, 6387)
(268, 27, 35175)
(268, 217, 98570)
(268, 132, 7910)
(268, 43, 2463)
(268, 46, 20780)
(268, 265, 90259)
(268, 205, 23355)
(268, 173, 42209)
(268, 135, 33159)
(268, 121, 85580)
(268, 125, 52740)
(268, 244, 76277)
(268, 36, 33762)
(268, 202, 18354)
(268, 223, 34592)
(268, 138, 85275)
(268, 172, 69502)
(268, 139, 30441)
(268, 99, 72226)
(268, 62, 82888)
(268, 116, 97135)
(268, 256, 85790)
(268, 106, 13680)
(268, 215, 86210)
(268, 113, 48052)
(268, 80, 55261)
(268, 126, 83728)
(268, 134, 16480)
(268, 49, 97970)
(268, 24, 78351)
(268, 233, 12142)
(268, 185, 30529)
(268, 101, 54336)
(268, 40, 15148)
(268, 214, 22801)
(268, 123, 42811)
(268, 11, 56583)
(268, 91, 78776)
(268, 22, 49930)
(268, 141, 100310)
(268, 18, 27951)
(268, 8, 6704)
(268, 97, 65049)
(268, 96, 10899)
(268, 249, 28450)
(268, 234, 47839)
(268, 253, 41845)
(268, 34, 60651)
(268, 235, 91935)
(268, 247, 49119)
(268, 151, 86619)
(268, 222, 58889)
(268, 32, 24979)
(268, 31, 8587)
(268, 100, 44485)
(268, 243, 61525)
(268, 131, 16516)
(268, 171, 30865)
(268, 227, 62923)
(268, 179, 58583)
(268, 167, 84344)
(268, 41, 75067)
(268, 177, 17205)
(268, 239, 73199)
(268, 241, 53295)
(268, 237, 81213)
(268, 191, 77065)
(268, 33, 4586)
(268, 189, 54925)
(268, 258, 26752)
(268, 199, 62570)
(268, 30, 18673)
(268, 150, 99542)
(268, 103, 92380)
(268, 220, 70423)
(268, 209, 44228)
(268, 67, 50296)
(268, 148, 21074)
(268, 45, 2611)
(268, 68, 28828)
(268, 136, 87635)
(268, 262, 25127)
(268, 120, 89669)
(268, 5, 13202)
(268, 164, 71532)
(268, 219, 86602)
(268, 242, 15721)
(268, 259, 22324)
(268, 28, 40943)
(268, 143, 14304)
(268, 13, 23332)
(268, 267, 54145)
(268, 104, 66746)
(268, 266, 44540)
(268, 161, 71694)
(268, 245, 58868)
(268, 190, 93927)
(268, 60, 24044)
(268, 55, 14050)
(268, 166, 11009)
(268, 107, 50968)
(268, 159, 55549)
(268, 212, 24953)
(268, 155, 21706)
(268, 130, 47290)
(269, 6, 30020)
(269, 263, 7612)
(269, 227, 46009)
(269, 197, 32424)
(269, 61, 24191)
(269, 261, 9798)
(269, 66, 83163)
(269, 186, 50805)
(269, 109, 94573)
(269, 188, 6206)
(269, 211, 45856)
(269, 160, 29714)
(269, 119, 73291)
(269, 136, 42444)
(269, 69, 63475)
(269, 15, 35604)
(269, 169, 82120)
(269, 14, 85183)
(269, 9, 37732)
(269, 178, 42593)
(269, 265, 97018)
(269, 130, 66464)
(269, 139, 40604)
(269, 251, 89608)
(269, 51, 67734)
(269, 49, 95196)
(269, 103, 85639)
(269, 113, 5726)
(269, 98, 22295)
(269, 82, 20932)
(269, 42, 65183)
(269, 132, 52713)
(269, 91, 29073)
(269, 40, 98308)
(269, 250, 1903)
(269, 254, 52509)
(269, 235, 49236)
(269, 150, 16590)
(269, 0, 79568)
(269, 90, 68424)
(269, 99, 78896)
(269, 2, 57257)
(269, 80, 84742)
(269, 122, 5970)
(269, 37, 41441)
(269, 141, 62829)
(269, 79, 58705)
(269, 253, 82827)
(269, 176, 57451)
(269, 138, 57387)
(269, 252, 54963)
(269, 185, 71583)
(269, 266, 9059)
(269, 60, 3627)
(269, 162, 54480)
(269, 88, 48081)
(269, 11, 62872)
(269, 207, 2941)
(269, 107, 82453)
(269, 33, 71310)
(269, 231, 60194)
(269, 68, 13798)
(269, 55, 36319)
(269, 89, 74939)
(269, 73, 37429)
(269, 8, 60387)
(269, 223, 96610)
(269, 222, 98182)
(269, 217, 35248)
(269, 168, 38979)
(269, 246, 91361)
(269, 247, 173)
(269, 23, 77162)
(269, 95, 55632)
(269, 12, 93625)
(269, 258, 79723)
(269, 62, 21781)
(269, 116, 24320)
(269, 50, 60508)
(269, 196, 44006)
(269, 45, 4846)
(269, 239, 76322)
(269, 249, 48030)
(269, 100, 14797)
(269, 179, 73623)
(269, 206, 95907)
(269, 226, 80663)
(269, 20, 1209)
(269, 245, 53365)
(269, 74, 66547)
(269, 102, 99569)
(269, 16, 88128)
(269, 238, 64568)
(270, 204, 74688)
(270, 1, 16954)
(270, 176, 72482)
(270, 224, 92987)
(270, 198, 89718)
(270, 48, 29333)
(270, 159, 15700)
(270, 84, 20038)
(270, 38, 27756)
(270, 203, 16511)
(270, 87, 87722)
(270, 23, 52772)
(270, 15, 83093)
(270, 24, 68166)
(270, 7, 68970)
(270, 199, 94569)
(270, 6, 46064)
(270, 226, 56478)
(270, 130, 72773)
(270, 43, 39597)
(270, 154, 74707)
(270, 42, 85517)
(270, 25, 74065)
(270, 10, 31805)
(270, 147, 40273)
(270, 161, 19262)
(270, 247, 22204)
(270, 167, 37247)
(270, 73, 80937)
(270, 162, 57103)
(270, 0, 78740)
(270, 266, 30937)
(270, 197, 32447)
(270, 269, 42442)
(270, 28, 71682)
(270, 98, 4308)
(270, 41, 19445)
(270, 97, 22896)
(270, 52, 25394)
(270, 164, 83490)
(270, 70, 79708)
(270, 235, 88501)
(270, 102, 76916)
(270, 27, 35556)
(270, 111, 56019)
(270, 217, 41604)
(270, 34, 75906)
(270, 77, 43333)
(270, 182, 14526)
(270, 231, 84069)
(270, 206, 6173)
(270, 264, 46645)
(270, 22, 33512)
(270, 251, 53862)
(270, 191, 50263)
(270, 65, 72439)
(270, 44, 4284)
(270, 17, 90451)
(270, 93, 76478)
(270, 33, 20430)
(270, 56, 88672)
(270, 18, 57867)
(270, 210, 34353)
(270, 95, 78205)
(270, 250, 11379)
(270, 45, 74582)
(270, 4, 2864)
(270, 215, 19180)
(270, 183, 43257)
(270, 30, 53534)
(270, 60, 23643)
(270, 193, 1787)
(270, 115, 14730)
(270, 9, 3377)
(270, 21, 51720)
(270, 53, 87559)
(270, 236, 59611)
(270, 122, 95479)
(270, 80, 42114)
(270, 196, 13144)
(270, 186, 7690)
(270, 230, 45636)
(270, 120, 87434)
(270, 99, 21001)
(270, 112, 35487)
(270, 74, 88107)
(270, 54, 59904)
(270, 78, 98480)
(270, 124, 27123)
(270, 67, 32062)
(270, 31, 17582)
(270, 174, 36744)
(270, 255, 79946)
(270, 64, 57780)
(270, 32, 63850)
(270, 178, 48635)
(270, 55, 26063)
(270, 175, 74469)
(270, 252, 51832)
(270, 119, 83828)
(270, 13, 17777)
(270, 136, 59458)
(270, 51, 62611)
(270, 233, 20013)
(270, 180, 38373)
(270, 165, 7)
(270, 150, 44803)
(270, 234, 88717)
(270, 88, 26214)
(270, 49, 23291)
(270, 259, 52642)
(270, 92, 11082)
(270, 190, 21594)
(270, 156, 84094)
(270, 244, 23611)
(270, 265, 67446)
(270, 104, 49035)
(270, 76, 432)
(270, 228, 76055)
(270, 211, 24572)
(270, 114, 37601)
(270, 209, 31280)
(270, 170, 12533)
(270, 66, 2924)
(270, 125, 34615)
(270, 218, 70158)
(270, 195, 22889)
(270, 131, 6641)
(270, 237, 10229)
(270, 245, 43367)
(270, 5, 10722)
(270, 222, 56004)
(270, 213, 16558)
(270, 61, 71570)
(270, 223, 85407)
(270, 145, 25968)
(270, 166, 82205)
(270, 29, 51852)
(270, 207, 92164)
(270, 83, 67631)
(270, 82, 6188)
(270, 140, 9766)
(270, 75, 82791)
(270, 157, 75546)
(270, 242, 81114)
(270, 11, 36729)
(270, 36, 79111)
(270, 16, 188)
(270, 63, 54686)
(270, 59, 1132)
(270, 142, 23328)
(270, 169, 91813)
(270, 26, 19466)
(270, 85, 51132)
(270, 138, 46514)
(270, 69, 99883)
(270, 137, 67171)
(270, 148, 19523)
(270, 103, 39823)
(270, 172, 46665)
(270, 12, 69297)
(270, 239, 6852)
(270, 123, 37321)
(270, 238, 34929)
(270, 268, 2457)
(270, 249, 41684)
(270, 168, 10775)
(270, 71, 19077)
(270, 225, 89249)
(270, 260, 97007)
(270, 248, 86264)
(270, 214, 23659)
(270, 8, 62881)
(270, 189, 23821)
(270, 19, 71928)
(270, 185, 41488)
(270, 179, 11928)
(270, 81, 8348)
(270, 194, 65830)
(270, 100, 27317)
(270, 187, 100093)
(270, 121, 78808)
(270, 128, 72518)
(270, 40, 25934)
(270, 106, 80696)
(270, 256, 87698)
(270, 135, 31993)
(270, 173, 67768)
(270, 246, 28200)
(270, 90, 61832)
(271, 78, 95934)
(271, 66, 20738)
(271, 73, 15421)
(271, 64, 17394)
(271, 200, 41958)
(271, 9, 67369)
(271, 40, 32761)
(271, 90, 7729)
(271, 205, 1349)
(271, 156, 45724)
(271, 212, 90931)
(271, 83, 3872)
(271, 70, 8876)
(271, 206, 14236)
(271, 269, 43565)
(271, 164, 98727)
(271, 50, 65133)
(271, 35, 60545)
(271, 213, 99309)
(271, 88, 46436)
(271, 188, 50309)
(271, 3, 91284)
(271, 150, 18553)
(271, 142, 63594)
(271, 68, 48178)
(271, 232, 55091)
(271, 122, 365)
(271, 161, 60807)
(271, 92, 98283)
(271, 190, 40799)
(271, 209, 27121)
(271, 247, 44874)
(271, 129, 13957)
(271, 82, 5367)
(271, 252, 97396)
(271, 32, 94211)
(271, 37, 1817)
(271, 18, 18662)
(271, 124, 16577)
(271, 96, 18163)
(271, 149, 89930)
(271, 107, 59837)
(271, 22, 10133)
(271, 47, 41094)
(271, 74, 80267)
(271, 173, 48664)
(271, 105, 52283)
(271, 222, 17422)
(271, 120, 14985)
(271, 19, 54144)
(271, 48, 95961)
(271, 56, 81137)
(271, 63, 64290)
(271, 223, 49288)
(271, 241, 73034)
(271, 234, 91634)
(271, 237, 8037)
(271, 139, 76718)
(271, 259, 8424)
(271, 133, 18685)
(271, 143, 33761)
(271, 118, 88944)
(271, 148, 79656)
(271, 217, 46687)
(271, 249, 91558)
(271, 109, 44219)
(271, 189, 42187)
(271, 54, 26574)
(271, 158, 77110)
(271, 198, 37504)
(271, 264, 93520)
(271, 163, 68710)
(271, 184, 6861)
(271, 115, 82421)
(271, 61, 94290)
(271, 46, 89681)
(271, 97, 80788)
(271, 112, 96656)
(271, 34, 37320)
(271, 265, 68713)
(271, 99, 33599)
(271, 240, 39878)
(271, 224, 1346)
(271, 195, 46845)
(271, 146, 47219)
(271, 214, 43403)
(271, 231, 198)
(271, 2, 91136)
(271, 197, 26951)
(271, 6, 63747)
(271, 151, 86925)
(271, 81, 52646)
(271, 28, 49743)
(271, 39, 71248)
(271, 202, 50539)
(271, 80, 64726)
(271, 227, 72257)
(271, 194, 96642)
(271, 270, 31611)
(271, 141, 2772)
(271, 191, 97956)
(271, 121, 39546)
(271, 207, 4671)
(271, 130, 92102)
(271, 104, 16155)
(271, 261, 66255)
(271, 8, 23394)
(271, 69, 97868)
(271, 87, 38739)
(271, 15, 15731)
(271, 203, 23163)
(271, 84, 24151)
(271, 71, 23951)
(271, 219, 82087)
(271, 114, 56094)
(271, 167, 13991)
(271, 17, 82403)
(271, 176, 9742)
(271, 38, 3513)
(271, 153, 92414)
(271, 210, 10780)
(271, 4, 51482)
(271, 243, 15355)
(271, 13, 54215)
(271, 255, 15725)
(271, 183, 8633)
(271, 0, 25725)
(271, 94, 1103)
(271, 42, 11212)
(271, 216, 1428)
(271, 193, 14194)
(271, 98, 12670)
(271, 125, 37273)
(271, 106, 32894)
(271, 59, 33186)
(271, 60, 33395)
(271, 45, 24642)
(271, 159, 60800)
(271, 208, 36274)
(271, 103, 18671)
(271, 246, 52313)
(271, 177, 85118)
(271, 166, 39864)
(271, 110, 87202)
(271, 75, 17231)
(271, 179, 31277)
(271, 51, 30762)
(271, 263, 96891)
(271, 154, 15506)
(271, 24, 14340)
(271, 229, 67939)
(271, 65, 21071)
(271, 170, 94286)
(271, 225, 10304)
(271, 72, 95643)
(271, 126, 12558)
(271, 147, 45605)
(271, 108, 54600)
(271, 258, 24695)
(271, 215, 24718)
(271, 230, 10096)
(271, 239, 18121)
(271, 174, 95301)
(271, 95, 47528)
(271, 7, 72707)
(271, 116, 18693)
(271, 238, 7614)
(271, 44, 14313)
(271, 30, 20567)
(271, 165, 34489)
(271, 132, 91173)
(271, 11, 91130)
(271, 93, 14309)
(271, 144, 35132)
(271, 131, 68192)
(271, 228, 9575)
(271, 137, 95552)
(271, 157, 59925)
(271, 181, 15792)
(271, 162, 55616)
(271, 236, 39159)
(271, 20, 54839)
(271, 29, 20771)
(271, 152, 68032)
(271, 248, 92888)
(272, 140, 33252)
(272, 216, 2322)
(272, 0, 53178)
(272, 139, 30194)
(272, 235, 59408)
(272, 147, 30062)
(272, 219, 22874)
(272, 242, 31786)
(272, 217, 48300)
(272, 31, 46001)
(272, 185, 49855)
(272, 268, 57727)
(272, 168, 94741)
(272, 176, 96330)
(272, 60, 22302)
(272, 90, 32684)
(272, 131, 66827)
(272, 179, 78752)
(272, 141, 38151)
(272, 89, 77484)
(272, 172, 29791)
(272, 28, 79051)
(272, 132, 15026)
(272, 155, 83618)
(272, 4, 50982)
(272, 115, 667)
(272, 202, 94175)
(272, 160, 100038)
(272, 167, 78933)
(273, 94, 47874)
(273, 106, 6100)
(273, 112, 59499)
(273, 91, 22219)
(273, 192, 88789)
(273, 244, 4623)
(273, 143, 75089)
(273, 77, 60742)
(273, 145, 15872)
(273, 128, 77942)
(273, 39, 69119)
(273, 26, 66038)
(273, 173, 83925)
(273, 187, 8933)
(273, 252, 50028)
(273, 256, 98282)
(273, 151, 63582)
(273, 80, 47112)
(273, 246, 49976)
(273, 4, 66581)
(273, 219, 88080)
(273, 96, 80942)
(273, 186, 90134)
(273, 200, 92200)
(273, 237, 70821)
(273, 136, 47872)
(273, 67, 8823)
(273, 23, 40420)
(273, 188, 37710)
(273, 60, 95291)
(273, 208, 37160)
(273, 126, 94630)
(273, 35, 74623)
(273, 34, 78886)
(273, 37, 36930)
(273, 206, 74726)
(273, 174, 59876)
(273, 24, 62162)
(273, 61, 80071)
(273, 269, 40567)
(273, 254, 71714)
(273, 243, 89611)
(273, 111, 19823)
(273, 73, 49380)
(273, 121, 16101)
(273, 109, 54906)
(273, 6, 76195)
(273, 179, 87319)
(273, 140, 74503)
(273, 102, 51950)
(273, 171, 47601)
(273, 259, 88832)
(273, 78, 76609)
(273, 69, 83453)
(273, 98, 95215)
(273, 31, 16722)
(273, 90, 88506)
(273, 190, 4998)
(273, 40, 100075)
(273, 95, 22065)
(273, 7, 51026)
(273, 135, 85219)
(273, 1, 96557)
(273, 124, 48379)
(273, 175, 467)
(273, 176, 56757)
(273, 25, 41800)
(273, 156, 42171)
(273, 110, 59872)
(273, 220, 86807)
(273, 81, 1277)
(273, 209, 43053)
(273, 147, 47753)
(273, 5, 97189)
(273, 125, 94787)
(273, 199, 68412)
(273, 146, 39370)
(273, 89, 65643)
(273, 36, 97873)
(273, 223, 94808)
(273, 132, 33611)
(273, 127, 36195)
(273, 65, 16965)
(273, 76, 98011)
(273, 160, 20778)
(273, 14, 40595)
(273, 267, 64005)
(274, 7, 8996)
(274, 238, 84257)
(274, 200, 56402)
(274, 202, 55096)
(274, 188, 30389)
(274, 20, 43341)
(274, 173, 26652)
(274, 258, 41871)
(274, 268, 20402)
(274, 91, 74709)
(274, 244, 2180)
(274, 162, 80749)
(274, 145, 69402)
(274, 230, 3301)
(274, 19, 66664)
(274, 233, 96064)
(274, 151, 84496)
(274, 67, 53528)
(274, 48, 51178)
(274, 199, 68276)
(274, 31, 74628)
(274, 156, 45402)
(274, 10, 78794)
(274, 178, 69906)
(274, 84, 75418)
(274, 90, 97241)
(274, 99, 8299)
(274, 83, 70315)
(274, 140, 31155)
(274, 261, 85153)
(274, 180, 37685)
(274, 17, 6176)
(274, 146, 63212)
(274, 184, 50834)
(274, 150, 70140)
(274, 104, 22624)
(274, 33, 99898)
(274, 221, 18853)
(274, 205, 56009)
(274, 239, 17842)
(274, 152, 22170)
(274, 177, 52632)
(275, 152, 42762)
(275, 164, 53620)
(275, 193, 87334)
(275, 253, 53076)
(275, 249, 69646)
(275, 170, 96734)
(275, 171, 21906)
(275, 222, 80993)
(275, 70, 87904)
(275, 218, 9565)
(275, 3, 46550)
(275, 109, 14987)
(275, 19, 44775)
(275, 1, 30081)
(275, 76, 80623)
(275, 15, 77831)
(275, 6, 75357)
(275, 30, 50187)
(275, 84, 44760)
(275, 78, 17167)
(275, 145, 59307)
(275, 208, 66389)
(275, 75, 52362)
(275, 137, 73043)
(275, 2, 30259)
(275, 96, 8374)
(275, 183, 75959)
(276, 51, 34430)
(276, 81, 43952)
(276, 226, 94109)
(276, 193, 24235)
(276, 148, 51530)
(276, 66, 7889)
(276, 261, 95705)
(276, 72, 43111)
(276, 238, 42345)
(276, 107, 48196)
(276, 209, 97447)
(277, 133, 82595)
(277, 205, 84106)
(277, 102, 21811)
(277, 130, 717)
(277, 119, 38244)
(277, 134, 63810)
(277, 266, 60878)
(277, 2, 72685)
(277, 17, 2988)
(277, 30, 75925)
(277, 132, 76832)
(277, 105, 65782)
(277, 54, 25128)
(277, 27, 55189)
(277, 195, 59862)
(277, 28, 81760)
(277, 222, 83377)
(277, 23, 24823)
(277, 247, 25466)
(277, 67, 22231)
(277, 233, 18107)
(277, 238, 94597)
(277, 163, 67622)
(277, 110, 6347)
(277, 237, 39432)
(277, 52, 4041)
(277, 43, 67820)
(277, 180, 65325)
(277, 236, 84093)
(277, 40, 63089)
(277, 219, 34107)
(277, 267, 35952)
(277, 250, 81783)
(277, 257, 25412)
(277, 79, 49360)
(277, 149, 19919)
(277, 225, 58334)
(277, 99, 4081)
(277, 211, 50344)
(277, 71, 51612)
(277, 15, 16875)
(277, 148, 87461)
(277, 20, 87729)
(277, 167, 60518)
(277, 239, 842)
(277, 252, 18507)
(277, 217, 29491)
(277, 243, 67999)
(277, 199, 35720)
(277, 85, 61906)
(277, 21, 94360)
(277, 61, 60572)
(277, 160, 83129)
(277, 70, 46149)
(277, 22, 62901)
(277, 117, 84194)
(277, 98, 52009)
(277, 173, 86345)
(277, 33, 92830)
(277, 230, 9681)
(277, 65, 29953)
(277, 213, 69401)
(277, 8, 96867)
(277, 168, 26060)
(277, 186, 53928)
(277, 164, 50332)
(277, 106, 94957)
(277, 229, 58794)
(277, 6, 26402)
(277, 255, 89086)
(277, 251, 27942)
(277, 82, 82153)
(277, 245, 47728)
(277, 78, 31131)
(277, 32, 36596)
(277, 181, 84029)
(277, 97, 66375)
(277, 275, 71635)
(277, 91, 70012)
(277, 125, 70178)
(277, 59, 48597)
(277, 189, 69319)
(277, 114, 84609)
(277, 0, 14916)
(277, 179, 10319)
(277, 126, 21125)
(277, 113, 34365)
(277, 80, 35426)
(277, 172, 38403)
(277, 268, 87065)
(277, 10, 59918)
(277, 131, 79397)
(277, 182, 76066)
(277, 218, 36112)
(277, 146, 72534)
(277, 169, 12845)
(277, 249, 3483)
(277, 214, 51474)
(277, 207, 6327)
(277, 39, 87906)
(277, 111, 88841)
(277, 223, 30421)
(277, 77, 82480)
(277, 100, 99834)
(277, 128, 32784)
(277, 231, 21911)
(277, 240, 28812)
(277, 265, 30026)
(277, 187, 1164)
(277, 156, 19983)
(277, 157, 87716)
(277, 271, 53381)
(277, 87, 757)
(277, 109, 3313)
(277, 56, 61120)
(277, 48, 1062)
(277, 227, 75260)
(277, 24, 52664)
(277, 270, 61173)
(277, 177, 47547)
(277, 259, 18254)
(277, 201, 66030)
(277, 16, 58132)
(277, 258, 29678)
(277, 116, 23076)
(277, 60, 47959)
(277, 120, 16360)
(277, 122, 96786)
(277, 246, 24259)
(277, 137, 88977)
(277, 242, 52914)
(277, 84, 22960)
(277, 220, 37254)
(277, 63, 78079)
(277, 154, 40469)
(277, 58, 88139)
(277, 90, 7100)
(277, 11, 51523)
(277, 248, 36187)
(277, 232, 77640)
(277, 142, 18246)
(277, 9, 39273)
(277, 194, 43859)
(277, 174, 44445)
(277, 50, 45537)
(277, 112, 1297)
(277, 7, 62457)
(277, 35, 90682)
(277, 155, 56251)
(277, 175, 22734)
(277, 34, 55527)
(277, 264, 4974)
(277, 123, 48387)
(277, 143, 75049)
(277, 96, 88310)
(277, 38, 12672)
(277, 224, 75889)
(277, 49, 89290)
(277, 74, 18400)
(277, 272, 15269)
(277, 144, 62748)
(277, 197, 54916)
(277, 31, 94610)
(277, 44, 67980)
(277, 4, 66962)
(277, 203, 17256)
(277, 139, 78227)
(277, 212, 40726)
(277, 159, 60992)
(277, 210, 89423)
(277, 165, 99652)
(277, 94, 59596)
(277, 73, 85609)
(278, 109, 99401)
(278, 73, 20782)
(278, 114, 90274)
(278, 130, 70232)
(278, 185, 28622)
(278, 57, 52675)
(278, 112, 8583)
(278, 166, 68990)
(278, 76, 46321)
(278, 93, 4257)
(278, 96, 18307)
(278, 30, 22661)
(278, 146, 99485)
(278, 84, 62852)
(278, 191, 41368)
(278, 56, 41689)
(278, 145, 92306)
(278, 205, 34697)
(278, 45, 22859)
(278, 203, 68499)
(278, 198, 54615)
(278, 261, 90175)
(278, 201, 57610)
(278, 110, 54230)
(278, 182, 86235)
(278, 175, 6969)
(278, 258, 41603)
(278, 4, 60217)
(278, 32, 58511)
(278, 0, 10057)
(278, 247, 51957)
(278, 219, 5306)
(278, 134, 20464)
(278, 174, 92556)
(278, 264, 96455)
(278, 259, 99119)
(278, 237, 55679)
(278, 139, 99351)
(278, 67, 65147)
(278, 178, 79107)
(278, 77, 13282)
(278, 80, 90410)
(278, 251, 6962)
(278, 249, 55739)
(278, 173, 34030)
(278, 227, 99304)
(278, 104, 57299)
(278, 224, 88618)
(278, 234, 59185)
(278, 149, 48466)
(278, 95, 40687)
(278, 238, 4914)
(278, 42, 15530)
(278, 232, 59766)
(278, 151, 67718)
(278, 18, 56519)
(278, 3, 85972)
(278, 263, 29150)
(278, 169, 45994)
(278, 260, 44589)
(278, 107, 6667)
(278, 254, 46754)
(278, 180, 35019)
(278, 65, 61895)
(278, 36, 63732)
(278, 276, 74180)
(278, 94, 49026)
(278, 212, 40268)
(278, 168, 34089)
(278, 218, 97074)
(278, 1, 77261)
(278, 142, 40049)
(278, 248, 60851)
(278, 140, 9150)
(278, 129, 99601)
(278, 167, 34874)
(278, 132, 95540)
(278, 195, 86180)
(278, 245, 20211)
(278, 6, 37381)
(278, 159, 100130)
(278, 220, 99832)
(278, 265, 89165)
(278, 48, 96010)
(278, 192, 6922)
(278, 128, 90016)
(278, 172, 53567)
(278, 79, 88399)
(278, 33, 21036)
(278, 100, 69583)
(278, 121, 48323)
(278, 115, 99002)
(278, 189, 99450)
(278, 66, 62232)
(278, 210, 93543)
(278, 87, 35145)
(278, 257, 80805)
(278, 171, 1427)
(278, 51, 49761)
(278, 37, 53136)
(278, 243, 12050)
(278, 63, 49559)
(278, 16, 100295)
(278, 268, 49771)
(278, 184, 52818)
(278, 35, 72984)
(278, 196, 83375)
(278, 40, 15741)
(278, 133, 92521)
(278, 236, 51497)
(278, 64, 150)
(278, 214, 17260)
(278, 117, 75580)
(278, 19, 42275)
(278, 181, 11725)
(278, 43, 95100)
(278, 70, 87240)
(278, 120, 40457)
(278, 255, 60061)
(278, 141, 92101)
(278, 85, 56619)
(278, 241, 17454)
(278, 28, 64235)
(278, 231, 71169)
(278, 131, 28997)
(278, 228, 73243)
(278, 207, 98503)
(278, 206, 83770)
(278, 82, 60542)
(278, 47, 15178)
(278, 55, 96479)
(278, 10, 69277)
(278, 235, 5429)
(278, 60, 71117)
(278, 24, 15946)
(278, 163, 22611)
(278, 39, 88522)
(278, 103, 28448)
(278, 266, 36913)
(278, 50, 80579)
(278, 108, 97927)
(278, 22, 68156)
(278, 230, 9811)
(278, 119, 78376)
(278, 106, 84717)
(278, 179, 79686)
(278, 118, 98973)
(278, 26, 59223)
(278, 164, 28146)
(278, 216, 35774)
(278, 208, 98232)
(278, 188, 28382)
(278, 274, 18044)
(278, 273, 65573)
(278, 68, 22732)
(278, 246, 33689)
(278, 215, 59156)
(278, 217, 55315)
(278, 126, 52247)
(278, 46, 27272)
(278, 89, 25824)
(278, 256, 74740)
(278, 116, 86754)
(278, 123, 66958)
(278, 13, 28154)
(278, 137, 9678)
(278, 148, 33087)
(278, 15, 36551)
(278, 244, 50795)
(278, 177, 97961)
(278, 152, 20062)
(278, 81, 40506)
(278, 127, 62060)
(278, 74, 97338)
(278, 125, 99893)
(278, 165, 35448)
(278, 157, 79973)
(278, 187, 43976)
(278, 147, 17793)
(278, 262, 55568)
(278, 44, 33137)
(278, 98, 58350)
(278, 176, 93165)
(278, 92, 85984)
(278, 49, 97597)
(278, 267, 86247)
(278, 221, 76785)
(278, 86, 70287)
(278, 91, 62503)
(278, 7, 100083)
(278, 138, 42266)
(278, 271, 83575)
(278, 52, 72007)
(278, 83, 61597)
(278, 144, 542)
(278, 20, 77509)
(278, 242, 17229)
(278, 200, 92572)
(278, 99, 55167)
(278, 183, 69199)
(278, 59, 13101)
(278, 54, 15016)
(278, 111, 43969)
(278, 21, 57913)
(278, 58, 41559)
(278, 229, 60266)
(278, 202, 79763)
(278, 29, 98796)
(278, 38, 16312)
(278, 162, 76942)
(278, 17, 44520)
(278, 155, 13226)
(278, 161, 15820)
(278, 186, 42676)
(278, 8, 77167)
(278, 53, 88225)
(278, 193, 16175)
(278, 136, 83055)
(278, 143, 91739)
(278, 14, 2390)
(278, 213, 26919)
(278, 78, 42642)
(278, 72, 38142)
(278, 5, 32374)
(278, 277, 64951)
(278, 153, 70432)
(278, 2, 31253)
(278, 240, 52310)
(278, 97, 5943)
(278, 222, 31689)
(278, 31, 55614)
(278, 75, 75527)
(278, 105, 51565)
(278, 12, 14698)
(278, 190, 70053)
(278, 101, 41151)
(278, 154, 78119)
(278, 160, 70044)
(278, 11, 199)
(278, 34, 39831)
(278, 102, 6937)
(278, 61, 56424)
(279, 92, 10394)
(279, 134, 221)
(279, 24, 87285)
(279, 63, 68433)
(279, 70, 26017)
(279, 45, 67128)
(279, 188, 87123)
(279, 222, 4657)
(279, 26, 15690)
(279, 33, 5402)
(279, 243, 45259)
(279, 34, 10143)
(279, 258, 13182)
(279, 169, 33015)
(279, 114, 6424)
(280, 232, 2013)
(280, 164, 50018)
(280, 85, 23441)
(280, 10, 14385)
(280, 131, 66513)
(280, 158, 77362)
(280, 271, 87455)
(280, 118, 30800)
(280, 195, 81401)
(280, 9, 82579)
(280, 77, 78924)
(280, 120, 80597)
(280, 64, 84198)
(280, 126, 29679)
(280, 14, 92446)
(280, 257, 54591)
(280, 83, 38670)
(280, 140, 5095)
(280, 258, 45309)
(280, 244, 49329)
(280, 221, 42047)
(280, 124, 56966)
(280, 201, 41810)
(280, 266, 35340)
(280, 251, 94800)
(280, 273, 90866)
(280, 58, 41537)
(280, 161, 43180)
(280, 104, 29191)
(280, 190, 47293)
(280, 212, 77019)
(280, 144, 33754)
(280, 107, 70375)
(280, 55, 52008)
(280, 96, 52121)
(280, 172, 34071)
(280, 90, 90624)
(280, 66, 59965)
(280, 137, 75153)
(280, 117, 9114)
(280, 103, 46719)
(280, 170, 96851)
(280, 28, 36381)
(280, 213, 55176)
(280, 163, 48892)
(280, 148, 46057)
(280, 147, 100157)
(280, 242, 27478)
(280, 241, 12568)
(280, 196, 57750)
(280, 81, 99204)
(280, 192, 81281)
(280, 12, 90887)
(280, 94, 90457)
(280, 225, 20659)
(280, 95, 92314)
(280, 185, 317)
(280, 254, 32953)
(280, 202, 15670)
(280, 65, 8939)
(280, 127, 21985)
(280, 30, 316)
(280, 37, 7088)
(280, 198, 45381)
(280, 26, 98747)
(280, 62, 59120)
(280, 123, 12179)
(280, 73, 92601)
(280, 149, 46277)
(280, 264, 37955)
(280, 182, 93621)
(280, 115, 50603)
(280, 247, 67882)
(280, 45, 61763)
(280, 216, 24918)
(280, 219, 99684)
(280, 268, 1395)
(280, 204, 1286)
(280, 113, 21539)
(280, 61, 32750)
(280, 277, 94599)
(280, 227, 40683)
(280, 93, 16171)
(280, 17, 8846)
(280, 226, 18854)
(280, 18, 5103)
(280, 206, 79441)
(280, 157, 6373)
(280, 261, 1087)
(280, 24, 67458)
(280, 67, 16040)
(280, 231, 15458)
(280, 224, 42747)
(280, 78, 21998)
(280, 234, 29282)
(280, 270, 85379)
(280, 173, 67967)
(280, 199, 51940)
(280, 88, 34004)
(280, 112, 82606)
(280, 110, 65510)
(280, 267, 6210)
(280, 220, 31509)
(280, 119, 12976)
(280, 99, 41711)
(280, 162, 72414)
(280, 200, 12701)
(280, 133, 16765)
(280, 191, 30807)
(280, 25, 53177)
(280, 184, 39888)
(280, 29, 53505)
(280, 42, 45722)
(280, 35, 76657)
(280, 166, 16049)
(280, 136, 17576)
(280, 175, 93941)
(280, 125, 84406)
(280, 186, 39777)
(280, 275, 92604)
(280, 181, 10893)
(280, 154, 92069)
(281, 150, 47646)
(281, 29, 71348)
(281, 112, 68122)
(281, 79, 21971)
(281, 208, 87580)
(281, 265, 78553)
(281, 204, 21396)
(281, 60, 27285)
(281, 216, 75524)
(281, 87, 38649)
(281, 115, 90669)
(281, 65, 3620)
(281, 194, 69071)
(281, 203, 75266)
(281, 181, 33220)
(281, 137, 17608)
(281, 222, 88120)
(281, 6, 7810)
(281, 242, 98299)
(281, 43, 50076)
(281, 267, 96257)
(281, 180, 37443)
(281, 53, 91439)
(281, 61, 433)
(281, 175, 94028)
(281, 157, 98888)
(281, 221, 100270)
(281, 270, 59058)
(281, 72, 93620)
(281, 70, 14456)
(281, 240, 40874)
(281, 241, 33424)
(281, 116, 61004)
(281, 167, 45863)
(281, 126, 11790)
(281, 174, 29450)
(281, 215, 63868)
(281, 185, 71762)
(281, 226, 20106)
(281, 10, 87977)
(281, 259, 41759)
(281, 186, 29415)
(281, 41, 10310)
(281, 134, 76756)
(281, 201, 87088)
(281, 236, 53385)
(281, 49, 89375)
(281, 212, 25591)
(281, 139, 65385)
(281, 227, 43735)
(281, 187, 2801)
(281, 244, 5684)
(281, 108, 73632)
(281, 211, 79543)
(281, 36, 24746)
(281, 50, 22214)
(281, 64, 6915)
(281, 114, 29346)
(281, 245, 56744)
(281, 76, 31068)
(281, 84, 17640)
(281, 74, 98132)
(281, 88, 22940)
(281, 97, 25171)
(281, 21, 14715)
(281, 59, 70180)
(281, 165, 93759)
(281, 66, 86778)
(281, 3, 19484)
(281, 271, 89777)
(281, 148, 6351)
(281, 229, 92416)
(281, 209, 27057)
(281, 19, 45763)
(281, 252, 5260)
(281, 127, 65745)
(281, 233, 86438)
(281, 0, 60283)
(281, 264, 1337)
(281, 168, 72364)
(281, 40, 53978)
(281, 143, 86266)
(281, 257, 47993)
(281, 57, 3514)
(281, 31, 76001)
(281, 207, 15603)
(281, 243, 41527)
(281, 35, 78874)
(281, 237, 75494)
(281, 45, 44903)
(281, 220, 93050)
(281, 253, 26423)
(281, 214, 62028)
(281, 166, 38105)
(281, 82, 41036)
(282, 262, 80398)
(282, 78, 2016)
(282, 69, 5699)
(282, 116, 67528)
(282, 155, 61594)
(282, 37, 99696)
(282, 243, 24779)
(282, 92, 22827)
(282, 49, 84389)
(282, 101, 42670)
(282, 246, 68114)
(282, 8, 55780)
(282, 158, 70890)
(282, 61, 7964)
(282, 106, 10025)
(282, 236, 164)
(282, 152, 7422)
(282, 65, 9406)
(282, 104, 54231)
(282, 188, 96159)
(282, 118, 3082)
(282, 68, 88899)
(282, 28, 64091)
(282, 6, 96726)
(282, 247, 2751)
(282, 151, 33160)
(282, 38, 54388)
(282, 90, 85061)
(282, 26, 89030)
(282, 231, 24783)
(282, 102, 48198)
(282, 190, 84546)
(282, 108, 97280)
(282, 208, 97459)
(282, 39, 41101)
(282, 7, 63343)
(282, 14, 83423)
(282, 176, 25241)
(282, 136, 46022)
(282, 20, 17978)
(282, 115, 55974)
(282, 250, 37181)
(282, 225, 37283)
(282, 275, 68119)
(282, 95, 44177)
(282, 50, 28795)
(282, 119, 99249)
(282, 264, 94000)
(282, 73, 30476)
(282, 149, 5360)
(282, 197, 49757)
(282, 181, 2396)
(282, 223, 16764)
(282, 96, 57218)
(282, 34, 21791)
(282, 79, 1318)
(282, 162, 44649)
(282, 43, 75475)
(282, 170, 92284)
(282, 175, 27698)
(282, 202, 29159)
(282, 30, 23674)
(282, 199, 35641)
(282, 221, 37413)
(282, 209, 15205)
(282, 57, 82562)
(282, 80, 40315)
(282, 200, 75653)
(282, 160, 16388)
(282, 85, 55841)
(282, 56, 31513)
(282, 255, 51344)
(282, 140, 25562)
(282, 192, 40931)
(282, 265, 34160)
(282, 269, 41309)
(282, 4, 69657)
(282, 75, 99117)
(282, 45, 23299)
(282, 109, 75781)
(282, 180, 99142)
(282, 59, 37190)
(282, 254, 36674)
(282, 71, 87732)
(282, 258, 51455)
(282, 87, 96086)
(282, 171, 93403)
(282, 178, 29482)
(282, 193, 66534)
(282, 216, 14711)
(282, 156, 30210)
(282, 235, 68242)
(282, 48, 53056)
(282, 226, 20827)
(282, 173, 81852)
(282, 194, 24534)
(282, 120, 13001)
(282, 224, 45179)
(282, 3, 9195)
(282, 281, 81314)
(282, 212, 74046)
(282, 42, 84584)
(282, 203, 6968)
(282, 222, 25830)
(282, 9, 5433)
(282, 72, 30682)
(282, 142, 69813)
(282, 279, 37532)
(282, 174, 82703)
(282, 280, 51203)
(282, 103, 49272)
(282, 129, 24176)
(282, 147, 63078)
(282, 123, 89190)
(282, 128, 92741)
(282, 241, 18729)
(282, 141, 14930)
(282, 84, 91967)
(282, 113, 43000)
(282, 131, 14416)
(282, 127, 60759)
(282, 237, 68295)
(282, 189, 46658)
(282, 205, 8241)
(282, 267, 63204)
(282, 167, 4237)
(282, 249, 84881)
(282, 201, 70953)
(282, 219, 48636)
(282, 157, 49712)
(282, 54, 25733)
(282, 97, 66491)
(282, 143, 53108)
(282, 186, 28038)
(282, 244, 2002)
(282, 248, 23018)
(282, 53, 31095)
(282, 99, 36312)
(282, 239, 93636)
(282, 144, 4467)
(282, 135, 83241)
(282, 110, 9250)
(282, 100, 95268)
(282, 133, 56748)
(282, 146, 7144)
(282, 211, 8572)
(282, 187, 76664)
(282, 177, 23141)
(282, 273, 36428)
(282, 63, 94453)
(282, 227, 11925)
(282, 10, 77444)
(282, 27, 1173)
(282, 126, 79212)
(282, 215, 26281)
(282, 268, 99380)
(282, 166, 27188)
(282, 229, 65681)
(282, 117, 30530)
(282, 29, 29851)
(282, 240, 67025)
(282, 46, 88805)
(282, 183, 59875)
(282, 251, 10727)
(282, 217, 95996)
(282, 256, 84721)
(282, 161, 39456)
(282, 22, 77658)
(282, 67, 63402)
(282, 12, 62980)
(282, 159, 38723)
(282, 2, 82798)
(282, 51, 81062)
(282, 214, 85620)
(282, 232, 99531)
(282, 148, 70986)
(282, 259, 66959)
(282, 33, 51895)
(282, 93, 57738)
(282, 274, 87481)
(282, 130, 51264)
(282, 277, 3603)
(282, 47, 95975)
(282, 121, 97130)
(282, 169, 99050)
(282, 11, 82418)
(282, 105, 83727)
(282, 220, 28689)
(282, 64, 44388)
(282, 164, 83679)
(282, 238, 75345)
(282, 25, 15667)
(282, 114, 1541)
(282, 218, 3507)
(282, 198, 41818)
(282, 191, 32548)
(282, 132, 92614)
(282, 196, 74509)
(282, 253, 55633)
(282, 125, 23497)
(282, 94, 11157)
(282, 153, 27666)
(282, 98, 43136)
(282, 58, 32335)
(282, 36, 76173)
(282, 213, 50033)
(282, 154, 36028)
(282, 184, 35581)
(282, 16, 13589)
(282, 163, 48353)
(282, 150, 2070)
(282, 134, 23989)
(282, 23, 72515)
(282, 139, 100235)
(282, 228, 35024)
(283, 250, 39892)
(283, 31, 10839)
(283, 153, 79103)
(283, 148, 40914)
(283, 264, 5144)
(283, 51, 97293)
(283, 210, 63299)
(283, 253, 14542)
(283, 270, 59683)
(283, 249, 10267)
(283, 80, 62100)
(283, 215, 92029)
(283, 75, 40721)
(283, 130, 78557)
(283, 8, 28979)
(283, 171, 66355)
(283, 217, 89890)
(283, 25, 37376)
(283, 106, 90897)
(283, 119, 97721)
(283, 96, 90637)
(283, 189, 4882)
(283, 176, 69414)
(283, 63, 78627)
(283, 61, 42948)
(283, 15, 57465)
(283, 88, 25010)
(283, 235, 45608)
(283, 44, 56929)
(283, 129, 16999)
(283, 226, 22903)
(283, 196, 10866)
(283, 152, 43092)
(283, 219, 63532)
(283, 46, 83114)
(283, 167, 98052)
(283, 14, 88397)
(283, 220, 31772)
(283, 77, 32083)
(283, 24, 23818)
(283, 191, 85406)
(283, 155, 15975)
(283, 241, 59653)
(283, 65, 98934)
(283, 102, 93875)
(283, 203, 41439)
(283, 33, 56368)
(283, 122, 51263)
(283, 68, 95423)
(283, 104, 34908)
(283, 118, 59922)
(283, 64, 94676)
(283, 103, 81384)
(283, 260, 86015)
(284, 98, 40216)
(284, 18, 59587)
(284, 63, 70299)
(284, 112, 84334)
(284, 93, 47944)
(284, 145, 27501)
(284, 29, 56873)
(284, 166, 33646)
(284, 270, 17255)
(284, 261, 66913)
(284, 96, 30166)
(284, 109, 48529)
(284, 133, 50673)
(284, 242, 95532)
(284, 262, 79418)
(284, 8, 44633)
(284, 12, 47370)
(284, 230, 46173)
(284, 161, 99862)
(284, 13, 24301)
(284, 105, 54528)
(284, 40, 82522)
(284, 212, 21976)
(284, 46, 97239)
(284, 121, 68321)
(284, 83, 4145)
(284, 2, 1383)
(284, 180, 35935)
(284, 57, 54385)
(284, 240, 69627)
(284, 111, 40674)
(284, 80, 18802)
(284, 28, 71445)
(284, 258, 64279)
(284, 148, 23944)
(284, 186, 94776)
(284, 47, 63492)
(284, 201, 88728)
(284, 179, 67541)
(284, 89, 4558)
(284, 199, 74209)
(284, 136, 86915)
(284, 1, 89882)
(284, 149, 16646)
(284, 10, 27486)
(284, 150, 97262)
(284, 107, 49418)
(284, 203, 83011)
(284, 238, 1589)
(284, 189, 26086)
(284, 178, 69839)
(284, 280, 31079)
(284, 259, 94508)
(284, 19, 54718)
(284, 167, 14152)
(284, 62, 41709)
(284, 174, 9362)
(284, 279, 83591)
(284, 99, 48795)
(284, 275, 96801)
(284, 266, 73096)
(284, 271, 77013)
(284, 233, 96870)
(284, 53, 100282)
(284, 50, 6595)
(284, 77, 41620)
(284, 152, 96441)
(284, 160, 81892)
(284, 64, 3796)
(284, 254, 11716)
(284, 91, 87041)
(284, 146, 17)
(284, 147, 85224)
(284, 0, 17867)
(284, 25, 88514)
(284, 129, 59698)
(284, 140, 81601)
(284, 54, 93895)
(284, 252, 95641)
(284, 15, 67442)
(284, 117, 36129)
(284, 246, 18668)
(284, 82, 21208)
(284, 73, 26947)
(284, 20, 61654)
(284, 226, 43281)
(284, 281, 1028)
(284, 103, 8252)
(284, 4, 52670)
(284, 218, 3075)
(284, 6, 73870)
(284, 131, 13228)
(284, 137, 16108)
(284, 125, 29586)
(284, 265, 92381)
(284, 215, 92315)
(284, 151, 36698)
(284, 113, 24563)
(284, 118, 25798)
(284, 115, 58828)
(284, 128, 61949)
(284, 17, 39059)
(284, 236, 41276)
(284, 9, 83740)
(284, 222, 83347)
(284, 24, 68677)
(284, 164, 24996)
(284, 110, 82320)
(284, 44, 4358)
(284, 247, 15313)
(284, 214, 65065)
(284, 61, 44185)
(284, 234, 13466)
(284, 75, 11095)
(284, 92, 99300)
(284, 124, 32326)
(284, 59, 50877)
(284, 207, 80411)
(284, 76, 36521)
(284, 168, 75237)
(284, 130, 22114)
(284, 143, 31707)
(284, 119, 35636)
(284, 229, 42580)
(284, 39, 61982)
(284, 225, 3903)
(284, 188, 60447)
(284, 41, 54770)
(284, 156, 5047)
(284, 209, 64636)
(284, 248, 65539)
(284, 138, 28934)
(284, 104, 16191)
(284, 16, 46137)
(284, 191, 20570)
(284, 33, 90229)
(284, 257, 86989)
(285, 197, 58682)
(285, 105, 49443)
(285, 179, 24448)
(285, 15, 18445)
(285, 17, 83676)
(285, 30, 6443)
(285, 50, 39728)
(285, 163, 47766)
(285, 263, 10387)
(285, 158, 29692)
(285, 168, 37072)
(285, 76, 91706)
(285, 256, 95386)
(285, 284, 2080)
(285, 211, 30100)
(285, 62, 20219)
(285, 12, 87302)
(285, 23, 65455)
(285, 115, 51208)
(285, 209, 96900)
(285, 148, 52017)
(285, 188, 12769)
(285, 203, 21276)
(285, 223, 31419)
(285, 276, 74890)
(285, 29, 48014)
(285, 194, 25000)
(285, 75, 30550)
(285, 117, 34614)
(285, 245, 54024)
(285, 246, 50744)
(285, 243, 96338)
(285, 133, 83896)
(285, 92, 35074)
(285, 155, 13651)
(285, 139, 21732)
(285, 260, 85669)
(285, 102, 79833)
(285, 130, 60631)
(285, 151, 32453)
(285, 52, 82331)
(285, 121, 69773)
(285, 147, 52994)
(285, 0, 22129)
(285, 141, 1440)
(285, 80, 30124)
(285, 48, 19397)
(285, 269, 29052)
(285, 213, 58313)
(285, 8, 69879)
(285, 114, 41363)
(285, 154, 47246)
(285, 183, 27791)
(285, 74, 77834)
(285, 202, 87411)
(285, 97, 55995)
(285, 275, 8952)
(285, 176, 98341)
(286, 88, 84116)
(286, 209, 12045)
(286, 94, 91194)
(286, 42, 20716)
(286, 39, 2676)
(286, 97, 45467)
(286, 55, 59472)
(286, 29, 7340)
(286, 46, 40199)
(286, 59, 54567)
(286, 275, 27975)
(286, 77, 56934)
(286, 104, 86962)
(286, 17, 5151)
(286, 196, 69962)
(286, 57, 70383)
(286, 260, 56604)
(286, 19, 76183)
(286, 2, 93624)
(286, 150, 6533)
(286, 130, 53416)
(286, 152, 99248)
(286, 128, 72160)
(286, 21, 63541)
(286, 38, 17389)
(286, 36, 68592)
(286, 232, 49370)
(286, 219, 96318)
(286, 118, 75712)
(286, 272, 31326)
(286, 268, 21361)
(286, 8, 76653)
(286, 121, 71257)
(286, 83, 78590)
(286, 256, 54696)
(286, 158, 46932)
(286, 35, 10909)
(286, 215, 22984)
(286, 197, 98453)
(286, 160, 88106)
(286, 56, 67302)
(286, 168, 45481)
(286, 212, 61692)
(286, 238, 25330)
(286, 64, 36892)
(286, 75, 6971)
(286, 144, 1347)
(286, 3, 42338)
(286, 103, 48404)
(286, 89, 11162)
(286, 280, 28540)
(286, 116, 9049)
(286, 92, 88190)
(286, 82, 16632)
(286, 115, 92536)
(286, 231, 67184)
(287, 59, 63528)
(287, 163, 69699)
(287, 236, 98325)
(287, 95, 52685)
(287, 156, 26845)
(287, 118, 51292)
(287, 14, 52034)
(287, 141, 79695)
(287, 238, 71709)
(287, 72, 9677)
(287, 181, 69114)
(287, 63, 33873)
(287, 255, 36207)
(287, 101, 5299)
(287, 7, 39453)
(287, 83, 43489)
(287, 256, 1192)
(287, 170, 8057)
(287, 52, 6059)
(287, 87, 6067)
(287, 77, 14914)
(287, 202, 28395)
(287, 55, 33048)
(287, 233, 41378)
(287, 94, 19607)
(287, 119, 84737)
(287, 47, 15916)
(287, 254, 29422)
(287, 78, 97924)
(287, 110, 24835)
(287, 180, 76154)
(287, 32, 90603)
(287, 171, 30791)
(287, 49, 79009)
(287, 234, 90141)
(287, 9, 89793)
(287, 209, 896)
(287, 168, 81691)
(287, 100, 76667)
(287, 225, 72191)
(287, 147, 53691)
(287, 51, 28452)
(287, 250, 63516)
(287, 65, 57583)
(287, 258, 51381)
(287, 191, 18569)
(287, 74, 10807)
(287, 222, 85081)
(287, 257, 46133)
(287, 252, 55343)
(287, 69, 96857)
(287, 85, 95988)
(287, 201, 63950)
(287, 114, 76532)
(287, 174, 57172)
(287, 3, 74016)
(287, 198, 71242)
(287, 219, 6889)
(287, 11, 29958)
(287, 1, 84052)
(287, 20, 97920)
(287, 192, 64909)
(287, 76, 26313)
(287, 226, 68772)
(287, 259, 67804)
(287, 135, 1461)
(287, 67, 41127)
(287, 277, 80294)
(287, 80, 54219)
(287, 64, 41545)
(287, 81, 45641)
(287, 105, 60692)
(287, 10, 79190)
(287, 50, 31176)
(287, 125, 48041)
(287, 24, 22937)
(287, 197, 42539)
(287, 98, 29564)
(287, 127, 69456)
(287, 247, 69344)
(287, 33, 18579)
(287, 162, 86919)
(287, 22, 32734)
(287, 4, 98738)
(287, 90, 53678)
(287, 45, 64188)
(287, 186, 42758)
(287, 89, 76522)
(287, 273, 33273)
(287, 232, 41535)
(287, 267, 42042)
(287, 270, 55578)
(287, 160, 11604)
(287, 284, 77010)
(287, 204, 46032)
(287, 38, 98991)
(287, 131, 49422)
(287, 138, 28654)
(288, 110, 71853)
(288, 36, 23214)
(288, 174, 64538)
(288, 202, 48190)
(288, 55, 354)
(288, 173, 7048)
(288, 117, 30656)
(288, 226, 53165)
(288, 137, 51272)
(288, 113, 80645)
(288, 118, 47197)
(288, 101, 88616)
(288, 24, 32769)
(288, 106, 75816)
(288, 39, 52108)
(288, 136, 26311)
(288, 86, 65907)
(288, 178, 6337)
(288, 182, 97902)
(288, 238, 82667)
(288, 99, 13730)
(288, 63, 22860)
(288, 188, 56902)
(288, 49, 96675)
(288, 77, 99528)
(288, 59, 56523)
(288, 130, 21152)
(288, 26, 48362)
(288, 93, 30473)
(288, 72, 64822)
(288, 51, 11812)
(288, 277, 12059)
(288, 165, 79873)
(288, 150, 80108)
(288, 168, 30680)
(288, 79, 82494)
(288, 223, 70475)
(288, 21, 69053)
(288, 189, 5850)
(288, 160, 40824)
(288, 8, 14794)
(288, 56, 14112)
(288, 102, 8076)
(288, 239, 39641)
(288, 204, 66496)
(288, 175, 84479)
(288, 114, 96541)
(288, 220, 16835)
(288, 100, 14124)
(288, 54, 82929)
(288, 166, 59510)
(288, 88, 35011)
(288, 232, 91277)
(288, 52, 37109)
(288, 287, 52645)
(288, 140, 46334)
(288, 216, 84975)
(288, 105, 97456)
(288, 252, 77274)
(288, 243, 6677)
(288, 214, 75099)
(288, 60, 33834)
(288, 183, 3327)
(288, 69, 65006)
(288, 57, 22781)
(288, 219, 10478)
(288, 285, 45382)
(288, 215, 51724)
(288, 87, 89503)
(288, 104, 68289)
(288, 41, 63010)
(288, 95, 82054)
(288, 146, 86644)
(288, 148, 76678)
(288, 256, 85698)
(288, 53, 34396)
(288, 275, 51975)
(288, 271, 59553)
(288, 28, 74539)
(288, 37, 4939)
(288, 265, 65708)
(288, 203, 60238)
(288, 152, 24962)
(288, 12, 71441)
(288, 82, 93010)
(288, 177, 61948)
(288, 35, 56766)
(288, 23, 56830)
(288, 171, 95174)
(288, 19, 21043)
(288, 85, 12595)
(288, 250, 47483)
(288, 237, 92507)
(288, 134, 10994)
(288, 283, 45562)
(288, 249, 42397)
(288, 267, 23856)
(288, 158, 90705)
(288, 4, 42367)
(288, 181, 65294)
(288, 32, 12187)
(288, 179, 90815)
(288, 200, 50557)
(288, 205, 95837)
(288, 66, 88872)
(289, 141, 47887)
(289, 86, 19042)
(289, 36, 57565)
(289, 280, 24046)
(289, 241, 30153)
(289, 228, 97398)
(289, 5, 93666)
(289, 14, 18865)
(289, 8, 24170)
(289, 240, 60524)
(289, 155, 91138)
(289, 265, 28692)
(289, 100, 96464)
(289, 203, 72855)
(289, 104, 61253)
(289, 272, 74049)
(289, 271, 67857)
(289, 167, 12416)
(289, 199, 17549)
(289, 93, 22178)
(289, 1, 45991)
(289, 238, 51961)
(289, 236, 40378)
(289, 186, 91495)
(289, 198, 40477)
(289, 44, 83882)
(289, 34, 37497)
(289, 267, 25039)
(289, 23, 43021)
(289, 63, 18051)
(289, 3, 63143)
(289, 244, 94841)
(289, 15, 70693)
(289, 224, 87846)
(289, 128, 13959)
(289, 29, 87221)
(289, 226, 46858)
(289, 7, 53850)
(289, 189, 58658)
(289, 122, 5381)
(289, 239, 100100)
(289, 146, 15870)
(289, 116, 7617)
(289, 174, 81340)
(289, 235, 95572)
(289, 184, 49789)
(289, 112, 76708)
(289, 143, 3804)
(289, 180, 24679)
(289, 253, 24047)
(289, 196, 65407)
(289, 101, 90216)
(289, 96, 70826)
(289, 113, 97171)
(289, 266, 39867)
(289, 64, 9776)
(289, 133, 48959)
(289, 286, 9581)
(289, 37, 41522)
(289, 181, 95915)
(289, 268, 92718)
(289, 151, 20343)
(289, 72, 75344)
(289, 213, 93139)
(289, 176, 7467)
(289, 138, 9969)
(289, 258, 45632)
(289, 237, 98567)
(289, 13, 27355)
(289, 91, 34947)
(289, 4, 48241)
(289, 142, 71507)
(289, 108, 86134)
(289, 144, 6696)
(289, 193, 62338)
(289, 132, 36036)
(289, 68, 21611)
(289, 117, 58594)
(289, 188, 65558)
(289, 56, 42379)
(289, 90, 45640)
(289, 80, 4993)
(289, 24, 99971)
(289, 66, 68510)
(289, 153, 78254)
(289, 26, 99515)
(289, 248, 77189)
(289, 16, 14744)
(289, 158, 39693)
(289, 118, 11517)
(289, 131, 18495)
(289, 222, 65200)
(289, 249, 47883)
(289, 140, 15317)
(289, 39, 71400)
(289, 175, 6517)
(289, 261, 54320)
(289, 31, 49092)
(289, 163, 56244)
(289, 242, 56590)
(289, 84, 55803)
(289, 255, 31220)
(289, 50, 7737)
(289, 245, 44428)
(289, 154, 84)
(289, 105, 100194)
(289, 55, 71341)
(289, 22, 19011)
(289, 76, 55912)
(289, 168, 45095)
(289, 20, 66296)
(289, 109, 60243)
(289, 165, 57636)
(289, 102, 28594)
(289, 48, 4607)
(289, 99, 2247)
(289, 219, 50421)
(289, 2, 49851)
(289, 177, 68034)
(289, 273, 91195)
(289, 62, 13917)
(289, 73, 79589)
(289, 83, 6784)
(289, 150, 98810)
(289, 275, 72059)
(289, 246, 25066)
(289, 51, 18193)
(289, 277, 61691)
(289, 49, 28174)
(289, 200, 64280)
(289, 103, 23234)
(289, 161, 20604)
(289, 98, 93374)
(289, 53, 90382)
(289, 207, 60094)
(289, 210, 7776)
(289, 152, 96671)
(289, 70, 43410)
(289, 81, 79030)
(289, 57, 61366)
(289, 41, 15449)
(289, 215, 51368)
(289, 259, 3814)
(289, 47, 14609)
(289, 170, 2162)
(289, 287, 73009)
(289, 173, 81131)
(289, 220, 36073)
(289, 201, 53428)
(289, 123, 45754)
(289, 9, 85284)
(289, 120, 37462)
(289, 136, 65003)
(289, 6, 59062)
(289, 18, 44010)
(289, 97, 4957)
(289, 139, 2641)
(289, 260, 26428)
(289, 27, 88298)
(289, 78, 41729)
(289, 30, 67248)
(289, 164, 19359)
(289, 281, 28418)
(289, 130, 22980)
(289, 54, 74689)
(289, 263, 16389)
(289, 126, 54987)
(289, 209, 94049)
(289, 282, 44062)
(289, 217, 28702)
(289, 71, 30817)
(289, 59, 85333)
(289, 211, 97049)
(289, 10, 68603)
(289, 270, 16083)
(289, 65, 17132)
(289, 227, 41393)
(289, 92, 43205)
(289, 279, 52450)
(289, 33, 1650)
(289, 269, 83067)
(289, 169, 61678)
(289, 218, 222)
(289, 284, 2692)
(289, 160, 38604)
(289, 124, 65233)
(289, 75, 7577)
(289, 127, 18074)
(289, 274, 53800)
(289, 243, 24474)
(289, 212, 16240)
(289, 147, 65750)
(289, 276, 21366)
(289, 119, 80591)
(289, 82, 14129)
(289, 21, 84861)
(289, 46, 96555)
(289, 45, 5148)
(289, 172, 72919)
(289, 106, 48519)
(289, 69, 94309)
(289, 0, 53611)
(289, 121, 80477)
(289, 38, 98698)
(289, 19, 3392)
(289, 192, 70810)
(289, 148, 47537)
(289, 232, 71877)
(289, 135, 48382)
(289, 231, 48303)
(289, 204, 79104)
(289, 191, 19287)
(289, 125, 24108)
(289, 257, 80964)
(289, 134, 41607)
(289, 159, 11504)
(289, 183, 75720)
(289, 262, 47506)
(289, 35, 79772)
(289, 233, 92470)
(289, 95, 82958)
(289, 229, 68435)
(289, 195, 80781)
(289, 283, 35493)
(289, 149, 62806)
(289, 145, 65032)
(289, 87, 44898)
(289, 247, 34377)
(289, 205, 37648)
(289, 107, 22987)
(289, 67, 58066)
(289, 115, 59853)
(289, 88, 65479)
(289, 94, 48237)
(289, 225, 14264)
(289, 278, 24857)
(289, 194, 74262)
(289, 52, 8584)
(289, 32, 50369)
(289, 216, 67178)
(289, 61, 23080)
(289, 114, 38085)
(289, 250, 67808)
(289, 157, 51996)
(289, 251, 99001)
(289, 129, 67398)
(289, 178, 59526)
(289, 234, 73066)
(289, 156, 63464)
(289, 17, 71656)
(289, 182, 76977)
(290, 276, 12452)
(290, 132, 38737)
(290, 161, 87667)
(290, 73, 13321)
(290, 246, 13487)
(290, 149, 32763)
(290, 140, 30491)
(290, 90, 5392)
(290, 10, 2913)
(290, 22, 71465)
(290, 259, 48772)
(290, 118, 86677)
(290, 17, 99598)
(290, 141, 69468)
(290, 98, 89300)
(290, 234, 37919)
(290, 101, 18484)
(290, 145, 49875)
(290, 6, 100319)
(290, 56, 30806)
(290, 41, 65990)
(290, 270, 78990)
(290, 50, 4298)
(290, 146, 58297)
(290, 239, 7051)
(290, 223, 8363)
(290, 74, 87265)
(290, 236, 59931)
(290, 264, 87051)
(290, 106, 49019)
(290, 256, 22617)
(290, 36, 53900)
(290, 263, 18971)
(290, 168, 75402)
(290, 250, 4049)
(290, 130, 22172)
(290, 171, 9199)
(290, 120, 38561)
(290, 45, 1662)
(290, 65, 64173)
(290, 143, 79712)
(290, 53, 9224)
(290, 72, 23132)
(290, 113, 54298)
(290, 238, 13932)
(290, 78, 93277)
(290, 127, 56460)
(290, 35, 26192)
(290, 206, 48621)
(290, 279, 75881)
(290, 57, 39267)
(290, 131, 31831)
(290, 175, 28191)
(290, 153, 70226)
(290, 24, 38406)
(290, 228, 11342)
(290, 95, 95623)
(290, 211, 43277)
(290, 8, 33245)
(290, 37, 3172)
(290, 176, 3141)
(290, 190, 5763)
(290, 252, 23067)
(290, 54, 39179)
(290, 209, 69526)
(290, 116, 76845)
(290, 69, 81872)
(290, 43, 98527)
(290, 157, 52977)
(290, 192, 96271)
(290, 128, 28729)
(290, 205, 20559)
(290, 285, 74353)
(290, 243, 69894)
(290, 189, 70421)
(290, 34, 15040)
(290, 255, 18957)
(290, 222, 539)
(290, 142, 73979)
(290, 154, 69447)
(290, 225, 59422)
(290, 46, 99956)
(290, 198, 19204)
(290, 156, 30481)
(290, 187, 51245)
(290, 193, 43681)
(290, 275, 11098)
(290, 58, 77985)
(290, 15, 59168)
(290, 261, 35362)
(290, 170, 65736)
(290, 110, 52569)
(290, 124, 10783)
(290, 68, 11377)
(290, 48, 77785)
(290, 0, 74184)
(290, 88, 62318)
(290, 248, 51618)
(290, 174, 6833)
(290, 96, 52027)
(290, 9, 89286)
(290, 121, 10160)
(290, 12, 17594)
(290, 178, 42913)
(290, 51, 98265)
(290, 126, 68149)
(290, 155, 7357)
(290, 269, 51087)
(290, 79, 9351)
(290, 112, 12837)
(290, 249, 9977)
(290, 92, 78974)
(290, 289, 89951)
(290, 266, 33436)
(290, 251, 3171)
(290, 268, 65103)
(290, 253, 37087)
(290, 208, 11390)
(290, 108, 69294)
(290, 87, 56138)
(290, 219, 29753)
(290, 135, 54236)
(290, 164, 31126)
(290, 55, 80274)
(290, 86, 47471)
(290, 77, 3495)
(290, 76, 46575)
(290, 26, 60918)
(290, 158, 48862)
(290, 280, 93014)
(290, 167, 29344)
(290, 70, 68037)
(290, 85, 33855)
(290, 267, 2113)
(290, 23, 36332)
(290, 66, 69308)
(290, 117, 9416)
(290, 59, 75270)
(290, 184, 90371)
(290, 61, 70107)
(290, 99, 97776)
(290, 245, 42628)
(290, 31, 62956)
(290, 44, 62536)
(290, 129, 9521)
(290, 27, 74282)
(290, 20, 91228)
(290, 14, 53227)
(290, 231, 34685)
(290, 107, 45242)
(290, 214, 77775)
(290, 159, 3120)
(290, 283, 95490)
(290, 38, 16572)
(290, 227, 61083)
(290, 210, 96986)
(290, 94, 15058)
(290, 64, 80366)
(290, 194, 72409)
(290, 165, 46683)
(290, 224, 25017)
(290, 201, 37425)
(290, 133, 93550)
(290, 105, 23245)
(290, 221, 2279)
(290, 60, 18508)
(290, 242, 58558)
(290, 262, 50590)
(290, 216, 93078)
(290, 169, 50113)
(290, 47, 45269)
(290, 177, 86054)
(290, 115, 17855)
(290, 217, 69083)
(290, 138, 61019)
(290, 240, 81944)
(290, 42, 97505)
(290, 237, 34848)
(290, 218, 32867)
(290, 7, 26609)
(290, 241, 72459)
(290, 3, 99047)
(290, 151, 48491)
(290, 282, 12001)
(290, 11, 16428)
(290, 111, 57144)
(290, 229, 73923)
(290, 104, 4321)
(290, 71, 56912)
(290, 29, 14942)
(290, 204, 15378)
(290, 215, 52911)
(290, 97, 54962)
(290, 19, 73222)
(290, 230, 18330)
(290, 160, 56943)
(290, 40, 46074)
(290, 166, 20576)
(290, 288, 2337)
(290, 16, 89859)
(290, 102, 13474)
(290, 2, 8906)
(290, 39, 92295)
(290, 254, 59819)
(290, 232, 88850)
(290, 186, 26701)
(290, 203, 66404)
(290, 136, 69904)
(290, 274, 5002)
(290, 258, 64985)
(290, 67, 22190)
(290, 284, 67355)
(290, 93, 16285)
(290, 220, 14324)
(290, 18, 59354)
(290, 91, 70438)
(290, 271, 56684)
(290, 272, 3419)
(290, 123, 60034)
(290, 30, 4765)
(290, 182, 60938)
(290, 172, 79820)
(290, 28, 17733)
(290, 137, 93877)
(290, 109, 402)
(290, 147, 52320)
(290, 247, 66046)
(290, 75, 10940)
(290, 200, 52997)
(290, 278, 8486)
(290, 179, 35172)
(290, 119, 87473)
(290, 163, 80830)
(290, 4, 20201)
(290, 199, 74318)
(290, 49, 42955)
(290, 273, 71038)
(290, 226, 11810)
(290, 148, 11826)
(290, 260, 80476)
(290, 82, 76435)
(290, 139, 94783)
(290, 125, 49145)
(290, 195, 19405)
(290, 63, 47095)
(290, 1, 76031)
(291, 27, 70187)
(291, 39, 88818)
(291, 89, 94914)
(291, 32, 27273)
(291, 7, 32174)
(291, 264, 50521)
(291, 99, 68143)
(291, 181, 59820)
(291, 21, 70298)
(291, 139, 21705)
(291, 289, 15565)
(291, 284, 72938)
(291, 122, 74355)
(291, 278, 88857)
(291, 202, 38354)
(291, 166, 4887)
(291, 3, 2250)
(291, 262, 7807)
(291, 247, 37132)
(291, 199, 71402)
(291, 102, 90985)
(291, 144, 43595)
(291, 145, 83436)
(291, 141, 43215)
(291, 128, 76619)
(291, 269, 64342)
(291, 142, 20671)
(291, 58, 34114)
(291, 196, 96741)
(291, 168, 12553)
(291, 209, 46914)
(291, 11, 9961)
(291, 201, 17912)
(291, 255, 44824)
(291, 103, 55537)
(291, 270, 55816)
(291, 214, 74244)
(291, 155, 8956)
(291, 250, 85869)
(291, 173, 35434)
(291, 159, 83379)
(291, 34, 83915)
(291, 2, 60820)
(291, 50, 43132)
(291, 241, 12611)
(291, 213, 11112)
(291, 26, 1972)
(291, 207, 87779)
(291, 227, 41420)
(291, 182, 61005)
(291, 165, 78231)
(291, 178, 42993)
(291, 131, 16363)
(291, 23, 98257)
(291, 43, 57676)
(291, 69, 40616)
(291, 153, 79223)
(291, 152, 42503)
(291, 111, 57524)
(291, 156, 33591)
(292, 21, 11176)
(292, 252, 53547)
(292, 105, 22772)
(292, 69, 47925)
(292, 61, 82754)
(292, 57, 16968)
(292, 85, 53400)
(292, 43, 3033)
(292, 278, 18086)
(292, 291, 39158)
(292, 152, 23142)
(292, 259, 76530)
(292, 243, 6358)
(292, 183, 66911)
(292, 139, 45547)
(292, 221, 99539)
(292, 83, 40920)
(292, 200, 97375)
(292, 251, 16239)
(292, 102, 80150)
(292, 98, 39289)
(292, 235, 44222)
(292, 174, 21449)
(292, 283, 96469)
(292, 127, 37034)
(292, 275, 56807)
(292, 220, 7042)
(292, 93, 7847)
(292, 213, 19292)
(292, 149, 24983)
(292, 120, 90264)
(292, 6, 47251)
(292, 99, 19788)
(292, 107, 50959)
(292, 276, 33828)
(292, 38, 89182)
(292, 101, 4223)
(292, 179, 7879)
(292, 14, 72424)
(292, 210, 16436)
(292, 2, 62943)
(292, 288, 74231)
(292, 184, 89689)
(292, 142, 75869)
(292, 287, 19639)
(292, 247, 1899)
(292, 154, 5586)
(292, 13, 4838)
(292, 192, 54521)
(292, 185, 74204)
(292, 55, 76838)
(292, 168, 46126)
(292, 194, 13364)
(292, 36, 23600)
(292, 224, 34108)
(292, 150, 10246)
(292, 236, 54177)
(292, 201, 1799)
(292, 155, 83044)
(292, 126, 46931)
(292, 35, 28194)
(292, 193, 37842)
(292, 260, 87373)
(292, 148, 78189)
(292, 92, 88496)
(292, 264, 74360)
(292, 180, 14215)
(292, 74, 61661)
(292, 157, 71498)
(292, 130, 580)
(292, 228, 44227)
(292, 54, 63178)
(292, 73, 99128)
(292, 124, 81293)
(292, 88, 24909)
(292, 212, 6452)
(292, 229, 7502)
(292, 10, 76833)
(292, 238, 86959)
(292, 111, 11012)
(292, 58, 96860)
(292, 167, 35464)
(292, 159, 4528)
(292, 197, 23370)
(292, 89, 99317)
(292, 65, 94515)
(292, 104, 92117)
(292, 176, 28800)
(292, 256, 21)
(292, 153, 5881)
(292, 242, 25018)
(292, 44, 27787)
(292, 204, 46693)
(292, 232, 41687)
(292, 67, 46872)
(292, 1, 87868)
(292, 146, 99022)
(292, 218, 57662)
(292, 253, 97623)
(292, 284, 47268)
(292, 249, 88541)
(292, 196, 62671)
(292, 187, 93144)
(292, 171, 58376)
(292, 45, 78145)
(292, 286, 58967)
(292, 5, 27038)
(292, 51, 64952)
(292, 40, 16149)
(292, 108, 21323)
(292, 207, 69544)
(292, 115, 78771)
(292, 118, 47863)
(292, 254, 77921)
(292, 265, 89297)
(292, 128, 96332)
(292, 285, 5203)
(292, 273, 20122)
(292, 257, 18881)
(292, 113, 11494)
(292, 137, 9793)
(292, 68, 90960)
(292, 86, 97087)
(292, 78, 70112)
(292, 160, 31306)
(292, 189, 43591)
(292, 214, 32577)
(292, 195, 62422)
(292, 82, 43510)
(292, 281, 36687)
(292, 151, 72282)
(292, 116, 10592)
(292, 223, 26794)
(292, 234, 1048)
(292, 106, 65015)
(292, 245, 5060)
(292, 226, 46768)
(292, 60, 90807)
(292, 177, 80332)
(292, 289, 58258)
(292, 8, 84971)
(292, 12, 29213)
(292, 77, 5883)
(292, 240, 6951)
(292, 42, 7843)
(292, 15, 7984)
(292, 132, 89871)
(292, 215, 25477)
(292, 76, 18576)
(292, 47, 2125)
(292, 71, 36320)
(292, 277, 59505)
(292, 188, 52033)
(292, 95, 84733)
(292, 66, 97058)
(292, 103, 50566)
(292, 237, 51718)
(292, 156, 54133)
(292, 173, 20793)
(292, 141, 38502)
(292, 227, 75265)
(292, 32, 71773)
(292, 25, 97888)
(292, 24, 54064)
(292, 100, 43594)
(292, 9, 15956)
(292, 3, 59025)
(292, 37, 61360)
(292, 208, 62443)
(292, 134, 79181)
(292, 123, 81897)
(292, 270, 65798)
(292, 129, 36358)
(292, 269, 83763)
(292, 135, 13701)
(292, 199, 2681)
(292, 186, 74361)
(292, 31, 18190)
(292, 11, 89928)
(292, 49, 35864)
(292, 81, 89589)
(292, 133, 3615)
(292, 41, 18592)
(292, 53, 18099)
(292, 162, 75313)
(292, 170, 39481)
(292, 262, 84266)
(292, 34, 97308)
(292, 217, 31320)
(292, 225, 69998)
(292, 30, 62946)
(292, 112, 52791)
(292, 166, 49454)
(292, 33, 31422)
(292, 18, 81427)
(292, 63, 20644)
(292, 182, 88956)
(292, 261, 30777)
(292, 19, 41112)
(292, 46, 80264)
(292, 72, 4708)
(292, 255, 6441)
(292, 131, 47137)
(292, 27, 23682)
(292, 219, 44158)
(292, 7, 9527)
(292, 17, 94160)
(292, 23, 71848)
(292, 169, 10616)
(292, 211, 92743)
(292, 125, 56390)
(292, 231, 14223)
(292, 206, 13691)
(292, 50, 5725)
(292, 230, 3482)
(292, 20, 63222)
(292, 80, 44821)
(292, 138, 94746)
(292, 203, 69988)
(292, 75, 11109)
(292, 59, 60896)
(292, 26, 38499)
(292, 271, 97306)
(292, 267, 31559)
(292, 222, 84753)
(292, 117, 93610)
(292, 62, 6281)
(292, 233, 40615)
(292, 121, 63848)
(292, 244, 77711)
(292, 190, 10368)
(292, 28, 81762)
(292, 0, 35771)
(292, 119, 62175)
(292, 91, 24165)
(292, 282, 56702)
(292, 246, 14623)
(292, 290, 12420)
(292, 147, 6685)
(292, 144, 40217)
(292, 216, 4655)
(292, 16, 37754)
(292, 70, 85128)
(292, 87, 12348)
(292, 79, 7684)
(292, 145, 97775)
(292, 52, 96205)
(292, 205, 81891)
(292, 239, 32398)
(292, 114, 72735)
(292, 280, 98465)
(292, 39, 67604)
(292, 209, 65922)
(292, 56, 48124)
(292, 48, 27170)
(292, 258, 50697)
(292, 90, 47936)
(292, 268, 53238)
(292, 181, 18863)
(292, 175, 98134)
(292, 248, 10877)
(293, 156, 40297)
(293, 17, 42260)
(293, 108, 99203)
(293, 146, 83979)
(293, 196, 88578)
(293, 266, 45700)
(293, 83, 79382)
(293, 187, 5907)
(293, 46, 80143)
(293, 191, 46763)
(293, 223, 22738)
(293, 123, 97650)
(293, 190, 3864)
(293, 145, 26096)
(293, 137, 91795)
(293, 4, 53384)
(293, 40, 88655)
(293, 281, 52340)
(293, 94, 49194)
(293, 127, 95324)
(293, 270, 24085)
(293, 143, 93381)
(293, 166, 55657)
(293, 5, 31495)
(293, 272, 14267)
(293, 138, 17648)
(293, 142, 65837)
(293, 188, 66014)
(293, 62, 56837)
(293, 30, 86770)
(293, 44, 51434)
(293, 160, 81433)
(293, 88, 2477)
(293, 56, 82599)
(293, 116, 6362)
(293, 77, 36765)
(293, 134, 8358)
(293, 121, 15904)
(293, 220, 48393)
(293, 8, 20396)
(293, 144, 26496)
(293, 232, 80099)
(293, 292, 62903)
(293, 153, 84148)
(293, 71, 25947)
(293, 239, 96963)
(293, 233, 58198)
(293, 195, 56051)
(293, 104, 88935)
(293, 57, 94180)
(293, 212, 19626)
(293, 136, 32393)
(293, 215, 33590)
(293, 277, 85164)
(293, 97, 47444)
(293, 42, 87353)
(293, 169, 91071)
(293, 216, 14655)
(293, 250, 14833)
(293, 283, 1031)
(293, 111, 76715)
(293, 257, 46500)
(293, 29, 77361)
(293, 19, 59516)
(293, 161, 24163)
(293, 82, 76385)
(293, 6, 54955)
(293, 260, 40946)
(293, 65, 78130)
(293, 228, 92632)
(293, 36, 32383)
(293, 117, 81002)
(293, 48, 61152)
(293, 279, 97951)
(293, 69, 21321)
(293, 27, 37168)
(293, 81, 2098)
(293, 49, 16492)
(293, 53, 69303)
(293, 242, 71384)
(293, 171, 83718)
(293, 162, 50305)
(293, 151, 2919)
(293, 13, 57876)
(293, 45, 86945)
(293, 0, 12698)
(293, 26, 3735)
(293, 38, 17869)
(293, 165, 11450)
(293, 193, 71591)
(293, 92, 80164)
(293, 70, 8047)
(293, 229, 14740)
(293, 119, 57190)
(293, 179, 58517)
(293, 284, 5817)
(293, 244, 63591)
(293, 73, 33666)
(293, 158, 50488)
(293, 68, 37783)
(293, 159, 52434)
(293, 98, 36679)
(293, 109, 69057)
(293, 178, 50133)
(293, 200, 11516)
(293, 259, 99930)
(293, 185, 71900)
(293, 86, 89531)
(293, 154, 60963)
(293, 18, 20047)
(293, 246, 50339)
(293, 131, 65889)
(293, 163, 35930)
(293, 9, 33869)
(293, 47, 43758)
(293, 140, 81280)
(293, 67, 88235)
(293, 21, 99625)
(293, 90, 76284)
(293, 130, 31031)
(293, 157, 86078)
(293, 64, 43183)
(293, 237, 17155)
(293, 235, 64327)
(293, 107, 25302)
(293, 177, 28989)
(293, 214, 61940)
(293, 3, 43097)
(293, 285, 28902)
(293, 35, 93066)
(293, 93, 52684)
(293, 135, 89817)
(293, 182, 30348)
(293, 192, 69222)
(293, 20, 21582)
(293, 262, 89226)
(293, 114, 90057)
(293, 24, 15307)
(293, 221, 20331)
(293, 254, 81391)
(293, 39, 73147)
(293, 16, 60129)
(293, 226, 96940)
(293, 95, 21977)
(293, 79, 59622)
(293, 112, 66145)
(293, 291, 27449)
(293, 256, 90986)
(293, 149, 23819)
(293, 148, 57562)
(293, 273, 77422)
(293, 265, 45762)
(293, 126, 94131)
(293, 213, 5996)
(293, 91, 84762)
(293, 253, 40185)
(293, 59, 7805)
(293, 100, 49167)
(293, 63, 28506)
(293, 269, 78613)
(293, 147, 9343)
(293, 289, 23174)
(293, 84, 90827)
(293, 99, 24290)
(293, 249, 54054)
(293, 211, 47432)
(293, 274, 74553)
(293, 32, 47909)
(293, 170, 73194)
(293, 34, 77031)
(293, 78, 77817)
(293, 263, 29279)
(293, 52, 59804)
(293, 268, 50546)
(293, 25, 25025)
(293, 197, 49613)
(293, 282, 55052)
(293, 54, 5534)
(293, 267, 70280)
(293, 101, 36041)
(293, 231, 72619)
(293, 208, 79229)
(293, 264, 50644)
(293, 245, 57980)
(293, 243, 47400)
(293, 225, 51502)
(293, 280, 22475)
(293, 129, 31710)
(293, 290, 67281)
(293, 234, 34279)
(293, 275, 22062)
(293, 238, 70385)
(293, 278, 49347)
(293, 236, 76)
(293, 60, 65653)
(293, 186, 20016)
(293, 124, 13094)
(293, 155, 27099)
(293, 230, 68230)
(293, 58, 50201)
(293, 7, 19572)
(293, 152, 52464)
(293, 72, 49966)
(293, 164, 83586)
(293, 251, 69463)
(293, 102, 79921)
(293, 248, 51487)
(293, 85, 27396)
(293, 51, 2699)
(293, 241, 56039)
(293, 175, 13911)
(293, 28, 89774)
(293, 258, 14171)
(293, 31, 33334)
(293, 122, 93368)
(293, 1, 47097)
(293, 15, 5659)
(293, 173, 65727)
(293, 210, 12133)
(293, 271, 85891)
(293, 110, 54720)
(293, 50, 13903)
(294, 29, 100275)
(294, 262, 24202)
(294, 187, 49529)
(294, 175, 70277)
(294, 111, 4807)
(294, 150, 98146)
(294, 270, 89152)
(294, 60, 62706)
(294, 250, 74864)
(294, 152, 62754)
(294, 217, 22547)
(294, 224, 21346)
(294, 0, 54943)
(294, 242, 78814)
(294, 30, 82860)
(294, 177, 87160)
(294, 69, 42619)
(294, 32, 96263)
(294, 266, 76397)
(294, 12, 234)
(294, 193, 94513)
(294, 2, 31349)
(294, 123, 69207)
(294, 290, 32627)
(294, 165, 54256)
(294, 263, 60101)
(294, 54, 41543)
(294, 186, 87724)
(294, 47, 47657)
(294, 158, 78821)
(294, 282, 91843)
(294, 42, 61245)
(294, 88, 16299)
(294, 9, 35214)
(294, 31, 87955)
(294, 81, 28585)
(294, 76, 96222)
(294, 192, 61200)
(294, 166, 55275)
(294, 153, 17724)
(294, 23, 95051)
(294, 170, 4554)
(295, 260, 71727)
(295, 265, 38907)
(295, 207, 38347)
(295, 21, 86066)
(295, 244, 38449)
(295, 19, 60257)
(295, 27, 31015)
(295, 39, 28277)
(295, 12, 76873)
(295, 34, 74708)
(295, 211, 28776)
(295, 243, 18035)
(295, 258, 121)
(295, 188, 82625)
(295, 16, 1611)
(295, 172, 81431)
(295, 156, 71180)
(295, 58, 28265)
(295, 171, 94084)
(295, 161, 73229)
(295, 117, 72631)
(295, 119, 10362)
(295, 238, 4633)
(295, 221, 95012)
(295, 132, 35815)
(295, 173, 3331)
(295, 169, 92219)
(295, 96, 90299)
(295, 32, 4867)
(295, 219, 90868)
(295, 46, 76265)
(295, 251, 98779)
(295, 276, 92746)
(295, 121, 59147)
(295, 101, 79067)
(295, 62, 51669)
(295, 18, 65430)
(295, 37, 4741)
(295, 42, 90673)
(295, 112, 26348)
(295, 59, 15181)
(295, 41, 38966)
(295, 43, 27379)
(295, 212, 5200)
(295, 231, 22728)
(295, 131, 28483)
(295, 256, 30297)
(295, 183, 81803)
(295, 120, 10769)
(295, 80, 91978)
(295, 75, 98881)
(295, 31, 4349)
(295, 196, 54278)
(295, 193, 62354)
(295, 149, 43156)
(295, 248, 29619)
(295, 197, 77568)
(295, 56, 22664)
(295, 273, 98197)
(295, 150, 43965)
(295, 24, 15477)
(295, 79, 49736)
(295, 139, 24784)
(295, 270, 13811)
(295, 102, 2618)
(295, 246, 69060)
(295, 76, 2336)
(295, 38, 35881)
(295, 128, 95653)
(295, 152, 26499)
(295, 67, 63920)
(295, 263, 74896)
(295, 252, 23521)
(295, 154, 73544)
(295, 200, 91422)
(295, 33, 15232)
(295, 136, 99981)
(295, 165, 83026)
(295, 115, 95153)
(295, 98, 8298)
(295, 124, 25124)
(295, 86, 12617)
(295, 44, 96582)
(295, 90, 41339)
(295, 223, 78558)
(295, 174, 39351)
(295, 241, 98573)
(295, 85, 44064)
(295, 245, 70889)
(295, 227, 29199)
(295, 235, 55776)
(295, 26, 26028)
(295, 290, 64729)
(295, 93, 22329)
(295, 137, 22975)
(295, 8, 25009)
(295, 68, 47976)
(295, 108, 98684)
(295, 0, 24160)
(295, 51, 45230)
(295, 116, 30366)
(295, 140, 78861)
(295, 170, 88000)
(295, 274, 31074)
(295, 133, 69706)
(295, 259, 29755)
(295, 72, 9411)
(295, 141, 64285)
(295, 106, 15444)
(295, 264, 12441)
(295, 14, 37038)
(295, 236, 26537)
(295, 99, 52129)
(295, 237, 88552)
(295, 239, 78487)
(295, 61, 78044)
(295, 190, 24768)
(295, 114, 81588)
(295, 53, 2093)
(295, 191, 2534)
(295, 285, 89373)
(295, 71, 82161)
(295, 122, 52257)
(295, 222, 74449)
(295, 271, 5594)
(295, 288, 4926)
(295, 195, 82279)
(295, 182, 45244)
(295, 25, 93311)
(295, 253, 83288)
(295, 269, 66582)
(295, 87, 63505)
(295, 198, 46896)
(295, 234, 44078)
(295, 4, 34541)
(295, 123, 81414)
(295, 275, 99498)
(295, 282, 38224)
(295, 232, 24233)
(295, 148, 38606)
(295, 159, 22978)
(295, 224, 51541)
(295, 292, 68622)
(295, 9, 61255)
(295, 254, 15980)
(295, 185, 92352)
(295, 113, 18284)
(295, 89, 76989)
(295, 293, 32215)
(295, 92, 19555)
(295, 118, 50352)
(295, 83, 88343)
(295, 228, 16462)
(295, 20, 57285)
(295, 215, 49878)
(295, 5, 24802)
(295, 168, 9607)
(295, 69, 3027)
(295, 77, 22659)
(295, 204, 91352)
(295, 187, 79616)
(295, 284, 36202)
(295, 203, 76712)
(295, 1, 20455)
(295, 52, 16811)
(295, 11, 63465)
(295, 184, 47077)
(295, 216, 97905)
(295, 127, 89682)
(295, 272, 34634)
(295, 74, 46377)
(295, 177, 70185)
(295, 249, 25761)
(295, 110, 52280)
(295, 35, 44902)
(295, 155, 81269)
(295, 283, 79531)
(295, 7, 36395)
(295, 176, 87701)
(295, 233, 50732)
(295, 63, 98657)
(295, 210, 38456)
(295, 10, 6739)
(295, 278, 74397)
(295, 47, 25494)
(295, 202, 71407)
(295, 208, 48034)
(295, 73, 26955)
(295, 48, 17324)
(296, 248, 54061)
(296, 250, 14409)
(296, 74, 13065)
(296, 185, 74561)
(296, 277, 45706)
(296, 64, 23948)
(296, 13, 60605)
(296, 85, 62715)
(296, 1, 7654)
(296, 65, 86336)
(296, 77, 97809)
(296, 178, 8357)
(296, 176, 44168)
(296, 186, 7356)
(296, 281, 44977)
(296, 267, 51471)
(296, 211, 65215)
(296, 148, 7444)
(296, 120, 11579)
(296, 221, 83502)
(296, 123, 96449)
(296, 175, 75992)
(296, 241, 51903)
(296, 157, 63467)
(296, 203, 80323)
(296, 216, 37122)
(296, 236, 25718)
(296, 145, 8027)
(296, 146, 45979)
(296, 121, 8105)
(296, 34, 21767)
(296, 52, 23652)
(296, 242, 24099)
(296, 133, 81735)
(296, 105, 41515)
(296, 128, 14534)
(296, 63, 39177)
(296, 147, 431)
(296, 39, 29042)
(296, 35, 63309)
(296, 258, 5463)
(296, 43, 16805)
(296, 212, 99917)
(296, 136, 20365)
(296, 269, 85729)
(296, 278, 35920)
(296, 113, 62719)
(296, 288, 10668)
(296, 197, 88769)
(296, 249, 28767)
(296, 8, 66763)
(296, 205, 94959)
(296, 143, 54525)
(296, 102, 88110)
(296, 67, 94825)
(296, 18, 87072)
(296, 81, 51493)
(296, 115, 13832)
(296, 19, 55580)
(296, 24, 13270)
(296, 218, 38626)
(296, 195, 91760)
(296, 132, 40312)
(296, 100, 38843)
(296, 10, 40210)
(296, 162, 86285)
(296, 225, 35852)
(296, 163, 58740)
(296, 130, 21881)
(296, 191, 65380)
(296, 150, 90137)
(296, 42, 32042)
(296, 134, 44426)
(296, 247, 3584)
(296, 294, 67896)
(296, 68, 93108)
(296, 28, 26883)
(296, 58, 82242)
(296, 219, 37628)
(296, 152, 43963)
(296, 280, 79075)
(296, 87, 15224)
(296, 119, 23183)
(296, 252, 99535)
(296, 177, 28565)
(296, 62, 66650)
(296, 292, 9835)
(296, 61, 20271)
(296, 222, 70451)
(296, 90, 12242)
(296, 50, 64368)
(296, 167, 75943)
(296, 226, 33135)
(296, 117, 12985)
(296, 215, 54077)
(296, 20, 47981)
(296, 290, 20433)
(296, 111, 96907)
(296, 57, 40253)
(296, 23, 84884)
(296, 125, 51739)
(296, 169, 29758)
(296, 153, 1190)
(296, 149, 43302)
(296, 262, 64759)
(296, 131, 2697)
(296, 139, 78869)
(296, 70, 84925)
(296, 232, 2468)
(296, 129, 25874)
(296, 256, 559)
(296, 154, 36377)
(296, 180, 42036)
(296, 231, 7909)
(296, 138, 23785)
(296, 6, 12810)
(296, 230, 19041)
(296, 109, 85170)
(296, 25, 32545)
(296, 40, 89646)
(296, 82, 81751)
(296, 275, 2932)
(296, 164, 4449)
(296, 141, 61934)
(296, 27, 42091)
(296, 287, 30323)
(296, 161, 9211)
(296, 201, 63844)
(296, 95, 10831)
(296, 99, 35947)
(296, 89, 55215)
(296, 243, 76143)
(296, 12, 55481)
(296, 223, 67690)
(296, 209, 99396)
(296, 208, 23622)
(296, 79, 67833)
(296, 116, 85922)
(296, 179, 59207)
(296, 107, 27342)
(296, 112, 75503)
(296, 72, 72871)
(296, 56, 40201)
(296, 204, 49430)
(296, 59, 72535)
(296, 135, 49118)
(296, 93, 1482)
(296, 266, 38578)
(296, 103, 31806)
(296, 155, 4254)
(296, 245, 2963)
(296, 255, 33889)
(296, 127, 9598)
(296, 22, 30674)
(296, 118, 97385)
(296, 55, 53958)
(296, 202, 48315)
(296, 214, 93712)
(296, 182, 18459)
(296, 220, 89961)
(296, 66, 82532)
(296, 26, 90459)
(296, 124, 25545)
(296, 253, 93732)
(296, 251, 81139)
(296, 270, 2754)
(296, 4, 85536)
(296, 196, 34656)
(296, 30, 19293)
(296, 293, 39121)
(296, 33, 21445)
(296, 188, 68573)
(296, 51, 48373)
(296, 84, 92911)
(296, 273, 24498)
(296, 29, 11335)
(296, 181, 42452)
(296, 259, 49742)
(296, 160, 23213)
(296, 235, 40277)
(296, 268, 39636)
(296, 159, 65795)
(296, 60, 91043)
(296, 210, 68945)
(296, 92, 91557)
(296, 142, 69248)
(296, 86, 91264)
(296, 289, 18634)
(296, 104, 95307)
(296, 246, 54154)
(296, 144, 47665)
(296, 279, 78327)
(296, 283, 93236)
(296, 41, 14572)
(296, 200, 42607)
(296, 38, 82173)
(296, 257, 69296)
(296, 276, 7064)
(296, 272, 89753)
(296, 240, 19159)
(296, 265, 27337)
(296, 46, 99459)
(296, 173, 2424)
(296, 227, 99514)
(296, 229, 42833)
(296, 184, 89460)
(296, 17, 23762)
(296, 194, 22472)
(296, 0, 31205)
(296, 9, 65124)
(296, 172, 83178)
(296, 73, 63580)
(296, 16, 87223)
(296, 126, 77751)
(296, 207, 937)
(296, 158, 71108)
(296, 234, 649)
(296, 213, 31722)
(296, 174, 31432)
(296, 78, 75115)
(296, 156, 96635)
(296, 83, 69328)
(296, 206, 41176)
(296, 7, 351)
(296, 264, 28124)
(296, 183, 59424)
(296, 21, 74490)
(296, 2, 63977)
(296, 45, 97959)
(296, 190, 95137)
(296, 217, 66663)
(296, 11, 18797)
(296, 170, 85409)
(296, 108, 31043)
(296, 168, 72038)
(296, 233, 34829)
(296, 14, 78483)
(296, 261, 64939)
(296, 36, 56791)
(296, 97, 100147)
(296, 137, 87568)
(296, 15, 14351)
(296, 5, 72040)
(296, 166, 20438)
(296, 122, 62838)
(296, 31, 92247)
(296, 140, 36108)
(296, 285, 19222)
(296, 106, 39588)
(296, 239, 54978)
(296, 228, 18934)
(296, 48, 42196)
(296, 110, 25214)
(296, 189, 55062)
(296, 98, 22908)
(296, 244, 86002)
(296, 187, 86917)
(296, 193, 23742)
(296, 37, 24087)
(296, 198, 69320)
(296, 44, 32768)
(296, 54, 43521)
(296, 274, 53321)
(296, 96, 88464)
(296, 76, 225)
(296, 263, 11936)
(296, 91, 84976)
(296, 69, 19238)
(296, 75, 76555)
(296, 271, 5732)
(296, 260, 32116)
(296, 284, 16470)
(296, 94, 77680)
(296, 238, 46274)
(296, 295, 55159)
(297, 94, 38471)
(297, 60, 69117)
(297, 117, 14809)
(297, 255, 83983)
(297, 11, 98775)
(297, 262, 57890)
(297, 277, 99012)
(297, 13, 15357)
(297, 143, 39776)
(297, 47, 78288)
(297, 44, 48442)
(297, 283, 37834)
(297, 261, 55898)
(297, 122, 81066)
(297, 25, 47829)
(297, 3, 85)
(297, 51, 32397)
(297, 59, 10730)
(297, 237, 98612)
(297, 156, 56965)
(297, 158, 5672)
(297, 226, 14910)
(297, 275, 28915)
(297, 98, 68495)
(297, 190, 56877)
(297, 210, 5205)
(297, 80, 38058)
(297, 153, 83717)
(297, 18, 72397)
(297, 195, 22535)
(297, 6, 73289)
(297, 207, 42412)
(297, 27, 5354)
(297, 115, 98728)
(297, 174, 19054)
(297, 224, 7838)
(297, 14, 55842)
(297, 172, 34029)
(297, 64, 20648)
(297, 282, 57471)
(297, 24, 482)
(297, 120, 39402)
(297, 43, 94619)
(297, 129, 20643)
(297, 127, 91094)
(297, 197, 87471)
(297, 292, 41762)
(297, 132, 69827)
(297, 75, 30616)
(297, 41, 58064)
(297, 235, 90889)
(297, 150, 82859)
(297, 287, 27788)
(297, 296, 2315)
(297, 67, 99421)
(297, 253, 33370)
(297, 176, 75597)
(297, 248, 44320)
(297, 279, 90373)
(297, 161, 28507)
(298, 1, 58659)
(298, 129, 51105)
(298, 159, 18046)
(298, 221, 84315)
(298, 88, 65604)
(298, 50, 38587)
(298, 78, 13039)
(298, 53, 49911)
(298, 91, 32030)
(298, 248, 67572)
(298, 296, 15732)
(298, 93, 74889)
(298, 23, 40426)
(298, 276, 46496)
(298, 97, 27892)
(298, 144, 89084)
(298, 205, 49429)
(298, 229, 88282)
(298, 67, 30558)
(298, 241, 4518)
(298, 188, 82737)
(298, 295, 6701)
(298, 27, 35869)
(298, 288, 74188)
(298, 228, 79764)
(298, 161, 23923)
(298, 33, 36003)
(298, 73, 44021)
(298, 135, 10513)
(298, 69, 62533)
(298, 284, 66328)
(298, 32, 93298)
(298, 86, 22679)
(298, 141, 15503)
(298, 290, 60323)
(298, 158, 18501)
(298, 45, 78661)
(298, 113, 43674)
(298, 68, 28760)
(298, 130, 35230)
(298, 43, 34224)
(298, 168, 6947)
(298, 109, 98982)
(298, 231, 81661)
(298, 214, 16654)
(298, 277, 98841)
(298, 122, 57724)
(298, 90, 65578)
(298, 166, 58600)
(298, 13, 95852)
(298, 249, 69275)
(298, 25, 15260)
(298, 253, 43570)
(298, 237, 91880)
(298, 61, 73912)
(298, 98, 57437)
(298, 252, 39373)
(298, 80, 47642)
(298, 63, 18734)
(298, 258, 65886)
(298, 11, 7845)
(298, 169, 75466)
(298, 49, 69219)
(298, 84, 290)
(298, 187, 44313)
(298, 271, 76961)
(298, 174, 14855)
(298, 99, 70577)
(298, 132, 40728)
(298, 213, 72913)
(298, 220, 8029)
(298, 186, 97496)
(298, 14, 377)
(298, 270, 27898)
(298, 143, 50586)
(298, 217, 36864)
(298, 131, 64628)
(298, 75, 82505)
(298, 6, 79124)
(298, 283, 56968)
(298, 165, 70076)
(298, 246, 2224)
(298, 147, 81603)
(298, 211, 79161)
(298, 226, 54973)
(298, 92, 98623)
(298, 8, 48691)
(298, 34, 62143)
(298, 95, 75728)
(298, 210, 63388)
(298, 194, 100055)
(298, 163, 42044)
(298, 40, 66682)
(298, 133, 59088)
(298, 145, 76772)
(298, 250, 86462)
(298, 256, 36490)
(298, 56, 19692)
(298, 275, 87610)
(298, 30, 91872)
(298, 26, 28283)
(298, 108, 14986)
(298, 208, 74596)
(298, 156, 84891)
(298, 64, 81459)
(298, 18, 49312)
(298, 44, 12770)
(298, 10, 43994)
(298, 60, 67850)
(298, 240, 69292)
(298, 126, 14347)
(298, 243, 93728)
(298, 16, 68070)
(298, 48, 81605)
(298, 123, 80343)
(298, 224, 39547)
(298, 293, 62714)
(298, 136, 84041)
(298, 222, 22849)
(298, 72, 97519)
(298, 101, 23178)
(298, 151, 53379)
(298, 164, 20222)
(298, 70, 5993)
(298, 12, 32019)
(298, 207, 76123)
(298, 230, 63314)
(298, 76, 59233)
(298, 204, 76466)
(298, 245, 45462)
(298, 191, 25921)
(298, 212, 39898)
(298, 280, 863)
(298, 239, 24486)
(298, 110, 91657)
(298, 257, 72988)
(298, 139, 31921)
(298, 259, 59315)
(298, 155, 27485)
(298, 267, 29304)
(298, 279, 13471)
(298, 287, 28630)
(298, 218, 24926)
(298, 74, 15009)
(298, 157, 77338)
(298, 177, 94381)
(298, 117, 35192)
(298, 0, 23722)
(298, 62, 17457)
(298, 247, 14486)
(298, 20, 84916)
(298, 236, 70745)
(298, 234, 72842)
(298, 103, 44844)
(298, 183, 18760)
(298, 227, 13477)
(298, 178, 98368)
(298, 140, 90844)
(298, 125, 45797)
(298, 82, 22949)
(298, 269, 27765)
(298, 215, 67332)
(298, 66, 55650)
(298, 278, 64023)
(298, 189, 85937)
(298, 181, 16998)
(298, 192, 77753)
(298, 19, 68492)
(298, 238, 29801)
(298, 201, 81860)
(298, 206, 70078)
(298, 261, 71449)
(298, 199, 6115)
(298, 65, 93589)
(298, 106, 100054)
(298, 297, 9169)
(298, 24, 90818)
(298, 4, 16438)
(298, 107, 66712)
(298, 291, 47021)
(298, 37, 34764)
(298, 121, 95078)
(298, 128, 91408)
(298, 149, 27339)
(298, 115, 29523)
(298, 195, 51406)
(298, 15, 22258)
(298, 262, 65790)
(298, 219, 48226)
(298, 57, 62874)
(298, 266, 69451)
(298, 154, 9815)
(298, 87, 99330)
(298, 52, 59869)
(298, 200, 178)
(298, 281, 82885)
(298, 180, 77727)
(298, 289, 38125)
(298, 198, 24317)
(298, 179, 92206)
(298, 193, 86216)
(298, 182, 46062)
(298, 71, 88224)
(298, 160, 64877)
(298, 102, 57252)
(298, 152, 24853)
(298, 255, 19989)
(298, 294, 96809)
(298, 127, 42998)
(298, 235, 55121)
(298, 263, 8391)
(298, 268, 59810)
(298, 225, 80266)
(298, 170, 24689)
(298, 190, 55778)
(298, 58, 63568)
(298, 150, 42839)
(298, 111, 96633)
(298, 202, 25197)
(298, 124, 65240)
(298, 42, 42424)
(298, 94, 19840)
(299, 194, 98931)
(299, 256, 19612)
(299, 260, 24749)
(299, 227, 89034)
(299, 150, 35555)
(299, 176, 29410)
(299, 157, 91255)
(299, 57, 66092)
(299, 1, 1435)
(299, 249, 2761)
(299, 153, 16426)
(299, 238, 31720)
(299, 175, 10475)
(299, 217, 810)
(299, 70, 10095)
(299, 226, 79314)
(299, 212, 31731)
(300, 266, 14421)
(300, 224, 87996)
(300, 245, 25058)
(300, 28, 20831)
(300, 225, 818)
(300, 158, 88068)
(300, 5, 27066)
(300, 232, 86639)
(300, 108, 96144)
(300, 87, 45982)
(300, 75, 13316)
(300, 80, 78932)
(300, 57, 22296)
(300, 165, 68053)
(300, 293, 4134)
(300, 86, 47371)
(300, 202, 22800)
(300, 114, 56520)
(300, 44, 64350)
(300, 119, 87858)
(300, 99, 42897)
(300, 162, 32689)
(300, 54, 98108)
(300, 206, 43264)
(300, 275, 96803)
(300, 124, 98674)
(300, 66, 7163)
(300, 195, 43006)
(300, 11, 35256)
(300, 257, 32358)
(300, 97, 98952)
(300, 33, 51856)
(300, 296, 66343)
(300, 67, 17520)
(300, 271, 22938)
(300, 286, 40476)
(300, 141, 6990)
(300, 155, 63896)
(300, 120, 60060)
(300, 255, 16698)
(301, 236, 82375)
(301, 289, 99395)
(301, 296, 11091)
(301, 244, 1761)
(301, 122, 12351)
(301, 176, 45112)
(301, 269, 41489)
(301, 295, 62640)
(301, 184, 59352)
(301, 109, 939)
(301, 123, 30009)
(301, 82, 11733)
(301, 91, 17604)
(301, 34, 87783)
(301, 177, 85982)
(301, 77, 1925)
(301, 231, 80382)
(301, 210, 62229)
(301, 153, 86944)
(301, 276, 83624)
(301, 203, 33771)
(301, 164, 31985)
(301, 114, 11710)
(301, 294, 39350)
(301, 31, 43028)
(301, 151, 63156)
(301, 175, 20053)
(301, 207, 22222)
(301, 159, 56182)
(301, 139, 84017)
(301, 106, 32094)
(301, 149, 34878)
(301, 215, 31834)
(301, 240, 65764)
(301, 96, 13517)
(301, 227, 55470)
(301, 128, 33326)
(301, 237, 74216)
(301, 54, 53687)
(301, 32, 81680)
(301, 298, 88104)
(301, 188, 94730)
(301, 40, 22607)
(301, 211, 23594)
(301, 75, 68500)
(301, 119, 30923)
(301, 217, 24773)
(301, 120, 43402)
(301, 243, 1366)
(301, 183, 23397)
(301, 300, 3360)
(301, 50, 44746)
(301, 84, 22401)
(301, 288, 10231)
(301, 152, 10129)
(301, 155, 94728)
(301, 200, 12746)
(301, 267, 72361)
(301, 193, 26687)
(301, 165, 88380)
(301, 14, 20740)
(301, 41, 14629)
(301, 95, 53641)
(301, 250, 97460)
(301, 299, 56261)
(301, 230, 70208)
(301, 100, 93808)
(301, 256, 70535)
(301, 171, 23105)
(301, 98, 33310)
(301, 293, 25679)
(301, 36, 39028)
(301, 28, 67639)
(301, 259, 4884)
(301, 89, 30402)
(301, 55, 42655)
(301, 143, 22794)
(301, 185, 49740)
(301, 251, 7543)
(301, 138, 77141)
(301, 42, 84181)
(301, 126, 51820)
(301, 219, 24357)
(301, 285, 5043)
(301, 291, 80221)
(301, 53, 77998)
(301, 284, 67421)
(301, 13, 43226)
(301, 132, 44022)
(301, 279, 82126)
(301, 209, 3995)
(301, 261, 14919)
(301, 7, 4375)
(301, 234, 21494)
(301, 205, 61942)
(301, 66, 98974)
(301, 90, 69270)
(301, 190, 72644)
(301, 115, 14592)
(301, 180, 14261)
(301, 221, 34485)
(301, 116, 63312)
(301, 125, 74229)
(301, 74, 39541)
(301, 247, 56646)
(301, 56, 34434)
(301, 76, 70914)
(301, 186, 94767)
(301, 163, 25811)
(301, 246, 92034)
(301, 271, 82688)
(301, 224, 12455)
(301, 111, 67682)
(301, 148, 39031)
(301, 108, 6186)
(301, 127, 80455)
(301, 141, 39367)
(301, 253, 36446)
(301, 197, 65466)
(301, 213, 12279)
(301, 118, 28880)
(301, 30, 18654)
(301, 130, 2525)
(301, 87, 89056)
(301, 59, 56713)
(301, 187, 40547)
(301, 43, 75796)
(301, 88, 44189)
(301, 226, 11583)
(301, 9, 44406)
(301, 15, 19455)
(301, 166, 77677)
(301, 192, 11037)
(301, 290, 39019)
(301, 158, 74891)
(301, 255, 34177)
(301, 135, 56905)
(301, 6, 980)
(301, 144, 28080)
(301, 131, 43791)
(301, 225, 74728)
(301, 129, 41091)
(301, 167, 38067)
(301, 22, 96277)
(301, 202, 54043)
(301, 262, 44143)
(301, 270, 30578)
(301, 145, 28987)
(301, 195, 10685)
(301, 286, 78475)
(301, 49, 39220)
(301, 81, 75382)
(301, 239, 36843)
(301, 241, 30260)
(301, 287, 48)
(301, 214, 72132)
(301, 121, 87821)
(301, 150, 3281)
(301, 39, 84941)
(301, 73, 17181)
(301, 79, 31058)
(301, 27, 91584)
(301, 266, 85368)
(301, 80, 56130)
(301, 47, 29323)
(301, 275, 40110)
(301, 196, 93336)
(301, 101, 28898)
(301, 60, 52758)
(301, 104, 32922)
(301, 26, 4595)
(301, 48, 69607)
(301, 23, 50987)
(301, 21, 66617)
(301, 283, 84932)
(301, 194, 84513)
(301, 274, 16919)
(301, 292, 91768)
(301, 107, 31991)
(301, 57, 35949)
(301, 229, 53756)
(301, 24, 20557)
(301, 63, 7479)
(301, 235, 74534)
(301, 67, 86461)
(301, 222, 64262)
(301, 272, 69127)
(301, 38, 8632)
(301, 142, 68656)
(301, 86, 35662)
(301, 17, 36928)
(301, 134, 92183)
(301, 233, 44331)
(301, 263, 31025)
(301, 228, 30430)
(301, 140, 15193)
(301, 216, 34730)
(301, 99, 49084)
(301, 282, 42225)
(301, 201, 70694)
(301, 182, 98047)
(301, 124, 29228)
(301, 281, 56821)
(301, 37, 32324)
(301, 178, 21163)
(301, 245, 37718)
(301, 198, 29299)
(301, 174, 35705)
(301, 52, 24036)
(301, 260, 83922)
(301, 18, 19785)
(301, 248, 29493)
(301, 208, 68099)
(301, 191, 29677)
(301, 162, 90507)
(301, 33, 2690)
(301, 169, 79023)
(301, 110, 89204)
(301, 5, 27356)
(301, 0, 46605)
(301, 223, 36297)
(301, 156, 99343)
(301, 92, 62984)
(301, 220, 6079)
(301, 137, 35746)
(301, 44, 51250)
(301, 51, 87612)
(301, 189, 76909)
(301, 85, 23017)
(301, 264, 43023)
(301, 113, 4091)
(301, 64, 33430)
(301, 61, 58035)
(301, 72, 10785)
(301, 68, 521)
(301, 70, 10713)
(301, 242, 62178)
(301, 257, 81295)
(301, 146, 38340)
(301, 19, 90522)
(301, 179, 60443)
(301, 160, 92602)
(301, 265, 68952)
(301, 278, 91370)
(301, 78, 81290)
(301, 2, 40713)
(301, 199, 44295)
(301, 10, 90730)
(301, 133, 10874)
(301, 62, 51639)
(301, 254, 91684)
(301, 4, 44407)
(301, 232, 97133)
(301, 249, 11262)
(301, 157, 2926)
(301, 112, 76575)
(301, 69, 82435)
(301, 3, 74483)
(301, 93, 23658)
(301, 94, 25792)
(301, 273, 84939)
(301, 268, 79185)
(301, 181, 81357)
(301, 20, 94804)
(301, 212, 79392)
(301, 45, 11950)
(301, 154, 34328)
(301, 170, 231)
(301, 8, 8940)
(301, 161, 8901)
(301, 172, 475)
(301, 238, 100032)
(301, 65, 36845)
(301, 71, 30613)
(301, 277, 39720)
(301, 1, 99988)
(301, 103, 29324)
(301, 25, 67814)
(301, 102, 20095)
(301, 204, 42844)
(301, 83, 10887)
(301, 35, 13241)
(301, 46, 93553)
(301, 117, 81193)
(301, 105, 63936)
(301, 297, 53261)
(301, 11, 21467)
(301, 252, 73640)
(302, 14, 30848)
(302, 245, 37013)
(302, 214, 14295)
(302, 49, 55615)
(302, 290, 80884)
(302, 162, 56393)
(302, 70, 8851)
(302, 255, 42471)
(302, 232, 5700)
(302, 298, 65598)
(302, 192, 48848)
(302, 283, 10462)
(302, 279, 44073)
(302, 275, 90020)
(302, 124, 27191)
(302, 66, 87335)
(302, 12, 32314)
(302, 297, 95719)
(302, 158, 16639)
(302, 171, 52120)
(302, 40, 70881)
(302, 223, 76415)
(302, 39, 58063)
(302, 25, 53249)
(302, 222, 91903)
(302, 152, 60964)
(302, 265, 100278)
(302, 231, 34513)
(302, 174, 66422)
(302, 151, 86790)
(302, 9, 5409)
(302, 7, 88344)
(302, 226, 90003)
(302, 132, 65189)
(302, 201, 68589)
(302, 202, 72379)
(302, 282, 75369)
(302, 247, 84542)
(302, 248, 6328)
(302, 17, 68940)
(302, 50, 37169)
(302, 82, 55161)
(302, 238, 50909)
(302, 219, 14583)
(302, 271, 15826)
(302, 47, 10878)
(302, 35, 94736)
(302, 243, 40125)
(302, 266, 94530)
(302, 240, 58264)
(302, 205, 77976)
(302, 256, 54017)
(302, 53, 28206)
(302, 165, 68131)
(302, 101, 36353)
(302, 142, 38788)
(302, 212, 96680)
(302, 37, 31575)
(302, 179, 53578)
(302, 106, 26659)
(302, 154, 48550)
(302, 96, 11838)
(302, 180, 11736)
(302, 169, 46889)
(302, 269, 52396)
(302, 5, 27847)
(302, 21, 1148)
(302, 194, 26723)
(302, 213, 8005)
(302, 191, 35681)
(302, 80, 95545)
(302, 184, 79008)
(302, 199, 15645)
(302, 90, 33314)
(302, 278, 30857)
(302, 188, 7952)
(302, 121, 6734)
(302, 210, 63816)
(302, 93, 79810)
(302, 153, 45299)
(302, 242, 65209)
(302, 120, 21788)
(302, 196, 86994)
(302, 130, 55624)
(302, 295, 76578)
(302, 185, 90564)
(302, 252, 50160)
(302, 195, 20149)
(302, 135, 30458)
(302, 289, 98370)
(302, 257, 17555)
(302, 32, 16642)
(302, 107, 64357)
(302, 181, 77301)
(302, 211, 97064)
(302, 86, 16672)
(302, 207, 98642)
(302, 270, 46851)
(302, 215, 61489)
(302, 30, 58061)
(302, 204, 35566)
(302, 155, 91040)
(302, 83, 66925)
(302, 10, 40431)
(302, 68, 20811)
(302, 138, 92926)
(302, 13, 67933)
(302, 141, 94280)
(302, 22, 80934)
(302, 89, 74795)
(302, 52, 91763)
(302, 164, 62279)
(302, 280, 5971)
(302, 293, 30981)
(302, 187, 40388)
(302, 268, 17839)
(302, 277, 60464)
(302, 15, 7024)
(302, 119, 92817)
(302, 51, 10572)
(302, 294, 7753)
(302, 128, 34247)
(302, 253, 48834)
(302, 33, 57739)
(302, 143, 17671)
(302, 117, 19020)
(302, 118, 35401)
(302, 26, 13713)
(302, 197, 5858)
(302, 159, 28239)
(302, 182, 26026)
(302, 18, 83570)
(302, 64, 52661)
(302, 92, 68402)
(302, 147, 95694)
(302, 145, 84055)
(302, 190, 85377)
(302, 76, 52976)
(302, 60, 63780)
(302, 54, 92908)
(302, 69, 13268)
(302, 160, 6791)
(302, 73, 78573)
(302, 218, 8657)
(302, 291, 27439)
(302, 98, 52756)
(302, 272, 48858)
(302, 216, 50102)
(302, 48, 16556)
(302, 65, 66197)
(302, 235, 62073)
(302, 81, 48785)
(302, 287, 94425)
(302, 34, 29017)
(302, 136, 69550)
(302, 166, 94797)
(302, 260, 35301)
(302, 225, 3610)
(302, 189, 9532)
(302, 217, 16910)
(302, 110, 27984)
(302, 249, 75101)
(302, 11, 47622)
(302, 170, 69659)
(302, 200, 78458)
(302, 244, 74242)
(302, 38, 92335)
(302, 2, 18252)
(302, 45, 18359)
(302, 133, 24634)
(302, 57, 90031)
(302, 62, 21734)
(302, 234, 1594)
(302, 262, 58273)
(302, 167, 96393)
(302, 102, 75171)
(302, 77, 16425)
(302, 108, 37488)
(302, 176, 89425)
(302, 173, 35222)
(302, 239, 35835)
(302, 284, 70838)
(302, 228, 20497)
(302, 148, 6020)
(302, 16, 78864)
(302, 288, 55509)
(302, 78, 2866)
(302, 299, 50887)
(302, 88, 10329)
(302, 131, 5854)
(302, 146, 10710)
(302, 36, 97690)
(302, 43, 69063)
(302, 274, 87536)
(302, 8, 34053)
(302, 264, 57347)
(302, 161, 40830)
(302, 23, 88208)
(302, 144, 12891)
(302, 4, 41135)
(302, 224, 77133)
(302, 113, 26940)
(302, 55, 25282)
(302, 75, 23097)
(302, 286, 71043)
(302, 115, 1712)
(302, 24, 86257)
(302, 178, 35552)
(302, 203, 84010)
(302, 111, 21158)
(302, 209, 92966)
(302, 137, 33287)
(302, 84, 11068)
(302, 109, 80175)
(302, 267, 54780)
(302, 198, 12542)
(302, 112, 47485)
(302, 46, 34812)
(302, 292, 76620)
(302, 44, 6727)
(302, 6, 45476)
(302, 246, 43104)
(302, 87, 14539)
(302, 139, 79629)
(302, 42, 42290)
(302, 183, 22634)
(302, 123, 46150)
(302, 227, 42207)
(302, 41, 19316)
(302, 233, 64895)
(302, 157, 40810)
(303, 274, 84301)
(303, 176, 84157)
(303, 284, 68301)
(303, 239, 21602)
(303, 234, 12546)
(303, 31, 69395)
(303, 249, 11116)
(303, 78, 100104)
(303, 98, 131)
(303, 175, 16745)
(303, 36, 42375)
(303, 40, 9850)
(303, 94, 9619)
(303, 151, 45464)
(303, 130, 92557)
(303, 181, 85334)
(303, 255, 21271)
(303, 241, 21027)
(303, 18, 72608)
(303, 156, 13384)
(303, 109, 74974)
(303, 277, 90534)
(303, 182, 55352)
(303, 117, 24719)
(303, 236, 53584)
(303, 83, 58762)
(303, 197, 33017)
(303, 281, 44929)
(303, 124, 19542)
(303, 120, 26748)
(303, 100, 10657)
(303, 33, 39868)
(303, 192, 17680)
(303, 147, 79412)
(303, 219, 92680)
(303, 200, 7969)
(303, 84, 20924)
(303, 292, 43679)
(303, 5, 34590)
(303, 3, 79508)
(303, 287, 66362)
(303, 250, 83805)
(303, 279, 92496)
(303, 49, 11077)
(303, 159, 52264)
(303, 9, 28049)
(303, 32, 35396)
(303, 251, 42178)
(303, 89, 5489)
(303, 266, 49874)
(303, 137, 47214)
(303, 215, 41106)
(303, 51, 32180)
(303, 171, 40579)
(303, 73, 51029)
(303, 45, 43834)
(303, 180, 28185)
(303, 237, 93198)
(303, 112, 17074)
(303, 143, 19941)
(303, 25, 36659)
(303, 216, 95200)
(303, 210, 48163)
(303, 226, 426)
(303, 214, 25954)
(303, 39, 69160)
(303, 119, 18225)
(303, 191, 12587)
(303, 199, 52512)
(303, 209, 35674)
(303, 177, 98800)
(303, 92, 97736)
(303, 293, 98239)
(303, 204, 3469)
(303, 65, 96770)
(303, 235, 48927)
(303, 262, 37495)
(303, 125, 38878)
(303, 259, 57929)
(303, 142, 3012)
(303, 264, 53542)
(303, 153, 54982)
(303, 134, 13712)
(303, 22, 37065)
(303, 221, 68807)
(303, 91, 11388)
(303, 165, 98693)
(303, 56, 10838)
(303, 189, 20200)
(303, 99, 37262)
(303, 28, 6431)
(303, 80, 18126)
(303, 152, 68678)
(303, 41, 60666)
(303, 2, 66453)
(303, 85, 19057)
(303, 19, 11214)
(303, 230, 66457)
(303, 150, 36819)
(303, 211, 66067)
(303, 145, 16844)
(303, 81, 18872)
(303, 110, 34978)
(303, 233, 22806)
(303, 108, 40189)
(303, 123, 96704)
(303, 71, 99325)
(303, 146, 80050)
(303, 261, 34497)
(303, 101, 97953)
(303, 27, 43396)
(303, 195, 9244)
(303, 34, 85592)
(303, 178, 52265)
(303, 265, 32952)
(303, 13, 29626)
(303, 35, 62732)
(303, 113, 11025)
(303, 225, 88160)
(303, 207, 9137)
(303, 278, 61814)
(303, 296, 71155)
(303, 132, 31777)
(303, 58, 10832)
(303, 272, 35804)
(303, 68, 73062)
(303, 127, 64916)
(303, 179, 53078)
(303, 52, 71030)
(303, 196, 5164)
(303, 135, 67754)
(303, 245, 49427)
(303, 301, 18900)
(303, 116, 35874)
(303, 131, 54440)
(303, 186, 54409)
(303, 203, 23705)
(303, 29, 19181)
(303, 161, 57498)
(303, 50, 38821)
(303, 289, 75800)
(303, 202, 27716)
(303, 38, 49423)
(303, 294, 44967)
(303, 290, 12888)
(303, 47, 5688)
(303, 276, 65481)
(303, 23, 52223)
(303, 76, 96920)
(303, 166, 44973)
(303, 297, 21327)
(303, 60, 72531)
(303, 164, 44711)
(303, 144, 76819)
(303, 173, 92061)
(303, 223, 42100)
(303, 21, 83218)
(303, 136, 38190)
(303, 280, 72746)
(303, 267, 27299)
(303, 14, 3921)
(303, 242, 1029)
(303, 66, 58361)
(303, 42, 41865)
(303, 103, 72552)
(303, 139, 47691)
(303, 172, 24715)
(303, 64, 95187)
(303, 155, 66149)
(303, 217, 21941)
(303, 183, 22392)
(303, 8, 30410)
(303, 185, 43822)
(303, 248, 86276)
(303, 269, 99378)
(303, 246, 22456)
(303, 300, 3658)
(303, 26, 46421)
(303, 273, 74957)
(303, 93, 48006)
(303, 104, 67190)
(303, 111, 77388)
(303, 257, 80592)
(303, 75, 25648)
(303, 12, 56511)
(303, 169, 77569)
(303, 254, 72675)
(303, 122, 41448)
(303, 218, 48254)
(303, 252, 74235)
(303, 107, 51125)
(303, 258, 41929)
(303, 224, 12775)
(303, 55, 82651)
(303, 149, 45807)
(303, 270, 93465)
(303, 201, 18172)
(303, 63, 26482)
(303, 253, 22016)
(303, 54, 709)
(303, 206, 53358)
(303, 10, 67960)
(303, 205, 22069)
(303, 87, 95715)
(303, 67, 70801)
(303, 168, 18954)
(303, 86, 2948)
(303, 232, 12750)
(303, 285, 3780)
(303, 187, 696)
(303, 288, 53066)
(303, 88, 32620)
(303, 140, 88998)
(304, 80, 71175)
(304, 237, 42138)
(304, 130, 10452)
(304, 186, 37185)
(304, 160, 41510)
(304, 257, 21189)
(304, 109, 74381)
(304, 183, 94171)
(304, 96, 69711)
(304, 268, 60315)
(304, 43, 78691)
(304, 76, 27431)
(304, 291, 63044)
(304, 140, 59240)
(304, 215, 53463)
(304, 155, 2076)
(304, 258, 90248)
(304, 220, 36091)
(305, 61, 1230)
(305, 35, 27088)
(305, 275, 24258)
(305, 153, 52735)
(305, 203, 96265)
(305, 207, 71795)
(305, 103, 87974)
(305, 134, 85874)
(305, 225, 15592)
(305, 168, 92531)
(305, 294, 79913)
(305, 54, 42206)
(305, 219, 143)
(305, 177, 54329)
(305, 181, 54456)
(305, 255, 1719)
(305, 137, 93095)
(305, 47, 30111)
(305, 104, 62844)
(305, 221, 52233)
(305, 140, 70379)
(305, 216, 34741)
(305, 182, 53602)
(305, 265, 44815)
(305, 154, 5717)
(305, 191, 97797)
(305, 108, 54118)
(305, 12, 64857)
(305, 260, 12192)
(305, 31, 17139)
(305, 105, 4305)
(305, 5, 56998)
(305, 174, 91734)
(305, 176, 29458)
(305, 206, 13688)
(305, 3, 93796)
(305, 288, 70020)
(305, 128, 41552)
(305, 152, 96990)
(305, 242, 49622)
(305, 202, 63142)
(305, 144, 70903)
(305, 263, 73514)
(305, 1, 34788)
(305, 85, 6512)
(305, 231, 21876)
(305, 70, 87143)
(305, 173, 80845)
(305, 73, 78261)
(305, 269, 54879)
(305, 69, 42143)
(305, 167, 100151)
(305, 11, 58836)
(305, 68, 48286)
(305, 184, 74296)
(305, 249, 16984)
(305, 146, 27192)
(305, 59, 13931)
(305, 94, 5121)
(305, 233, 77310)
(305, 89, 17858)
(305, 26, 26756)
(305, 300, 70704)
(305, 232, 32218)
(305, 138, 17798)
(305, 16, 9038)
(305, 43, 23703)
(305, 36, 90566)
(305, 194, 88627)
(305, 295, 87132)
(305, 39, 75839)
(305, 79, 63787)
(305, 133, 48051)
(305, 235, 18104)
(305, 246, 72897)
(305, 237, 77684)
(305, 24, 85600)
(305, 131, 88291)
(305, 19, 61550)
(305, 253, 3282)
(305, 183, 53282)
(305, 115, 16888)
(305, 179, 39317)
(305, 41, 47711)
(305, 64, 71106)
(305, 267, 18904)
(305, 77, 33434)
(305, 272, 84585)
(305, 25, 6779)
(305, 244, 61583)
(305, 285, 66096)
(305, 57, 43423)
(305, 264, 14594)
(305, 287, 80557)
(305, 304, 89486)
(305, 238, 17102)
(305, 198, 13106)
(305, 88, 81965)
(305, 82, 94373)
(305, 297, 40999)
(305, 281, 47191)
(305, 205, 62373)
(305, 27, 14138)
(305, 65, 83762)
(305, 178, 3476)
(305, 34, 608)
(305, 303, 70646)
(305, 189, 96795)
(305, 132, 51041)
(305, 44, 25606)
(305, 136, 96054)
(305, 96, 40699)
(305, 148, 41781)
(305, 80, 48697)
(305, 90, 19040)
(305, 92, 70759)
(305, 72, 83745)
(305, 150, 52202)
(305, 126, 82130)
(305, 97, 17476)
(305, 215, 46124)
(305, 208, 90250)
(305, 270, 42220)
(305, 163, 79214)
(305, 226, 14481)
(305, 101, 52966)
(305, 145, 23052)
(305, 185, 21399)
(305, 218, 63346)
(305, 284, 12435)
(305, 195, 27931)
(305, 170, 79208)
(305, 224, 22723)
(305, 60, 62697)
(305, 38, 98129)
(305, 251, 24701)
(305, 55, 46018)
(305, 28, 80774)
(305, 175, 7804)
(305, 299, 61514)
(305, 48, 94075)
(305, 201, 88864)
(305, 199, 70864)
(305, 113, 94240)
(305, 188, 44747)
(305, 217, 37372)
(305, 33, 23392)
(305, 213, 57506)
(305, 149, 62751)
(305, 171, 99199)
(305, 160, 34363)
(305, 4, 19505)
(305, 71, 50373)
(305, 257, 65092)
(305, 141, 4250)
(305, 125, 88593)
(305, 91, 69132)
(305, 158, 8267)
(305, 164, 42736)
(305, 52, 57463)
(305, 214, 24668)
(305, 258, 85400)
(305, 266, 57340)
(305, 0, 82533)
(305, 209, 68906)
(305, 283, 51900)
(305, 29, 70771)
(305, 190, 61909)
(305, 278, 51967)
(305, 248, 40548)
(305, 245, 51)
(305, 229, 38525)
(305, 298, 28532)
(305, 241, 80378)
(305, 230, 89162)
(305, 100, 7904)
(305, 290, 14705)
(305, 6, 64762)
(305, 112, 33959)
(305, 161, 83098)
(305, 9, 70147)
(305, 110, 5828)
(305, 220, 55493)
(305, 74, 71791)
(305, 234, 58179)
(305, 102, 82455)
(305, 157, 19719)
(305, 81, 58839)
(305, 99, 72004)
(305, 17, 2299)
(305, 95, 37969)
(305, 120, 50550)
(305, 46, 598)
(305, 211, 98842)
(305, 291, 31229)
(305, 87, 56668)
(305, 240, 21677)
(306, 262, 13016)
(306, 241, 24084)
(306, 41, 87333)
(306, 288, 85077)
(306, 31, 84683)
(306, 89, 64243)
(306, 282, 15265)
(306, 302, 46290)
(306, 227, 93716)
(306, 260, 82751)
(306, 139, 15358)
(306, 181, 76568)
(306, 215, 57396)
(306, 26, 64650)
(306, 145, 43562)
(306, 76, 86922)
(306, 30, 74374)
(306, 191, 80907)
(306, 5, 35685)
(306, 87, 55158)
(306, 122, 95362)
(306, 3, 77454)
(306, 33, 39462)
(306, 67, 11135)
(306, 74, 87526)
(306, 23, 80925)
(306, 279, 96821)
(306, 111, 13285)
(306, 221, 65235)
(306, 17, 10444)
(306, 162, 273)
(306, 20, 1988)
(306, 32, 76829)
(306, 194, 86718)
(306, 53, 25409)
(306, 206, 21413)
(306, 73, 20593)
(306, 51, 42064)
(306, 268, 68284)
(306, 105, 70203)
(306, 24, 62126)
(306, 255, 66647)
(306, 258, 87163)
(306, 190, 75444)
(306, 249, 19515)
(306, 192, 41232)
(306, 244, 17571)
(306, 274, 3052)
(306, 264, 67023)
(306, 86, 22581)
(306, 62, 31249)
(306, 150, 787)
(306, 36, 84901)
(306, 136, 32431)
(306, 19, 68187)
(306, 180, 66837)
(306, 116, 36053)
(306, 68, 6184)
(306, 6, 30373)
(306, 164, 76220)
(306, 47, 20578)
(306, 8, 25160)
(306, 159, 49616)
(306, 98, 75726)
(306, 202, 96482)
(306, 233, 4907)
(306, 266, 25572)
(306, 72, 42632)
(306, 222, 6745)
(306, 265, 68472)
(306, 179, 76061)
(306, 269, 12502)
(306, 126, 72982)
(306, 134, 10071)
(306, 135, 19889)
(306, 273, 31610)
(306, 239, 55201)
(306, 77, 43062)
(306, 294, 6816)
(306, 177, 30913)
(306, 214, 14548)
(306, 304, 52775)
(306, 120, 39529)
(306, 12, 49040)
(306, 65, 48696)
(306, 114, 80681)
(306, 158, 69789)
(306, 287, 33952)
(306, 292, 34465)
(306, 286, 89282)
(306, 109, 57635)
(306, 146, 9118)
(306, 25, 60769)
(306, 173, 15237)
(306, 107, 49333)
(306, 132, 24907)
(306, 245, 90647)
(306, 45, 76746)
(306, 131, 62208)
(306, 14, 79445)
(306, 210, 52634)
(306, 2, 26244)
(306, 223, 93469)
(306, 71, 62086)
(306, 99, 65696)
(306, 115, 2285)
(306, 200, 33593)
(306, 237, 27608)
(306, 211, 1218)
(306, 251, 36284)
(306, 133, 63369)
(306, 83, 49050)
(306, 43, 68401)
(306, 209, 25344)
(306, 156, 28780)
(306, 21, 71629)
(306, 80, 80827)
(306, 176, 19611)
(306, 155, 41318)
(306, 106, 73533)
(306, 303, 96255)
(306, 174, 23765)
(306, 75, 83023)
(306, 195, 57540)
(306, 188, 48842)
(306, 113, 13904)
(306, 82, 70037)
(306, 152, 12943)
(306, 66, 99365)
(306, 138, 91961)
(306, 84, 38372)
(306, 300, 82224)
(306, 103, 33187)
(306, 238, 33550)
(306, 281, 62166)
(306, 285, 6139)
(306, 293, 62548)
(306, 276, 86489)
(306, 242, 30083)
(306, 63, 59825)
(306, 121, 22432)
(306, 39, 25595)
(306, 13, 87062)
(306, 148, 27760)
(306, 153, 6764)
(306, 216, 10709)
(306, 291, 60306)
(306, 1, 78797)
(306, 186, 35169)
(306, 183, 37284)
(306, 27, 10185)
(306, 123, 80361)
(306, 230, 61983)
(306, 125, 93534)
(306, 277, 90950)
(306, 172, 4772)
(306, 254, 66798)
(306, 225, 54685)
(306, 78, 17185)
(306, 57, 45923)
(306, 229, 29413)
(306, 272, 9646)
(306, 42, 19112)
(306, 278, 58959)
(306, 16, 98313)
(306, 110, 19564)
(306, 218, 2380)
(306, 40, 36094)
(306, 248, 83704)
(306, 253, 62441)
(306, 88, 76848)
(306, 149, 67594)
(306, 175, 89819)
(306, 204, 77291)
(306, 165, 88423)
(306, 143, 68)
(306, 137, 24584)
(306, 118, 8095)
(306, 169, 78099)
(306, 97, 90131)
(306, 154, 27448)
(306, 305, 91090)
(306, 259, 9074)
(306, 184, 59381)
(306, 100, 28440)
(306, 257, 88255)
(306, 52, 86777)
(306, 280, 9180)
(306, 219, 94022)
(306, 231, 77571)
(306, 85, 42673)
(306, 270, 96213)
(306, 298, 62866)
(306, 163, 50425)
(306, 11, 4235)
(306, 50, 52143)
(307, 65, 1510)
(307, 180, 31628)
(307, 207, 78621)
(307, 280, 64047)
(307, 11, 49074)
(307, 38, 7161)
(307, 35, 12536)
(307, 102, 76162)
(307, 222, 62387)
(307, 75, 69403)
(307, 176, 12816)
(307, 198, 79057)
(307, 97, 21754)
(307, 189, 57492)
(307, 12, 60585)
(307, 277, 99855)
(307, 213, 88181)
(307, 92, 24262)
(307, 144, 93558)
(307, 200, 64041)
(307, 203, 81729)
(307, 101, 37907)
(307, 294, 73722)
(307, 209, 93442)
(307, 184, 80586)
(307, 104, 79546)
(307, 210, 81336)
(307, 34, 9534)
(307, 148, 2674)
(307, 298, 25948)
(307, 39, 27662)
(307, 140, 57674)
(307, 305, 69920)
(307, 229, 23351)
(307, 60, 9662)
(307, 238, 98855)
(307, 247, 36220)
(307, 295, 17370)
(307, 249, 18712)
(307, 214, 2009)
(307, 37, 6296)
(307, 287, 27864)
(307, 188, 86194)
(307, 120, 82991)
(307, 292, 53670)
(307, 100, 75197)
(307, 122, 20531)
(307, 124, 61131)
(307, 186, 15427)
(307, 259, 97388)
(307, 74, 50810)
(307, 127, 89906)
(307, 282, 95523)
(307, 263, 21098)
(307, 205, 68250)
(307, 40, 63726)
(307, 291, 94285)
(307, 217, 57408)
(307, 254, 53309)
(307, 133, 70655)
(307, 143, 100202)
(307, 77, 62638)
(307, 178, 21520)
(307, 173, 89382)
(307, 255, 41948)
(307, 304, 87208)
(307, 273, 89017)
(307, 99, 58786)
(307, 159, 18656)
(307, 152, 94755)
(307, 67, 50737)
(307, 84, 56007)
(307, 269, 33837)
(307, 110, 41458)
(307, 109, 14928)
(307, 2, 27240)
(307, 138, 28592)
(307, 300, 67377)
(307, 115, 53298)
(307, 151, 82924)
(307, 131, 45037)
(307, 225, 52065)
(307, 86, 62895)
(307, 72, 4150)
(307, 252, 62067)
(307, 54, 19463)
(307, 80, 38592)
(307, 20, 73884)
(307, 227, 77460)
(307, 28, 96162)
(307, 293, 78347)
(307, 192, 62900)
(307, 25, 78948)
(307, 170, 68584)
(307, 224, 50482)
(307, 111, 44397)
(307, 46, 86017)
(307, 182, 62589)
(307, 113, 55695)
(307, 235, 89796)
(307, 149, 9153)
(307, 231, 67410)
(307, 158, 42656)
(307, 243, 22107)
(307, 250, 9758)
(307, 204, 50182)
(307, 261, 22501)
(307, 52, 95156)
(307, 87, 51795)
(307, 297, 60159)
(307, 296, 29595)
(307, 230, 22561)
(307, 272, 76580)
(307, 71, 13428)
(307, 167, 1777)
(307, 220, 99810)
(307, 123, 97157)
(307, 45, 78902)
(307, 202, 19595)
(307, 150, 46622)
(307, 215, 8546)
(307, 267, 86152)
(307, 156, 13773)
(307, 190, 74714)
(307, 271, 51090)
(307, 55, 7290)
(307, 160, 53087)
(307, 135, 8592)
(307, 95, 46902)
(307, 9, 2760)
(307, 134, 10106)
(307, 44, 83953)
(307, 61, 18882)
(307, 6, 5458)
(307, 4, 46434)
(307, 14, 41292)
(307, 90, 17505)
(307, 248, 25369)
(307, 216, 45616)
(307, 284, 42846)
(307, 253, 19436)
(307, 236, 14807)
(307, 302, 19863)
(307, 185, 19766)
(307, 23, 51405)
(307, 193, 66008)
(307, 208, 93231)
(307, 274, 26066)
(307, 33, 73130)
(307, 17, 91125)
(307, 27, 38950)
(307, 142, 37655)
(307, 165, 57036)
(307, 174, 11339)
(307, 154, 72330)
(307, 130, 91533)
(307, 258, 98439)
(307, 5, 55120)
(307, 146, 39935)
(307, 103, 3523)
(307, 22, 7243)
(307, 161, 4934)
(307, 206, 58076)
(307, 117, 2141)
(307, 177, 54748)
(307, 8, 32648)
(307, 81, 48919)
(307, 237, 36891)
(307, 139, 80051)
(307, 290, 91610)
(307, 168, 52895)
(307, 53, 66820)
(307, 191, 36449)
(307, 264, 73737)
(307, 114, 80930)
(307, 233, 76885)
(307, 82, 11316)
(307, 51, 50555)
(307, 85, 27702)
(307, 240, 93908)
(307, 76, 21028)
(307, 195, 49301)
(307, 43, 91842)
(307, 226, 88861)
(307, 270, 77326)
(307, 179, 68564)
(307, 41, 77725)
(307, 1, 16569)
(307, 187, 51827)
(307, 242, 64255)
(307, 145, 47586)
(307, 31, 313)
(307, 108, 36064)
(307, 118, 83903)
(307, 78, 76411)
(307, 157, 34889)
(307, 69, 99747)
(307, 246, 88137)
(307, 36, 66930)
(307, 105, 60404)
(307, 228, 30785)
(307, 175, 84826)
(307, 303, 25429)
(307, 199, 19188)
(307, 276, 78921)
(307, 63, 58218)
(307, 245, 986)
(307, 13, 83927)
(307, 59, 72369)
(307, 3, 35471)
(307, 283, 44385)
(307, 19, 99502)
(307, 285, 57538)
(307, 50, 59336)
(307, 232, 17831)
(307, 107, 51746)
(307, 241, 32122)
(307, 141, 5819)
(307, 49, 40510)
(307, 212, 97221)
(307, 26, 14068)
(307, 93, 17325)
(307, 155, 59728)
(307, 70, 98885)
(307, 64, 42756)
(307, 153, 35137)
(307, 79, 27574)
(307, 30, 54295)
(308, 51, 92793)
(308, 274, 96074)
(308, 7, 99954)
(308, 240, 98455)
(308, 15, 74132)
(308, 176, 31233)
(308, 184, 2430)
(308, 38, 25565)
(308, 68, 45764)
(308, 97, 52165)
(308, 26, 32575)
(308, 88, 64710)
(308, 58, 10869)
(308, 90, 23943)
(308, 64, 54093)
(308, 63, 96408)
(308, 284, 15627)
(308, 133, 32410)
(308, 228, 88339)
(308, 182, 50072)
(308, 224, 91263)
(308, 125, 63188)
(308, 62, 100041)
(308, 98, 45800)
(308, 202, 63418)
(308, 177, 22498)
(308, 30, 59256)
(308, 76, 58515)
(308, 307, 1892)
(308, 33, 100161)
(308, 112, 19004)
(308, 52, 77175)
(308, 270, 37174)
(308, 241, 34142)
(308, 190, 56462)
(308, 218, 78304)
(308, 195, 31642)
(308, 136, 2595)
(308, 105, 13603)
(308, 300, 37325)
(308, 166, 664)
(308, 115, 77365)
(308, 80, 95512)
(308, 150, 24923)
(308, 280, 14837)
(308, 269, 87462)
(308, 32, 17201)
(308, 185, 93490)
(308, 21, 77342)
(308, 83, 34238)
(308, 1, 82829)
(308, 70, 4020)
(308, 92, 11954)
(308, 55, 53057)
(308, 135, 18211)
(308, 46, 35789)
(308, 181, 21252)
(308, 261, 38810)
(308, 91, 32162)
(308, 39, 39286)
(308, 256, 21632)
(308, 266, 89862)
(308, 109, 95820)
(308, 215, 87624)
(308, 147, 44137)
(308, 187, 77903)
(308, 242, 52374)
(308, 201, 75474)
(308, 183, 45305)
(308, 96, 85907)
(308, 210, 52154)
(308, 160, 39120)
(308, 47, 12119)
(308, 209, 98722)
(308, 227, 11586)
(308, 212, 5930)
(308, 122, 35318)
(308, 152, 49543)
(308, 16, 93792)
(308, 123, 27806)
(308, 162, 531)
(308, 10, 61359)
(308, 163, 98391)
(308, 37, 9714)
(308, 75, 25631)
(308, 126, 35819)
(308, 29, 60395)
(308, 235, 76301)
(308, 297, 50273)
(308, 173, 89898)
(308, 217, 22922)
(308, 121, 16526)
(308, 107, 84713)
(308, 268, 58199)
(308, 203, 26694)
(308, 291, 43350)
(308, 108, 32276)
(308, 298, 37587)
(308, 116, 79705)
(308, 89, 20454)
(308, 207, 21622)
(308, 42, 19990)
(308, 282, 59057)
(308, 145, 36857)
(308, 19, 1000)
(308, 157, 76669)
(308, 130, 41362)
(308, 142, 11008)
(308, 119, 62052)
(308, 159, 96168)
(308, 246, 46691)
(308, 213, 79861)
(308, 208, 38458)
(308, 248, 92297)
(308, 197, 63468)
(308, 95, 60723)
(308, 78, 41916)
(308, 9, 60367)
(308, 192, 51432)
(308, 165, 73186)
(308, 188, 78025)
(308, 6, 46969)
(308, 73, 71522)
(308, 20, 10248)
(308, 110, 94164)
(308, 245, 10161)
(308, 118, 93972)
(308, 249, 94523)
(308, 302, 74140)
(308, 191, 6142)
(308, 178, 45545)
(308, 275, 24628)
(308, 170, 39053)
(308, 254, 90089)
(308, 148, 50818)
(308, 31, 30912)
(308, 262, 66153)
(308, 41, 58424)
(308, 155, 87812)
(308, 252, 92115)
(308, 205, 29392)
(308, 139, 51969)
(308, 81, 42804)
(308, 28, 12147)
(308, 124, 76413)
(308, 113, 71319)
(308, 200, 22558)
(308, 277, 61574)
(308, 234, 2546)
(308, 175, 85882)
(308, 17, 94434)
(308, 131, 56946)
(308, 231, 97997)
(308, 167, 52909)
(308, 172, 47303)
(308, 264, 87303)
(308, 144, 36754)
(308, 45, 75878)
(308, 48, 48062)
(308, 225, 63094)
(308, 151, 55545)
(308, 211, 2872)
(308, 2, 42465)
(308, 171, 59319)
(308, 128, 24706)
(308, 303, 14448)
(308, 237, 73786)
(308, 260, 48874)
(308, 99, 61748)
(308, 134, 88738)
(308, 222, 77347)
(308, 146, 38510)
(308, 193, 22057)
(308, 27, 54314)
(308, 44, 49299)
(308, 289, 56556)
(308, 137, 87623)
(308, 281, 68425)
(308, 84, 76676)
(308, 164, 83060)
(308, 14, 25004)
(308, 233, 78211)
(308, 67, 75086)
(308, 49, 45541)
(308, 174, 27086)
(308, 153, 58503)
(308, 221, 47583)
(308, 295, 93536)
(308, 257, 44599)
(308, 186, 87934)
(308, 120, 15912)
(308, 85, 22825)
(308, 3, 7991)
(308, 104, 64890)
(308, 199, 51598)
(308, 77, 69256)
(308, 206, 30769)
(308, 4, 10594)
(308, 239, 27208)
(308, 129, 49578)
(308, 94, 21167)
(308, 140, 45829)
(309, 58, 33388)
(309, 45, 23443)
(309, 298, 78745)
(309, 231, 80265)
(309, 237, 36096)
(309, 176, 73117)
(309, 283, 50888)
(309, 83, 73938)
(309, 53, 28321)
(309, 14, 93272)
(309, 141, 58000)
(309, 307, 85245)
(309, 187, 8269)
(309, 106, 71435)
(309, 257, 2916)
(309, 264, 41484)
(309, 178, 93255)
(309, 203, 84132)
(309, 290, 56645)
(309, 245, 23998)
(309, 52, 82000)
(309, 201, 71972)
(309, 56, 84781)
(309, 208, 63095)
(309, 110, 58289)
(309, 293, 92271)
(309, 289, 42110)
(309, 43, 2140)
(309, 194, 12072)
(309, 94, 26683)
(309, 113, 60340)
(309, 36, 30396)
(309, 42, 30871)
(309, 169, 20426)
(309, 112, 79592)
(309, 12, 21058)
(309, 284, 73362)
(309, 84, 488)
(309, 136, 77266)
(309, 243, 38441)
(309, 258, 53903)
(309, 155, 97139)
(309, 6, 5785)
(309, 4, 53555)
(309, 206, 55195)
(309, 20, 71917)
(309, 218, 70943)
(309, 79, 47462)
(309, 61, 84744)
(309, 253, 85550)
(309, 250, 83787)
(309, 285, 58689)
(309, 66, 5614)
(309, 115, 12185)
(309, 92, 90458)
(309, 222, 46320)
(309, 256, 75984)
(309, 207, 74755)
(309, 188, 90570)
(309, 239, 61462)
(309, 167, 11331)
(309, 292, 11257)
(309, 9, 63456)
(309, 271, 14514)
(309, 21, 12442)
(309, 186, 8329)
(309, 31, 4384)
(309, 229, 32476)
(309, 46, 95790)
(309, 294, 33809)
(309, 124, 44202)
(309, 158, 3608)
(309, 301, 60441)
(309, 205, 30331)
(309, 135, 4529)
(309, 248, 32197)
(309, 5, 60205)
(309, 120, 73099)
(309, 65, 61383)
(309, 251, 70338)
(309, 220, 21507)
(309, 159, 22381)
(309, 238, 66033)
(309, 74, 89188)
(309, 142, 52898)
(309, 89, 51376)
(309, 140, 61458)
(309, 172, 24952)
(309, 128, 35894)
(309, 0, 65228)
(309, 48, 45201)
(309, 204, 70210)
(309, 51, 36264)
(309, 35, 96487)
(309, 47, 71662)
(309, 217, 13979)
(309, 37, 45116)
(309, 119, 6018)
(309, 38, 63162)
(309, 234, 10820)
(309, 98, 13097)
(309, 80, 27646)
(309, 25, 13219)
(309, 151, 75737)
(309, 196, 105)
(309, 254, 66586)
(309, 304, 82149)
(309, 99, 69860)
(309, 86, 93524)
(309, 68, 76063)
(309, 164, 11400)
(309, 121, 75911)
(309, 211, 30255)
(309, 232, 94328)
(309, 59, 45156)
(309, 174, 12381)
(309, 90, 26569)
(309, 261, 19253)
(309, 281, 51821)
(309, 54, 7707)
(309, 175, 2564)
(309, 131, 8277)
(309, 216, 10550)
(309, 180, 58425)
(309, 73, 57270)
(309, 7, 58624)
(309, 129, 81027)
(309, 171, 8985)
(309, 64, 55832)
(309, 19, 49629)
(309, 72, 97046)
(309, 241, 60113)
(309, 240, 37980)
(309, 26, 96954)
(309, 17, 21463)
(309, 226, 36373)
(309, 230, 80390)
(309, 127, 15688)
(309, 50, 77109)
(309, 276, 26216)
(309, 219, 42638)
(309, 100, 26902)
(309, 93, 54781)
(309, 60, 21123)
(309, 213, 51349)
(309, 303, 41390)
(309, 76, 50654)
(309, 163, 32016)
(309, 137, 92564)
(309, 275, 28292)
(309, 183, 66683)
(309, 266, 72862)
(309, 1, 29071)
(309, 235, 50995)
(309, 2, 89926)
(309, 184, 55561)
(309, 11, 19299)
(309, 130, 73491)
(309, 149, 64439)
(309, 27, 61432)
(309, 185, 92371)
(309, 299, 8256)
(309, 69, 72583)
(309, 44, 30184)
(309, 57, 29506)
(309, 282, 56754)
(309, 274, 60586)
(309, 244, 70833)
(309, 13, 38725)
(309, 16, 45728)
(309, 82, 51848)
(309, 260, 59911)
(309, 278, 19857)
(309, 55, 90113)
(309, 104, 59485)
(309, 189, 88023)
(309, 150, 15480)
(309, 246, 8140)
(309, 227, 195)
(310, 225, 95089)
(310, 307, 25397)
(310, 44, 40484)
(310, 271, 77265)
(310, 102, 16420)
(310, 4, 32086)
(310, 268, 41700)
(310, 47, 65324)
(310, 39, 89451)
(310, 105, 53042)
(310, 147, 48747)
(310, 243, 35160)
(310, 159, 46475)
(310, 261, 87190)
(310, 1, 74759)
(310, 66, 99366)
(310, 114, 16216)
(310, 199, 1739)
(310, 42, 94103)
(310, 219, 88933)
(310, 269, 56364)
(310, 168, 83224)
(310, 5, 80567)
(310, 191, 100165)
(310, 218, 76197)
(310, 124, 4266)
(310, 49, 73595)
(310, 252, 14946)
(310, 257, 88061)
(310, 119, 39785)
(310, 188, 96016)
(310, 15, 14083)
(310, 70, 59682)
(310, 222, 3759)
(310, 86, 67020)
(310, 34, 85532)
(310, 62, 10016)
(310, 146, 13401)
(310, 59, 48662)
(310, 183, 60882)
(310, 215, 31148)
(310, 16, 87138)
(310, 57, 42213)
(310, 36, 82256)
(310, 151, 47561)
(310, 267, 23263)
(310, 65, 35498)
(310, 8, 4214)
(310, 309, 81322)
(310, 132, 77738)
(310, 91, 97898)
(310, 136, 11856)
(310, 196, 34569)
(310, 296, 66143)
(310, 170, 7157)
(310, 202, 9128)
(310, 284, 52370)
(310, 293, 36100)
(310, 176, 49419)
(310, 194, 75903)
(310, 117, 81352)
(310, 21, 39397)
(310, 197, 93823)
(310, 150, 94592)
(310, 210, 44557)
(310, 25, 40954)
(310, 226, 56495)
(310, 195, 47170)
(310, 216, 11446)
(310, 52, 26912)
(310, 182, 65747)
(310, 234, 78457)
(310, 270, 95819)
(310, 76, 85699)
(310, 68, 75955)
(310, 299, 96807)
(310, 24, 63333)
(310, 201, 86943)
(311, 266, 92553)
(311, 157, 32782)
(311, 267, 38498)
(311, 7, 72751)
(311, 152, 49849)
(311, 226, 71830)
(311, 287, 6321)
(311, 282, 13845)
(311, 134, 88979)
(311, 228, 9809)
(311, 178, 56666)
(311, 221, 19741)
(311, 277, 45709)
(311, 262, 85732)
(311, 94, 23365)
(311, 247, 21324)
(311, 68, 8310)
(311, 31, 26639)
(311, 59, 28444)
(311, 264, 13310)
(311, 248, 31398)
(311, 126, 33833)
(311, 278, 22235)
(311, 201, 67478)
(311, 285, 92882)
(311, 307, 99739)
(311, 132, 606)
(311, 246, 14934)
(311, 66, 44510)
(311, 243, 81840)
(311, 41, 97760)
(311, 245, 47638)
(311, 105, 76639)
(311, 13, 87863)
(311, 169, 12904)
(311, 118, 16653)
(311, 288, 68676)
(311, 56, 72099)
(311, 50, 21269)
(311, 207, 12965)
(311, 81, 28653)
(311, 199, 59099)
(311, 263, 7749)
(311, 29, 66599)
(311, 210, 50773)
(311, 235, 65523)
(311, 121, 85918)
(311, 308, 70430)
(311, 276, 52622)
(311, 151, 30152)
(311, 291, 70873)
(311, 260, 96833)
(311, 84, 60757)
(311, 251, 93839)
(311, 268, 3062)
(311, 273, 86862)
(311, 149, 74227)
(311, 172, 5051)
(311, 160, 81586)
(311, 26, 80675)
(311, 49, 53730)
(311, 181, 62889)
(311, 158, 95103)
(311, 183, 66960)
(311, 305, 60476)
(311, 23, 71006)
(311, 222, 91394)
(311, 209, 75358)
(311, 259, 59357)
(311, 249, 41268)
(311, 48, 26657)
(311, 77, 21695)
(311, 146, 60787)
(311, 139, 31603)
(311, 150, 20385)
(311, 113, 63873)
(311, 46, 65379)
(311, 111, 67356)
(311, 274, 12668)
(311, 27, 44226)
(311, 64, 56082)
(311, 205, 2783)
(311, 22, 17815)
(311, 179, 63877)
(311, 2, 83186)
(311, 20, 12446)
(311, 225, 73213)
(311, 107, 77832)
(311, 128, 4184)
(311, 162, 25511)
(311, 224, 99606)
(311, 173, 87322)
(311, 217, 19380)
(311, 230, 21826)
(311, 114, 4103)
(311, 166, 78190)
(311, 88, 4481)
(311, 85, 2081)
(311, 300, 52132)
(311, 216, 33256)
(311, 294, 80863)
(311, 258, 39750)
(311, 187, 45596)
(311, 214, 28238)
(311, 143, 63888)
(311, 170, 36307)
(311, 98, 23246)
(311, 174, 98405)
(311, 131, 60615)
(311, 42, 63560)
(311, 219, 87930)
(311, 37, 58305)
(311, 140, 26742)
(311, 123, 33662)
(311, 4, 60913)
(311, 141, 52979)
(311, 18, 83211)
(311, 165, 8595)
(311, 244, 36052)
(311, 58, 93923)
(311, 57, 9696)
(311, 124, 23438)
(311, 186, 24505)
(311, 15, 71482)
(311, 9, 40746)
(311, 290, 9440)
(311, 125, 95203)
(311, 254, 83157)
(311, 99, 13148)
(311, 242, 24811)
(311, 232, 66459)
(311, 163, 78786)
(311, 167, 14319)
(311, 310, 52188)
(311, 100, 84667)
(311, 28, 48422)
(311, 135, 536)
(311, 25, 53120)
(311, 65, 90759)
(311, 293, 21077)
(311, 51, 50969)
(311, 234, 79527)
(311, 39, 89520)
(311, 110, 16298)
(311, 202, 40692)
(311, 14, 64686)
(311, 129, 72565)
(311, 63, 44513)
(311, 185, 91729)
(311, 71, 39969)
(311, 220, 25731)
(311, 190, 48655)
(311, 252, 15551)
(311, 253, 34307)
(311, 279, 85369)
(311, 171, 44049)
(311, 5, 85405)
(311, 289, 48571)
(311, 154, 97320)
(311, 67, 7149)
(311, 73, 86040)
(311, 11, 71758)
(311, 3, 76146)
(311, 44, 79132)
(311, 95, 73025)
(311, 76, 94972)
(311, 261, 33457)
(311, 92, 21696)
(311, 33, 32501)
(311, 227, 50146)
(311, 19, 54500)
(311, 91, 65929)
(311, 62, 59879)
(311, 299, 64957)
(311, 211, 65428)
(311, 106, 95440)
(311, 159, 74468)
(311, 295, 88985)
(311, 1, 17127)
(311, 35, 51782)
(311, 272, 47934)
(311, 229, 39642)
(311, 204, 59358)
(311, 101, 70564)
(311, 203, 21350)
(311, 286, 21916)
(311, 127, 925)
(311, 153, 31028)
(311, 108, 79092)
(311, 55, 159)
(311, 142, 52113)
(311, 147, 33151)
(311, 239, 14525)
(311, 130, 29176)
(311, 74, 32087)
(311, 257, 2404)
(311, 184, 41474)
(311, 191, 20783)
(311, 206, 21415)
(311, 54, 86578)
(311, 96, 76136)
(311, 10, 25488)
(311, 164, 37349)
(311, 168, 27886)
(311, 177, 85723)
(311, 284, 1911)
(311, 102, 18235)
(311, 0, 99054)
(311, 197, 72000)
(311, 93, 37287)
(311, 237, 99018)
(311, 256, 27158)
(311, 309, 13066)
(311, 32, 53558)
(311, 213, 63715)
(311, 115, 83515)
(311, 90, 88647)
(311, 137, 76589)
(311, 97, 2914)
(311, 195, 56135)
(311, 43, 73135)
(311, 301, 62419)
(311, 208, 78741)
(311, 241, 46624)
(311, 271, 8678)
(311, 180, 54023)
(311, 16, 70227)
(311, 255, 49253)
(311, 82, 15563)
(311, 119, 53794)
(311, 200, 16289)
(311, 52, 471)
(312, 194, 79936)
(312, 120, 76234)
(312, 233, 90560)
(312, 299, 45370)
(312, 105, 10723)
(312, 208, 79387)
(312, 160, 9060)
(312, 161, 42911)
(312, 20, 68859)
(312, 18, 24758)
(312, 103, 10703)
(312, 193, 84423)
(312, 69, 5832)
(312, 281, 56737)
(312, 89, 4147)
(312, 48, 88601)
(312, 274, 79099)
(312, 4, 15281)
(312, 200, 94440)
(312, 164, 98861)
(312, 272, 14631)
(312, 85, 11830)
(312, 291, 21716)
(312, 239, 72780)
(312, 294, 37760)
(312, 100, 17404)
(312, 123, 41403)
(312, 64, 12596)
(312, 231, 45114)
(312, 15, 92049)
(312, 209, 41396)
(312, 144, 82168)
(312, 228, 71929)
(312, 46, 55386)
(312, 21, 91954)
(312, 276, 63030)
(312, 142, 26375)
(312, 97, 87862)
(312, 235, 7338)
(312, 277, 33392)
(312, 191, 28786)
(312, 167, 32474)
(312, 79, 97477)
(312, 1, 8309)
(312, 252, 1983)
(312, 169, 92007)
(312, 132, 68174)
(312, 306, 41408)
(312, 143, 70393)
(312, 179, 40250)
(312, 154, 96703)
(312, 224, 44203)
(312, 17, 87043)
(312, 23, 88233)
(312, 251, 58192)
(312, 30, 2782)
(312, 33, 53748)
(312, 243, 22919)
(312, 140, 2158)
(312, 58, 38459)
(312, 196, 86138)
(312, 7, 96294)
(312, 234, 83582)
(312, 177, 85534)
(312, 300, 40698)
(312, 150, 50377)
(312, 298, 25641)
(312, 68, 57637)
(312, 219, 15210)
(312, 47, 27094)
(312, 14, 92154)
(312, 159, 99506)
(312, 242, 53849)
(312, 214, 33192)
(312, 41, 5506)
(312, 218, 8920)
(312, 29, 4930)
(312, 195, 1320)
(312, 216, 65328)
(312, 182, 88729)
(312, 13, 82200)
(312, 92, 82630)
(312, 293, 34214)
(312, 152, 83424)
(312, 229, 51626)
(312, 198, 27946)
(312, 67, 61839)
(312, 42, 97154)
(312, 109, 61475)
(312, 126, 33118)
(312, 77, 60485)
(312, 156, 62092)
(312, 226, 53750)
(312, 273, 69518)
(312, 137, 48893)
(312, 128, 1524)
(312, 106, 76000)
(312, 81, 91885)
(312, 173, 84046)
(312, 175, 13872)
(312, 301, 20516)
(312, 278, 6711)
(312, 162, 44661)
(312, 210, 27516)
(312, 136, 28682)
(312, 71, 72999)
(312, 263, 4300)
(312, 31, 40921)
(312, 303, 27092)
(312, 60, 28881)
(312, 117, 8480)
(312, 6, 10508)
(312, 35, 80957)
(312, 302, 81065)
(312, 259, 49052)
(312, 296, 93155)
(312, 197, 31769)
(312, 113, 17812)
(312, 131, 17545)
(312, 246, 21975)
(312, 145, 63610)
(312, 61, 44625)
(312, 99, 88631)
(312, 66, 26759)
(312, 213, 98432)
(312, 110, 29739)
(312, 78, 22579)
(312, 185, 24429)
(312, 84, 14127)
(312, 171, 66679)
(312, 62, 78725)
(312, 227, 10036)
(312, 244, 99745)
(312, 3, 63616)
(312, 307, 35505)
(312, 163, 87445)
(312, 12, 77364)
(312, 73, 95321)
(312, 192, 94394)
(312, 112, 78605)
(312, 166, 47160)
(312, 88, 23518)
(312, 265, 30130)
(312, 2, 85806)
(312, 43, 13810)
(312, 53, 70758)
(312, 56, 21565)
(312, 153, 59631)
(312, 134, 56874)
(312, 54, 48669)
(312, 206, 29139)
(312, 283, 84566)
(312, 190, 50413)
(312, 311, 50058)
(312, 139, 99393)
(312, 253, 54037)
(312, 256, 56682)
(312, 155, 53387)
(312, 221, 74743)
(312, 26, 69341)
(312, 279, 13916)
(312, 248, 7262)
(312, 215, 17219)
(312, 76, 19579)
(312, 158, 29232)
(312, 183, 73416)
(312, 8, 54608)
(312, 87, 822)
(312, 254, 33884)
(312, 125, 8083)
(312, 225, 85539)
(313, 262, 52669)
(313, 217, 60198)
(313, 196, 77367)
(313, 266, 61519)
(313, 81, 58602)
(313, 134, 42680)
(313, 250, 64689)
(313, 204, 7931)
(313, 100, 12143)
(313, 22, 12910)
(313, 305, 9116)
(313, 206, 26472)
(313, 54, 58465)
(313, 285, 26055)
(313, 85, 60574)
(313, 91, 79590)
(313, 72, 63589)
(313, 60, 43906)
(313, 122, 48280)
(313, 48, 14683)
(313, 87, 22081)
(313, 268, 77083)
(313, 226, 77815)
(313, 73, 51872)
(313, 24, 25195)
(313, 282, 71609)
(313, 244, 89340)
(313, 64, 67498)
(313, 303, 33168)
(313, 260, 41287)
(313, 49, 36499)
(313, 177, 97822)
(313, 35, 38689)
(313, 88, 23826)
(313, 207, 94340)
(313, 273, 24903)
(313, 145, 30873)
(313, 289, 48626)
(313, 33, 95553)
(313, 257, 66049)
(313, 269, 94983)
(313, 180, 51393)
(313, 58, 96847)
(313, 32, 83057)
(313, 114, 78504)
(313, 296, 36282)
(313, 67, 34819)
(313, 37, 75305)
(313, 248, 63035)
(313, 185, 8108)
(313, 181, 90329)
(313, 126, 92807)
(313, 44, 38643)
(313, 40, 79882)
(313, 108, 33093)
(313, 80, 98390)
(313, 123, 44496)
(313, 201, 54930)
(313, 45, 43046)
(313, 12, 59182)
(313, 47, 96120)
(313, 161, 87925)
(313, 188, 22681)
(313, 278, 31360)
(313, 159, 10598)
(313, 153, 1821)
(313, 239, 84953)
(313, 156, 21762)
(313, 90, 13315)
(313, 96, 11940)
(313, 135, 45692)
(313, 139, 34780)
(313, 116, 35669)
(313, 219, 39021)
(313, 230, 90834)
(313, 93, 76973)
(314, 107, 46604)
(314, 241, 83495)
(314, 280, 1263)
(314, 49, 13322)
(314, 154, 26503)
(314, 57, 40005)
(314, 266, 40780)
(314, 174, 65154)
(314, 14, 50145)
(314, 76, 26207)
(314, 64, 66810)
(314, 112, 52158)
(314, 146, 83149)
(314, 261, 18767)
(314, 50, 42454)
(314, 180, 19322)
(314, 148, 27125)
(314, 100, 87248)
(314, 290, 49667)
(314, 147, 78803)
(314, 82, 72557)
(314, 173, 7837)
(314, 281, 68208)
(314, 23, 96374)
(314, 190, 39214)
(314, 276, 4211)
(314, 189, 81263)
(314, 233, 52531)
(314, 131, 89048)
(314, 267, 48744)
(314, 209, 65962)
(314, 264, 18751)
(314, 110, 83476)
(314, 256, 100064)
(314, 169, 70307)
(314, 30, 91281)
(314, 17, 18378)
(314, 191, 67940)
(314, 172, 8293)
(314, 251, 26041)
(314, 139, 12397)
(314, 68, 29704)
(314, 51, 68098)
(314, 32, 68834)
(314, 157, 59291)
(314, 5, 3576)
(314, 86, 63241)
(314, 98, 57580)
(314, 298, 45627)
(314, 11, 83364)
(314, 160, 38474)
(314, 78, 16930)
(314, 62, 12118)
(314, 287, 59373)
(314, 85, 9300)
(314, 246, 9563)
(314, 116, 97773)
(314, 307, 68692)
(314, 262, 96589)
(314, 102, 53154)
(314, 273, 61925)
(314, 195, 23866)
(314, 230, 69323)
(314, 292, 85926)
(314, 26, 68831)
(314, 162, 65364)
(314, 59, 22920)
(314, 278, 47727)
(314, 41, 4218)
(314, 92, 75805)
(314, 67, 72084)
(314, 113, 32280)
(314, 302, 25055)
(314, 65, 61194)
(314, 155, 38965)
(314, 164, 84260)
(314, 159, 69449)
(314, 73, 1842)
(314, 198, 97404)
(314, 184, 50481)
(314, 36, 67048)
(314, 151, 54795)
(314, 130, 68850)
(314, 282, 66965)
(314, 199, 63422)
(314, 33, 20024)
(314, 88, 75611)
(314, 74, 5731)
(314, 48, 53300)
(314, 231, 88868)
(314, 20, 52430)
(314, 79, 5460)
(314, 105, 78630)
(314, 58, 49424)
(314, 38, 55574)
(314, 12, 63793)
(314, 247, 8651)
(314, 188, 85008)
(314, 258, 28192)
(314, 257, 14898)
(314, 308, 84704)
(314, 194, 5822)
(314, 143, 4610)
(314, 87, 75743)
(314, 208, 10991)
(314, 69, 34379)
(314, 121, 89442)
(314, 111, 87186)
(314, 0, 25138)
(314, 71, 90869)
(314, 237, 42190)
(314, 129, 24107)
(314, 75, 79055)
(314, 27, 70207)
(314, 239, 52844)
(314, 211, 99412)
(314, 245, 68817)
(314, 270, 49433)
(314, 44, 26761)
(314, 52, 96876)
(314, 132, 80500)
(314, 138, 75762)
(314, 114, 46139)
(314, 171, 591)
(314, 24, 74187)
(314, 70, 52254)
(314, 265, 81702)
(314, 19, 44113)
(314, 3, 52915)
(314, 46, 23801)
(314, 236, 72471)
(314, 221, 70878)
(314, 137, 39295)
(314, 214, 4746)
(314, 309, 18570)
(314, 115, 30372)
(314, 53, 16259)
(314, 101, 70145)
(314, 306, 63764)
(314, 133, 63584)
(314, 275, 87014)
(314, 63, 97095)
(314, 250, 88314)
(314, 255, 55654)
(314, 220, 28374)
(314, 94, 7219)
(314, 269, 92956)
(314, 34, 48375)
(314, 61, 97193)
(314, 91, 44860)
(314, 18, 90586)
(314, 125, 50989)
(314, 56, 157)
(314, 22, 1710)
(314, 128, 29111)
(314, 271, 86544)
(314, 124, 54065)
(314, 156, 25427)
(314, 99, 23462)
(314, 141, 45185)
(314, 279, 29076)
(314, 45, 23357)
(314, 182, 76283)
(314, 310, 96009)
(314, 206, 71786)
(314, 294, 16231)
(314, 272, 9456)
(314, 77, 30480)
(314, 140, 43694)
(314, 15, 39281)
(314, 196, 18545)
(314, 54, 2144)
(314, 224, 64623)
(314, 295, 23289)
(314, 300, 76535)
(314, 97, 36558)
(314, 152, 54022)
(314, 16, 58280)
(314, 207, 11289)
(314, 28, 75233)
(314, 223, 82481)
(314, 21, 83923)
(314, 248, 56159)
(314, 192, 83816)
(314, 305, 29924)
(314, 127, 92818)
(314, 90, 58317)
(314, 163, 71602)
(314, 218, 43772)
(314, 268, 48173)
(314, 226, 16625)
(314, 126, 4289)
(314, 193, 24374)
(314, 47, 48650)
(314, 39, 9209)
(314, 37, 68509)
(314, 304, 58626)
(314, 178, 6903)
(314, 181, 89441)
(314, 118, 25617)
(314, 312, 8708)
(314, 200, 49931)
(314, 263, 90676)
(314, 293, 68033)
(314, 252, 21149)
(314, 43, 94367)
(314, 135, 7323)
(314, 213, 93959)
(314, 176, 77427)
(315, 225, 62987)
(315, 174, 6490)
(315, 200, 11034)
(315, 277, 32557)
(315, 116, 9818)
(315, 227, 14491)
(315, 247, 60013)
(315, 197, 98551)
(315, 99, 36597)
(315, 145, 23569)
(315, 33, 8138)
(315, 24, 86215)
(315, 92, 75221)
(315, 249, 71901)
(315, 112, 9801)
(315, 165, 92913)
(315, 87, 2792)
(315, 68, 37765)
(315, 183, 40832)
(315, 213, 8360)
(315, 75, 27318)
(315, 219, 84359)
(315, 132, 37837)
(315, 153, 87634)
(315, 289, 89159)
(315, 257, 85761)
(315, 263, 218)
(315, 261, 32168)
(315, 83, 73563)
(315, 151, 41920)
(315, 292, 84512)
(315, 3, 58222)
(315, 4, 46145)
(315, 88, 81703)
(315, 250, 63931)
(315, 44, 15489)
(315, 182, 51532)
(315, 195, 88751)
(315, 188, 18405)
(315, 121, 54765)
(315, 66, 34482)
(315, 312, 4428)
(315, 228, 17335)
(315, 15, 36109)
(315, 199, 86721)
(315, 103, 23236)
(315, 9, 87278)
(315, 237, 51849)
(315, 284, 5132)
(315, 170, 39782)
(315, 274, 64347)
(315, 23, 94528)
(315, 207, 1489)
(315, 106, 20764)
(315, 238, 57509)
(315, 12, 73384)
(315, 162, 48857)
(315, 163, 44436)
(315, 304, 2669)
(315, 30, 87966)
(315, 208, 37270)
(315, 282, 6620)
(315, 243, 12412)
(315, 19, 70059)
(315, 108, 84945)
(315, 264, 97461)
(315, 235, 35488)
(315, 96, 93483)
(315, 76, 24596)
(315, 110, 90635)
(315, 38, 33714)
(315, 61, 86384)
(315, 177, 62381)
(315, 187, 59555)
(315, 248, 58253)
(315, 224, 22740)
(315, 202, 88515)
(315, 278, 4961)
(315, 254, 84696)
(315, 295, 90156)
(315, 217, 94249)
(315, 8, 86891)
(315, 134, 67215)
(315, 136, 34901)
(315, 142, 45077)
(315, 246, 10019)
(315, 179, 60947)
(315, 232, 32160)
(315, 0, 47634)
(315, 59, 73961)
(315, 124, 59318)
(315, 139, 58026)
(315, 53, 32742)
(315, 279, 33162)
(315, 22, 40774)
(315, 60, 65252)
(315, 2, 85015)
(315, 239, 33857)
(315, 297, 39507)
(315, 35, 10470)
(315, 50, 11947)
(315, 74, 39579)
(315, 313, 10624)
(315, 283, 96896)
(315, 260, 57680)
(315, 40, 80676)
(315, 148, 98690)
(315, 113, 18267)
(315, 276, 70765)
(315, 268, 64888)
(315, 270, 73628)
(315, 20, 14250)
(315, 186, 88411)
(315, 201, 85959)
(315, 311, 57056)
(315, 69, 32707)
(315, 161, 37233)
(315, 135, 73120)
(315, 115, 49738)
(315, 26, 36550)
(315, 160, 26960)
(315, 290, 5879)
(315, 43, 32601)
(315, 258, 25605)
(315, 303, 67169)
(315, 194, 30096)
(315, 45, 50463)
(315, 14, 27028)
(315, 51, 15698)
(315, 255, 29541)
(315, 62, 33619)
(315, 251, 54843)
(315, 253, 43243)
(315, 214, 35365)
(315, 31, 15073)
(315, 236, 45701)
(315, 47, 64160)
(315, 129, 37030)
(315, 36, 38169)
(315, 222, 97640)
(315, 39, 17194)
(315, 175, 29579)
(315, 155, 93380)
(315, 204, 100261)
(315, 98, 33073)
(315, 176, 16014)
(315, 86, 67032)
(315, 152, 88564)
(315, 81, 76057)
(315, 159, 4376)
(315, 173, 71766)
(315, 296, 61497)
(315, 140, 45227)
(315, 25, 33231)
(315, 56, 47060)
(315, 193, 75517)
(315, 91, 33805)
(315, 137, 29513)
(315, 256, 36818)
(315, 7, 70920)
(315, 128, 7344)
(315, 272, 85940)
(315, 93, 52161)
(315, 229, 94344)
(315, 11, 3763)
(315, 32, 13013)
(315, 21, 70428)
(315, 34, 31416)
(315, 54, 66710)
(315, 78, 88364)
(315, 84, 52124)
(315, 309, 65137)
(315, 29, 80540)
(315, 13, 56531)
(315, 97, 831)
(315, 169, 47225)
(315, 1, 22264)
(315, 120, 30308)
(315, 58, 14192)
(315, 95, 42480)
(315, 147, 9493)
(315, 127, 95748)
(315, 80, 4682)
(315, 41, 16144)
(315, 16, 66477)
(315, 189, 90485)
(315, 65, 59576)
(315, 138, 27528)
(315, 144, 62827)
(315, 301, 27632)
(315, 259, 74388)
(315, 49, 37527)
(315, 190, 9311)
(315, 64, 28014)
(315, 308, 43974)
(315, 271, 22018)
(315, 117, 38156)
(315, 114, 63470)
(315, 17, 68630)
(315, 118, 32643)
(315, 154, 85195)
(315, 223, 492)
(315, 314, 23991)
(315, 287, 26446)
(315, 221, 87477)
(315, 131, 15182)
(315, 90, 26758)
(315, 299, 66209)
(315, 171, 85410)
(315, 262, 84490)
(315, 288, 70700)
(315, 72, 87995)
(315, 46, 77395)
(315, 123, 67041)
(315, 119, 22316)
(315, 209, 39412)
(315, 126, 84515)
(315, 178, 46856)
(315, 291, 7288)
(315, 77, 33517)
(315, 109, 31226)
(315, 52, 64096)
(315, 104, 57731)
(315, 300, 20556)
(315, 101, 42299)
(315, 146, 73160)
(315, 180, 64720)
(315, 218, 81636)
(315, 210, 41406)
(315, 158, 11459)
(315, 172, 21365)
(315, 280, 93655)
(315, 5, 988)
(315, 149, 62601)
(315, 70, 2748)
(315, 168, 57624)
(315, 48, 19638)
(315, 233, 59717)
(315, 27, 34986)
(315, 216, 40990)
(315, 252, 7711)
(315, 89, 53126)
(315, 191, 9533)
(315, 286, 25726)
(315, 85, 20255)
(315, 192, 18730)
(315, 143, 51097)
(315, 266, 6422)
(315, 203, 95033)
(315, 294, 7475)
(315, 234, 4213)
(315, 298, 3448)
(315, 196, 91144)
(315, 166, 85453)
(315, 206, 25865)
(315, 71, 55514)
(315, 141, 74482)
(315, 82, 89341)
(315, 241, 50416)
(315, 37, 58975)
(315, 157, 26602)
(315, 244, 49471)
(315, 273, 11909)
(315, 211, 52565)
(315, 181, 58045)
(315, 267, 2397)
(315, 63, 69974)
(315, 57, 88800)
(315, 307, 37490)
(315, 79, 17795)
(315, 245, 58220)
(315, 150, 40511)
(315, 73, 98075)
(315, 293, 53838)
(315, 10, 22192)
(315, 205, 60154)
(315, 156, 66543)
(315, 220, 100267)
(315, 212, 51777)
(315, 28, 51295)
(315, 102, 68498)
(315, 265, 73747)
(315, 100, 65503)
(315, 306, 28952)
(315, 226, 72763)
(315, 6, 56890)
(315, 242, 16217)
(315, 55, 34586)
(315, 122, 33202)
(315, 305, 37901)
(315, 230, 54623)
(315, 215, 6259)
(315, 310, 58948)
(315, 231, 14306)
(315, 18, 42416)
(315, 42, 62479)
(315, 285, 30222)
(316, 165, 34916)
(316, 13, 31255)
(316, 36, 20281)
(316, 202, 15635)
(316, 60, 43052)
(316, 276, 13214)
(316, 161, 11741)
(316, 71, 48933)
(316, 139, 51241)
(316, 121, 29113)
(316, 123, 41821)
(316, 173, 66109)
(316, 110, 60218)
(316, 208, 38066)
(316, 263, 64252)
(316, 285, 58568)
(316, 44, 44853)
(316, 112, 60803)
(316, 80, 95088)
(316, 224, 59370)
(316, 193, 38909)
(316, 78, 99595)
(316, 188, 61924)
(316, 182, 38871)
(316, 22, 6492)
(316, 102, 81092)
(316, 5, 93604)
(316, 299, 24257)
(316, 94, 15198)
(316, 176, 93334)
(316, 217, 84846)
(316, 281, 50836)
(316, 222, 4022)
(316, 96, 77056)
(316, 189, 18636)
(316, 309, 97317)
(316, 268, 8443)
(316, 137, 67747)
(316, 18, 73376)
(316, 118, 27615)
(316, 209, 22504)
(316, 168, 54527)
(316, 213, 76749)
(316, 117, 92030)
(316, 264, 84067)
(316, 124, 34930)
(316, 104, 12386)
(316, 166, 77519)
(316, 194, 93261)
(316, 292, 58642)
(316, 56, 66381)
(316, 107, 6538)
(316, 72, 64143)
(316, 156, 75763)
(316, 77, 72593)
(316, 48, 46234)
(316, 66, 50943)
(316, 191, 50698)
(316, 184, 28340)
(316, 190, 28417)
(316, 8, 96091)
(316, 249, 28111)
(316, 274, 15798)
(316, 152, 61718)
(316, 280, 88276)
(316, 212, 40953)
(316, 291, 40552)
(316, 97, 43435)
(316, 167, 93099)
(316, 17, 67111)
(316, 136, 82228)
(316, 174, 64006)
(316, 267, 78243)
(316, 30, 59795)
(316, 290, 93331)
(316, 47, 63642)
(316, 144, 4464)
(316, 74, 3404)
(316, 20, 61850)
(316, 42, 40150)
(316, 68, 70046)
(316, 187, 99340)
(316, 101, 70100)
(316, 262, 130)
(316, 315, 68797)
(316, 62, 84514)
(316, 155, 86711)
(316, 200, 53803)
(316, 90, 15977)
(316, 57, 54119)
(316, 4, 56726)
(316, 215, 54305)
(316, 218, 27819)
(316, 185, 1343)
(316, 108, 13824)
(316, 253, 20174)
(316, 119, 15155)
(316, 179, 74090)
(316, 266, 32109)
(316, 198, 65370)
(316, 251, 47087)
(316, 287, 32565)
(316, 100, 96999)
(316, 51, 99785)
(316, 9, 10118)
(316, 312, 98458)
(316, 35, 78855)
(316, 149, 13186)
(316, 127, 78994)
(316, 133, 22528)
(316, 143, 67348)
(316, 81, 63066)
(316, 1, 80869)
(316, 0, 43224)
(316, 160, 86794)
(316, 300, 17274)
(316, 197, 56636)
(316, 52, 8999)
(316, 283, 31596)
(316, 162, 32797)
(316, 163, 16241)
(316, 53, 57882)
(316, 228, 44669)
(316, 214, 68803)
(316, 54, 99967)
(316, 199, 44923)
(316, 239, 45439)
(316, 61, 28196)
(316, 310, 4663)
(316, 138, 89051)
(316, 250, 14064)
(316, 227, 24244)
(316, 41, 95922)
(316, 91, 86076)
(316, 306, 62574)
(316, 10, 61972)
(316, 270, 15112)
(316, 286, 5300)
(316, 131, 90553)
(316, 140, 33713)
(316, 181, 45756)
(316, 257, 59629)
(316, 204, 3160)
(316, 180, 66651)
(316, 49, 6322)
(316, 88, 9382)
(316, 284, 59962)
(316, 164, 83438)
(316, 46, 76879)
(316, 145, 67925)
(316, 11, 30221)
(316, 255, 35553)
(316, 304, 73484)
(316, 33, 47576)
(316, 240, 12462)
(316, 75, 6605)
(316, 27, 13748)
(316, 192, 60948)
(316, 254, 24178)
(316, 130, 74836)
(316, 237, 35961)
(316, 24, 19481)
(316, 153, 92246)
(316, 67, 87558)
(316, 135, 42061)
(316, 150, 38812)
(316, 303, 84183)
(316, 63, 13530)
(316, 177, 91674)
(316, 183, 67656)
(316, 114, 86539)
(316, 103, 1936)
(316, 111, 67809)
(316, 207, 78892)
(316, 89, 60618)
(316, 196, 77974)
(317, 135, 51042)
(317, 198, 31663)
(317, 240, 49336)
(317, 61, 1606)
(317, 71, 9106)
(317, 199, 31073)
(317, 24, 21102)
(317, 130, 61127)
(317, 258, 10193)
(317, 196, 5624)
(317, 36, 33379)
(317, 297, 51687)
(317, 296, 54460)
(317, 310, 35154)
(317, 304, 86057)
(317, 197, 68043)
(317, 22, 45287)
(317, 129, 18048)
(317, 10, 15917)
(317, 109, 84750)
(317, 67, 25747)
(317, 123, 9834)
(317, 89, 41970)
(317, 62, 74710)
(317, 99, 64885)
(317, 223, 6902)
(317, 41, 71042)
(317, 274, 64229)
(317, 211, 44728)
(317, 72, 33500)
(317, 284, 22261)
(317, 63, 32159)
(317, 260, 31661)
(317, 189, 100175)
(317, 238, 84319)
(317, 70, 80605)
(317, 75, 44950)
(317, 271, 77108)
(317, 269, 56125)
(317, 90, 86006)
(317, 243, 30330)
(317, 225, 92472)
(317, 93, 96626)
(317, 313, 13618)
(317, 144, 49777)
(317, 267, 3709)
(317, 98, 29747)
(317, 193, 79391)
(317, 289, 84292)
(317, 56, 9463)
(317, 311, 46921)
(317, 215, 80388)
(317, 151, 47343)
(317, 43, 98228)
(317, 169, 82608)
(317, 42, 90900)
(317, 222, 18997)
(317, 255, 69536)
(317, 102, 75442)
(317, 188, 29959)
(317, 272, 62957)
(317, 6, 13771)
(317, 112, 71764)
(317, 110, 59627)
(317, 175, 40305)
(317, 128, 43870)
(317, 241, 32726)
(317, 97, 3044)
(317, 120, 46800)
(317, 34, 76986)
(317, 80, 90453)
(317, 164, 2517)
(317, 305, 35779)
(317, 148, 89260)
(317, 94, 96490)
(317, 248, 45134)
(317, 146, 46593)
(317, 65, 66981)
(317, 54, 90755)
(317, 116, 18318)
(317, 152, 89168)
(317, 266, 97129)
(317, 294, 26621)
(317, 114, 55827)
(317, 275, 83902)
(317, 85, 34086)
(317, 30, 2890)
(317, 3, 37397)
(317, 149, 56169)
(317, 13, 4123)
(317, 153, 54656)
(317, 69, 47633)
(317, 11, 72734)
(317, 37, 32661)
(317, 159, 10050)
(317, 252, 56450)
(317, 208, 94720)
(317, 254, 24482)
(317, 163, 47599)
(317, 191, 33860)
(317, 257, 2588)
(317, 179, 27199)
(317, 184, 23198)
(317, 168, 56340)
(317, 171, 61379)
(317, 155, 75579)
(317, 12, 39439)
(317, 49, 23248)
(317, 32, 83657)
(317, 192, 69797)
(317, 160, 57957)
(317, 247, 24048)
(317, 312, 71020)
(317, 204, 68100)
(317, 157, 55801)
(317, 8, 30780)
(317, 244, 17904)
(317, 95, 76968)
(317, 283, 57912)
(317, 249, 86664)
(317, 301, 20268)
(317, 170, 53993)
(317, 44, 87539)
(317, 1, 73820)
(317, 2, 12515)
(317, 220, 43453)
(317, 29, 49025)
(317, 239, 37544)
(317, 60, 97353)
(317, 300, 93319)
(317, 21, 15816)
(317, 64, 52495)
(317, 35, 90877)
(317, 217, 50503)
(317, 288, 69908)
(317, 200, 27175)
(318, 130, 3463)
(318, 226, 99169)
(318, 287, 74268)
(318, 312, 1789)
(318, 253, 30834)
(318, 112, 12967)
(318, 133, 85222)
(318, 105, 42360)
(318, 200, 65493)
(318, 306, 73535)
(318, 72, 63093)
(318, 147, 68479)
(318, 21, 21538)
(318, 159, 29225)
(318, 164, 54758)
(318, 283, 7017)
(318, 231, 76428)
(318, 118, 34182)
(318, 160, 12753)
(318, 7, 5036)
(318, 274, 11600)
(318, 301, 49918)
(318, 284, 47549)
(318, 100, 24946)
(318, 222, 3545)
(318, 180, 35473)
(318, 202, 68441)
(318, 261, 84253)
(318, 303, 19994)
(318, 242, 23979)
(318, 259, 66675)
(318, 34, 73015)
(318, 171, 74683)
(318, 14, 67333)
(318, 3, 68469)
(318, 233, 94005)
(318, 224, 70031)
(318, 192, 88693)
(318, 63, 46661)
(318, 170, 99675)
(318, 51, 61457)
(318, 13, 10291)
(318, 172, 68163)
(318, 204, 76492)
(318, 142, 63797)
(318, 208, 88961)
(318, 217, 69482)
(318, 92, 58166)
(318, 135, 86750)
(318, 214, 49232)
(318, 2, 78268)
(318, 19, 6219)
(318, 203, 91462)
(318, 205, 79174)
(318, 304, 99457)
(318, 8, 67379)
(318, 102, 46195)
(318, 228, 43891)
(318, 152, 59796)
(318, 41, 25031)
(318, 270, 7584)
(318, 5, 97249)
(318, 33, 576)
(318, 16, 4629)
(318, 297, 135)
(318, 113, 27779)
(318, 155, 11393)
(318, 182, 54687)
(318, 57, 28949)
(318, 247, 9579)
(318, 201, 2548)
(318, 65, 81630)
(318, 70, 70883)
(318, 246, 37572)
(318, 104, 51781)
(318, 158, 14053)
(318, 209, 78256)
(318, 134, 56632)
(318, 298, 85783)
(318, 277, 68507)
(318, 243, 45262)
(318, 138, 73436)
(318, 161, 49000)
(318, 285, 76874)
(318, 31, 33976)
(318, 37, 2514)
(318, 316, 73131)
(318, 308, 37770)
(318, 53, 30005)
(318, 153, 52470)
(318, 29, 69369)
(318, 251, 49308)
(318, 264, 13920)
(318, 141, 25442)
(318, 86, 58788)
(318, 179, 24728)
(318, 89, 22647)
(318, 81, 16500)
(318, 236, 99561)
(318, 239, 88745)
(318, 210, 60570)
(318, 185, 30048)
(318, 47, 60157)
(318, 78, 48680)
(318, 114, 84517)
(318, 165, 24667)
(318, 129, 61575)
(318, 45, 66052)
(318, 291, 16276)
(318, 91, 59448)
(318, 198, 14230)
(318, 296, 22499)
(318, 273, 47172)
(318, 310, 7030)
(318, 220, 26562)
(318, 162, 38307)
(318, 24, 24420)
(318, 0, 34881)
(318, 26, 39797)
(318, 75, 45232)
(318, 131, 57422)
(318, 119, 95179)
(318, 167, 69026)
(318, 149, 42540)
(318, 17, 45658)
(318, 145, 83522)
(318, 300, 97428)
(318, 163, 2201)
(318, 263, 41703)
(318, 197, 17451)
(318, 177, 69366)
(318, 225, 51983)
(318, 90, 47070)
(318, 88, 6384)
(318, 120, 23055)
(318, 123, 48356)
(318, 207, 95710)
(318, 317, 30076)
(318, 194, 21169)
(318, 266, 84510)
(318, 309, 76054)
(318, 67, 68305)
(318, 146, 3821)
(318, 256, 13682)
(318, 62, 28605)
(318, 79, 38309)
(318, 186, 19376)
(318, 150, 11267)
(318, 195, 40845)
(318, 94, 30598)
(318, 187, 63251)
(318, 115, 29539)
(318, 257, 49216)
(318, 166, 34018)
(318, 218, 2983)
(318, 32, 50269)
(318, 95, 32792)
(318, 28, 32051)
(318, 60, 52363)
(318, 244, 91546)
(318, 262, 37647)
(318, 271, 40148)
(318, 144, 41097)
(318, 173, 8392)
(318, 121, 38732)
(318, 22, 41355)
(318, 212, 86771)
(318, 148, 23723)
(318, 280, 4482)
(318, 290, 76446)
(318, 193, 30067)
(318, 219, 34426)
(318, 111, 71276)
(318, 181, 75646)
(318, 36, 66743)
(318, 215, 6310)
(318, 258, 26991)
(318, 255, 6381)
(318, 286, 85295)
(318, 232, 77087)
(318, 61, 42653)
(318, 288, 37313)
(318, 59, 84819)
(318, 151, 27524)
(318, 64, 95741)
(318, 99, 79635)
(318, 85, 12703)
(318, 237, 2482)
(318, 154, 7863)
(318, 15, 80916)
(318, 227, 51228)
(318, 4, 80892)
(318, 35, 72941)
(318, 83, 43496)
(318, 56, 7682)
(318, 116, 20892)
(318, 73, 82604)
(318, 27, 47721)
(318, 313, 79881)
(318, 265, 83417)
(318, 184, 23861)
(318, 289, 83388)
(318, 49, 11576)
(318, 282, 11901)
(318, 269, 13871)
(318, 276, 11711)
(318, 302, 57178)
(318, 196, 17630)
(318, 25, 31970)
(318, 54, 62269)
(318, 221, 52252)
(318, 314, 80772)
(318, 93, 78404)
(318, 20, 77118)
(318, 143, 91678)
(318, 238, 4314)
(318, 216, 71486)
(318, 125, 56782)
(318, 101, 7998)
(318, 248, 11310)
(318, 87, 87456)
(318, 42, 7949)
(318, 211, 36054)
(318, 46, 66881)
(318, 117, 52696)
(318, 38, 53716)
(318, 157, 57268)
(318, 199, 37538)
(318, 281, 10058)
(318, 30, 60212)
(318, 213, 91666)
(318, 293, 79998)
(318, 55, 7623)
(318, 39, 90956)
(318, 9, 95969)
(318, 84, 6316)
(318, 128, 16792)
(318, 272, 24075)
(318, 43, 76538)
(318, 249, 43254)
(318, 80, 11148)
(318, 235, 92199)
(318, 183, 22755)
(318, 44, 1926)
(318, 23, 79235)
(318, 267, 9376)
(318, 250, 14217)
(318, 140, 33144)
(318, 156, 83526)
(318, 11, 92633)
(318, 106, 6065)
(318, 178, 20444)
(318, 169, 15338)
(318, 241, 52307)
(318, 69, 86182)
(318, 108, 48022)
(318, 97, 99687)
(318, 175, 21382)
(318, 206, 61240)
(318, 77, 67065)
(318, 107, 90958)
(318, 136, 4898)
(318, 18, 25952)
(318, 6, 19353)
(318, 223, 32205)
(318, 127, 6022)
(318, 191, 94346)
(318, 52, 31133)
(318, 279, 42390)
(318, 71, 70436)
(318, 168, 70556)
(318, 103, 55848)
(318, 82, 64811)
(318, 132, 20133)
(318, 275, 34011)
(318, 245, 8074)
(318, 268, 26810)
(318, 315, 74053)
(318, 139, 19370)
(318, 1, 90513)
(318, 58, 75111)
(318, 230, 18783)
(318, 234, 62014)
(318, 66, 18050)
(318, 292, 83960)
(318, 176, 92281)
(318, 109, 81973)
(318, 294, 39550)
(318, 68, 5509)
(318, 295, 81267)
(318, 174, 66877)
(318, 126, 66903)
(318, 96, 39971)
(319, 44, 15339)
(319, 217, 15309)
(319, 93, 260)
(319, 221, 29881)
(319, 306, 93029)
(319, 188, 31300)
(319, 161, 93859)
(319, 80, 42988)
(319, 258, 58683)
(319, 90, 60968)
(319, 310, 57482)
(319, 130, 69177)
(319, 185, 14093)
(319, 213, 4576)
(319, 234, 55179)
(319, 9, 62294)
(319, 262, 72815)
(319, 244, 55826)
(319, 272, 67612)
(319, 157, 92093)
(319, 223, 8113)
(319, 77, 67942)
(319, 146, 59950)
(319, 89, 80611)
(319, 5, 52322)
(319, 118, 26887)
(319, 171, 62820)
(319, 113, 22118)
(319, 15, 30845)
(319, 119, 62034)
(319, 311, 8350)
(319, 38, 89702)
(319, 203, 27848)
(319, 278, 38588)
(319, 229, 41244)
(320, 73, 9699)
(320, 95, 49619)
(320, 187, 90721)
(320, 191, 36991)
(320, 213, 50122)
(320, 263, 53648)
(320, 266, 35977)
(320, 177, 3631)
(320, 89, 37917)
(320, 37, 99428)
(320, 12, 88382)
(320, 254, 91736)
(320, 65, 9285)
(320, 82, 34945)
(320, 229, 74125)
(320, 189, 32885)
(320, 18, 75551)
(320, 94, 87277)
(320, 61, 70262)
(320, 49, 42783)
(320, 268, 3316)
(320, 168, 40481)
(320, 144, 39155)
(320, 83, 54164)
(320, 84, 17159)
(320, 155, 99860)
(320, 234, 18987)
(320, 120, 14499)
(320, 116, 28699)
(320, 315, 94042)
(320, 262, 29783)
(320, 169, 8173)
(320, 102, 50175)
(320, 134, 60843)
(320, 255, 87880)
(320, 13, 76043)
(320, 106, 82261)
(320, 90, 61803)
(320, 154, 85987)
(320, 29, 65531)
(320, 75, 27537)
(320, 267, 61747)
(320, 318, 93087)
(320, 235, 89361)
(320, 226, 22973)
(320, 35, 86413)
(320, 0, 81216)
(320, 247, 75250)
(320, 30, 18014)
(320, 53, 74986)
(320, 196, 39853)
(320, 4, 15038)
(320, 185, 90712)
(320, 208, 31482)
(320, 293, 96360)
(320, 149, 4507)
(320, 97, 32650)
(320, 24, 59116)
(320, 292, 6297)
(320, 307, 50179)
(320, 162, 60559)
(320, 43, 58478)
(320, 259, 47949)
(320, 78, 8704)
(320, 115, 65477)
(320, 26, 80583)
(320, 147, 56080)
(320, 31, 61957)
(320, 28, 24260)
(320, 272, 64783)
(320, 198, 87403)
(320, 139, 99070)
(320, 173, 80622)
(320, 46, 84894)
(320, 216, 13336)
(320, 59, 16692)
(320, 3, 32990)
(320, 103, 98034)
(320, 118, 32125)
(320, 165, 98344)
(320, 157, 22308)
(320, 88, 86520)
(320, 199, 85421)
(320, 110, 79151)
(320, 186, 57020)
(320, 104, 50173)
(320, 153, 82467)
(320, 67, 43280)
(320, 23, 14908)
(320, 297, 49670)
(320, 206, 12280)
(320, 200, 42565)
(320, 55, 60701)
(320, 69, 25221)
(320, 303, 61404)
(320, 1, 89201)
(320, 184, 27511)
(320, 179, 75948)
(320, 25, 6426)
(320, 133, 53153)
(320, 138, 95943)
(320, 313, 37521)
(320, 287, 85437)
(320, 68, 28117)
(320, 306, 11752)
(320, 112, 4312)
(320, 38, 59750)
(320, 221, 53114)
(320, 127, 34824)
(320, 141, 7613)
(320, 203, 22033)
(320, 275, 7631)
(320, 117, 55774)
(320, 204, 15868)
(320, 250, 51648)
(320, 249, 16300)
(320, 202, 72290)
(320, 211, 77866)
(320, 280, 52078)
(320, 239, 20207)
(320, 109, 80349)
(320, 305, 64931)
(320, 27, 80278)
(320, 171, 64699)
(320, 152, 40913)
(320, 56, 21745)
(320, 40, 16669)
(320, 17, 35772)
(320, 64, 15686)
(320, 54, 86448)
(320, 183, 70229)
(320, 93, 44566)
(320, 281, 47465)
(320, 256, 48187)
(320, 174, 8728)
(320, 107, 78678)
(320, 180, 93619)
(320, 6, 13632)
(320, 119, 56776)
(320, 286, 94590)
(320, 146, 88946)
(320, 77, 38168)
(320, 41, 24621)
(320, 195, 80620)
(320, 74, 27484)
(320, 260, 7593)
(320, 123, 84411)
(320, 288, 97845)
(320, 121, 53053)
(320, 143, 81444)
(320, 278, 64012)
(320, 284, 1060)
(320, 316, 3259)
(320, 245, 31500)
(320, 215, 39399)
(320, 194, 9119)
(320, 63, 10941)
(320, 72, 43648)
(320, 163, 10737)
(320, 80, 82983)
(320, 312, 98513)
(320, 218, 95494)
(320, 277, 94467)
(320, 92, 14040)
(320, 274, 6715)
(320, 10, 65606)
(320, 32, 61826)
(320, 225, 24963)
(320, 220, 33219)
(320, 279, 90364)
(320, 33, 38970)
(320, 181, 24697)
(320, 201, 73745)
(320, 319, 18176)
(320, 148, 33097)
(320, 50, 82305)
(320, 175, 38726)
(320, 283, 46864)
(320, 122, 21940)
(320, 167, 17933)
(320, 45, 58440)
(320, 60, 80761)
(320, 207, 27166)
(320, 98, 72196)
(320, 22, 92207)
(320, 205, 86172)
(320, 44, 85349)
(320, 150, 62263)
(320, 261, 33232)
(320, 240, 11852)
(320, 158, 71961)
(320, 151, 84511)
(320, 48, 85796)
(320, 219, 7922)
(320, 176, 91301)
(320, 131, 12170)
(320, 172, 16128)
(320, 299, 77387)
(320, 294, 23284)
(320, 7, 87888)
(320, 290, 16197)
(320, 164, 83689)
(320, 227, 4159)
(320, 265, 91809)
(320, 137, 96800)
(320, 124, 27950)
(320, 304, 41030)
(320, 34, 56062)
(320, 145, 16029)
(320, 251, 94488)
(320, 160, 79631)
(320, 193, 23941)
(320, 159, 20076)
(320, 161, 21850)
(320, 192, 71207)
(320, 66, 55808)
(320, 129, 72612)
(320, 214, 48964)
(320, 298, 4164)
(320, 210, 10287)
(320, 47, 75583)
(320, 285, 94457)
(320, 242, 56092)
(320, 99, 49949)
(320, 58, 54908)
(320, 130, 20772)
(320, 271, 14550)
(320, 126, 34913)
(320, 85, 65454)
(320, 166, 40080)
(320, 15, 91175)
(320, 21, 24770)
(320, 230, 4750)
(320, 142, 77077)
(320, 87, 28937)
(320, 125, 63783)
(320, 111, 17591)
(320, 317, 5563)
(320, 128, 13878)
(320, 91, 1479)
(320, 132, 16977)
(320, 76, 91599)
(320, 253, 85398)
(320, 295, 90725)
(320, 197, 83413)
(320, 62, 97917)
(320, 190, 95684)
(320, 224, 83310)
(320, 188, 5461)
(320, 237, 78623)
(320, 301, 91163)
(320, 308, 16543)
(320, 309, 80713)
(320, 300, 24212)
(320, 252, 53844)
(320, 8, 10554)
(320, 243, 24039)
(320, 246, 53224)
(320, 310, 77773)
(320, 14, 2174)
(320, 96, 99423)
(320, 296, 5278)
(320, 273, 44851)
(320, 182, 93831)
(320, 276, 27375)
(320, 71, 27050)
(320, 236, 41741)
(320, 244, 209)
(320, 5, 42793)
(320, 257, 44911)
(320, 114, 34591)
(320, 314, 52678)
(320, 291, 44217)
(320, 36, 8568)
(320, 19, 38735)
(320, 140, 49958)
(320, 79, 85051)
(320, 233, 62271)
(320, 269, 73366)
(320, 39, 47674)
(320, 223, 88675)
(320, 302, 56596)
(320, 231, 50280)
(320, 136, 11811)
(320, 51, 93376)
(320, 270, 60652)
(320, 258, 45007)
(320, 289, 73556)
(320, 311, 93733)
(320, 248, 76068)
(320, 105, 15625)
(321, 92, 48981)
(321, 208, 13181)
(321, 298, 3629)
(321, 234, 54533)
(321, 181, 52503)
(321, 98, 94027)
(321, 236, 41332)
(321, 261, 22790)
(321, 133, 80000)
(321, 79, 5357)
(321, 297, 56428)
(321, 296, 36313)
(321, 173, 67324)
(321, 20, 30246)
(321, 27, 41668)
(321, 6, 68155)
(321, 88, 59980)
(321, 101, 90735)
(321, 140, 13755)
(321, 193, 41660)
(321, 94, 63743)
(321, 4, 65171)
(321, 156, 53199)
(321, 219, 45146)
(321, 154, 28534)
(321, 87, 31274)
(321, 275, 28562)
(321, 1, 83656)
(321, 118, 2678)
(321, 106, 69698)
(321, 227, 19191)
(321, 299, 1002)
(321, 317, 12627)
(321, 54, 59414)
(321, 191, 92895)
(321, 132, 21330)
(321, 55, 61822)
(321, 223, 50493)
(321, 267, 25178)
(321, 224, 82502)
(321, 18, 54001)
(321, 76, 69718)
(321, 155, 15341)
(321, 158, 95847)
(321, 305, 4301)
(321, 8, 72822)
(321, 40, 89653)
(321, 183, 89103)
(321, 50, 95143)
(321, 75, 65768)
(321, 89, 91821)
(321, 180, 86119)
(321, 289, 36977)
(321, 36, 39100)
(321, 255, 20737)
(321, 232, 35811)
(321, 29, 90110)
(321, 91, 78084)
(321, 108, 22604)
(321, 213, 89366)
(321, 204, 75303)
(321, 145, 60952)
(321, 225, 28578)
(321, 198, 32941)
(321, 59, 63308)
(321, 316, 13362)
(321, 60, 57311)
(321, 190, 44495)
(321, 131, 6336)
(321, 218, 26572)
(321, 240, 9359)
(321, 268, 84415)
(321, 243, 34841)
(321, 239, 91728)
(321, 93, 64399)
(321, 241, 44975)
(321, 144, 11353)
(321, 201, 68631)
(321, 279, 20098)
(321, 162, 75199)
(321, 192, 22046)
(321, 159, 96661)
(321, 35, 84192)
(321, 42, 58012)
(321, 211, 17716)
(322, 32, 17269)
(322, 277, 39180)
(322, 106, 65497)
(322, 0, 71862)
(322, 38, 49897)
(322, 157, 89069)
(322, 242, 19913)
(322, 33, 37150)
(322, 181, 40163)
(322, 233, 7026)
(322, 21, 2004)
(322, 70, 26161)
(322, 284, 2066)
(322, 25, 65009)
(322, 60, 48177)
(322, 260, 42059)
(322, 228, 31549)
(322, 293, 34610)
(322, 142, 60591)
(322, 206, 99895)
(322, 76, 46771)
(322, 305, 11999)
(322, 2, 97791)
(322, 198, 92331)
(322, 22, 23708)
(322, 169, 40267)
(322, 17, 97644)
(322, 165, 5622)
(322, 299, 31177)
(322, 79, 49860)
(322, 175, 28907)
(322, 301, 82735)
(322, 318, 65822)
(322, 201, 39167)
(322, 35, 56037)
(322, 168, 68008)
(322, 125, 6019)
(322, 211, 88433)
(322, 229, 87122)
(322, 184, 49335)
(322, 87, 75040)
(322, 243, 79074)
(322, 49, 15004)
(322, 57, 10053)
(322, 115, 15262)
(322, 270, 81615)
(322, 298, 41843)
(322, 72, 33652)
(322, 81, 50289)
(322, 7, 97795)
(322, 316, 7816)
(322, 40, 90300)
(322, 191, 81292)
(322, 136, 30075)
(322, 74, 15974)
(322, 44, 4335)
(322, 89, 7640)
(322, 156, 61799)
(322, 126, 90737)
(322, 96, 51927)
(322, 127, 15048)
(322, 256, 56570)
(322, 161, 4990)
(322, 223, 82696)
(322, 174, 93776)
(322, 24, 50650)
(322, 268, 21384)
(322, 314, 35713)
(322, 183, 45699)
(322, 214, 28489)
(322, 110, 70454)
(322, 37, 33518)
(322, 249, 61246)
(322, 199, 58134)
(322, 307, 72548)
(322, 95, 50229)
(322, 64, 45073)
(322, 133, 88098)
(322, 177, 19774)
(322, 154, 55115)
(322, 8, 62928)
(322, 48, 77370)
(322, 152, 74753)
(322, 255, 14543)
(322, 131, 44439)
(322, 230, 10531)
(322, 262, 66216)
(322, 225, 78433)
(322, 216, 14802)
(322, 252, 90862)
(322, 166, 39270)
(322, 250, 43329)
(322, 61, 29948)
(322, 193, 3061)
(322, 261, 77977)
(322, 245, 68093)
(322, 273, 38992)
(322, 130, 96894)
(322, 180, 30285)
(322, 194, 23049)
(322, 140, 8904)
(322, 147, 26856)
(322, 202, 46029)
(322, 303, 28380)
(322, 179, 49720)
(322, 257, 66439)
(322, 34, 63635)
(322, 67, 81662)
(322, 203, 85030)
(322, 185, 64640)
(322, 292, 53005)
(322, 144, 64464)
(322, 205, 79767)
(322, 54, 87515)
(322, 287, 50928)
(322, 275, 34273)
(322, 92, 7982)
(322, 129, 1516)
(322, 56, 29045)
(322, 204, 3686)
(322, 302, 27043)
(322, 315, 7990)
(322, 15, 54517)
(322, 121, 52275)
(322, 143, 45510)
(322, 310, 55298)
(322, 11, 33946)
(322, 321, 13430)
(322, 271, 64597)
(322, 278, 60108)
(322, 291, 55218)
(322, 317, 8148)
(322, 196, 22962)
(322, 237, 1075)
(322, 65, 75008)
(322, 3, 75859)
(322, 45, 20573)
(322, 319, 65828)
(322, 218, 14427)
(322, 134, 26986)
(322, 173, 9807)
(322, 146, 30725)
(322, 288, 76085)
(322, 46, 57922)
(322, 36, 85681)
(322, 164, 12014)
(322, 226, 49857)
(322, 311, 94359)
(322, 14, 79373)
(322, 215, 88033)
(322, 162, 98079)
(322, 90, 66252)
(322, 159, 73343)
(322, 109, 78409)
(322, 221, 14828)
(322, 63, 58779)
(322, 267, 40499)
(322, 244, 69376)
(322, 182, 88754)
(322, 272, 53887)
(322, 217, 14904)
(322, 149, 74536)
(322, 73, 6280)
(322, 139, 54312)
(322, 274, 86475)
(322, 116, 67232)
(322, 97, 72089)
(322, 210, 99272)
(322, 309, 12782)
(322, 51, 27195)
(322, 105, 76643)
(322, 241, 44541)
(322, 231, 11276)
(322, 160, 65870)
(322, 20, 73594)
(322, 47, 41218)
(322, 114, 47203)
(322, 82, 5792)
(322, 220, 70088)
(322, 29, 3206)
(322, 289, 37782)
(322, 232, 4783)
(322, 62, 72910)
(322, 71, 55209)
(322, 53, 11991)
(322, 248, 39531)
(322, 238, 77161)
(322, 43, 90589)
(322, 128, 1423)
(322, 88, 18131)
(322, 313, 39400)
(322, 264, 85757)
(322, 6, 24392)
(322, 176, 72495)
(322, 138, 98435)
(322, 265, 23544)
(322, 150, 99806)
(322, 98, 97467)
(322, 103, 46715)
(322, 295, 6254)
(322, 155, 61201)
(322, 254, 96673)
(322, 122, 63565)
(322, 240, 74066)
(322, 78, 87236)
(322, 269, 94071)
(322, 112, 75107)
(322, 172, 5650)
(322, 236, 37913)
(322, 91, 54754)
(322, 251, 22916)
(322, 80, 90736)
(322, 50, 100288)
(322, 276, 59984)
(322, 94, 52800)
(322, 163, 73252)
(322, 120, 3396)
(322, 151, 17496)
(322, 68, 37300)
(322, 219, 87155)
(322, 13, 56553)
(322, 85, 31485)
(322, 93, 27009)
(322, 282, 49343)
(322, 158, 53669)
(322, 294, 78753)
(322, 213, 25522)
(322, 137, 38415)
(322, 227, 92779)
(322, 55, 67545)
(322, 9, 54103)
(322, 286, 64987)
(322, 102, 5644)
(322, 31, 71103)
(322, 119, 98434)
(322, 75, 60951)
(322, 312, 26325)
(322, 195, 99777)
(322, 104, 96480)
(322, 100, 81490)
(322, 135, 14104)
(322, 41, 10213)
(322, 253, 63704)
(322, 145, 39458)
(322, 235, 73006)
(322, 86, 60239)
(322, 39, 13298)
(322, 59, 55665)
(322, 290, 10073)
(322, 296, 11611)
(322, 207, 49173)
(322, 101, 74985)
(322, 266, 42080)
(322, 285, 12415)
(322, 30, 83153)
(322, 84, 83242)
(322, 306, 37450)
(322, 279, 28022)
(322, 26, 49861)
(322, 263, 4228)
(322, 4, 54000)
(322, 124, 66566)
(322, 280, 86329)
(323, 185, 59109)
(323, 306, 35855)
(323, 51, 767)
(323, 281, 93286)
(323, 43, 13278)
(323, 83, 24158)
(323, 137, 15170)
(323, 153, 18468)
(323, 211, 82129)
(323, 69, 5516)
(323, 244, 86437)
(323, 39, 28122)
(323, 147, 48426)
(323, 227, 77027)
(323, 42, 86784)
(323, 259, 94159)
(323, 307, 39789)
(323, 164, 57694)
(323, 291, 59377)
(323, 269, 23837)
(323, 66, 48450)
(323, 116, 50979)
(323, 251, 2877)
(323, 67, 78718)
(323, 13, 27720)
(323, 309, 68072)
(323, 139, 24088)
(323, 191, 73310)
(323, 246, 92031)
(323, 112, 41456)
(323, 318, 84694)
(323, 304, 78055)
(323, 289, 74137)
(323, 140, 56755)
(323, 204, 86011)
(323, 34, 58404)
(323, 280, 69635)
(323, 317, 92382)
(323, 64, 90775)
(323, 217, 50497)
(323, 45, 5670)
(323, 165, 28304)
(323, 228, 55923)
(323, 225, 43913)
(323, 57, 9145)
(323, 30, 61767)
(323, 182, 66314)
(323, 95, 33203)
(323, 255, 17885)
(323, 301, 66630)
(323, 29, 96779)
(323, 52, 66749)
(323, 106, 10975)
(323, 202, 89320)
(323, 117, 270)
(323, 229, 24760)
(323, 110, 57648)
(323, 272, 47104)
(323, 41, 5847)
(323, 152, 60045)
(323, 265, 70051)
(323, 273, 38036)
(323, 221, 918)
(323, 254, 47059)
(323, 253, 63674)
(323, 212, 40792)
(323, 31, 91086)
(323, 321, 21807)
(323, 290, 40271)
(323, 163, 92194)
(323, 74, 18801)
(323, 12, 56002)
(323, 33, 14007)
(323, 158, 34121)
(323, 308, 88807)
(323, 131, 65502)
(323, 115, 14246)
(323, 128, 11547)
(323, 270, 100307)
(323, 226, 62577)
(323, 274, 47105)
(323, 77, 75341)
(323, 142, 7402)
(323, 242, 84297)
(323, 145, 21803)
(323, 262, 64115)
(323, 0, 94897)
(323, 237, 92700)
(323, 256, 47672)
(323, 243, 37914)
(323, 148, 98227)
(323, 104, 2639)
(323, 59, 33223)
(323, 213, 69511)
(323, 177, 4438)
(323, 87, 79904)
(323, 238, 20958)
(323, 62, 63337)
(323, 284, 65650)
(323, 316, 26436)
(323, 180, 82763)
(323, 236, 98334)
(323, 267, 36176)
(323, 278, 49828)
(323, 292, 84766)
(323, 130, 64870)
(323, 315, 21387)
(323, 302, 76501)
(323, 133, 54095)
(323, 210, 13440)
(323, 88, 29057)
(323, 121, 79614)
(323, 197, 41861)
(323, 76, 74931)
(323, 143, 58213)
(323, 277, 55406)
(323, 11, 65851)
(323, 231, 18921)
(323, 28, 81502)
(323, 18, 91314)
(323, 206, 26394)
(323, 68, 19083)
(323, 132, 48996)
(323, 73, 63187)
(323, 193, 11550)
(323, 183, 2245)
(323, 86, 17543)
(323, 99, 94867)
(323, 125, 11175)
(323, 186, 11544)
(323, 263, 61620)
(323, 175, 26078)
(323, 84, 99148)
(323, 122, 32970)
(323, 107, 85704)
(323, 187, 10070)
(323, 314, 41651)
(323, 320, 60679)
(323, 233, 69682)
(323, 188, 36984)
(323, 79, 35028)
(323, 310, 14785)
(323, 24, 68524)
(323, 135, 58743)
(323, 168, 75140)
(323, 36, 63940)
(323, 65, 30888)
(323, 257, 76717)
(323, 138, 3963)
(323, 37, 73167)
(323, 232, 54569)
(323, 196, 95384)
(323, 298, 7564)
(323, 82, 43073)
(323, 172, 80712)
(323, 313, 100085)
(323, 75, 97919)
(323, 35, 46488)
(323, 70, 46119)
(323, 264, 78867)
(323, 134, 37487)
(323, 141, 91290)
(323, 127, 25695)
(323, 48, 100347)
(323, 260, 60291)
(323, 166, 17769)
(323, 119, 30261)
(323, 19, 37570)
(323, 44, 25482)
(323, 108, 3373)
(323, 32, 43146)
(323, 224, 60656)
(323, 319, 71494)
(323, 155, 53563)
(323, 261, 30884)
(323, 149, 25186)
(323, 38, 16550)
(323, 252, 291)
(323, 239, 66089)
(324, 53, 38182)
(324, 260, 96166)
(324, 101, 38506)
(324, 13, 72072)
(324, 317, 63867)
(324, 164, 93064)
(324, 251, 51688)
(324, 310, 87305)
(324, 148, 29280)
(324, 9, 10437)
(324, 245, 48971)
(324, 259, 70576)
(324, 204, 75020)
(324, 104, 44408)
(324, 49, 740)
(324, 22, 95322)
(324, 193, 80736)
(324, 136, 24269)
(324, 114, 75147)
(324, 56, 58509)
(324, 176, 51645)
(324, 139, 46527)
(324, 43, 82891)
(324, 35, 75122)
(324, 34, 57417)
(324, 77, 42578)
(324, 62, 35632)
(324, 125, 46819)
(324, 113, 3195)
(324, 51, 83744)
(324, 3, 24477)
(324, 6, 4906)
(324, 41, 40872)
(324, 244, 41248)
(324, 252, 37020)
(324, 106, 90013)
(324, 175, 58144)
(324, 5, 96638)
(324, 255, 96176)
(324, 61, 57475)
(324, 57, 10076)
(324, 318, 43078)
(324, 85, 47189)
(324, 74, 98107)
(324, 303, 18763)
(324, 218, 92340)
(324, 129, 10004)
(324, 209, 74408)
(324, 91, 21647)
(324, 210, 52191)
(324, 177, 29764)
(325, 308, 66488)
(325, 3, 49882)
(325, 175, 71863)
(325, 142, 41407)
(325, 314, 40311)
(325, 207, 80346)
(325, 146, 33066)
(325, 10, 79127)
(325, 35, 81905)
(325, 148, 29215)
(325, 125, 84864)
(325, 71, 81946)
(325, 174, 93989)
(325, 136, 73295)
(325, 75, 71292)
(325, 105, 18368)
(325, 166, 54631)
(325, 246, 34609)
(325, 25, 63101)
(325, 103, 56857)
(325, 227, 89055)
(325, 206, 89940)
(325, 293, 5550)
(325, 17, 23316)
(325, 145, 20311)
(325, 225, 97532)
(325, 158, 60773)
(325, 185, 65997)
(325, 72, 91928)
(325, 93, 77436)
(325, 172, 93684)
(325, 288, 46708)
(325, 282, 80554)
(325, 275, 41830)
(325, 249, 70345)
(325, 102, 13026)
(325, 156, 84273)
(325, 40, 88396)
(325, 214, 69815)
(325, 258, 7970)
(325, 74, 93349)
(325, 296, 33429)
(325, 39, 38405)
(325, 5, 19433)
(325, 241, 34757)
(325, 152, 27952)
(325, 245, 13899)
(325, 107, 38563)
(325, 55, 60067)
(325, 77, 8794)
(325, 313, 100192)
(325, 321, 63050)
(325, 228, 86942)
(325, 27, 12347)
(325, 324, 43643)
(325, 144, 51288)
(325, 231, 21641)
(325, 51, 98365)
(325, 291, 14727)
(325, 263, 43552)
(325, 276, 48627)
(325, 187, 76870)
(325, 123, 22428)
(325, 255, 82016)
(325, 230, 6266)
(325, 271, 68231)
(325, 210, 82806)
(325, 121, 83177)
(325, 111, 43270)
(325, 265, 26477)
(325, 4, 57672)
(325, 259, 29244)
(325, 203, 96378)
(325, 292, 80646)
(325, 11, 17731)
(325, 323, 23534)
(325, 284, 4564)
(325, 285, 32111)
(325, 167, 74253)
(325, 305, 94533)
(325, 45, 93880)
(325, 277, 20830)
(325, 43, 13671)
(325, 208, 35562)
(325, 161, 20498)
(325, 235, 78731)
(325, 217, 33170)
(325, 298, 65827)
(325, 195, 27252)
(325, 198, 61506)
(325, 216, 70678)
(325, 242, 85046)
(325, 250, 77081)
(325, 98, 77564)
(325, 96, 12915)
(325, 311, 33468)
(325, 130, 24217)
(325, 99, 93369)
(325, 224, 9000)
(325, 126, 32067)
(325, 62, 3493)
(325, 84, 71514)
(325, 215, 66748)
(325, 85, 40833)
(325, 24, 70691)
(325, 287, 41637)
(325, 108, 57811)
(325, 262, 83431)
(325, 135, 23489)
(325, 165, 82423)
(325, 202, 955)
(325, 315, 78048)
(325, 38, 34695)
(325, 44, 19754)
(325, 28, 73153)
(325, 100, 82329)
(325, 21, 7425)
(325, 286, 80783)
(325, 34, 52809)
(325, 42, 86769)
(325, 251, 9345)
(325, 14, 54160)
(325, 37, 71451)
(325, 213, 86893)
(325, 131, 10497)
(325, 112, 60259)
(325, 170, 77580)
(325, 82, 99504)
(325, 297, 13099)
(325, 171, 71945)
(325, 68, 38611)
(325, 65, 88260)
(325, 110, 5334)
(325, 97, 98291)
(325, 30, 78168)
(325, 101, 96417)
(325, 191, 19901)
(325, 200, 75792)
(325, 128, 82692)
(325, 95, 64219)
(325, 31, 82034)
(325, 179, 33195)
(325, 78, 8021)
(325, 279, 67213)
(325, 303, 7533)
(325, 247, 90417)
(325, 52, 71198)
(325, 32, 86243)
(325, 182, 29347)
(325, 212, 34105)
(325, 57, 36829)
(325, 209, 49226)
(325, 310, 68146)
(325, 162, 58194)
(325, 222, 39660)
(325, 261, 88542)
(325, 22, 70141)
(325, 295, 92875)
(325, 312, 48156)
(325, 178, 20581)
(325, 81, 71300)
(325, 304, 7868)
(325, 41, 82447)
(325, 2, 90854)
(325, 117, 14338)
(325, 16, 61584)
(325, 240, 41133)
(325, 23, 17040)
(325, 163, 91786)
(325, 86, 875)
(325, 63, 74901)
(325, 272, 67710)
(325, 188, 98348)
(325, 299, 31316)
(325, 274, 23194)
(325, 173, 27579)
(325, 118, 30133)
(325, 211, 34266)
(325, 120, 55451)
(325, 151, 712)
(325, 150, 89665)
(325, 184, 65848)
(325, 309, 23447)
(325, 114, 49644)
(325, 257, 38388)
(325, 0, 3558)
(325, 104, 15877)
(325, 106, 79981)
(325, 113, 37043)
(325, 140, 40759)
(325, 201, 25719)
(325, 139, 22427)
(325, 176, 24700)
(325, 119, 20734)
(325, 88, 88720)
(325, 193, 4208)
(325, 61, 805)
(325, 283, 64141)
(325, 234, 98676)
(325, 15, 5482)
(325, 302, 17493)
(325, 1, 68202)
(325, 59, 11655)
(325, 7, 95632)
(325, 138, 30650)
(325, 87, 2822)
(325, 29, 90829)
(325, 94, 69409)
(325, 48, 45202)
(325, 281, 9594)
(325, 134, 12831)
(325, 192, 90947)
(325, 19, 12912)
(325, 273, 27494)
(325, 254, 12908)
(325, 147, 4491)
(325, 266, 19450)
(325, 307, 17104)
(325, 186, 86902)
(325, 180, 405)
(325, 320, 48555)
(325, 190, 40313)
(325, 46, 70094)
(325, 264, 29716)
(325, 252, 41857)
(325, 221, 22677)
(325, 12, 49495)
(325, 83, 88886)
(325, 80, 94409)
(325, 92, 54382)
(325, 132, 92705)
(325, 168, 7947)
(325, 160, 94904)
(325, 122, 91147)
(325, 280, 93990)
(325, 268, 55915)
(325, 219, 92860)
(325, 243, 30623)
(325, 233, 49858)
(325, 289, 80356)
(325, 256, 77378)
(325, 127, 87246)
(325, 26, 13956)
(325, 70, 10543)
(325, 169, 84439)
(325, 244, 16599)
(325, 294, 30370)
(325, 278, 78363)
(325, 153, 78175)
(325, 232, 73660)
(325, 318, 31124)
(325, 204, 81837)
(325, 270, 66165)
(325, 306, 62261)
(325, 60, 72227)
(325, 218, 40323)
(325, 54, 203)
(325, 13, 34117)
(325, 6, 79832)
(325, 58, 23304)
(325, 319, 21867)
(325, 69, 57487)
(325, 49, 41109)
(325, 269, 62478)
(325, 177, 38242)
(325, 36, 65298)
(325, 76, 59787)
(325, 133, 27178)
(325, 20, 73014)
(325, 143, 31620)
(325, 196, 67986)
(325, 239, 14667)
(325, 9, 29620)
(325, 89, 44106)
(325, 260, 47051)
(325, 300, 34954)
(325, 220, 19898)
(325, 189, 66685)
(325, 141, 50579)
(325, 47, 24128)
(325, 137, 27313)
(325, 253, 78686)
(325, 115, 19644)
(325, 79, 71376)
(325, 155, 71612)
(325, 181, 81039)
(325, 64, 3996)
(325, 197, 21471)
(325, 53, 85492)
(325, 301, 48326)
(325, 91, 83774)
(325, 90, 42777)
(325, 18, 52945)
(325, 149, 67208)
(325, 109, 59115)
(325, 205, 7403)
(325, 223, 60630)
(325, 154, 29510)
(325, 50, 89241)
(325, 124, 75753)
(325, 317, 27336)
(325, 237, 5385)
(325, 129, 63411)
(325, 66, 31075)
(326, 23, 40208)
(326, 224, 363)
(326, 85, 63227)
(326, 317, 41102)
(326, 219, 20910)
(326, 177, 48909)
(326, 272, 51270)
(326, 84, 59941)
(326, 167, 9062)
(326, 42, 15027)
(326, 233, 46954)
(326, 194, 27087)
(326, 117, 70812)
(326, 119, 15836)
(326, 18, 65575)
(326, 309, 58121)
(326, 157, 86906)
(326, 199, 87718)
(326, 280, 75151)
(326, 76, 73284)
(326, 176, 1458)
(326, 235, 50584)
(326, 266, 41670)
(326, 271, 29957)
(326, 323, 56110)
(326, 289, 77061)
(326, 190, 35433)
(326, 74, 84270)
(326, 277, 90939)
(326, 261, 1514)
(326, 134, 24592)
(326, 111, 39548)
(326, 163, 82160)
(326, 189, 21780)
(326, 284, 3335)
(326, 96, 16)
(326, 75, 32305)
(326, 324, 33476)
(326, 131, 29830)
(326, 191, 50904)
(326, 149, 5479)
(326, 24, 16472)
(326, 183, 97723)
(326, 77, 32729)
(326, 302, 28358)
(326, 267, 85654)
(326, 8, 57241)
(326, 87, 39181)
(326, 107, 42015)
(326, 236, 24157)
(326, 283, 100029)
(326, 211, 42104)
(326, 306, 72930)
(326, 147, 98524)
(326, 15, 99017)
(326, 43, 69478)
(326, 20, 35052)
(326, 127, 34271)
(326, 320, 20226)
(326, 193, 9507)
(326, 68, 100220)
(326, 162, 52837)
(326, 3, 9689)
(326, 121, 13813)
(326, 269, 62918)
(326, 247, 30387)
(326, 110, 64902)
(326, 9, 5150)
(326, 11, 46187)
(326, 125, 70738)
(326, 230, 50864)
(326, 12, 15664)
(326, 60, 61945)
(326, 58, 80574)
(326, 290, 93701)
(326, 1, 54699)
(326, 197, 88649)
(326, 92, 91445)
(326, 66, 38264)
(326, 187, 72717)
(326, 53, 9962)
(326, 171, 83474)
(326, 286, 26690)
(326, 158, 36937)
(326, 140, 48622)
(326, 88, 52600)
(326, 273, 32493)
(326, 145, 51411)
(326, 175, 73885)
(326, 168, 2627)
(326, 143, 42384)
(326, 258, 85612)
(326, 105, 71232)
(326, 47, 78426)
(326, 223, 67722)
(326, 202, 38962)
(326, 279, 53606)
(326, 13, 30275)
(326, 25, 44597)
(326, 229, 78525)
(326, 204, 11898)
(326, 40, 82264)
(326, 209, 53788)
(326, 243, 84620)
(326, 203, 4421)
(326, 122, 69055)
(326, 133, 14707)
(326, 200, 16645)
(326, 195, 50934)
(326, 225, 51593)
(326, 242, 53268)
(326, 181, 19168)
(326, 282, 169)
(326, 129, 69388)
(326, 99, 41211)
(326, 19, 16610)
(326, 254, 66141)
(326, 241, 82201)
(326, 213, 12270)
(326, 299, 10148)
(326, 166, 21288)
(326, 264, 95938)
(326, 205, 70444)
(326, 17, 7673)
(326, 300, 26617)
(326, 115, 5112)
(326, 109, 76939)
(326, 301, 85888)
(326, 46, 20684)
(326, 6, 19906)
(326, 316, 73465)
(326, 118, 76526)
(326, 196, 59196)
(326, 210, 58704)
(326, 62, 69398)
(326, 169, 60745)
(326, 208, 16009)
(326, 293, 67971)
(326, 36, 20933)
(326, 41, 46097)
(326, 95, 93009)
(326, 294, 28666)
(326, 222, 94477)
(326, 29, 93854)
(326, 22, 63658)
(326, 297, 34524)
(326, 240, 46949)
(326, 318, 40073)
(326, 220, 94483)
(326, 246, 81447)
(326, 4, 55299)
(326, 59, 7289)
(326, 154, 75193)
(326, 144, 49826)
(326, 39, 50681)
(326, 91, 35955)
(326, 136, 7742)
(326, 153, 21099)
(327, 56, 43050)
(327, 320, 64116)
(327, 25, 50370)
(327, 279, 73316)
(327, 232, 54448)
(327, 60, 1673)
(327, 7, 6131)
(327, 222, 17877)
(327, 161, 88687)
(327, 111, 1957)
(327, 303, 87817)
(327, 36, 15229)
(327, 165, 27639)
(327, 178, 8968)
(327, 181, 76323)
(327, 265, 50716)
(327, 109, 31240)
(327, 144, 35458)
(327, 195, 11593)
(327, 55, 28147)
(327, 110, 14055)
(327, 312, 37431)
(327, 152, 67652)
(327, 297, 82166)
(327, 174, 891)
(327, 47, 23232)
(327, 1, 87184)
(327, 64, 87410)
(327, 77, 76321)
(327, 179, 91816)
(327, 99, 97200)
(327, 62, 67993)
(327, 97, 10610)
(327, 92, 28318)
(327, 228, 9617)
(327, 172, 6765)
(327, 200, 61121)
(327, 168, 2340)
(327, 212, 46817)
(327, 105, 28253)
(327, 299, 30497)
(327, 54, 67518)
(327, 321, 4803)
(327, 164, 72891)
(327, 96, 68461)
(327, 244, 66540)
(327, 322, 65982)
(327, 167, 720)
(327, 51, 73851)
(327, 94, 81345)
(327, 183, 84057)
(327, 308, 75)
(327, 93, 40099)
(327, 6, 46165)
(327, 230, 91036)
(327, 81, 71211)
(327, 106, 3214)
(327, 150, 82377)
(327, 82, 58638)
(327, 121, 33069)
(327, 52, 74667)
(327, 251, 6584)
(327, 186, 35033)
(327, 196, 53130)
(327, 145, 13664)
(327, 12, 33320)
(327, 220, 21871)
(327, 136, 46169)
(327, 2, 20503)
(327, 42, 83201)
(327, 180, 62569)
(327, 26, 97957)
(327, 11, 43989)
(327, 285, 17285)
(327, 266, 81437)
(327, 261, 53407)
(327, 199, 62517)
(327, 231, 24833)
(327, 43, 13499)
(327, 33, 142)
(327, 17, 50151)
(327, 213, 51483)
(327, 284, 63028)
(327, 260, 79988)
(327, 263, 4983)
(327, 84, 81083)
(327, 32, 79006)
(327, 235, 3128)
(327, 22, 93807)
(327, 268, 56591)
(327, 173, 84248)
(327, 20, 38409)
(327, 291, 32277)
(327, 127, 22969)
(327, 120, 66584)
(327, 223, 24439)
(327, 325, 81889)
(327, 141, 76185)
(327, 259, 94786)
(327, 209, 9152)
(327, 143, 77068)
(327, 273, 89319)
(327, 197, 51785)
(327, 317, 78628)
(327, 40, 58019)
(327, 163, 33578)
(327, 59, 35592)
(327, 89, 76094)
(327, 113, 76058)
(327, 278, 56332)
(327, 116, 96856)
(327, 38, 56488)
(327, 4, 56013)
(327, 283, 31650)
(327, 49, 77209)
(327, 237, 14115)
(327, 133, 64155)
(327, 41, 59393)
(327, 221, 34428)
(327, 155, 19539)
(327, 73, 2980)
(327, 132, 43124)
(327, 207, 82327)
(327, 100, 47230)
(327, 70, 47574)
(327, 156, 8307)
(327, 218, 59583)
(327, 254, 8621)
(327, 117, 99386)
(327, 188, 95476)
(327, 85, 12723)
(327, 256, 73775)
(327, 88, 97176)
(327, 79, 50582)
(327, 262, 79846)
(327, 277, 1991)
(327, 125, 2835)
(327, 95, 71585)
(327, 234, 3619)
(327, 194, 74191)
(327, 147, 94806)
(327, 298, 25636)
(327, 229, 32812)
(327, 210, 5276)
(327, 323, 98336)
(327, 233, 33239)
(327, 149, 40000)
(327, 192, 98156)
(327, 48, 974)
(327, 91, 76843)
(327, 126, 247)
(327, 34, 80719)
(327, 28, 55424)
(327, 102, 47876)
(327, 307, 99402)
(327, 264, 65585)
(327, 74, 2743)
(327, 104, 86460)
(327, 118, 89821)
(327, 115, 83513)
(327, 171, 53927)
(327, 318, 41302)
(327, 154, 1913)
(327, 310, 54514)
(327, 296, 20620)
(327, 8, 50115)
(327, 238, 66363)
(327, 275, 79516)
(327, 67, 77415)
(327, 326, 91888)
(327, 86, 48742)
(327, 71, 3452)
(327, 166, 23883)
(327, 57, 41005)
(327, 24, 450)
(327, 243, 5871)
(327, 13, 78508)
(327, 255, 50748)
(327, 204, 95032)
(327, 65, 7377)
(327, 98, 60958)
(327, 66, 7507)
(327, 124, 74431)
(327, 269, 6380)
(327, 185, 20585)
(327, 257, 38229)
(327, 137, 70925)
(327, 319, 91617)
(327, 216, 80222)
(327, 72, 75909)
(327, 46, 11404)
(327, 142, 38493)
(327, 224, 10681)
(327, 191, 70977)
(327, 217, 85656)
(328, 291, 10692)
(328, 19, 85905)
(328, 289, 65772)
(328, 214, 14859)
(328, 105, 69455)
(328, 287, 5668)
(328, 248, 44854)
(328, 304, 15191)
(328, 225, 89214)
(328, 217, 47752)
(328, 199, 88114)
(328, 218, 6929)
(328, 113, 96404)
(328, 277, 96623)
(328, 139, 93011)
(328, 11, 97944)
(328, 280, 95131)
(328, 40, 18754)
(328, 140, 75438)
(328, 316, 56714)
(328, 294, 77885)
(328, 166, 26464)
(328, 88, 33936)
(328, 46, 92868)
(328, 299, 501)
(328, 309, 708)
(328, 208, 49069)
(328, 53, 11291)
(328, 80, 71577)
(328, 17, 49002)
(328, 204, 7383)
(328, 228, 74111)
(328, 42, 23969)
(328, 156, 96901)
(328, 4, 94579)
(328, 310, 47082)
(328, 255, 29561)
(328, 232, 10488)
(328, 134, 84495)
(328, 22, 56336)
(328, 170, 87330)
(328, 274, 28368)
(328, 202, 40870)
(328, 76, 62304)
(328, 121, 727)
(328, 149, 80856)
(328, 168, 47335)
(328, 122, 25836)
(328, 14, 14988)
(328, 229, 41933)
(328, 18, 66344)
(328, 119, 55806)
(328, 81, 42074)
(328, 283, 13819)
(328, 59, 18241)
(328, 10, 6535)
(328, 136, 59183)
(328, 70, 51326)
(328, 324, 37660)
(328, 273, 55256)
(328, 268, 44112)
(328, 16, 77897)
(328, 20, 16629)
(328, 77, 63400)
(328, 264, 80340)
(328, 240, 15247)
(328, 130, 85063)
(328, 21, 84767)
(328, 0, 27853)
(328, 103, 61652)
(328, 165, 66284)
(328, 25, 73263)
(328, 257, 16185)
(328, 7, 40238)
(328, 201, 6003)
(328, 285, 12321)
(328, 37, 98936)
(328, 162, 26107)
(328, 78, 3344)
(328, 5, 14202)
(328, 325, 42350)
(328, 3, 40750)
(328, 55, 26716)
(328, 126, 37428)
(328, 323, 9429)
(328, 254, 23949)
(328, 282, 42922)
(328, 174, 19771)
(328, 211, 8081)
(328, 135, 93516)
(328, 256, 82409)
(328, 157, 18045)
(328, 106, 46060)
(328, 6, 47673)
(328, 38, 40405)
(328, 191, 76850)
(328, 267, 13950)
(328, 163, 98795)
(328, 51, 74732)
(328, 93, 50869)
(328, 262, 37595)
(328, 152, 94520)
(328, 82, 12417)
(328, 186, 91193)
(328, 292, 95287)
(328, 91, 42103)
(328, 158, 32946)
(328, 184, 100240)
(328, 298, 31691)
(328, 290, 55486)
(328, 58, 9306)
(328, 118, 34190)
(328, 315, 95095)
(328, 144, 41490)
(328, 251, 97727)
(328, 210, 50617)
(328, 109, 2027)
(328, 101, 29040)
(328, 33, 74960)
(328, 102, 9844)
(328, 263, 84164)
(328, 278, 78317)
(328, 326, 72865)
(328, 238, 59632)
(328, 2, 41662)
(328, 66, 4033)
(328, 47, 32988)
(328, 195, 59562)
(328, 179, 16011)
(328, 86, 45694)
(328, 26, 56796)
(328, 138, 38612)
(328, 57, 59154)
(328, 171, 93385)
(328, 198, 1288)
(328, 301, 66427)
(328, 265, 3982)
(328, 296, 84735)
(328, 104, 84559)
(328, 233, 99188)
(328, 226, 29153)
(328, 71, 39778)
(328, 13, 84866)
(328, 300, 35561)
(328, 34, 67632)
(328, 151, 92413)
(328, 181, 77119)
(328, 145, 94209)
(328, 306, 75189)
(328, 8, 52944)
(328, 72, 37910)
(328, 143, 43512)
(328, 259, 96488)
(328, 169, 93105)
(328, 150, 50024)
(328, 243, 80034)
(328, 97, 33731)
(328, 303, 53395)
(328, 90, 2857)
(328, 231, 55456)
(328, 147, 93013)
(328, 92, 22811)
(328, 281, 70735)
(328, 272, 94991)
(328, 44, 86646)
(328, 63, 96668)
(328, 133, 47855)
(328, 69, 30823)
(328, 75, 72726)
(328, 293, 19758)
(328, 65, 9775)
(328, 160, 78976)
(328, 219, 92664)
(328, 284, 3824)
(328, 30, 23985)
(328, 31, 33895)
(328, 73, 70363)
(328, 266, 70047)
(328, 28, 17469)
(328, 36, 71032)
(328, 187, 9936)
(328, 142, 17524)
(328, 48, 55988)
(328, 250, 82244)
(328, 244, 50307)
(328, 252, 44529)
(328, 288, 97964)
(328, 110, 20696)
(328, 56, 3197)
(328, 124, 69133)
(328, 223, 61187)
(328, 67, 95366)
(328, 241, 40460)
(328, 172, 83757)
(328, 312, 13727)
(328, 32, 51096)
(328, 207, 14468)
(328, 141, 97886)
(328, 320, 66700)
(328, 249, 21753)
(328, 123, 7801)
(328, 129, 32993)
(328, 269, 78270)
(328, 154, 8880)
(328, 213, 54787)
(328, 177, 8367)
(328, 27, 19500)
(328, 242, 17396)
(328, 12, 6692)
(328, 209, 69312)
(328, 206, 95794)
(328, 189, 80785)
(328, 79, 96079)
(328, 220, 8114)
(328, 39, 37176)
(328, 197, 33033)
(328, 108, 28217)
(328, 270, 30399)
(328, 239, 26401)
(328, 275, 68914)
(329, 78, 85012)
(329, 46, 62742)
(329, 241, 94709)
(329, 89, 56259)
(329, 45, 3098)
(329, 291, 62677)
(329, 315, 51037)
(329, 173, 64593)
(329, 159, 27670)
(329, 272, 51990)
(329, 317, 19441)
(329, 277, 96182)
(329, 239, 23478)
(329, 316, 83555)
(329, 64, 77281)
(329, 8, 82718)
(329, 87, 12243)
(329, 297, 30756)
(329, 26, 41961)
(329, 194, 55967)
(329, 295, 57424)
(329, 169, 32005)
(329, 113, 18984)
(329, 300, 56549)
(329, 309, 2128)
(329, 29, 13458)
(329, 305, 94798)
(329, 203, 26074)
(329, 310, 56712)
(329, 52, 66295)
(329, 215, 25942)
(329, 198, 35180)
(329, 144, 46288)
(329, 276, 10163)
(329, 105, 60185)
(329, 0, 12923)
(329, 12, 37522)
(329, 152, 28134)
(329, 88, 69125)
(329, 326, 15329)
(329, 94, 58052)
(329, 117, 797)
(329, 249, 89540)
(329, 161, 85062)
(329, 38, 72550)
(329, 228, 25032)
(329, 59, 3637)
(329, 141, 61268)
(329, 306, 16994)
(329, 124, 83879)
(329, 74, 74156)
(329, 80, 19813)
(329, 121, 67104)
(329, 244, 92276)
(329, 55, 33402)
(329, 254, 35061)
(329, 75, 35614)
(329, 176, 73458)
(329, 235, 35303)
(329, 304, 87031)
(329, 3, 16410)
(329, 125, 32207)
(329, 60, 82236)
(329, 76, 10156)
(329, 182, 73536)
(329, 4, 2665)
(329, 261, 94927)
(329, 298, 65353)
(329, 50, 88920)
(329, 266, 13516)
(329, 328, 52486)
(329, 187, 11957)
(329, 269, 61281)
(329, 82, 97769)
(329, 18, 98845)
(329, 118, 17622)
(329, 162, 67156)
(329, 140, 92163)
(329, 177, 74738)
(329, 71, 55485)
(329, 257, 62170)
(329, 66, 69151)
(329, 223, 38367)
(329, 37, 62082)
(329, 319, 85756)
(329, 320, 71695)
(329, 181, 61781)
(329, 221, 26211)
(329, 220, 94088)
(329, 175, 4758)
(329, 185, 45298)
(329, 91, 36746)
(329, 168, 65927)
(329, 5, 24517)
(330, 98, 95341)
(330, 182, 89471)
(330, 202, 78765)
(330, 61, 94128)
(330, 9, 54939)
(330, 281, 56872)
(330, 89, 58579)
(330, 204, 83523)
(330, 170, 47386)
(330, 268, 24066)
(330, 252, 7787)
(330, 209, 86091)
(330, 77, 15756)
(330, 195, 15677)
(330, 322, 11820)
(330, 92, 92896)
(330, 307, 37224)
(330, 102, 61372)
(330, 158, 72387)
(330, 164, 82267)
(330, 31, 2758)
(330, 296, 100213)
(330, 60, 9569)
(330, 67, 31517)
(330, 294, 53665)
(330, 249, 62600)
(330, 19, 18595)
(330, 59, 28036)
(330, 22, 2490)
(330, 142, 39161)
(330, 184, 19987)
(330, 277, 64035)
(330, 308, 916)
(330, 99, 44469)
(330, 230, 6628)
(330, 160, 83789)
(330, 309, 92848)
(330, 73, 16369)
(330, 44, 33720)
(330, 186, 43217)
(330, 91, 64321)
(330, 16, 80640)
(330, 55, 94525)
(330, 1, 17821)
(330, 4, 12122)
(330, 125, 15106)
(330, 118, 66707)
(330, 280, 14862)
(330, 143, 26111)
(330, 301, 5927)
(330, 300, 55656)
(330, 147, 78156)
(330, 171, 49160)
(330, 41, 18220)
(330, 188, 90921)
(330, 235, 33292)
(330, 68, 96512)
(330, 187, 26730)
(330, 86, 39452)
(330, 267, 12194)
(330, 64, 67287)
(330, 236, 51374)
(330, 65, 16918)
(330, 298, 28264)
(330, 263, 77426)
(330, 39, 6159)
(330, 36, 72469)
(330, 231, 4318)
(330, 310, 70121)
(330, 215, 50218)
(330, 130, 58231)
(330, 17, 7940)
(330, 278, 8410)
(330, 200, 66731)
(330, 38, 78102)
(330, 7, 23130)
(330, 82, 67964)
(330, 121, 33057)
(330, 14, 47109)
(330, 247, 63762)
(330, 2, 87452)
(330, 239, 53683)
(330, 240, 49532)
(330, 83, 61435)
(330, 56, 23957)
(330, 54, 46597)
(330, 88, 27587)
(330, 203, 90874)
(330, 13, 17386)
(330, 242, 82219)
(330, 221, 88799)
(330, 21, 2955)
(330, 248, 52830)
(330, 152, 40800)
(330, 122, 35334)
(330, 133, 70077)
(330, 318, 65740)
(330, 27, 65442)
(330, 106, 30860)
(330, 191, 88332)
(330, 156, 40342)
(330, 25, 63536)
(330, 259, 65875)
(330, 288, 8247)
(330, 224, 60748)
(330, 70, 72499)
(330, 6, 77122)
(330, 29, 41241)
(330, 74, 52978)
(330, 10, 30180)
(330, 101, 83821)
(330, 87, 24313)
(330, 115, 73942)
(330, 24, 37933)
(330, 193, 15931)
(330, 141, 69918)
(330, 96, 38679)
(330, 45, 92902)
(330, 111, 93935)
(330, 33, 14575)
(330, 262, 89250)
(330, 258, 31683)
(330, 128, 3799)
(330, 75, 43949)
(330, 189, 38410)
(330, 169, 54797)
(330, 20, 10569)
(330, 51, 32649)
(330, 311, 87287)
(330, 213, 16840)
(330, 155, 64639)
(330, 326, 6669)
(330, 30, 22856)
(330, 176, 74390)
(330, 181, 99575)
(330, 257, 81537)
(330, 270, 57466)
(330, 108, 62962)
(330, 238, 82957)
(330, 100, 2410)
(330, 149, 54750)
(330, 250, 53279)
(330, 43, 40941)
(330, 327, 55914)
(330, 211, 45765)
(330, 222, 15796)
(330, 146, 63656)
(330, 117, 18281)
(330, 138, 21141)
(330, 316, 76155)
(330, 234, 75619)
(330, 175, 44773)
(330, 282, 24288)
(330, 114, 38824)
(330, 104, 83583)
(330, 136, 36104)
(330, 319, 48568)
(330, 78, 38935)
(330, 289, 92355)
(330, 103, 82452)
(330, 5, 5979)
(330, 291, 19176)
(330, 313, 95828)
(330, 145, 89305)
(330, 84, 81372)
(330, 119, 64569)
(330, 329, 77593)
(330, 317, 34862)
(330, 139, 75231)
(330, 85, 29046)
(330, 285, 12277)
(330, 199, 99882)
(330, 32, 62)
(330, 126, 61054)
(330, 218, 14358)
(330, 153, 26279)
(330, 273, 80110)
(330, 328, 97530)
(330, 225, 94900)
(330, 81, 67157)
(330, 243, 1548)
(330, 254, 60761)
(330, 302, 87315)
(330, 299, 24568)
(330, 168, 8080)
(330, 314, 70499)
(330, 212, 98726)
(330, 216, 44847)
(330, 93, 33913)
(330, 219, 10455)
(330, 34, 77989)
(330, 154, 3136)
(330, 90, 23587)
(330, 95, 16344)
(330, 271, 64209)
(330, 237, 89605)
(330, 148, 92006)
(330, 140, 56105)
(330, 256, 40916)
(330, 47, 45033)
(330, 293, 65121)
(330, 244, 61125)
(330, 251, 47923)
(330, 8, 9596)
(330, 23, 27538)
(330, 321, 97890)
(330, 135, 16237)
(330, 245, 17847)
(330, 49, 37410)
(330, 80, 38171)
(330, 241, 97089)
(330, 192, 30418)
(330, 207, 60004)
(330, 227, 16486)
(330, 323, 30238)
(330, 0, 60440)
(330, 18, 31270)
(330, 66, 68896)
(330, 28, 58282)
(330, 246, 59502)
(330, 261, 65025)
(330, 283, 6114)
(330, 286, 4039)
(330, 11, 1152)
(330, 177, 76267)
(330, 35, 74278)
(330, 3, 23924)
(330, 197, 88582)
(330, 42, 89029)
(330, 228, 97908)
(330, 57, 5330)
(330, 131, 25817)
(330, 183, 42306)
(330, 53, 37991)
(330, 190, 20802)
(330, 37, 64365)
(330, 110, 30590)
(330, 284, 52890)
(330, 178, 83963)
(330, 304, 75190)
(330, 58, 98781)
(330, 112, 2773)
(330, 151, 16404)
(330, 46, 48256)
(330, 196, 80722)
(330, 62, 75620)
(330, 287, 68410)
(330, 50, 6716)
(330, 127, 67243)
(330, 260, 83397)
(331, 195, 61022)
(331, 6, 49375)
(331, 129, 11026)
(331, 77, 91893)
(331, 133, 10781)
(331, 223, 20927)
(331, 303, 60875)
(331, 66, 80949)
(331, 248, 41570)
(331, 76, 56627)
(331, 73, 8626)
(331, 301, 15979)
(331, 178, 65010)
(331, 156, 71894)
(331, 33, 13061)
(331, 305, 76145)
(331, 145, 41347)
(331, 72, 98068)
(331, 255, 18150)
(331, 48, 49478)
(331, 282, 87929)
(331, 17, 60763)
(331, 96, 96373)
(331, 36, 54205)
(331, 268, 17220)
(331, 311, 12172)
(331, 313, 76261)
(331, 317, 61109)
(331, 201, 86785)
(331, 326, 3116)
(331, 314, 86650)
(331, 188, 61724)
(331, 104, 77599)
(331, 164, 51980)
(331, 234, 34106)
(331, 26, 78917)
(331, 112, 87200)
(331, 130, 33209)
(331, 247, 5635)
(331, 250, 33882)
(331, 120, 30659)
(331, 5, 71298)
(331, 194, 7735)
(331, 153, 79475)
(331, 106, 15348)
(331, 212, 13726)
(331, 159, 62633)
(331, 75, 14835)
(331, 113, 81465)
(331, 125, 94413)
(331, 62, 34213)
(331, 170, 95017)
(331, 266, 83612)
(331, 158, 33112)
(331, 37, 14241)
(331, 108, 30378)
(331, 42, 35959)
(331, 94, 84451)
(331, 101, 34717)
(331, 216, 89362)
(331, 137, 70159)
(331, 245, 21461)
(331, 13, 46599)
(331, 118, 61769)
(331, 320, 36770)
(331, 70, 8847)
(331, 204, 16031)
(331, 329, 16317)
(331, 324, 71028)
(331, 22, 80629)
(331, 74, 30324)
(331, 82, 76481)
(331, 196, 3286)
(331, 284, 42994)
(331, 174, 23767)
(331, 260, 22605)
(331, 1, 94223)
(331, 132, 35034)
(331, 84, 13929)
(331, 193, 96950)
(331, 183, 1260)
(331, 29, 95358)
(331, 47, 35559)
(331, 90, 69885)
(331, 85, 97084)
(331, 51, 60768)
(331, 107, 73644)
(331, 7, 19073)
(331, 296, 28918)
(331, 239, 32951)
(331, 263, 25319)
(331, 35, 59802)
(331, 294, 50042)
(331, 141, 93554)
(331, 92, 73936)
(331, 289, 12087)
(331, 259, 21195)
(331, 89, 46088)
(331, 15, 3596)
(331, 110, 74639)
(331, 210, 73220)
(331, 214, 94918)
(331, 325, 85119)
(331, 270, 29805)
(331, 52, 76091)
(331, 24, 74507)
(331, 219, 56908)
(331, 124, 83332)
(331, 171, 39820)
(331, 323, 66654)
(331, 68, 47378)
(331, 215, 49015)
(331, 237, 29461)
(331, 321, 29010)
(331, 179, 59906)
(331, 128, 24435)
(331, 277, 99764)
(331, 306, 369)
(331, 231, 31337)
(331, 119, 58153)
(331, 64, 67562)
(331, 274, 98188)
(331, 251, 84032)
(331, 71, 46704)
(331, 87, 15815)
(331, 295, 40306)
(331, 88, 1577)
(331, 280, 88226)
(331, 283, 7864)
(331, 298, 10647)
(331, 148, 28093)
(331, 46, 56440)
(331, 232, 30097)
(331, 244, 97949)
(331, 177, 43145)
(331, 111, 36239)
(331, 327, 9092)
(331, 135, 72915)
(331, 79, 4418)
(331, 146, 37261)
(331, 93, 36102)
(331, 59, 9718)
(331, 152, 59890)
(331, 257, 89627)
(331, 242, 38931)
(331, 168, 23121)
(331, 209, 46226)
(331, 23, 99763)
(331, 264, 54645)
(331, 187, 94813)
(331, 136, 48220)
(331, 98, 4142)
(331, 181, 61806)
(331, 292, 4929)
(331, 162, 17430)
(331, 218, 67316)
(331, 199, 88556)
(331, 182, 36675)
(331, 50, 4036)
(331, 0, 61405)
(331, 157, 34504)
(331, 236, 63055)
(331, 190, 19431)
(331, 230, 57000)
(331, 142, 17057)
(331, 202, 40610)
(331, 304, 6643)
(331, 4, 65057)
(331, 180, 38789)
(331, 165, 38420)
(331, 316, 91442)
(331, 78, 3110)
(331, 203, 67822)
(331, 318, 88093)
(331, 32, 49450)
(331, 221, 28388)
(331, 287, 18460)
(331, 319, 33671)
(331, 3, 23471)
(331, 57, 92068)
(331, 217, 18083)
(331, 330, 51202)
(331, 297, 70690)
(331, 300, 91306)
(331, 139, 32855)
(331, 198, 80168)
(331, 275, 42703)
(331, 53, 96419)
(331, 38, 91670)
(331, 208, 50330)
(331, 100, 55234)
(331, 102, 25750)
(331, 205, 55200)
(331, 285, 85109)
(331, 308, 100159)
(331, 271, 12955)
(331, 293, 21100)
(331, 81, 26210)
(331, 31, 23422)
(331, 150, 91822)
(331, 310, 83223)
(331, 233, 62797)
(331, 207, 84593)
(331, 258, 93491)
(331, 27, 1374)
(331, 272, 20777)
(331, 269, 80784)
(331, 21, 7465)
(331, 249, 27929)
(331, 56, 27586)
(331, 34, 845)
(331, 2, 12106)
(331, 11, 21555)
(331, 213, 34475)
(331, 186, 78799)
(331, 169, 42735)
(331, 220, 91740)
(331, 315, 7464)
(331, 261, 28908)
(331, 114, 24856)
(331, 55, 63965)
(331, 254, 18259)
(331, 163, 32740)
(331, 44, 97522)
(331, 189, 92769)
(331, 18, 95967)
(331, 206, 99206)
(331, 40, 85832)
(331, 175, 35900)
(331, 121, 5546)
(331, 54, 48010)
(331, 176, 54172)
(331, 160, 41228)
(331, 39, 44008)
(331, 191, 21997)
(331, 131, 71947)
(331, 138, 64354)
(331, 144, 90411)
(331, 222, 82400)
(331, 28, 48358)
(331, 185, 6556)
(331, 116, 17531)
(331, 63, 78042)
(331, 290, 12099)
(331, 262, 46567)
(331, 235, 12498)
(331, 149, 66856)
(331, 123, 18072)
(331, 226, 86720)
(331, 273, 74823)
(331, 246, 8353)
(331, 20, 24024)
(331, 302, 89727)
(331, 25, 78940)
(331, 229, 26655)
(331, 109, 71367)
(331, 115, 89236)
(331, 60, 98862)
(331, 228, 44637)
(331, 97, 20481)
(331, 253, 45225)
(332, 166, 16945)
(332, 159, 91551)
(332, 308, 98247)
(332, 45, 44630)
(332, 281, 32868)
(332, 273, 85039)
(332, 96, 91698)
(332, 113, 38953)
(332, 33, 46812)
(332, 91, 3569)
(332, 15, 41015)
(332, 64, 94494)
(332, 293, 75161)
(332, 80, 79061)
(332, 323, 5163)
(332, 220, 60480)
(332, 72, 26994)
(332, 259, 96805)
(332, 207, 11074)
(332, 164, 42889)
(332, 286, 76799)
(332, 239, 66444)
(332, 47, 22751)
(332, 133, 77982)
(332, 170, 55330)
(332, 288, 78083)
(332, 294, 26926)
(332, 196, 29211)
(332, 51, 40634)
(332, 295, 74067)
(332, 17, 13107)
(332, 123, 1871)
(332, 327, 23642)
(332, 296, 35123)
(332, 304, 62114)
(332, 226, 81254)
(332, 32, 29467)
(332, 39, 21722)
(332, 306, 71399)
(332, 26, 91165)
(332, 257, 3587)
(332, 82, 61305)
(332, 183, 22410)
(332, 30, 14006)
(332, 302, 35654)
(332, 6, 34302)
(332, 252, 34096)
(332, 95, 67091)
(332, 255, 89293)
(332, 7, 51431)
(332, 261, 95509)
(332, 63, 100131)
(332, 148, 82167)
(332, 282, 75843)
(332, 29, 11821)
(332, 181, 87803)
(332, 277, 3436)
(332, 54, 85433)
(332, 143, 71285)
(332, 92, 42119)
(332, 213, 5016)
(332, 292, 95049)
(332, 0, 67430)
(332, 299, 46417)
(332, 258, 82684)
(332, 107, 42349)
(332, 305, 71960)
(332, 187, 28921)
(332, 127, 51619)
(332, 28, 22331)
(332, 89, 22262)
(332, 135, 89200)
(332, 263, 88513)
(332, 106, 11767)
(332, 20, 45965)
(332, 326, 50507)
(332, 97, 47569)
(332, 131, 94222)
(332, 234, 38226)
(332, 268, 5884)
(332, 184, 46680)
(332, 328, 77055)
(332, 111, 190)
(333, 38, 75468)
(333, 294, 98383)
(333, 21, 744)
(333, 198, 51896)
(333, 40, 25382)
(333, 126, 38212)
(333, 98, 13068)
(333, 187, 13277)
(333, 29, 82793)
(333, 330, 15099)
(333, 151, 4299)
(333, 250, 6070)
(333, 76, 85350)
(333, 329, 86368)
(333, 59, 75860)
(333, 172, 71141)
(333, 138, 93617)
(333, 249, 24560)
(333, 225, 33249)
(333, 308, 41394)
(333, 217, 17452)
(333, 33, 62016)
(333, 284, 83283)
(333, 4, 5582)
(333, 303, 4837)
(333, 279, 49087)
(333, 188, 3729)
(333, 297, 43465)
(333, 260, 90181)
(333, 312, 58423)
(333, 295, 97655)
(333, 214, 53596)
(333, 134, 43366)
(333, 271, 21284)
(333, 177, 46809)
(333, 262, 30017)
(333, 120, 56818)
(333, 234, 48401)
(333, 196, 24559)
(333, 300, 47636)
(333, 206, 99520)
(333, 219, 42750)
(333, 122, 22049)
(333, 201, 72254)
(333, 169, 82061)
(333, 183, 68753)
(333, 43, 23442)
(333, 19, 30434)
(333, 192, 93288)
(333, 310, 12314)
(333, 136, 40532)
(333, 270, 47507)
(333, 16, 56678)
(333, 86, 93091)
(333, 227, 98409)
(333, 272, 83108)
(333, 319, 75339)
(333, 30, 65041)
(333, 149, 39238)
(333, 148, 5560)
(333, 238, 53673)
(333, 55, 5010)
(333, 70, 45767)
(333, 266, 74232)
(333, 285, 79086)
(333, 280, 46898)
(333, 50, 95745)
(333, 273, 84950)
(333, 254, 43119)
(333, 18, 70505)
(333, 112, 7759)
(333, 75, 35719)
(333, 179, 60557)
(333, 182, 16181)
(333, 170, 89127)
(333, 184, 60299)
(333, 224, 98130)
(334, 289, 35149)
(334, 64, 42760)
(334, 235, 23265)
(334, 28, 88639)
(334, 219, 90337)
(334, 195, 35889)
(334, 277, 54907)
(334, 36, 33293)
(334, 96, 18869)
(334, 275, 29750)
(334, 280, 27197)
(334, 74, 16568)
(334, 42, 16580)
(334, 109, 85038)
(334, 30, 5358)
(334, 63, 98603)
(334, 249, 99469)
(334, 60, 91675)
(334, 310, 87815)
(334, 163, 15780)
(334, 17, 84197)
(334, 34, 73358)
(334, 252, 20558)
(334, 132, 18314)
(334, 87, 15197)
(334, 226, 1810)
(334, 216, 37622)
(334, 157, 88324)
(334, 265, 61869)
(334, 282, 32708)
(334, 11, 91122)
(334, 19, 1197)
(334, 288, 58588)
(334, 264, 79459)
(334, 123, 81654)
(334, 120, 97270)
(334, 122, 3229)
(334, 49, 74225)
(334, 86, 18251)
(334, 213, 24699)
(334, 180, 4624)
(334, 27, 77551)
(334, 165, 70129)
(334, 99, 40018)
(334, 284, 20325)
(334, 312, 69174)
(334, 133, 93869)
(334, 272, 93429)
(334, 150, 26578)
(334, 240, 1749)
(334, 43, 31044)
(334, 91, 40925)
(334, 162, 78500)
(334, 211, 22968)
(334, 126, 34573)
(334, 301, 20340)
(334, 278, 33733)
(334, 104, 94003)
(334, 300, 88288)
(334, 197, 67191)
(334, 286, 96361)
(334, 39, 85961)
(334, 118, 90965)
(334, 254, 50406)
(334, 205, 79649)
(334, 45, 71925)
(334, 317, 70984)
(334, 331, 60313)
(334, 192, 5721)
(334, 323, 30456)
(334, 209, 98820)
(334, 57, 58463)
(334, 193, 66724)
(334, 71, 49490)
(334, 129, 43508)
(334, 13, 71328)
(334, 7, 65624)
(334, 155, 53380)
(334, 186, 70888)
(334, 20, 47618)
(334, 311, 8812)
(334, 217, 63546)
(334, 324, 38247)
(334, 149, 54264)
(334, 210, 89187)
(334, 320, 90171)
(334, 298, 9938)
(334, 263, 53482)
(334, 44, 6467)
(334, 140, 25121)
(334, 72, 68258)
(334, 112, 63058)
(334, 151, 39352)
(334, 35, 94176)
(334, 189, 79826)
(334, 326, 9053)
(334, 52, 30477)
(334, 297, 71414)
(334, 218, 61044)
(334, 187, 96777)
(334, 329, 39282)
(334, 233, 17281)
(334, 243, 45816)
(334, 171, 75054)
(334, 98, 65833)
(334, 269, 74428)
(334, 177, 56312)
(334, 154, 99112)
(334, 322, 93341)
(334, 25, 53666)
(334, 141, 2134)
(334, 314, 70317)
(334, 81, 99106)
(334, 121, 6913)
(334, 231, 70653)
(334, 196, 93022)
(334, 65, 36027)
(334, 172, 66250)
(334, 15, 53306)
(334, 257, 42392)
(334, 332, 52891)
(334, 223, 27824)
(334, 267, 65126)
(334, 258, 58844)
(334, 175, 4880)
(334, 238, 46308)
(334, 143, 60288)
(334, 304, 8547)
(334, 251, 85420)
(334, 328, 44420)
(334, 179, 57079)
(334, 75, 23507)
(334, 178, 78688)
(334, 137, 54176)
(334, 22, 81212)
(334, 0, 90369)
(334, 224, 85635)
(334, 295, 97831)
(334, 97, 51825)
(334, 144, 71868)
(334, 230, 16417)
(334, 333, 94037)
(334, 38, 31377)
(334, 305, 17175)
(334, 250, 12873)
(334, 5, 69872)
(334, 139, 96022)
(334, 46, 72549)
(334, 153, 41701)
(334, 221, 10450)
(334, 12, 63104)
(334, 53, 73832)
(334, 148, 76674)
(334, 127, 10339)
(334, 101, 79640)
(334, 327, 3310)
(334, 303, 6987)
(334, 236, 32074)
(334, 190, 36844)
(334, 202, 91723)
(334, 215, 23420)
(334, 287, 56979)
(334, 176, 67438)
(334, 256, 57833)
(334, 156, 93253)
(334, 26, 51787)
(334, 56, 100298)
(334, 134, 58680)
(334, 58, 93784)
(334, 83, 78770)
(334, 70, 40147)
(334, 181, 94943)
(334, 105, 59569)
(334, 108, 24948)
(334, 138, 4205)
(334, 201, 45844)
(334, 212, 73214)
(334, 174, 2051)
(334, 62, 82881)
(334, 292, 52778)
(334, 32, 39329)
(334, 253, 84378)
(334, 161, 49140)
(334, 89, 15000)
(334, 266, 21306)
(334, 50, 7992)
(334, 185, 50125)
(334, 33, 92768)
(334, 261, 45776)
(334, 321, 79296)
(334, 6, 86712)
(334, 117, 97872)
(334, 245, 7567)
(334, 276, 89820)
(334, 66, 33726)
(334, 85, 4096)
(334, 106, 12349)
(334, 131, 89822)
(334, 208, 53527)
(334, 302, 34003)
(334, 168, 12074)
(335, 177, 47243)
(335, 101, 79456)
(335, 141, 26251)
(335, 208, 42157)
(335, 122, 63045)
(335, 275, 29624)
(335, 16, 53184)
(335, 229, 75975)
(335, 152, 28498)
(335, 23, 60341)
(335, 144, 27979)
(335, 173, 43437)
(335, 328, 20129)
(335, 182, 64003)
(335, 28, 15724)
(335, 118, 8221)
(335, 129, 58304)
(335, 168, 30886)
(335, 238, 63895)
(335, 303, 67969)
(335, 325, 18707)
(335, 157, 71926)
(335, 79, 95866)
(335, 6, 7696)
(335, 54, 22946)
(335, 112, 7522)
(335, 65, 94442)
(335, 190, 33566)
(335, 41, 6137)
(335, 19, 32672)
(335, 135, 67797)
(335, 194, 64305)
(335, 299, 11039)
(335, 95, 94061)
(335, 186, 21891)
(335, 260, 38460)
(335, 134, 56644)
(335, 0, 3791)
(335, 210, 46515)
(335, 142, 49356)
(335, 77, 34565)
(335, 304, 74136)
(335, 331, 17503)
(335, 315, 80742)
(335, 240, 75776)
(335, 11, 55307)
(335, 195, 18018)
(335, 258, 91564)
(335, 326, 92372)
(335, 145, 18861)
(335, 196, 47174)
(335, 269, 93707)
(335, 51, 69179)
(335, 89, 56025)
(335, 332, 43650)
(335, 138, 30177)
(335, 137, 63574)
(335, 176, 84716)
(335, 291, 14907)
(335, 119, 20347)
(335, 298, 13087)
(335, 289, 89754)
(335, 151, 53603)
(335, 278, 12867)
(335, 1, 97173)
(335, 320, 86456)
(335, 121, 79610)
(335, 267, 80360)
(335, 245, 17646)
(335, 61, 92685)
(335, 43, 12110)
(335, 256, 43742)
(335, 172, 17564)
(335, 216, 72017)
(335, 125, 37740)
(335, 188, 97479)
(335, 38, 94152)
(335, 136, 62704)
(335, 56, 82537)
(335, 293, 52797)
(335, 248, 59511)
(335, 266, 42493)
(335, 113, 65278)
(335, 108, 46791)
(335, 273, 4429)
(335, 116, 71985)
(335, 103, 51198)
(335, 24, 9685)
(335, 334, 20284)
(335, 140, 3767)
(335, 126, 91053)
(335, 263, 100116)
(335, 55, 41840)
(335, 170, 14225)
(335, 63, 29878)
(335, 189, 78068)
(335, 13, 88004)
(335, 286, 69065)
(335, 74, 48816)
(335, 308, 46821)
(335, 280, 16053)
(335, 181, 2153)
(335, 202, 30938)
(335, 314, 86999)
(335, 225, 16368)
(335, 130, 78321)
(335, 42, 53835)
(335, 158, 21541)
(335, 292, 13870)
(335, 3, 62355)
(335, 29, 6284)
(335, 242, 100048)
(335, 318, 44636)
(335, 192, 15535)
(335, 316, 29690)
(335, 131, 94930)
(335, 12, 72085)
(335, 14, 99460)
(335, 167, 6954)
(335, 109, 71417)
(335, 313, 69841)
(335, 10, 6399)
(335, 233, 37401)
(335, 155, 9856)
(335, 80, 21017)
(335, 147, 1030)
(335, 149, 85047)
(335, 159, 83909)
(335, 81, 13074)
(335, 70, 59479)
(335, 34, 97613)
(335, 259, 87709)
(335, 302, 29428)
(335, 309, 37541)
(335, 64, 87601)
(335, 279, 29838)
(335, 50, 3118)
(335, 179, 56301)
(335, 330, 43383)
(335, 237, 91943)
(335, 257, 99388)
(335, 162, 95720)
(335, 264, 6044)
(335, 250, 36878)
(335, 66, 82950)
(335, 243, 8023)
(335, 228, 22318)
(335, 272, 23306)
(335, 165, 70539)
(335, 27, 10159)
(335, 104, 42962)
(335, 317, 14460)
(335, 201, 76414)
(335, 90, 7089)
(335, 274, 74128)
(335, 102, 16683)
(335, 94, 28816)
(335, 236, 48252)
(335, 174, 12973)
(335, 82, 24450)
(335, 261, 61898)
(335, 143, 25916)
(335, 171, 23792)
(335, 281, 81634)
(335, 223, 3816)
(335, 175, 78998)
(335, 277, 80251)
(335, 36, 100181)
(335, 207, 28029)
(335, 120, 84277)
(335, 115, 57622)
(335, 153, 441)
(335, 22, 60497)
(335, 295, 68965)
(335, 276, 42646)
(335, 297, 58285)
(335, 217, 73187)
(336, 119, 28566)
(336, 105, 99228)
(336, 174, 24576)
(336, 274, 99254)
(336, 34, 59948)
(336, 52, 10926)
(336, 245, 43005)
(336, 198, 28557)
(336, 240, 78702)
(336, 98, 20981)
(336, 264, 7133)
(336, 195, 95193)
(336, 321, 38031)
(336, 206, 10459)
(336, 96, 68617)
(336, 17, 37031)
(336, 55, 91531)
(336, 283, 72180)
(336, 122, 44044)
(336, 273, 29224)
(336, 16, 46591)
(336, 133, 84086)
(336, 196, 95693)
(336, 100, 37421)
(336, 204, 68790)
(336, 306, 5519)
(336, 263, 80753)
(336, 78, 35414)
(336, 287, 61112)
(336, 80, 85889)
(336, 322, 45336)
(336, 217, 38770)
(336, 31, 17736)
(336, 241, 71220)
(336, 59, 85050)
(336, 262, 82775)
(336, 285, 30106)
(336, 43, 93247)
(336, 248, 46438)
(336, 9, 67423)
(336, 62, 98914)
(336, 193, 28427)
(336, 160, 36522)
(336, 334, 55623)
(336, 166, 43313)
(336, 296, 69483)
(336, 32, 3839)
(336, 328, 83205)
(336, 15, 13866)
(336, 129, 3038)
(336, 238, 53708)
(336, 183, 10802)
(336, 111, 34845)
(336, 158, 24886)
(336, 20, 67364)
(336, 87, 43172)
(336, 35, 8082)
(336, 5, 40263)
(336, 332, 78607)
(336, 33, 90082)
(336, 142, 10810)
(336, 8, 4742)
(336, 224, 88341)
(336, 191, 70217)
(336, 200, 19081)
(336, 216, 42706)
(336, 333, 7049)
(336, 250, 70562)
(336, 50, 122)
(336, 232, 9573)
(336, 289, 37743)
(336, 265, 27114)
(336, 107, 19419)
(336, 179, 48684)
(336, 205, 86823)
(336, 85, 100026)
(336, 220, 38802)
(336, 279, 72566)
(336, 10, 32140)
(336, 165, 19624)
(336, 210, 67279)
(336, 266, 2006)
(336, 310, 2169)
(336, 225, 57019)
(336, 275, 44971)
(336, 267, 9567)
(336, 271, 258)
(336, 236, 38248)
(336, 68, 31373)
(336, 202, 91253)
(336, 159, 72268)
(336, 2, 71501)
(336, 132, 83684)
(336, 95, 79573)
(336, 194, 84769)
(336, 148, 31062)
(336, 259, 1994)
(336, 188, 18013)
(336, 269, 25669)
(336, 73, 91409)
(336, 120, 38542)
(336, 144, 96878)
(336, 58, 11243)
(336, 93, 18567)
(336, 147, 55332)
(336, 258, 54752)
(336, 297, 57355)
(336, 153, 29473)
(336, 293, 98267)
(336, 104, 10099)
(336, 329, 23777)
(336, 49, 65857)
(336, 277, 7683)
(336, 128, 83569)
(336, 24, 46790)
(336, 182, 67826)
(336, 81, 73490)
(336, 288, 38955)
(336, 252, 98256)
(336, 222, 98967)
(336, 281, 36992)
(337, 145, 74337)
(337, 304, 42202)
(337, 254, 57421)
(337, 65, 12651)
(337, 144, 7153)
(337, 46, 42573)
(337, 276, 77226)
(337, 154, 71026)
(337, 116, 11924)
(337, 272, 6684)
(337, 283, 95244)
(337, 93, 64014)
(337, 244, 10253)
(337, 107, 27703)
(337, 245, 41848)
(337, 13, 58881)
(337, 314, 53706)
(337, 72, 82202)
(337, 176, 3122)
(337, 258, 52543)
(337, 233, 18386)
(337, 77, 70014)
(337, 199, 53942)
(337, 232, 21913)
(337, 60, 5108)
(337, 201, 40262)
(337, 237, 17416)
(337, 165, 49628)
(337, 39, 98518)
(337, 200, 19695)
(337, 92, 56630)
(337, 126, 39000)
(337, 162, 27725)
(337, 156, 22346)
(337, 284, 10425)
(337, 28, 64081)
(337, 202, 59254)
(337, 2, 49327)
(337, 263, 3192)
(337, 136, 24532)
(337, 248, 41844)
(337, 320, 37002)
(337, 85, 79961)
(337, 86, 44859)
(337, 73, 42374)
(337, 147, 2497)
(337, 286, 51035)
(337, 38, 7217)
(337, 307, 27621)
(337, 57, 56616)
(337, 122, 29529)
(337, 23, 59949)
(337, 264, 29567)
(337, 267, 32624)
(337, 225, 7877)
(337, 142, 98559)
(337, 336, 4590)
(337, 185, 44370)
(337, 80, 11651)
(337, 103, 98406)
(337, 120, 40016)
(337, 134, 72779)
(337, 335, 49227)
(337, 12, 7460)
(337, 179, 62421)
(337, 61, 22899)
(337, 74, 45121)
(337, 274, 35233)
(337, 104, 28807)
(337, 326, 95280)
(337, 296, 17330)
(337, 155, 29218)
(337, 123, 62860)
(337, 299, 88839)
(337, 253, 80929)
(337, 240, 39305)
(337, 87, 64394)
(337, 158, 24453)
(337, 178, 38245)
(337, 173, 20678)
(337, 238, 19462)
(337, 140, 56725)
(337, 132, 11460)
(337, 333, 28260)
(337, 203, 71332)
(337, 207, 37240)
(337, 161, 17395)
(337, 301, 23122)
(337, 327, 16005)
(337, 250, 76846)
(337, 231, 86877)
(337, 230, 70358)
(337, 157, 8776)
(337, 279, 56825)
(337, 256, 74841)
(337, 169, 26176)
(337, 210, 21024)
(337, 21, 44298)
(337, 321, 82399)
(337, 211, 93590)
(337, 99, 50767)
(337, 75, 59989)
(337, 68, 23741)
(337, 213, 26115)
(337, 265, 76590)
(337, 317, 49715)
(337, 216, 65732)
(337, 6, 38153)
(337, 215, 39874)
(337, 312, 81244)
(337, 196, 60285)
(337, 81, 79623)
(337, 219, 1033)
(337, 171, 19911)
(337, 313, 87229)
(337, 54, 63059)
(337, 35, 68356)
(337, 322, 96587)
(337, 260, 53159)
(337, 308, 77935)
(337, 139, 79437)
(337, 246, 82874)
(337, 198, 44733)
(337, 334, 68770)
(337, 174, 8485)
(337, 51, 70256)
(338, 80, 3449)
(338, 197, 9332)
(338, 242, 22058)
(338, 203, 100280)
(338, 179, 25938)
(338, 250, 99178)
(338, 163, 26635)
(338, 167, 81741)
(338, 316, 36136)
(338, 331, 26689)
(338, 33, 64263)
(338, 164, 4681)
(338, 31, 64432)
(338, 174, 45953)
(338, 304, 97421)
(338, 160, 7532)
(338, 149, 30191)
(338, 318, 93694)
(338, 81, 9830)
(338, 1, 43011)
(338, 221, 30417)
(338, 268, 12085)
(338, 299, 62867)
(338, 254, 26050)
(338, 120, 59176)
(338, 65, 68730)
(338, 49, 21946)
(338, 103, 22758)
(338, 91, 62416)
(338, 147, 62728)
(338, 48, 40875)
(338, 211, 69910)
(338, 115, 21553)
(338, 224, 59409)
(338, 192, 66961)
(338, 303, 91570)
(338, 94, 27816)
(338, 153, 46876)
(338, 101, 54863)
(338, 231, 88490)
(338, 144, 13625)
(338, 44, 55213)
(338, 36, 50623)
(338, 20, 4621)
(338, 312, 90284)
(338, 305, 26139)
(338, 104, 36048)
(338, 288, 81020)
(338, 21, 45107)
(338, 146, 49560)
(338, 252, 47418)
(338, 151, 63444)
(338, 168, 95339)
(338, 311, 95878)
(338, 266, 30597)
(338, 276, 18119)
(338, 184, 91015)
(338, 41, 23656)
(338, 67, 15330)
(338, 102, 89405)
(338, 136, 86798)
(338, 283, 57769)
(338, 95, 91196)
(338, 271, 48004)
(338, 286, 64283)
(338, 248, 4637)
(338, 12, 8271)
(338, 201, 84870)
(338, 165, 81931)
(338, 213, 66613)
(338, 246, 94024)
(338, 329, 95501)
(338, 234, 67187)
(338, 285, 93580)
(338, 170, 29500)
(338, 227, 20898)
(338, 169, 40959)
(338, 275, 93072)
(338, 217, 99532)
(338, 209, 69299)
(338, 241, 70956)
(338, 180, 68528)
(338, 280, 32667)
(338, 200, 76086)
(338, 88, 43503)
(338, 32, 10404)
(338, 9, 90123)
(338, 119, 66706)
(338, 27, 52666)
(338, 314, 86990)
(338, 4, 19447)
(338, 34, 84027)
(338, 267, 28161)
(338, 50, 20853)
(338, 298, 91395)
(338, 176, 453)
(338, 79, 7645)
(338, 135, 13804)
(338, 63, 2056)
(338, 131, 77614)
(338, 113, 53544)
(338, 294, 28913)
(338, 37, 55972)
(338, 97, 99374)
(338, 125, 57504)
(338, 282, 38442)
(338, 262, 25454)
(338, 255, 73463)
(338, 122, 52389)
(338, 87, 98651)
(338, 307, 23005)
(338, 75, 2303)
(338, 52, 81307)
(338, 235, 43526)
(338, 332, 46442)
(338, 206, 21793)
(338, 205, 59655)
(338, 273, 77905)
(338, 38, 2523)
(338, 66, 63788)
(338, 187, 75096)
(338, 292, 71088)
(338, 35, 38771)
(338, 186, 838)
(338, 256, 36185)
(338, 320, 61396)
(338, 72, 50060)
(338, 152, 43630)
(338, 302, 25704)
(338, 154, 72293)
(338, 15, 49729)
(338, 245, 7709)
(338, 337, 36986)
(338, 121, 21842)
(338, 114, 48199)
(338, 139, 80777)
(338, 290, 88641)
(338, 270, 92209)
(338, 210, 76404)
(338, 24, 62741)
(338, 71, 32536)
(338, 107, 99787)
(338, 143, 78352)
(338, 190, 14903)
(338, 106, 58866)
(338, 249, 20940)
(338, 281, 44328)
(338, 28, 98780)
(338, 157, 10982)
(338, 333, 48843)
(338, 43, 26474)
(338, 137, 6888)
(338, 223, 43147)
(338, 100, 93983)
(338, 155, 71732)
(338, 222, 11685)
(338, 228, 36895)
(338, 225, 50348)
(338, 171, 23834)
(338, 236, 80285)
(338, 83, 41648)
(338, 310, 66058)
(338, 297, 98797)
(338, 40, 69465)
(338, 156, 57092)
(338, 19, 44689)
(338, 77, 47363)
(338, 96, 47815)
(338, 89, 21245)
(338, 196, 33163)
(338, 334, 59689)
(338, 321, 62531)
(338, 55, 1683)
(338, 181, 78259)
(338, 57, 99816)
(338, 53, 40261)
(338, 78, 47032)
(338, 183, 6854)
(338, 127, 95398)
(338, 62, 67890)
(338, 5, 33890)
(338, 74, 14398)
(338, 328, 85872)
(338, 3, 69559)
(338, 178, 36566)
(338, 10, 2441)
(338, 326, 89360)
(338, 247, 94934)
(338, 59, 44961)
(338, 301, 13907)
(338, 265, 25092)
(338, 215, 65447)
(338, 56, 47031)
(338, 208, 39244)
(338, 259, 92241)
(338, 323, 94857)
(338, 251, 75866)
(338, 202, 5568)
(338, 291, 72715)
(338, 46, 65073)
(338, 68, 36590)
(338, 90, 39751)
(338, 86, 28863)
(338, 172, 18320)
(339, 197, 46913)
(339, 146, 96184)
(339, 1, 94412)
(339, 4, 35761)
(339, 288, 54348)
(339, 16, 54227)
(339, 23, 46314)
(339, 330, 56425)
(339, 106, 64386)
(339, 86, 79060)
(339, 318, 35218)
(339, 218, 24535)
(339, 31, 12098)
(339, 27, 27338)
(339, 22, 52205)
(339, 331, 70761)
(339, 322, 39284)
(339, 63, 94570)
(339, 241, 34414)
(339, 235, 16208)
(339, 152, 33475)
(339, 212, 2115)
(339, 231, 58246)
(339, 24, 10038)
(339, 172, 97305)
(339, 89, 74048)
(339, 219, 85107)
(339, 205, 99974)
(339, 264, 48270)
(339, 52, 51546)
(339, 165, 80090)
(339, 206, 23864)
(339, 293, 53404)
(339, 298, 59108)
(339, 51, 99942)
(339, 180, 61837)
(339, 65, 29377)
(339, 157, 5315)
(339, 149, 91707)
(339, 192, 68087)
(339, 254, 36497)
(339, 317, 74173)
(339, 216, 32438)
(339, 274, 68273)
(339, 35, 43592)
(339, 290, 93999)
(339, 122, 16497)
(339, 338, 51667)
(339, 126, 92515)
(339, 17, 1232)
(339, 316, 47984)
(339, 335, 66337)
(339, 9, 93519)
(339, 131, 50066)
(339, 162, 77489)
(339, 186, 81826)
(339, 43, 36081)
(339, 201, 18324)
(339, 294, 46881)
(339, 87, 29857)
(339, 110, 5307)
(339, 301, 79157)
(339, 71, 60414)
(339, 45, 78968)
(339, 184, 14507)
(339, 279, 19577)
(339, 173, 25304)
(339, 147, 41823)
(339, 148, 66717)
(339, 312, 21468)
(339, 70, 1100)
(339, 266, 22592)
(339, 204, 72420)
(339, 248, 29220)
(339, 240, 70200)
(339, 83, 31680)
(339, 160, 93054)
(339, 277, 71789)
(339, 195, 21049)
(339, 92, 32185)
(339, 329, 60155)
(339, 220, 90790)
(339, 303, 23542)
(339, 320, 85480)
(339, 209, 62673)
(339, 191, 64897)
(339, 260, 35802)
(339, 269, 61927)
(339, 158, 80029)
(339, 270, 59492)
(339, 177, 58046)
(339, 10, 46374)
(339, 116, 89575)
(339, 125, 80153)
(339, 185, 89194)
(339, 100, 70636)
(339, 211, 64793)
(339, 108, 64679)
(339, 102, 76421)
(339, 176, 5219)
(339, 88, 32328)
(339, 123, 79028)
(339, 40, 82769)
(339, 280, 7876)
(339, 210, 28503)
(339, 163, 26224)
(339, 236, 52697)
(339, 37, 25487)
(339, 62, 63047)
(339, 113, 56849)
(339, 150, 15159)
(339, 41, 42825)
(339, 291, 27014)
(339, 325, 79476)
(339, 8, 60452)
(339, 124, 16843)
(339, 297, 84900)
(339, 188, 62377)
(339, 11, 16435)
(339, 132, 3474)
(339, 215, 82756)
(339, 200, 52272)
(339, 222, 74129)
(339, 42, 6807)
(339, 48, 2059)
(339, 140, 9975)
(339, 133, 17789)
(339, 141, 43056)
(339, 273, 40432)
(339, 128, 57223)
(339, 229, 34539)
(339, 261, 99830)
(339, 276, 57053)
(339, 308, 99368)
(339, 256, 35830)
(339, 271, 15492)
(339, 84, 33928)
(339, 145, 93920)
(339, 143, 24922)
(339, 265, 32966)
(339, 142, 89619)
(339, 19, 86203)
(339, 32, 16633)
(339, 272, 72928)
(339, 21, 45046)
(339, 313, 32910)
(339, 85, 84432)
(339, 174, 89609)
(339, 239, 52704)
(339, 120, 46422)
(339, 327, 2274)
(339, 56, 42996)
(339, 246, 44569)
(339, 28, 85939)
(339, 213, 65637)
(339, 112, 19943)
(339, 193, 69576)
(339, 6, 15927)
(339, 15, 58118)
(339, 230, 40202)
(339, 169, 53362)
(339, 281, 55630)
(339, 26, 56157)
(339, 227, 59464)
(339, 334, 49965)
(339, 262, 96941)
(339, 54, 78863)
(339, 18, 87871)
(339, 135, 26650)
(339, 170, 54918)
(339, 296, 30337)
(339, 55, 48771)
(339, 305, 95042)
(339, 175, 37093)
(339, 73, 45424)
(339, 328, 46564)
(339, 179, 89800)
(339, 307, 37427)
(339, 324, 40743)
(339, 129, 91889)
(339, 183, 35884)
(339, 203, 54826)
(339, 144, 33213)
(339, 153, 17755)
(339, 3, 32924)
(339, 46, 65241)
(339, 0, 89390)
(339, 337, 90706)
(339, 268, 76187)
(339, 47, 13345)
(339, 75, 5215)
(339, 7, 85147)
(339, 326, 27098)
(339, 267, 18740)
(339, 79, 3204)
(339, 99, 73148)
(339, 189, 29242)
(339, 247, 50166)
(339, 115, 11118)
(339, 164, 38938)
(339, 111, 100190)
(339, 187, 28152)
(339, 202, 53324)
(339, 228, 35390)
(339, 12, 88162)
(339, 223, 10669)
(339, 64, 48582)
(339, 237, 84984)
(339, 171, 74876)
(339, 81, 87924)
(339, 44, 47084)
(339, 72, 61000)
(339, 59, 15174)
(339, 232, 3927)
(339, 217, 31115)
(339, 159, 83671)
(339, 257, 70301)
(339, 61, 6857)
(339, 60, 81445)
(339, 310, 78221)
(339, 119, 19778)
(339, 253, 23021)
(339, 137, 36301)
(339, 80, 28523)
(339, 282, 60732)
(339, 245, 77828)
(339, 244, 38721)
(339, 214, 70474)
(339, 91, 39429)
(339, 221, 76515)
(339, 36, 56641)
(339, 95, 86432)
(339, 90, 36253)
(339, 49, 98938)
(339, 127, 42231)
(339, 97, 3158)
(339, 151, 55909)
(339, 286, 39524)
(339, 104, 33879)
(339, 336, 30236)
(339, 98, 56738)
(339, 67, 67176)
(339, 130, 54952)
(339, 319, 5778)
(339, 114, 1178)
(339, 96, 20728)
(339, 302, 4122)
(339, 258, 12084)
(339, 103, 22862)
(339, 289, 57605)
(339, 333, 84326)
(339, 283, 93424)
(339, 25, 61073)
(339, 287, 12693)
(339, 5, 79765)
(339, 182, 86871)
(339, 77, 33997)
(339, 93, 47759)
(339, 207, 61965)
(339, 58, 9727)
(339, 101, 37719)
(339, 178, 29060)
(339, 315, 76361)
(339, 156, 50367)
(339, 76, 49977)
(339, 50, 84959)
(339, 167, 75257)
(339, 117, 37822)
(339, 38, 45655)
(339, 94, 80312)
(340, 339, 61264)
(340, 293, 62850)
(340, 202, 99797)
(340, 67, 29412)
(340, 207, 99729)
(340, 159, 73694)
(340, 209, 45406)
(340, 184, 46365)
(340, 178, 98419)
(340, 100, 34098)
(340, 139, 10989)
(340, 149, 35850)
(340, 16, 93913)
(340, 200, 73937)
(340, 130, 16656)
(340, 278, 76326)
(340, 260, 35922)
(340, 36, 61960)
(340, 143, 23310)
(340, 284, 28139)
(340, 332, 41008)
(340, 34, 24182)
(340, 262, 88937)
(340, 164, 55793)
(340, 219, 58855)
(340, 63, 99212)
(340, 111, 79770)
(340, 188, 17892)
(340, 86, 57733)
(340, 281, 83154)
(340, 96, 19033)
(340, 320, 62506)
(340, 114, 14222)
(340, 116, 52744)
(340, 187, 9631)
(340, 38, 336)
(340, 128, 81808)
(340, 73, 27345)
(340, 69, 61615)
(340, 279, 5926)
(340, 9, 59935)
(340, 5, 81809)
(340, 2, 40414)
(340, 177, 86089)
(340, 247, 87853)
(340, 68, 74114)
(340, 165, 1945)
(340, 300, 49279)
(340, 280, 97806)
(340, 196, 76696)
(340, 189, 65707)
(340, 210, 68226)
(340, 85, 66073)
(340, 228, 73335)
(340, 30, 7836)
(340, 261, 81173)
(340, 62, 49553)
(340, 256, 86081)
(340, 215, 70063)
(340, 269, 76431)
(340, 203, 78244)
(340, 286, 2281)
(340, 242, 30235)
(340, 214, 25098)
(340, 251, 33614)
(340, 225, 8498)
(340, 142, 55787)
(340, 45, 51380)
(340, 88, 28750)
(340, 306, 34651)
(340, 94, 51351)
(340, 271, 92385)
(340, 217, 75815)
(340, 239, 61212)
(340, 266, 25095)
(340, 156, 24264)
(340, 112, 5087)
(340, 18, 95175)
(340, 39, 97867)
(340, 135, 22536)
(340, 292, 62477)
(340, 230, 77435)
(340, 83, 6554)
(340, 167, 68915)
(340, 19, 92162)
(340, 204, 95642)
(340, 113, 13844)
(340, 171, 973)
(340, 185, 95516)
(340, 275, 74906)
(340, 158, 24672)
(340, 153, 406)
(340, 75, 38196)
(340, 134, 27049)
(340, 265, 38900)
(340, 15, 100021)
(340, 335, 55886)
(340, 267, 27060)
(340, 186, 30429)
(340, 180, 50519)
(340, 123, 62502)
(340, 11, 14077)
(340, 307, 60614)
(340, 268, 75794)
(340, 37, 42320)
(340, 272, 46585)
(340, 81, 23634)
(340, 80, 3882)
(340, 64, 42453)
(340, 236, 22375)
(340, 302, 70400)
(340, 254, 84834)
(340, 166, 36085)
(340, 13, 10350)
(340, 195, 20742)
(340, 238, 64230)
(340, 6, 22729)
(340, 334, 30693)
(340, 170, 6350)
(340, 295, 26878)
(340, 33, 80209)
(340, 173, 8977)
(340, 50, 49948)
(340, 27, 51342)
(340, 211, 19718)
(340, 22, 97108)
(340, 76, 32132)
(340, 84, 56889)
(340, 122, 10506)
(340, 169, 14993)
(340, 194, 55970)
(340, 26, 19277)
(340, 199, 57850)
(340, 155, 58464)
(340, 206, 96376)
(340, 308, 56035)
(340, 98, 23995)
(340, 119, 88797)
(340, 109, 45280)
(340, 152, 62185)
(340, 330, 95142)
(340, 28, 9099)
(340, 235, 88669)
(340, 337, 10928)
(340, 253, 43475)
(340, 74, 57485)
(340, 72, 10846)
(340, 241, 58893)
(340, 197, 93987)
(340, 336, 53382)
(340, 303, 10621)
(341, 112, 49045)
(341, 268, 26088)
(341, 80, 59589)
(341, 339, 72647)
(341, 202, 14002)
(341, 15, 42099)
(341, 110, 19213)
(341, 282, 88508)
(341, 102, 44151)
(341, 51, 8865)
(341, 90, 14969)
(341, 259, 72767)
(341, 163, 62360)
(341, 138, 39573)
(341, 332, 3931)
(341, 144, 70411)
(341, 319, 47486)
(341, 160, 31567)
(341, 318, 24277)
(341, 256, 87513)
(341, 40, 38108)
(341, 50, 73635)
(341, 67, 27668)
(341, 243, 44502)
(341, 269, 50866)
(341, 194, 44694)
(341, 166, 15485)
(341, 37, 2803)
(341, 83, 65863)
(341, 309, 7972)
(341, 298, 32002)
(341, 296, 97663)
(341, 170, 90626)
(341, 116, 50522)
(341, 267, 41155)
(341, 230, 87531)
(341, 262, 17879)
(341, 82, 10510)
(341, 69, 91994)
(341, 181, 85700)
(341, 48, 42742)
(341, 30, 46965)
(341, 45, 26790)
(341, 266, 242)
(341, 247, 44890)
(341, 238, 56262)
(341, 283, 91209)
(341, 84, 17987)
(341, 305, 51891)
(341, 117, 87485)
(341, 167, 56354)
(341, 17, 21295)
(341, 260, 75750)
(341, 36, 64918)
(341, 2, 654)
(341, 331, 97167)
(341, 321, 62021)
(341, 156, 22597)
(341, 119, 98110)
(341, 216, 82488)
(341, 6, 97642)
(341, 240, 57927)
(341, 297, 23123)
(341, 246, 24845)
(341, 95, 21124)
(341, 52, 97691)
(341, 146, 17989)
(341, 188, 87579)
(341, 219, 44340)
(341, 88, 82388)
(341, 23, 83175)
(341, 301, 68138)
(341, 24, 85841)
(341, 162, 93514)
(341, 70, 89221)
(341, 91, 98744)
(341, 279, 55684)
(341, 28, 3096)
(341, 186, 62841)
(341, 65, 86679)
(341, 209, 28208)
(341, 111, 32176)
(341, 198, 35150)
(341, 338, 63332)
(341, 277, 29275)
(341, 86, 30749)
(341, 0, 65360)
(341, 7, 62246)
(341, 168, 30643)
(341, 29, 69186)
(341, 49, 16509)
(341, 47, 97230)
(341, 317, 88271)
(341, 187, 12947)
(341, 241, 11062)
(341, 46, 41513)
(341, 323, 42291)
(341, 184, 15914)
(341, 9, 71742)
(341, 157, 71666)
(341, 176, 45649)
(341, 140, 95443)
(341, 335, 39649)
(341, 272, 75700)
(341, 98, 66629)
(341, 89, 88270)
(341, 123, 30774)
(341, 62, 51302)
(341, 315, 56949)
(341, 3, 30802)
(341, 304, 14718)
(341, 158, 24521)
(341, 312, 93210)
(341, 165, 79583)
(341, 251, 65329)
(341, 244, 76806)
(341, 129, 61296)
(341, 248, 42463)
(341, 115, 14979)
(341, 100, 87660)
(341, 137, 25205)
(341, 197, 29287)
(341, 285, 33859)
(341, 4, 13602)
(341, 252, 22155)
(341, 66, 3940)
(341, 136, 77513)
(341, 218, 77916)
(341, 85, 77207)
(341, 63, 34218)
(341, 185, 14874)
(341, 8, 84244)
(341, 12, 75898)
(341, 93, 71349)
(341, 128, 90918)
(341, 201, 4917)
(341, 337, 43151)
(341, 245, 81572)
(341, 171, 55878)
(341, 270, 51834)
(341, 103, 60777)
(341, 32, 44685)
(341, 101, 4189)
(341, 207, 13343)
(341, 239, 68557)
(341, 300, 54242)
(341, 322, 74945)
(341, 224, 38792)
(341, 126, 21858)
(341, 75, 66174)
(341, 280, 1570)
(341, 149, 9668)
(341, 293, 34787)
(341, 281, 85447)
(341, 192, 47252)
(341, 290, 99566)
(341, 291, 24691)
(341, 204, 2995)
(341, 59, 33079)
(341, 107, 1193)
(341, 41, 78142)
(341, 130, 16735)
(341, 87, 14392)
(341, 328, 70238)
(341, 121, 50826)
(341, 330, 84404)
(341, 221, 76079)
(341, 208, 62056)
(341, 215, 19078)
(341, 288, 85749)
(341, 257, 2529)
(341, 249, 23201)
(341, 177, 7660)
(341, 180, 27127)
(341, 222, 63305)
(341, 226, 25806)
(341, 55, 29146)
(341, 105, 19256)
(341, 189, 26291)
(341, 242, 64389)
(341, 276, 69802)
(341, 299, 84483)
(341, 151, 68718)
(341, 118, 96562)
(341, 271, 62035)
(341, 44, 32660)
(341, 68, 43703)
(341, 174, 28202)
(341, 141, 15501)
(341, 205, 30537)
(341, 134, 9357)
(341, 182, 61222)
(341, 336, 17228)
(341, 179, 71004)
(341, 229, 60795)
(341, 16, 29417)
(342, 310, 51196)
(342, 180, 24475)
(342, 252, 47354)
(342, 10, 46026)
(342, 153, 12571)
(342, 121, 17710)
(342, 203, 6359)
(342, 160, 17888)
(342, 184, 53742)
(342, 151, 74220)
(342, 236, 84036)
(342, 55, 35871)
(342, 81, 72528)
(342, 211, 98070)
(342, 235, 22534)
(342, 168, 87070)
(342, 108, 68361)
(342, 193, 66621)
(342, 201, 83418)
(342, 259, 66450)
(342, 13, 50256)
(342, 76, 11674)
(342, 291, 40640)
(342, 141, 47514)
(342, 7, 40138)
(342, 263, 77650)
(342, 196, 74908)
(342, 185, 71135)
(342, 128, 41753)
(342, 321, 42445)
(342, 199, 84071)
(342, 167, 50110)
(342, 268, 80397)
(342, 18, 77636)
(342, 120, 50881)
(342, 50, 18043)
(342, 145, 30875)
(342, 41, 57705)
(342, 147, 64656)
(342, 174, 9192)
(342, 266, 78589)
(342, 110, 17448)
(342, 238, 93284)
(342, 85, 52768)
(342, 77, 23464)
(342, 34, 56494)
(342, 215, 3705)
(342, 320, 7201)
(342, 101, 20727)
(342, 241, 73312)
(342, 129, 58224)
(342, 290, 84757)
(342, 282, 93948)
(342, 124, 60055)
(342, 12, 27936)
(342, 278, 2819)
(342, 233, 19295)
(342, 277, 76529)
(342, 189, 78747)
(342, 61, 58532)
(342, 42, 30040)
(342, 275, 98748)
(342, 317, 66625)
(342, 91, 33503)
(342, 123, 89377)
(342, 4, 99770)
(342, 334, 64108)
(342, 113, 50688)
(342, 183, 88885)
(342, 219, 23907)
(342, 301, 65867)
(342, 93, 52190)
(342, 156, 52847)
(342, 126, 55813)
(342, 249, 82619)
(342, 140, 87397)
(342, 159, 97314)
(342, 269, 13158)
(342, 47, 88422)
(342, 188, 90198)
(342, 227, 48660)
(342, 237, 77579)
(342, 116, 82083)
(342, 316, 99661)
(342, 302, 16924)
(342, 9, 1797)
(342, 89, 8970)
(342, 257, 74352)
(342, 97, 25789)
(342, 239, 55035)
(342, 28, 70701)
(342, 3, 29942)
(342, 132, 61655)
(342, 1, 36025)
(342, 135, 68312)
(342, 72, 34601)
(342, 339, 277)
(342, 309, 6354)
(342, 46, 10985)
(342, 94, 77565)
(342, 131, 46084)
(342, 70, 38189)
(342, 314, 28616)
(342, 261, 29540)
(342, 139, 33634)
(342, 303, 41685)
(342, 143, 27327)
(342, 330, 79865)
(342, 324, 56931)
(342, 340, 36757)
(342, 111, 89623)
(342, 133, 50714)
(342, 175, 30055)
(342, 105, 3568)
(342, 205, 10063)
(342, 166, 46639)
(342, 114, 65601)
(342, 155, 41134)
(342, 265, 70267)
(342, 57, 2487)
(342, 274, 5277)
(342, 228, 61244)
(342, 217, 63529)
(342, 286, 87148)
(342, 75, 63697)
(342, 187, 95775)
(342, 172, 10472)
(342, 295, 92615)
(342, 106, 87497)
(342, 45, 16105)
(342, 102, 42137)
(342, 306, 98269)
(342, 32, 95640)
(342, 289, 83891)
(342, 170, 60855)
(342, 194, 78218)
(342, 87, 94869)
(342, 79, 24366)
(342, 104, 68799)
(342, 210, 98955)
(342, 213, 68420)
(342, 337, 2429)
(342, 253, 48687)
(342, 232, 87707)
(342, 31, 17446)
(342, 218, 47264)
(342, 115, 27593)
(342, 182, 6095)
(342, 162, 61297)
(342, 20, 68358)
(342, 137, 92992)
(342, 221, 40945)
(342, 271, 34740)
(342, 21, 18815)
(342, 283, 18012)
(342, 71, 23139)
(342, 272, 74607)
(342, 19, 10306)
(342, 142, 46480)
(342, 96, 59740)
(342, 254, 17983)
(342, 14, 69024)
(342, 225, 17995)
(342, 146, 78804)
(342, 313, 91082)
(342, 90, 79368)
(342, 154, 17766)
(342, 207, 43761)
(342, 52, 58932)
(342, 48, 80078)
(342, 117, 76670)
(342, 176, 14056)
(342, 88, 20349)
(342, 208, 23647)
(342, 293, 5439)
(342, 152, 69155)
(342, 305, 78909)
(342, 216, 67601)
(342, 231, 40973)
(342, 323, 59916)
(342, 296, 48273)
(342, 319, 21624)
(342, 267, 73092)
(342, 164, 33004)
(342, 33, 81100)
(342, 214, 345)
(342, 256, 41478)
(342, 192, 51709)
(342, 161, 99287)
(342, 206, 8925)
(342, 24, 56050)
(342, 264, 99196)
(342, 148, 2689)
(342, 63, 5211)
(342, 58, 84614)
(342, 95, 61160)
(342, 60, 98666)
(342, 40, 87629)
(342, 329, 46746)
(342, 335, 94578)
(342, 178, 77788)
(342, 240, 36847)
(342, 2, 3445)
(342, 331, 37809)
(342, 15, 7295)
(342, 287, 64528)
(342, 247, 52865)
(342, 30, 56170)
(342, 229, 27193)
(342, 284, 49955)
(342, 109, 2506)
(342, 298, 19408)
(342, 78, 67380)
(342, 25, 78434)
(342, 0, 6304)
(342, 325, 30500)
(342, 56, 85154)
(342, 177, 79665)
(342, 66, 85924)
(342, 17, 32618)
(342, 119, 42023)
(342, 260, 15151)
(342, 191, 59308)
(342, 68, 82381)
(342, 297, 51519)
(342, 80, 20068)
(342, 270, 13111)
(342, 38, 71730)
(342, 6, 48693)
(342, 307, 44548)
(342, 202, 94116)
(342, 150, 8222)
(342, 173, 13574)
(342, 39, 2563)
(342, 29, 14134)
(342, 197, 15676)
(342, 53, 66769)
(342, 195, 43327)
(342, 127, 64090)
(342, 130, 80334)
(342, 64, 25132)
(342, 99, 30572)
(342, 243, 19297)
(342, 204, 87377)
(342, 69, 31997)
(342, 43, 44059)
(342, 230, 84869)
(342, 332, 94262)
(342, 242, 14455)
(342, 292, 7796)
(342, 103, 5590)
(342, 209, 51773)
(342, 27, 65796)
(342, 285, 71526)
(342, 158, 8413)
(342, 273, 69411)
(342, 36, 34754)
(342, 54, 71891)
(342, 35, 69479)
(342, 44, 81453)
(342, 49, 80560)
(342, 234, 27332)
(342, 22, 75995)
(342, 280, 65262)
(342, 255, 65991)
(342, 144, 47670)
(342, 276, 13131)
(342, 65, 38492)
(342, 171, 80572)
(342, 322, 74103)
(342, 220, 25130)
(342, 125, 79027)
(342, 300, 44889)
(342, 224, 91559)
(342, 299, 48263)
(342, 149, 81321)
(342, 138, 59267)
(342, 326, 17012)
(342, 163, 57112)
(342, 328, 29581)
(342, 200, 613)
(342, 338, 66608)
(342, 122, 16194)
(342, 336, 22335)
(342, 92, 16723)
(342, 179, 87802)
(342, 246, 93539)
(342, 134, 41024)
(342, 16, 77385)
(342, 245, 89123)
(342, 333, 7873)
(342, 82, 73940)
(342, 165, 47988)
(342, 107, 15375)
(342, 84, 34195)
(342, 190, 28747)
(342, 23, 17827)
(342, 98, 64374)
(342, 327, 45567)
(342, 212, 60142)
(342, 51, 56745)
(342, 37, 39494)
(342, 250, 49345)
(342, 315, 66185)
(342, 136, 16932)
(342, 59, 10527)
(342, 74, 53439)
(342, 8, 57545)
(342, 223, 82521)
(342, 312, 49098)
(342, 181, 37947)
(342, 304, 22495)
(342, 308, 83281)
(342, 294, 32244)
(342, 169, 30047)
(342, 100, 51166)
(342, 62, 54857)
(342, 5, 64487)
(342, 279, 3570)
(342, 222, 29067)
(342, 251, 93768)
(342, 226, 2193)
(342, 288, 27398)
(342, 248, 46879)
(342, 118, 80896)
(342, 157, 70590)
(342, 281, 94172)
(343, 266, 85759)
(343, 132, 26149)
(343, 249, 98160)
(343, 176, 70527)
(343, 297, 97747)
(343, 79, 54495)
(343, 197, 15083)
(343, 270, 88259)
(343, 304, 91405)
(343, 315, 22904)
(343, 291, 38402)
(343, 178, 48644)
(343, 27, 85265)
(343, 126, 37602)
(343, 13, 99176)
(343, 336, 21224)
(343, 188, 56429)
(343, 70, 38756)
(343, 140, 24702)
(343, 44, 28218)
(343, 18, 40343)
(343, 205, 12496)
(343, 293, 4334)
(343, 294, 64029)
(343, 280, 73672)
(343, 247, 90)
(343, 64, 9894)
(343, 215, 31362)
(343, 302, 34341)
(343, 162, 91356)
(343, 341, 73494)
(343, 309, 1642)
(343, 8, 1520)
(343, 71, 91655)
(343, 242, 34705)
(343, 24, 67436)
(343, 172, 41455)
(343, 332, 9006)
(343, 253, 26458)
(343, 193, 2370)
(343, 21, 21062)
(343, 328, 98932)
(343, 184, 76491)
(343, 157, 13894)
(343, 216, 96840)
(343, 107, 66594)
(343, 111, 34707)
(343, 321, 73804)
(343, 9, 68199)
(343, 320, 14325)
(343, 252, 21283)
(343, 57, 19893)
(343, 89, 24249)
(343, 287, 5428)
(343, 31, 50395)
(343, 153, 27973)
(343, 237, 79899)
(343, 311, 81927)
(343, 233, 38137)
(343, 152, 96605)
(343, 191, 33659)
(343, 306, 81481)
(343, 194, 30449)
(343, 68, 86417)
(343, 295, 98095)
(343, 171, 83456)
(343, 78, 23891)
(343, 335, 81012)
(343, 263, 62507)
(343, 135, 93745)
(343, 155, 23329)
(343, 65, 37946)
(343, 121, 39964)
(343, 127, 76553)
(343, 128, 45985)
(343, 102, 40890)
(343, 129, 85596)
(343, 246, 1531)
(343, 160, 56275)
(343, 198, 91085)
(343, 232, 46553)
(343, 290, 76564)
(343, 182, 99224)
(343, 196, 47155)
(343, 88, 69217)
(343, 285, 51846)
(343, 92, 26511)
(343, 149, 70230)
(343, 120, 50754)
(343, 35, 79422)
(343, 150, 26816)
(343, 103, 10603)
(343, 217, 25635)
(343, 209, 27508)
(343, 159, 96087)
(343, 148, 83213)
(343, 272, 49705)
(343, 158, 17960)
(343, 224, 73430)
(343, 146, 35189)
(343, 269, 43227)
(343, 37, 46181)
(343, 101, 67297)
(343, 26, 52196)
(343, 228, 91923)
(343, 147, 19323)
(343, 1, 37817)
(343, 76, 21290)
(343, 324, 49584)
(343, 227, 53266)
(343, 207, 1348)
(343, 248, 73076)
(343, 203, 79863)
(343, 170, 98359)
(343, 22, 26989)
(343, 208, 77596)
(343, 25, 68993)
(343, 47, 74996)
(343, 80, 82826)
(343, 69, 16414)
(343, 48, 42486)
(343, 98, 50032)
(343, 231, 81598)
(343, 106, 22185)
(343, 85, 90835)
(343, 236, 8531)
(343, 43, 43188)
(343, 329, 9422)
(343, 122, 80419)
(343, 210, 65412)
(343, 62, 9821)
(343, 264, 97983)
(343, 167, 75128)
(343, 190, 9054)
(343, 235, 52836)
(343, 211, 58415)
(343, 154, 63919)
(343, 20, 77933)
(343, 136, 23166)
(343, 225, 17371)
(343, 226, 87486)
(343, 281, 23839)
(343, 11, 59092)
(343, 223, 5741)
(343, 97, 83507)
(343, 55, 17897)
(343, 19, 30700)
(343, 312, 95255)
(343, 204, 55506)
(343, 91, 21142)
(343, 124, 6374)
(343, 99, 69618)
(343, 173, 25897)
(343, 273, 88108)
(343, 305, 93396)
(343, 219, 17121)
(343, 192, 85072)
(343, 63, 82495)
(343, 267, 45697)
(343, 240, 39771)
(343, 330, 30447)
(343, 299, 31871)
(343, 50, 87404)
(343, 256, 91007)
(343, 3, 62811)
(343, 333, 17011)
(343, 93, 90616)
(343, 164, 82642)
(343, 314, 21110)
(343, 238, 80670)
(343, 187, 7441)
(343, 67, 52942)
(343, 52, 26890)
(343, 46, 46428)
(343, 38, 27305)
(343, 257, 96196)
(343, 28, 24296)
(343, 100, 12906)
(343, 142, 10855)
(343, 77, 63138)
(343, 54, 69226)
(343, 163, 35893)
(343, 134, 62586)
(343, 298, 38724)
(343, 94, 65230)
(343, 165, 99775)
(343, 2, 75819)
(343, 186, 82487)
(343, 241, 32022)
(343, 84, 88497)
(343, 327, 36107)
(343, 325, 72001)
(343, 139, 62032)
(343, 115, 50964)
(343, 200, 48092)
(343, 104, 39139)
(343, 34, 16398)
(343, 40, 51657)
(343, 116, 25228)
(343, 53, 44065)
(343, 109, 5259)
(343, 41, 54345)
(343, 87, 70465)
(343, 33, 51324)
(343, 310, 92417)
(343, 105, 67494)
(343, 29, 96560)
(343, 337, 3730)
(343, 214, 9346)
(343, 110, 83674)
(343, 221, 63535)
(343, 213, 33418)
(343, 161, 12635)
(343, 12, 60990)
(344, 277, 49134)
(344, 337, 75493)
(344, 62, 68759)
(344, 138, 57788)
(344, 107, 69832)
(344, 133, 943)
(344, 108, 60182)
(344, 37, 42078)
(344, 57, 51184)
(344, 111, 74858)
(344, 106, 61028)
(344, 194, 94868)
(344, 146, 73320)
(344, 16, 24540)
(344, 275, 60603)
(344, 71, 29210)
(344, 219, 2361)
(344, 69, 89386)
(344, 314, 16225)
(344, 220, 26433)
(344, 202, 67310)
(344, 325, 90053)
(344, 81, 3276)
(344, 121, 40951)
(344, 175, 43357)
(344, 12, 26823)
(344, 166, 21207)
(344, 308, 55717)
(344, 256, 25364)
(344, 267, 376)
(344, 280, 15149)
(344, 152, 20715)
(344, 248, 96181)
(344, 50, 66175)
(344, 203, 88303)
(344, 58, 11562)
(344, 98, 74766)
(344, 52, 27062)
(344, 55, 50632)
(344, 8, 77652)
(344, 270, 89834)
(344, 150, 22602)
(344, 285, 17034)
(344, 190, 47972)
(344, 35, 85554)
(344, 115, 11952)
(344, 324, 71433)
(344, 153, 85330)
(344, 144, 39887)
(344, 130, 14110)
(344, 304, 66079)
(344, 154, 39347)
(344, 93, 92583)
(344, 265, 56241)
(344, 272, 54926)
(344, 143, 76120)
(344, 200, 77072)
(344, 167, 61888)
(344, 176, 96887)
(344, 25, 16458)
(344, 19, 60735)
(344, 70, 5308)
(344, 192, 37860)
(344, 339, 58785)
(344, 1, 95310)
(344, 297, 43814)
(344, 186, 38026)
(344, 276, 46976)
(344, 221, 65354)
(344, 286, 3409)
(344, 295, 40107)
(344, 89, 1724)
(344, 238, 28743)
(344, 51, 91220)
(344, 160, 94196)
(344, 293, 86428)
(344, 334, 75508)
(344, 273, 58501)
(344, 61, 66179)
(344, 326, 82880)
(344, 323, 20410)
(344, 198, 15013)
(344, 319, 81968)
(344, 91, 44148)
(344, 278, 23719)
(344, 318, 94824)
(344, 26, 22073)
(344, 315, 92856)
(344, 263, 56973)
(344, 291, 98848)
(344, 279, 89642)
(344, 290, 69948)
(344, 330, 55102)
(344, 83, 80296)
(344, 292, 85658)
(344, 156, 50428)
(344, 23, 23252)
(344, 64, 43194)
(344, 336, 40212)
(344, 340, 20525)
(344, 185, 36208)
(344, 183, 11449)
(344, 79, 26779)
(344, 211, 33386)
(344, 155, 94554)
(344, 44, 28116)
(344, 46, 9871)
(344, 100, 53418)
(344, 343, 33964)
(344, 180, 84814)
(344, 170, 95758)
(344, 187, 64673)
(344, 210, 54644)
(344, 196, 2670)
(344, 241, 45499)
(344, 124, 10619)
(344, 302, 61084)
(344, 231, 56533)
(344, 24, 82646)
(344, 117, 75081)
(344, 28, 9952)
(344, 94, 996)
(344, 296, 6500)
(344, 137, 28338)
(344, 10, 93347)
(344, 313, 49493)
(344, 283, 96477)
(344, 76, 37793)
(344, 60, 72839)
(344, 38, 49818)
(344, 105, 77563)
(344, 123, 42096)
(344, 113, 96189)
(344, 34, 99260)
(344, 114, 76735)
(344, 195, 95377)
(344, 142, 19930)
(344, 15, 70971)
(344, 132, 90001)
(344, 63, 19588)
(344, 201, 89105)
(344, 99, 49004)
(344, 86, 98285)
(344, 207, 74798)
(344, 316, 19383)
(344, 29, 32857)
(344, 31, 468)
(344, 301, 51672)
(344, 85, 77348)
(344, 306, 73620)
(344, 204, 22303)
(344, 223, 88403)
(344, 36, 17046)
(344, 140, 29056)
(344, 245, 7258)
(344, 14, 27525)
(344, 240, 67309)
(344, 162, 2621)
(344, 237, 26677)
(344, 163, 11216)
(344, 218, 100183)
(344, 68, 635)
(344, 119, 8336)
(344, 145, 36155)
(344, 131, 51549)
(344, 269, 70473)
(344, 147, 27360)
(344, 317, 17805)
(344, 21, 53412)
(344, 217, 9166)
(344, 77, 84175)
(344, 320, 11763)
(344, 230, 75462)
(344, 224, 67278)
(344, 226, 84430)
(344, 331, 9822)
(344, 332, 43901)
(344, 338, 89476)
(344, 109, 2492)
(344, 7, 99299)
(344, 3, 52665)
(344, 229, 86474)
(344, 284, 83623)
(344, 27, 90602)
(344, 309, 47482)
(344, 260, 20293)
(344, 169, 72841)
(344, 228, 95717)
(344, 84, 27169)
(344, 5, 87824)
(344, 212, 49528)
(344, 165, 92461)
(344, 205, 830)
(344, 268, 49503)
(344, 236, 21667)
(344, 225, 54110)
(344, 262, 83994)
(344, 32, 15640)
(344, 199, 66900)
(344, 43, 85892)
(344, 22, 19012)
(344, 151, 62718)
(344, 6, 40657)
(344, 72, 21466)
(344, 90, 46868)
(344, 41, 97941)
(344, 182, 99177)
(344, 74, 92539)
(344, 233, 67795)
(344, 9, 1269)
(344, 312, 94269)
(344, 103, 97423)
(344, 247, 87262)
(344, 139, 16310)
(344, 88, 91174)
(344, 96, 90517)
(344, 181, 39532)
(344, 168, 80330)
(344, 258, 76142)
(344, 251, 70900)
(344, 274, 94956)
(344, 342, 47138)
(344, 136, 64821)
(344, 118, 92012)
(344, 321, 60486)
(344, 259, 29617)
(344, 322, 14637)
(344, 53, 6483)
(344, 335, 87987)
(344, 148, 53540)
(344, 250, 28736)
(344, 78, 61854)
(344, 125, 10141)
(344, 299, 21503)
(344, 116, 75343)
(344, 255, 47746)
(344, 54, 69003)
(344, 289, 78374)
(344, 164, 68287)
(344, 209, 53995)
(344, 287, 82178)
(344, 257, 75301)
(344, 215, 95762)
(344, 95, 63979)
(344, 303, 13283)
(344, 82, 49734)
(344, 264, 89838)
(344, 87, 72262)
(344, 222, 59921)
(344, 49, 58953)
(344, 244, 61226)
(344, 20, 86909)
(344, 173, 89696)
(344, 104, 51331)
(344, 102, 62106)
(344, 253, 34385)
(344, 184, 27742)
(344, 101, 38625)
(344, 80, 94512)
(344, 0, 89144)
(344, 310, 81786)
(344, 135, 20182)
(344, 110, 68599)
(344, 4, 77054)
(344, 271, 34701)
(344, 311, 93467)
(344, 189, 74848)
(344, 141, 68243)
(344, 134, 38916)
(344, 158, 89007)
(344, 216, 47595)
(344, 234, 44810)
(344, 227, 92535)
(344, 341, 48056)
(344, 214, 71459)
(344, 307, 72976)
(344, 179, 61088)
(344, 59, 6798)
(344, 18, 57955)
(344, 246, 1021)
(344, 92, 15926)
(344, 172, 48847)
(344, 13, 24131)
(344, 178, 40050)
(344, 73, 49258)
(344, 149, 15761)
(344, 45, 41346)
(344, 67, 80851)
(344, 65, 60408)
(344, 126, 59049)
(344, 127, 40911)
(344, 11, 65338)
(344, 193, 44782)
(344, 48, 44765)
(344, 177, 22757)
(344, 120, 51761)
(344, 42, 30947)
(344, 40, 26296)
(344, 328, 57403)
(344, 249, 26825)
(344, 97, 70634)
(344, 66, 60818)
(344, 122, 65037)
(344, 47, 64288)
(344, 333, 3181)
(344, 254, 14894)
(344, 2, 54969)
(344, 266, 83450)
(344, 17, 14564)
(344, 298, 32010)
(344, 261, 76797)
(344, 329, 57999)
(345, 289, 14673)
(345, 259, 39687)
(345, 210, 69487)
(345, 279, 76514)
(345, 111, 69249)
(345, 109, 99377)
(345, 276, 55876)
(345, 244, 17705)
(345, 118, 67743)
(345, 24, 44491)
(345, 49, 12184)
(345, 161, 80023)
(345, 235, 10858)
(345, 217, 19065)
(345, 324, 91529)
(345, 13, 84388)
(345, 50, 66390)
(345, 212, 77321)
(345, 182, 17429)
(345, 268, 60136)
(345, 341, 34312)
(345, 40, 64756)
(345, 10, 94044)
(345, 254, 75188)
(345, 134, 6024)
(345, 4, 75048)
(345, 309, 4133)
(345, 136, 57543)
(345, 26, 3720)
(345, 264, 94848)
(345, 269, 77359)
(345, 187, 66734)
(346, 135, 5968)
(346, 56, 33839)
(346, 220, 21568)
(346, 297, 57553)
(346, 234, 65279)
(346, 165, 62975)
(346, 98, 83437)
(346, 174, 74944)
(346, 111, 62221)
(346, 345, 83331)
(346, 241, 53856)
(346, 126, 57698)
(346, 20, 18200)
(346, 43, 99599)
(346, 180, 52690)
(346, 142, 42813)
(346, 1, 73395)
(346, 199, 90744)
(346, 284, 71969)
(346, 196, 53221)
(346, 170, 13875)
(346, 269, 24630)
(346, 122, 12204)
(346, 229, 43936)
(346, 237, 39941)
(346, 228, 11605)
(346, 192, 53881)
(346, 316, 38944)
(346, 325, 96049)
(346, 146, 88361)
(346, 342, 72651)
(346, 167, 22152)
(346, 281, 73254)
(346, 302, 69965)
(346, 273, 22637)
(346, 197, 71867)
(346, 96, 80996)
(346, 277, 2953)
(346, 0, 65880)
(346, 68, 29551)
(346, 155, 43439)
(346, 233, 85076)
(346, 65, 79071)
(346, 207, 100299)
(346, 225, 93667)
(346, 214, 10077)
(346, 62, 83033)
(346, 104, 88808)
(346, 8, 25459)
(346, 340, 35327)
(346, 216, 33279)
(346, 12, 79046)
(346, 29, 85678)
(346, 3, 28940)
(346, 260, 31180)
(346, 212, 51524)
(346, 244, 86727)
(346, 291, 20241)
(346, 310, 26874)
(346, 11, 98601)
(346, 54, 9496)
(346, 175, 47680)
(346, 268, 79491)
(346, 6, 59979)
(346, 181, 62513)
(346, 298, 75379)
(346, 78, 7347)
(346, 25, 15440)
(346, 183, 11969)
(346, 112, 64484)
(346, 179, 42121)
(346, 154, 24286)
(346, 337, 70832)
(346, 230, 6578)
(346, 148, 22966)
(346, 61, 70268)
(346, 151, 44635)
(346, 36, 9439)
(346, 74, 20463)
(346, 215, 35792)
(346, 115, 71219)
(346, 213, 47504)
(346, 136, 29580)
(346, 198, 80193)
(346, 71, 10767)
(346, 248, 33003)
(346, 239, 2327)
(346, 160, 54375)
(346, 319, 94184)
(346, 206, 84657)
(346, 66, 94603)
(346, 307, 20186)
(346, 267, 30602)
(346, 210, 60706)
(346, 14, 70845)
(346, 303, 46685)
(346, 217, 16529)
(346, 317, 81850)
(346, 301, 42106)
(346, 83, 84995)
(346, 33, 48481)
(346, 30, 50643)
(346, 283, 47613)
(346, 117, 86937)
(346, 95, 50530)
(346, 73, 18242)
(346, 224, 88958)
(346, 89, 22224)
(346, 339, 40949)
(346, 204, 57042)
(346, 92, 1993)
(346, 124, 88309)
(346, 208, 30069)
(346, 305, 100091)
(346, 101, 79509)
(346, 17, 74289)
(346, 330, 26886)
(346, 221, 32802)
(346, 22, 6053)
(346, 75, 51028)
(346, 147, 15682)
(346, 100, 26649)
(346, 182, 1317)
(346, 309, 72167)
(346, 44, 886)
(346, 168, 2246)
(347, 26, 3806)
(347, 252, 3290)
(348, 335, 97291)
(348, 57, 98448)
(348, 62, 43303)
(348, 189, 71975)
(348, 311, 61032)
(348, 119, 100154)
(348, 169, 83792)
(348, 164, 97556)
(348, 326, 59986)
(348, 286, 48723)
(348, 201, 43722)
(348, 101, 94321)
(348, 225, 97450)
(348, 319, 25196)
(348, 290, 84581)
(348, 15, 65700)
(348, 325, 3551)
(348, 3, 47416)
(348, 97, 48517)
(348, 327, 16521)
(348, 11, 77048)
(348, 303, 14666)
(348, 226, 31087)
(348, 206, 30241)
(348, 317, 13852)
(348, 281, 16095)
(348, 193, 95036)
(348, 171, 77705)
(348, 282, 47442)
(348, 203, 61681)
(348, 334, 64904)
(348, 55, 60026)
(348, 289, 3046)
(348, 45, 61985)
(348, 12, 89125)
(348, 244, 71293)
(348, 297, 29414)
(348, 210, 61504)
(348, 165, 99669)
(348, 60, 75812)
(348, 122, 36800)
(348, 109, 91058)
(348, 83, 64869)
(348, 26, 84727)
(348, 52, 56785)
(348, 314, 20130)
(348, 280, 45530)
(348, 154, 33796)
(348, 167, 88241)
(348, 149, 90402)
(348, 184, 7705)
(348, 129, 18369)
(348, 46, 79279)
(348, 235, 91585)
(348, 37, 70658)
(348, 147, 45142)
(348, 202, 61122)
(348, 347, 20920)
(348, 254, 27215)
(348, 82, 9019)
(348, 211, 21442)
(348, 137, 73323)
(348, 84, 73136)
(348, 293, 89142)
(349, 62, 33912)
(349, 36, 21172)
(349, 342, 12007)
(349, 47, 10558)
(349, 227, 34820)
(349, 218, 349)
(349, 179, 17125)
(349, 317, 33623)
(349, 174, 61541)
(349, 96, 45153)
(349, 148, 4014)
(349, 161, 65039)
(349, 183, 61119)
(349, 90, 51008)
(349, 163, 38845)
(349, 259, 5877)
(349, 117, 76412)
(349, 70, 29737)
(349, 186, 31238)
(349, 13, 13630)
(349, 160, 49790)
(349, 222, 58474)
(349, 215, 81253)
(349, 256, 86244)
(349, 145, 47245)
(349, 6, 46041)
(349, 53, 20435)
(349, 18, 49462)
(349, 195, 81793)
(349, 185, 55136)
(349, 272, 30905)
(349, 207, 54148)
(349, 297, 67988)
(349, 180, 96067)
(349, 146, 100210)
(349, 208, 90860)
(349, 88, 5097)
(349, 167, 84370)
(349, 105, 31359)
(349, 16, 65064)
(349, 137, 83237)
(349, 120, 31454)
(349, 281, 14297)
(349, 285, 88417)
(349, 341, 56145)
(349, 147, 72422)
(349, 7, 1701)
(349, 278, 87275)
(349, 302, 84573)
(349, 33, 46513)
(349, 325, 85356)
(349, 254, 43599)
(349, 343, 5271)
(349, 28, 7248)
(349, 295, 68992)
(349, 172, 39973)
(349, 132, 72698)
(349, 63, 2311)
(349, 321, 94737)
(349, 196, 45886)
(349, 203, 72239)
(349, 332, 61326)
(349, 233, 18436)
(349, 238, 62110)
(349, 3, 61334)
(349, 311, 76276)
(349, 213, 52894)
(349, 309, 436)
(349, 34, 14925)
(349, 316, 73423)
(349, 305, 87633)
(349, 141, 50090)
(349, 159, 93930)
(349, 102, 48788)
(349, 264, 69020)
(349, 244, 78090)
(349, 204, 80287)
(349, 282, 89660)
(349, 165, 46015)
(349, 345, 95475)
(349, 69, 48197)
(349, 308, 92498)
(349, 57, 83086)
(349, 265, 69406)
(349, 181, 71037)
(349, 232, 45613)
(349, 86, 54834)
(349, 32, 41616)
(349, 103, 40146)
(349, 219, 93771)
(349, 2, 32081)
(349, 52, 69223)
(349, 337, 35780)
(349, 322, 12032)
(349, 206, 19347)
(349, 171, 76651)
(349, 20, 46065)
(349, 68, 55387)
(349, 271, 62319)
(349, 123, 87274)
(349, 71, 78675)
(349, 85, 71717)
(349, 135, 17314)
(349, 138, 4227)
(349, 77, 19330)
(349, 178, 67832)
(349, 126, 91959)
(349, 108, 26804)
(349, 188, 59680)
(349, 194, 78759)
(349, 210, 26326)
(349, 211, 87478)
(349, 35, 31609)
(349, 1, 87427)
(349, 269, 42755)
(349, 46, 4680)
(349, 225, 9638)
(349, 125, 22278)
(349, 72, 88215)
(349, 310, 4685)
(349, 240, 77150)
(349, 326, 34332)
(349, 59, 54515)
(349, 173, 81580)
(349, 312, 9937)
(349, 158, 20494)
(349, 128, 7794)
(349, 74, 78602)
(349, 298, 48887)
(349, 65, 995)
(349, 276, 5084)
(349, 229, 69979)
(349, 338, 45638)
(349, 301, 68477)
(349, 149, 36867)
(349, 112, 21050)
(349, 176, 50921)
(349, 334, 35268)
(349, 78, 26875)
(349, 111, 17876)
(349, 200, 91338)
(349, 241, 12821)
(349, 187, 51727)
(349, 98, 8349)
(349, 10, 49263)
(349, 247, 98097)
(349, 9, 55253)
(349, 255, 75655)
(349, 11, 69849)
(349, 249, 36540)
(349, 306, 64158)
(349, 19, 3737)
(349, 136, 18322)
(349, 64, 54874)
(349, 251, 64448)
(349, 50, 69549)
(349, 192, 68299)
(349, 250, 18253)
(349, 318, 69628)
(349, 27, 47945)
(349, 58, 29885)
(349, 228, 77194)
(349, 333, 26427)
(349, 29, 86463)
(349, 8, 23125)
(349, 122, 61262)
(349, 242, 42873)
(349, 279, 26444)
(349, 177, 88194)
(349, 294, 55054)
(349, 92, 51893)
(349, 40, 50553)
(349, 115, 97853)
(349, 166, 18271)
(349, 156, 32020)
(349, 24, 91490)
(349, 246, 93591)
(349, 118, 53265)
(349, 283, 87182)
(349, 44, 56978)
(349, 152, 25771)
(349, 197, 77572)
(349, 39, 48123)
(349, 116, 83481)
(349, 131, 11402)
(349, 66, 56333)
(349, 61, 84673)
(349, 101, 98418)
(349, 107, 51019)
(349, 340, 63268)
(349, 15, 5245)
(349, 45, 85401)
(349, 21, 4320)
(349, 31, 85475)
(349, 51, 10957)
(349, 12, 41893)
(349, 273, 19623)
(349, 329, 96550)
(349, 230, 42693)
(349, 226, 7630)
(349, 94, 85873)
(349, 100, 89604)
(349, 324, 52080)
(349, 224, 41907)
(349, 286, 43502)
(349, 162, 9253)
(349, 339, 74256)
(349, 189, 72155)
(349, 237, 91191)
(349, 293, 20042)
(349, 97, 63014)
(349, 38, 88965)
(349, 319, 40087)
(349, 212, 25700)
(349, 99, 77530)
(349, 236, 20239)
(349, 17, 47150)
(349, 76, 25930)
(349, 84, 7336)
(349, 201, 69001)
(349, 25, 30788)
(349, 191, 60771)
(349, 89, 50649)
(349, 344, 47522)
(349, 235, 22753)
(349, 121, 31099)
(349, 252, 95058)
(349, 328, 99848)
(349, 55, 51472)
(349, 54, 53202)
(349, 182, 99270)
(349, 144, 96004)
(349, 277, 24875)
(349, 41, 91416)
(349, 42, 15784)
(349, 124, 28255)
(349, 275, 82713)
(349, 336, 82741)
(349, 48, 5812)
(349, 261, 60715)
(349, 217, 25338)
(349, 220, 13696)
(349, 330, 88744)
(349, 142, 88430)
(349, 239, 66177)
(349, 266, 21644)
(349, 315, 95577)
(349, 87, 7362)
(349, 248, 21020)
(349, 175, 65033)
(349, 164, 82121)
(349, 169, 5813)
(349, 143, 98026)
(349, 323, 22823)
(349, 348, 33608)
(349, 133, 15987)
(349, 168, 78962)
(349, 258, 25902)
(349, 56, 26412)
(349, 199, 20548)
(349, 209, 18716)
(350, 313, 84346)
(350, 55, 85657)
(350, 94, 15779)
(350, 264, 41217)
(350, 282, 48999)
(350, 332, 79466)
(350, 171, 36026)
(350, 242, 84173)
(350, 104, 54092)
(350, 101, 92087)
(350, 315, 71823)
(350, 176, 82076)
(350, 292, 46635)
(350, 96, 71744)
(350, 272, 35125)
(350, 89, 18830)
(350, 29, 21625)
(350, 345, 29940)
(350, 82, 40672)
(350, 316, 77731)
(350, 323, 27064)
(350, 25, 8473)
(350, 326, 74044)
(350, 18, 68724)
(350, 185, 48257)
(350, 283, 24722)
(350, 258, 9595)
(350, 298, 33529)
(350, 260, 33389)
(350, 77, 53924)
(350, 254, 53629)
(350, 134, 69870)
(350, 310, 24431)
(351, 62, 34196)
(351, 134, 82814)
(351, 132, 37129)
(351, 342, 61153)
(351, 320, 33744)
(351, 176, 34103)
(351, 343, 37989)
(351, 50, 27203)
(351, 196, 27257)
(351, 162, 19198)
(351, 251, 75181)
(351, 258, 79117)
(351, 29, 54226)
(351, 164, 45828)
(351, 177, 57612)
(351, 173, 46213)
(351, 315, 28344)
(351, 252, 40)
(351, 54, 74189)
(351, 308, 51371)
(351, 49, 84880)
(351, 283, 26930)
(351, 203, 14234)
(351, 188, 41728)
(351, 209, 43699)
(351, 61, 89953)
(351, 23, 98577)
(351, 163, 27260)
(351, 299, 32052)
(351, 225, 88097)
(351, 26, 43142)
(351, 349, 48717)
(351, 123, 14122)
(351, 165, 42498)
(351, 218, 966)
(351, 143, 87052)
(351, 147, 27147)
(351, 262, 76270)
(351, 77, 49681)
(351, 98, 27232)
(351, 27, 56559)
(351, 291, 56198)
(351, 136, 26922)
(351, 7, 87355)
(351, 268, 93577)
(351, 220, 80991)
(351, 335, 19373)
(351, 19, 60124)
(351, 260, 6591)
(351, 186, 89364)
(351, 41, 32959)
(351, 313, 25253)
(351, 324, 27017)
(351, 257, 3085)
(351, 30, 51120)
(351, 265, 72403)
(351, 321, 58962)
(351, 52, 48750)
(351, 204, 89971)
(351, 345, 35203)
(351, 242, 20677)
(351, 58, 33000)
(351, 161, 38)
(351, 246, 84099)
(351, 241, 86845)
(351, 128, 8007)
(351, 117, 33788)
(351, 232, 91538)
(351, 79, 97276)
(351, 99, 84922)
(351, 322, 70944)
(351, 294, 88949)
(351, 91, 49639)
(351, 201, 83826)
(351, 159, 63859)
(351, 34, 24173)
(351, 180, 83444)
(351, 179, 45316)
(351, 142, 84774)
(351, 193, 56167)
(351, 126, 14162)
(351, 264, 78486)
(351, 167, 17141)
(351, 183, 95597)
(351, 254, 41078)
(351, 139, 66804)
(351, 63, 32593)
(351, 309, 84391)
(351, 111, 15855)
(351, 4, 6924)
(351, 348, 80165)
(351, 333, 65699)
(351, 35, 41612)
(351, 187, 56142)
(351, 0, 94339)
(351, 215, 51662)
(351, 197, 36010)
(351, 328, 53021)
(351, 245, 63347)
(351, 92, 38001)
(351, 3, 64627)
(351, 113, 89469)
(351, 47, 22741)
(351, 332, 86582)
(351, 13, 68576)
(351, 70, 69391)
(351, 290, 59107)
(351, 334, 95282)
(351, 247, 35294)
(351, 11, 87922)
(351, 302, 18821)
(351, 329, 64190)
(351, 314, 89041)
(351, 275, 67336)
(351, 304, 64542)
(351, 103, 70622)
(351, 184, 5844)
(351, 276, 62257)
(352, 90, 32681)
(352, 349, 63098)
(352, 255, 48334)
(352, 108, 50655)
(352, 238, 22337)
(352, 52, 33347)
(352, 1, 2498)
(352, 95, 12896)
(352, 206, 65786)
(352, 2, 24016)
(352, 8, 38325)
(352, 249, 14314)
(352, 315, 16564)
(352, 189, 60054)
(352, 285, 55383)
(352, 287, 84200)
(352, 221, 5172)
(352, 174, 54498)
(352, 147, 68742)
(352, 40, 62244)
(352, 74, 2298)
(352, 175, 25334)
(352, 328, 88156)
(352, 66, 86283)
(352, 51, 66107)
(352, 299, 30522)
(352, 277, 90713)
(352, 131, 35257)
(352, 94, 55271)
(352, 12, 1101)
(352, 341, 85834)
(352, 113, 38111)
(352, 26, 28727)
(352, 58, 39375)
(352, 250, 36456)
(352, 137, 86935)
(352, 59, 99702)
(352, 60, 33274)
(352, 22, 64144)
(352, 331, 75944)
(352, 339, 22754)
(352, 48, 80227)
(352, 229, 15323)
(352, 252, 82260)
(352, 242, 64453)
(352, 83, 43446)
(352, 296, 26435)
(352, 162, 58233)
(352, 177, 99754)
(352, 183, 37327)
(352, 185, 58498)
(352, 241, 88697)
(352, 325, 35425)
(352, 109, 8266)
(352, 79, 24335)
(352, 279, 18839)
(352, 280, 47360)
(352, 312, 10570)
(352, 291, 47682)
(352, 195, 46980)
(352, 288, 85983)
(352, 117, 89013)
(352, 286, 90949)
(352, 38, 34389)
(352, 172, 50750)
(352, 218, 66475)
(352, 281, 42588)
(352, 150, 36915)
(352, 61, 46678)
(352, 27, 21403)
(352, 267, 27917)
(352, 173, 31826)
(352, 194, 37474)
(352, 171, 97607)
(352, 126, 8104)
(352, 214, 84400)
(352, 7, 57068)
(352, 262, 96841)
(352, 37, 48998)
(352, 163, 1265)
(352, 68, 87960)
(352, 306, 48721)
(352, 333, 12490)
(352, 54, 51038)
(352, 15, 261)
(352, 342, 95155)
(352, 0, 90222)
(352, 298, 84552)
(352, 193, 23387)
(352, 153, 53970)
(352, 119, 99906)
(352, 25, 45831)
(352, 62, 21334)
(352, 289, 6289)
(352, 45, 72997)
(352, 187, 94671)
(352, 324, 10334)
(352, 55, 85941)
(352, 216, 65348)
(352, 202, 14581)
(352, 320, 478)
(352, 290, 499)
(352, 166, 26793)
(352, 93, 4003)
(352, 145, 96344)
(352, 130, 10121)
(352, 272, 26304)
(352, 209, 54107)
(352, 243, 67447)
(352, 20, 86726)
(352, 181, 95093)
(352, 70, 57704)
(352, 203, 63718)
(352, 69, 88008)
(352, 215, 15033)
(352, 310, 13048)
(352, 36, 52536)
(352, 168, 98192)
(352, 303, 40043)
(352, 204, 5617)
(352, 232, 95733)
(352, 161, 6224)
(352, 24, 90482)
(352, 75, 22397)
(352, 82, 27351)
(352, 5, 45978)
(353, 150, 40565)
(353, 109, 34985)
(353, 218, 10149)
(353, 68, 68252)
(353, 191, 12824)
(353, 169, 85093)
(353, 78, 66400)
(353, 41, 46255)
(353, 61, 27105)
(353, 278, 67068)
(353, 52, 42525)
(353, 318, 7198)
(353, 307, 57787)
(353, 50, 18310)
(353, 119, 65475)
(353, 300, 16896)
(353, 320, 98998)
(353, 35, 58397)
(353, 45, 67929)
(353, 311, 77552)
(353, 178, 84284)
(353, 224, 1938)
(353, 95, 31652)
(353, 207, 33013)
(353, 200, 42312)
(353, 324, 78991)
(353, 75, 59395)
(353, 277, 73713)
(353, 309, 88600)
(353, 352, 63426)
(353, 306, 77145)
(353, 128, 84445)
(353, 46, 18366)
(353, 339, 16444)
(353, 275, 68320)
(353, 202, 37576)
(353, 342, 55254)
(353, 203, 75932)
(353, 23, 17502)
(353, 177, 29591)
(353, 5, 41452)
(353, 47, 78139)
(353, 112, 23065)
(353, 9, 50738)
(353, 348, 87892)
(353, 204, 89184)
(353, 325, 74071)
(353, 120, 11526)
(353, 346, 47023)
(353, 245, 18824)
(353, 11, 70279)
(353, 248, 13849)
(353, 179, 79121)
(353, 3, 76774)
(353, 212, 83160)
(353, 186, 28773)
(353, 159, 78431)
(353, 243, 7841)
(353, 84, 22530)
(353, 180, 92214)
(353, 66, 65474)
(353, 276, 46970)
(353, 167, 5356)
(353, 7, 91347)
(353, 37, 64767)
(353, 349, 40332)
(353, 286, 69722)
(353, 86, 36581)
(353, 260, 86401)
(353, 302, 4975)
(353, 247, 58293)
(353, 89, 96889)
(353, 272, 31754)
(353, 250, 23465)
(353, 262, 55362)
(353, 26, 86034)
(353, 4, 16538)
(353, 73, 54115)
(353, 85, 45098)
(353, 185, 77609)
(353, 38, 96647)
(353, 118, 20961)
(353, 287, 66232)
(353, 71, 1556)
(353, 176, 41064)
(353, 295, 96203)
(353, 289, 71146)
(353, 6, 17475)
(353, 220, 6842)
(353, 184, 56502)
(353, 155, 53889)
(353, 139, 96515)
(353, 343, 52785)
(353, 82, 537)
(353, 194, 92280)
(353, 114, 40411)
(353, 87, 93592)
(353, 12, 35769)
(353, 350, 30968)
(353, 62, 47767)
(353, 28, 20622)
(353, 56, 5789)
(353, 166, 23114)
(353, 323, 62077)
(353, 55, 48293)
(353, 313, 10068)
(353, 229, 95742)
(353, 59, 5601)
(353, 153, 21191)
(353, 251, 76230)
(353, 100, 49627)
(353, 58, 62123)
(353, 164, 14973)
(353, 232, 87351)
(353, 20, 48216)
(353, 141, 68298)
(353, 233, 81371)
(353, 209, 68551)
(353, 253, 88129)
(353, 217, 58849)
(353, 181, 78008)
(353, 48, 38302)
(353, 0, 26842)
(353, 316, 56983)
(353, 30, 18398)
(353, 116, 75918)
(353, 130, 19346)
(353, 292, 79130)
(353, 67, 67946)
(353, 192, 6001)
(353, 140, 4732)
(353, 161, 23372)
(353, 152, 63232)
(353, 69, 39004)
(353, 196, 91522)
(353, 138, 25470)
(353, 111, 99903)
(353, 333, 5145)
(353, 294, 99584)
(353, 213, 95229)
(353, 258, 95646)
(353, 53, 93466)
(353, 157, 75676)
(353, 132, 94129)
(353, 110, 28825)
(353, 90, 75625)
(353, 265, 47291)
(353, 13, 12616)
(353, 115, 81618)
(353, 225, 54532)
(353, 18, 69582)
(353, 231, 71093)
(353, 51, 88991)
(353, 126, 12385)
(353, 125, 93328)
(353, 230, 5947)
(353, 288, 52831)
(353, 279, 82683)
(353, 197, 95962)
(353, 280, 74621)
(353, 144, 20221)
(353, 201, 38968)
(353, 310, 35289)
(353, 102, 48775)
(353, 337, 28672)
(353, 1, 7481)
(353, 341, 90056)
(353, 174, 86207)
(353, 136, 66508)
(353, 148, 14344)
(353, 267, 51733)
(353, 146, 79120)
(353, 44, 37750)
(353, 234, 27176)
(353, 32, 8832)
(353, 303, 75684)
(353, 49, 5908)
(353, 158, 70784)
(353, 305, 4279)
(353, 88, 42386)
(353, 326, 25475)
(353, 235, 85860)
(353, 236, 87337)
(353, 124, 43027)
(353, 93, 51630)
(353, 40, 51362)
(353, 156, 42146)
(353, 340, 38443)
(353, 241, 35817)
(353, 117, 39260)
(353, 208, 81416)
(353, 322, 81955)
(353, 77, 24033)
(353, 21, 96619)
(353, 237, 38342)
(353, 34, 16807)
(353, 244, 64266)
(353, 106, 56236)
(353, 285, 16496)
(353, 65, 19118)
(353, 108, 42729)
(353, 319, 55032)
(353, 256, 3980)
(353, 83, 43824)
(353, 227, 77629)
(353, 321, 81575)
(353, 304, 8879)
(353, 162, 95972)
(353, 10, 15476)
(353, 17, 40198)
(353, 195, 176)
(353, 216, 84530)
(353, 222, 100304)
(353, 312, 40204)
(353, 351, 25797)
(353, 19, 72888)
(353, 283, 34867)
(353, 16, 69981)
(353, 182, 99179)
(353, 175, 22102)
(353, 27, 29874)
(353, 314, 90285)
(353, 127, 21358)
(353, 188, 59399)
(353, 331, 27926)
(353, 96, 67798)
(353, 172, 7001)
(353, 193, 94541)
(353, 72, 8783)
(353, 219, 60705)
(353, 133, 81909)
(353, 344, 39902)
(353, 22, 53171)
(353, 298, 84731)
(353, 107, 13070)
(353, 259, 54358)
(353, 223, 90096)
(353, 345, 6275)
(353, 228, 86366)
(353, 70, 90117)
(353, 332, 25716)
(353, 338, 33764)
(353, 254, 50527)
(353, 15, 80379)
(353, 308, 66605)
(353, 261, 35984)
(353, 255, 97406)
(353, 39, 16964)
(353, 238, 26666)
(353, 190, 59180)
(353, 103, 83429)
(353, 327, 83152)
(353, 43, 73451)
(353, 98, 87928)
(353, 101, 81072)
(353, 14, 81233)
(353, 335, 43728)
(353, 134, 87173)
(353, 210, 7885)
(353, 99, 73975)
(353, 91, 41124)
(353, 8, 42216)
(353, 171, 77825)
(353, 293, 21669)
(353, 290, 56728)
(353, 131, 84796)
(353, 151, 79842)
(353, 347, 17306)
(353, 94, 8769)
(353, 129, 16684)
(353, 163, 31456)
(353, 198, 57419)
(353, 63, 9296)
(353, 42, 55786)
(353, 211, 100060)
(353, 242, 69206)
(353, 173, 93262)
(353, 165, 88852)
(353, 64, 4937)
(353, 76, 3819)
(353, 25, 28195)
(353, 160, 11612)
(353, 334, 76029)
(353, 183, 70079)
(353, 2, 8976)
(353, 249, 60444)
(353, 266, 89380)
(353, 264, 24817)
(353, 221, 49453)
(353, 205, 38575)
(353, 329, 32944)
(353, 74, 35155)
(353, 315, 35828)
(353, 60, 9269)
(354, 207, 5581)
(354, 128, 96853)
(354, 247, 52093)
(354, 169, 75775)
(354, 227, 2580)
(354, 310, 17610)
(354, 152, 17442)
(354, 186, 34890)
(354, 4, 70538)
(354, 161, 46245)
(354, 246, 36406)
(354, 337, 62684)
(354, 183, 89023)
(354, 346, 89083)
(354, 2, 76406)
(354, 49, 90688)
(354, 262, 27652)
(354, 170, 96354)
(354, 217, 51476)
(354, 326, 17439)
(354, 12, 95015)
(354, 86, 92313)
(354, 304, 60122)
(354, 44, 89488)
(354, 122, 41953)
(354, 79, 79374)
(354, 229, 35782)
(354, 299, 90765)
(354, 81, 65377)
(354, 174, 63437)
(354, 35, 12013)
(354, 339, 6386)
(354, 274, 57692)
(354, 171, 86021)
(354, 82, 534)
(354, 264, 97744)
(354, 294, 73819)
(354, 19, 52072)
(354, 148, 54286)
(354, 323, 54783)
(354, 120, 77863)
(354, 240, 72831)
(354, 245, 4651)
(354, 181, 11323)
(354, 54, 25571)
(354, 108, 37598)
(354, 269, 38635)
(354, 46, 53988)
(354, 118, 91458)
(354, 192, 1649)
(354, 338, 13457)
(354, 191, 25709)
(354, 6, 71605)
(354, 306, 34731)
(354, 34, 12964)
(354, 265, 92356)
(354, 41, 73234)
(354, 199, 39501)
(354, 235, 48910)
(354, 190, 98328)
(354, 184, 84687)
(354, 156, 72990)
(354, 121, 97762)
(354, 175, 13882)
(354, 329, 23974)
(354, 350, 57954)
(354, 201, 5451)
(354, 160, 8818)
(354, 312, 90254)
(354, 28, 82203)
(354, 311, 38536)
(354, 219, 27078)
(354, 204, 19829)
(354, 16, 80700)
(354, 244, 33585)
(354, 222, 23512)
(354, 53, 36317)
(354, 176, 3900)
(354, 319, 100164)
(354, 178, 37792)
(354, 315, 34727)
(354, 189, 74826)
(354, 212, 98469)
(354, 250, 75440)
(354, 55, 64244)
(354, 317, 24467)
(354, 76, 12695)
(354, 97, 44899)
(354, 151, 1771)
(354, 172, 11306)
(354, 95, 16172)
(354, 31, 78754)
(354, 231, 50484)
(354, 340, 23280)
(354, 25, 76926)
(354, 140, 29370)
(354, 83, 47096)
(354, 84, 7326)
(354, 193, 64866)
(354, 24, 45822)
(354, 271, 58058)
(354, 32, 82543)
(354, 73, 90628)
(354, 209, 63039)
(354, 215, 30374)
(354, 314, 78490)
(354, 252, 69575)
(354, 29, 55129)
(354, 349, 75662)
(354, 38, 77376)
(354, 280, 84624)
(354, 260, 18019)
(354, 100, 96027)
(354, 228, 67730)
(354, 173, 78167)
(354, 223, 99475)
(354, 91, 96698)
(354, 5, 59923)
(354, 70, 57590)
(354, 103, 3606)
(354, 135, 61976)
(354, 344, 83625)
(354, 322, 61750)
(354, 114, 13897)
(354, 11, 76172)
(354, 80, 49439)
(354, 36, 55131)
(354, 259, 32148)
(354, 18, 78581)
(354, 150, 52021)
(354, 15, 81392)
(354, 237, 17746)
(354, 162, 31842)
(354, 33, 77600)
(354, 27, 98801)
(354, 58, 44693)
(354, 22, 76147)
(354, 225, 92041)
(354, 94, 8580)
(354, 99, 95094)
(354, 290, 3162)
(354, 134, 62912)
(354, 272, 27219)
(354, 133, 28228)
(354, 9, 59098)
(354, 69, 11622)
(354, 40, 98289)
(354, 263, 30091)
(354, 324, 18197)
(354, 124, 62291)
(354, 283, 60957)
(354, 220, 98003)
(354, 177, 90279)
(354, 59, 51350)
(354, 205, 57412)
(354, 297, 62801)
(354, 45, 77902)
(354, 325, 54746)
(354, 248, 88588)
(354, 52, 96844)
(354, 72, 84265)
(354, 132, 31763)
(354, 17, 55584)
(354, 289, 9500)
(354, 242, 70926)
(354, 232, 92032)
(354, 115, 91788)
(354, 284, 10743)
(354, 258, 63175)
(354, 206, 73353)
(354, 125, 19038)
(354, 130, 1527)
(354, 211, 21203)
(354, 308, 78729)
(354, 185, 11279)
(354, 10, 27541)
(354, 195, 7956)
(354, 3, 29205)
(354, 57, 22837)
(354, 276, 15462)
(354, 110, 65392)
(354, 116, 69045)
(354, 210, 17949)
(354, 291, 83126)
(354, 137, 69467)
(354, 277, 45008)
(354, 165, 55392)
(354, 92, 33210)
(354, 138, 69670)
(354, 89, 15801)
(354, 334, 87474)
(354, 234, 42930)
(354, 149, 49947)
(354, 305, 71552)
(354, 320, 1610)
(354, 221, 46228)
(354, 39, 28969)
(354, 51, 41708)
(354, 26, 67097)
(354, 236, 43370)
(354, 330, 51016)
(354, 243, 8844)
(354, 8, 35312)
(354, 238, 25164)
(354, 353, 99138)
(354, 335, 85552)
(354, 270, 41199)
(354, 90, 22803)
(354, 218, 9352)
(354, 164, 11721)
(354, 255, 42826)
(354, 13, 33218)
(354, 288, 80973)
(354, 88, 25616)
(354, 113, 89710)
(354, 62, 45960)
(354, 342, 60046)
(354, 249, 32641)
(354, 316, 55026)
(354, 302, 51997)
(354, 87, 92917)
(354, 233, 33300)
(354, 292, 87162)
(354, 187, 40653)
(354, 60, 10074)
(354, 155, 72230)
(354, 253, 58018)
(354, 101, 55279)
(354, 43, 83284)
(354, 301, 12401)
(354, 266, 12760)
(354, 154, 26166)
(354, 145, 15340)
(354, 106, 94449)
(354, 64, 72331)
(354, 65, 96691)
(354, 307, 22792)
(354, 352, 76794)
(354, 351, 57151)
(354, 117, 55532)
(354, 136, 92780)
(354, 74, 40054)
(354, 279, 43515)
(354, 153, 74438)
(355, 199, 52521)
(355, 41, 75777)
(355, 227, 10555)
(355, 9, 82207)
(355, 349, 52074)
(355, 245, 60885)
(355, 223, 10183)
(355, 94, 50976)
(355, 178, 18888)
(355, 218, 73288)
(355, 108, 758)
(355, 258, 71412)
(355, 72, 75103)
(355, 305, 20545)
(355, 184, 92390)
(355, 244, 46923)
(355, 290, 95008)
(355, 334, 62544)
(355, 228, 88993)
(355, 281, 91259)
(355, 87, 14355)
(355, 14, 58595)
(355, 321, 97290)
(355, 240, 40335)
(355, 338, 29105)
(355, 104, 56202)
(355, 112, 31141)
(355, 284, 15984)
(355, 75, 97012)
(355, 99, 66264)
(355, 50, 60953)
(355, 283, 100197)
(355, 13, 93738)
(355, 131, 68847)
(355, 29, 44321)
(355, 143, 63966)
(355, 344, 97258)
(355, 322, 91414)
(355, 117, 64135)
(355, 206, 98494)
(355, 44, 51760)
(355, 22, 30404)
(355, 73, 92562)
(355, 198, 2165)
(355, 254, 73666)
(355, 348, 48832)
(355, 71, 20048)
(355, 170, 47773)
(355, 293, 37396)
(355, 105, 75490)
(355, 201, 7520)
(355, 263, 78906)
(355, 299, 66211)
(355, 135, 60821)
(355, 347, 75024)
(355, 25, 45397)
(355, 237, 60371)
(355, 78, 92823)
(355, 33, 6451)
(355, 186, 39632)
(355, 325, 46509)
(355, 45, 74606)
(355, 107, 16878)
(355, 250, 88911)
(355, 289, 16302)
(355, 255, 82387)
(355, 173, 54199)
(355, 234, 62498)
(355, 113, 23294)
(355, 160, 77715)
(355, 316, 91596)
(355, 148, 93214)
(355, 242, 62821)
(355, 175, 52906)
(355, 249, 39235)
(355, 243, 54633)
(355, 40, 13947)
(355, 145, 83568)
(355, 323, 23399)
(355, 288, 972)
(355, 172, 70673)
(355, 127, 5532)
(355, 56, 71660)
(355, 317, 92771)
(355, 76, 71971)
(355, 6, 16926)
(355, 333, 19173)
(355, 157, 7005)
(355, 155, 27737)
(355, 38, 70086)
(355, 153, 90722)
(355, 27, 85027)
(355, 279, 77997)
(355, 280, 97742)
(355, 80, 93197)
(355, 141, 72371)
(355, 266, 46646)
(355, 177, 77656)
(355, 194, 31453)
(355, 158, 70599)
(355, 39, 81963)
(355, 327, 18835)
(355, 123, 30071)
(355, 67, 88349)
(355, 133, 52039)
(355, 69, 16696)
(355, 37, 44508)
(355, 320, 96735)
(355, 132, 15660)
(355, 138, 145)
(355, 124, 21412)
(355, 332, 42016)
(355, 213, 85537)
(355, 271, 2578)
(355, 161, 67465)
(355, 190, 48792)
(355, 86, 45932)
(355, 342, 34215)
(355, 59, 49574)
(355, 336, 55359)
(355, 260, 79162)
(355, 225, 66297)
(355, 330, 93116)
(355, 28, 71588)
(355, 144, 79248)
(355, 195, 30691)
(355, 209, 74781)
(355, 42, 55730)
(355, 134, 51201)
(355, 92, 80941)
(355, 212, 50404)
(355, 17, 7727)
(355, 313, 98624)
(355, 84, 34409)
(355, 43, 83017)
(355, 58, 76467)
(355, 21, 18755)
(355, 15, 35075)
(355, 273, 54897)
(355, 55, 57711)
(355, 192, 69687)
(355, 63, 7182)
(355, 168, 34005)
(355, 343, 27344)
(355, 302, 50386)
(355, 7, 18724)
(355, 49, 28274)
(355, 341, 75365)
(355, 46, 85258)
(355, 169, 85298)
(355, 32, 6222)
(355, 306, 56703)
(355, 10, 92805)
(355, 193, 82711)
(355, 350, 44345)
(355, 159, 58332)
(355, 163, 92652)
(355, 328, 72738)
(355, 90, 67915)
(355, 247, 7555)
(355, 48, 52722)
(355, 182, 30775)
(355, 111, 87714)
(355, 311, 43790)
(355, 53, 99093)
(355, 314, 33963)
(355, 0, 5910)
(355, 274, 95472)
(355, 331, 34299)
(355, 235, 19013)
(355, 149, 21578)
(355, 259, 56924)
(355, 230, 44079)
(355, 257, 42557)
(355, 339, 2899)
(355, 125, 10758)
(355, 150, 13187)
(355, 352, 35611)
(355, 224, 69850)
(355, 286, 6845)
(355, 167, 86855)
(355, 110, 34579)
(355, 270, 75326)
(355, 102, 55008)
(355, 315, 56886)
(355, 136, 88802)
(355, 265, 97066)
(355, 62, 30737)
(355, 114, 25453)
(355, 11, 66461)
(355, 88, 51018)
(355, 310, 25238)
(355, 354, 83463)
(355, 179, 23517)
(355, 300, 74056)
(355, 307, 3041)
(355, 4, 30263)
(355, 19, 25711)
(355, 36, 22598)
(355, 346, 73501)
(355, 57, 86970)
(355, 220, 10030)
(355, 236, 93194)
(355, 278, 19488)
(355, 277, 54187)
(355, 23, 42991)
(355, 100, 48897)
(355, 261, 76582)
(355, 215, 3844)
(355, 251, 82162)
(355, 174, 76550)
(355, 24, 11707)
(355, 296, 5842)
(355, 229, 23913)
(355, 285, 10744)
(355, 301, 7722)
(355, 292, 9705)
(355, 2, 94251)
(355, 181, 98212)
(355, 165, 7073)
(355, 196, 75213)
(355, 20, 28657)
(355, 308, 66238)
(355, 79, 70023)
(355, 351, 29481)
(355, 197, 65730)
(355, 269, 34868)
(355, 208, 66135)
(355, 211, 65261)
(355, 264, 4045)
(356, 3, 2442)
(356, 292, 97152)
(356, 272, 16542)
(356, 264, 77078)
(356, 111, 10651)
(356, 114, 80636)
(356, 219, 23431)
(356, 50, 6056)
(356, 340, 62892)
(356, 165, 96460)
(356, 247, 39537)
(356, 24, 79587)
(356, 269, 99711)
(356, 176, 28464)
(356, 203, 64126)
(356, 168, 95655)
(356, 217, 88435)
(356, 108, 78981)
(356, 86, 22419)
(356, 205, 91252)
(356, 35, 33548)
(356, 213, 92353)
(356, 97, 32630)
(356, 130, 97921)
(356, 322, 24038)
(356, 277, 76349)
(356, 169, 13446)
(356, 307, 29058)
(356, 94, 92603)
(356, 312, 69818)
(356, 181, 11781)
(356, 193, 47713)
(356, 72, 85670)
(356, 100, 53916)
(356, 249, 11708)
(356, 33, 19694)
(356, 187, 51262)
(356, 238, 48371)
(356, 222, 35940)
(356, 354, 87271)
(356, 331, 87409)
(356, 204, 34725)
(356, 89, 82005)
(356, 349, 14950)
(356, 142, 52399)
(356, 274, 72415)
(356, 158, 57828)
(356, 226, 6864)
(356, 317, 69122)
(356, 224, 72885)
(356, 190, 55305)
(356, 173, 22768)
(356, 258, 93552)
(356, 136, 41323)
(356, 252, 8400)
(356, 126, 72125)
(356, 287, 55413)
(356, 250, 55621)
(356, 83, 9393)
(356, 143, 97137)
(356, 15, 99011)
(356, 210, 73724)
(356, 225, 1588)
(356, 186, 50551)
(356, 329, 13425)
(356, 209, 25305)
(356, 82, 37646)
(356, 248, 5434)
(356, 113, 41125)
(356, 240, 58036)
(356, 40, 3746)
(356, 87, 27416)
(356, 342, 2728)
(356, 341, 59841)
(356, 315, 87232)
(356, 306, 58039)
(356, 267, 53514)
(356, 296, 26643)
(356, 350, 84037)
(356, 303, 65046)
(356, 299, 77855)
(356, 30, 46721)
(356, 347, 38814)
(356, 61, 80644)
(356, 239, 69980)
(356, 26, 4562)
(356, 163, 63177)
(356, 310, 47809)
(356, 22, 91020)
(356, 151, 12288)
(356, 348, 44766)
(356, 330, 19122)
(356, 34, 80492)
(356, 99, 14841)
(356, 172, 75329)
(356, 7, 35368)
(356, 95, 96576)
(356, 244, 89369)
(356, 319, 51705)
(356, 202, 56504)
(356, 174, 50757)
(356, 133, 89624)
(356, 78, 63832)
(356, 259, 36385)
(356, 10, 98904)
(356, 324, 70021)
(356, 45, 78541)
(356, 235, 58864)
(356, 284, 22467)
(356, 199, 6105)
(356, 0, 77011)
(356, 4, 8579)
(356, 188, 33984)
(356, 196, 45755)
(356, 263, 48143)
(356, 153, 81158)
(356, 232, 75489)
(356, 281, 100001)
(356, 135, 17865)
(356, 279, 53592)
(356, 234, 41431)
(356, 106, 85201)
(356, 218, 12305)
(356, 254, 74280)
(356, 68, 84408)
(356, 147, 32269)
(356, 237, 9530)
(356, 301, 25212)
(356, 233, 80040)
(356, 200, 47237)
(356, 1, 36538)
(356, 268, 73588)
(356, 71, 5176)
(356, 154, 11134)
(356, 189, 65087)
(356, 31, 36548)
(356, 128, 7449)
(356, 323, 49552)
(356, 149, 10837)
(356, 215, 72174)
(356, 195, 27839)
(356, 346, 72249)
(356, 216, 58708)
(356, 67, 10567)
(356, 355, 17547)
(356, 32, 95185)
(356, 80, 87121)
(356, 48, 76448)
(356, 23, 49132)
(356, 275, 45621)
(356, 253, 5794)
(356, 212, 82893)
(356, 337, 61425)
(356, 316, 99851)
(356, 344, 24299)
(356, 194, 20338)
(356, 140, 45108)
(356, 96, 33702)
(356, 351, 56201)
(356, 266, 52303)
(356, 290, 26492)
(356, 231, 46569)
(356, 47, 14096)
(356, 41, 23623)
(356, 74, 8121)
(356, 326, 89538)
(356, 336, 90536)
(356, 121, 91475)
(356, 353, 81349)
(356, 11, 71069)
(356, 120, 36469)
(356, 59, 38540)
(356, 260, 27987)
(356, 162, 91933)
(356, 160, 70899)
(356, 262, 61183)
(356, 79, 89478)
(356, 138, 46511)
(356, 345, 68097)
(356, 64, 80828)
(356, 93, 86149)
(356, 214, 59929)
(356, 117, 25994)
(356, 155, 46788)
(356, 198, 68933)
(356, 308, 32090)
(356, 51, 9707)
(356, 230, 61531)
(356, 9, 95216)
(356, 289, 85071)
(356, 321, 15759)
(356, 85, 79084)
(356, 283, 79977)
(356, 318, 78373)
(356, 12, 86905)
(356, 184, 32498)
(356, 98, 2620)
(356, 251, 24426)
(356, 141, 13660)
(356, 335, 25639)
(356, 56, 65528)
(356, 13, 60609)
(356, 278, 82308)
(356, 339, 15045)
(356, 208, 71907)
(356, 291, 34760)
(356, 201, 27003)
(356, 191, 19115)
(356, 297, 81999)
(356, 328, 100254)
(356, 159, 83778)
(356, 131, 28325)
(356, 60, 64769)
(356, 122, 69011)
(356, 282, 39519)
(356, 175, 12164)
(356, 243, 1081)
(356, 137, 76381)
(356, 42, 81966)
(356, 207, 85459)
(356, 81, 51806)
(356, 170, 90953)
(356, 245, 63648)
(356, 325, 82536)
(356, 343, 39278)
(356, 157, 38957)
(356, 309, 99710)
(356, 119, 51116)
(356, 171, 96136)
(356, 276, 56532)
(356, 29, 15136)
(356, 38, 91425)
(356, 206, 68633)
(356, 105, 9964)
(356, 49, 47795)
(356, 332, 62311)
(356, 52, 88196)
(356, 104, 70600)
(356, 265, 88480)
(356, 63, 75458)
(356, 285, 47208)
(356, 77, 91235)
(356, 280, 39025)
(356, 179, 14363)
(356, 101, 56841)
(356, 84, 89381)
(356, 55, 15863)
(356, 242, 74179)
(356, 298, 4124)
(356, 65, 17641)
(356, 37, 28453)
(356, 182, 78988)
(356, 327, 42408)
(356, 255, 53214)
(356, 76, 12033)
(356, 148, 63736)
(356, 103, 64994)
(356, 62, 68375)
(356, 115, 79261)
(356, 44, 36692)
(356, 112, 13808)
(356, 246, 23781)
(356, 8, 25785)
(356, 192, 92404)
(357, 254, 79840)
(357, 182, 44355)
(357, 48, 49318)
(357, 322, 97604)
(357, 102, 73792)
(357, 66, 96880)
(357, 77, 32320)
(357, 334, 59347)
(357, 210, 33280)
(357, 131, 40817)
(357, 228, 60912)
(357, 264, 49007)
(357, 315, 94694)
(357, 185, 56212)
(357, 140, 72964)
(357, 355, 86387)
(357, 127, 17601)
(357, 285, 50409)
(357, 311, 83219)
(357, 320, 89087)
(357, 42, 54806)
(357, 200, 95396)
(357, 84, 23523)
(357, 24, 41825)
(357, 331, 27588)
(357, 241, 80717)
(357, 7, 94581)
(357, 149, 96624)
(357, 165, 22699)
(357, 174, 18379)
(357, 332, 71209)
(357, 29, 70589)
(357, 267, 46857)
(357, 136, 56345)
(357, 32, 67839)
(357, 178, 86092)
(357, 172, 70282)
(357, 83, 17334)
(357, 152, 98704)
(357, 125, 12011)
(357, 134, 1669)
(357, 95, 59191)
(357, 72, 53190)
(357, 105, 100143)
(357, 202, 9921)
(357, 19, 94522)
(357, 8, 79066)
(357, 94, 38822)
(357, 135, 115)
(357, 47, 70664)
(357, 281, 69771)
(357, 325, 70257)
(357, 122, 9870)
(357, 272, 70736)
(357, 349, 20934)
(357, 213, 88695)
(357, 39, 36408)
(357, 25, 51162)
(357, 209, 28177)
(357, 150, 39064)
(357, 67, 84547)
(357, 16, 93065)
(357, 141, 85482)
(357, 151, 52767)
(357, 336, 74463)
(357, 343, 31035)
(357, 230, 100184)
(357, 132, 73251)
(357, 51, 69354)
(357, 27, 31036)
(357, 157, 10212)
(357, 153, 26682)
(357, 317, 68924)
(357, 291, 55859)
(357, 124, 87859)
(357, 294, 22031)
(357, 242, 83593)
(357, 82, 66190)
(357, 351, 31258)
(357, 192, 36411)
(357, 73, 70531)
(357, 142, 33212)
(357, 297, 2614)
(357, 234, 61104)
(357, 269, 40581)
(357, 144, 57356)
(357, 20, 12481)
(357, 137, 4776)
(357, 354, 90974)
(357, 251, 30665)
(357, 62, 97811)
(357, 6, 93329)
(357, 224, 36154)
(357, 26, 73479)
(357, 99, 93355)
(357, 263, 58215)
(357, 35, 16591)
(357, 300, 84544)
(357, 33, 11178)
(357, 91, 68674)
(357, 321, 28932)
(357, 183, 20543)
(357, 109, 66520)
(357, 89, 14240)
(357, 58, 48181)
(357, 187, 73729)
(357, 123, 34974)
(357, 211, 13669)
(357, 296, 14047)
(357, 80, 22342)
(357, 188, 55477)
(357, 302, 36988)
(357, 112, 32)
(357, 279, 55149)
(357, 38, 49969)
(357, 340, 43883)
(357, 217, 76109)
(357, 258, 76076)
(357, 103, 60784)
(357, 289, 99725)
(357, 194, 51558)
(357, 191, 47796)
(357, 335, 34742)
(357, 61, 64479)
(357, 245, 3699)
(357, 197, 46767)
(357, 212, 51631)
(357, 173, 76398)
(357, 167, 48394)
(357, 40, 4469)
(357, 34, 7303)
(357, 46, 95856)
(357, 118, 41766)
(357, 31, 77923)
(357, 11, 4067)
(357, 344, 70876)
(357, 15, 3126)
(357, 293, 10903)
(357, 195, 21932)
(357, 177, 25734)
(357, 215, 63496)
(357, 277, 10793)
(357, 148, 59309)
(357, 23, 18886)
(357, 54, 21373)
(357, 44, 79927)
(357, 59, 31304)
(357, 175, 22982)
(357, 5, 24870)
(357, 53, 20305)
(357, 214, 71555)
(357, 252, 13018)
(357, 232, 22014)
(357, 329, 95019)
(357, 328, 72488)
(357, 205, 8964)
(357, 303, 95262)
(357, 323, 30160)
(357, 308, 14386)
(357, 21, 6292)
(357, 222, 43390)
(357, 327, 39217)
(357, 307, 40010)
(357, 246, 88281)
(357, 265, 87339)
(357, 158, 15791)
(357, 68, 10094)
(357, 186, 57798)
(357, 120, 77802)
(357, 314, 88253)
(357, 198, 40407)
(357, 78, 90542)
(357, 126, 5227)
(357, 206, 92782)
(357, 106, 35063)
(357, 253, 67319)
(357, 275, 64030)
(357, 97, 59329)
(357, 353, 8003)
(357, 3, 82086)
(357, 337, 67655)
(357, 1, 72967)
(357, 189, 71060)
(357, 56, 47010)
(357, 0, 61825)
(357, 55, 47030)
(357, 22, 66327)
(357, 268, 13983)
(357, 85, 78014)
(357, 309, 5281)
(357, 280, 7859)
(357, 111, 27308)
(357, 93, 7523)
(357, 219, 74058)
(357, 129, 70583)
(357, 49, 97796)
(357, 270, 41325)
(357, 18, 7738)
(357, 9, 68734)
(357, 138, 23614)
(357, 79, 28389)
(357, 239, 21979)
(357, 159, 74014)
(357, 352, 81108)
(357, 305, 50116)
(357, 128, 59902)
(357, 36, 26405)
(357, 155, 52015)
(357, 225, 17459)
(357, 316, 2944)
(357, 318, 65902)
(357, 288, 84640)
(357, 201, 98092)
(357, 100, 18925)
(357, 274, 5611)
(357, 207, 29250)
(357, 347, 20486)
(357, 339, 93412)
(357, 227, 94908)
(357, 70, 3216)
(357, 313, 27079)
(357, 255, 40899)
(357, 196, 42293)
(357, 235, 29908)
(357, 259, 21103)
(357, 223, 733)
(357, 119, 7923)
(357, 356, 58712)
(357, 218, 53861)
(357, 271, 17507)
(357, 243, 77595)
(357, 10, 69148)
(357, 156, 29726)
(357, 260, 51723)
(357, 121, 13739)
(357, 71, 54624)
(357, 37, 70724)
(357, 287, 50349)
(357, 199, 60578)
(357, 338, 61573)
(357, 290, 53983)
(357, 146, 6983)
(357, 333, 75787)
(357, 75, 35348)
(357, 168, 39913)
(357, 176, 69145)
(357, 341, 48706)
(357, 342, 64332)
(357, 292, 2211)
(357, 226, 99019)
(357, 193, 44453)
(357, 57, 60268)
(357, 299, 62251)
(357, 248, 23520)
(357, 301, 93279)
(357, 114, 82312)
(357, 278, 67385)
(357, 88, 5921)
(358, 30, 30415)
(358, 144, 880)
(358, 11, 82420)
(358, 235, 69016)
(358, 177, 96207)
(358, 206, 40897)
(358, 162, 28960)
(358, 253, 18515)
(358, 29, 5063)
(358, 264, 57797)
(358, 275, 51714)
(358, 173, 68450)
(358, 143, 30744)
(358, 39, 62562)
(358, 338, 92646)
(358, 220, 72722)
(358, 209, 45458)
(358, 16, 60462)
(358, 191, 12550)
(358, 65, 92723)
(358, 281, 95038)
(358, 170, 94361)
(358, 115, 4878)
(358, 288, 31514)
(358, 256, 64287)
(358, 286, 91566)
(358, 166, 67188)
(358, 297, 89758)
(358, 273, 6590)
(358, 345, 6934)
(358, 215, 57197)
(358, 331, 65300)
(358, 117, 49950)
(358, 186, 1820)
(358, 270, 72901)
(358, 290, 39404)
(358, 336, 28477)
(358, 91, 25608)
(358, 200, 20523)
(358, 350, 97649)
(358, 185, 92596)
(358, 329, 19082)
(358, 96, 8270)
(358, 207, 70360)
(358, 239, 17482)
(358, 238, 64911)
(358, 158, 36149)
(358, 102, 18876)
(358, 309, 5466)
(358, 42, 15217)
(358, 84, 19392)
(358, 333, 67952)
(358, 213, 36458)
(358, 87, 27283)
(358, 356, 60088)
(358, 129, 75370)
(358, 138, 91735)
(358, 210, 74081)
(358, 344, 41412)
(358, 120, 90079)
(358, 114, 86289)
(358, 306, 11700)
(358, 8, 86826)
(358, 46, 39735)
(358, 183, 44838)
(358, 269, 72960)
(358, 310, 96226)
(358, 263, 79602)
(358, 343, 24078)
(358, 10, 8462)
(358, 66, 54394)
(358, 19, 78257)
(358, 35, 59852)
(358, 257, 56801)
(358, 54, 15517)
(358, 171, 39068)
(358, 109, 55772)
(358, 228, 30105)
(358, 119, 30638)
(358, 64, 77534)
(358, 133, 58929)
(358, 49, 66202)
(358, 82, 57952)
(358, 203, 31853)
(358, 298, 35906)
(358, 176, 78911)
(358, 332, 64763)
(358, 79, 43134)
(358, 354, 53228)
(358, 259, 79771)
(358, 4, 28469)
(358, 161, 43767)
(358, 137, 83447)
(358, 78, 47467)
(358, 121, 9184)
(358, 62, 64558)
(358, 180, 77661)
(358, 190, 74010)
(358, 71, 78791)
(358, 172, 23401)
(358, 251, 43752)
(358, 132, 29313)
(358, 231, 5718)
(358, 301, 73685)
(358, 156, 23323)
(358, 274, 45857)
(358, 98, 35254)
(358, 150, 3090)
(358, 214, 7134)
(358, 27, 76861)
(358, 302, 57070)
(358, 276, 28752)
(358, 51, 87484)
(358, 353, 75041)
(358, 342, 27657)
(358, 318, 80368)
(358, 124, 13523)
(358, 56, 75514)
(358, 103, 88148)
(358, 254, 91782)
(358, 280, 38749)
(358, 267, 71170)
(358, 80, 17045)
(358, 149, 33454)
(358, 321, 86265)
(358, 155, 30142)
(358, 240, 97296)
(358, 287, 40205)
(358, 34, 81690)
(358, 247, 37520)
(358, 175, 62749)
(358, 151, 28493)
(358, 307, 66646)
(358, 18, 65821)
(358, 294, 57147)
(358, 265, 28709)
(358, 199, 38363)
(358, 140, 91525)
(358, 245, 37213)
(358, 74, 87562)
(358, 58, 81723)
(358, 198, 15712)
(358, 127, 20469)
(358, 9, 58900)
(358, 122, 849)
(358, 136, 99463)
(358, 261, 58845)
(358, 355, 33763)
(358, 195, 97037)
(358, 282, 78333)
(358, 339, 18663)
(358, 317, 10125)
(358, 244, 51353)
(358, 43, 99190)
(358, 92, 49696)
(358, 283, 63890)
(358, 72, 81742)
(358, 148, 67552)
(358, 241, 90697)
(358, 86, 36172)
(358, 330, 53341)
(358, 25, 94721)
(358, 178, 29836)
(358, 255, 36957)
(358, 243, 88340)
(358, 28, 8117)
(358, 108, 66859)
(358, 278, 85811)
(358, 153, 20080)
(358, 320, 55678)
(358, 221, 905)
(358, 160, 75349)
(358, 347, 379)
(358, 76, 56109)
(358, 258, 49946)
(358, 218, 81573)
(358, 38, 65458)
(358, 285, 28171)
(358, 192, 69554)
(358, 226, 29219)
(358, 193, 4409)
(358, 352, 57230)
(358, 227, 53618)
(358, 6, 54822)
(358, 341, 58070)
(358, 21, 44525)
(358, 312, 46497)
(358, 110, 91344)
(358, 101, 83414)
(358, 232, 88838)
(358, 196, 31357)
(358, 268, 60071)
(358, 50, 32571)
(358, 135, 29549)
(358, 14, 41942)
(358, 3, 6096)
(358, 266, 3509)
(358, 325, 96066)
(358, 26, 15383)
(358, 37, 92495)
(358, 204, 19792)
(358, 348, 14728)
(358, 217, 59648)
(358, 181, 94426)
(358, 334, 85960)
(358, 22, 63805)
(358, 262, 12131)
(358, 53, 30288)
(358, 250, 95290)
(358, 292, 39544)
(358, 67, 10490)
(358, 116, 82660)
(358, 5, 99355)
(358, 351, 79887)
(358, 222, 86063)
(358, 296, 92796)
(358, 313, 24809)
(358, 128, 24527)
(358, 299, 51564)
(358, 234, 88798)
(358, 63, 15716)
(358, 202, 46619)
(358, 157, 23322)
(358, 44, 83862)
(358, 147, 92500)
(358, 272, 45006)
(358, 300, 29609)
(358, 0, 55805)
(358, 201, 35442)
(358, 323, 18840)
(358, 182, 21140)
(358, 31, 25289)
(358, 13, 42210)
(358, 179, 63363)
(358, 327, 95997)
(358, 142, 16573)
(358, 295, 18449)
(358, 164, 56778)
(358, 141, 11058)
(358, 125, 43892)
(358, 205, 67341)
(358, 126, 84180)
(358, 90, 35241)
(358, 15, 64306)
(358, 104, 17638)
(358, 32, 59765)
(358, 17, 67810)
(358, 197, 17586)
(358, 47, 10023)
(358, 154, 5597)
(358, 159, 85648)
(358, 60, 36334)
(358, 130, 63263)
(358, 289, 2326)
(358, 93, 3169)
(358, 81, 16122)
(358, 145, 18452)
(358, 293, 80027)
(358, 100, 87507)
(358, 357, 39403)
(358, 229, 3612)
(358, 97, 84095)
(358, 168, 22056)
(358, 308, 43540)
(358, 45, 29132)
(358, 7, 44559)
(358, 146, 67610)
(358, 324, 62454)
(358, 322, 63255)
(358, 211, 31824)
(358, 107, 77999)
(358, 326, 1378)
(358, 284, 9546)
(358, 167, 36206)
(358, 303, 79406)
(358, 123, 95368)
(358, 118, 35281)
(358, 252, 36050)
(358, 346, 70605)
(358, 184, 95497)
(358, 249, 35958)
(358, 319, 4004)
(358, 169, 49480)
(358, 223, 49127)
(358, 335, 80660)
(358, 105, 685)
(358, 208, 57137)
(358, 212, 55193)
(358, 174, 71551)
(358, 194, 33945)
(358, 20, 97480)
(358, 291, 71305)
(358, 89, 80113)
(358, 85, 17884)
(358, 83, 63053)
(358, 216, 47807)
(358, 349, 27420)
(358, 248, 59351)
(358, 94, 35331)
(358, 33, 29517)
(358, 131, 84865)
(358, 40, 73279)
(358, 113, 40639)
(358, 224, 79667)
(358, 41, 70352)
(358, 2, 20725)
(358, 55, 31840)
(358, 277, 65307)
(358, 316, 97250)
(358, 111, 19151)
(358, 237, 29314)
(358, 304, 53096)
(358, 68, 74166)
(358, 311, 65812)
(358, 328, 45987)
(358, 88, 80667)
(358, 315, 3913)
(358, 112, 94995)
(358, 260, 48188)
(358, 279, 50832)
(358, 61, 31305)
(358, 12, 92612)
(358, 69, 76964)
(358, 24, 91917)
(358, 99, 11006)
(358, 225, 95460)
(358, 57, 5599)
(358, 187, 50945)
(358, 75, 62484)
(358, 165, 98708)
(358, 152, 9979)
(358, 1, 53413)
(358, 236, 43704)
(358, 163, 44054)
(358, 314, 68587)
(358, 340, 49561)
(358, 48, 86761)
(358, 23, 22743)
(358, 242, 5517)
(358, 59, 69500)
(358, 230, 11705)
(358, 219, 86274)
(359, 148, 27440)
(359, 334, 24187)
(359, 93, 16750)
(359, 15, 27901)
(359, 179, 75538)
(359, 264, 33812)
(359, 319, 94149)
(359, 111, 10658)
(359, 168, 37249)
(359, 79, 56486)
(359, 78, 16437)
(359, 231, 26920)
(359, 275, 33076)
(359, 87, 63021)
(359, 249, 19182)
(359, 191, 51481)
(359, 116, 90999)
(359, 5, 91925)
(359, 136, 55548)
(359, 236, 9861)
(359, 274, 49494)
(359, 159, 88286)
(359, 167, 53455)
(359, 19, 20360)
(359, 229, 7891)
(359, 62, 84598)
(359, 209, 25756)
(359, 332, 27145)
(359, 3, 61047)
(359, 88, 77850)
(359, 46, 43999)
(359, 316, 41096)
(359, 273, 52022)
(359, 318, 94890)
(359, 35, 53312)
(359, 134, 79878)
(359, 27, 70571)
(359, 185, 55994)
(359, 47, 28536)
(359, 286, 87165)
(359, 106, 69118)
(359, 10, 81866)
(359, 158, 73359)
(359, 133, 96846)
(359, 22, 80157)
(359, 54, 5115)
(359, 217, 28552)
(359, 166, 49452)
(359, 34, 19349)
(359, 326, 25913)
(359, 49, 28725)
(359, 69, 79782)
(359, 24, 38847)
(359, 342, 42101)
(359, 358, 88951)
(359, 311, 97331)
(359, 331, 66684)
(359, 357, 23193)
(359, 164, 18464)
(359, 246, 26191)
(359, 77, 71140)
(359, 304, 94584)
(359, 288, 19246)
(359, 140, 20248)
(359, 346, 96947)
(359, 70, 83340)
(359, 161, 32949)
(359, 347, 10862)
(359, 344, 25439)
(359, 72, 52782)
(359, 193, 68927)
(359, 57, 37848)
(359, 223, 84419)
(359, 6, 65698)
(359, 52, 93258)
(359, 125, 51716)
(359, 171, 39207)
(359, 151, 50914)
(359, 279, 54638)
(359, 291, 1476)
(359, 327, 83887)
(359, 43, 88003)
(359, 339, 28504)
(359, 271, 78706)
(359, 55, 42303)
(359, 256, 49221)
(359, 235, 36498)
(359, 308, 88394)
(359, 68, 48923)
(359, 2, 63630)
(359, 123, 72953)
(359, 232, 50687)
(359, 203, 73601)
(359, 309, 81816)
(359, 162, 30269)
(359, 67, 60873)
(359, 60, 90114)
(359, 298, 76594)
(359, 121, 68452)
(359, 40, 77232)
(359, 152, 98516)
(359, 210, 36960)
(359, 351, 53231)
(359, 278, 21157)
(359, 343, 65246)
(359, 176, 64503)
(359, 253, 82027)
(359, 143, 4407)
(359, 89, 15612)
(359, 302, 23116)
(359, 337, 77496)
(359, 11, 71228)
(359, 213, 11234)
(359, 155, 81759)
(359, 283, 7775)
(359, 224, 52174)
(359, 263, 78311)
(359, 131, 88378)
(359, 135, 39356)
(359, 190, 49592)
(359, 150, 77057)
(359, 174, 82195)
(359, 156, 51838)
(359, 197, 20101)
(359, 110, 49648)
(359, 100, 61286)
(359, 324, 43258)
(359, 13, 37964)
(359, 38, 60287)
(359, 112, 94907)
(359, 32, 66764)
(359, 160, 22200)
(359, 4, 69390)
(359, 325, 33907)
(359, 137, 40869)
(359, 267, 42877)
(359, 182, 10147)
(359, 12, 59981)
(359, 157, 77235)
(359, 200, 85007)
(359, 218, 88943)
(359, 226, 73502)
(359, 353, 6706)
(359, 321, 14702)
(359, 42, 11626)
(359, 219, 1131)
(359, 259, 17275)
(359, 98, 45607)
(359, 39, 82932)
(359, 144, 10150)
(359, 352, 62070)
(359, 76, 94304)
(359, 205, 29311)
(359, 180, 12607)
(359, 301, 88389)
(359, 102, 94652)
(359, 7, 81382)
(359, 243, 1980)
(359, 186, 26171)
(359, 272, 74416)
(359, 299, 21336)
(359, 118, 42562)
(359, 262, 57253)
(359, 251, 48386)
(359, 198, 66826)
(359, 63, 2304)
(359, 268, 50274)
(359, 103, 96283)
(359, 194, 42063)
(359, 242, 95851)
(359, 141, 60426)
(359, 257, 26820)
(359, 71, 19048)
(359, 294, 56521)
(359, 101, 46592)
(359, 33, 57315)
(359, 58, 78811)
(359, 222, 99771)
(359, 206, 10167)
(359, 129, 61263)
(359, 44, 94789)
(359, 177, 23406)
(359, 237, 14060)
(359, 128, 8711)
(359, 225, 11581)
(359, 248, 71383)
(359, 195, 91839)
(359, 173, 100230)
(359, 269, 54249)
(359, 282, 62861)
(359, 36, 36363)
(359, 300, 64384)
(359, 303, 58636)
(359, 149, 1007)
(359, 252, 48385)
(359, 83, 90474)
(359, 147, 22483)
(359, 59, 76178)
(359, 65, 26784)
(359, 99, 50513)
(359, 115, 57601)
(359, 297, 90830)
(359, 293, 57578)
(359, 295, 69052)
(359, 196, 67076)
(359, 233, 56552)
(359, 245, 54570)
(359, 340, 1671)
(359, 90, 1144)
(359, 212, 69392)
(359, 355, 8284)
(359, 239, 95879)
(359, 354, 8235)
(359, 66, 52780)
(359, 266, 40474)
(359, 74, 71715)
(359, 97, 48479)
(359, 199, 9143)
(359, 178, 42008)
(359, 117, 85953)
(359, 20, 97503)
(359, 188, 12772)
(359, 312, 40739)
(359, 187, 20804)
(359, 172, 77036)
(359, 320, 78914)
(359, 37, 72772)
(359, 165, 53209)
(359, 104, 79335)
(359, 204, 42163)
(359, 240, 21314)
(359, 201, 3067)
(359, 26, 42617)
(359, 17, 58662)
(359, 317, 62180)
(359, 211, 33883)
(359, 28, 75125)
(359, 348, 47630)
(359, 345, 18351)
(359, 138, 64062)
(359, 184, 60520)
(359, 29, 45811)
(359, 307, 21315)
(359, 41, 68675)
(359, 95, 27896)
(359, 216, 97794)
(359, 139, 87731)
(359, 56, 28721)
(359, 296, 60460)
(359, 23, 4733)
(359, 254, 31583)
(359, 336, 20150)
(359, 1, 29495)
(359, 91, 8142)
(359, 234, 86847)
(359, 154, 6169)
(359, 122, 99025)
(359, 18, 49289)
(359, 48, 10811)
(359, 276, 21414)
(359, 109, 18776)
(359, 84, 43467)
(359, 92, 55124)
(359, 255, 70516)
(359, 335, 39442)
(359, 61, 28525)
(359, 349, 6896)
(359, 94, 70931)
(359, 124, 95658)
(359, 75, 5261)
(359, 181, 53291)
(359, 277, 79460)
(359, 64, 94555)
(359, 80, 18828)
(359, 230, 17424)
(359, 145, 89647)
(359, 51, 76563)
(359, 169, 41376)
(359, 356, 15006)
(359, 258, 34843)
(359, 30, 31381)
(359, 175, 82940)
(359, 270, 38512)
(359, 114, 22239)
(359, 284, 87528)
(359, 350, 4747)
(359, 313, 83087)
(359, 314, 43582)
(359, 265, 1596)
(359, 289, 66036)
(359, 108, 44183)
(359, 330, 59808)
(359, 220, 67821)
(359, 238, 49589)
(359, 290, 30722)
(359, 281, 72192)
(359, 192, 82372)
(359, 306, 8629)
(359, 323, 21865)
(359, 96, 21548)
(359, 244, 70316)
(359, 25, 36639)
(359, 260, 12069)
(359, 292, 9671)
(359, 214, 7231)
(359, 247, 41090)
(359, 126, 9484)
(359, 305, 68464)
(359, 285, 20093)
(359, 81, 97457)
(359, 341, 42531)
(359, 322, 25893)
(359, 153, 67806)
(359, 119, 56492)
(359, 16, 371)
(359, 241, 85470)
(359, 31, 66587)
(359, 50, 59778)
(360, 235, 60378)
(360, 184, 49768)
(360, 59, 73546)
(360, 197, 98588)
(360, 140, 44869)
(360, 294, 65840)
(360, 93, 93338)
(360, 298, 75588)
(360, 241, 43098)
(360, 283, 85690)
(360, 213, 86894)
(360, 201, 43719)
(360, 351, 37954)
(360, 174, 89705)
(360, 242, 6104)
(360, 234, 78502)
(360, 158, 93816)
(360, 100, 42856)
(360, 333, 62435)
(360, 260, 6818)
(360, 114, 5862)
(360, 190, 64028)
(360, 164, 82222)
(360, 323, 50132)
(360, 179, 93506)
(360, 296, 71938)
(360, 288, 85515)
(360, 105, 54536)
(360, 65, 25325)
(360, 107, 96695)
(360, 20, 78758)
(360, 291, 27154)
(360, 71, 88328)
(360, 27, 8489)
(360, 274, 16382)
(360, 202, 63976)
(360, 200, 69725)
(360, 127, 3834)
(360, 111, 59693)
(360, 95, 49620)
(360, 133, 87959)
(360, 233, 75417)
(360, 326, 19470)
(360, 35, 39036)
(360, 135, 86328)
(360, 52, 58550)
(360, 319, 35897)
(360, 348, 59575)
(360, 151, 5919)
(360, 61, 6343)
(360, 150, 28090)
(360, 116, 15373)
(360, 2, 48066)
(360, 47, 10718)
(360, 137, 40691)
(360, 44, 3554)
(360, 147, 69073)
(360, 222, 16121)
(360, 257, 6623)
(360, 169, 39718)
(360, 297, 93528)
(360, 357, 1951)
(360, 106, 23743)
(360, 212, 86792)
(360, 334, 12918)
(360, 166, 43456)
(360, 80, 92212)
(360, 101, 61516)
(360, 217, 58421)
(360, 264, 34855)
(360, 358, 55799)
(360, 82, 72157)
(360, 262, 99559)
(360, 216, 89673)
(360, 119, 39911)
(360, 39, 43968)
(360, 7, 61623)
(360, 14, 15883)
(360, 108, 11772)
(360, 98, 93950)
(360, 188, 77730)
(360, 284, 77745)
(360, 173, 63525)
(360, 38, 75740)
(360, 165, 10312)
(360, 332, 76579)
(360, 277, 17887)
(360, 96, 15066)
(360, 192, 83402)
(360, 252, 15466)
(360, 261, 52253)
(360, 210, 92671)
(360, 308, 96769)
(360, 74, 53524)
(360, 236, 40430)
(360, 199, 60187)
(360, 193, 49073)
(360, 182, 41011)
(360, 278, 32133)
(360, 5, 75814)
(360, 205, 43617)
(360, 342, 8347)
(360, 327, 31430)
(360, 42, 74038)
(360, 145, 60047)
(360, 316, 25438)
(360, 77, 58311)
(360, 276, 19205)
(360, 191, 37730)
(360, 31, 70312)
(360, 17, 85736)
(360, 290, 90367)
(360, 128, 84987)
(360, 214, 69891)
(360, 185, 83697)
(360, 302, 3714)
(360, 198, 85138)
(360, 289, 50318)
(360, 152, 68255)
(360, 347, 91915)
(360, 83, 31764)
(360, 159, 12499)
(360, 75, 84369)
(360, 29, 12798)
(360, 355, 37620)
(360, 141, 90797)
(360, 84, 64962)
(360, 273, 66267)
(360, 142, 7779)
(360, 168, 49829)
(360, 220, 12107)
(360, 203, 88540)
(360, 67, 91270)
(360, 292, 74690)
(360, 352, 87272)
(360, 215, 33746)
(360, 134, 6786)
(360, 330, 17763)
(360, 329, 79748)
(360, 230, 94662)
(360, 299, 16636)
(360, 265, 50993)
(360, 209, 59897)
(360, 320, 78041)
(360, 10, 15740)
(360, 245, 86362)
(360, 156, 17154)
(360, 3, 866)
(360, 281, 90000)
(360, 149, 69546)
(360, 120, 48713)
(360, 62, 87463)
(360, 56, 43301)
(360, 255, 82842)
(360, 18, 74013)
(360, 186, 67737)
(360, 57, 91068)
(360, 211, 61192)
(360, 279, 41706)
(360, 16, 94998)
(360, 19, 4830)
(360, 89, 39675)
(360, 87, 48820)
(360, 24, 81594)
(360, 204, 28136)
(360, 346, 48939)
(360, 15, 18544)
(360, 91, 19)
(360, 280, 321)
(360, 144, 7642)
(360, 282, 41316)
(360, 244, 70919)
(360, 6, 54188)
(360, 237, 92296)
(360, 69, 55874)
(360, 60, 86083)
(360, 232, 37411)
(360, 335, 63026)
(360, 341, 15810)
(360, 303, 91135)
(360, 73, 48331)
(360, 136, 43903)
(360, 272, 64343)
(360, 269, 59714)
(360, 309, 60324)
(361, 349, 88559)
(361, 280, 89384)
(361, 47, 9434)
(361, 10, 33284)
(361, 1, 86840)
(361, 77, 76259)
(361, 210, 14853)
(361, 37, 47550)
(361, 259, 81262)
(361, 358, 62103)
(361, 328, 2266)
(361, 221, 33998)
(361, 109, 96410)
(361, 260, 69102)
(361, 53, 10180)
(361, 39, 49847)
(361, 186, 27397)
(361, 193, 30128)
(361, 214, 68923)
(361, 298, 48192)
(361, 41, 73670)
(361, 167, 21080)
(361, 135, 21272)
(361, 132, 54047)
(361, 36, 61072)
(361, 252, 50320)
(361, 137, 53604)
(361, 348, 76040)
(361, 261, 37156)
(361, 266, 50635)
(361, 206, 98121)
(361, 24, 97090)
(361, 233, 84806)
(361, 297, 97)
(361, 273, 53724)
(361, 8, 38940)
(361, 177, 11695)
(361, 122, 23405)
(361, 152, 25401)
(361, 85, 70659)
(361, 30, 15992)
(361, 48, 17744)
(361, 296, 8799)
(361, 19, 70580)
(361, 143, 78687)
(361, 189, 27156)
(361, 131, 22479)
(361, 178, 64468)
(361, 18, 10539)
(361, 103, 70999)
(361, 231, 30413)
(361, 155, 68279)
(361, 91, 51828)
(361, 58, 6982)
(361, 354, 54412)
(361, 118, 39190)
(361, 97, 29983)
(361, 247, 92847)
(361, 46, 10708)
(361, 50, 20298)
(361, 235, 5387)
(361, 179, 86256)
(361, 360, 33730)
(361, 22, 63828)
(361, 89, 53754)
(361, 251, 54441)
(361, 99, 94429)
(361, 331, 53529)
(361, 190, 2999)
(361, 282, 12512)
(361, 82, 6817)
(361, 223, 22952)
(361, 158, 62551)
(361, 213, 51135)
(361, 202, 59355)
(361, 303, 25103)
(361, 2, 82837)
(361, 23, 66533)
(361, 334, 34598)
(361, 25, 55458)
(361, 255, 71633)
(361, 170, 1677)
(361, 62, 13191)
(361, 345, 40879)
(361, 148, 88278)
(361, 40, 88481)
(361, 232, 68217)
(361, 159, 79038)
(361, 343, 803)
(361, 166, 70676)
(361, 267, 7390)
(361, 310, 27842)
(361, 319, 17636)
(361, 88, 47511)
(361, 182, 40712)
(361, 44, 56128)
(361, 329, 88735)
(361, 237, 93248)
(361, 92, 47596)
(361, 301, 94782)
(361, 60, 32535)
(361, 6, 24597)
(361, 138, 64212)
(361, 203, 96293)
(361, 5, 15560)
(362, 174, 60943)
(362, 353, 67778)
(362, 18, 9248)
(362, 270, 61561)
(362, 343, 79087)
(362, 207, 31413)
(362, 242, 70406)
(362, 277, 36470)
(362, 265, 3260)
(362, 49, 89637)
(362, 335, 67559)
(362, 225, 50216)
(362, 326, 42710)
(362, 209, 38016)
(362, 12, 49290)
(362, 179, 82508)
(362, 271, 93755)
(362, 163, 94417)
(362, 176, 25366)
(362, 22, 92310)
(362, 308, 64131)
(362, 267, 56467)
(362, 59, 94689)
(362, 352, 34999)
(362, 214, 5728)
(362, 295, 28328)
(362, 36, 78062)
(362, 25, 69385)
(362, 297, 54508)
(362, 281, 81278)
(362, 147, 27393)
(362, 302, 624)
(362, 259, 18344)
(362, 172, 72724)
(362, 132, 31947)
(362, 203, 47992)
(362, 115, 60822)
(362, 78, 70974)
(362, 190, 399)
(362, 119, 81175)
(362, 221, 2261)
(362, 50, 70891)
(362, 254, 16246)
(362, 315, 34236)
(362, 239, 16401)
(362, 305, 15747)
(362, 246, 100000)
(362, 358, 46798)
(362, 252, 86817)
(362, 337, 42490)
(362, 81, 27689)
(362, 286, 90184)
(362, 52, 72217)
(362, 107, 11417)
(362, 258, 93388)
(362, 127, 88866)
(362, 55, 19738)
(362, 318, 70839)
(362, 350, 36215)
(362, 168, 14866)
(362, 126, 74851)
(362, 233, 41141)
(362, 243, 48809)
(362, 13, 43909)
(362, 178, 55680)
(362, 199, 52235)
(362, 228, 25649)
(362, 333, 93244)
(362, 141, 19583)
(362, 105, 8687)
(362, 96, 99292)
(362, 68, 44285)
(362, 133, 56337)
(362, 324, 55523)
(362, 152, 56436)
(362, 131, 86993)
(362, 122, 23916)
(362, 185, 56764)
(362, 45, 97244)
(362, 202, 35857)
(362, 291, 95488)
(362, 92, 35124)
(362, 66, 28060)
(362, 332, 80232)
(362, 98, 17342)
(362, 40, 15165)
(362, 298, 55281)
(362, 310, 1293)
(362, 84, 46030)
(362, 140, 49794)
(362, 114, 33751)
(362, 53, 40011)
(362, 244, 60362)
(362, 181, 92089)
(362, 282, 78617)
(362, 183, 79244)
(362, 261, 54944)
(362, 294, 24748)
(362, 341, 57021)
(362, 177, 39191)
(362, 125, 77085)
(362, 54, 51592)
(362, 211, 17412)
(362, 58, 62753)
(362, 169, 63260)
(362, 1, 88926)
(362, 146, 67891)
(362, 8, 46335)
(362, 17, 2356)
(362, 88, 37127)
(362, 348, 63880)
(362, 188, 65456)
(362, 196, 7799)
(362, 110, 62142)
(362, 159, 94166)
(362, 275, 14767)
(362, 26, 30646)
(362, 331, 89322)
(362, 357, 59171)
(362, 309, 71386)
(362, 86, 73182)
(362, 145, 7008)
(362, 102, 36856)
(362, 31, 74704)
(362, 99, 63740)
(362, 123, 9751)
(362, 93, 42871)
(362, 83, 72790)
(362, 80, 57238)
(363, 45, 67362)
(363, 48, 13647)
(363, 223, 55767)
(363, 67, 6521)
(363, 281, 30296)
(363, 70, 42129)
(363, 129, 25583)
(363, 226, 74702)
(363, 230, 63287)
(363, 307, 76484)
(363, 135, 16390)
(363, 335, 82653)
(363, 11, 90800)
(363, 352, 44014)
(363, 23, 93864)
(363, 101, 68967)
(363, 72, 85955)
(363, 271, 90924)
(363, 161, 65144)
(363, 203, 82902)
(363, 293, 11782)
(363, 305, 46067)
(363, 17, 98695)
(363, 92, 38546)
(363, 125, 61817)
(363, 184, 53646)
(363, 141, 59558)
(363, 149, 64425)
(363, 164, 47683)
(363, 216, 98922)
(363, 178, 90695)
(363, 43, 37512)
(363, 258, 62884)
(363, 264, 24605)
(363, 132, 10116)
(363, 195, 91410)
(363, 128, 78714)
(363, 344, 70776)
(363, 308, 47667)
(363, 326, 94130)
(363, 287, 75434)
(363, 311, 4454)
(363, 341, 6249)
(363, 44, 33029)
(363, 346, 41417)
(363, 227, 92203)
(363, 152, 11484)
(363, 191, 11263)
(363, 131, 38893)
(363, 193, 87098)
(363, 166, 4244)
(363, 95, 39434)
(363, 8, 34771)
(363, 351, 13535)
(363, 98, 38505)
(363, 171, 31836)
(363, 276, 3563)
(363, 2, 78716)
(363, 122, 1298)
(363, 251, 524)
(363, 347, 49255)
(363, 82, 3130)
(363, 353, 1032)
(363, 91, 19426)
(363, 146, 54034)
(363, 249, 18552)
(363, 289, 65524)
(363, 317, 1044)
(363, 192, 528)
(363, 257, 18893)
(363, 35, 34222)
(363, 233, 68594)
(363, 69, 38838)
(363, 90, 8259)
(363, 273, 5182)
(363, 255, 92420)
(363, 196, 84386)
(363, 272, 10515)
(363, 348, 87264)
(363, 334, 97656)
(363, 183, 85799)
(363, 286, 27180)
(363, 254, 7139)
(363, 147, 19485)
(363, 313, 62833)
(363, 14, 43880)
(363, 324, 14582)
(363, 160, 28866)
(363, 78, 79943)
(363, 266, 77699)
(363, 106, 54010)
(363, 300, 5241)
(363, 54, 10021)
(363, 312, 15318)
(363, 50, 86267)
(363, 241, 68089)
(363, 314, 27303)
(363, 85, 97013)
(363, 163, 67587)
(363, 139, 84605)
(363, 55, 69805)
(363, 158, 60099)
(363, 270, 78643)
(363, 24, 56926)
(363, 127, 13289)
(363, 228, 30992)
(363, 349, 35242)
(363, 104, 37596)
(363, 207, 78887)
(363, 177, 95638)
(363, 150, 29501)
(363, 362, 40294)
(363, 222, 68342)
(363, 80, 32873)
(363, 318, 83747)
(363, 83, 86835)
(363, 256, 39948)
(363, 350, 94544)
(363, 259, 84107)
(363, 246, 18608)
(363, 46, 89728)
(363, 31, 86465)
(363, 306, 90645)
(363, 174, 52939)
(363, 204, 37699)
(363, 137, 71690)
(363, 111, 64017)
(363, 66, 42807)
(363, 86, 32777)
(363, 291, 99993)
(363, 280, 1198)
(363, 51, 77413)
(363, 337, 9070)
(363, 202, 64259)
(363, 331, 51032)
(363, 58, 48012)
(363, 267, 91700)
(363, 41, 79239)
(363, 250, 95136)
(363, 94, 40060)
(363, 120, 13794)
(363, 262, 48250)
(363, 315, 6465)
(363, 140, 59652)
(363, 118, 70829)
(363, 190, 62418)
(363, 130, 88057)
(363, 165, 58419)
(363, 117, 35305)
(363, 156, 39931)
(363, 22, 68661)
(363, 277, 43041)
(363, 269, 96733)
(363, 282, 69874)
(363, 12, 46414)
(363, 102, 44706)
(363, 320, 58065)
(363, 340, 62174)
(363, 274, 56308)
(363, 260, 90150)
(364, 69, 34046)
(364, 279, 76827)
(364, 283, 93870)
(364, 55, 77726)
(364, 15, 4561)
(364, 332, 100040)
(364, 195, 65042)
(364, 99, 38172)
(364, 169, 41446)
(364, 356, 77200)
(364, 113, 60927)
(364, 201, 82611)
(364, 158, 11671)
(364, 127, 33228)
(364, 256, 25501)
(364, 319, 5994)
(364, 2, 61288)
(364, 133, 4759)
(364, 334, 4755)
(364, 17, 52069)
(364, 51, 74529)
(364, 43, 91774)
(364, 277, 95657)
(364, 34, 6437)
(364, 166, 51078)
(364, 87, 52457)
(364, 237, 19153)
(364, 339, 52485)
(364, 338, 40950)
(364, 294, 87086)
(364, 282, 14102)
(364, 306, 74414)
(364, 136, 96839)
(364, 4, 98204)
(364, 363, 57450)
(364, 137, 607)
(364, 18, 100072)
(364, 47, 5348)
(364, 118, 422)
(364, 247, 11942)
(364, 157, 44437)
(364, 168, 89410)
(364, 36, 8031)
(364, 244, 32991)
(364, 286, 99966)
(364, 229, 93509)
(364, 341, 17092)
(364, 10, 24069)
(364, 146, 7824)
(364, 70, 64894)
(364, 227, 58628)
(364, 23, 83385)
(364, 92, 70426)
(364, 26, 65897)
(364, 28, 28537)
(364, 71, 20321)
(364, 139, 46450)
(364, 22, 2667)
(364, 252, 78242)
(364, 259, 21938)
(364, 24, 19545)
(364, 262, 43763)
(364, 177, 76243)
(364, 315, 78879)
(364, 138, 54130)
(364, 289, 79414)
(364, 290, 91939)
(364, 281, 66081)
(364, 240, 37131)
(364, 343, 94102)
(364, 107, 9136)
(364, 97, 1156)
(364, 100, 16228)
(364, 224, 15419)
(364, 65, 55752)
(364, 305, 24911)
(364, 184, 5804)
(364, 351, 60358)
(364, 79, 81230)
(364, 68, 38397)
(364, 6, 10514)
(364, 270, 61809)
(364, 217, 39074)
(364, 346, 63588)
(364, 179, 48117)
(364, 235, 8966)
(364, 263, 90346)
(364, 27, 86492)
(364, 38, 98124)
(364, 358, 55903)
(364, 162, 67329)
(364, 264, 95390)
(364, 21, 8396)
(364, 178, 18540)
(364, 260, 8092)
(364, 200, 13514)
(364, 220, 40339)
(364, 204, 95668)
(364, 359, 35686)
(364, 226, 14541)
(364, 236, 85735)
(364, 225, 66536)
(364, 328, 19025)
(364, 242, 14613)
(364, 253, 45448)
(364, 293, 64470)
(364, 271, 4399)
(364, 81, 69301)
(364, 48, 36805)
(364, 210, 64465)
(364, 42, 34673)
(364, 117, 21775)
(364, 312, 49585)
(364, 331, 99884)
(364, 316, 64590)
(364, 267, 1323)
(364, 324, 23366)
(364, 295, 61778)
(364, 94, 32110)
(364, 5, 87284)
(364, 112, 47204)
(364, 222, 95736)
(364, 360, 80938)
(364, 340, 73953)
(364, 231, 17225)
(364, 206, 80319)
(364, 357, 1887)
(364, 325, 85197)
(364, 148, 88509)
(364, 172, 60369)
(364, 84, 23528)
(364, 165, 40061)
(364, 30, 97392)
(364, 77, 29724)
(364, 212, 91374)
(364, 258, 10766)
(364, 352, 60971)
(364, 1, 95267)
(364, 276, 57967)
(364, 335, 5686)
(364, 8, 62629)
(364, 304, 84538)
(364, 78, 84276)
(364, 90, 37493)
(364, 9, 100011)
(364, 111, 73113)
(364, 54, 18316)
(364, 74, 17699)
(364, 214, 44789)
(364, 104, 83981)
(364, 91, 1845)
(364, 14, 88358)
(364, 50, 93634)
(364, 249, 10917)
(364, 203, 57839)
(364, 167, 38005)
(364, 140, 7918)
(364, 297, 31796)
(364, 268, 72088)
(364, 299, 34278)
(364, 182, 17931)
(364, 134, 42024)
(364, 337, 97513)
(364, 75, 43528)
(364, 121, 68204)
(364, 56, 39427)
(364, 275, 38929)
(364, 135, 70412)
(364, 150, 38551)
(364, 61, 51308)
(364, 152, 70775)
(364, 362, 55109)
(364, 143, 68729)
(364, 115, 47980)
(364, 120, 51833)
(364, 35, 26907)
(364, 175, 52401)
(364, 93, 47003)
(364, 16, 12255)
(364, 173, 21512)
(364, 86, 18134)
(364, 66, 37123)
(364, 291, 13723)
(364, 208, 60430)
(364, 159, 76083)
(364, 106, 43432)
(364, 205, 89541)
(364, 31, 70202)
(364, 44, 12456)
(364, 189, 68150)
(364, 7, 36519)
(364, 272, 4197)
(364, 142, 7611)
(364, 250, 12970)
(364, 303, 11094)
(364, 213, 42309)
(364, 153, 67420)
(364, 41, 91541)
(364, 29, 19725)
(364, 230, 21056)
(364, 197, 73748)
(364, 284, 85898)
(364, 149, 68415)
(364, 251, 27930)
(364, 160, 41514)
(364, 141, 53155)
(364, 20, 13700)
(364, 318, 58538)
(364, 12, 8909)
(364, 63, 33432)
(364, 98, 18803)
(364, 280, 13531)
(364, 243, 26623)
(364, 198, 80578)
(364, 164, 34252)
(364, 119, 42302)
(364, 254, 23827)
(364, 128, 89193)
(364, 19, 61184)
(364, 155, 3292)
(364, 64, 78456)
(364, 309, 11839)
(364, 163, 22383)
(364, 336, 83900)
(364, 67, 95013)
(364, 292, 48716)
(364, 323, 16583)
(364, 110, 43575)
(364, 183, 30615)
(364, 320, 83696)
(364, 355, 82789)
(364, 156, 21029)
(364, 311, 75136)
(364, 215, 98135)
(364, 131, 85513)
(364, 125, 55142)
(364, 32, 71796)
(364, 234, 13864)
(364, 317, 58219)
(364, 211, 52835)
(364, 221, 83659)
(364, 187, 73236)
(364, 193, 33992)
(364, 302, 84225)
(364, 58, 21340)
(364, 181, 69408)
(364, 296, 80474)
(364, 327, 69499)
(364, 96, 66565)
(364, 89, 2648)
(364, 132, 90520)
(364, 199, 66371)
(364, 209, 15173)
(364, 108, 68811)
(364, 85, 14931)
(364, 105, 60826)
(364, 144, 69680)
(364, 147, 56298)
(364, 278, 81941)
(364, 245, 40395)
(364, 3, 31809)
(364, 145, 72121)
(364, 154, 65910)
(364, 37, 98209)
(364, 326, 61391)
(364, 239, 36755)
(364, 80, 33840)
(365, 268, 96154)
(365, 3, 6606)
(365, 102, 59153)
(365, 105, 99801)
(365, 115, 362)
(365, 112, 99383)
(365, 173, 3892)
(365, 49, 49810)
(365, 296, 31688)
(365, 197, 16323)
(365, 20, 81936)
(365, 100, 81998)
(365, 134, 78113)
(365, 136, 27688)
(365, 146, 54178)
(365, 169, 29986)
(365, 124, 2039)
(365, 194, 75639)
(365, 244, 6955)
(365, 31, 65423)
(365, 341, 22369)
(365, 24, 58032)
(365, 346, 35717)
(365, 329, 9179)
(365, 364, 6653)
(365, 241, 63090)
(365, 74, 32265)
(365, 342, 87692)
(365, 249, 4350)
(365, 265, 70964)
(365, 355, 45148)
(365, 209, 76755)
(365, 89, 27591)
(365, 350, 45997)
(365, 285, 85348)
(365, 203, 58809)
(365, 106, 16094)
(365, 109, 85968)
(365, 149, 99653)
(365, 239, 17511)
(365, 43, 92988)
(365, 123, 85584)
(365, 319, 76700)
(365, 236, 26483)
(365, 186, 2762)
(365, 195, 2708)
(365, 200, 72529)
(365, 135, 65960)
(365, 240, 52311)
(365, 302, 54927)
(365, 188, 39854)
(365, 18, 40851)
(365, 65, 96312)
(365, 59, 20583)
(365, 160, 10001)
(365, 44, 86966)
(365, 218, 81817)
(365, 258, 66070)
(365, 359, 90397)
(365, 305, 95999)
(365, 16, 13380)
(365, 61, 52020)
(365, 291, 10880)
(365, 54, 73605)
(365, 64, 43940)
(365, 116, 37966)
(365, 356, 46844)
(365, 94, 87022)
(365, 217, 38436)
(365, 321, 32489)
(365, 79, 61533)
(365, 176, 31194)
(365, 32, 15028)
(365, 309, 59550)
(365, 75, 22466)
(365, 220, 61312)
(365, 117, 42158)
(365, 280, 3529)
(365, 35, 29810)
(365, 148, 22835)
(365, 171, 3723)
(365, 215, 54028)
(365, 29, 92886)
(365, 264, 67569)
(365, 68, 94148)
(365, 155, 24109)
(365, 132, 31339)
(365, 317, 44263)
(365, 219, 81043)
(365, 46, 57310)
(365, 193, 64908)
(365, 363, 96736)
(365, 323, 60222)
(365, 96, 81533)
(365, 141, 45166)
(366, 319, 10699)
(366, 135, 23242)
(366, 59, 81363)
(366, 90, 95173)
(366, 239, 17588)
(366, 226, 78464)
(366, 96, 53258)
(366, 199, 78875)
(366, 125, 61871)
(366, 55, 8871)
(366, 337, 25405)
(366, 108, 90138)
(366, 27, 85364)
(366, 147, 46656)
(366, 269, 62565)
(366, 153, 99120)
(366, 349, 67932)
(366, 200, 51608)
(366, 221, 13273)
(366, 32, 28972)
(366, 101, 27404)
(366, 165, 2520)
(366, 45, 28732)
(366, 176, 63626)
(366, 294, 72240)
(366, 214, 94946)
(366, 138, 68437)
(366, 297, 37649)
(366, 324, 52024)
(366, 155, 93821)
(366, 299, 84119)
(366, 258, 58060)
(366, 40, 61124)
(366, 26, 77135)
(366, 8, 53344)
(366, 141, 96092)
(366, 318, 6063)
(366, 157, 43983)
(366, 133, 27833)
(366, 146, 34766)
(366, 248, 98120)
(366, 130, 67148)
(366, 217, 20264)
(366, 103, 54486)
(366, 139, 1311)
(366, 142, 16823)
(366, 250, 95014)
(366, 338, 4556)
(366, 134, 84602)
(366, 83, 53923)
(366, 198, 54039)
(366, 211, 58798)
(366, 182, 44503)
(366, 225, 20381)
(366, 317, 22979)
(366, 300, 87921)
(366, 266, 98147)
(366, 256, 58448)
(366, 329, 5707)
(366, 168, 66832)
(366, 77, 94704)
(366, 231, 19657)
(366, 204, 16588)
(366, 82, 11117)
(366, 98, 34354)
(366, 195, 6000)
(366, 154, 69355)
(366, 314, 10890)
(366, 111, 73427)
(366, 215, 95001)
(366, 126, 97056)
(366, 216, 80917)
(366, 234, 79653)
(366, 16, 17010)
(366, 81, 75162)
(366, 12, 80369)
(366, 212, 9724)
(366, 78, 68262)
(366, 292, 31624)
(366, 244, 73101)
(366, 148, 49787)
(366, 66, 98752)
(366, 144, 98671)
(366, 128, 53046)
(366, 363, 36852)
(366, 63, 97817)
(366, 285, 89720)
(366, 123, 41477)
(366, 237, 51418)
(366, 71, 87442)
(366, 335, 65366)
(366, 46, 67938)
(366, 228, 100132)
(366, 189, 85549)
(366, 283, 83291)
(366, 345, 83761)
(366, 229, 94270)
(366, 151, 100327)
(366, 287, 82280)
(366, 362, 17128)
(366, 344, 60273)
(366, 332, 83407)
(366, 220, 34120)
(366, 323, 40357)
(366, 43, 24391)
(366, 246, 12123)
(366, 252, 57163)
(366, 61, 7565)
(366, 197, 82232)
(366, 156, 81003)
(366, 295, 73053)
(366, 106, 21261)
(366, 118, 61351)
(366, 58, 5477)
(366, 306, 19459)
(366, 22, 5719)
(366, 325, 86322)
(366, 321, 78335)
(366, 163, 52312)
(366, 91, 3138)
(366, 92, 69306)
(366, 0, 7544)
(366, 84, 4546)
(366, 232, 38816)
(366, 44, 98270)
(366, 326, 96728)
(366, 160, 15758)
(366, 20, 63907)
(366, 359, 79604)
(366, 104, 65431)
(366, 210, 82371)
(366, 136, 25125)
(366, 60, 17434)
(366, 352, 68179)
(366, 320, 39972)
(366, 169, 45126)
(366, 152, 92656)
(366, 86, 69985)
(366, 34, 74892)
(366, 7, 35499)
(366, 209, 12572)
(366, 257, 83107)
(366, 10, 26873)
(366, 74, 15823)
(366, 170, 55644)
(366, 351, 15376)
(366, 88, 13314)
(366, 271, 95492)
(366, 327, 11973)
(366, 145, 89969)
(366, 242, 63194)
(366, 177, 92228)
(366, 114, 83633)
(366, 97, 98183)
(366, 356, 87789)
(366, 100, 54269)
(366, 347, 56106)
(366, 343, 78878)
(366, 2, 89163)
(366, 41, 49413)
(366, 202, 92104)
(366, 132, 63217)
(366, 288, 12365)
(366, 69, 47505)
(366, 4, 75036)
(366, 219, 48078)
(366, 28, 86167)
(366, 270, 80651)
(366, 223, 43020)
(366, 336, 20797)
(366, 175, 37293)
(366, 316, 18938)
(366, 75, 48926)
(366, 298, 32076)
(366, 73, 19743)
(366, 342, 55880)
(366, 35, 45105)
(366, 322, 8008)
(366, 137, 95007)
(366, 301, 14221)
(366, 284, 76502)
(366, 9, 37018)
(366, 315, 70513)
(366, 70, 55040)
(366, 190, 21922)
(366, 109, 86668)
(366, 80, 78632)
(366, 131, 38391)
(366, 296, 44778)
(366, 143, 45819)
(366, 276, 61838)
(366, 267, 49936)
(366, 68, 47845)
(366, 115, 5510)
(366, 289, 26582)
(366, 120, 24478)
(366, 87, 40678)
(366, 263, 36688)
(366, 50, 41255)
(366, 277, 14819)
(366, 129, 12838)
(366, 291, 87775)
(366, 51, 87219)
(366, 201, 86298)
(366, 196, 5436)
(366, 158, 56165)
(366, 222, 93679)
(366, 15, 14614)
(366, 340, 67827)
(366, 305, 14933)
(366, 37, 23898)
(366, 218, 54261)
(366, 278, 75661)
(366, 13, 21092)
(366, 311, 51963)
(366, 243, 29985)
(366, 330, 46590)
(366, 184, 95738)
(366, 280, 33692)
(366, 49, 58992)
(366, 308, 80778)
(366, 30, 30136)
(366, 262, 25621)
(366, 331, 74810)
(366, 341, 72275)
(366, 333, 16803)
(366, 186, 40285)
(367, 10, 39616)
(367, 183, 8280)
(367, 305, 39949)
(367, 267, 20913)
(367, 198, 55997)
(367, 362, 3749)
(367, 160, 4756)
(367, 0, 17293)
(367, 223, 16016)
(367, 327, 98429)
(367, 246, 64543)
(367, 237, 92085)
(367, 295, 23802)
(367, 247, 56640)
(367, 177, 48278)
(367, 300, 60370)
(367, 358, 71159)
(367, 299, 12763)
(367, 357, 30835)
(367, 149, 75671)
(367, 310, 18657)
(367, 214, 69835)
(367, 268, 93468)
(367, 324, 12196)
(367, 196, 72357)
(367, 96, 21400)
(367, 106, 52267)
(367, 89, 60363)
(367, 46, 63699)
(367, 38, 72092)
(367, 189, 64764)
(367, 131, 59845)
(367, 125, 37375)
(367, 270, 42968)
(367, 282, 56503)
(367, 142, 50136)
(367, 61, 98908)
(367, 236, 27489)
(367, 297, 49869)
(367, 133, 4919)
(367, 245, 1305)
(367, 340, 3773)
(367, 171, 93967)
(367, 20, 43685)
(367, 339, 16446)
(367, 240, 52856)
(367, 56, 18650)
(367, 49, 38118)
(367, 203, 15718)
(367, 244, 25281)
(367, 27, 791)
(367, 167, 78438)
(367, 353, 40718)
(367, 28, 59992)
(367, 98, 36031)
(367, 174, 15202)
(367, 153, 37593)
(367, 63, 86816)
(367, 188, 29955)
(367, 312, 83768)
(367, 274, 9836)
(367, 91, 51699)
(367, 253, 40686)
(367, 217, 94200)
(367, 273, 19921)
(367, 115, 35441)
(367, 135, 31868)
(367, 331, 49491)
(367, 307, 73637)
(367, 313, 18385)
(367, 42, 11982)
(367, 266, 73850)
(367, 319, 45291)
(367, 14, 5404)
(367, 200, 15770)
(367, 180, 42035)
(367, 348, 80703)
(367, 69, 41307)
(367, 176, 12482)
(367, 265, 23536)
(367, 134, 13693)
(367, 298, 62314)
(367, 178, 6708)
(367, 251, 11885)
(367, 16, 8751)
(367, 259, 92877)
(367, 113, 2809)
(367, 162, 60702)
(367, 164, 48752)
(367, 72, 44327)
(367, 2, 18199)
(367, 248, 73216)
(367, 4, 448)
(367, 314, 49885)
(367, 238, 98316)
(367, 151, 26203)
(367, 18, 54183)
(367, 77, 35500)
(367, 256, 13953)
(367, 199, 69634)
(367, 86, 19519)
(367, 68, 60859)
(367, 155, 72211)
(367, 322, 91322)
(367, 154, 12886)
(367, 306, 92629)
(367, 37, 19736)
(367, 364, 23023)
(367, 213, 19918)
(367, 317, 84545)
(367, 185, 9723)
(367, 117, 34632)
(367, 289, 4329)
(367, 170, 87763)
(367, 234, 26699)
(367, 54, 88318)
(367, 328, 92225)
(367, 99, 51811)
(367, 22, 49837)
(367, 356, 98536)
(367, 161, 88075)
(367, 130, 7227)
(367, 190, 11191)
(367, 124, 28852)
(367, 21, 46122)
(367, 211, 11916)
(367, 255, 80988)
(367, 122, 6306)
(367, 346, 76540)
(367, 221, 85843)
(367, 254, 36610)
(367, 114, 32239)
(367, 338, 21066)
(367, 66, 53523)
(367, 290, 53729)
(367, 159, 17686)
(367, 197, 10195)
(367, 231, 50099)
(367, 366, 82499)
(367, 107, 74927)
(367, 87, 1657)
(367, 194, 91724)
(367, 193, 59764)
(367, 302, 35251)
(367, 179, 98339)
(367, 334, 4135)
(367, 278, 21524)
(367, 129, 41611)
(367, 148, 43545)
(367, 345, 83968)
(367, 316, 64341)
(367, 252, 58142)
(367, 71, 37973)
(367, 191, 36142)
(367, 147, 12356)
(367, 163, 17094)
(367, 225, 13893)
(367, 11, 2515)
(367, 108, 83278)
(367, 67, 58768)
(367, 283, 38485)
(367, 224, 23562)
(367, 365, 83655)
(367, 78, 10109)
(367, 141, 21636)
(367, 126, 16611)
(367, 308, 12697)
(367, 7, 98576)
(367, 184, 39542)
(367, 263, 85659)
(367, 220, 81989)
(367, 59, 60831)
(367, 88, 89304)
(367, 230, 38002)
(367, 329, 43374)
(367, 123, 78108)
(367, 150, 41722)
(367, 208, 40908)
(367, 6, 5835)
(367, 281, 16453)
(367, 341, 25373)
(367, 47, 62036)
(367, 55, 3003)
(367, 158, 78060)
(367, 347, 6153)
(367, 258, 80493)
(367, 216, 92885)
(367, 57, 75160)
(367, 143, 45422)
(367, 286, 69443)
(367, 75, 73127)
(367, 34, 57719)
(367, 65, 31296)
(367, 146, 88043)
(367, 104, 50037)
(367, 351, 37355)
(367, 271, 17860)
(367, 301, 69285)
(367, 90, 3084)
(367, 249, 28641)
(367, 145, 57122)
(367, 110, 9558)
(367, 276, 5521)
(367, 293, 98622)
(367, 241, 82596)
(367, 15, 39229)
(367, 173, 58672)
(367, 318, 1758)
(367, 360, 85768)
(367, 227, 83240)
(367, 335, 74459)
(367, 280, 10443)
(367, 112, 89752)
(367, 272, 25744)
(367, 119, 64766)
(367, 277, 47750)
(367, 243, 51146)
(367, 51, 60565)
(367, 105, 68344)
(367, 33, 89434)
(367, 32, 30607)
(367, 132, 6991)
(367, 287, 29809)
(367, 166, 11943)
(367, 1, 16119)
(367, 204, 27985)
(367, 36, 82344)
(367, 355, 34368)
(367, 257, 8775)
(367, 320, 97715)
(367, 25, 76473)
(367, 330, 4992)
(367, 296, 13612)
(367, 212, 42479)
(367, 13, 81665)
(367, 336, 12725)
(367, 168, 76209)
(367, 40, 14208)
(367, 172, 18722)
(367, 26, 91446)
(367, 303, 95966)
(367, 210, 65406)
(367, 169, 631)
(367, 157, 57129)
(367, 209, 46177)
(367, 242, 32342)
(367, 23, 21296)
(367, 79, 32257)
(367, 315, 61040)
(367, 137, 1264)
(367, 109, 64249)
(367, 31, 54902)
(367, 102, 78320)
(367, 350, 22844)
(367, 206, 11156)
(367, 309, 12604)
(367, 201, 61736)
(367, 226, 99636)
(367, 354, 73838)
(367, 294, 28356)
(367, 140, 74358)
(367, 41, 98136)
(367, 264, 77975)
(367, 342, 34431)
(367, 232, 47338)
(367, 80, 94506)
(367, 326, 78847)
(367, 83, 83814)
(367, 156, 34791)
(367, 207, 10716)
(367, 325, 53371)
(367, 82, 22582)
(367, 275, 34949)
(367, 233, 65872)
(367, 136, 30416)
(367, 250, 51503)
(367, 323, 15900)
(367, 187, 30996)
(367, 144, 86599)
(367, 44, 77896)
(367, 94, 88966)
(367, 284, 57203)
(367, 285, 5598)
(367, 84, 59624)
(367, 186, 55465)
(367, 17, 25416)
(367, 361, 65109)
(367, 8, 52180)
(367, 101, 99915)
(367, 120, 56808)
(367, 58, 92318)
(367, 48, 97585)
(367, 269, 27882)
(367, 344, 64594)
(367, 76, 93642)
(367, 85, 36547)
(367, 359, 96802)
(367, 228, 23836)
(367, 50, 19865)
(367, 121, 23553)
(367, 92, 66074)
(367, 60, 37175)
(367, 39, 53007)
(367, 332, 60719)
(367, 12, 77241)
(367, 291, 8825)
(367, 239, 77225)
(367, 262, 10207)
(367, 116, 40429)
(367, 202, 66985)
(367, 111, 72041)
(367, 337, 49597)
(367, 181, 64323)
(367, 288, 99483)
(367, 321, 15001)
(367, 205, 9404)
(367, 333, 20510)
(367, 352, 24051)
(367, 349, 2825)
(367, 95, 16617)
(367, 3, 187)
(367, 43, 92744)
(367, 215, 46880)
(367, 5, 1358)
(367, 81, 60224)
(367, 261, 97415)
(367, 218, 6416)
(367, 260, 20719)
(367, 182, 2612)
(367, 192, 52917)
(367, 45, 78735)
(367, 304, 32472)
(367, 53, 20102)
(367, 35, 86630)
(367, 62, 89995)
(367, 24, 30398)
(367, 19, 60348)
(367, 29, 75905)
(367, 235, 46501)
(367, 127, 44736)
(367, 165, 28404)
(367, 128, 11614)
(367, 100, 26087)
(367, 219, 11491)
(367, 195, 50614)
(367, 152, 20392)
(367, 222, 71078)
(367, 139, 10755)
(367, 70, 8132)
(367, 343, 45470)
(367, 73, 11480)
(367, 279, 41422)
(367, 93, 58977)
(367, 9, 35643)
(367, 175, 79102)
(367, 30, 72542)
(367, 292, 37193)
(367, 97, 33422)
(367, 229, 89379)
(367, 311, 50758)
(367, 52, 66702)
(368, 118, 52840)
(368, 90, 35156)
(368, 85, 40680)
(368, 164, 35452)
(368, 338, 76445)
(368, 148, 38050)
(368, 181, 64751)
(368, 280, 55706)
(368, 149, 77060)
(368, 34, 76854)
(368, 113, 49888)
(368, 251, 9319)
(368, 168, 68194)
(368, 62, 18278)
(368, 123, 60336)
(368, 4, 13442)
(368, 232, 91743)
(368, 64, 60521)
(368, 297, 11693)
(369, 127, 46049)
(369, 5, 50889)
(369, 105, 2307)
(369, 123, 32061)
(369, 53, 12109)
(369, 355, 12000)
(369, 362, 71668)
(369, 27, 14510)
(369, 169, 81745)
(369, 14, 12743)
(369, 99, 61403)
(369, 19, 40518)
(369, 77, 52045)
(369, 227, 21201)
(369, 274, 71608)
(369, 73, 70936)
(369, 331, 21429)
(369, 184, 86967)
(369, 158, 26287)
(369, 334, 17026)
(369, 235, 55547)
(369, 254, 78266)
(369, 42, 45945)
(369, 40, 76384)
(369, 364, 62727)
(369, 164, 55738)
(369, 195, 29455)
(369, 305, 51141)
(369, 294, 36572)
(369, 97, 53216)
(369, 350, 22548)
(369, 358, 8164)
(369, 74, 29622)
(369, 360, 81642)
(369, 10, 46433)
(369, 342, 77522)
(369, 275, 62675)
(369, 261, 74772)
(369, 89, 10821)
(369, 126, 36051)
(369, 304, 89888)
(369, 258, 92971)
(369, 188, 50288)
(369, 16, 49245)
(369, 177, 38782)
(369, 328, 83601)
(369, 67, 26580)
(369, 317, 91609)
(369, 13, 3553)
(369, 287, 55368)
(369, 238, 2581)
(369, 315, 78546)
(369, 43, 14725)
(369, 202, 75677)
(369, 256, 37623)
(369, 223, 32099)
(369, 187, 24198)
(369, 32, 50926)
(369, 290, 40736)
(369, 224, 79572)
(369, 312, 58767)
(369, 76, 56356)
(369, 33, 65319)
(369, 348, 57825)
(369, 121, 21528)
(369, 145, 53688)
(369, 194, 90865)
(369, 125, 32274)
(369, 93, 15252)
(369, 205, 5395)
(369, 279, 50766)
(369, 326, 11858)
(369, 192, 3947)
(369, 338, 37049)
(369, 28, 7331)
(369, 173, 83351)
(369, 141, 67303)
(369, 149, 98939)
(369, 240, 63870)
(369, 241, 73155)
(369, 45, 91083)
(369, 110, 98187)
(369, 234, 75026)
(369, 3, 91510)
(369, 337, 47675)
(369, 98, 30555)
(369, 174, 28954)
(369, 56, 43212)
(369, 26, 52514)
(369, 103, 83479)
(369, 179, 55042)
(369, 18, 47927)
(369, 117, 71596)
(369, 220, 67673)
(369, 160, 12291)
(369, 101, 86912)
(369, 266, 48042)
(369, 186, 90545)
(369, 34, 2829)
(369, 307, 27265)
(369, 69, 74866)
(369, 30, 55946)
(369, 148, 30562)
(369, 152, 92074)
(369, 368, 12152)
(369, 340, 61310)
(369, 269, 59939)
(369, 265, 6187)
(369, 151, 98701)
(369, 88, 96401)
(369, 104, 10847)
(369, 79, 80769)
(369, 352, 24947)
(369, 86, 86731)
(369, 178, 81726)
(369, 198, 88154)
(369, 48, 78556)
(369, 96, 62584)
(369, 55, 94066)
(369, 63, 89548)
(369, 321, 44991)
(369, 128, 60139)
(369, 356, 59678)
(369, 66, 51707)
(369, 115, 95903)
(369, 245, 21051)
(369, 308, 65368)
(369, 297, 84630)
(369, 168, 62255)
(369, 38, 88873)
(369, 156, 47218)
(369, 228, 49836)
(369, 218, 93710)
(369, 90, 52394)
(369, 346, 68874)
(369, 280, 50326)
(369, 24, 59346)
(369, 130, 51686)
(369, 295, 58167)
(369, 288, 96980)
(369, 298, 25166)
(369, 135, 66694)
(369, 7, 17174)
(369, 154, 26970)
(369, 29, 43406)
(369, 336, 7279)
(369, 140, 46699)
(369, 270, 33088)
(369, 302, 90791)
(369, 332, 33189)
(369, 318, 69836)
(369, 230, 78199)
(369, 50, 39454)
(369, 4, 25451)
(369, 208, 24201)
(369, 291, 78606)
(369, 268, 19434)
(369, 359, 69843)
(369, 209, 72463)
(369, 82, 29905)
(369, 293, 11907)
(369, 142, 42674)
(369, 276, 71346)
(369, 57, 45939)
(369, 272, 99035)
(369, 289, 47039)
(369, 47, 13325)
(369, 172, 71123)
(369, 157, 75555)
(369, 248, 64507)
(369, 65, 67713)
(369, 95, 55103)
(369, 284, 1097)
(369, 210, 95679)
(369, 80, 49324)
(369, 116, 22502)
(369, 112, 79443)
(369, 292, 55796)
(369, 199, 57615)
(369, 139, 9846)
(369, 219, 33152)
(369, 300, 19449)
(369, 6, 74281)
(369, 2, 20989)
(369, 217, 99619)
(369, 46, 90061)
(369, 353, 57194)
(369, 59, 56279)
(369, 330, 94235)
(369, 12, 36431)
(369, 250, 74356)
(369, 253, 13031)
(369, 15, 93668)
(369, 163, 66678)
(369, 252, 36508)
(369, 262, 41724)
(369, 8, 71676)
(369, 277, 3261)
(369, 25, 5649)
(369, 22, 14598)
(369, 286, 47835)
(369, 311, 8402)
(369, 23, 27054)
(369, 58, 41111)
(369, 131, 2092)
(369, 118, 56615)
(369, 155, 99519)
(369, 162, 28297)
(369, 229, 43093)
(369, 161, 13571)
(369, 310, 7057)
(369, 109, 61483)
(369, 366, 52557)
(369, 92, 65105)
(369, 114, 72213)
(369, 146, 96539)
(369, 314, 37211)
(369, 120, 39568)
(369, 249, 18559)
(369, 243, 59384)
(369, 354, 66122)
(369, 320, 88971)
(369, 102, 85956)
(369, 271, 85247)
(369, 134, 18479)
(369, 232, 11897)
(369, 233, 67669)
(369, 147, 71912)
(369, 281, 39163)
(369, 159, 32275)
(369, 54, 89312)
(369, 35, 6197)
(369, 170, 53018)
(369, 191, 48922)
(369, 64, 90858)
(369, 70, 46611)
(369, 285, 23342)
(369, 41, 80396)
(369, 165, 54062)
(369, 343, 26352)
(369, 49, 22867)
(369, 296, 2716)
(369, 44, 42781)
(369, 323, 37078)
(369, 345, 67787)
(369, 211, 96140)
(369, 357, 44035)
(369, 322, 73452)
(369, 273, 87012)
(369, 137, 8130)
(369, 363, 62312)
(369, 225, 12709)
(369, 267, 64979)
(369, 175, 98088)
(369, 75, 39185)
(369, 61, 32897)
(369, 166, 49573)
(369, 17, 86979)
(369, 278, 83484)
(369, 365, 27376)
(369, 197, 30257)
(369, 144, 22462)
(369, 37, 35525)
(369, 263, 96006)
(369, 181, 64750)
(369, 309, 15445)
(369, 68, 63416)
(369, 213, 45090)
(369, 150, 59193)
(369, 201, 37379)
(369, 119, 52742)
(369, 347, 36044)
(369, 221, 95504)
(369, 133, 10056)
(369, 341, 8418)
(369, 91, 88338)
(369, 247, 87838)
(369, 367, 75050)
(369, 216, 62520)
(369, 299, 14891)
(369, 71, 48907)
(369, 264, 53192)
(369, 303, 84237)
(369, 206, 85629)
(369, 138, 33089)
(369, 319, 8907)
(369, 51, 36434)
(369, 122, 47518)
(369, 200, 93585)
(369, 81, 63563)
(369, 351, 23696)
(369, 301, 76881)
(369, 222, 18174)
(369, 113, 70880)
(369, 316, 66361)
(369, 260, 82748)
(369, 244, 94655)
(369, 1, 40576)
(369, 180, 89049)
(369, 259, 40086)
(369, 333, 18060)
(369, 167, 8107)
(369, 324, 39230)
(369, 182, 34723)
(369, 193, 12082)
(369, 212, 74907)
(369, 349, 64376)
(369, 72, 80119)
(369, 11, 73332)
(369, 183, 98884)
(369, 83, 44524)
(369, 282, 88573)
(370, 118, 87891)
(370, 97, 40372)
(370, 89, 88082)
(370, 20, 57330)
(370, 54, 1733)
(370, 94, 48360)
(370, 335, 94312)
(370, 246, 17846)
(370, 121, 76386)
(370, 319, 61773)
(370, 79, 51149)
(370, 19, 24110)
(370, 163, 68184)
(370, 148, 22724)
(370, 287, 85795)
(370, 314, 96491)
(370, 269, 68232)
(370, 225, 84376)
(370, 195, 45247)
(370, 270, 75921)
(370, 83, 89942)
(370, 167, 92429)
(370, 172, 83383)
(370, 149, 350)
(370, 28, 49437)
(370, 207, 6009)
(370, 107, 80767)
(370, 17, 70271)
(370, 8, 83823)
(370, 273, 30137)
(370, 44, 55108)
(370, 16, 75155)
(370, 112, 76282)
(370, 362, 66140)
(370, 316, 84383)
(370, 298, 93672)
(370, 145, 38004)
(370, 234, 55517)
(370, 187, 77948)
(370, 108, 41129)
(370, 208, 83369)
(370, 98, 88640)
(370, 277, 72537)
(370, 105, 52732)
(370, 250, 43211)
(370, 153, 47256)
(370, 36, 79206)
(370, 213, 94620)
(370, 78, 34052)
(370, 279, 67271)
(370, 272, 15120)
(370, 305, 5937)
(370, 50, 85033)
(370, 160, 29526)
(370, 101, 32202)
(370, 7, 86706)
(370, 91, 83694)
(370, 283, 35494)
(370, 47, 46617)
(370, 197, 49179)
(370, 349, 95850)
(370, 300, 31394)
(370, 70, 86382)
(370, 185, 80740)
(370, 369, 87176)
(370, 229, 25722)
(370, 352, 94276)
(370, 304, 32282)
(370, 84, 85476)
(370, 285, 57687)
(370, 33, 49587)
(370, 271, 39153)
(370, 140, 26425)
(370, 297, 22005)
(370, 126, 26069)
(370, 327, 49760)
(370, 310, 26042)
(370, 127, 80609)
(370, 344, 38808)
(370, 333, 7812)
(370, 75, 45342)
(370, 281, 63201)
(370, 183, 57586)
(370, 176, 34665)
(370, 323, 66437)
(370, 168, 1239)
(370, 131, 99214)
(370, 162, 40781)
(370, 157, 81694)
(370, 56, 96600)
(370, 102, 64396)
(370, 74, 58750)
(370, 241, 71556)
(370, 274, 47255)
(370, 210, 72220)
(370, 200, 17829)
(370, 129, 84105)
(370, 109, 33365)
(370, 182, 95059)
(370, 233, 63815)
(370, 308, 28575)
(370, 72, 775)
(370, 356, 38322)
(370, 132, 70894)
(370, 351, 23384)
(370, 144, 12981)
(370, 110, 46753)
(370, 61, 95764)
(370, 240, 43616)
(370, 364, 38662)
(370, 123, 3901)
(370, 152, 50131)
(370, 340, 83182)
(370, 0, 62985)
(370, 330, 19336)
(370, 13, 84184)
(370, 38, 8383)
(370, 11, 31860)
(370, 346, 23109)
(370, 178, 28273)
(370, 34, 25828)
(370, 368, 98582)
(370, 357, 60772)
(370, 311, 78437)
(370, 216, 74375)
(370, 166, 40463)
(370, 196, 44058)
(370, 358, 55211)
(370, 293, 19363)
(370, 156, 80748)
(370, 223, 29632)
(370, 67, 99824)
(370, 133, 53031)
(370, 161, 78915)
(370, 355, 30897)
(370, 299, 44083)
(370, 159, 51671)
(370, 217, 98988)
(370, 315, 51841)
(370, 165, 89537)
(370, 324, 11096)
(370, 202, 32590)
(370, 60, 11536)
(370, 59, 30118)
(370, 22, 40408)
(370, 244, 98981)
(370, 42, 58777)
(370, 334, 78165)
(370, 320, 22323)
(370, 77, 8603)
(370, 248, 43448)
(370, 65, 19580)
(370, 119, 21703)
(370, 6, 20539)
(370, 92, 81540)
(370, 18, 32899)
(370, 128, 60303)
(370, 193, 15881)
(370, 134, 36292)
(370, 212, 15938)
(370, 53, 48128)
(370, 111, 27107)
(370, 136, 6291)
(370, 261, 55672)
(370, 301, 41995)
(370, 154, 17124)
(370, 25, 67860)
(370, 58, 65045)
(370, 71, 73650)
(370, 237, 47317)
(370, 139, 397)
(371, 369, 85211)
(371, 126, 81255)
(371, 249, 19294)
(371, 265, 94294)
(371, 85, 67118)
(371, 128, 20156)
(371, 25, 57607)
(371, 349, 88890)
(371, 269, 31700)
(371, 62, 95671)
(371, 230, 12710)
(371, 361, 4492)
(371, 273, 41473)
(371, 60, 70294)
(371, 114, 72590)
(371, 370, 90321)
(371, 322, 28530)
(371, 278, 54341)
(371, 69, 6002)
(371, 49, 25396)
(371, 78, 63286)
(371, 19, 85498)
(371, 332, 59774)
(371, 190, 4714)
(371, 324, 16433)
(371, 220, 72826)
(371, 218, 99543)
(371, 23, 83519)
(371, 262, 30591)
(371, 347, 51233)
(371, 182, 17936)
(371, 65, 82070)
(371, 239, 65781)
(371, 100, 45050)
(371, 270, 25227)
(371, 229, 10424)
(371, 191, 72922)
(371, 213, 65131)
(371, 32, 48077)
(371, 257, 74654)
(371, 300, 28687)
(371, 89, 65903)
(371, 117, 38385)
(371, 11, 45515)
(371, 253, 85378)
(371, 61, 24729)
(371, 340, 73752)
(371, 130, 99600)
(371, 309, 94510)
(371, 92, 71712)
(371, 96, 79477)
(371, 122, 28035)
(371, 314, 97488)
(371, 346, 79559)
(371, 260, 8645)
(371, 10, 16423)
(371, 301, 43388)
(371, 120, 12851)
(371, 330, 35878)
(371, 141, 92375)
(371, 293, 58055)
(371, 321, 95586)
(371, 313, 45144)
(371, 310, 87191)
(371, 52, 56885)
(371, 113, 36442)
(371, 287, 96309)
(371, 328, 56629)
(371, 81, 35366)
(371, 147, 8709)
(371, 68, 61251)
(371, 297, 46227)
(371, 348, 95662)
(371, 125, 78384)
(371, 167, 84611)
(371, 107, 7162)
(371, 145, 90979)
(371, 149, 6130)
(371, 163, 53123)
(371, 112, 37952)
(371, 338, 33460)
(371, 236, 35992)
(371, 20, 2044)
(371, 246, 87149)
(371, 14, 49001)
(371, 118, 30375)
(371, 307, 52414)
(371, 162, 63000)
(371, 271, 57090)
(371, 90, 71832)
(371, 76, 33188)
(371, 0, 96517)
(371, 3, 2727)
(371, 4, 61941)
(371, 225, 45361)
(371, 241, 35030)
(371, 208, 34008)
(371, 18, 29547)
(371, 170, 31450)
(371, 80, 20861)
(371, 365, 35712)
(371, 305, 44868)
(371, 258, 71072)
(371, 166, 67466)
(371, 214, 48283)
(371, 264, 84863)
(371, 99, 61828)
(371, 148, 29303)
(371, 46, 75722)
(371, 274, 58001)
(371, 139, 87059)
(371, 231, 72956)
(371, 123, 89298)
(371, 70, 82923)
(371, 33, 51774)
(371, 110, 20137)
(371, 154, 81991)
(371, 71, 49017)
(371, 45, 13910)
(371, 311, 19189)
(371, 79, 8116)
(371, 259, 56374)
(371, 337, 36711)
(371, 5, 9679)
(371, 156, 61622)
(371, 363, 62559)
(371, 362, 48960)
(371, 184, 56976)
(371, 296, 16297)
(371, 183, 29798)
(371, 188, 52612)
(371, 16, 89010)
(371, 77, 29298)
(371, 164, 64105)
(371, 150, 9432)
(371, 334, 6814)
(371, 7, 89613)
(371, 368, 5363)
(371, 131, 97852)
(371, 137, 93434)
(371, 286, 2508)
(371, 15, 64670)
(371, 91, 78813)
(371, 242, 45604)
(371, 135, 869)
(371, 353, 59016)
(371, 282, 16464)
(371, 59, 29961)
(371, 29, 95601)
(371, 325, 21048)
(371, 245, 6117)
(371, 294, 65388)
(371, 275, 80653)
(371, 298, 39125)
(371, 88, 88279)
(371, 84, 65270)
(371, 17, 90621)
(371, 13, 57055)
(371, 354, 46)
(371, 9, 26204)
(371, 243, 91861)
(371, 289, 4748)
(371, 171, 94988)
(371, 200, 78424)
(371, 244, 33061)
(371, 173, 35707)
(371, 41, 63628)
(371, 178, 43288)
(371, 2, 14920)
(371, 232, 36147)
(371, 248, 74535)
(371, 168, 33453)
(371, 58, 50123)
(371, 280, 39877)
(371, 329, 57591)
(371, 358, 27854)
(371, 73, 37120)
(371, 75, 42516)
(371, 350, 77480)
(371, 132, 11845)
(371, 366, 100030)
(371, 169, 22494)
(371, 255, 28159)
(371, 272, 44594)
(371, 250, 78604)
(371, 335, 8505)
(371, 180, 76045)
(371, 277, 9957)
(371, 203, 29044)
(371, 359, 53667)
(371, 21, 68887)
(371, 144, 38069)
(371, 343, 57245)
(371, 87, 44354)
(371, 211, 23513)
(371, 106, 85335)
(371, 284, 64057)
(371, 48, 82973)
(371, 64, 66922)
(371, 212, 15626)
(371, 152, 31980)
(371, 175, 95084)
(371, 367, 62616)
(371, 1, 32370)
(371, 37, 34998)
(371, 97, 99008)
(371, 238, 35867)
(371, 86, 89512)
(371, 12, 56146)
(371, 111, 90386)
(371, 356, 81198)
(371, 352, 68170)
(371, 333, 50492)
(371, 326, 10408)
(371, 261, 12331)
(371, 151, 66741)
(371, 134, 78393)
(371, 146, 53259)
(371, 138, 69505)
(371, 292, 66)
(371, 247, 9641)
(371, 303, 76231)
(371, 315, 46865)
(371, 204, 38663)
(371, 317, 29090)
(371, 320, 65396)
(371, 283, 45395)
(371, 209, 67678)
(371, 103, 12573)
(371, 342, 42043)
(371, 327, 70548)
(371, 176, 82779)
(371, 155, 87968)
(371, 295, 70601)
(371, 140, 54999)
(371, 83, 24829)
(371, 240, 37543)
(371, 127, 9243)
(371, 228, 23119)
(371, 192, 46056)
(371, 161, 4331)
(371, 267, 39793)
(371, 202, 57804)
(371, 72, 57266)
(371, 216, 38738)
(371, 344, 10296)
(371, 237, 88626)
(371, 339, 58563)
(371, 74, 75962)
(371, 105, 77872)
(371, 291, 47810)
(371, 94, 30072)
(371, 316, 43608)
(371, 254, 33795)
(371, 119, 64599)
(371, 194, 41882)
(371, 30, 15107)
(371, 210, 52260)
(371, 223, 37037)
(371, 224, 15961)
(371, 196, 45883)
(371, 158, 24418)
(371, 360, 21815)
(371, 8, 27993)
(371, 43, 47235)
(371, 55, 63105)
(371, 221, 95587)
(371, 174, 52038)
(371, 177, 91814)
(371, 63, 98446)
(371, 101, 84380)
(371, 219, 65636)
(371, 172, 76121)
(371, 318, 4860)
(371, 279, 24328)
(371, 157, 87997)
(371, 233, 80380)
(371, 252, 3692)
(371, 266, 87552)
(371, 36, 99889)
(371, 93, 85862)
(371, 345, 97946)
(371, 256, 48724)
(371, 268, 18430)
(371, 227, 33360)
(371, 331, 44455)
(371, 199, 65605)
(371, 6, 22158)
(371, 217, 24)
(371, 235, 58822)
(371, 186, 78380)
(371, 226, 4677)
(371, 207, 72169)
(371, 306, 13151)
(371, 364, 50599)
(371, 185, 14999)
(371, 189, 36809)
(371, 24, 35147)
(371, 153, 15949)
(371, 115, 4456)
(371, 234, 23628)
(371, 104, 9529)
(371, 308, 53058)
(371, 67, 6162)
(371, 34, 62916)
(371, 136, 31216)
(371, 215, 11918)
(371, 26, 94829)
(371, 290, 52705)
(371, 281, 32402)
(371, 35, 89403)
(371, 288, 75614)
(371, 193, 61300)
(371, 187, 73221)
(371, 198, 55636)
(371, 39, 32972)
(371, 299, 97725)
(371, 206, 61907)
(371, 66, 98379)
(371, 312, 41013)
(371, 57, 27606)
(371, 143, 12021)
(371, 109, 29743)
(372, 306, 50552)
(372, 304, 9892)
(372, 221, 7846)
(372, 164, 21011)
(372, 11, 21394)
(372, 47, 74069)
(372, 216, 53531)
(372, 141, 39910)
(372, 238, 88054)
(372, 318, 69141)
(372, 142, 85326)
(372, 36, 74107)
(372, 114, 13732)
(372, 285, 29021)
(372, 106, 38048)
(372, 113, 82700)
(372, 103, 47484)
(372, 143, 73773)
(372, 9, 59691)
(372, 33, 99748)
(372, 119, 8509)
(372, 298, 50794)
(372, 334, 16379)
(372, 133, 15649)
(372, 218, 12139)
(372, 323, 4431)
(372, 126, 69176)
(372, 98, 13332)
(372, 345, 98721)
(372, 50, 4534)
(372, 254, 74249)
(372, 299, 49107)
(372, 151, 15054)
(372, 267, 93008)
(372, 201, 47825)
(372, 175, 25322)
(372, 207, 75246)
(372, 295, 19561)
(372, 1, 7272)
(372, 186, 29154)
(372, 300, 14733)
(372, 348, 44703)
(372, 215, 51224)
(372, 2, 88757)
(372, 55, 36968)
(372, 278, 80180)
(372, 283, 9271)
(372, 26, 28002)
(372, 81, 5234)
(372, 279, 80814)
(372, 97, 46091)
(373, 54, 29240)
(373, 47, 40128)
(373, 146, 15745)
(373, 22, 38440)
(373, 196, 44248)
(373, 335, 52367)
(373, 275, 4894)
(373, 86, 82836)
(373, 221, 34155)
(373, 18, 14529)
(373, 180, 49903)
(373, 145, 85182)
(373, 370, 45038)
(373, 287, 66893)
(373, 344, 13945)
(373, 12, 64335)
(373, 200, 38621)
(373, 97, 31739)
(373, 294, 7625)
(373, 225, 60093)
(373, 358, 83148)
(373, 34, 20261)
(373, 70, 37149)
(373, 341, 58418)
(373, 172, 77527)
(373, 10, 12157)
(373, 116, 87654)
(373, 30, 39240)
(373, 150, 69091)
(373, 161, 38341)
(373, 89, 75176)
(373, 303, 923)
(373, 130, 40129)
(373, 353, 68869)
(373, 355, 71875)
(373, 21, 80302)
(373, 77, 3114)
(373, 153, 15127)
(373, 235, 52436)
(373, 82, 93482)
(373, 112, 64602)
(373, 193, 87010)
(373, 226, 80138)
(373, 151, 29906)
(373, 289, 78849)
(373, 223, 34179)
(373, 128, 73791)
(373, 183, 49917)
(373, 101, 58818)
(373, 160, 33935)
(373, 31, 70803)
(373, 255, 60000)
(373, 369, 8166)
(373, 165, 80882)
(373, 115, 93132)
(373, 181, 94351)
(373, 55, 15999)
(373, 297, 56029)
(373, 81, 67051)
(373, 352, 16255)
(373, 171, 98811)
(373, 251, 31132)
(373, 290, 41936)
(373, 298, 77499)
(373, 258, 30061)
(373, 65, 71616)
(373, 129, 99245)
(373, 257, 8245)
(373, 252, 82496)
(373, 324, 33735)
(373, 201, 99479)
(373, 131, 45892)
(373, 322, 95815)
(373, 156, 43566)
(373, 283, 43371)
(373, 247, 44623)
(373, 345, 32858)
(373, 107, 30547)
(373, 166, 11042)
(373, 305, 60298)
(373, 230, 52559)
(373, 66, 59321)
(373, 307, 77692)
(373, 308, 53020)
(373, 53, 37794)
(373, 250, 48415)
(373, 248, 31395)
(373, 13, 36210)
(373, 90, 63869)
(373, 100, 12054)
(373, 134, 44770)
(373, 215, 83746)
(373, 262, 11239)
(373, 143, 48766)
(373, 19, 63313)
(373, 87, 7993)
(373, 198, 59003)
(373, 177, 43065)
(373, 242, 30709)
(373, 174, 87226)
(373, 11, 62453)
(373, 222, 98682)
(373, 272, 79638)
(373, 104, 32926)
(373, 138, 57986)
(373, 48, 52269)
(373, 338, 91318)
(373, 122, 25099)
(373, 59, 41640)
(373, 204, 43309)
(373, 110, 66967)
(373, 72, 85781)
(373, 176, 2436)
(373, 105, 3605)
(373, 269, 16851)
(373, 186, 30670)
(373, 329, 14869)
(373, 243, 64191)
(373, 0, 54469)
(373, 349, 31433)
(373, 265, 20665)
(373, 278, 79070)
(373, 149, 63514)
(373, 111, 24268)
(373, 163, 95269)
(373, 50, 77129)
(373, 211, 44904)
(373, 274, 58795)
(373, 58, 8807)
(373, 259, 70743)
(373, 99, 15437)
(373, 83, 90907)
(373, 136, 15457)
(373, 333, 13631)
(373, 93, 83100)
(373, 299, 11602)
(373, 348, 4775)
(373, 2, 68173)
(373, 159, 73374)
(373, 133, 51445)
(373, 364, 89721)
(373, 46, 32551)
(373, 28, 44451)
(373, 208, 11962)
(373, 334, 79350)
(373, 152, 75877)
(373, 285, 50606)
(373, 330, 79082)
(373, 295, 25907)
(373, 41, 58559)
(373, 217, 35474)
(373, 347, 64474)
(373, 340, 46900)
(373, 43, 62038)
(373, 276, 89445)
(373, 264, 52674)
(373, 125, 5744)
(373, 78, 2444)
(373, 51, 7369)
(373, 14, 60597)
(373, 328, 37606)
(373, 119, 5547)
(373, 282, 76127)
(373, 45, 51552)
(373, 357, 99635)
(373, 318, 37377)
(373, 94, 43253)
(373, 155, 70390)
(373, 40, 10946)
(373, 44, 68763)
(373, 332, 40602)
(373, 162, 15930)
(373, 202, 43428)
(373, 313, 4885)
(373, 346, 94844)
(373, 98, 41035)
(373, 170, 87942)
(373, 108, 62515)
(373, 39, 69081)
(373, 194, 84414)
(373, 219, 60281)
(373, 350, 9730)
(373, 261, 20527)
(373, 372, 40647)
(373, 42, 93088)
(373, 280, 84450)
(373, 17, 70190)
(373, 302, 5166)
(373, 253, 92220)
(373, 306, 8630)
(373, 147, 92686)
(373, 342, 50089)
(373, 270, 16857)
(373, 61, 79388)
(373, 343, 44798)
(373, 319, 12178)
(373, 123, 69795)
(373, 92, 23436)
(373, 192, 61267)
(373, 109, 85024)
(373, 9, 68548)
(373, 241, 36170)
(373, 301, 64084)
(373, 33, 20474)
(373, 154, 39583)
(373, 80, 27990)
(373, 16, 22458)
(373, 207, 55792)
(373, 191, 97440)
(373, 293, 45573)
(373, 199, 49409)
(373, 84, 44938)
(373, 74, 68651)
(373, 8, 90105)
(373, 360, 83753)
(373, 220, 93372)
(373, 232, 22460)
(373, 67, 89358)
(373, 141, 42605)
(373, 195, 903)
(373, 120, 60642)
(373, 366, 88062)
(374, 127, 4628)
(374, 33, 4842)
(374, 290, 34135)
(374, 116, 52147)
(374, 323, 55162)
(374, 242, 8588)
(374, 113, 53640)
(374, 200, 25652)
(374, 6, 91039)
(374, 91, 52380)
(374, 4, 62375)
(374, 10, 10483)
(374, 82, 6771)
(374, 195, 84858)
(374, 93, 20860)
(374, 125, 92967)
(374, 103, 22591)
(374, 206, 32222)
(374, 219, 53762)
(374, 52, 7474)
(374, 77, 47723)
(374, 308, 45288)
(374, 159, 26343)
(374, 285, 74513)
(374, 80, 81938)
(374, 17, 226)
(374, 83, 29432)
(374, 104, 80891)
(374, 18, 26310)
(374, 224, 32572)
(374, 229, 18485)
(374, 89, 65651)
(374, 257, 70885)
(374, 15, 11345)
(374, 36, 89970)
(374, 292, 98430)
(374, 46, 60368)
(374, 58, 8014)
(374, 54, 92887)
(374, 227, 30377)
(374, 268, 79532)
(374, 12, 72736)
(374, 31, 26387)
(374, 259, 5529)
(374, 114, 14199)
(374, 183, 71306)
(374, 65, 41993)
(374, 81, 62965)
(374, 297, 81893)
(374, 126, 82585)
(374, 184, 20077)
(374, 273, 14164)
(374, 350, 4839)
(374, 146, 444)
(374, 137, 100257)
(374, 336, 68539)
(374, 67, 67449)
(374, 27, 31641)
(374, 326, 74801)
(374, 201, 15668)
(374, 303, 24112)
(374, 180, 95016)
(374, 150, 95771)
(374, 208, 90777)
(374, 94, 88692)
(374, 328, 6011)
(374, 155, 18106)
(374, 174, 92232)
(374, 369, 99983)
(374, 120, 36681)
(374, 39, 39459)
(374, 140, 44796)
(374, 367, 83386)
(374, 21, 46116)
(374, 363, 37690)
(374, 145, 20561)
(374, 346, 67557)
(374, 175, 250)
(374, 295, 94593)
(374, 112, 73304)
(374, 241, 19089)
(374, 199, 73513)
(374, 317, 30715)
(374, 324, 78331)
(374, 243, 37755)
(374, 198, 69876)
(374, 202, 37885)
(374, 90, 83663)
(374, 311, 29937)
(374, 124, 96468)
(374, 306, 39774)
(374, 223, 60105)
(374, 345, 23823)
(374, 235, 32567)
(374, 289, 26009)
(374, 277, 13550)
(374, 38, 47898)
(374, 287, 70582)
(374, 122, 31027)
(374, 133, 97210)
(374, 149, 52827)
(374, 182, 46216)
(374, 301, 19190)
(374, 76, 27972)
(374, 211, 72711)
(374, 111, 76118)
(374, 24, 39358)
(374, 236, 55294)
(374, 305, 53490)
(374, 121, 35022)
(374, 329, 86789)
(374, 226, 91618)
(374, 356, 26044)
(374, 358, 37843)
(374, 331, 88892)
(374, 355, 31918)
(374, 212, 64415)
(374, 131, 57071)
(374, 66, 1199)
(374, 45, 83547)
(374, 8, 41610)
(374, 330, 86168)
(374, 79, 36362)
(374, 187, 53950)
(374, 256, 37631)
(374, 251, 16196)
(374, 248, 9058)
(374, 348, 37245)
(374, 280, 37584)
(374, 286, 2768)
(374, 222, 32043)
(374, 366, 83537)
(374, 309, 67064)
(374, 69, 36158)
(374, 216, 4516)
(374, 100, 86137)
(374, 244, 36262)
(374, 362, 61954)
(374, 344, 57666)
(374, 48, 74862)
(374, 170, 84522)
(374, 168, 97184)
(374, 164, 851)
(374, 167, 32718)
(374, 194, 18615)
(374, 275, 93362)
(374, 365, 47396)
(374, 314, 15172)
(374, 307, 66325)
(374, 29, 56399)
(374, 247, 13666)
(374, 225, 82282)
(374, 134, 46885)
(374, 148, 54322)
(374, 255, 42086)
(374, 78, 18149)
(374, 351, 81178)
(374, 152, 54996)
(374, 258, 21795)
(374, 161, 53060)
(374, 253, 23225)
(374, 162, 29912)
(374, 73, 3432)
(374, 304, 11879)
(374, 20, 4149)
(374, 341, 25847)
(374, 357, 47456)
(374, 61, 76048)
(374, 60, 3175)
(374, 132, 49617)
(374, 333, 38869)
(374, 179, 31003)
(374, 165, 57760)
(374, 359, 69489)
(374, 240, 3402)
(374, 172, 98542)
(374, 299, 84783)
(374, 228, 672)
(374, 25, 22640)
(374, 106, 91899)
(374, 281, 7138)
(374, 188, 98036)
(374, 41, 11610)
(374, 84, 58365)
(374, 296, 74737)
(374, 70, 27518)
(374, 371, 22890)
(374, 207, 95579)
(374, 233, 25493)
(374, 19, 61986)
(374, 204, 62490)
(374, 210, 3827)
(374, 264, 87382)
(374, 43, 78798)
(374, 315, 24011)
(374, 334, 60579)
(374, 105, 24294)
(374, 189, 43209)
(374, 353, 98472)
(374, 50, 14433)
(374, 269, 82474)
(374, 115, 29554)
(374, 302, 4790)
(374, 312, 92952)
(374, 63, 46762)
(374, 340, 33603)
(374, 325, 67672)
(374, 252, 808)
(374, 23, 97602)
(374, 96, 15413)
(374, 354, 97958)
(374, 64, 83275)
(374, 108, 23196)
(374, 57, 79472)
(374, 138, 9972)
(374, 110, 51722)
(374, 321, 40494)
(374, 265, 55077)
(374, 26, 25781)
(374, 261, 20339)
(374, 313, 39607)
(374, 142, 44953)
(374, 249, 20708)
(374, 310, 39984)
(374, 300, 23309)
(374, 254, 32361)
(374, 266, 93056)
(374, 49, 26954)
(374, 107, 46803)
(374, 246, 84644)
(374, 144, 38487)
(374, 143, 5678)
(374, 92, 61411)
(374, 123, 99026)
(374, 102, 19148)
(374, 62, 65111)
(374, 40, 80064)
(374, 215, 11580)
(374, 173, 61798)
(374, 13, 15529)
(374, 72, 23968)
(374, 193, 18692)
(374, 74, 62331)
(374, 205, 92637)
(374, 42, 94446)
(374, 238, 30667)
(374, 16, 84875)
(374, 151, 74127)
(374, 283, 5296)
(374, 192, 97998)
(374, 177, 47058)
(374, 178, 31008)
(374, 163, 6313)
(374, 217, 4812)
(374, 245, 11308)
(374, 37, 15279)
(374, 293, 34853)
(374, 129, 98646)
(374, 171, 31284)
(374, 278, 11788)
(374, 101, 44494)
(374, 56, 55837)
(374, 220, 13414)
(374, 109, 73059)
(374, 128, 90170)
(374, 322, 2286)
(374, 157, 4099)
(374, 196, 39622)
(374, 99, 40404)
(374, 221, 62431)
(374, 218, 5694)
(374, 352, 10875)
(374, 28, 32214)
(374, 360, 96379)
(374, 250, 20029)
(374, 51, 76256)
(374, 209, 12766)
(374, 370, 95565)
(374, 239, 70417)
(374, 213, 65847)
(374, 288, 79954)
(374, 98, 50664)
(374, 364, 23755)
(374, 237, 68681)
(374, 282, 97950)
(374, 230, 83419)
(374, 154, 14520)
(374, 30, 36072)
(374, 156, 55553)
(374, 276, 39157)
(374, 53, 23813)
(374, 35, 79005)
(374, 274, 29814)
(374, 2, 7146)
(374, 55, 79259)
(374, 3, 71540)
(374, 372, 34618)
(374, 316, 12946)
(374, 262, 36349)
(374, 320, 5026)
(374, 119, 6050)
(374, 337, 46418)
(374, 166, 65959)
(374, 22, 40272)
(374, 1, 90108)
(374, 342, 90648)
(374, 0, 69090)
(374, 291, 25040)
(374, 190, 59597)
(374, 272, 88525)
(374, 186, 62755)
(374, 86, 26045)
(374, 34, 8126)
(374, 368, 12473)
(374, 118, 59896)
(374, 267, 33349)
(374, 75, 33481)
(374, 176, 65882)
(374, 71, 41358)
(374, 169, 17433)
(374, 203, 31690)
(374, 347, 81705)
(374, 263, 8414)
(374, 279, 97626)
(374, 271, 12734)
(374, 319, 4522)
(374, 338, 49575)
(374, 68, 92094)
(374, 11, 4762)
(374, 158, 37586)
(374, 117, 16551)
(374, 160, 3504)
(374, 373, 47624)
(374, 335, 74376)
(374, 44, 80904)
(374, 185, 71404)
(374, 232, 53508)
(374, 97, 89283)
(374, 47, 5101)
(374, 339, 48268)
(374, 214, 29822)
(374, 191, 42344)
(374, 95, 89691)
(374, 136, 5715)
(374, 181, 26213)
(374, 153, 31866)
(374, 349, 88534)
(374, 294, 53161)
(374, 147, 12511)
(374, 14, 74893)
(374, 284, 66150)
(374, 197, 52326)
(374, 141, 53985)
(374, 87, 74783)
(374, 260, 51989)
(374, 5, 68634)
(374, 7, 20552)
(374, 318, 35400)
(374, 231, 46829)
(374, 9, 42867)
(374, 332, 63439)
(375, 36, 61198)
(375, 121, 57777)
(375, 145, 23111)
(375, 300, 40977)
(375, 230, 9708)
(375, 334, 39380)
(375, 251, 78000)
(375, 370, 3183)
(375, 236, 28232)
(375, 303, 96549)
(375, 279, 63406)
(375, 354, 73056)
(375, 275, 95697)
(375, 18, 20784)
(375, 245, 50985)
(375, 234, 82762)
(375, 86, 77637)
(375, 296, 5552)
(375, 151, 92889)
(375, 197, 50461)
(375, 113, 80248)
(375, 358, 46701)
(375, 46, 55519)
(375, 174, 18812)
(375, 242, 62315)
(375, 156, 11102)
(375, 27, 53448)
(375, 280, 51282)
(375, 271, 92544)
(375, 125, 49274)
(375, 182, 75275)
(375, 19, 2414)
(375, 85, 37290)
(375, 180, 95092)
(375, 219, 17329)
(375, 261, 76542)
(375, 7, 56899)
(375, 107, 1219)
(375, 361, 27349)
(375, 112, 58182)
(375, 198, 100069)
(375, 12, 75645)
(375, 336, 86614)
(375, 298, 239)
(375, 152, 99630)
(375, 64, 46735)
(375, 247, 55968)
(375, 338, 57155)
(375, 327, 58236)
(375, 137, 9609)
(375, 100, 47016)
(375, 102, 74504)
(375, 104, 82009)
(375, 187, 8276)
(375, 367, 91800)
(375, 87, 72201)
(375, 55, 4194)
(375, 248, 90409)
(375, 15, 73837)
(375, 215, 25993)
(375, 250, 33560)
(375, 295, 41148)
(375, 99, 37419)
(375, 328, 30999)
(375, 44, 11431)
(375, 162, 17703)
(375, 80, 97082)
(375, 191, 86773)
(375, 273, 27174)
(375, 290, 66323)
(375, 11, 70968)
(375, 190, 62497)
(375, 45, 89963)
(375, 337, 97684)
(375, 205, 20247)
(375, 167, 303)
(375, 164, 63723)
(375, 143, 47286)
(375, 363, 19237)
(375, 268, 9925)
(375, 359, 8842)
(375, 28, 48158)
(375, 93, 11412)
(375, 362, 37374)
(375, 166, 41695)
(375, 281, 76494)
(375, 106, 65135)
(375, 154, 84595)
(375, 204, 37888)
(375, 183, 98940)
(375, 289, 71981)
(375, 171, 97062)
(375, 217, 68789)
(375, 124, 56543)
(375, 9, 74888)
(375, 158, 21353)
(375, 90, 95566)
(375, 200, 54038)
(375, 357, 97688)
(375, 150, 97925)
(375, 372, 39654)
(375, 149, 74532)
(375, 238, 44246)
(375, 301, 62831)
(375, 364, 82022)
(375, 168, 66162)
(375, 148, 89993)
(375, 160, 504)
(375, 210, 64944)
(375, 75, 97687)
(375, 201, 48552)
(375, 13, 30199)
(375, 59, 94793)
(375, 176, 82343)
(375, 252, 66438)
(375, 240, 86907)
(375, 208, 14982)
(375, 332, 85052)
(375, 315, 32749)
(375, 352, 76426)
(375, 47, 53193)
(375, 172, 60674)
(375, 218, 46360)
(375, 237, 33849)
(375, 258, 16405)
(375, 131, 85365)
(375, 122, 30759)
(375, 287, 92046)
(375, 32, 42589)
(375, 283, 82349)
(375, 76, 57643)
(375, 232, 61134)
(375, 109, 43569)
(375, 324, 54157)
(375, 179, 79962)
(375, 94, 60908)
(375, 263, 26419)
(375, 4, 68839)
(375, 270, 65842)
(375, 81, 46250)
(375, 331, 92767)
(375, 161, 57695)
(375, 272, 67577)
(375, 16, 87063)
(375, 229, 4388)
(375, 347, 93504)
(375, 257, 56876)
(375, 69, 91727)
(375, 29, 23551)
(375, 128, 19451)
(375, 259, 8732)
(375, 130, 44909)
(375, 23, 47888)
(375, 299, 6122)
(376, 90, 19036)
(376, 294, 81863)
(376, 22, 5059)
(376, 244, 90848)
(376, 322, 83461)
(376, 319, 48914)
(376, 214, 99397)
(376, 308, 55629)
(376, 284, 20041)
(376, 342, 95527)
(376, 137, 59242)
(376, 315, 74201)
(376, 99, 581)
(376, 44, 94266)
(376, 1, 68810)
(376, 356, 2248)
(376, 46, 95355)
(376, 142, 48238)
(376, 35, 39003)
(376, 109, 78255)
(376, 232, 81014)
(376, 43, 58003)
(376, 272, 73342)
(376, 165, 64011)
(376, 341, 81721)
(376, 102, 56328)
(376, 249, 73177)
(376, 156, 98149)
(376, 188, 67543)
(376, 112, 19072)
(376, 372, 14997)
(376, 10, 66099)
(376, 247, 53632)
(376, 48, 98733)
(376, 259, 69416)
(376, 295, 3712)
(376, 157, 69194)
(376, 30, 43527)
(376, 318, 7963)
(376, 42, 88089)
(376, 113, 60504)
(376, 242, 30713)
(376, 160, 62179)
(376, 106, 7818)
(376, 191, 85059)
(376, 278, 83544)
(376, 175, 69150)
(376, 152, 27851)
(376, 299, 11836)
(376, 233, 67994)
(376, 330, 14396)
(376, 128, 26233)
(376, 305, 55560)
(376, 224, 96914)
(376, 121, 80325)
(376, 344, 74981)
(376, 248, 60090)
(376, 343, 29330)
(376, 201, 50142)
(376, 340, 34259)
(376, 205, 38571)
(376, 21, 29054)
(376, 240, 47455)
(376, 51, 62571)
(376, 237, 51379)
(376, 271, 56749)
(376, 370, 99416)
(376, 210, 14061)
(376, 367, 88664)
(376, 298, 58125)
(376, 303, 58758)
(376, 351, 73892)
(376, 76, 34747)
(376, 45, 9953)
(376, 264, 50713)
(376, 138, 86881)
(376, 149, 35497)
(376, 23, 8070)
(376, 26, 31125)
(376, 64, 85078)
(376, 61, 36763)
(376, 326, 98533)
(376, 231, 97518)
(376, 263, 36254)
(376, 148, 18135)
(376, 11, 89272)
(376, 213, 27713)
(376, 2, 47227)
(376, 89, 42895)
(376, 236, 55304)
(376, 362, 3060)
(376, 33, 88256)
(376, 101, 96972)
(376, 9, 72674)
(376, 75, 43818)
(376, 215, 20618)
(376, 337, 32471)
(376, 266, 61744)
(376, 41, 14503)
(376, 53, 11170)
(376, 254, 90582)
(376, 154, 67259)
(376, 159, 59645)
(376, 12, 73294)
(376, 335, 4557)
(376, 115, 60641)
(376, 95, 76362)
(376, 286, 6748)
(376, 366, 41460)
(376, 117, 62472)
(376, 189, 4239)
(376, 320, 98694)
(376, 329, 7172)
(376, 346, 2605)
(376, 56, 57633)
(376, 110, 95211)
(376, 273, 17113)
(376, 164, 60535)
(376, 302, 34807)
(376, 34, 59489)
(376, 185, 8534)
(376, 55, 27823)
(376, 296, 39444)
(376, 20, 58154)
(376, 192, 18306)
(376, 195, 53495)
(376, 316, 39224)
(376, 203, 33549)
(376, 8, 82516)
(376, 29, 42983)
(376, 83, 21917)
(376, 324, 63577)
(376, 80, 21239)
(376, 223, 32989)
(376, 155, 52236)
(376, 87, 83993)
(376, 358, 70947)
(376, 139, 76641)
(376, 352, 2426)
(376, 5, 59737)
(376, 31, 15400)
(376, 274, 33030)
(376, 111, 96532)
(376, 307, 26272)
(376, 169, 79040)
(376, 225, 58862)
(376, 171, 62954)
(376, 150, 11868)
(376, 132, 23458)
(376, 269, 19199)
(376, 314, 43263)
(376, 19, 1045)
(376, 235, 40009)
(376, 153, 13017)
(376, 180, 94500)
(376, 127, 27571)
(376, 141, 75682)
(376, 323, 46425)
(376, 280, 95319)
(376, 125, 39845)
(376, 261, 11107)
(376, 243, 68593)
(376, 163, 75811)
(376, 190, 13978)
(376, 129, 99923)
(376, 221, 9515)
(376, 268, 98157)
(376, 371, 61697)
(376, 40, 52217)
(376, 182, 99024)
(376, 28, 29962)
(376, 327, 45628)
(376, 334, 11808)
(376, 77, 51447)
(376, 100, 70607)
(376, 252, 56879)
(376, 245, 21179)
(376, 94, 29812)
(376, 338, 100258)
(376, 27, 9789)
(376, 348, 33522)
(376, 285, 30276)
(376, 50, 87394)
(376, 98, 34481)
(376, 67, 48357)
(376, 328, 21908)
(376, 369, 33827)
(376, 359, 27980)
(376, 290, 40458)
(376, 304, 98410)
(376, 229, 90370)
(376, 270, 15840)
(376, 267, 80467)
(376, 345, 62743)
(376, 291, 11011)
(376, 167, 15386)
(376, 350, 18894)
(376, 251, 93659)
(376, 168, 30463)
(376, 68, 67197)
(376, 200, 88365)
(376, 365, 26007)
(376, 279, 64164)
(376, 208, 5483)
(376, 135, 99494)
(376, 59, 70822)
(376, 18, 98140)
(376, 54, 29612)
(376, 300, 38361)
(376, 292, 52448)
(376, 14, 94078)
(376, 193, 60065)
(376, 226, 98019)
(376, 66, 39634)
(376, 85, 8106)
(376, 198, 18771)
(376, 196, 18825)
(376, 124, 76693)
(376, 158, 75083)
(376, 282, 7870)
(376, 136, 56779)
(376, 184, 72317)
(376, 281, 58806)
(376, 104, 26757)
(376, 207, 90914)
(376, 73, 4361)
(376, 146, 67542)
(376, 177, 28642)
(376, 204, 67917)
(376, 336, 26489)
(376, 239, 49657)
(376, 253, 50096)
(376, 86, 5444)
(376, 107, 7276)
(376, 4, 70744)
(376, 173, 76528)
(376, 170, 39926)
(376, 36, 18571)
(376, 197, 2939)
(376, 353, 29364)
(376, 7, 12857)
(376, 126, 67921)
(376, 317, 23204)
(376, 321, 72693)
(376, 134, 40533)
(376, 84, 41068)
(376, 123, 73991)
(376, 206, 58756)
(376, 108, 49204)
(376, 209, 2408)
(376, 70, 81187)
(376, 178, 30490)
(376, 120, 46466)
(376, 81, 97547)
(376, 130, 8301)
(376, 91, 88908)
(377, 177, 27323)
(377, 60, 5379)
(377, 168, 57379)
(377, 58, 51504)
(377, 92, 23988)
(377, 65, 28290)
(377, 20, 84529)
(377, 273, 52337)
(377, 300, 33829)
(377, 280, 56363)
(377, 111, 25335)
(377, 28, 32407)
(377, 201, 59478)
(377, 192, 77611)
(377, 306, 71827)
(377, 12, 84458)
(377, 175, 43762)
(377, 42, 56634)
(377, 246, 93000)
(377, 159, 32172)
(377, 274, 80335)
(377, 279, 38362)
(377, 360, 24519)
(378, 202, 80268)
(378, 244, 78197)
(378, 245, 97416)
(378, 148, 68338)
(378, 361, 46159)
(378, 40, 43492)
(378, 163, 84382)
(378, 362, 75098)
(378, 58, 97923)
(378, 21, 5643)
(378, 182, 87038)
(378, 238, 4679)
(378, 350, 78184)
(378, 305, 93769)
(378, 212, 32420)
(378, 105, 45198)
(378, 119, 39677)
(378, 65, 60361)
(378, 330, 94097)
(378, 123, 16575)
(378, 36, 38320)
(378, 178, 33902)
(378, 248, 55932)
(378, 300, 40106)
(378, 10, 91160)
(378, 169, 98772)
(378, 363, 59226)
(378, 274, 94021)
(378, 358, 51185)
(378, 277, 34884)
(378, 62, 73690)
(378, 60, 45609)
(378, 120, 60573)
(378, 295, 99691)
(378, 146, 8971)
(378, 6, 27143)
(378, 324, 25381)
(378, 51, 28373)
(378, 77, 26033)
(378, 35, 25498)
(378, 213, 18387)
(378, 130, 79129)
(378, 196, 72256)
(378, 346, 60657)
(378, 64, 25380)
(378, 249, 54166)
(378, 179, 29074)
(378, 127, 98680)
(378, 201, 5743)
(378, 42, 93832)
(378, 140, 51928)
(378, 354, 26589)
(378, 353, 23754)
(378, 206, 74196)
(378, 204, 6474)
(378, 141, 33399)
(378, 262, 32235)
(378, 76, 73627)
(378, 369, 36261)
(378, 129, 76565)
(378, 15, 33101)
(378, 323, 60215)
(378, 352, 33197)
(378, 44, 92577)
(378, 187, 77449)
(378, 4, 13450)
(378, 82, 25232)
(378, 285, 96024)
(378, 290, 18891)
(378, 23, 39135)
(378, 338, 59202)
(378, 134, 99284)
(378, 183, 65900)
(378, 188, 50554)
(378, 366, 54473)
(378, 331, 69015)
(378, 247, 69684)
(378, 191, 54477)
(378, 306, 92411)
(378, 308, 61017)
(378, 69, 47819)
(378, 332, 10082)
(378, 288, 72575)
(378, 251, 27394)
(378, 279, 8601)
(378, 303, 18583)
(378, 66, 85710)
(378, 275, 28003)
(378, 98, 68773)
(378, 168, 88040)
(378, 181, 56046)
(378, 292, 68480)
(378, 374, 9879)
(378, 370, 49630)
(378, 50, 18953)
(378, 325, 53182)
(378, 228, 16461)
(378, 108, 54899)
(378, 336, 35649)
(378, 280, 44612)
(378, 223, 3634)
(378, 3, 37768)
(378, 298, 26916)
(378, 59, 93196)
(378, 30, 79903)
(378, 149, 85305)
(378, 33, 3706)
(378, 156, 44356)
(378, 243, 86555)
(378, 219, 15110)
(378, 161, 84911)
(378, 165, 57806)
(378, 26, 11989)
(378, 38, 2947)
(378, 48, 59628)
(378, 198, 83982)
(378, 160, 95219)
(378, 278, 40157)
(378, 74, 12360)
(378, 194, 9819)
(378, 46, 70656)
(378, 49, 78132)
(378, 61, 78839)
(378, 111, 15851)
(378, 121, 23591)
(378, 252, 65249)
(378, 173, 18842)
(378, 216, 2486)
(378, 110, 4018)
(378, 125, 90445)
(378, 343, 67437)
(378, 307, 34806)
(378, 333, 68195)
(378, 301, 11244)
(378, 133, 89877)
(378, 31, 73431)
(378, 192, 17302)
(378, 184, 70068)
(378, 227, 98086)
(378, 368, 84912)
(378, 287, 10859)
(378, 237, 4888)
(378, 286, 70092)
(378, 203, 92524)
(378, 235, 57563)
(378, 349, 71224)
(379, 293, 25)
(379, 117, 88785)
(379, 168, 41034)
(379, 241, 33372)
(379, 36, 89108)
(379, 365, 1276)
(379, 306, 56823)
(379, 167, 19649)
(379, 260, 86201)
(379, 218, 15497)
(379, 19, 94362)
(379, 209, 96604)
(379, 191, 94716)
(380, 149, 76892)
(380, 320, 57242)
(380, 104, 70483)
(380, 21, 84653)
(380, 32, 77290)
(380, 275, 97704)
(380, 164, 52417)
(380, 304, 40152)
(380, 137, 15953)
(380, 157, 96751)
(380, 55, 56382)
(380, 158, 54101)
(380, 247, 36473)
(380, 40, 81699)
(380, 317, 51251)
(380, 296, 13854)
(380, 174, 16982)
(380, 92, 32547)
(380, 277, 11252)
(380, 333, 45836)
(380, 316, 44418)
(380, 306, 72054)
(380, 249, 48659)
(380, 167, 29736)
(380, 117, 62781)
(380, 219, 50052)
(380, 351, 96147)
(380, 375, 16876)
(380, 372, 71070)
(380, 36, 88819)
(380, 78, 26269)
(380, 318, 12736)
(380, 74, 82437)
(380, 114, 31936)
(380, 75, 50847)
(380, 6, 15795)
(380, 72, 91506)
(380, 182, 12628)
(380, 4, 29039)
(380, 349, 30894)
(380, 179, 44259)
(380, 51, 40884)
(380, 342, 76125)
(380, 119, 38343)
(380, 276, 87818)
(380, 258, 47907)
(380, 354, 13073)
(380, 251, 17506)
(380, 35, 94502)
(380, 29, 77476)
(380, 133, 26249)
(380, 346, 80310)
(380, 210, 20540)
(380, 192, 91801)
(380, 175, 99831)
(380, 199, 86484)
(380, 240, 67043)
(380, 73, 83032)
(380, 295, 31408)
(380, 261, 87605)
(380, 257, 55483)
(380, 131, 42287)
(380, 309, 4715)
(380, 225, 73276)
(380, 3, 16778)
(380, 120, 20706)
(380, 169, 13610)
(380, 183, 24919)
(380, 152, 64758)
(380, 202, 14356)
(380, 186, 86412)
(380, 163, 51717)
(380, 159, 73659)
(380, 203, 74406)
(380, 189, 44627)
(380, 155, 100173)
(380, 224, 64823)
(380, 88, 69494)
(380, 50, 695)
(380, 142, 100158)
(380, 280, 88875)
(380, 289, 83752)
(380, 34, 9364)
(380, 154, 4363)
(380, 93, 68948)
(380, 166, 28046)
(380, 91, 55858)
(380, 222, 16873)
(380, 290, 53239)
(380, 46, 75979)
(380, 8, 45656)
(380, 214, 81418)
(380, 30, 75145)
(380, 153, 30025)
(380, 124, 68095)
(380, 228, 83378)
(380, 47, 91621)
(380, 38, 88652)
(380, 303, 48477)
(380, 297, 11663)
(380, 112, 3104)
(380, 313, 67204)
(380, 23, 1860)
(380, 129, 12319)
(380, 25, 40359)
(380, 94, 37745)
(380, 87, 46207)
(380, 229, 88843)
(380, 71, 20257)
(380, 191, 90378)
(380, 83, 23873)
(380, 89, 20491)
(380, 77, 4962)
(380, 286, 47473)
(380, 322, 40985)
(380, 161, 30218)
(380, 2, 1339)
(380, 355, 31172)
(380, 344, 36119)
(380, 64, 72814)
(380, 125, 77169)
(380, 12, 92580)
(380, 217, 5371)
(380, 326, 21742)
(380, 356, 80456)
(380, 213, 98677)
(380, 195, 13787)
(380, 49, 79047)
(380, 363, 88486)
(380, 337, 66412)
(380, 96, 71325)
(380, 132, 36247)
(380, 368, 8713)
(380, 256, 73704)
(380, 312, 61593)
(380, 314, 41061)
(380, 98, 3473)
(380, 359, 59275)
(380, 243, 64900)
(380, 33, 49961)
(380, 345, 8932)
(380, 194, 12749)
(380, 58, 96682)
(380, 48, 62545)
(380, 376, 18290)
(380, 377, 63077)
(380, 282, 51217)
(380, 347, 11735)
(380, 235, 15778)
(380, 237, 37639)
(380, 196, 100105)
(380, 62, 6013)
(380, 352, 58149)
(380, 54, 40682)
(380, 262, 31858)
(380, 336, 40433)
(380, 321, 21052)
(380, 26, 46710)
(380, 265, 19869)
(380, 250, 22855)
(380, 364, 86453)
(380, 156, 39851)
(380, 221, 100160)
(380, 204, 126)
(381, 11, 81277)
(381, 312, 33035)
(381, 6, 37073)
(381, 283, 52028)
(381, 205, 73807)
(381, 77, 13913)
(381, 90, 51495)
(381, 182, 73165)
(381, 70, 10529)
(381, 346, 83685)
(381, 10, 54414)
(381, 178, 54558)
(381, 29, 93301)
(381, 14, 45804)
(381, 320, 77645)
(381, 272, 46578)
(381, 246, 46151)
(381, 46, 50460)
(381, 369, 34800)
(381, 265, 7023)
(381, 286, 70138)
(381, 343, 565)
(381, 20, 18845)
(381, 173, 64592)
(381, 259, 27189)
(381, 137, 24968)
(381, 53, 4093)
(381, 68, 51197)
(381, 337, 80194)
(381, 184, 45558)
(381, 197, 57670)
(381, 223, 34256)
(381, 143, 4928)
(381, 304, 13406)
(381, 142, 4814)
(381, 282, 91084)
(381, 18, 66471)
(381, 308, 60864)
(381, 40, 77374)
(381, 200, 29115)
(381, 111, 77090)
(381, 289, 70850)
(381, 267, 25629)
(381, 98, 77105)
(381, 176, 19847)
(381, 206, 84508)
(381, 292, 51214)
(381, 35, 30139)
(381, 208, 72828)
(381, 37, 44452)
(381, 219, 7061)
(381, 30, 81283)
(381, 84, 84879)
(381, 34, 62438)
(381, 3, 90087)
(381, 287, 37763)
(381, 373, 14712)
(381, 50, 22145)
(381, 118, 54829)
(381, 323, 3121)
(381, 303, 71112)
(381, 150, 34324)
(381, 80, 72489)
(381, 87, 47254)
(381, 296, 8813)
(381, 139, 8185)
(381, 336, 58930)
(381, 172, 71413)
(381, 242, 98856)
(381, 270, 93134)
(381, 67, 6555)
(381, 347, 42030)
(381, 281, 27844)
(381, 179, 63085)
(381, 252, 55640)
(381, 59, 86693)
(381, 224, 4341)
(381, 105, 63272)
(381, 187, 95399)
(381, 144, 60355)
(381, 25, 100241)
(381, 204, 96161)
(381, 81, 92716)
(381, 183, 74948)
(381, 148, 93937)
(381, 4, 25685)
(381, 96, 87097)
(381, 318, 76782)
(381, 171, 60038)
(381, 146, 81709)
(381, 341, 15118)
(381, 228, 97972)
(381, 175, 48267)
(381, 107, 25376)
(381, 250, 43143)
(381, 158, 95474)
(381, 43, 11744)
(381, 217, 69917)
(381, 222, 70192)
(381, 117, 27015)
(381, 28, 76544)
(381, 162, 46454)
(381, 349, 70895)
(381, 319, 78993)
(381, 235, 97186)
(381, 132, 48271)
(381, 65, 78157)
(381, 56, 77707)
(381, 177, 32445)
(381, 276, 29245)
(381, 215, 85414)
(381, 145, 29732)
(381, 31, 63141)
(381, 61, 52104)
(381, 356, 64132)
(381, 27, 5843)
(381, 233, 24339)
(381, 123, 17392)
(381, 378, 59731)
(381, 358, 31404)
(381, 363, 17176)
(381, 120, 97073)
(381, 220, 60450)
(381, 236, 84480)
(381, 214, 43463)
(381, 83, 60156)
(381, 66, 99486)
(381, 72, 80014)
(381, 344, 44814)
(381, 154, 78350)
(381, 39, 76920)
(381, 311, 39610)
(381, 166, 46556)
(381, 110, 86282)
(381, 335, 57152)
(381, 170, 73057)
(381, 127, 71761)
(381, 141, 73941)
(381, 193, 31333)
(381, 190, 77592)
(381, 8, 1862)
(381, 153, 17217)
(381, 353, 82373)
(381, 357, 98127)
(381, 298, 16915)
(381, 140, 37356)
(381, 58, 71018)
(381, 245, 64438)
(381, 15, 91589)
(381, 125, 16787)
(381, 239, 85928)
(381, 165, 71652)
(381, 221, 58575)
(381, 340, 43888)
(381, 322, 25911)
(381, 100, 29916)
(381, 133, 94518)
(381, 225, 77886)
(381, 280, 63123)
(381, 366, 90810)
(381, 370, 7902)
(381, 332, 78544)
(381, 367, 78922)
(381, 271, 48875)
(381, 185, 9134)
(381, 116, 72367)
(381, 155, 40471)
(381, 92, 14823)
(381, 22, 19100)
(381, 49, 82460)
(381, 368, 81109)
(381, 300, 88436)
(381, 209, 56894)
(381, 211, 45241)
(381, 76, 75837)
(381, 1, 87784)
(381, 260, 92096)
(381, 350, 54182)
(381, 305, 6564)
(381, 328, 29332)
(381, 191, 4397)
(381, 134, 30852)
(381, 63, 28261)
(381, 216, 18371)
(381, 354, 32874)
(381, 26, 19170)
(381, 266, 87648)
(381, 130, 55462)
(381, 156, 28030)
(381, 45, 1330)
(381, 19, 32725)
(381, 189, 58690)
(381, 202, 56316)
(381, 93, 91563)
(381, 88, 18170)
(381, 198, 76852)
(381, 5, 87044)
(381, 345, 8921)
(381, 97, 8426)
(381, 240, 27067)
(381, 331, 67702)
(381, 94, 11702)
(381, 327, 81170)
(381, 321, 44542)
(381, 85, 14766)
(381, 316, 54084)
(381, 126, 31905)
(381, 16, 52010)
(381, 112, 37096)
(381, 314, 65994)
(381, 374, 27233)
(381, 21, 40450)
(381, 157, 95417)
(381, 101, 44644)
(381, 288, 40270)
(381, 290, 50619)
(381, 247, 47263)
(381, 12, 32323)
(381, 102, 86606)
(381, 42, 49741)
(381, 375, 13029)
(381, 60, 70978)
(381, 99, 47365)
(381, 131, 45847)
(381, 278, 86101)
(381, 168, 19187)
(381, 113, 14714)
(381, 263, 39104)
(381, 78, 55669)
(381, 352, 45973)
(381, 284, 8187)
(381, 122, 93081)
(381, 192, 28119)
(381, 234, 50214)
(381, 74, 43929)
(381, 159, 95896)
(381, 257, 11988)
(381, 376, 25814)
(381, 147, 5814)
(381, 285, 13104)
(381, 253, 46510)
(381, 365, 7358)
(381, 334, 92919)
(381, 277, 93224)
(381, 364, 67373)
(381, 338, 87239)
(381, 188, 40451)
(381, 75, 89699)
(381, 229, 30878)
(381, 41, 48883)
(381, 161, 43625)
(382, 328, 77025)
(382, 369, 87670)
(382, 44, 40876)
(382, 299, 22227)
(382, 32, 77475)
(382, 261, 17620)
(382, 288, 13521)
(382, 49, 30173)
(382, 262, 19428)
(382, 273, 26172)
(382, 366, 12303)
(382, 295, 35924)
(382, 60, 54217)
(382, 124, 14681)
(382, 234, 73457)
(382, 281, 3792)
(382, 137, 23427)
(382, 57, 96746)
(382, 154, 12582)
(382, 94, 42188)
(382, 151, 8297)
(382, 169, 13382)
(382, 283, 89365)
(382, 133, 62382)
(382, 244, 75774)
(382, 188, 2562)
(382, 274, 1676)
(382, 145, 10792)
(382, 25, 55700)
(382, 58, 48762)
(382, 89, 30768)
(382, 320, 14604)
(382, 217, 93188)
(382, 272, 65527)
(382, 65, 17266)
(382, 18, 17169)
(382, 87, 28865)
(382, 38, 30279)
(383, 368, 5080)
(383, 200, 28737)
(383, 225, 21673)
(383, 370, 7961)
(383, 254, 53843)
(383, 323, 77879)
(383, 295, 29239)
(383, 139, 33440)
(383, 258, 90381)
(383, 108, 11564)
(383, 132, 33576)
(383, 188, 93633)
(383, 175, 40813)
(383, 148, 38193)
(383, 50, 820)
(383, 326, 2686)
(383, 214, 97737)
(383, 294, 5502)
(383, 299, 43947)
(383, 196, 65169)
(383, 34, 73133)
(383, 170, 18433)
(383, 292, 58265)
(383, 267, 66449)
(383, 185, 36337)
(383, 286, 41383)
(383, 169, 96944)
(383, 296, 11061)
(383, 382, 41901)
(383, 356, 89093)
(384, 64, 83459)
(384, 305, 91705)
(384, 371, 93371)
(384, 56, 82600)
(384, 359, 29856)
(384, 108, 54203)
(384, 33, 46028)
(384, 63, 20560)
(384, 154, 83498)
(384, 90, 94048)
(384, 331, 84663)
(384, 176, 2473)
(384, 383, 82935)
(384, 238, 89302)
(384, 365, 2047)
(384, 314, 6940)
(384, 276, 14336)
(384, 278, 63074)
(384, 164, 23287)
(384, 275, 6494)
(384, 203, 38204)
(384, 308, 78428)
(384, 101, 39849)
(384, 338, 64391)
(384, 126, 30239)
(384, 217, 94355)
(384, 25, 57350)
(384, 269, 69754)
(384, 368, 45453)
(384, 282, 91632)
(384, 290, 13211)
(384, 180, 53580)
(384, 284, 23182)
(384, 54, 56528)
(384, 302, 88199)
(384, 16, 4580)
(384, 49, 47330)
(384, 3, 83069)
(384, 352, 42719)
(384, 157, 79020)
(384, 84, 60973)
(384, 247, 13812)
(384, 313, 66614)
(384, 227, 64954)
(384, 253, 19223)
(384, 114, 81606)
(384, 156, 47141)
(384, 162, 18227)
(384, 364, 73872)
(384, 285, 67072)
(384, 73, 39803)
(384, 268, 72533)
(384, 37, 39684)
(384, 5, 47355)
(384, 347, 76775)
(384, 96, 825)
(384, 215, 88546)
(384, 179, 93432)
(384, 104, 19710)
(384, 184, 70762)
(384, 44, 62992)
(384, 306, 67776)
(384, 333, 91696)
(384, 124, 53187)
(384, 99, 79267)
(384, 20, 40035)
(384, 137, 58780)
(384, 107, 42125)
(384, 382, 22079)
(384, 329, 47744)
(384, 297, 46926)
(384, 190, 816)
(384, 367, 81918)
(384, 265, 46162)
(384, 89, 43003)
(384, 182, 34906)
(384, 204, 86699)
(384, 48, 14182)
(384, 71, 91115)
(384, 29, 5703)
(384, 292, 91124)
(384, 337, 53012)
(384, 250, 98965)
(384, 289, 20705)
(384, 78, 13134)
(384, 301, 60635)
(384, 74, 12905)
(384, 280, 70122)
(384, 274, 36781)
(384, 47, 2571)
(384, 98, 78471)
(384, 116, 52215)
(384, 264, 70997)
(384, 167, 37990)
(384, 24, 46205)
(384, 160, 18775)
(384, 165, 40293)
(384, 271, 32312)
(384, 172, 10289)
(384, 328, 38569)
(384, 220, 22150)
(384, 240, 52687)
(384, 140, 90639)
(384, 102, 36115)
(384, 35, 27177)
(384, 22, 78943)
(384, 348, 69373)
(384, 202, 96790)
(384, 45, 33551)
(384, 187, 35010)
(384, 310, 90672)
(384, 30, 87720)
(384, 327, 57274)
(384, 0, 23400)
(384, 330, 5377)
(384, 303, 59488)
(384, 358, 97015)
(384, 344, 20992)
(384, 68, 29765)
(384, 380, 29502)
(384, 270, 22355)
(384, 355, 44677)
(384, 230, 11589)
(384, 206, 59967)
(384, 263, 55117)
(384, 228, 37467)
(384, 252, 28481)
(384, 307, 70156)
(384, 53, 902)
(384, 213, 44265)
(384, 173, 99529)
(384, 218, 28785)
(384, 79, 67658)
(384, 304, 60064)
(384, 376, 29934)
(384, 312, 11017)
(384, 309, 50341)
(384, 145, 17381)
(384, 13, 41548)
(384, 296, 28258)
(384, 70, 53440)
(384, 43, 93887)
(384, 258, 20554)
(384, 196, 43283)
(384, 153, 11863)
(384, 246, 30298)
(384, 279, 68171)
(384, 335, 29811)
(384, 257, 32097)
(384, 219, 86162)
(384, 120, 85963)
(384, 349, 43234)
(384, 334, 59165)
(384, 221, 53734)
(384, 138, 69241)
(384, 174, 78916)
(384, 350, 78575)
(384, 379, 54490)
(384, 18, 8015)
(384, 262, 50101)
(384, 241, 95926)
(384, 10, 5530)
(384, 92, 26992)
(384, 83, 99587)
(384, 125, 27711)
(384, 345, 79348)
(384, 181, 73449)
(384, 31, 54105)
(384, 171, 4396)
(384, 178, 592)
(384, 232, 16387)
(384, 354, 39890)
(384, 185, 75640)
(384, 57, 80089)
(384, 293, 79783)
(384, 1, 82916)
(384, 166, 86364)
(384, 115, 58961)
(384, 223, 99339)
(384, 194, 77871)
(384, 377, 51509)
(384, 27, 36655)
(384, 80, 44274)
(384, 117, 26258)
(384, 127, 97784)
(384, 113, 55033)
(384, 294, 68842)
(384, 155, 49898)
(385, 69, 95402)
(385, 39, 78237)
(385, 67, 75403)
(385, 230, 49980)
(385, 370, 9710)
(385, 249, 23275)
(385, 211, 31038)
(385, 209, 93063)
(385, 326, 4097)
(385, 161, 68183)
(385, 173, 87270)
(385, 66, 50625)
(385, 213, 20361)
(385, 280, 2778)
(385, 253, 90923)
(385, 248, 24648)
(385, 321, 32138)
(385, 377, 92970)
(385, 129, 92427)
(385, 86, 19536)
(385, 196, 90202)
(385, 111, 91692)
(385, 364, 22756)
(385, 259, 72185)
(385, 28, 46383)
(385, 55, 73422)
(385, 183, 27798)
(385, 59, 86372)
(385, 382, 23368)
(385, 225, 86225)
(385, 311, 20395)
(385, 146, 49149)
(385, 115, 43317)
(385, 16, 94451)
(385, 32, 38301)
(385, 70, 12212)
(385, 22, 5722)
(385, 179, 39908)
(385, 233, 32112)
(385, 128, 99941)
(385, 121, 85000)
(385, 79, 81135)
(385, 260, 48210)
(385, 346, 13398)
(385, 100, 17354)
(385, 247, 84188)
(385, 308, 64752)
(385, 95, 11410)
(385, 15, 47278)
(385, 83, 36817)
(385, 271, 36872)
(385, 155, 47027)
(385, 217, 69325)
(385, 102, 55866)
(385, 89, 99184)
(385, 353, 73069)
(385, 373, 61365)
(385, 180, 23257)
(385, 376, 25245)
(385, 318, 4784)
(385, 94, 83251)
(385, 85, 42964)
(385, 349, 25109)
(385, 379, 66480)
(385, 350, 48920)
(385, 104, 59955)
(385, 257, 30710)
(385, 333, 11474)
(385, 47, 40092)
(385, 24, 76640)
(385, 90, 94389)
(385, 371, 91355)
(385, 41, 54443)
(385, 384, 76078)
(385, 347, 30108)
(385, 185, 18898)
(385, 270, 83305)
(385, 150, 12115)
(385, 87, 96799)
(385, 309, 65580)
(385, 169, 70160)
(385, 285, 55259)
(385, 383, 57307)
(385, 305, 73309)
(385, 301, 41959)
(385, 281, 59427)
(385, 141, 70875)
(385, 33, 18625)
(385, 338, 72750)
(385, 68, 45386)
(385, 343, 80484)
(385, 145, 36727)
(385, 208, 86117)
(385, 77, 46175)
(385, 159, 27850)
(385, 292, 100106)
(385, 255, 89116)
(385, 164, 7223)
(385, 242, 28396)
(385, 99, 79674)
(385, 262, 16146)
(385, 74, 32027)
(385, 228, 30663)
(385, 108, 68440)
(385, 133, 6161)
(385, 40, 22842)
(385, 73, 44528)
(385, 221, 34737)
(385, 6, 35704)
(385, 43, 5244)
(385, 252, 74778)
(385, 76, 5788)
(385, 336, 5818)
(385, 65, 82146)
(385, 296, 2343)
(385, 356, 89816)
(385, 42, 42155)
(385, 351, 58040)
(385, 149, 28010)
(385, 238, 84031)
(385, 46, 79742)
(385, 0, 30689)
(385, 8, 76144)
(385, 300, 67847)
(385, 194, 43849)
(385, 20, 57010)
(385, 2, 64033)
(385, 19, 98326)
(385, 122, 63316)
(385, 204, 93902)
(385, 72, 43168)
(385, 222, 65114)
(385, 170, 33354)
(385, 241, 13464)
(385, 332, 78024)
(385, 165, 41450)
(385, 49, 91628)
(385, 154, 5154)
(385, 127, 77267)
(385, 11, 82443)
(385, 26, 75675)
(385, 237, 43009)
(385, 193, 7191)
(385, 263, 96302)
(385, 7, 8502)
(385, 240, 17166)
(385, 5, 20209)
(386, 298, 19499)
(386, 177, 75679)
(386, 114, 65869)
(386, 300, 17210)
(386, 194, 963)
(386, 88, 65038)
(386, 107, 20757)
(386, 33, 42281)
(386, 117, 15282)
(386, 334, 21444)
(386, 128, 23532)
(386, 122, 1898)
(386, 141, 11726)
(386, 153, 96767)
(386, 126, 63521)
(386, 286, 34581)
(386, 230, 24196)
(386, 363, 45703)
(386, 371, 12286)
(386, 195, 92490)
(386, 306, 23640)
(386, 213, 35051)
(386, 133, 40024)
(386, 361, 22287)
(386, 189, 9986)
(386, 179, 73461)
(386, 123, 5375)
(386, 207, 57993)
(386, 243, 54911)
(386, 290, 32610)
(386, 276, 85505)
(386, 1, 68335)
(386, 192, 29048)
(386, 21, 97918)
(386, 346, 7078)
(386, 83, 60158)
(386, 90, 43657)
(386, 273, 12833)
(386, 78, 59111)
(386, 87, 18551)
(386, 375, 42432)
(386, 125, 503)
(386, 15, 92001)
(386, 303, 100226)
(386, 22, 6758)
(386, 342, 75574)
(386, 71, 76479)
(386, 366, 42749)
(386, 94, 80723)
(386, 206, 35297)
(386, 256, 78724)
(386, 254, 37672)
(386, 175, 61454)
(386, 165, 2559)
(386, 250, 31443)
(386, 150, 43846)
(386, 327, 21277)
(386, 69, 82982)
(386, 296, 89571)
(386, 28, 66029)
(386, 277, 69521)
(386, 374, 87222)
(386, 35, 31788)
(386, 54, 84256)
(386, 101, 77647)
(386, 11, 51499)
(386, 294, 2489)
(386, 74, 69883)
(386, 148, 41613)
(386, 311, 32905)
(386, 373, 77168)
(386, 185, 19782)
(386, 115, 16887)
(386, 381, 22209)
(386, 8, 7976)
(386, 97, 85215)
(386, 113, 69778)
(386, 160, 50091)
(386, 13, 256)
(386, 247, 40881)
(386, 66, 80801)
(386, 260, 18996)
(386, 358, 47816)
(386, 140, 31594)
(386, 368, 77158)
(386, 53, 98266)
(386, 302, 90726)
(386, 167, 30563)
(386, 314, 88477)
(386, 284, 49982)
(386, 280, 48249)
(386, 80, 81126)
(386, 77, 98809)
(386, 362, 31380)
(386, 134, 76375)
(386, 81, 20515)
(386, 173, 55245)
(386, 288, 4951)
(386, 201, 94217)
(386, 325, 5410)
(386, 108, 18355)
(386, 329, 27422)
(386, 190, 64923)
(386, 86, 5972)
(386, 379, 88383)
(386, 95, 62567)
(386, 229, 15939)
(386, 262, 51307)
(386, 253, 25976)
(386, 227, 22884)
(386, 10, 66844)
(386, 152, 22953)
(386, 129, 69305)
(386, 144, 78378)
(386, 356, 45687)
(386, 178, 19734)
(386, 3, 76310)
(386, 31, 18226)
(386, 359, 60690)
(386, 369, 17209)
(386, 63, 66050)
(386, 149, 20278)
(386, 26, 81378)
(386, 76, 90347)
(386, 370, 34927)
(386, 2, 70935)
(386, 44, 59772)
(386, 348, 40520)
(386, 309, 12362)
(386, 104, 81191)
(386, 25, 46322)
(386, 330, 31488)
(386, 299, 57749)
(386, 163, 57961)
(386, 7, 93746)
(386, 249, 93498)
(386, 357, 25888)
(386, 272, 8801)
(386, 238, 41445)
(386, 145, 66858)
(386, 51, 86115)
(386, 242, 93223)
(386, 143, 72743)
(386, 220, 39361)
(386, 184, 11055)
(386, 92, 48351)
(386, 266, 81300)
(386, 62, 63520)
(386, 210, 27182)
(386, 98, 25049)
(386, 137, 60127)
(386, 64, 58890)
(386, 17, 56544)
(386, 29, 20703)
(386, 131, 11984)
(386, 234, 2812)
(386, 291, 532)
(386, 5, 15079)
(386, 197, 82459)
(386, 191, 87218)
(386, 338, 25688)
(386, 48, 49267)
(386, 105, 847)
(386, 142, 21422)
(387, 252, 52197)
(388, 264, 39846)
(388, 316, 99092)
(388, 191, 52112)
(388, 123, 5104)
(388, 137, 59618)
(388, 364, 61361)
(388, 138, 38023)
(388, 226, 58027)
(388, 237, 80107)
(388, 181, 49080)
(388, 234, 19518)
(388, 168, 55228)
(388, 145, 62249)
(388, 94, 75582)
(388, 121, 75300)
(388, 232, 39590)
(388, 82, 66980)
(388, 265, 44477)
(388, 230, 63934)
(388, 195, 95154)
(388, 259, 74538)
(388, 288, 19842)
(388, 61, 95789)
(388, 320, 5373)
(388, 154, 51719)
(388, 114, 35723)
(388, 199, 97892)
(388, 197, 56115)
(388, 95, 39170)
(388, 382, 67657)
(388, 383, 37144)
(388, 235, 76807)
(388, 103, 68793)
(388, 302, 99108)
(388, 255, 82518)
(388, 372, 505)
(388, 325, 50992)
(388, 12, 31247)
(388, 331, 32193)
(388, 80, 37478)
(388, 278, 66577)
(388, 249, 72876)
(388, 344, 92573)
(388, 359, 91652)
(388, 211, 65800)
(388, 314, 90297)
(388, 48, 76940)
(388, 192, 39582)
(388, 44, 85771)
(388, 339, 72848)
(388, 149, 52833)
(388, 214, 51822)
(388, 363, 12892)
(388, 86, 23345)
(388, 299, 75395)
(388, 360, 4274)
(388, 115, 55546)
(388, 233, 70005)
(388, 350, 14957)
(388, 319, 62953)
(388, 104, 75852)
(388, 218, 19410)
(388, 29, 97508)
(388, 306, 42634)
(388, 165, 92156)
(388, 166, 3986)
(388, 340, 61610)
(388, 43, 58640)
(388, 311, 17624)
(388, 260, 63809)
(388, 210, 8931)
(388, 370, 48044)
(388, 358, 2585)
(388, 352, 55021)
(388, 200, 99223)
(388, 110, 53419)
(388, 185, 59651)
(388, 251, 88824)
(388, 141, 14430)
(388, 229, 29883)
(388, 16, 56657)
(388, 23, 75459)
(388, 116, 48546)
(388, 345, 74574)
(388, 81, 42718)
(388, 250, 16841)
(388, 22, 31122)
(388, 261, 89266)
(388, 220, 29722)
(388, 37, 44664)
(388, 330, 12913)
(388, 49, 24570)
(388, 126, 16268)
(388, 301, 22795)
(388, 143, 64914)
(388, 368, 4720)
(388, 203, 69)
(388, 189, 17513)
(388, 41, 77915)
(388, 272, 98656)
(388, 365, 65802)
(388, 90, 99950)
(388, 117, 6218)
(388, 1, 99671)
(388, 3, 30401)
(388, 98, 10059)
(388, 343, 98541)
(388, 151, 97901)
(389, 367, 54151)
(389, 31, 100099)
(389, 222, 87905)
(389, 284, 54011)
(389, 108, 66574)
(389, 103, 13783)
(389, 375, 96078)
(389, 294, 44231)
(389, 171, 865)
(389, 129, 2589)
(389, 37, 14937)
(389, 147, 24186)
(389, 216, 12423)
(389, 48, 98520)
(389, 270, 75411)
(389, 155, 33716)
(389, 264, 34955)
(389, 306, 30503)
(389, 191, 57567)
(389, 279, 782)
(389, 123, 15997)
(389, 151, 27324)
(389, 69, 90294)
(389, 162, 99949)
(389, 77, 1793)
(389, 133, 18311)
(389, 139, 2958)
(389, 11, 66669)
(389, 370, 25628)
(389, 319, 4201)
(389, 272, 35267)
(389, 182, 83272)
(389, 251, 78289)
(389, 291, 94952)
(389, 50, 34704)
(389, 63, 50966)
(389, 193, 23453)
(389, 252, 54270)
(389, 70, 50088)
(389, 326, 53657)
(389, 366, 22305)
(389, 47, 62223)
(389, 217, 7381)
(389, 376, 19779)
(389, 134, 78308)
(389, 23, 76240)
(389, 218, 5710)
(389, 57, 36418)
(389, 122, 80802)
(389, 55, 48027)
(389, 345, 51970)
(389, 227, 98504)
(389, 164, 87854)
(389, 374, 45729)
(389, 65, 24635)
(389, 117, 55034)
(389, 170, 81099)
(389, 203, 44688)
(389, 378, 66780)
(389, 344, 57914)
(389, 342, 30631)
(389, 180, 9097)
(389, 328, 13205)
(389, 278, 70612)
(389, 267, 15046)
(389, 161, 46707)
(389, 0, 83857)
(389, 73, 31089)
(389, 280, 59809)
(389, 51, 8442)
(389, 88, 26167)
(389, 85, 30890)
(389, 79, 48316)
(389, 181, 61337)
(389, 206, 64240)
(389, 283, 36840)
(389, 234, 50281)
(389, 253, 70343)
(389, 384, 52860)
(389, 243, 56601)
(389, 359, 69135)
(389, 29, 49320)
(389, 165, 25869)
(389, 196, 29483)
(389, 266, 55586)
(389, 365, 20711)
(389, 362, 34864)
(389, 346, 2418)
(389, 118, 46711)
(389, 27, 67483)
(389, 186, 19520)
(389, 290, 69342)
(389, 295, 55255)
(389, 276, 14252)
(389, 215, 56497)
(389, 32, 71708)
(389, 192, 17499)
(389, 179, 50695)
(389, 271, 63288)
(389, 66, 33262)
(389, 341, 31845)
(389, 9, 24588)
(389, 91, 53880)
(389, 315, 51553)
(389, 90, 97169)
(389, 142, 3747)
(389, 371, 41615)
(389, 258, 6981)
(389, 75, 67029)
(389, 197, 95230)
(389, 255, 97993)
(389, 95, 32195)
(389, 62, 75688)
(389, 71, 45226)
(389, 168, 64508)
(389, 89, 69396)
(389, 298, 22557)
(389, 150, 56183)
(389, 106, 92808)
(389, 39, 83528)
(389, 297, 31290)
(389, 61, 32428)
(389, 299, 95306)
(389, 144, 4232)
(389, 173, 44366)
(389, 274, 38589)
(389, 340, 88575)
(389, 14, 69950)
(389, 13, 32813)
(389, 112, 45852)
(389, 67, 45989)
(389, 18, 91852)
(389, 325, 78512)
(389, 265, 80699)
(389, 104, 66126)
(389, 320, 16004)
(389, 382, 72164)
(389, 74, 92341)
(389, 261, 70796)
(389, 207, 35277)
(389, 46, 88386)
(389, 373, 16326)
(389, 331, 934)
(389, 361, 36224)
(389, 296, 44914)
(389, 152, 45584)
(389, 149, 73482)
(389, 263, 72833)
(389, 358, 49728)
(389, 360, 82581)
(389, 4, 45054)
(389, 214, 3443)
(389, 98, 33198)
(389, 188, 88274)
(389, 289, 4717)
(389, 256, 43214)
(389, 183, 85938)
(389, 208, 90654)
(389, 336, 50381)
(389, 126, 21650)
(389, 24, 8088)
(389, 26, 18023)
(389, 130, 90692)
(389, 356, 95249)
(389, 332, 63381)
(389, 49, 47221)
(389, 285, 50431)
(389, 352, 72013)
(389, 120, 99288)
(389, 275, 58089)
(389, 313, 4739)
(389, 2, 18871)
(389, 195, 48207)
(389, 169, 26451)
(389, 198, 71083)
(389, 209, 25630)
(389, 176, 57594)
(389, 194, 74117)
(389, 288, 46002)
(389, 363, 7350)
(389, 364, 18407)
(389, 167, 84008)
(389, 387, 31521)
(389, 10, 53601)
(389, 110, 31200)
(389, 43, 42323)
(389, 354, 28576)
(389, 56, 22136)
(389, 317, 20196)
(389, 199, 44575)
(389, 20, 66545)
(389, 233, 64669)
(389, 301, 87425)
(389, 335, 12215)
(389, 25, 71793)
(389, 249, 54647)
(389, 201, 33489)
(389, 136, 2452)
(389, 82, 49655)
(389, 343, 8200)
(389, 324, 56164)
(389, 124, 61340)
(389, 5, 19567)
(389, 323, 7192)
(389, 287, 5007)
(389, 141, 82744)
(389, 277, 65846)
(389, 97, 76777)
(389, 337, 68960)
(389, 250, 70621)
(389, 230, 17083)
(389, 385, 40132)
(389, 221, 20459)
(389, 333, 92100)
(389, 381, 4797)
(389, 213, 8859)
(389, 100, 74341)
(389, 237, 12876)
(389, 229, 10970)
(389, 322, 67255)
(389, 146, 39906)
(389, 281, 27459)
(389, 312, 76812)
(389, 368, 21425)
(389, 87, 62371)
(389, 369, 5141)
(389, 372, 15527)
(389, 247, 1512)
(389, 8, 92833)
(389, 163, 15169)
(389, 303, 36248)
(389, 41, 10318)
(389, 115, 83512)
(389, 205, 26328)
(389, 138, 92042)
(389, 72, 35490)
(389, 257, 79252)
(389, 226, 87279)
(389, 7, 52156)
(389, 351, 43753)
(389, 334, 71164)
(389, 83, 43708)
(389, 212, 86252)
(389, 309, 90357)
(389, 3, 95180)
(389, 33, 979)
(389, 239, 69600)
(389, 125, 82866)
(389, 159, 34722)
(389, 321, 18619)
(389, 293, 1634)
(389, 111, 36263)
(389, 137, 13266)
(389, 102, 33022)
(389, 202, 93471)
(389, 248, 82764)
(389, 292, 44175)
(390, 12, 51749)
(390, 6, 49945)
(390, 11, 59958)
(390, 186, 50729)
(390, 131, 93827)
(390, 104, 64548)
(390, 380, 96669)
(390, 27, 35847)
(390, 114, 3511)
(390, 91, 11071)
(390, 22, 21326)
(390, 344, 52553)
(390, 231, 92027)
(390, 312, 13860)
(390, 316, 92555)
(390, 5, 96967)
(390, 215, 35838)
(390, 16, 56290)
(390, 196, 77536)
(390, 211, 18125)
(390, 171, 62939)
(390, 15, 89815)
(390, 0, 29848)
(390, 147, 40179)
(390, 117, 72442)
(390, 92, 29427)
(390, 142, 71114)
(390, 323, 71943)
(390, 371, 49459)
(390, 360, 51621)
(390, 165, 96187)
(390, 105, 94475)
(390, 346, 60901)
(390, 234, 57597)
(390, 203, 83781)
(390, 354, 1885)
(390, 254, 90709)
(390, 217, 19108)
(390, 303, 97894)
(390, 132, 46897)
(390, 336, 37436)
(390, 201, 77311)
(390, 282, 98851)
(390, 115, 72395)
(390, 35, 21840)
(390, 192, 15091)
(390, 158, 17924)
(390, 166, 31374)
(390, 9, 80056)
(390, 338, 73818)
(390, 57, 18236)
(390, 266, 1221)
(390, 18, 84410)
(390, 149, 37806)
(390, 167, 18323)
(390, 325, 23713)
(390, 289, 23624)
(390, 353, 32817)
(390, 332, 4423)
(390, 359, 66655)
(390, 350, 66537)
(390, 365, 55728)
(390, 204, 94837)
(390, 130, 40088)
(390, 43, 62376)
(390, 260, 33943)
(390, 24, 93595)
(390, 366, 71683)
(390, 122, 90980)
(390, 75, 59020)
(390, 79, 4040)
(390, 146, 95977)
(390, 311, 57776)
(390, 116, 41072)
(390, 106, 30816)
(390, 62, 63861)
(390, 121, 59771)
(390, 239, 14094)
(390, 240, 28357)
(390, 26, 75817)
(390, 242, 13015)
(390, 321, 83037)
(390, 164, 76511)
(390, 342, 72430)
(390, 314, 40740)
(390, 276, 19675)
(390, 259, 51260)
(390, 136, 28432)
(390, 96, 72806)
(390, 214, 94646)
(390, 205, 1225)
(390, 230, 29966)
(390, 290, 78538)
(390, 297, 30604)
(390, 270, 90541)
(390, 33, 34115)
(390, 58, 60330)
(390, 87, 1950)
(390, 238, 34487)
(390, 95, 53793)
(390, 172, 99553)
(391, 194, 80555)
(391, 215, 92218)
(391, 170, 66055)
(391, 261, 35409)
(391, 355, 80860)
(391, 40, 77642)
(391, 331, 17579)
(391, 365, 11656)
(391, 269, 78276)
(391, 218, 96015)
(391, 198, 40676)
(391, 367, 48322)
(391, 46, 23503)
(391, 376, 81395)
(391, 6, 3494)
(391, 377, 99714)
(391, 344, 59394)
(391, 226, 41566)
(391, 362, 39591)
(391, 274, 7831)
(391, 258, 55743)
(391, 9, 52136)
(391, 343, 71806)
(391, 144, 77332)
(391, 227, 47093)
(391, 51, 14781)
(391, 10, 88834)
(391, 259, 9592)
(391, 295, 39577)
(391, 265, 978)
(391, 80, 59023)
(391, 327, 64714)
(391, 340, 15498)
(391, 389, 23677)
(391, 276, 57755)
(391, 384, 96865)
(391, 195, 30568)
(391, 284, 93394)
(391, 290, 96444)
(391, 388, 80159)
(391, 54, 12742)
(391, 135, 77955)
(391, 154, 15606)
(391, 182, 71197)
(391, 316, 112)
(391, 96, 90683)
(391, 179, 95678)
(391, 199, 78815)
(391, 289, 49895)
(391, 366, 99656)
(391, 104, 64223)
(391, 122, 51726)
(391, 372, 68930)
(391, 307, 84486)
(391, 4, 58028)
(391, 72, 74350)
(391, 141, 72694)
(391, 197, 45544)
(391, 181, 89433)
(391, 33, 70533)
(391, 221, 46841)
(391, 165, 8420)
(391, 44, 28299)
(391, 81, 75926)
(391, 280, 99468)
(391, 345, 68558)
(391, 29, 59712)
(391, 336, 20642)
(391, 20, 53616)
(391, 260, 100227)
(391, 299, 73857)
(391, 105, 57300)
(391, 275, 22641)
(391, 53, 94121)
(391, 359, 88390)
(391, 55, 39223)
(391, 229, 57267)
(391, 249, 34501)
(391, 85, 25422)
(391, 147, 78912)
(391, 50, 10760)
(391, 0, 62561)
(391, 288, 74617)
(391, 281, 64426)
(391, 214, 19681)
(391, 268, 18093)
(391, 186, 73765)
(391, 278, 4995)
(391, 90, 63471)
(391, 160, 70291)
(391, 298, 70969)
(391, 145, 79591)
(391, 382, 13347)
(391, 69, 64000)
(391, 27, 56296)
(391, 125, 39398)
(391, 100, 32774)
(391, 213, 73151)
(391, 37, 1684)
(391, 330, 89054)
(391, 244, 10584)
(391, 383, 34113)
(391, 7, 48784)
(391, 390, 37737)
(391, 354, 52249)
(391, 246, 20613)
(391, 79, 100329)
(391, 58, 13685)
(391, 92, 7063)
(391, 129, 60870)
(391, 232, 43376)
(391, 41, 34803)
(391, 228, 76248)
(391, 116, 63992)
(391, 56, 59163)
(391, 98, 57550)
(391, 329, 4002)
(391, 62, 83636)
(391, 292, 55727)
(391, 117, 44195)
(391, 118, 83566)
(391, 364, 73554)
(391, 264, 6782)
(391, 137, 12276)
(391, 203, 66133)
(391, 148, 88410)
(391, 230, 19566)
(391, 32, 74665)
(391, 242, 275)
(391, 121, 61990)
(391, 171, 69867)
(391, 306, 12924)
(391, 108, 38454)
(391, 109, 63063)
(391, 209, 38800)
(391, 317, 98174)
(391, 387, 17067)
(391, 21, 85555)
(391, 15, 96615)
(391, 114, 93871)
(391, 138, 36638)
(391, 73, 83596)
(391, 326, 50594)
(391, 386, 9642)
(391, 101, 87746)
(391, 219, 97646)
(391, 65, 77206)
(391, 342, 57778)
(391, 381, 90727)
(391, 161, 45898)
(391, 142, 82051)
(391, 373, 69736)
(391, 210, 3645)
(391, 149, 39623)
(391, 183, 33776)
(391, 112, 95956)
(391, 47, 85871)
(391, 89, 8035)
(391, 34, 78638)
(391, 202, 36736)
(391, 63, 88018)
(391, 255, 80443)
(391, 45, 39645)
(391, 314, 13644)
(391, 237, 47006)
(391, 103, 63863)
(391, 350, 63149)
(391, 192, 80444)
(391, 130, 7413)
(391, 267, 64780)
(391, 99, 43117)
(391, 95, 40992)
(391, 157, 89658)
(391, 374, 16812)
(391, 380, 65788)
(391, 282, 60553)
(391, 25, 437)
(391, 312, 59195)
(391, 106, 72559)
(391, 107, 62552)
(391, 13, 68248)
(391, 94, 78494)
(391, 136, 6927)
(391, 311, 70269)
(391, 164, 6756)
(391, 225, 58169)
(391, 248, 11396)
(391, 190, 10794)
(391, 158, 59670)
(391, 332, 7263)
(391, 115, 32070)
(391, 178, 59626)
(391, 123, 99641)
(391, 251, 50764)
(391, 78, 57239)
(391, 294, 24071)
(391, 250, 77092)
(391, 71, 2385)
(391, 341, 29116)
(391, 204, 76671)
(391, 38, 62526)
(391, 188, 47298)
(391, 163, 26952)
(391, 134, 78489)
(391, 131, 68323)
(391, 152, 61764)
(391, 303, 29189)
(391, 172, 64692)
(391, 177, 85762)
(391, 322, 59557)
(391, 339, 77946)
(391, 12, 66889)
(391, 42, 49749)
(391, 347, 7569)
(391, 368, 10485)
(391, 102, 80810)
(391, 315, 88737)
(391, 375, 48851)
(391, 360, 57659)
(391, 193, 38252)
(391, 308, 23390)
(391, 196, 41743)
(391, 235, 35983)
(391, 293, 96125)
(391, 349, 20151)
(391, 156, 29400)
(391, 243, 82340)
(391, 310, 69143)
(391, 212, 87087)
(391, 43, 19582)
(391, 231, 52795)
(391, 19, 33283)
(391, 337, 45264)
(391, 273, 62558)
(391, 223, 98966)
(391, 155, 50161)
(391, 88, 42055)
(391, 324, 10300)
(391, 140, 78608)
(391, 24, 64932)
(391, 113, 85950)
(391, 369, 72652)
(391, 256, 23501)
(391, 385, 92290)
(391, 39, 43706)
(391, 57, 15550)
(391, 150, 94854)
(391, 166, 96727)
(391, 200, 12823)
(391, 60, 47842)
(391, 254, 21700)
(391, 224, 96621)
(391, 52, 19934)
(391, 61, 50502)
(391, 132, 20535)
(392, 59, 10177)
(392, 159, 86109)
(392, 29, 60562)
(392, 38, 78652)
(392, 276, 40915)
(392, 342, 31994)
(392, 27, 55287)
(392, 288, 80275)
(392, 44, 33266)
(392, 147, 32496)
(392, 242, 31263)
(392, 379, 76753)
(392, 195, 84759)
(392, 358, 93765)
(392, 89, 98989)
(392, 199, 35963)
(392, 323, 59261)
(392, 61, 68731)
(392, 354, 73138)
(392, 381, 77024)
(392, 13, 93501)
(392, 318, 45980)
(392, 124, 26239)
(392, 200, 7576)
(392, 186, 57775)
(392, 182, 41435)
(392, 43, 90741)
(392, 23, 84281)
(392, 140, 69648)
(392, 120, 62309)
(392, 363, 28172)
(392, 261, 77919)
(392, 239, 25580)
(392, 66, 78654)
(392, 2, 20370)
(392, 207, 30485)
(392, 118, 69213)
(392, 308, 88059)
(392, 382, 69268)
(392, 260, 76225)
(392, 385, 45792)
(392, 279, 79802)
(392, 280, 91105)
(392, 137, 64641)
(392, 115, 53039)
(392, 107, 49047)
(392, 314, 84775)
(392, 219, 25768)
(392, 235, 49466)
(392, 325, 35938)
(392, 86, 30304)
(392, 5, 30319)
(392, 24, 94774)
(392, 88, 56836)
(392, 15, 32231)
(392, 176, 36728)
(392, 259, 3655)
(392, 329, 34403)
(392, 121, 10041)
(392, 282, 63875)
(392, 37, 34710)
(392, 149, 43348)
(392, 244, 8622)
(392, 333, 25502)
(392, 130, 81323)
(392, 240, 42421)
(392, 163, 95150)
(392, 141, 65435)
(392, 202, 19051)
(392, 300, 28462)
(392, 148, 76895)
(392, 251, 72898)
(392, 357, 70835)
(392, 95, 26762)
(392, 111, 11740)
(392, 262, 1086)
(392, 339, 44089)
(392, 19, 22875)
(392, 197, 19553)
(392, 205, 6207)
(392, 237, 11438)
(392, 236, 23041)
(392, 52, 17024)
(392, 123, 23101)
(392, 53, 3186)
(392, 74, 45574)
(392, 330, 22599)
(392, 334, 54170)
(392, 359, 3614)
(392, 223, 74543)
(392, 254, 99521)
(392, 367, 23635)
(392, 285, 80141)
(392, 104, 83931)
(392, 162, 29420)
(392, 75, 18864)
(392, 387, 38675)
(392, 341, 36047)
(392, 277, 96784)
(392, 307, 58174)
(392, 166, 15966)
(392, 50, 44382)
(392, 229, 61628)
(392, 18, 28102)
(392, 122, 85562)
(392, 65, 39741)
(392, 383, 9922)
(392, 217, 33930)
(392, 216, 81127)
(392, 351, 43640)
(392, 289, 42368)
(392, 296, 57897)
(392, 119, 19309)
(392, 33, 42229)
(392, 252, 93353)
(392, 6, 755)
(392, 366, 24513)
(392, 373, 89462)
(392, 234, 22672)
(392, 188, 70348)
(392, 264, 58299)
(392, 352, 87687)
(392, 106, 59166)
(392, 324, 16024)
(392, 361, 24437)
(392, 248, 56820)
(392, 355, 64930)
(392, 256, 95982)
(392, 22, 7703)
(392, 125, 2035)
(392, 70, 60862)
(392, 231, 46670)
(392, 270, 84100)
(392, 374, 83070)
(392, 303, 47458)
(392, 51, 53832)
(392, 368, 46194)
(392, 309, 43030)
(392, 97, 6215)
(392, 32, 59595)
(392, 312, 89353)
(392, 390, 13888)
(392, 348, 2210)
(392, 370, 91963)
(392, 0, 11428)
(392, 167, 80135)
(392, 233, 42748)
(392, 249, 93339)
(392, 265, 66043)
(392, 275, 22704)
(392, 372, 18486)
(392, 206, 36178)
(392, 12, 23240)
(392, 134, 4728)
(392, 160, 28026)
(392, 306, 13886)
(392, 152, 39090)
(392, 10, 17171)
(392, 57, 73721)
(392, 132, 96372)
(392, 114, 47131)
(392, 189, 16493)
(392, 139, 66949)
(392, 81, 52061)
(392, 168, 96359)
(392, 190, 87106)
(392, 153, 71896)
(392, 253, 37725)
(392, 269, 15873)
(392, 227, 29639)
(392, 39, 81227)
(392, 365, 54354)
(392, 212, 7297)
(392, 335, 68066)
(392, 336, 98912)
(392, 68, 50149)
(392, 102, 30944)
(392, 58, 85903)
(392, 136, 74432)
(392, 146, 18166)
(392, 181, 10293)
(392, 42, 61217)
(392, 165, 75408)
(392, 99, 94885)
(392, 192, 26918)
(392, 305, 38461)
(392, 117, 30140)
(392, 301, 78306)
(392, 221, 8911)
(392, 55, 50486)
(392, 362, 32317)
(392, 169, 59019)
(392, 109, 6630)
(392, 155, 96760)
(392, 218, 98805)
(392, 28, 72892)
(392, 73, 3727)
(392, 243, 70782)
(392, 322, 38121)
(392, 375, 69033)
(392, 108, 4605)
(392, 228, 96192)
(392, 371, 71129)
(392, 113, 75091)
(392, 391, 8320)
(392, 302, 48806)
(392, 30, 32068)
(392, 16, 91299)
(392, 91, 99100)
(392, 376, 9065)
(392, 224, 9869)
(392, 338, 37815)
(392, 208, 31291)
(392, 129, 57389)
(392, 151, 6120)
(392, 64, 88855)
(392, 94, 9536)
(392, 203, 64149)
(392, 142, 10072)
(392, 7, 61177)
(392, 220, 53043)
(392, 126, 26931)
(392, 187, 42149)
(392, 45, 56184)
(392, 337, 62679)
(392, 263, 33146)
(392, 47, 73772)
(392, 226, 5549)
(392, 293, 87596)
(392, 271, 75090)
(392, 356, 90870)
(392, 364, 1529)
(392, 377, 52094)
(392, 3, 8268)
(392, 161, 13299)
(392, 8, 34602)
(392, 378, 23233)
(392, 156, 59857)
(392, 298, 85292)
(392, 128, 11585)
(392, 196, 31142)
(392, 21, 60632)
(392, 98, 9670)
(392, 299, 62658)
(392, 214, 4182)
(392, 46, 49883)
(392, 284, 23165)
(392, 90, 36832)
(392, 145, 4664)
(392, 77, 23444)
(392, 347, 80178)
(392, 20, 46204)
(392, 63, 92121)
(392, 36, 79978)
(392, 349, 91243)
(392, 255, 76631)
(392, 311, 27875)
(392, 274, 60501)
(392, 157, 82172)
(392, 191, 66509)
(392, 384, 56548)
(392, 112, 24215)
(392, 127, 6509)
(392, 350, 45904)
(392, 286, 34696)
(392, 60, 30484)
(392, 103, 21302)
(392, 138, 35609)
(392, 290, 49501)
(392, 40, 97551)
(392, 4, 83732)
(392, 100, 72742)
(392, 201, 34025)
(392, 41, 98580)
(392, 211, 75549)
(392, 25, 60446)
(392, 297, 28555)
(392, 346, 85952)
(392, 360, 54042)
(392, 83, 41502)
(392, 326, 26803)
(392, 232, 48733)
(392, 158, 82215)
(392, 315, 23662)
(392, 267, 14546)
(393, 32, 50009)
(393, 27, 13459)
(393, 55, 65529)
(393, 41, 4635)
(393, 384, 24242)
(393, 36, 28688)
(393, 330, 67147)
(393, 28, 57484)
(393, 190, 95935)
(393, 211, 98063)
(393, 6, 46302)
(393, 233, 36157)
(393, 98, 23583)
(393, 358, 34296)
(393, 332, 18785)
(393, 389, 7744)
(393, 278, 78407)
(393, 82, 94204)
(393, 284, 20441)
(393, 364, 27625)
(393, 115, 77073)
(393, 183, 76875)
(393, 104, 77959)
(393, 68, 68973)
(393, 277, 93138)
(393, 194, 41402)
(393, 285, 36511)
(393, 110, 70808)
(393, 45, 8022)
(393, 65, 97869)
(393, 192, 35027)
(393, 251, 11835)
(393, 296, 96546)
(393, 175, 33467)
(393, 353, 35455)
(393, 48, 88021)
(393, 234, 92697)
(393, 107, 79632)
(393, 46, 85022)
(393, 96, 89738)
(393, 207, 55410)
(393, 141, 35932)
(393, 237, 62148)
(393, 10, 18191)
(393, 181, 98251)
(393, 336, 93324)
(393, 326, 24935)
(393, 148, 6970)
(393, 106, 14527)
(393, 124, 3738)
(393, 224, 37449)
(393, 177, 78155)
(393, 146, 33790)
(393, 276, 25892)
(393, 215, 68333)
(393, 29, 16469)
(393, 52, 745)
(393, 313, 51876)
(393, 225, 15685)
(393, 186, 59179)
(393, 119, 75360)
(393, 266, 14390)
(393, 76, 8927)
(393, 350, 98804)
(393, 238, 22947)
(393, 169, 75874)
(393, 346, 16324)
(393, 306, 86118)
(393, 81, 10664)
(393, 217, 34078)
(393, 193, 58137)
(393, 280, 49328)
(393, 304, 56245)
(393, 345, 68105)
(393, 281, 73669)
(393, 34, 53330)
(393, 245, 16264)
(393, 111, 11300)
(393, 171, 34264)
(393, 51, 56249)
(393, 136, 65339)
(393, 216, 1555)
(393, 196, 36425)
(393, 173, 90933)
(393, 89, 70792)
(393, 109, 57671)
(393, 388, 12408)
(393, 371, 39378)
(393, 75, 38381)
(393, 93, 7370)
(393, 314, 7752)
(393, 322, 32242)
(393, 60, 62784)
(393, 38, 79149)
(393, 97, 66514)
(393, 354, 1796)
(393, 316, 42572)
(393, 133, 11771)
(393, 264, 50017)
(393, 149, 87820)
(393, 22, 34309)
(393, 249, 77706)
(393, 47, 55652)
(393, 185, 42838)
(393, 121, 3933)
(393, 26, 75159)
(393, 291, 83410)
(393, 390, 46292)
(393, 50, 29172)
(393, 311, 32309)
(393, 279, 27867)
(393, 343, 17911)
(393, 182, 35300)
(393, 24, 34988)
(393, 164, 24965)
(393, 160, 53709)
(393, 252, 55544)
(393, 263, 96664)
(393, 202, 61007)
(393, 118, 3623)
(393, 220, 78126)
(393, 373, 17385)
(393, 129, 14109)
(393, 226, 86559)
(393, 138, 38830)
(393, 78, 46634)
(393, 294, 53955)
(393, 161, 61973)
(393, 349, 15123)
(393, 139, 68824)
(393, 4, 38364)
(393, 334, 7562)
(393, 70, 27944)
(393, 377, 49611)
(393, 195, 47668)
(393, 114, 38199)
(393, 71, 32221)
(393, 137, 21407)
(393, 179, 15976)
(393, 172, 62214)
(393, 166, 55662)
(393, 272, 76177)
(393, 362, 75515)
(393, 386, 7321)
(393, 242, 98872)
(393, 33, 30034)
(393, 204, 5900)
(393, 189, 78161)
(393, 317, 61880)
(393, 23, 98723)
(393, 366, 61271)
(393, 333, 86623)
(393, 2, 47997)
(393, 40, 77501)
(393, 174, 86049)
(393, 300, 44749)
(393, 274, 57182)
(393, 167, 2271)
(393, 232, 80674)
(393, 197, 77488)
(393, 49, 73956)
(393, 88, 43140)
(393, 100, 17340)
(393, 310, 56517)
(393, 131, 37552)
(393, 214, 45211)
(393, 286, 41691)
(393, 287, 35209)
(393, 201, 7332)
(393, 191, 12925)
(393, 239, 1932)
(393, 134, 79561)
(393, 5, 96724)
(393, 219, 11287)
(393, 265, 32024)
(393, 0, 77632)
(393, 3, 89633)
(393, 128, 66195)
(393, 295, 17081)
(393, 257, 52067)
(393, 221, 10473)
(393, 227, 25151)
(393, 302, 43867)
(393, 19, 8946)
(393, 102, 37258)
(393, 59, 38134)
(393, 282, 15010)
(393, 359, 80198)
(393, 365, 85458)
(393, 144, 12018)
(393, 168, 61347)
(393, 54, 35898)
(393, 250, 20912)
(393, 152, 36612)
(393, 86, 8212)
(393, 13, 31477)
(393, 289, 78619)
(393, 382, 38688)
(393, 203, 40108)
(393, 91, 90050)
(393, 376, 88825)
(393, 39, 7439)
(393, 178, 26193)
(393, 244, 22877)
(393, 337, 3580)
(393, 62, 62786)
(393, 335, 84354)
(393, 92, 15735)
(393, 367, 43047)
(393, 267, 98015)
(393, 380, 69678)
(394, 387, 74884)
(394, 376, 17953)
(394, 184, 53251)
(394, 238, 97360)
(394, 301, 50955)
(394, 241, 73531)
(394, 343, 21529)
(394, 281, 47377)
(394, 259, 2228)
(394, 20, 58596)
(394, 341, 54625)
(394, 86, 84065)
(394, 330, 53131)
(394, 282, 84001)
(394, 141, 10691)
(394, 26, 4754)
(394, 12, 49440)
(394, 274, 65054)
(394, 237, 94594)
(394, 155, 68336)
(394, 152, 48886)
(394, 153, 53731)
(394, 294, 44132)
(394, 48, 46230)
(394, 62, 29884)
(394, 178, 20872)
(394, 195, 4356)
(394, 177, 40930)
(394, 243, 8156)
(394, 339, 72907)
(394, 388, 72856)
(394, 81, 67467)
(394, 231, 69770)
(394, 120, 52990)
(394, 314, 17052)
(394, 250, 54708)
(394, 302, 12492)
(394, 96, 65491)
(394, 311, 76856)
(394, 358, 24931)
(394, 210, 31580)
(394, 225, 50765)
(394, 220, 20083)
(394, 347, 22358)
(394, 76, 20883)
(394, 159, 59317)
(394, 215, 28763)
(394, 138, 90814)
(394, 313, 87978)
(394, 102, 67096)
(394, 247, 56461)
(394, 165, 13261)
(394, 196, 21715)
(394, 64, 84166)
(394, 8, 83189)
(394, 84, 19781)
(394, 111, 61779)
(394, 208, 24236)
(394, 98, 73989)
(394, 181, 37687)
(394, 117, 36717)
(394, 383, 63746)
(394, 297, 83716)
(394, 157, 3589)
(394, 132, 20296)
(394, 49, 37884)
(394, 206, 91995)
(394, 310, 15296)
(394, 140, 26508)
(394, 80, 55479)
(394, 340, 44465)
(394, 236, 41476)
(394, 103, 14632)
(394, 186, 88391)
(394, 337, 47748)
(394, 279, 80997)
(394, 91, 19420)
(394, 119, 15039)
(394, 167, 36816)
(394, 130, 66718)
(394, 92, 94688)
(394, 182, 56688)
(394, 291, 98857)
(394, 16, 60627)
(394, 114, 95458)
(394, 244, 67365)
(394, 379, 40755)
(394, 116, 4924)
(394, 115, 73191)
(394, 367, 7658)
(394, 248, 64228)
(394, 390, 46224)
(394, 134, 12714)
(394, 55, 44823)
(394, 381, 15171)
(394, 176, 32248)
(394, 278, 7379)
(394, 366, 67913)
(394, 147, 10259)
(394, 121, 98859)
(394, 335, 98715)
(394, 333, 89058)
(394, 83, 36997)
(394, 93, 84299)
(394, 148, 54403)
(394, 230, 72798)
(394, 110, 60310)
(394, 32, 14231)
(394, 362, 6753)
(394, 216, 42065)
(394, 389, 95157)
(394, 329, 2202)
(394, 59, 10656)
(394, 357, 44342)
(394, 39, 3918)
(394, 189, 3760)
(394, 151, 18836)
(394, 252, 87636)
(394, 58, 18831)
(394, 273, 4451)
(394, 52, 16710)
(394, 31, 73250)
(394, 168, 52037)
(394, 192, 88345)
(394, 226, 41841)
(394, 269, 41976)
(394, 261, 96177)
(394, 175, 93814)
(394, 326, 20675)
(394, 384, 95725)
(394, 320, 83141)
(394, 309, 75167)
(394, 308, 95427)
(394, 15, 80482)
(394, 188, 18248)
(394, 356, 16938)
(394, 211, 43843)
(394, 223, 27943)
(394, 232, 54262)
(394, 374, 91213)
(394, 359, 45882)
(394, 361, 35973)
(394, 30, 78877)
(394, 79, 29682)
(394, 212, 65292)
(394, 334, 67460)
(394, 233, 19251)
(394, 300, 53938)
(394, 99, 81334)
(394, 21, 29380)
(394, 75, 77244)
(394, 305, 40625)
(394, 239, 24441)
(394, 123, 82650)
(394, 344, 52746)
(394, 393, 2043)
(394, 190, 74194)
(394, 199, 24724)
(394, 222, 71280)
(394, 11, 42946)
(394, 88, 65422)
(394, 355, 77694)
(394, 17, 79361)
(394, 352, 42093)
(394, 95, 15764)
(394, 229, 20871)
(394, 392, 52091)
(394, 295, 33991)
(394, 44, 74612)
(394, 131, 64731)
(394, 160, 92423)
(394, 224, 65995)
(394, 321, 42707)
(394, 45, 98838)
(394, 266, 5873)
(394, 137, 10828)
(394, 82, 80552)
(394, 183, 44578)
(394, 354, 83039)
(394, 209, 92062)
(394, 325, 41909)
(394, 46, 66236)
(394, 286, 7097)
(394, 139, 44098)
(394, 255, 53685)
(394, 270, 77964)
(394, 7, 92506)
(394, 257, 59755)
(394, 385, 79735)
(394, 72, 76330)
(394, 40, 71987)
(394, 163, 20937)
(394, 28, 36212)
(394, 342, 21023)
(394, 51, 46459)
(394, 53, 65002)
(394, 194, 50605)
(394, 9, 7695)
(394, 351, 57679)
(394, 360, 24771)
(394, 85, 32069)
(394, 67, 64421)
(394, 113, 32570)
(394, 204, 30811)
(394, 296, 46695)
(394, 298, 73231)
(394, 100, 90038)
(394, 253, 32915)
(394, 33, 88465)
(394, 68, 66955)
(394, 1, 50462)
(394, 353, 71888)
(394, 60, 5347)
(394, 372, 82638)
(394, 122, 84741)
(394, 161, 79502)
(394, 328, 35607)
(394, 287, 7871)
(394, 227, 24144)
(394, 336, 24665)
(394, 144, 96753)
(394, 322, 63769)
(394, 145, 18578)
(394, 43, 20812)
(394, 214, 4901)
(394, 171, 53003)
(394, 149, 93382)
(394, 217, 89542)
(394, 154, 72874)
(394, 283, 39208)
(394, 41, 95909)
(394, 3, 96690)
(394, 77, 25592)
(394, 284, 90215)
(394, 318, 13449)
(394, 42, 68169)
(394, 293, 37830)
(394, 108, 43854)
(394, 25, 74758)
(394, 112, 11679)
(394, 317, 2138)
(394, 63, 11949)
(394, 202, 41291)
(394, 338, 48974)
(394, 4, 60491)
(394, 382, 79680)
(394, 290, 66157)
(394, 365, 19367)
(394, 107, 49691)
(394, 200, 26295)
(394, 245, 8210)
(394, 170, 76745)
(394, 27, 4770)
(394, 267, 40517)
(394, 162, 93574)
(394, 78, 2750)
(394, 316, 80728)
(394, 213, 27352)
(394, 276, 91818)
(394, 371, 39058)
(394, 19, 42585)
(394, 127, 33037)
(394, 272, 51740)
(394, 246, 47328)
(394, 263, 88022)
(394, 38, 18260)
(394, 142, 28097)
(394, 146, 74152)
(394, 312, 38210)
(394, 205, 100196)
(394, 197, 42048)
(394, 126, 65545)
(394, 277, 79731)
(394, 90, 99936)
(394, 349, 11187)
(394, 97, 80790)
(394, 187, 38648)
(394, 124, 28658)
(394, 207, 3981)
(394, 254, 7143)
(394, 324, 42979)
(394, 89, 38710)
(394, 169, 21776)
(394, 363, 22496)
(394, 198, 68825)
(394, 24, 83442)
(394, 221, 3489)
(394, 191, 67130)
(394, 29, 16376)
(394, 218, 41859)
(394, 307, 34621)
(394, 289, 12999)
(394, 271, 21039)
(394, 369, 64269)
(394, 327, 87439)
(394, 105, 9338)
(394, 118, 33601)
(394, 256, 77890)
(394, 304, 68909)
(394, 315, 28695)
(395, 2, 77717)
(395, 229, 54537)
(395, 302, 89829)
(395, 360, 1621)
(395, 294, 68616)
(395, 98, 39829)
(395, 35, 57920)
(395, 150, 8339)
(395, 346, 23578)
(395, 44, 45197)
(395, 108, 20683)
(395, 375, 36246)
(395, 176, 74113)
(395, 380, 42612)
(395, 131, 48032)
(395, 69, 24265)
(395, 258, 24698)
(395, 184, 24793)
(395, 313, 77157)
(395, 114, 82248)
(395, 244, 9251)
(395, 211, 35081)
(395, 82, 42682)
(395, 105, 55668)
(395, 288, 13216)
(395, 16, 42858)
(395, 272, 60537)
(395, 113, 34010)
(395, 353, 91590)
(395, 15, 66957)
(395, 354, 60449)
(395, 130, 33911)
(395, 153, 67457)
(395, 315, 14682)
(395, 278, 68725)
(395, 89, 7905)
(395, 248, 67404)
(395, 111, 71291)
(395, 42, 31854)
(395, 84, 97583)
(395, 291, 99076)
(395, 299, 24792)
(395, 246, 46013)
(395, 252, 81614)
(395, 23, 40030)
(395, 79, 67671)
(395, 40, 56458)
(395, 194, 12168)
(395, 8, 51450)
(395, 149, 14825)
(395, 58, 9123)
(395, 232, 62010)
(395, 25, 79364)
(395, 146, 20179)
(395, 215, 61235)
(395, 189, 32506)
(395, 78, 96334)
(395, 381, 78343)
(395, 325, 79255)
(395, 31, 74257)
(395, 187, 43192)
(395, 230, 53311)
(395, 271, 94567)
(395, 286, 45750)
(395, 260, 88927)
(395, 235, 58987)
(395, 293, 96872)
(395, 374, 74423)
(395, 263, 49006)
(395, 159, 72803)
(395, 222, 13105)
(395, 112, 91383)
(395, 208, 95112)
(395, 390, 54211)
(395, 22, 13075)
(395, 144, 1497)
(395, 101, 77405)
(396, 310, 63636)
(396, 351, 94353)
(396, 164, 28901)
(396, 338, 10914)
(396, 129, 89781)
(396, 278, 55694)
(396, 61, 47639)
(396, 98, 25547)
(396, 368, 86988)
(396, 146, 20876)
(396, 25, 26399)
(396, 391, 31666)
(396, 186, 71965)
(396, 87, 68002)
(396, 115, 46424)
(396, 47, 42569)
(396, 297, 59572)
(396, 183, 84711)
(396, 83, 83935)
(396, 48, 4836)
(396, 303, 10358)
(396, 240, 7516)
(396, 253, 50328)
(396, 218, 9331)
(396, 339, 5355)
(396, 117, 55420)
(396, 86, 80463)
(396, 364, 88869)
(396, 318, 34031)
(396, 40, 91223)
(396, 14, 4203)
(396, 99, 41180)
(396, 256, 53468)
(396, 298, 95805)
(396, 300, 39477)
(396, 369, 57101)
(396, 246, 9368)
(396, 296, 50398)
(396, 268, 70575)
(396, 26, 84807)
(396, 92, 42254)
(396, 359, 37384)
(397, 209, 40045)
(397, 51, 69999)
(397, 199, 23253)
(397, 368, 72965)
(397, 16, 47449)
(397, 153, 3659)
(397, 349, 24766)
(397, 74, 68062)
(397, 22, 91265)
(397, 293, 97482)
(397, 337, 17796)
(397, 299, 77497)
(397, 228, 9468)
(397, 144, 16974)
(397, 29, 28883)
(397, 9, 89347)
(397, 312, 90732)
(397, 97, 85217)
(397, 167, 12494)
(397, 168, 96796)
(397, 288, 74455)
(397, 248, 2729)
(397, 118, 92202)
(397, 6, 5740)
(397, 104, 92649)
(397, 351, 11103)
(397, 57, 29572)
(397, 297, 15909)
(397, 282, 27582)
(397, 216, 43447)
(397, 143, 56432)
(397, 35, 44130)
(397, 159, 46206)
(397, 249, 95374)
(397, 137, 17848)
(397, 339, 81016)
(397, 205, 39742)
(397, 383, 81223)
(397, 322, 89177)
(397, 330, 21370)
(397, 79, 58620)
(397, 121, 27635)
(397, 46, 95385)
(397, 119, 22173)
(397, 34, 54503)
(397, 28, 21614)
(397, 315, 92057)
(397, 83, 8028)
(397, 305, 95647)
(397, 265, 46733)
(397, 174, 73073)
(397, 278, 83562)
(397, 256, 76213)
(397, 130, 89735)
(397, 54, 26484)
(397, 232, 35816)
(397, 316, 83534)
(397, 317, 83917)
(397, 234, 62656)
(397, 161, 78033)
(397, 23, 99602)
(397, 375, 80271)
(397, 105, 36738)
(397, 164, 23466)
(397, 127, 4489)
(397, 182, 55929)
(397, 231, 69067)
(397, 14, 54201)
(397, 202, 6151)
(397, 388, 44077)
(397, 338, 38337)
(397, 70, 23829)
(397, 145, 77883)
(397, 102, 71749)
(397, 146, 41996)
(397, 43, 22220)
(397, 244, 74840)
(397, 333, 79180)
(397, 184, 88645)
(397, 262, 6776)
(397, 77, 6010)
(397, 219, 31160)
(397, 179, 62696)
(397, 150, 53084)
(397, 215, 92777)
(397, 126, 72159)
(397, 75, 16891)
(397, 8, 9337)
(397, 87, 78314)
(397, 253, 82639)
(397, 221, 100182)
(397, 192, 98636)
(397, 233, 32617)
(397, 88, 95105)
(397, 19, 87421)
(397, 17, 66833)
(397, 380, 66380)
(397, 350, 57022)
(397, 69, 29006)
(397, 131, 60086)
(397, 334, 2460)
(397, 72, 14383)
(397, 360, 70353)
(397, 169, 82002)
(397, 327, 94591)
(397, 11, 47385)
(397, 241, 21924)
(397, 370, 70150)
(397, 190, 29538)
(397, 326, 59184)
(397, 5, 20789)
(397, 84, 72301)
(397, 180, 83610)
(397, 331, 46600)
(397, 239, 61348)
(397, 173, 26382)
(397, 44, 77099)
(397, 376, 70828)
(397, 238, 51700)
(397, 196, 60023)
(397, 157, 72887)
(397, 140, 22269)
(397, 160, 44604)
(397, 230, 88562)
(397, 365, 51005)
(397, 73, 11059)
(397, 251, 5105)
(397, 188, 57502)
(397, 62, 31927)
(397, 309, 77443)
(397, 185, 61284)
(397, 186, 40461)
(397, 362, 66815)
(397, 15, 59786)
(397, 85, 18932)
(397, 195, 29437)
(397, 55, 14798)
(397, 260, 10340)
(397, 41, 80556)
(397, 172, 72070)
(397, 345, 43654)
(397, 243, 97148)
(397, 92, 49913)
(397, 220, 86830)
(397, 191, 47164)
(397, 287, 12514)
(397, 132, 72438)
(397, 58, 19885)
(397, 32, 71622)
(397, 275, 8073)
(397, 311, 29000)
(397, 50, 33470)
(397, 290, 74695)
(397, 154, 96568)
(397, 261, 69064)
(397, 325, 55948)
(397, 24, 1449)
(397, 289, 98234)
(397, 393, 17489)
(397, 33, 81134)
(397, 292, 26128)
(397, 226, 18494)
(397, 210, 67381)
(397, 206, 16386)
(397, 384, 30731)
(397, 214, 68538)
(397, 37, 19134)
(397, 151, 23967)
(397, 133, 18496)
(397, 194, 4572)
(397, 65, 45094)
(397, 31, 40207)
(397, 268, 4416)
(397, 96, 59539)
(397, 255, 40237)
(397, 313, 3382)
(397, 155, 51511)
(397, 61, 12785)
(397, 263, 23638)
(397, 237, 59859)
(397, 367, 71448)
(397, 298, 66627)
(397, 294, 68646)
(397, 12, 9336)
(397, 301, 5848)
(397, 245, 42378)
(397, 346, 52647)
(397, 396, 49500)
(397, 66, 50165)
(397, 21, 76660)
(397, 120, 51884)
(397, 106, 58888)
(397, 224, 25194)
(397, 314, 60602)
(397, 112, 69105)
(397, 291, 80865)
(397, 258, 82678)
(397, 13, 29474)
(397, 125, 23971)
(397, 212, 42945)
(397, 2, 59871)
(397, 40, 47818)
(397, 203, 68394)
(397, 7, 35015)
(397, 242, 85137)
(397, 283, 94856)
(397, 328, 43310)
(397, 332, 74776)
(397, 213, 56133)
(397, 217, 53350)
(397, 366, 8913)
(397, 250, 28455)
(397, 3, 23113)
(397, 387, 80770)
(397, 353, 89654)
(397, 369, 75784)
(397, 100, 33205)
(397, 344, 98224)
(397, 277, 3736)
(397, 371, 69751)
(397, 176, 2117)
(397, 285, 64585)
(397, 107, 33604)
(397, 373, 98062)
(397, 103, 95233)
(397, 42, 32330)
(397, 395, 100008)
(397, 98, 17951)
(397, 259, 69977)
(397, 329, 1061)
(397, 156, 18377)
(397, 48, 6102)
(397, 109, 21420)
(397, 363, 86708)
(397, 175, 95608)
(397, 138, 78460)
(397, 27, 30612)
(397, 129, 49365)
(397, 211, 85535)
(397, 355, 71272)
(397, 53, 3145)
(397, 189, 45815)
(397, 394, 17672)
(397, 90, 12634)
(397, 225, 1780)
(397, 177, 34023)
(397, 128, 31171)
(397, 272, 8204)
(397, 142, 94595)
(397, 52, 22986)
(397, 59, 97637)
(397, 163, 37001)
(397, 271, 61841)
(397, 93, 93916)
(397, 207, 43144)
(397, 273, 93384)
(397, 295, 17650)
(397, 147, 84150)
(397, 281, 36753)
(397, 47, 77045)
(397, 68, 11202)
(397, 252, 56281)
(397, 342, 91341)
(397, 148, 41100)
(397, 381, 29585)
(397, 36, 4198)
(397, 99, 71772)
(397, 223, 40762)
(397, 86, 14713)
(397, 4, 51527)
(397, 276, 45772)
(397, 358, 76724)
(397, 94, 90470)
(397, 165, 42514)
(397, 141, 8407)
(397, 178, 53149)
(397, 372, 31492)
(397, 197, 55698)
(397, 117, 2272)
(397, 235, 20904)
(397, 356, 49332)
(397, 181, 68756)
(397, 267, 36338)
(397, 18, 24518)
(397, 306, 43069)
(397, 101, 5628)
(397, 348, 91104)
(397, 166, 18474)
(397, 149, 7183)
(397, 318, 3176)
(397, 359, 19632)
(397, 108, 14746)
(397, 218, 38462)
(397, 89, 73881)
(397, 361, 55773)
(397, 171, 53245)
(397, 227, 52392)
(397, 374, 86491)
(397, 110, 68613)
(397, 111, 27247)
(397, 264, 10343)
(397, 343, 39723)
(397, 229, 10628)
(397, 204, 25272)
(397, 319, 14078)
(397, 335, 97032)
(397, 115, 44543)
(397, 236, 90191)
(397, 200, 83521)
(397, 158, 19575)
(397, 308, 6819)
(397, 269, 16045)
(397, 1, 42738)
(397, 336, 24457)
(397, 134, 86099)
(397, 38, 38230)
(397, 208, 6919)
(397, 347, 60186)
(397, 354, 94169)
(397, 378, 42677)
(397, 45, 71079)
(397, 0, 82103)
(397, 114, 89359)
(397, 116, 84746)
(397, 193, 47177)
(397, 183, 40071)
(397, 386, 14098)
(397, 321, 18945)
(397, 320, 41033)
(397, 113, 88964)
(397, 303, 23231)
(397, 71, 75607)
(397, 82, 43944)
(397, 152, 62603)
(397, 266, 65483)
(397, 270, 85248)
(397, 123, 21262)
(398, 280, 82687)
(398, 13, 29065)
(398, 99, 34919)
(398, 117, 14154)
(398, 269, 48799)
(398, 21, 88537)
(398, 81, 91406)
(398, 281, 82986)
(398, 28, 64128)
(398, 334, 63963)
(398, 170, 99540)
(398, 63, 44136)
(398, 157, 9803)
(398, 196, 65758)
(398, 0, 62799)
(398, 178, 23842)
(398, 14, 54904)
(398, 282, 1688)
(398, 30, 78999)
(398, 93, 35600)
(398, 368, 57168)
(398, 271, 33193)
(398, 154, 78526)
(398, 167, 22396)
(398, 236, 26780)
(398, 153, 32040)
(398, 48, 59469)
(398, 118, 28584)
(398, 346, 48047)
(398, 245, 8792)
(398, 141, 65320)
(398, 324, 55722)
(398, 162, 56406)
(398, 52, 76324)
(398, 164, 35058)
(398, 221, 89776)
(398, 113, 13159)
(398, 222, 26610)
(398, 326, 57263)
(398, 213, 69329)
(398, 267, 59835)
(398, 80, 83841)
(398, 91, 25517)
(398, 367, 2306)
(398, 254, 66424)
(398, 360, 77607)
(398, 71, 33012)
(398, 224, 87577)
(398, 64, 84136)
(398, 103, 21709)
(398, 288, 5421)
(398, 323, 1340)
(398, 122, 9394)
(398, 45, 48288)
(398, 104, 50733)
(398, 336, 100252)
(398, 265, 76944)
(398, 240, 2023)
(398, 366, 48951)
(398, 37, 74292)
(398, 137, 87237)
(398, 316, 38947)
(398, 332, 16956)
(398, 12, 37700)
(398, 298, 38469)
(398, 350, 60541)
(398, 53, 20307)
(398, 83, 38237)
(398, 381, 60970)
(398, 248, 48583)
(398, 150, 39655)
(398, 242, 1153)
(398, 10, 42743)
(398, 102, 48881)
(398, 319, 26819)
(398, 165, 73401)
(398, 327, 47597)
(398, 249, 45594)
(398, 62, 46739)
(398, 345, 26942)
(398, 338, 58275)
(398, 197, 24841)
(398, 353, 23490)
(398, 200, 60966)
(398, 279, 58457)
(398, 55, 96699)
(398, 257, 56867)
(398, 277, 80083)
(398, 22, 52181)
(398, 382, 3220)
(398, 212, 38854)
(398, 250, 58109)
(398, 230, 24306)
(398, 39, 89062)
(398, 217, 8356)
(398, 216, 66593)
(398, 132, 19227)
(398, 308, 52709)
(398, 396, 37921)
(398, 287, 90200)
(398, 394, 82863)
(398, 90, 27081)
(398, 42, 20001)
(398, 8, 50331)
(398, 111, 99789)
(398, 292, 85083)
(398, 356, 95788)
(398, 273, 91780)
(398, 41, 79915)
(398, 310, 35522)
(398, 67, 61995)
(398, 126, 56525)
(398, 209, 67621)
(398, 322, 65224)
(398, 347, 14621)
(398, 161, 58399)
(398, 123, 86787)
(398, 305, 53469)
(398, 59, 100272)
(398, 124, 55270)
(398, 321, 15474)
(398, 50, 411)
(398, 156, 60532)
(398, 358, 77520)
(398, 180, 97651)
(398, 264, 62054)
(398, 17, 26226)
(398, 211, 3092)
(398, 374, 52811)
(398, 260, 52487)
(398, 206, 34733)
(398, 247, 44243)
(398, 16, 34274)
(398, 179, 38743)
(398, 210, 42759)
(398, 129, 89668)
(398, 351, 42116)
(398, 377, 46300)
(398, 95, 86344)
(398, 34, 54643)
(398, 189, 1425)
(398, 228, 53733)
(398, 259, 12727)
(398, 177, 25876)
(398, 256, 84267)
(398, 181, 54153)
(398, 168, 92704)
(398, 29, 70258)
(398, 261, 19995)
(398, 58, 73296)
(398, 185, 93896)
(398, 184, 22321)
(398, 4, 59943)
(398, 86, 51680)
(398, 317, 98014)
(398, 138, 55674)
(398, 307, 14389)
(398, 361, 55500)
(398, 343, 68416)
(398, 69, 59748)
(398, 270, 91687)
(398, 304, 18661)
(398, 72, 50689)
(398, 266, 82528)
(398, 285, 47091)
(398, 73, 98995)
(398, 24, 21297)
(398, 175, 28602)
(398, 49, 17577)
(398, 363, 20389)
(398, 47, 41326)
(398, 182, 63696)
(398, 35, 2374)
(398, 225, 12169)
(398, 231, 93791)
(398, 284, 46229)
(398, 18, 87405)
(398, 176, 3719)
(398, 88, 72775)
(398, 328, 2471)
(398, 97, 13586)
(398, 371, 99632)
(398, 125, 71387)
(398, 309, 75154)
(398, 357, 29919)
(398, 74, 67881)
(398, 331, 74252)
(398, 341, 3567)
(398, 286, 25131)
(398, 268, 15772)
(398, 335, 97114)
(398, 121, 30961)
(398, 215, 35914)
(398, 208, 27340)
(398, 348, 73677)
(398, 362, 64428)
(398, 7, 81068)
(398, 313, 96052)
(398, 315, 34521)
(398, 311, 47196)
(398, 376, 97657)
(398, 295, 87283)
(398, 23, 90132)
(398, 131, 45952)
(398, 70, 24989)
(398, 5, 2085)
(398, 158, 42214)
(398, 144, 76176)
(398, 148, 15948)
(398, 372, 49654)
(398, 78, 76607)
(398, 344, 56292)
(398, 253, 53789)
(398, 183, 84710)
(398, 201, 89564)
(398, 379, 68591)
(398, 25, 74385)
(398, 306, 25603)
(398, 354, 5596)
(398, 370, 17073)
(398, 393, 40866)
(398, 194, 20322)
(398, 130, 75203)
(398, 293, 68309)
(398, 275, 75660)
(398, 325, 51325)
(398, 43, 47695)
(398, 6, 71259)
(398, 173, 80424)
(398, 339, 53921)
(398, 255, 54959)
(398, 291, 40346)
(398, 89, 13533)
(398, 3, 5058)
(398, 223, 94125)
(398, 391, 23147)
(398, 207, 94882)
(398, 112, 91366)
(398, 107, 9797)
(398, 329, 34433)
(398, 136, 4317)
(398, 397, 46608)
(398, 312, 83494)
(398, 143, 3731)
(398, 352, 56181)
(398, 373, 14887)
(398, 33, 63661)
(398, 1, 79569)
(398, 100, 97800)
(398, 195, 74958)
(398, 320, 15743)
(398, 375, 49593)
(398, 87, 14680)
(398, 235, 80654)
(398, 383, 25878)
(398, 152, 4588)
(398, 98, 53699)
(399, 60, 33064)
(399, 348, 4249)
(399, 90, 52672)
(399, 141, 24100)
(399, 10, 67166)
(399, 319, 62383)
(399, 321, 506)
(399, 376, 197)
(399, 216, 1035)
(399, 326, 9063)
(399, 299, 40991)
(399, 223, 75902)
(399, 11, 96043)
(399, 14, 77038)
(399, 246, 95554)
(399, 247, 4613)
(399, 283, 94912)
(399, 202, 28383)
(399, 138, 36146)
(399, 125, 70713)
(399, 126, 74517)
(399, 269, 4808)
(399, 179, 68733)
(399, 116, 39589)
(399, 313, 28753)
(399, 231, 27630)
(399, 226, 10155)
(399, 284, 56804)
(399, 384, 49385)
(399, 397, 11806)
(399, 50, 61203)
(399, 361, 46315)
(399, 102, 93824)
(399, 8, 32608)
(399, 62, 99744)
(399, 51, 65050)
(399, 366, 16554)
(399, 75, 83491)
(399, 377, 47194)
(399, 368, 19942)
(399, 147, 51248)
(399, 279, 38494)
(399, 222, 65156)
(399, 375, 80082)
(399, 165, 84097)
(399, 388, 86332)
(399, 191, 4120)
(399, 374, 42816)
(399, 271, 61958)
(399, 194, 12366)
(399, 255, 78969)
(399, 35, 67299)
(399, 352, 11665)
(399, 53, 5808)
(399, 74, 57577)
(399, 103, 81093)
(399, 281, 13653)
(399, 163, 12870)
(399, 30, 76673)
(399, 277, 27550)
(399, 92, 4062)
(399, 196, 23087)
(399, 54, 75242)
(399, 203, 57987)
(399, 34, 43139)
(399, 6, 87260)
(399, 94, 51218)
(399, 37, 49658)
(399, 204, 86080)
(399, 87, 67884)
(399, 365, 49028)
(399, 134, 94463)
(400, 110, 94969)
(400, 306, 28957)
(400, 344, 46506)
(400, 185, 97933)
(400, 275, 28971)
(400, 326, 86595)
(400, 264, 31170)
(400, 367, 77179)
(400, 317, 55935)
(400, 207, 58450)
(400, 100, 39859)
(400, 140, 34164)
(400, 397, 82196)
(400, 338, 78781)
(400, 105, 41486)
(400, 189, 25193)
(400, 184, 92852)
(400, 253, 71777)
(400, 276, 68889)
(400, 259, 93168)
(400, 202, 91681)
(401, 287, 55276)
(401, 308, 69019)
(401, 2, 30470)
(401, 122, 53707)
(401, 269, 37389)
(401, 160, 22674)
(401, 260, 26568)
(401, 176, 73951)
(401, 386, 23254)
(401, 13, 18617)
(401, 376, 85773)
(401, 14, 10428)
(401, 200, 14136)
(401, 28, 37853)
(401, 74, 43705)
(401, 139, 74898)
(401, 394, 47361)
(401, 268, 20188)
(401, 239, 10363)
(401, 9, 56592)
(401, 134, 24009)
(401, 189, 72592)
(401, 357, 13995)
(401, 4, 58171)
(401, 72, 82560)
(401, 167, 95875)
(401, 259, 31163)
(401, 181, 52973)
(401, 300, 46031)
(401, 80, 79603)
(401, 267, 70143)
(401, 112, 40962)
(401, 285, 45123)
(401, 49, 30233)
(401, 397, 84898)
(401, 251, 4392)
(401, 129, 47379)
(401, 345, 39734)
(401, 158, 29807)
(401, 279, 41877)
(401, 213, 75240)
(401, 293, 74035)
(401, 10, 19618)
(401, 361, 64510)
(401, 233, 40160)
(401, 42, 52435)
(401, 198, 33612)
(401, 147, 33641)
(401, 11, 51510)
(401, 396, 66567)
(401, 126, 90271)
(401, 91, 84189)
(401, 371, 53589)
(401, 331, 25354)
(401, 312, 71566)
(401, 358, 40400)
(401, 111, 62680)
(401, 154, 11922)
(401, 89, 67266)
(401, 163, 68978)
(401, 156, 23711)
(401, 348, 29920)
(401, 231, 31681)
(401, 271, 26632)
(401, 101, 77064)
(401, 232, 85717)
(401, 360, 1040)
(401, 34, 81335)
(401, 68, 73682)
(401, 132, 71241)
(401, 270, 50452)
(401, 318, 76571)
(401, 228, 36523)
(401, 0, 7129)
(401, 235, 64784)
(401, 301, 98351)
(401, 144, 87810)
(401, 369, 36989)
(401, 262, 95923)
(401, 375, 65257)
(401, 257, 49103)
(401, 55, 25111)
(401, 202, 48039)
(401, 314, 92624)
(401, 105, 45696)
(401, 7, 22400)
(401, 152, 17518)
(401, 240, 85167)
(401, 210, 65525)
(401, 349, 92028)
(401, 315, 36113)
(401, 56, 5331)
(401, 263, 88778)
(402, 176, 3036)
(402, 1, 6868)
(402, 315, 69630)
(402, 223, 92597)
(402, 284, 85158)
(402, 117, 22359)
(402, 249, 39234)
(402, 22, 75560)
(402, 139, 81004)
(402, 211, 88032)
(402, 32, 71685)
(402, 106, 66754)
(402, 18, 49150)
(402, 209, 40354)
(402, 229, 4105)
(402, 175, 25646)
(402, 342, 43352)
(402, 332, 10199)
(402, 137, 13238)
(402, 279, 77901)
(402, 311, 28331)
(402, 69, 35436)
(402, 138, 79189)
(402, 35, 22999)
(402, 207, 44534)
(402, 265, 91882)
(402, 345, 43715)
(402, 48, 5737)
(402, 267, 68801)
(402, 380, 70511)
(402, 78, 90440)
(402, 130, 74332)
(402, 41, 95867)
(402, 220, 1605)
(402, 192, 93249)
(402, 152, 92252)
(402, 319, 4063)
(402, 119, 78141)
(402, 49, 60643)
(402, 11, 94237)
(402, 293, 61398)
(402, 140, 82848)
(402, 278, 30624)
(402, 354, 100127)
(402, 70, 45429)
(402, 83, 38188)
(402, 144, 96831)
(402, 8, 73259)
(402, 64, 11139)
(402, 180, 76932)
(402, 262, 2187)
(402, 250, 61532)
(402, 314, 25773)
(402, 216, 73269)
(402, 339, 67002)
(402, 297, 12219)
(402, 96, 51229)
(402, 86, 43424)
(402, 286, 13193)
(402, 92, 50532)
(402, 16, 56568)
(402, 234, 14886)
(402, 320, 55031)
(402, 154, 1490)
(402, 21, 67229)
(402, 0, 64739)
(402, 124, 98040)
(402, 14, 14567)
(402, 57, 86270)
(402, 168, 43966)
(402, 205, 50668)
(402, 263, 62555)
(402, 341, 66590)
(402, 317, 26209)
(402, 334, 25356)
(402, 214, 23999)
(402, 129, 34234)
(402, 203, 12077)
(402, 147, 16720)
(402, 201, 5033)
(402, 395, 50441)
(402, 313, 39290)
(402, 104, 77202)
(402, 13, 92792)
(402, 253, 22187)
(402, 244, 76710)
(402, 309, 12513)
(402, 396, 81118)
(402, 107, 68726)
(402, 108, 45855)
(402, 362, 91960)
(402, 94, 41934)
(402, 53, 1755)
(402, 80, 55437)
(402, 170, 68010)
(402, 248, 3357)
(402, 340, 41103)
(402, 178, 24303)
(402, 272, 35831)
(402, 127, 66609)
(402, 46, 55251)
(402, 352, 60385)
(402, 376, 93458)
(402, 118, 94468)
(402, 30, 37458)
(402, 125, 8134)
(402, 239, 40025)
(402, 151, 91919)
(402, 324, 79524)
(402, 45, 32470)
(402, 226, 57822)
(402, 190, 84339)
(402, 388, 52341)
(402, 241, 21986)
(402, 348, 66562)
(402, 300, 8220)
(402, 228, 20427)
(402, 9, 70266)
(402, 383, 50563)
(402, 236, 96083)
(402, 377, 82229)
(402, 364, 35423)
(402, 289, 12055)
(402, 208, 91362)
(402, 333, 57490)
(402, 238, 79488)
(402, 33, 14335)
(402, 44, 74238)
(402, 100, 36177)
(402, 273, 25021)
(402, 369, 5476)
(402, 185, 23159)
(402, 393, 51343)
(402, 121, 62891)
(402, 189, 47057)
(402, 242, 62274)
(402, 318, 25599)
(402, 291, 48179)
(402, 193, 64817)
(402, 202, 66350)
(403, 339, 21827)
(403, 179, 41267)
(403, 174, 32256)
(403, 69, 56692)
(403, 153, 58200)
(403, 232, 70218)
(403, 90, 1242)
(403, 79, 970)
(403, 93, 25080)
(403, 274, 14554)
(403, 305, 73487)
(403, 233, 17251)
(403, 129, 96759)
(403, 4, 68023)
(403, 378, 43517)
(403, 97, 97942)
(403, 201, 36526)
(403, 301, 98750)
(403, 334, 98309)
(403, 384, 37367)
(403, 59, 57236)
(403, 365, 80831)
(403, 125, 36252)
(403, 177, 44968)
(403, 23, 32728)
(403, 168, 40501)
(403, 327, 65155)
(403, 145, 53912)
(403, 104, 7501)
(403, 376, 71706)
(403, 128, 7171)
(403, 273, 37684)
(403, 350, 7082)
(403, 237, 35784)
(403, 401, 25851)
(403, 387, 34983)
(403, 185, 45554)
(403, 106, 24730)
(403, 112, 48340)
(403, 6, 18198)
(403, 5, 54757)
(403, 142, 27295)
(403, 304, 27715)
(403, 170, 41283)
(403, 173, 98880)
(403, 383, 28157)
(403, 375, 37998)
(403, 43, 74382)
(403, 197, 70793)
(403, 67, 33923)
(403, 196, 56041)
(403, 71, 5471)
(403, 88, 65179)
(403, 386, 49600)
(403, 271, 51778)
(403, 211, 41721)
(403, 57, 41229)
(403, 47, 564)
(403, 287, 78872)
(403, 151, 93391)
(403, 395, 24006)
(403, 159, 37305)
(403, 91, 44007)
(403, 225, 38117)
(403, 160, 30472)
(403, 200, 16643)
(403, 72, 36024)
(403, 255, 79554)
(403, 263, 84314)
(403, 240, 59039)
(403, 131, 17005)
(403, 366, 91711)
(403, 137, 72663)
(403, 247, 11633)
(403, 28, 83210)
(403, 98, 75970)
(403, 56, 743)
(403, 180, 67325)
(403, 49, 3117)
(403, 372, 37456)
(403, 193, 4480)
(403, 16, 89016)
(403, 281, 82723)
(403, 109, 68004)
(403, 321, 80255)
(403, 119, 18497)
(403, 85, 40075)
(403, 8, 32241)
(403, 320, 30838)
(403, 120, 38986)
(403, 270, 97739)
(403, 279, 62935)
(403, 224, 44974)
(403, 147, 30350)
(403, 388, 64162)
(403, 312, 93627)
(403, 311, 11046)
(403, 292, 43324)
(403, 178, 77101)
(403, 141, 55862)
(403, 347, 7514)
(403, 369, 77780)
(403, 235, 90547)
(403, 367, 14644)
(403, 262, 71288)
(403, 205, 53698)
(403, 218, 9167)
(403, 62, 73744)
(403, 252, 71614)
(403, 371, 15023)
(403, 342, 78783)
(403, 76, 9082)
(403, 261, 69760)
(403, 44, 31554)
(403, 353, 81245)
(403, 373, 760)
(403, 34, 27153)
(403, 202, 11398)
(403, 368, 66974)
(403, 382, 1786)
(403, 399, 75848)
(403, 394, 38143)
(403, 398, 40849)
(403, 227, 90840)
(403, 78, 54992)
(403, 230, 98456)
(403, 208, 24272)
(403, 397, 13973)
(403, 121, 37017)
(403, 286, 15950)
(403, 64, 43255)
(403, 229, 46572)
(403, 328, 92336)
(403, 362, 23269)
(403, 35, 12544)
(403, 251, 22048)
(403, 258, 21379)
(403, 100, 54139)
(403, 156, 63076)
(403, 40, 74458)
(403, 58, 46612)
(403, 102, 38317)
(403, 19, 97954)
(403, 315, 2478)
(403, 123, 91719)
(403, 379, 52488)
(403, 269, 58300)
(403, 294, 67799)
(403, 189, 79857)
(403, 107, 29928)
(403, 220, 100276)
(403, 46, 3880)
(403, 132, 3125)
(403, 53, 78985)
(403, 332, 50444)
(403, 191, 70333)
(403, 242, 10476)
(403, 254, 61486)
(403, 260, 12863)
(403, 290, 2921)
(403, 150, 43121)
(403, 124, 27697)
(403, 250, 36990)
(403, 152, 89852)
(403, 245, 39730)
(403, 171, 19833)
(403, 166, 41449)
(403, 385, 72079)
(403, 340, 7071)
(403, 396, 21389)
(403, 188, 29401)
(403, 283, 59028)
(403, 155, 47813)
(403, 243, 46811)
(403, 352, 31018)
(403, 374, 23775)
(403, 326, 19783)
(403, 181, 5793)
(403, 316, 40827)
(403, 393, 16065)
(403, 344, 15876)
(403, 295, 24153)
(403, 126, 12284)
(403, 9, 65343)
(403, 308, 73110)
(403, 272, 7310)
(403, 135, 93019)
(403, 317, 100214)
(403, 335, 17000)
(403, 299, 85570)
(403, 169, 24732)
(403, 298, 35146)
(403, 319, 30300)
(403, 361, 61935)
(403, 234, 13835)
(403, 182, 11322)
(403, 219, 55340)
(403, 285, 77867)
(403, 343, 12806)
(403, 336, 58604)
(403, 324, 95846)
(403, 186, 90077)
(403, 158, 67760)
(403, 322, 22883)
(403, 310, 1798)
(403, 356, 13208)
(403, 25, 11374)
(403, 198, 24620)
(403, 253, 60976)
(403, 50, 54512)
(403, 392, 95099)
(403, 61, 65941)
(403, 163, 46677)
(403, 282, 7125)
(403, 118, 64774)
(403, 55, 69588)
(403, 210, 52530)
(403, 75, 83174)
(403, 122, 97484)
(403, 21, 42689)
(403, 2, 86888)
(403, 329, 57233)
(403, 231, 91659)
(403, 146, 66672)
(403, 27, 34467)
(403, 48, 84452)
(403, 256, 11875)
(403, 358, 96502)
(403, 346, 76893)
(403, 37, 49049)
(403, 10, 65785)
(403, 165, 17312)
(403, 306, 9840)
(403, 276, 95325)
(403, 172, 24790)
(403, 402, 77066)
(403, 268, 29107)
(403, 87, 66793)
(403, 194, 22808)
(403, 154, 75622)
(403, 77, 12686)
(403, 15, 27413)
(403, 12, 100046)
(403, 32, 8715)
(403, 300, 84719)
(403, 207, 63989)
(403, 187, 79002)
(403, 96, 16763)
(403, 89, 62193)
(403, 203, 26170)
(403, 192, 24769)
(403, 318, 78016)
(403, 267, 96836)
(403, 175, 39907)
(403, 162, 69972)
(403, 105, 92858)
(403, 391, 82314)
(403, 138, 76666)
(403, 236, 53906)
(403, 389, 75424)
(403, 380, 29590)
(403, 246, 24757)
(403, 114, 30690)
(403, 63, 1559)
(403, 223, 4670)
(403, 190, 36559)
(403, 130, 6531)
(403, 30, 76519)
(403, 148, 85827)
(403, 280, 71680)
(403, 101, 63558)
(403, 108, 25420)
(403, 228, 7833)
(403, 338, 72140)
(403, 95, 12028)
(403, 293, 7954)
(403, 26, 34534)
(403, 115, 4042)
(403, 183, 42953)
(403, 195, 15591)
(403, 139, 26195)
(403, 41, 67173)
(403, 22, 68265)
(403, 333, 7232)
(403, 149, 64034)
(403, 157, 17654)
(403, 284, 43337)
(403, 31, 13509)
(403, 134, 68445)
(403, 400, 34825)
(403, 199, 9622)
(403, 265, 24786)
(403, 84, 55945)
(403, 354, 81446)
(403, 70, 16758)
(403, 36, 4865)
(403, 0, 45540)
(403, 86, 83794)
(403, 313, 15951)
(403, 68, 17286)
(403, 184, 62960)
(403, 17, 22583)
(403, 99, 48330)
(403, 18, 27909)
(403, 377, 56120)
(403, 94, 71534)
(403, 381, 71104)
(403, 348, 72574)
(403, 370, 80076)
(403, 133, 80238)
(403, 257, 4639)
(403, 13, 1811)
(403, 226, 68133)
(403, 289, 82831)
(403, 7, 69094)
(403, 355, 81885)
(403, 357, 90659)
(403, 221, 9383)
(403, 331, 52533)
(403, 3, 43380)
(403, 204, 54619)
(403, 42, 49848)
(403, 390, 61608)
(403, 29, 53509)
(403, 110, 10682)
(403, 360, 28346)
(403, 239, 54680)
(403, 363, 81224)
(403, 296, 43385)
(403, 66, 63252)
(403, 11, 37234)
(403, 217, 4956)
(403, 39, 83950)
(403, 277, 92189)
(403, 297, 87007)
(403, 337, 24510)
(403, 81, 56386)
(403, 215, 39927)
(403, 117, 13169)
(403, 241, 25870)
(403, 264, 90859)
(403, 359, 63670)
(403, 278, 79240)
(403, 330, 58553)
(403, 136, 85120)
(403, 341, 41516)
(403, 307, 17797)
(403, 38, 98792)
(403, 73, 21618)
(403, 323, 1412)
(403, 209, 40422)
(403, 14, 84473)
(403, 303, 2305)
(403, 144, 15051)
(403, 167, 9133)
(404, 324, 50792)
(404, 193, 78238)
(404, 49, 90703)
(404, 134, 39131)
(404, 320, 29238)
(404, 350, 80686)
(404, 44, 64013)
(404, 21, 16768)
(404, 357, 91470)
(404, 237, 70281)
(404, 94, 68259)
(404, 249, 1698)
(404, 375, 44755)
(404, 301, 86333)
(404, 39, 97680)
(404, 87, 78865)
(404, 288, 59880)
(404, 132, 37805)
(404, 10, 6778)
(404, 330, 34635)
(404, 149, 51751)
(404, 356, 48459)
(404, 278, 13300)
(404, 366, 4602)
(404, 129, 22619)
(404, 145, 84373)
(404, 100, 69113)
(404, 29, 1424)
(404, 101, 49105)
(404, 308, 1551)
(404, 157, 82912)
(404, 42, 10627)
(404, 352, 93172)
(404, 171, 33990)
(404, 228, 36646)
(404, 170, 28207)
(404, 121, 98)
(404, 15, 91048)
(404, 230, 615)
(404, 229, 87756)
(404, 323, 44564)
(404, 333, 2349)
(404, 79, 14509)
(404, 115, 37715)
(404, 116, 54607)
(404, 372, 63545)
(404, 209, 74448)
(404, 186, 46307)
(404, 104, 38305)
(404, 265, 16975)
(404, 347, 56833)
(404, 343, 12608)
(404, 126, 7050)
(404, 84, 90480)
(404, 25, 9709)
(404, 5, 73570)
(404, 96, 42294)
(404, 86, 45920)
(405, 194, 63497)
(405, 33, 67464)
(405, 9, 35071)
(405, 207, 2694)
(405, 210, 34038)
(405, 4, 35545)
(405, 179, 50771)
(405, 114, 45944)
(405, 333, 82410)
(405, 342, 91116)
(405, 131, 95578)
(405, 391, 71718)
(405, 204, 41301)
(405, 148, 43265)
(405, 40, 87771)
(405, 181, 88718)
(405, 132, 73846)
(405, 92, 68405)
(405, 291, 44094)
(405, 119, 95515)
(405, 344, 81463)
(405, 331, 13697)
(405, 118, 18431)
(405, 265, 76439)
(405, 47, 24469)
(405, 41, 46351)
(405, 61, 88781)
(405, 218, 14871)
(405, 286, 52513)
(405, 368, 57576)
(405, 81, 40527)
(405, 337, 65930)
(405, 84, 88810)
(405, 171, 1747)
(405, 130, 69404)
(405, 316, 89327)
(405, 272, 32656)
(405, 224, 91095)
(405, 339, 56335)
(405, 127, 34411)
(405, 293, 41044)
(405, 107, 46209)
(405, 143, 92396)
(405, 254, 236)
(405, 367, 30548)
(405, 5, 92436)
(405, 93, 25048)
(405, 20, 23393)
(405, 121, 87286)
(405, 313, 67567)
(405, 195, 1757)
(405, 267, 41989)
(405, 58, 82948)
(405, 104, 4879)
(405, 168, 16232)
(405, 146, 10080)
(405, 200, 50158)
(405, 203, 61993)
(405, 48, 36388)
(405, 133, 77182)
(405, 377, 6576)
(405, 320, 89038)
(405, 319, 33451)
(405, 165, 56089)
(405, 134, 58413)
(405, 264, 63189)
(405, 229, 58071)
(405, 115, 77906)
(405, 240, 32773)
(405, 256, 35598)
(405, 13, 42112)
(405, 102, 17596)
(405, 284, 28037)
(405, 390, 53050)
(405, 373, 42918)
(405, 135, 15978)
(405, 376, 41717)
(405, 309, 15235)
(405, 347, 47817)
(405, 136, 75087)
(405, 77, 95300)
(405, 29, 58968)
(405, 151, 63277)
(405, 71, 12954)
(405, 145, 70065)
(405, 250, 18743)
(405, 37, 58898)
(405, 311, 59060)
(405, 140, 97464)
(405, 308, 16557)
(405, 378, 46610)
(405, 128, 91297)
(405, 99, 51112)
(405, 379, 42046)
(405, 213, 42283)
(405, 266, 42929)
(405, 343, 9480)
(405, 46, 18136)
(405, 116, 87914)
(405, 322, 28405)
(405, 216, 82350)
(405, 372, 47375)
(405, 323, 11714)
(405, 370, 1123)
(405, 358, 37105)
(405, 141, 87360)
(405, 277, 57910)
(405, 189, 30972)
(405, 185, 21083)
(405, 190, 90579)
(405, 153, 32516)
(405, 361, 5561)
(405, 156, 46163)
(405, 159, 58257)
(405, 247, 87362)
(405, 177, 47347)
(405, 261, 10417)
(405, 369, 62233)
(405, 188, 62723)
(405, 191, 25532)
(405, 196, 63097)
(405, 23, 37045)
(405, 295, 71778)
(405, 381, 50601)
(405, 201, 75618)
(405, 111, 78107)
(405, 176, 16406)
(405, 36, 56179)
(405, 184, 87170)
(405, 219, 51536)
(405, 73, 95743)
(405, 174, 44076)
(405, 3, 65915)
(405, 66, 66921)
(405, 214, 71101)
(405, 348, 30063)
(405, 360, 26518)
(405, 65, 95842)
(405, 88, 77208)
(405, 353, 62051)
(405, 399, 89053)
(405, 8, 4512)
(405, 397, 60689)
(405, 89, 42057)
(405, 395, 72182)
(405, 366, 99456)
(405, 163, 12655)
(405, 243, 32080)
(405, 235, 98366)
(405, 258, 23179)
(405, 6, 84191)
(405, 120, 61685)
(405, 251, 16889)
(405, 317, 24645)
(405, 56, 34828)
(405, 312, 85023)
(405, 341, 96882)
(405, 180, 87876)
(405, 237, 54207)
(405, 138, 86133)
(405, 274, 43686)
(405, 374, 64268)
(405, 245, 79787)
(405, 288, 24569)
(405, 53, 73517)
(405, 398, 97632)
(405, 182, 74941)
(405, 173, 37906)
(405, 303, 83712)
(405, 227, 67273)
(405, 306, 53162)
(405, 345, 69604)
(405, 85, 49992)
(405, 55, 90908)
(405, 44, 3851)
(405, 363, 59449)
(405, 25, 54213)
(405, 82, 93190)
(405, 38, 43182)
(405, 294, 57118)
(405, 87, 95870)
(405, 354, 53882)
(405, 97, 82085)
(405, 280, 22363)
(405, 7, 59785)
(405, 60, 28545)
(405, 96, 16043)
(405, 271, 53226)
(405, 299, 45955)
(405, 241, 32847)
(405, 17, 44118)
(405, 172, 33185)
(405, 123, 83518)
(405, 389, 62687)
(405, 297, 82897)
(405, 283, 42544)
(405, 387, 70493)
(405, 233, 62909)
(405, 19, 70111)
(405, 105, 72620)
(405, 287, 14366)
(405, 349, 86224)
(405, 205, 33344)
(405, 183, 76206)
(405, 74, 93119)
(405, 393, 55480)
(405, 137, 93958)
(405, 334, 68359)
(405, 54, 19825)
(405, 375, 91970)
(405, 262, 26290)
(405, 83, 82138)
(405, 108, 61408)
(405, 10, 17148)
(405, 392, 42947)
(405, 15, 59295)
(405, 124, 15871)
(405, 296, 94696)
(405, 70, 4947)
(405, 404, 64659)
(405, 255, 80679)
(405, 329, 41899)
(405, 223, 56915)
(405, 109, 73068)
(405, 217, 75665)
(405, 257, 58897)
(405, 252, 89145)
(405, 269, 22622)
(405, 228, 51560)
(405, 27, 29965)
(405, 63, 97474)
(405, 394, 65816)
(405, 338, 30825)
(405, 364, 88099)
(405, 302, 33540)
(405, 310, 82665)
(405, 11, 58543)
(405, 244, 59470)
(405, 282, 7292)
(405, 18, 70174)
(405, 380, 92878)
(405, 166, 40376)
(405, 155, 91303)
(405, 202, 91673)
(405, 187, 33535)
(405, 281, 38591)
(405, 62, 92430)
(405, 307, 5242)
(405, 340, 41159)
(405, 336, 77030)
(405, 385, 83820)
(405, 304, 83595)
(405, 51, 85573)
(405, 147, 37769)
(405, 139, 22032)
(405, 59, 21601)
(405, 160, 98443)
(405, 290, 81664)
(405, 384, 96430)
(405, 1, 92505)
(405, 234, 46223)
(405, 230, 3497)
(405, 158, 64200)
(405, 43, 93395)
(405, 162, 68343)
(405, 253, 22430)
(405, 31, 20856)
(405, 98, 75069)
(405, 246, 46083)
(405, 402, 63742)
(405, 154, 92918)
(405, 259, 33244)
(405, 152, 20031)
(405, 157, 22879)
(405, 276, 92595)
(405, 289, 41200)
(405, 221, 90524)
(405, 249, 32465)
(405, 90, 60558)
(405, 222, 43102)
(405, 356, 10833)
(405, 211, 97109)
(405, 79, 62167)
(405, 326, 52929)
(405, 126, 94643)
(405, 305, 2512)
(405, 106, 43019)
(405, 260, 55689)
(405, 164, 81940)
(405, 199, 69513)
(405, 35, 42222)
(405, 231, 33533)
(405, 301, 85890)
(405, 209, 12047)
(405, 170, 16958)
(405, 352, 50728)
(405, 225, 94656)
(405, 362, 44507)
(405, 278, 92906)
(405, 238, 26542)
(405, 298, 88606)
(405, 242, 4781)
(405, 101, 94947)
(405, 273, 92940)
(405, 52, 43118)
(405, 346, 464)
(405, 161, 20333)
(405, 324, 82851)
(405, 80, 65399)
(405, 22, 78182)
(405, 75, 40785)
(406, 285, 25895)
(406, 25, 17781)
(406, 200, 99157)
(406, 256, 71582)
(406, 150, 61259)
(406, 35, 58625)
(406, 172, 57142)
(406, 316, 4132)
(406, 293, 85389)
(406, 215, 85779)
(406, 0, 83015)
(406, 396, 80045)
(406, 42, 82739)
(406, 205, 52739)
(406, 59, 31335)
(406, 158, 96446)
(406, 349, 31793)
(406, 69, 71837)
(406, 51, 27563)
(406, 337, 27264)
(406, 193, 1094)
(406, 47, 21374)
(406, 56, 79024)
(406, 155, 1138)
(406, 315, 49116)
(406, 399, 94663)
(406, 13, 87433)
(406, 61, 3353)
(406, 3, 75381)
(406, 274, 69211)
(406, 304, 3801)
(406, 204, 2603)
(406, 319, 2110)
(406, 251, 71492)
(406, 339, 22168)
(406, 213, 5189)
(406, 192, 53504)
(406, 125, 32171)
(406, 307, 19841)
(406, 341, 56845)
(406, 214, 45029)
(406, 113, 752)
(406, 180, 89990)
(406, 86, 34846)
(406, 271, 5857)
(406, 45, 23679)
(406, 268, 50585)
(406, 382, 94879)
(406, 64, 48338)
(406, 185, 52171)
(406, 151, 69574)
(406, 224, 94635)
(406, 68, 19093)
(406, 66, 76804)
(406, 336, 83270)
(406, 170, 24240)
(406, 159, 83014)
(406, 65, 15002)
(406, 242, 71751)
(406, 328, 82573)
(406, 144, 31144)
(406, 281, 7916)
(406, 187, 88976)
(406, 127, 32526)
(407, 184, 14209)
(407, 162, 56563)
(407, 194, 95130)
(407, 204, 34827)
(407, 123, 89328)
(407, 303, 42942)
(407, 196, 55484)
(407, 404, 96711)
(407, 18, 67240)
(407, 95, 46671)
(407, 181, 43958)
(407, 98, 535)
(407, 213, 28142)
(407, 56, 49089)
(407, 243, 95135)
(407, 61, 23928)
(407, 248, 49124)
(407, 62, 38971)
(407, 2, 73039)
(407, 387, 30994)
(407, 342, 62500)
(407, 164, 21254)
(407, 310, 10261)
(407, 52, 58402)
(407, 169, 99258)
(407, 274, 52529)
(407, 27, 46615)
(407, 4, 9229)
(407, 187, 71739)
(407, 149, 19963)
(407, 339, 92898)
(407, 0, 15328)
(407, 80, 23337)
(407, 15, 70540)
(407, 71, 96474)
(407, 58, 86950)
(407, 280, 37764)
(407, 271, 9280)
(407, 43, 13124)
(407, 375, 16927)
(407, 104, 93744)
(407, 29, 54163)
(407, 41, 92267)
(407, 261, 65632)
(407, 350, 1488)
(407, 348, 15831)
(407, 364, 67717)
(407, 232, 82823)
(407, 129, 19769)
(407, 366, 82012)
(407, 128, 47738)
(407, 217, 81251)
(407, 405, 86809)
(407, 94, 71478)
(407, 14, 86287)
(407, 31, 81274)
(407, 324, 13538)
(407, 314, 65777)
(407, 398, 94443)
(407, 33, 71483)
(407, 247, 89740)
(407, 76, 1775)
(407, 249, 9360)
(407, 225, 18643)
(407, 262, 56774)
(407, 308, 93489)
(407, 215, 11174)
(407, 176, 72968)
(407, 156, 80322)
(407, 207, 21404)
(407, 116, 39662)
(407, 8, 81545)
(407, 155, 75219)
(407, 312, 91677)
(407, 1, 15032)
(407, 197, 53000)
(407, 287, 27857)
(407, 361, 36906)
(407, 160, 77856)
(407, 273, 23024)
(407, 135, 52185)
(407, 322, 96493)
(407, 60, 79465)
(407, 130, 43935)
(407, 265, 48264)
(407, 110, 88684)
(407, 380, 88415)
(407, 88, 14941)
(407, 200, 71082)
(407, 90, 35313)
(407, 330, 94041)
(407, 281, 18319)
(407, 150, 17715)
(407, 384, 45753)
(407, 377, 27181)
(407, 12, 73522)
(407, 295, 27822)
(407, 278, 78897)
(407, 354, 27633)
(407, 389, 22044)
(407, 208, 30514)
(407, 347, 45018)
(407, 45, 57984)
(407, 141, 26891)
(407, 92, 11647)
(407, 59, 58163)
(407, 112, 34894)
(407, 351, 97720)
(407, 11, 36877)
(407, 87, 66555)
(407, 228, 88413)
(407, 93, 98118)
(407, 178, 35994)
(407, 266, 16106)
(407, 157, 6573)
(407, 305, 69458)
(407, 242, 71663)
(407, 78, 78531)
(407, 334, 100071)
(407, 47, 31884)
(407, 101, 85665)
(407, 108, 76754)
(407, 152, 76281)
(407, 25, 79813)
(407, 143, 18602)
(407, 166, 79980)
(407, 74, 30087)
(407, 276, 19795)
(407, 191, 38608)
(407, 240, 99980)
(407, 391, 29138)
(407, 349, 75698)
(407, 44, 38096)
(407, 282, 10698)
(407, 64, 92726)
(407, 338, 62870)
(407, 86, 99517)
(407, 185, 14870)
(407, 75, 74926)
(407, 331, 64502)
(407, 254, 24083)
(407, 85, 17956)
(407, 226, 93601)
(407, 329, 12062)
(407, 102, 86801)
(407, 304, 20977)
(407, 307, 67003)
(407, 264, 27410)
(407, 51, 97356)
(407, 320, 92565)
(407, 107, 11975)
(407, 244, 31376)
(407, 237, 10305)
(407, 392, 70811)
(407, 148, 37640)
(407, 121, 86740)
(407, 193, 41052)
(407, 299, 78004)
(407, 267, 90619)
(408, 254, 9687)
(408, 369, 22749)
(408, 2, 80385)
(408, 184, 1613)
(408, 14, 40702)
(408, 372, 29022)
(408, 174, 76047)
(408, 227, 55961)
(408, 308, 46973)
(408, 263, 86636)
(408, 188, 65628)
(408, 41, 63193)
(408, 57, 21115)
(408, 187, 86335)
(408, 400, 96650)
(408, 230, 26528)
(408, 244, 44413)
(408, 252, 26829)
(408, 337, 49093)
(408, 97, 50703)
(408, 374, 81570)
(408, 340, 61975)
(408, 311, 62020)
(408, 32, 5004)
(408, 12, 97267)
(408, 51, 87000)
(408, 273, 98808)
(408, 101, 82976)
(408, 179, 91232)
(408, 162, 49772)
(408, 18, 97452)
(408, 360, 39151)
(408, 40, 7281)
(408, 100, 25812)
(408, 342, 42284)
(408, 139, 23256)
(408, 19, 58969)
(408, 290, 14397)
(408, 239, 1202)
(408, 27, 41251)
(408, 167, 85136)
(408, 322, 44582)
(408, 326, 1384)
(408, 310, 76993)
(408, 161, 91896)
(408, 394, 3823)
(408, 212, 83151)
(408, 401, 88445)
(408, 95, 42083)
(408, 56, 73439)
(408, 143, 5074)
(408, 108, 38708)
(408, 405, 39963)
(408, 324, 89825)
(408, 200, 70323)
(408, 361, 9673)
(408, 309, 28112)
(408, 69, 71560)
(408, 231, 72646)
(408, 78, 46651)
(408, 23, 38698)
(408, 46, 91914)
(408, 295, 12268)
(408, 359, 12820)
(408, 33, 5940)
(408, 77, 17436)
(408, 323, 28938)
(408, 89, 37083)
(408, 386, 83645)
(408, 124, 74885)
(408, 16, 48632)
(408, 243, 55333)
(408, 132, 85666)
(408, 147, 99182)
(408, 37, 13127)
(408, 201, 47688)
(408, 146, 19396)
(408, 120, 19548)
(408, 173, 20173)
(408, 66, 9837)
(408, 236, 428)
(408, 292, 6998)
(408, 232, 32803)
(408, 253, 23630)
(408, 349, 90098)
(408, 180, 60172)
(408, 138, 74325)
(408, 215, 84765)
(408, 228, 18276)
(408, 150, 52305)
(408, 271, 67019)
(408, 176, 10468)
(408, 160, 58496)
(408, 304, 20371)
(408, 296, 74155)
(408, 83, 2675)
(408, 353, 64826)
(408, 153, 30190)
(408, 291, 89994)
(408, 59, 46388)
(408, 36, 74671)
(408, 274, 86762)
(408, 70, 83824)
(408, 344, 8205)
(408, 110, 77165)
(408, 278, 96103)
(408, 302, 3069)
(408, 204, 89070)
(408, 107, 56773)
(408, 354, 71340)
(408, 272, 48760)
(408, 85, 70529)
(408, 396, 29391)
(408, 181, 54602)
(408, 125, 49311)
(408, 407, 14984)
(408, 314, 30035)
(408, 339, 25894)
(408, 211, 61698)
(408, 325, 35671)
(408, 190, 98550)
(408, 194, 45245)
(408, 91, 64251)
(408, 44, 23469)
(408, 238, 30605)
(408, 203, 5938)
(408, 148, 91863)
(408, 102, 56270)
(408, 185, 31701)
(408, 249, 37393)
(408, 280, 90540)
(408, 275, 63519)
(408, 219, 39855)
(408, 251, 99530)
(408, 266, 55981)
(408, 365, 83324)
(408, 241, 82277)
(408, 206, 75519)
(408, 98, 30525)
(408, 384, 53075)
(408, 294, 55729)
(408, 398, 37611)
(408, 368, 46816)
(408, 195, 38730)
(408, 240, 60856)
(408, 388, 43014)
(408, 385, 17618)
(408, 343, 84695)
(408, 47, 35756)
(408, 9, 3818)
(408, 303, 52250)
(408, 74, 39604)
(408, 112, 43441)
(408, 159, 72366)
(408, 370, 47072)
(408, 163, 31117)
(408, 262, 59604)
(408, 222, 21638)
(408, 293, 89178)
(408, 313, 17061)
(408, 264, 61487)
(408, 8, 25074)
(408, 141, 100206)
(408, 286, 16221)
(408, 332, 27718)
(408, 392, 63431)
(408, 320, 31908)
(408, 10, 28249)
(408, 380, 60668)
(408, 103, 32564)
(408, 75, 95787)
(408, 229, 31328)
(408, 106, 63973)
(408, 279, 80792)
(408, 281, 33760)
(408, 52, 8539)
(408, 119, 53545)
(408, 341, 91337)
(408, 298, 57654)
(408, 21, 92661)
(408, 122, 92874)
(408, 137, 64201)
(408, 62, 31704)
(408, 24, 49110)
(408, 29, 96427)
(408, 136, 64174)
(408, 393, 89991)
(408, 383, 93212)
(408, 209, 70259)
(408, 276, 65917)
(408, 178, 65172)
(408, 172, 79967)
(408, 4, 22464)
(408, 202, 7456)
(408, 248, 89043)
(408, 65, 9156)
(408, 134, 20448)
(408, 377, 3693)
(408, 17, 4599)
(408, 50, 85034)
(408, 81, 79844)
(408, 67, 55718)
(408, 338, 54651)
(408, 210, 88790)
(408, 347, 7021)
(408, 406, 60596)
(408, 315, 16565)
(408, 93, 9213)
(408, 399, 51123)
(408, 142, 18101)
(408, 225, 13801)
(408, 397, 78730)
(408, 336, 87428)
(408, 270, 66064)
(408, 352, 79507)
(408, 1, 68315)
(408, 117, 82534)
(408, 282, 81241)
(408, 256, 28842)
(408, 288, 36874)
(408, 301, 7245)
(409, 380, 50334)
(409, 52, 14391)
(409, 25, 14163)
(409, 248, 17413)
(409, 372, 27564)
(409, 403, 47132)
(409, 124, 18426)
(409, 249, 28586)
(409, 136, 43771)
(409, 224, 43251)
(409, 98, 48518)
(409, 291, 63606)
(409, 32, 36900)
(409, 80, 60454)
(409, 56, 60277)
(409, 213, 23558)
(409, 44, 73218)
(409, 58, 80986)
(409, 361, 51215)
(409, 91, 5913)
(409, 321, 87695)
(409, 209, 35197)
(409, 176, 73253)
(409, 97, 69381)
(409, 70, 99049)
(409, 397, 80431)
(409, 102, 87760)
(409, 217, 65244)
(409, 320, 42814)
(409, 21, 86702)
(409, 190, 92217)
(409, 264, 82846)
(409, 233, 79045)
(409, 89, 90247)
(409, 386, 90388)
(409, 133, 53386)
(409, 68, 69611)
(409, 274, 45832)
(409, 75, 57162)
(409, 266, 51590)
(409, 81, 89491)
(409, 183, 9265)
(409, 131, 70431)
(409, 303, 31183)
(409, 161, 11561)
(409, 325, 69983)
(409, 99, 44672)
(409, 62, 13296)
(409, 239, 10353)
(409, 90, 52301)
(409, 401, 21566)
(409, 84, 53550)
(409, 156, 4893)
(409, 338, 75695)
(409, 304, 13692)
(409, 324, 49595)
(409, 216, 31057)
(409, 65, 14084)
(409, 269, 3269)
(409, 199, 74422)
(409, 295, 90095)
(409, 336, 98609)
(409, 315, 63009)
(409, 130, 71092)
(409, 129, 51826)
(409, 92, 37447)
(409, 221, 87582)
(409, 309, 19958)
(409, 179, 84728)
(409, 240, 91983)
(409, 366, 26129)
(409, 82, 74833)
(409, 394, 12576)
(409, 132, 17134)
(409, 388, 38273)
(409, 45, 95823)
(409, 263, 16766)
(409, 212, 43354)
(409, 71, 92047)
(409, 286, 50696)
(409, 311, 53885)
(409, 218, 79768)
(409, 125, 73440)
(409, 223, 10924)
(409, 360, 75398)
(409, 120, 44378)
(409, 144, 72208)
(409, 163, 52561)
(409, 39, 95285)
(409, 40, 41182)
(409, 381, 22134)
(409, 257, 8112)
(409, 313, 9903)
(409, 395, 23710)
(409, 383, 24159)
(409, 225, 6382)
(409, 301, 30919)
(409, 180, 29092)
(409, 244, 94019)
(409, 173, 82358)
(409, 340, 31933)
(409, 254, 12247)
(409, 261, 87556)
(409, 28, 13435)
(409, 376, 32071)
(409, 117, 25342)
(409, 293, 53308)
(409, 392, 81602)
(409, 205, 20807)
(409, 374, 51675)
(409, 108, 68040)
(409, 284, 66391)
(409, 38, 1931)
(409, 29, 96811)
(409, 316, 9377)
(409, 3, 84951)
(409, 273, 56860)
(409, 385, 71927)
(409, 149, 54882)
(409, 57, 69522)
(409, 121, 59374)
(409, 78, 21375)
(409, 364, 67412)
(409, 359, 50692)
(409, 5, 46668)
(409, 408, 76503)
(409, 208, 18542)
(409, 346, 6194)
(409, 283, 94556)
(409, 27, 57150)
(409, 1, 91990)
(409, 387, 39940)
(409, 123, 12278)
(409, 13, 31230)
(409, 182, 41538)
(409, 47, 13000)
(409, 60, 51814)
(409, 74, 87233)
(409, 16, 95414)
(409, 167, 82401)
(409, 363, 56187)
(409, 287, 40804)
(409, 267, 92563)
(409, 14, 34340)
(409, 4, 41982)
(409, 196, 12345)
(409, 46, 28524)
(409, 299, 23314)
(409, 88, 42713)
(409, 191, 61901)
(409, 305, 27133)
(409, 362, 71154)
(409, 250, 85916)
(409, 328, 31102)
(409, 404, 67010)
(409, 126, 76224)
(409, 333, 69734)
(409, 211, 46212)
(409, 114, 67007)
(409, 296, 94588)
(410, 154, 29234)
(410, 127, 23639)
(410, 285, 51747)
(410, 321, 99782)
(410, 280, 8135)
(410, 115, 78818)
(410, 265, 1112)
(410, 346, 8606)
(410, 347, 87096)
(410, 230, 7957)
(410, 302, 19806)
(410, 161, 83735)
(410, 217, 92426)
(410, 305, 73647)
(410, 353, 20127)
(410, 239, 77253)
(410, 61, 85981)
(410, 277, 38099)
(410, 272, 24873)
(410, 80, 64032)
(410, 60, 57130)
(410, 279, 30208)
(410, 20, 18034)
(410, 188, 64118)
(410, 149, 61238)
(410, 35, 7104)
(410, 173, 83669)
(410, 94, 49693)
(410, 191, 49612)
(410, 19, 70162)
(410, 151, 74818)
(410, 66, 4157)
(410, 18, 50809)
(410, 312, 54796)
(410, 4, 41690)
(410, 141, 55682)
(410, 398, 58732)
(410, 185, 80755)
(410, 102, 72276)
(410, 275, 63695)
(410, 266, 77212)
(410, 289, 24894)
(410, 383, 58014)
(410, 172, 85483)
(410, 92, 86729)
(410, 322, 61928)
(410, 207, 19259)
(410, 79, 44695)
(410, 85, 34040)
(410, 392, 86234)
(410, 123, 40877)
(410, 255, 45986)
(410, 38, 97408)
(410, 257, 22901)
(410, 110, 55002)
(410, 125, 33016)
(410, 6, 96535)
(410, 128, 17186)
(410, 334, 33047)
(410, 194, 8369)
(410, 244, 94090)
(410, 144, 50918)
(410, 11, 25240)
(410, 394, 10771)
(410, 258, 42426)
(410, 297, 47901)
(410, 204, 26217)
(410, 100, 87400)
(410, 397, 48403)
(410, 222, 2045)
(410, 93, 70181)
(410, 373, 8207)
(410, 143, 19642)
(410, 328, 10175)
(410, 364, 28178)
(410, 341, 83358)
(410, 90, 99426)
(410, 226, 55214)
(410, 8, 89468)
(410, 212, 99758)
(410, 345, 60673)
(410, 291, 94624)
(410, 209, 71779)
(410, 182, 35467)
(410, 263, 1937)
(410, 378, 43242)
(410, 370, 78769)
(410, 137, 32692)
(410, 53, 29429)
(410, 170, 52475)
(410, 268, 69139)
(410, 246, 28180)
(410, 41, 4802)
(410, 323, 44811)
(410, 214, 32146)
(410, 78, 33745)
(410, 295, 89495)
(410, 290, 4345)
(410, 198, 65197)
(410, 73, 5768)
(410, 247, 68019)
(410, 50, 84201)
(410, 22, 5086)
(410, 298, 17252)
(410, 183, 85569)
(410, 40, 94697)
(410, 163, 46353)
(410, 232, 59864)
(410, 164, 36345)
(410, 37, 92036)
(410, 343, 58444)
(410, 208, 94126)
(410, 396, 9193)
(410, 97, 69812)
(410, 311, 16397)
(410, 68, 61890)
(410, 158, 59565)
(410, 99, 56021)
(410, 165, 85155)
(410, 316, 56955)
(410, 168, 22267)
(410, 385, 83709)
(410, 215, 76455)
(410, 409, 10298)
(410, 9, 8093)
(410, 150, 28294)
(410, 113, 76632)
(410, 304, 87567)
(410, 293, 39663)
(410, 359, 63897)
(410, 301, 93305)
(410, 58, 67090)
(410, 229, 71262)
(410, 253, 81954)
(410, 187, 51932)
(410, 67, 89839)
(410, 1, 36433)
(410, 156, 11799)
(410, 118, 33207)
(410, 375, 27655)
(410, 95, 21573)
(410, 178, 20290)
(410, 112, 6033)
(410, 59, 54650)
(410, 308, 21084)
(410, 338, 81063)
(410, 176, 73031)
(410, 236, 36343)
(410, 28, 60670)
(410, 324, 35325)
(410, 288, 64406)
(410, 32, 8888)
(410, 210, 22446)
(410, 91, 65247)
(410, 380, 59059)
(410, 167, 43579)
(410, 189, 13155)
(410, 104, 22829)
(410, 105, 88939)
(410, 309, 29772)
(410, 43, 83295)
(410, 171, 84638)
(410, 15, 66181)
(410, 406, 79110)
(410, 228, 81182)
(410, 276, 47266)
(410, 10, 52876)
(410, 196, 98102)
(410, 130, 13580)
(410, 157, 84068)
(410, 319, 28188)
(410, 180, 88131)
(410, 262, 27889)
(410, 269, 7328)
(410, 223, 57247)
(410, 393, 52164)
(410, 218, 55750)
(410, 391, 2828)
(410, 83, 97397)
(410, 200, 2346)
(410, 111, 71628)
(410, 379, 16030)
(410, 404, 12474)
(410, 339, 1783)
(410, 132, 86254)
(410, 148, 97819)
(410, 224, 39967)
(410, 134, 49603)
(410, 0, 66443)
(410, 64, 39668)
(410, 329, 72745)
(410, 213, 42205)
(410, 287, 66288)
(410, 356, 96554)
(410, 211, 31606)
(410, 303, 76499)
(410, 122, 70706)
(410, 386, 97207)
(410, 135, 67780)
(410, 65, 37789)
(410, 42, 23472)
(410, 174, 77453)
(410, 30, 87423)
(410, 77, 80627)
(410, 216, 93800)
(410, 153, 15)
(410, 225, 39079)
(410, 389, 18212)
(410, 344, 75872)
(410, 13, 7603)
(410, 74, 68198)
(410, 71, 46312)
(410, 233, 85123)
(410, 251, 89622)
(410, 313, 23238)
(410, 34, 29353)
(410, 195, 35463)
(410, 274, 1187)
(410, 124, 51902)
(410, 2, 78077)
(410, 57, 7415)
(410, 365, 26178)
(410, 203, 49522)
(410, 381, 26495)
(410, 260, 94)
(410, 282, 80292)
(410, 278, 42420)
(410, 351, 59002)
(410, 273, 35664)
(410, 206, 8051)
(410, 96, 25745)
(410, 318, 33937)
(410, 374, 70017)
(410, 159, 94151)
(410, 400, 86837)
(410, 89, 305)
(410, 56, 59508)
(410, 16, 19590)
(410, 31, 32065)
(410, 186, 51978)
(410, 166, 96328)
(410, 350, 65048)
(410, 190, 51769)
(410, 256, 64653)
(410, 219, 47309)
(410, 23, 88441)
(410, 376, 70386)
(410, 367, 61420)
(410, 69, 45031)
(410, 82, 10655)
(410, 372, 84882)
(410, 242, 57205)
(410, 254, 1229)
(410, 199, 37960)
(410, 169, 50935)
(410, 84, 30909)
(410, 147, 85212)
(410, 237, 74562)
(410, 70, 50636)
(410, 179, 53839)
(410, 361, 13879)
(410, 299, 4567)
(410, 152, 82555)
(410, 314, 46118)
(410, 261, 5816)
(410, 63, 15509)
(410, 51, 64127)
(410, 131, 52210)
(410, 184, 99987)
(410, 320, 29084)
(410, 358, 62685)
(410, 201, 51646)
(410, 348, 84568)
(410, 235, 93787)
(410, 249, 82956)
(410, 160, 63901)
(410, 202, 4485)
(410, 281, 59839)
(410, 3, 10266)
(410, 250, 81056)
(410, 98, 88743)
(410, 177, 88466)
(410, 155, 32854)
(410, 332, 78324)
(410, 146, 41834)
(410, 284, 29596)
(410, 76, 13267)
(410, 360, 97896)
(410, 55, 34595)
(410, 192, 78022)
(410, 103, 6401)
(410, 337, 49)
(410, 399, 88051)
(410, 162, 50108)
(410, 307, 32487)
(410, 21, 47794)
(410, 271, 37014)
(410, 101, 14772)
(410, 354, 75293)
(410, 384, 65234)
(410, 52, 12636)
(410, 368, 47975)
(410, 331, 65688)
(410, 7, 64349)
(410, 139, 63756)
(410, 117, 71598)
(410, 26, 65070)
(410, 333, 91847)
(410, 109, 30353)
(410, 119, 39368)
(410, 5, 36849)
(410, 108, 21044)
(410, 240, 59814)
(410, 377, 30874)
(410, 106, 52139)
(410, 126, 50247)
(410, 54, 51930)
(410, 138, 2077)
(410, 17, 17764)
(410, 408, 19716)
(410, 47, 98632)
(410, 62, 94403)
(410, 25, 18089)
(410, 29, 49924)
(410, 264, 58639)
(410, 220, 39118)
(410, 24, 94167)
(410, 87, 25395)
(410, 181, 14769)
(410, 46, 39040)
(410, 133, 47938)
(410, 270, 74946)
(410, 366, 96885)
(410, 342, 14195)
(410, 387, 37757)
(410, 129, 54214)
(410, 193, 97465)
(410, 36, 14119)
(410, 140, 85608)
(410, 205, 38495)
(410, 48, 30483)
(410, 221, 54311)
(410, 238, 54860)
(410, 120, 5031)
(410, 243, 32568)
(410, 300, 12987)
(410, 121, 7597)
(410, 248, 76960)
(410, 317, 47258)
(410, 369, 10987)
(410, 227, 82213)
(410, 325, 32651)
(410, 145, 21266)
(410, 326, 29721)
(410, 267, 27653)
(410, 395, 70979)
(410, 306, 38668)
(410, 336, 61357)
(410, 315, 94887)
(410, 142, 32151)
(410, 252, 38801)
(410, 310, 46795)
(410, 357, 92591)
(410, 72, 95536)
(410, 330, 12638)
(410, 286, 26246)
(410, 403, 78710)
(410, 401, 80912)
(410, 349, 30368)
(410, 388, 33657)
(410, 355, 67873)
(410, 88, 42336)
(410, 33, 39108)
(410, 371, 30174)
(410, 390, 74499)
(410, 175, 16193)
(410, 114, 83260)
(410, 352, 6209)
(410, 27, 19141)
(410, 45, 32859)
(410, 402, 77298)
(410, 75, 48397)
(410, 382, 70932)
(410, 405, 78358)
(410, 12, 85637)
(410, 362, 10164)
(410, 197, 85238)
(410, 363, 77591)
(410, 292, 91411)
(410, 116, 57381)
(411, 11, 11527)
(411, 144, 24253)
(411, 164, 73210)
(411, 126, 39504)
(411, 278, 79184)
(411, 89, 29756)
(411, 220, 2936)
(411, 222, 26420)
(411, 292, 75907)
(411, 352, 2160)
(411, 169, 70547)
(411, 10, 5826)
(411, 283, 8497)
(411, 101, 46776)
(411, 327, 99316)
(411, 193, 21835)
(411, 289, 26400)
(411, 71, 97947)
(411, 155, 5579)
(411, 375, 97515)
(411, 230, 59640)
(411, 195, 73812)
(411, 297, 97284)
(411, 266, 21408)
(411, 125, 13614)
(411, 367, 89291)
(411, 24, 49323)
(411, 16, 72304)
(411, 404, 48431)
(411, 276, 1839)
(411, 47, 71462)
(411, 240, 35781)
(411, 321, 24422)
(411, 28, 46542)
(411, 233, 79709)
(411, 63, 48944)
(411, 258, 49540)
(411, 130, 43400)
(411, 409, 83911)
(411, 218, 97380)
(411, 119, 24218)
(411, 70, 92395)
(411, 216, 31765)
(411, 51, 8660)
(411, 263, 43551)
(411, 288, 21712)
(411, 392, 2977)
(411, 312, 94572)
(411, 128, 58676)
(411, 388, 97268)
(411, 178, 37865)
(411, 186, 19212)
(411, 362, 8937)
(411, 143, 64647)
(411, 44, 32566)
(411, 18, 86007)
(411, 83, 98921)
(411, 200, 38314)
(411, 204, 29440)
(411, 300, 99410)
(411, 6, 12580)
(411, 14, 37134)
(411, 156, 90212)
(411, 301, 53697)
(411, 394, 31999)
(411, 77, 8337)
(411, 245, 77648)
(411, 192, 17215)
(411, 237, 3741)
(411, 140, 91340)
(411, 109, 31843)
(411, 111, 86533)
(411, 48, 60700)
(411, 330, 69964)
(411, 239, 9233)
(411, 342, 65484)
(411, 108, 61167)
(411, 86, 78429)
(411, 5, 10484)
(411, 324, 35280)
(411, 304, 82551)
(411, 139, 31623)
(411, 377, 28617)
(411, 306, 87343)
(411, 66, 86031)
(411, 399, 87761)
(411, 368, 41523)
(411, 60, 38799)
(411, 386, 36402)
(411, 72, 82302)
(411, 110, 14327)
(411, 259, 23488)
(411, 344, 60786)
(411, 349, 30814)
(411, 90, 83099)
(411, 264, 47090)
(411, 334, 96190)
(411, 268, 14502)
(411, 316, 30188)
(411, 116, 2358)
(411, 346, 76218)
(411, 136, 88027)
(411, 184, 58593)
(411, 366, 76938)
(411, 307, 14557)
(411, 341, 52587)
(411, 134, 99654)
(411, 314, 92960)
(411, 248, 13838)
(411, 226, 13881)
(411, 257, 74619)
(411, 287, 47821)
(411, 122, 73828)
(411, 58, 21950)
(411, 160, 70234)
(411, 246, 18753)
(411, 22, 76302)
(411, 157, 38619)
(411, 68, 71669)
(411, 253, 49710)
(411, 59, 73226)
(411, 53, 6603)
(411, 2, 6303)
(411, 353, 55402)
(411, 274, 11000)
(411, 170, 93228)
(411, 402, 66524)
(411, 82, 15125)
(411, 99, 47625)
(411, 92, 94479)
(411, 370, 77309)
(411, 335, 91488)
(411, 347, 36409)
(411, 179, 20224)
(411, 81, 16587)
(411, 363, 4333)
(411, 214, 50366)
(411, 190, 38236)
(411, 387, 27750)
(411, 397, 100250)
(411, 217, 10884)
(411, 166, 97031)
(411, 227, 13024)
(411, 78, 47250)
(411, 94, 73802)
(411, 57, 32336)
(411, 223, 39062)
(411, 104, 94081)
(411, 19, 2030)
(411, 158, 58571)
(411, 309, 74496)
(411, 97, 74466)
(411, 234, 98635)
(411, 373, 45971)
(411, 42, 28107)
(411, 84, 99195)
(411, 9, 11590)
(411, 152, 17290)
(411, 369, 77779)
(411, 398, 12467)
(411, 37, 77804)
(411, 271, 7622)
(411, 4, 91348)
(411, 168, 40013)
(411, 256, 2257)
(411, 318, 79054)
(411, 115, 15803)
(411, 15, 44232)
(411, 23, 56600)
(411, 76, 39326)
(411, 308, 60722)
(411, 400, 42865)
(411, 150, 77892)
(411, 199, 47856)
(411, 332, 40223)
(411, 378, 2105)
(411, 285, 84628)
(411, 182, 24311)
(411, 325, 2041)
(411, 189, 96556)
(411, 213, 90303)
(411, 43, 88888)
(411, 35, 19138)
(411, 354, 22022)
(411, 293, 86503)
(411, 29, 14293)
(411, 403, 51584)
(411, 87, 68701)
(411, 317, 66857)
(411, 286, 21363)
(411, 3, 31543)
(411, 359, 59919)
(411, 56, 20579)
(411, 113, 4958)
(411, 390, 338)
(411, 91, 59615)
(411, 228, 52125)
(411, 149, 57327)
(411, 201, 21590)
(411, 383, 57439)
(411, 145, 6600)
(411, 364, 42443)
(411, 322, 91248)
(411, 407, 93220)
(411, 262, 92754)
(411, 67, 71642)
(411, 357, 62411)
(411, 103, 71679)
(411, 356, 79622)
(411, 284, 40175)
(411, 267, 88046)
(411, 96, 64737)
(411, 31, 63811)
(411, 36, 6629)
(411, 118, 41517)
(411, 181, 37927)
(411, 372, 46951)
(411, 302, 97825)
(411, 80, 5882)
(411, 153, 33717)
(411, 313, 79304)
(411, 73, 43918)
(411, 141, 63922)
(411, 183, 21957)
(411, 49, 57441)
(411, 299, 85085)
(411, 211, 61544)
(411, 95, 52539)
(411, 117, 95859)
(411, 206, 87622)
(411, 198, 41926)
(411, 75, 97483)
(411, 333, 12878)
(411, 0, 16272)
(411, 146, 84521)
(411, 360, 62982)
(411, 252, 7530)
(411, 235, 10549)
(411, 232, 56732)
(411, 282, 88730)
(411, 244, 96365)
(411, 197, 21903)
(411, 39, 69577)
(411, 337, 58913)
(411, 107, 35389)
(411, 20, 95110)
(411, 105, 11232)
(411, 21, 64419)
(411, 7, 11069)
(411, 137, 21691)
(411, 176, 86883)
(411, 194, 59188)
(411, 255, 67595)
(411, 329, 58964)
(411, 303, 55205)
(411, 320, 25737)
(411, 27, 42300)
(411, 305, 27475)
(411, 290, 89615)
(411, 348, 43464)
(411, 280, 9085)
(411, 395, 52728)
(411, 371, 95821)
(411, 298, 7128)
(411, 85, 99874)
(411, 114, 66998)
(411, 345, 28398)
(411, 408, 53284)
(411, 40, 65163)
(411, 273, 19209)
(411, 167, 98153)
(411, 405, 18432)
(411, 62, 84908)
(411, 54, 68994)
(411, 69, 91089)
(411, 281, 53326)
(411, 221, 43755)
(411, 275, 49588)
(411, 187, 86674)
(411, 135, 79920)
(411, 243, 96363)
(411, 50, 54003)
(411, 64, 85516)
(411, 224, 68103)
(411, 209, 44551)
(411, 88, 99564)
(411, 127, 18298)
(411, 26, 45275)
(411, 215, 45235)
(411, 8, 72849)
(411, 13, 38974)
(411, 311, 74589)
(411, 336, 24740)
(411, 340, 92654)
(411, 100, 64606)
(411, 249, 47617)
(411, 162, 32519)
(411, 229, 12090)
(411, 147, 94336)
(411, 379, 88934)
(411, 242, 35087)
(411, 191, 35259)
(411, 188, 20634)
(411, 208, 74857)
(411, 315, 95288)
(411, 32, 30544)
(411, 326, 14317)
(411, 120, 37895)
(411, 12, 5468)
(411, 159, 23746)
(411, 393, 52699)
(411, 30, 65689)
(411, 131, 37799)
(411, 361, 18786)
(411, 338, 57728)
(411, 79, 80352)
(411, 389, 83999)
(411, 376, 47785)
(411, 121, 58895)
(411, 350, 37230)
(411, 339, 98032)
(411, 391, 26867)
(411, 207, 22882)
(412, 309, 4068)
(412, 356, 6646)
(412, 237, 2990)
(412, 243, 90717)
(412, 23, 88605)
(412, 31, 42952)
(412, 224, 62241)
(412, 339, 9513)
(412, 83, 65259)
(412, 395, 14458)
(412, 178, 56762)
(412, 390, 18097)
(412, 214, 64847)
(412, 204, 33306)
(412, 156, 82777)
(412, 19, 67715)
(412, 64, 45665)
(412, 308, 67519)
(412, 181, 47926)
(412, 33, 68316)
(412, 380, 72464)
(412, 277, 74247)
(412, 185, 50031)
(412, 337, 82118)
(412, 406, 73861)
(412, 176, 77764)
(412, 56, 61476)
(412, 286, 89914)
(412, 384, 23701)
(412, 287, 26909)
(412, 144, 25167)
(412, 15, 55504)
(412, 296, 66610)
(412, 260, 75616)
(412, 191, 2108)
(412, 51, 36062)
(412, 70, 19097)
(412, 345, 65641)
(412, 322, 41520)
(412, 343, 36005)
(412, 288, 98833)
(412, 125, 75310)
(412, 174, 30654)
(412, 13, 24612)
(412, 171, 72570)
(412, 160, 41713)
(412, 131, 41533)
(412, 262, 30321)
(412, 16, 25026)
(412, 130, 34014)
(412, 165, 17802)
(412, 408, 37330)
(412, 358, 51922)
(412, 315, 88953)
(412, 194, 48233)
(412, 342, 69221)
(412, 273, 52111)
(412, 219, 8251)
(412, 313, 41567)
(412, 193, 13955)
(412, 98, 19791)
(412, 49, 95583)
(412, 14, 795)
(412, 327, 22680)
(412, 106, 85493)
(412, 394, 4094)
(412, 265, 91580)
(412, 303, 16085)
(412, 370, 78789)
(412, 61, 22072)
(412, 42, 295)
(412, 77, 71979)
(412, 374, 249)
(412, 195, 97394)
(412, 346, 81195)
(412, 258, 74883)
(412, 402, 23148)
(412, 25, 73103)
(412, 54, 92915)
(412, 259, 88177)
(412, 162, 23435)
(412, 336, 14669)
(412, 360, 35651)
(412, 21, 89234)
(412, 81, 86052)
(412, 26, 46034)
(412, 68, 53637)
(412, 401, 42427)
(412, 22, 97126)
(412, 392, 99405)
(412, 253, 14472)
(412, 186, 83244)
(412, 179, 87915)
(412, 100, 24940)
(412, 155, 89199)
(412, 289, 89636)
(412, 74, 99673)
(412, 154, 19946)
(412, 228, 17287)
(412, 85, 87376)
(412, 97, 13613)
(412, 217, 59162)
(412, 351, 61339)
(412, 331, 42771)
(412, 69, 76019)
(412, 6, 66203)
(412, 158, 58657)
(412, 245, 94631)
(412, 261, 94892)
(412, 107, 87172)
(412, 143, 22666)
(412, 90, 27568)
(412, 332, 29384)
(412, 182, 74790)
(412, 325, 98502)
(412, 320, 41171)
(412, 376, 7865)
(412, 284, 73157)
(412, 338, 59544)
(412, 387, 49233)
(412, 299, 2391)
(412, 161, 57847)
(412, 59, 47080)
(412, 403, 35980)
(412, 129, 76238)
(412, 101, 45070)
(412, 206, 27456)
(412, 405, 43290)
(412, 229, 56185)
(412, 95, 13769)
(412, 18, 64983)
(412, 208, 90221)
(412, 254, 94214)
(412, 41, 80707)
(412, 37, 80321)
(412, 264, 798)
(412, 102, 49220)
(412, 36, 79542)
(412, 312, 11566)
(412, 196, 14699)
(412, 372, 18924)
(412, 301, 15365)
(412, 404, 25999)
(412, 10, 48532)
(412, 235, 73272)
(412, 216, 36925)
(412, 44, 9561)
(412, 397, 73691)
(412, 294, 96346)
(412, 63, 94305)
(412, 80, 7985)
(412, 50, 66532)
(412, 2, 91389)
(412, 247, 7040)
(412, 202, 14301)
(412, 72, 31267)
(412, 300, 27122)
(412, 383, 26739)
(412, 304, 39438)
(412, 96, 43637)
(412, 375, 52358)
(412, 334, 79013)
(412, 268, 4385)
(412, 215, 14247)
(412, 244, 90109)
(412, 192, 33130)
(412, 60, 11635)
(412, 324, 15138)
(412, 270, 93849)
(412, 110, 4578)
(412, 344, 58232)
(412, 359, 1426)
(412, 163, 21356)
(412, 306, 9498)
(412, 169, 24978)
(412, 205, 66720)
(412, 116, 93579)
(412, 99, 12065)
(412, 411, 7107)
(412, 35, 12936)
(412, 369, 18155)
(412, 112, 54253)
(412, 87, 28487)
(412, 167, 91561)
(412, 184, 75413)
(412, 48, 63831)
(412, 76, 43106)
(412, 323, 93166)
(412, 314, 55804)
(412, 230, 9086)
(412, 103, 24352)
(412, 352, 78609)
(412, 123, 53749)
(412, 135, 11362)
(412, 137, 10776)
(412, 223, 79247)
(412, 297, 38221)
(412, 238, 89988)
(412, 335, 33366)
(412, 7, 59450)
(412, 66, 52242)
(412, 326, 87774)
(412, 362, 30587)
(412, 396, 43745)
(412, 117, 31726)
(412, 173, 90240)
(412, 222, 90414)
(412, 94, 35240)
(412, 275, 13485)
(412, 126, 56226)
(412, 318, 92937)
(412, 148, 27589)
(412, 353, 41137)
(412, 145, 46298)
(412, 140, 67237)
(412, 108, 70216)
(412, 207, 30951)
(412, 82, 47769)
(412, 152, 15049)
(412, 305, 62604)
(412, 278, 39639)
(412, 365, 15811)
(412, 32, 89440)
(412, 341, 43696)
(412, 232, 16190)
(412, 239, 99408)
(412, 409, 39557)
(412, 355, 15236)
(412, 58, 77688)
(412, 329, 4645)
(412, 317, 19007)
(412, 307, 29014)
(412, 34, 1965)
(412, 180, 92525)
(412, 269, 17483)
(412, 201, 30627)
(412, 271, 67175)
(412, 272, 90009)
(412, 149, 10937)
(412, 321, 58995)
(412, 381, 45903)
(412, 73, 58209)
(412, 354, 91276)
(412, 40, 44920)
(412, 319, 91701)
(412, 183, 34921)
(412, 57, 6844)
(412, 373, 16199)
(412, 139, 63533)
(412, 39, 44067)
(412, 3, 33501)
(412, 29, 13777)
(412, 75, 23456)
(412, 291, 37251)
(412, 410, 67525)
(412, 398, 50896)
(412, 252, 24632)
(412, 199, 86765)
(412, 391, 86026)
(412, 127, 83514)
(412, 349, 35577)
(412, 175, 12328)
(412, 218, 77032)
(412, 114, 25974)
(412, 257, 66560)
(412, 151, 90018)
(412, 382, 82783)
(412, 128, 94920)
(412, 295, 94724)
(412, 27, 9470)
(412, 53, 42623)
(412, 302, 19541)
(412, 62, 6859)
(412, 234, 88893)
(412, 263, 55565)
(412, 246, 19333)
(412, 190, 65702)
(412, 227, 11110)
(412, 367, 45524)
(412, 276, 48572)
(412, 266, 43334)
(412, 150, 43953)
(412, 328, 30023)
(412, 285, 15511)
(412, 393, 43611)
(412, 187, 93767)
(412, 386, 36568)
(412, 92, 56108)
(412, 104, 18230)
(412, 71, 61430)
(412, 11, 61303)
(412, 249, 73161)
(412, 79, 42)
(412, 86, 86343)
(412, 157, 52361)
(412, 189, 83995)
(412, 256, 37920)
(412, 333, 39394)
(412, 368, 88863)
(412, 366, 47013)
(412, 168, 40350)
(412, 281, 58742)
(412, 361, 5544)
(412, 164, 20682)
(412, 88, 97601)
(412, 347, 17137)
(412, 211, 99717)
(412, 363, 78106)
(412, 377, 53030)
(412, 65, 8870)
(412, 159, 85251)
(412, 30, 62997)
(412, 240, 7442)
(412, 118, 83715)
(412, 225, 82294)
(412, 364, 81456)
(412, 115, 52437)
(412, 43, 33877)
(412, 111, 38104)
(412, 212, 75052)
(412, 399, 36000)
(412, 198, 37058)
(412, 147, 3164)
(412, 220, 95461)
(412, 141, 39499)
(412, 298, 48719)
(412, 210, 62716)
(412, 233, 27382)
(412, 379, 22719)
(412, 350, 39478)
(412, 52, 48471)
(412, 133, 62156)
(412, 166, 2289)
(412, 200, 4601)
(412, 20, 94239)
(412, 407, 14373)
(412, 113, 76810)
(412, 124, 69191)
(412, 146, 89242)
(413, 333, 81344)
(413, 195, 47567)
(413, 203, 59705)
(413, 247, 15990)
(413, 324, 30439)
(413, 37, 90253)
(413, 103, 33236)
(413, 187, 78645)
(413, 300, 85819)
(413, 64, 29221)
(413, 325, 90909)
(413, 336, 31571)
(413, 183, 61547)
(413, 320, 33277)
(414, 394, 30423)
(414, 8, 59970)
(414, 213, 9966)
(414, 56, 90261)
(414, 347, 57128)
(414, 368, 91577)
(414, 214, 35235)
(414, 325, 37935)
(414, 23, 50104)
(414, 375, 24072)
(414, 408, 61889)
(414, 200, 13833)
(414, 69, 16618)
(414, 132, 64056)
(414, 328, 14697)
(414, 77, 24408)
(414, 404, 1910)
(414, 99, 79281)
(414, 330, 97605)
(414, 115, 10868)
(414, 33, 1837)
(414, 97, 97712)
(414, 280, 53276)
(414, 352, 44069)
(414, 167, 38919)
(414, 130, 45677)
(414, 228, 54544)
(414, 111, 48901)
(414, 300, 61640)
(414, 70, 81423)
(414, 179, 2637)
(414, 340, 41805)
(414, 290, 9348)
(414, 382, 11271)
(414, 270, 93106)
(414, 154, 56455)
(414, 0, 78499)
(414, 73, 15581)
(414, 199, 36656)
(414, 109, 71794)
(414, 166, 30541)
(414, 47, 20032)
(414, 248, 70918)
(414, 346, 85225)
(414, 68, 58326)
(414, 168, 89579)
(414, 196, 5625)
(414, 11, 62592)
(414, 137, 26872)
(414, 274, 25670)
(414, 261, 72271)
(414, 319, 31601)
(414, 93, 40393)
(414, 147, 12603)
(414, 388, 25142)
(414, 372, 35000)
(414, 309, 5017)
(414, 150, 67955)
(415, 119, 63434)
(415, 247, 27231)
(415, 177, 56572)
(415, 21, 2182)
(415, 296, 57500)
(415, 356, 24785)
(415, 128, 73970)
(415, 2, 34322)
(415, 186, 31605)
(415, 305, 78076)
(415, 231, 12808)
(415, 37, 88086)
(415, 130, 40409)
(415, 53, 66084)
(415, 215, 33918)
(415, 273, 8317)
(415, 150, 91555)
(415, 76, 61016)
(415, 284, 71444)
(415, 238, 82720)
(415, 73, 47556)
(415, 214, 2777)
(415, 71, 2494)
(415, 184, 459)
(415, 349, 60125)
(415, 77, 90633)
(415, 33, 93040)
(415, 401, 47833)
(415, 220, 28324)
(415, 192, 21398)
(415, 40, 78697)
(415, 269, 90338)
(415, 410, 34799)
(415, 158, 77335)
(415, 29, 81089)
(415, 398, 89570)
(415, 44, 62582)
(415, 207, 49338)
(415, 217, 32477)
(415, 304, 37643)
(415, 311, 29588)
(415, 263, 34686)
(415, 377, 85392)
(415, 375, 35129)
(415, 357, 5946)
(415, 171, 94929)
(415, 271, 83698)
(415, 365, 61967)
(415, 51, 48837)
(415, 394, 10930)
(415, 47, 86880)
(415, 98, 63280)
(415, 82, 49614)
(415, 187, 78394)
(415, 379, 17427)
(415, 388, 42473)
(415, 313, 17553)
(415, 276, 67823)
(415, 111, 90245)
(415, 6, 91823)
(415, 139, 56124)
(415, 406, 23947)
(415, 195, 10920)
(415, 336, 81696)
(415, 291, 97335)
(415, 115, 85240)
(415, 48, 4478)
(415, 409, 65226)
(415, 345, 42451)
(415, 244, 92772)
(415, 325, 71440)
(415, 69, 85117)
(415, 107, 72551)
(415, 160, 56733)
(415, 344, 98191)
(415, 396, 34619)
(415, 234, 31881)
(415, 163, 36101)
(415, 145, 90039)
(415, 66, 29536)
(415, 324, 53932)
(415, 96, 52693)
(415, 20, 72341)
(415, 134, 84670)
(415, 45, 21902)
(415, 141, 84033)
(415, 250, 27592)
(415, 159, 43395)
(415, 302, 11720)
(415, 347, 95226)
(415, 55, 32587)
(415, 131, 51055)
(415, 155, 37155)
(415, 176, 59000)
(415, 124, 1073)
(415, 235, 57132)
(415, 157, 94225)
(415, 205, 11578)
(415, 72, 24401)
(415, 225, 54684)
(415, 351, 19682)
(415, 127, 23815)
(415, 310, 19114)
(415, 314, 7827)
(415, 210, 66546)
(415, 363, 46131)
(415, 208, 97348)
(415, 100, 3540)
(415, 194, 65778)
(415, 86, 14924)
(415, 346, 24351)
(415, 359, 17313)
(415, 374, 66420)
(415, 243, 91565)
(415, 7, 61092)
(415, 274, 26455)
(415, 334, 2450)
(415, 50, 83229)
(415, 26, 40369)
(415, 343, 19192)
(415, 126, 46971)
(415, 373, 20344)
(415, 175, 19650)
(415, 154, 86648)
(415, 372, 71721)
(415, 272, 80252)
(415, 348, 38861)
(415, 49, 84633)
(415, 408, 37000)
(415, 133, 51466)
(415, 35, 51704)
(415, 56, 26889)
(415, 78, 35892)
(415, 81, 96758)
(415, 12, 97030)
(415, 331, 34976)
(415, 19, 25455)
(415, 54, 63474)
(415, 361, 179)
(415, 168, 17532)
(415, 67, 15839)
(415, 300, 8652)
(415, 277, 6484)
(415, 59, 16499)
(415, 413, 77547)
(415, 91, 53280)
(415, 64, 59473)
(415, 166, 81222)
(415, 285, 7647)
(415, 402, 98927)
(415, 90, 50831)
(415, 262, 34258)
(415, 233, 79834)
(415, 70, 3302)
(415, 268, 52613)
(415, 92, 22403)
(415, 254, 8993)
(415, 85, 79352)
(415, 104, 38243)
(415, 317, 22385)
(415, 306, 36676)
(415, 309, 46892)
(415, 94, 26521)
(415, 41, 25071)
(415, 13, 60484)
(415, 170, 99144)
(415, 368, 86825)
(415, 339, 70814)
(415, 89, 22865)
(415, 39, 50466)
(415, 385, 69356)
(415, 4, 80507)
(415, 216, 53574)
(415, 213, 13265)
(415, 152, 18948)
(415, 278, 51163)
(415, 333, 35626)
(415, 256, 84035)
(415, 316, 62072)
(415, 340, 61600)
(415, 193, 27687)
(415, 371, 51243)
(415, 303, 37535)
(415, 221, 93035)
(415, 370, 98205)
(415, 198, 16292)
(415, 75, 8510)
(415, 364, 76376)
(415, 182, 61345)
(415, 242, 75981)
(415, 65, 21097)
(415, 52, 53934)
(415, 105, 4813)
(415, 355, 71854)
(415, 202, 1877)
(415, 180, 92161)
(415, 323, 66071)
(415, 188, 5765)
(415, 118, 11842)
(415, 97, 47151)
(415, 123, 30267)
(415, 380, 40910)
(415, 103, 44013)
(415, 369, 10996)
(415, 200, 13175)
(415, 58, 8372)
(415, 307, 24745)
(415, 211, 52779)
(415, 223, 18533)
(415, 42, 12173)
(415, 189, 21421)
(415, 335, 87615)
(415, 320, 65738)
(415, 36, 24548)
(415, 63, 77277)
(415, 332, 48282)
(415, 23, 72094)
(415, 239, 21606)
(415, 289, 34898)
(415, 93, 63480)
(415, 110, 22996)
(415, 341, 36604)
(415, 191, 22070)
(415, 34, 61223)
(415, 350, 42624)
(415, 156, 40589)
(415, 74, 84216)
(415, 87, 53064)
(415, 116, 81152)
(415, 222, 19531)
(415, 308, 12088)
(415, 391, 92543)
(415, 267, 43340)
(415, 169, 96558)
(415, 80, 87890)
(415, 79, 14206)
(415, 147, 88052)
(415, 140, 16380)
(415, 354, 13334)
(415, 224, 5407)
(415, 252, 35551)
(415, 164, 88178)
(415, 367, 87359)
(415, 319, 34464)
(415, 10, 55702)
(415, 143, 27826)
(415, 260, 60437)
(415, 206, 64809)
(415, 358, 4687)
(415, 245, 95766)
(415, 383, 26404)
(415, 148, 6534)
(415, 165, 41273)
(415, 236, 70290)
(415, 246, 76318)
(415, 378, 68638)
(415, 32, 55979)
(415, 261, 99877)
(415, 399, 7388)
(415, 60, 53115)
(415, 227, 67603)
(415, 321, 19586)
(415, 185, 39954)
(415, 283, 16839)
(415, 386, 94383)
(415, 353, 62701)
(415, 181, 56851)
(415, 328, 74837)
(415, 318, 33798)
(415, 411, 66934)
(415, 8, 5589)
(415, 197, 14883)
(415, 287, 84353)
(415, 241, 6360)
(415, 46, 62015)
(415, 135, 29389)
(415, 153, 8199)
(415, 62, 79685)
(415, 362, 14958)
(415, 281, 78588)
(415, 228, 19229)
(415, 237, 41978)
(415, 120, 6317)
(415, 219, 32478)
(415, 295, 95070)
(415, 121, 11587)
(415, 257, 80473)
(415, 248, 4859)
(415, 16, 97372)
(415, 293, 60840)
(415, 389, 68005)
(415, 322, 67674)
(415, 201, 82556)
(415, 264, 13125)
(415, 38, 95205)
(415, 251, 36766)
(415, 3, 43077)
(415, 395, 37929)
(415, 384, 13719)
(415, 83, 66976)
(415, 329, 34902)
(415, 30, 59172)
(415, 174, 20616)
(415, 337, 10048)
(415, 132, 52765)
(415, 203, 74555)
(415, 172, 14517)
(415, 360, 45082)
(415, 397, 71148)
(415, 11, 68629)
(415, 102, 59244)
(415, 146, 74787)
(415, 297, 98834)
(415, 382, 1091)
(415, 99, 71406)
(415, 393, 47158)
(415, 226, 62949)
(415, 88, 4338)
(415, 18, 3562)
(415, 286, 91200)
(415, 25, 79251)
(415, 299, 92114)
(415, 301, 91022)
(415, 288, 81534)
(415, 266, 9037)
(415, 5, 48618)
(415, 24, 43177)
(415, 151, 72632)
(415, 14, 2454)
(415, 9, 62358)
(415, 0, 16362)
(415, 298, 63109)
(415, 167, 21180)
(415, 22, 30973)
(415, 327, 97016)
(415, 403, 14528)
(415, 112, 11248)
(415, 232, 69074)
(415, 68, 87739)
(415, 366, 52843)
(415, 229, 3785)
(415, 405, 59908)
(415, 122, 78453)
(415, 190, 22334)
(415, 326, 39277)
(415, 212, 42963)
(415, 183, 10925)
(415, 275, 42803)
(415, 61, 711)
(415, 196, 94871)
(415, 240, 34769)
(415, 376, 80092)
(415, 101, 27261)
(416, 184, 82612)
(416, 146, 96542)
(416, 171, 98467)
(416, 292, 79596)
(416, 347, 86003)
(416, 272, 99403)
(416, 141, 98059)
(416, 201, 31848)
(416, 340, 5901)
(416, 36, 46203)
(416, 82, 18794)
(416, 211, 8673)
(416, 41, 9752)
(416, 254, 71845)
(416, 395, 68619)
(416, 43, 79101)
(416, 38, 10128)
(416, 137, 57515)
(416, 111, 60314)
(416, 83, 18919)
(416, 37, 93934)
(416, 316, 52940)
(416, 162, 49751)
(416, 168, 83777)
(416, 134, 2467)
(416, 326, 69413)
(416, 368, 96685)
(416, 164, 53811)
(416, 403, 45434)
(416, 123, 65661)
(416, 287, 77774)
(416, 161, 42637)
(416, 235, 88151)
(416, 166, 31330)
(416, 307, 16662)
(416, 96, 48017)
(417, 240, 18715)
(417, 290, 3127)
(417, 293, 73992)
(417, 25, 21287)
(417, 409, 645)
(417, 383, 29028)
(417, 5, 52727)
(417, 11, 1261)
(417, 392, 47666)
(417, 350, 43256)
(417, 347, 56026)
(417, 165, 43444)
(417, 35, 86866)
(417, 382, 25147)
(417, 126, 74345)
(417, 397, 19156)
(417, 103, 16541)
(417, 302, 46033)
(417, 151, 40607)
(417, 200, 19686)
(417, 249, 77555)
(417, 172, 97136)
(417, 81, 48201)
(417, 155, 26054)
(417, 333, 48396)
(417, 67, 47684)
(417, 139, 25262)
(417, 9, 49151)
(417, 21, 43607)
(417, 99, 64652)
(417, 52, 24169)
(417, 13, 11865)
(417, 344, 19800)
(417, 317, 41560)
(417, 364, 74597)
(417, 348, 17787)
(417, 109, 24655)
(417, 95, 17116)
(417, 110, 76255)
(417, 68, 14315)
(417, 215, 85181)
(417, 199, 85876)
(417, 242, 52365)
(417, 228, 98625)
(417, 311, 25388)
(417, 16, 60684)
(417, 316, 89651)
(417, 339, 18947)
(417, 292, 34323)
(417, 296, 43105)
(417, 65, 59708)
(417, 100, 38742)
(417, 108, 61076)
(417, 336, 21411)
(417, 10, 99659)
(417, 3, 17343)
(417, 367, 87639)
(417, 415, 18589)
(417, 233, 33041)
(417, 8, 80001)
(417, 222, 18376)
(417, 55, 6860)
(417, 308, 41063)
(417, 135, 22716)
(417, 288, 60475)
(417, 112, 96525)
(417, 390, 22683)
(417, 187, 59976)
(417, 351, 10824)
(417, 195, 88809)
(417, 250, 25269)
(417, 380, 57701)
(417, 170, 89240)
(417, 230, 20785)
(417, 54, 55601)
(417, 163, 77573)
(417, 137, 13559)
(417, 275, 3157)
(417, 337, 84013)
(417, 306, 2493)
(417, 376, 77250)
(417, 57, 78169)
(417, 32, 44878)
(417, 188, 68263)
(417, 131, 45292)
(417, 122, 54618)
(417, 45, 90407)
(417, 180, 84351)
(417, 120, 24992)
(417, 189, 93531)
(417, 299, 92706)
(417, 280, 71755)
(417, 105, 64634)
(417, 196, 29264)
(417, 232, 88300)
(417, 114, 6885)
(417, 274, 87029)
(417, 88, 54893)
(417, 141, 36701)
(417, 385, 9610)
(417, 312, 32815)
(417, 366, 11848)
(417, 92, 2833)
(417, 133, 76128)
(417, 279, 57786)
(417, 278, 5518)
(417, 36, 45442)
(417, 340, 97257)
(417, 72, 41191)
(417, 1, 11254)
(417, 202, 57399)
(417, 226, 24796)
(417, 191, 36165)
(417, 116, 33505)
(417, 86, 65683)
(417, 125, 26711)
(417, 31, 21362)
(417, 6, 88333)
(417, 360, 58126)
(417, 401, 3989)
(417, 34, 28991)
(417, 43, 98658)
(417, 386, 14649)
(417, 85, 72509)
(417, 285, 12759)
(417, 193, 92819)
(417, 84, 84476)
(417, 359, 21963)
(417, 158, 71584)
(417, 349, 39559)
(417, 102, 7455)
(417, 353, 31807)
(417, 37, 9547)
(417, 372, 27503)
(417, 94, 79555)
(417, 395, 93966)
(417, 134, 23297)
(417, 208, 100113)
(417, 237, 54035)
(417, 224, 41364)
(417, 416, 66861)
(417, 115, 18523)
(417, 258, 91874)
(417, 301, 89921)
(417, 66, 68128)
(417, 209, 64524)
(417, 282, 56802)
(417, 329, 96395)
(417, 28, 68881)
(417, 407, 63600)
(417, 117, 77993)
(417, 56, 42073)
(417, 78, 34209)
(417, 260, 48735)
(417, 338, 41658)
(417, 48, 41867)
(417, 225, 87725)
(417, 63, 16894)
(417, 160, 32423)
(417, 17, 42806)
(417, 269, 1147)
(417, 373, 6923)
(417, 410, 50808)
(417, 300, 50476)
(417, 245, 65424)
(417, 73, 29592)
(417, 121, 7800)
(417, 15, 70437)
(417, 371, 50972)
(417, 325, 30507)
(417, 30, 36076)
(417, 210, 69820)
(417, 255, 11336)
(417, 305, 17456)
(417, 374, 39732)
(417, 98, 50338)
(417, 270, 56344)
(417, 309, 93154)
(417, 83, 17264)
(417, 295, 54442)
(417, 277, 49171)
(417, 176, 65633)
(417, 171, 35411)
(417, 369, 97630)
(417, 406, 31896)
(417, 399, 51624)
(417, 412, 30695)
(417, 223, 63278)
(417, 128, 86645)
(417, 192, 31034)
(417, 214, 69666)
(417, 267, 517)
(417, 12, 17737)
(417, 375, 86521)
(417, 75, 30980)
(417, 198, 63491)
(417, 281, 26660)
(417, 370, 79657)
(417, 24, 93847)
(417, 345, 32142)
(417, 334, 39359)
(417, 167, 83804)
(417, 39, 3745)
(417, 266, 61157)
(417, 283, 71256)
(417, 403, 3101)
(417, 197, 16017)
(417, 405, 63569)
(417, 276, 4514)
(417, 342, 81921)
(417, 80, 17032)
(417, 53, 23540)
(417, 40, 36505)
(417, 142, 36836)
(417, 413, 29675)
(417, 113, 9358)
(417, 62, 66170)
(417, 327, 38560)
(417, 156, 52002)
(417, 130, 72402)
(417, 132, 85374)
(417, 70, 3955)
(417, 236, 83367)
(417, 77, 13928)
(417, 143, 45168)
(417, 400, 58811)
(417, 252, 27048)
(417, 251, 88829)
(417, 71, 97928)
(417, 231, 58339)
(417, 248, 58100)
(417, 76, 83019)
(417, 59, 21814)
(417, 74, 33729)
(417, 265, 47088)
(417, 154, 79901)
(417, 207, 63334)
(417, 204, 99379)
(417, 148, 48449)
(417, 284, 24309)
(417, 393, 97557)
(417, 246, 58456)
(417, 268, 18269)
(417, 18, 21927)
(417, 220, 5633)
(417, 379, 62277)
(417, 46, 45333)
(417, 388, 91904)
(417, 262, 78612)
(417, 362, 1076)
(417, 253, 51370)
(417, 150, 14410)
(417, 319, 16416)
(417, 303, 83825)
(417, 166, 60134)
(417, 179, 4390)
(417, 411, 83758)
(417, 323, 79745)
(417, 64, 61329)
(417, 138, 34815)
(417, 244, 71264)
(417, 310, 96573)
(417, 177, 57472)
(417, 97, 52046)
(417, 127, 15545)
(417, 272, 25514)
(417, 328, 92519)
(417, 259, 41197)
(417, 181, 71782)
(417, 219, 6625)
(417, 61, 6202)
(417, 358, 94744)
(417, 414, 10011)
(417, 0, 53607)
(417, 203, 70114)
(417, 44, 20650)
(417, 26, 30609)
(417, 136, 54117)
(417, 404, 24129)
(417, 157, 54971)
(417, 178, 71942)
(417, 354, 35478)
(417, 335, 18809)
(417, 402, 67044)
(417, 90, 29819)
(417, 322, 31875)
(417, 357, 61883)
(417, 184, 95177)
(417, 304, 67417)
(417, 365, 63295)
(417, 346, 42212)
(417, 60, 18590)
(417, 239, 92459)
(417, 146, 20051)
(417, 87, 53704)
(417, 331, 36982)
(417, 149, 86995)
(417, 324, 56904)
(417, 289, 76855)
(417, 129, 37309)
(417, 216, 69640)
(417, 396, 33748)
(417, 287, 94535)
(417, 254, 46444)
(417, 41, 41652)
(417, 229, 30039)
(417, 168, 85772)
(417, 33, 98375)
(417, 96, 20193)
(417, 273, 92801)
(417, 123, 30708)
(417, 82, 79225)
(417, 297, 38687)
(417, 218, 56586)
(417, 387, 12771)
(417, 169, 82299)
(417, 264, 2898)
(417, 377, 28726)
(418, 106, 69228)
(418, 28, 33942)
(418, 53, 51259)
(418, 1, 32201)
(418, 302, 49393)
(418, 37, 60888)
(418, 183, 35006)
(418, 140, 75092)
(418, 90, 37590)
(418, 152, 83997)
(418, 5, 11951)
(418, 294, 50760)
(418, 229, 26138)
(418, 219, 53264)
(418, 176, 92510)
(418, 264, 22047)
(418, 382, 98210)
(418, 113, 76498)
(418, 209, 19058)
(418, 202, 55840)
(418, 254, 12751)
(418, 7, 44084)
(418, 0, 57098)
(418, 410, 90677)
(418, 131, 4365)
(418, 243, 78842)
(418, 337, 27011)
(418, 354, 49398)
(418, 228, 78566)
(418, 297, 16624)
(418, 179, 72666)
(418, 251, 34847)
(418, 78, 6985)
(418, 85, 28087)
(418, 315, 63686)
(418, 206, 80876)
(418, 21, 56349)
(418, 123, 39487)
(418, 233, 55975)
(418, 230, 76214)
(418, 40, 1846)
(418, 2, 18056)
(418, 402, 66895)
(418, 26, 3728)
(418, 8, 20873)
(418, 232, 5127)
(418, 238, 38764)
(418, 89, 34897)
(418, 396, 45327)
(418, 178, 84481)
(418, 177, 81688)
(418, 291, 8636)
(418, 27, 87110)
(418, 300, 51676)
(418, 348, 23854)
(418, 258, 54405)
(418, 55, 31687)
(418, 306, 90795)
(418, 52, 4530)
(418, 412, 80796)
(418, 125, 32029)
(418, 221, 16914)
(418, 387, 51318)
(418, 136, 86598)
(418, 150, 70853)
(418, 19, 36773)
(418, 371, 66626)
(418, 346, 20105)
(418, 213, 4676)
(418, 156, 70415)
(418, 391, 36999)
(418, 117, 3094)
(418, 204, 724)
(418, 151, 83944)
(418, 16, 23054)
(418, 272, 23445)
(418, 248, 26145)
(418, 380, 3559)
(418, 362, 4696)
(418, 189, 66721)
(418, 44, 29703)
(418, 172, 15261)
(418, 210, 1415)
(418, 91, 94889)
(418, 403, 69654)
(418, 411, 85180)
(418, 100, 47005)
(418, 41, 19904)
(418, 76, 19506)
(418, 257, 53516)
(418, 133, 77840)
(418, 417, 18632)
(418, 379, 88776)
(418, 103, 56691)
(418, 22, 27629)
(418, 25, 64089)
(418, 166, 54155)
(418, 181, 80642)
(418, 188, 73919)
(418, 168, 45000)
(418, 355, 90728)
(418, 369, 13090)
(418, 93, 31435)
(418, 246, 19610)
(418, 6, 91803)
(418, 327, 97294)
(418, 388, 49303)
(418, 235, 24243)
(418, 57, 89959)
(418, 146, 33312)
(418, 277, 84824)
(418, 63, 77285)
(418, 115, 57398)
(418, 285, 70124)
(418, 395, 91747)
(418, 312, 52545)
(418, 404, 56190)
(418, 287, 69941)
(418, 190, 54883)
(418, 381, 58223)
(418, 345, 98322)
(418, 265, 99969)
(418, 180, 14743)
(418, 261, 22063)
(418, 240, 46348)
(419, 369, 70591)
(419, 277, 27793)
(419, 122, 583)
(419, 3, 5779)
(419, 403, 66752)
(419, 74, 22731)
(419, 374, 76948)
(419, 262, 56266)
(419, 283, 75904)
(419, 97, 79872)
(419, 206, 54877)
(419, 204, 70427)
(419, 17, 78005)
(419, 389, 36357)
(419, 392, 54530)
(419, 185, 89045)
(419, 21, 79997)
(419, 138, 90281)
(419, 124, 47190)
(419, 129, 46338)
(419, 357, 56605)
(419, 312, 77392)
(419, 126, 61136)
(419, 324, 15116)
(419, 56, 1924)
(419, 232, 63534)
(419, 94, 42789)
(419, 151, 92464)
(419, 406, 48666)
(419, 163, 32634)
(419, 177, 44776)
(419, 302, 94303)
(419, 220, 87649)
(419, 346, 91134)
(419, 305, 47775)
(419, 104, 73388)
(419, 368, 22338)
(419, 407, 98507)
(419, 93, 26686)
(419, 405, 69288)
(419, 119, 44121)
(419, 64, 90888)
(419, 179, 26996)
(419, 300, 15222)
(419, 95, 1643)
(419, 411, 47933)
(419, 209, 67697)
(419, 178, 64018)
(419, 6, 21309)
(419, 112, 97861)
(419, 364, 55907)
(419, 87, 67871)
(419, 327, 17450)
(419, 186, 15804)
(419, 358, 34401)
(419, 118, 90043)
(419, 73, 61214)
(419, 270, 42084)
(419, 103, 94731)
(419, 49, 26831)
(419, 183, 28032)
(419, 80, 55335)
(419, 10, 18268)
(419, 96, 73667)
(419, 242, 90562)
(419, 292, 85105)
(419, 141, 44843)
(419, 347, 49547)
(419, 134, 80487)
(419, 356, 64996)
(419, 58, 57899)
(419, 329, 71160)
(419, 238, 13201)
(419, 377, 70357)
(419, 9, 89040)
(419, 399, 18781)
(419, 395, 8141)
(419, 190, 82366)
(419, 152, 96088)
(419, 24, 28412)
(419, 43, 4777)
(419, 172, 13650)
(419, 366, 29973)
(419, 257, 33967)
(419, 370, 4788)
(419, 281, 17405)
(419, 402, 33296)
(419, 248, 10528)
(419, 142, 18847)
(419, 353, 34287)
(419, 40, 4382)
(419, 223, 30570)
(419, 418, 82731)
(419, 239, 79597)
(419, 31, 94987)
(419, 157, 13576)
(419, 361, 73783)
(419, 5, 62172)
(419, 174, 20074)
(419, 315, 78547)
(419, 244, 69361)
(419, 287, 7152)
(419, 306, 27089)
(419, 194, 39674)
(419, 191, 67618)
(419, 63, 22449)
(419, 359, 65514)
(419, 280, 52035)
(419, 385, 52286)
(419, 304, 22972)
(419, 268, 78666)
(419, 363, 98352)
(419, 135, 66942)
(419, 149, 13853)
(419, 13, 82554)
(419, 345, 88696)
(419, 227, 56659)
(419, 380, 29522)
(419, 59, 33951)
(419, 169, 71077)
(419, 401, 84025)
(419, 132, 82142)
(419, 27, 27623)
(419, 114, 54676)
(419, 70, 63242)
(419, 400, 85777)
(419, 15, 19164)
(419, 375, 13441)
(419, 348, 44306)
(419, 404, 83938)
(419, 314, 86108)
(419, 167, 58262)
(420, 277, 51139)
(420, 16, 55927)
(420, 415, 60219)
(420, 146, 78802)
(420, 382, 43962)
(420, 145, 15639)
(420, 83, 8448)
(420, 339, 81441)
(420, 190, 96223)
(420, 391, 68003)
(420, 168, 4543)
(420, 336, 20378)
(420, 77, 14782)
(420, 329, 36179)
(420, 139, 46548)
(420, 122, 31506)
(420, 408, 35319)
(420, 418, 25152)
(420, 24, 63707)
(420, 381, 42924)
(420, 46, 93023)
(420, 154, 68395)
(420, 25, 75674)
(420, 234, 27895)
(420, 26, 98896)
(420, 284, 48503)
(420, 149, 70097)
(420, 392, 8322)
(420, 73, 14368)
(420, 106, 98462)
(420, 364, 65129)
(420, 233, 93096)
(420, 267, 41718)
(420, 390, 12639)
(420, 232, 96439)
(420, 262, 48992)
(420, 112, 76584)
(420, 107, 15416)
(420, 294, 6086)
(420, 164, 81260)
(420, 42, 52276)
(420, 219, 38784)
(420, 334, 81393)
(420, 51, 61374)
(420, 293, 98942)
(420, 399, 46692)
(420, 215, 64218)
(420, 326, 76744)
(420, 291, 7398)
(420, 270, 26924)
(420, 348, 34306)
(420, 1, 60175)
(420, 403, 55512)
(420, 372, 52975)
(420, 30, 59437)
(420, 337, 81600)
(420, 20, 88038)
(420, 389, 11048)
(420, 126, 32047)
(420, 158, 72617)
(420, 135, 84151)
(420, 310, 91404)
(420, 201, 67346)
(420, 272, 46618)
(420, 175, 97757)
(420, 28, 5846)
(420, 110, 86875)
(420, 170, 8875)
(420, 358, 31938)
(420, 332, 32233)
(420, 261, 52346)
(420, 323, 12197)
(420, 335, 87686)
(420, 194, 15651)
(420, 17, 93984)
(420, 414, 29376)
(420, 60, 61671)
(420, 180, 94315)
(420, 256, 36539)
(420, 225, 1235)
(420, 368, 5448)
(420, 130, 61963)
(420, 119, 97275)
(420, 407, 87449)
(420, 93, 66331)
(420, 188, 50813)
(420, 401, 54212)
(420, 302, 46826)
(420, 320, 13388)
(420, 82, 29385)
(420, 92, 23181)
(420, 132, 82714)
(420, 136, 31827)
(420, 3, 5365)
(420, 159, 69719)
(420, 10, 96849)
(420, 308, 99833)
(420, 321, 91549)
(420, 296, 45556)
(420, 289, 68545)
(420, 223, 91924)
(420, 80, 27380)
(420, 65, 44939)
(420, 117, 99061)
(420, 404, 80673)
(420, 162, 86728)
(420, 67, 62445)
(420, 79, 11758)
(420, 290, 92168)
(420, 70, 63265)
(420, 393, 48855)
(420, 395, 668)
(420, 123, 97138)
(420, 315, 46734)
(420, 203, 16608)
(420, 129, 83007)
(420, 380, 54161)
(420, 113, 55082)
(420, 208, 45662)
(420, 383, 79269)
(420, 86, 8864)
(420, 156, 50002)
(420, 216, 34146)
(420, 241, 840)
(420, 388, 9880)
(420, 221, 38336)
(420, 360, 34811)
(420, 99, 34789)
(420, 14, 59456)
(420, 287, 39423)
(420, 413, 98999)
(420, 218, 7596)
(420, 78, 100308)
(420, 182, 62369)
(420, 163, 53255)
(420, 212, 61202)
(420, 363, 13368)
(420, 281, 100320)
(420, 386, 31059)
(420, 98, 14005)
(420, 68, 16092)
(420, 245, 9728)
(420, 288, 89739)
(420, 230, 83755)
(420, 355, 27325)
(420, 356, 20957)
(420, 377, 11910)
(420, 327, 97425)
(420, 362, 49285)
(420, 44, 32468)
(420, 361, 91189)
(420, 89, 25390)
(420, 167, 44900)
(420, 402, 49795)
(420, 412, 40947)
(420, 105, 87529)
(420, 268, 78580)
(420, 237, 41160)
(420, 36, 28646)
(420, 379, 16978)
(420, 102, 72627)
(420, 285, 50872)
(420, 354, 35738)
(420, 406, 16209)
(420, 303, 53952)
(420, 152, 82448)
(420, 273, 17845)
(420, 278, 75198)
(420, 263, 40673)
(420, 87, 20141)
(420, 343, 74475)
(420, 33, 6586)
(420, 171, 55273)
(420, 45, 27860)
(420, 387, 8723)
(420, 248, 69436)
(420, 66, 41642)
(420, 74, 89596)
(420, 114, 77598)
(420, 198, 98306)
(420, 176, 16905)
(420, 141, 75110)
(420, 341, 22221)
(420, 61, 48110)
(420, 178, 70560)
(420, 4, 89518)
(420, 196, 54729)
(420, 37, 91979)
(420, 69, 71790)
(420, 187, 100049)
(420, 23, 7003)
(420, 220, 22191)
(420, 342, 26388)
(420, 286, 98152)
(420, 43, 1708)
(420, 369, 1017)
(420, 400, 80258)
(420, 375, 81653)
(420, 109, 48063)
(420, 411, 1453)
(420, 189, 49779)
(420, 276, 6580)
(420, 127, 43995)
(420, 226, 7746)
(420, 138, 17569)
(420, 40, 82484)
(420, 193, 29652)
(420, 59, 13742)
(420, 197, 39804)
(420, 179, 4568)
(420, 345, 33916)
(420, 239, 25759)
(420, 209, 74210)
(420, 205, 26426)
(420, 222, 24977)
(420, 376, 55385)
(420, 169, 32796)
(420, 340, 93410)
(420, 81, 59335)
(420, 344, 59953)
(420, 265, 25384)
(420, 299, 46961)
(420, 172, 83520)
(420, 298, 8417)
(420, 258, 64709)
(420, 312, 40489)
(420, 96, 80639)
(420, 384, 38876)
(420, 350, 68178)
(420, 319, 23417)
(420, 111, 30132)
(420, 295, 57744)
(420, 115, 96160)
(420, 55, 44234)
(420, 353, 37758)
(420, 292, 67783)
(420, 316, 77279)
(420, 22, 28251)
(420, 206, 65887)
(420, 133, 42362)
(420, 0, 5868)
(420, 103, 6445)
(420, 204, 97117)
(420, 173, 57658)
(420, 150, 30582)
(420, 38, 18440)
(420, 366, 6621)
(420, 304, 43984)
(420, 50, 69138)
(420, 260, 45761)
(420, 160, 65056)
(420, 331, 39254)
(420, 280, 52140)
(420, 255, 79663)
(420, 385, 37592)
(420, 63, 67844)
(420, 306, 57474)
(420, 419, 91385)
(420, 100, 58619)
(420, 373, 19532)
(420, 84, 763)
(420, 53, 25882)
(420, 357, 53573)
(420, 202, 16142)
(420, 15, 82706)
(420, 254, 25862)
(420, 56, 79606)
(420, 238, 22179)
(420, 264, 7367)
(420, 186, 91346)
(420, 274, 71524)
(420, 94, 8675)
(420, 7, 96457)
(420, 192, 67698)
(420, 210, 84906)
(420, 144, 27648)
(420, 227, 53342)
(420, 49, 50129)
(420, 313, 68578)
(420, 52, 24776)
(420, 195, 8250)
(420, 147, 75983)
(420, 5, 45065)
(420, 64, 90498)
(420, 140, 79253)
(420, 351, 53867)
(420, 39, 77791)
(420, 72, 41898)
(420, 259, 2176)
(420, 275, 50420)
(420, 240, 12974)
(420, 257, 45988)
(420, 250, 70166)
(420, 48, 96788)
(420, 143, 91838)
(420, 374, 17323)
(420, 128, 33374)
(420, 131, 69358)
(420, 338, 81256)
(420, 229, 69877)
(420, 249, 34147)
(420, 174, 66951)
(420, 124, 93974)
(420, 269, 59070)
(420, 253, 2736)
(420, 309, 54019)
(420, 314, 20929)
(420, 58, 83286)
(420, 13, 42943)
(420, 231, 97931)
(420, 252, 30427)
(420, 322, 1099)
(420, 416, 46523)
(420, 90, 85958)
(420, 347, 14589)
(420, 41, 62254)
(420, 97, 7093)
(420, 32, 28406)
(420, 95, 87494)
(420, 2, 65609)
(420, 47, 24116)
(420, 183, 59224)
(420, 118, 80036)
(420, 57, 44959)
(420, 213, 62351)
(420, 142, 13381)
(420, 21, 14759)
(420, 333, 52649)
(421, 316, 26395)
(421, 178, 65306)
(421, 344, 16013)
(421, 150, 84413)
(421, 174, 98163)
(421, 277, 1852)
(421, 7, 47041)
(421, 225, 84081)
(421, 31, 9535)
(421, 207, 31837)
(421, 266, 39835)
(421, 112, 53206)
(421, 188, 89586)
(421, 143, 47806)
(421, 390, 85896)
(421, 30, 43914)
(421, 76, 77537)
(421, 42, 44343)
(421, 97, 84492)
(421, 374, 31191)
(421, 118, 92145)
(421, 272, 13707)
(421, 350, 22737)
(421, 6, 9920)
(421, 138, 56967)
(421, 82, 80678)
(421, 238, 30122)
(421, 88, 82362)
(421, 237, 67523)
(421, 352, 9384)
(421, 117, 39617)
(421, 122, 55822)
(421, 196, 20058)
(421, 9, 78088)
(421, 19, 23475)
(421, 340, 55197)
(421, 71, 68749)
(421, 414, 18537)
(421, 325, 55212)
(421, 170, 20550)
(421, 184, 20995)
(421, 51, 60396)
(421, 154, 97828)
(421, 400, 65754)
(421, 330, 30672)
(421, 270, 7723)
(421, 368, 22914)
(421, 78, 64768)
(421, 381, 85103)
(421, 348, 39312)
(421, 268, 66941)
(421, 251, 29085)
(421, 201, 91379)
(421, 151, 15393)
(421, 27, 40776)
(421, 132, 30125)
(421, 404, 18903)
(421, 317, 76543)
(421, 100, 71858)
(421, 403, 91066)
(421, 11, 41285)
(421, 202, 97695)
(421, 46, 97913)
(421, 91, 15226)
(421, 391, 52794)
(421, 172, 91046)
(421, 98, 26362)
(421, 258, 28591)
(421, 148, 94013)
(421, 328, 6383)
(421, 388, 59585)
(421, 59, 79356)
(421, 384, 47749)
(421, 260, 76628)
(421, 329, 81846)
(421, 20, 10801)
(421, 256, 41860)
(421, 362, 2582)
(421, 380, 88591)
(421, 283, 35310)
(421, 139, 94123)
(421, 222, 12887)
(421, 1, 85697)
(421, 16, 47186)
(421, 417, 46827)
(421, 131, 85241)
(421, 273, 39943)
(421, 157, 7788)
(421, 45, 32373)
(421, 334, 59752)
(421, 126, 89663)
(421, 412, 9896)
(421, 140, 24890)
(421, 162, 17383)
(421, 343, 1220)
(421, 373, 44433)
(421, 351, 63013)
(421, 153, 73974)
(421, 300, 99799)
(421, 106, 76566)
(421, 252, 12103)
(421, 102, 77584)
(421, 399, 84856)
(421, 124, 21227)
(421, 116, 66415)
(421, 155, 56784)
(421, 181, 98137)
(421, 176, 44690)
(421, 107, 36481)
(421, 200, 93975)
(421, 74, 96899)
(421, 21, 81107)
(421, 189, 52623)
(421, 396, 87957)
(421, 164, 9315)
(421, 67, 57212)
(421, 180, 75842)
(421, 347, 100122)
(421, 392, 28309)
(421, 194, 67503)
(421, 338, 5368)
(421, 94, 75748)
(421, 203, 36168)
(421, 336, 56861)
(421, 275, 96356)
(421, 28, 57175)
(421, 85, 44744)
(421, 119, 98819)
(421, 110, 8790)
(421, 386, 6649)
(421, 346, 82656)
(421, 307, 15414)
(421, 280, 83181)
(421, 261, 26411)
(421, 420, 37742)
(421, 204, 41039)
(421, 69, 88656)
(421, 179, 16794)
(421, 337, 4903)
(421, 407, 15325)
(421, 166, 37824)
(421, 284, 76872)
(421, 250, 20999)
(421, 136, 67153)
(421, 175, 82243)
(421, 311, 71221)
(421, 3, 81521)
(421, 212, 37674)
(421, 186, 46473)
(421, 263, 72063)
(421, 115, 14393)
(421, 128, 25434)
(421, 318, 77666)
(421, 49, 22956)
(421, 183, 10796)
(421, 264, 46863)
(421, 52, 50593)
(421, 269, 63256)
(421, 297, 7299)
(421, 129, 20879)
(421, 370, 14292)
(421, 379, 93478)
(421, 357, 78353)
(421, 335, 19550)
(421, 152, 31167)
(421, 358, 100179)
(421, 221, 4220)
(421, 371, 13684)
(421, 249, 73613)
(421, 218, 83876)
(421, 219, 17419)
(421, 306, 81123)
(421, 372, 39369)
(422, 7, 82601)
(422, 124, 37099)
(422, 143, 32302)
(422, 1, 27908)
(422, 324, 46449)
(422, 401, 39761)
(422, 415, 5125)
(422, 287, 8734)
(422, 64, 64820)
(422, 408, 14844)
(422, 260, 62349)
(422, 379, 56496)
(422, 231, 78300)
(422, 224, 32586)
(422, 369, 36713)
(422, 295, 20288)
(422, 310, 75212)
(422, 192, 34953)
(422, 88, 85646)
(422, 27, 53711)
(422, 141, 52888)
(422, 54, 59733)
(422, 392, 90361)
(422, 66, 64442)
(422, 155, 97916)
(422, 184, 78043)
(422, 40, 29202)
(422, 12, 83987)
(422, 222, 78780)
(422, 113, 69188)
(422, 256, 62043)
(422, 332, 87156)
(422, 419, 44738)
(422, 318, 88101)
(422, 247, 91233)
(422, 130, 9039)
(422, 351, 83025)
(422, 144, 11217)
(422, 349, 85893)
(422, 208, 58367)
(422, 296, 48902)
(422, 90, 81404)
(422, 330, 74293)
(422, 111, 48794)
(422, 271, 94122)
(422, 18, 6405)
(422, 303, 50007)
(422, 58, 10632)
(422, 263, 1608)
(422, 246, 70149)
(422, 400, 48949)
(422, 51, 31313)
(422, 245, 18922)
(422, 151, 9802)
(422, 131, 50906)
(422, 253, 98593)
(422, 19, 23040)
(422, 346, 8228)
(422, 200, 57520)
(422, 122, 90193)
(422, 100, 38039)
(422, 15, 49382)
(422, 261, 6905)
(422, 149, 81059)
(422, 333, 48667)
(422, 388, 2102)
(422, 168, 13861)
(422, 22, 28322)
(422, 23, 45215)
(422, 219, 41563)
(422, 301, 64580)
(422, 187, 26372)
(422, 317, 37675)
(422, 212, 11884)
(422, 83, 41836)
(422, 179, 22639)
(422, 364, 28019)
(422, 230, 22391)
(422, 279, 49526)
(422, 313, 20412)
(422, 374, 12249)
(422, 57, 78021)
(422, 188, 40353)
(422, 307, 38240)
(422, 414, 23504)
(422, 39, 61229)
(422, 198, 36570)
(422, 87, 74577)
(422, 61, 42768)
(422, 110, 3273)
(422, 193, 38072)
(422, 311, 32950)
(422, 238, 74761)
(422, 399, 21817)
(422, 321, 50408)
(422, 137, 56472)
(422, 112, 69996)
(422, 232, 53406)
(422, 225, 77020)
(422, 67, 77331)
(422, 156, 88482)
(422, 308, 18502)
(422, 268, 56669)
(422, 291, 3803)
(422, 396, 72035)
(422, 293, 91535)
(422, 372, 33393)
(422, 173, 84043)
(422, 387, 59770)
(422, 282, 78219)
(422, 314, 80762)
(422, 182, 58867)
(422, 342, 30431)
(422, 108, 6116)
(422, 416, 18600)
(422, 242, 76688)
(422, 199, 67246)
(422, 123, 68314)
(422, 265, 82548)
(422, 163, 61233)
(422, 94, 46775)
(422, 402, 36602)
(422, 28, 86483)
(422, 250, 21685)
(422, 38, 31798)
(422, 37, 61658)
(422, 290, 3023)
(422, 132, 76480)
(422, 196, 94400)
(422, 127, 83128)
(422, 134, 99083)
(422, 362, 52806)
(422, 285, 40298)
(422, 126, 40894)
(422, 81, 14342)
(422, 354, 56597)
(422, 91, 85565)
(422, 363, 716)
(422, 162, 64002)
(422, 43, 47911)
(422, 86, 32865)
(422, 403, 16524)
(422, 119, 17440)
(422, 338, 21196)
(422, 417, 11508)
(422, 0, 71142)
(422, 251, 438)
(422, 340, 64881)
(422, 377, 40623)
(422, 264, 45273)
(422, 55, 13102)
(422, 389, 43197)
(422, 409, 86613)
(422, 344, 94612)
(422, 77, 67753)
(422, 49, 47202)
(422, 13, 78402)
(422, 210, 71787)
(422, 384, 98438)
(422, 195, 98260)
(422, 257, 11467)
(422, 322, 75211)
(422, 316, 54828)
(422, 52, 20205)
(422, 315, 85040)
(422, 272, 44607)
(422, 189, 27827)
(422, 89, 95009)
(422, 286, 81359)
(422, 97, 6558)
(422, 270, 94977)
(422, 24, 57308)
(422, 92, 95740)
(422, 356, 85301)
(422, 93, 12132)
(423, 137, 19882)
(423, 30, 94936)
(423, 379, 76105)
(423, 329, 26807)
(423, 395, 73492)
(423, 309, 49470)
(423, 265, 62644)
(423, 14, 69068)
(423, 178, 24440)
(423, 282, 7854)
(423, 213, 180)
(423, 91, 7096)
(423, 140, 11927)
(423, 275, 1188)
(423, 381, 50212)
(423, 383, 87800)
(423, 242, 24551)
(423, 59, 57378)
(423, 346, 98459)
(423, 191, 20619)
(423, 129, 22011)
(423, 186, 91911)
(423, 67, 41209)
(423, 166, 30993)
(423, 343, 76711)
(423, 92, 34091)
(423, 82, 84636)
(423, 315, 25190)
(423, 318, 71071)
(423, 181, 38140)
(423, 253, 38087)
(423, 38, 30565)
(423, 49, 45668)
(423, 409, 79739)
(423, 326, 49224)
(423, 402, 100263)
(423, 187, 92178)
(423, 103, 28246)
(423, 210, 74142)
(423, 393, 67211)
(423, 156, 59715)
(423, 21, 93039)
(423, 324, 12227)
(423, 8, 13735)
(423, 271, 59590)
(423, 75, 36321)
(423, 257, 1228)
(423, 297, 79807)
(423, 359, 78880)
(423, 337, 4007)
(423, 274, 58816)
(423, 362, 14647)
(423, 240, 98385)
(423, 267, 24900)
(423, 51, 100177)
(423, 115, 43398)
(423, 214, 71530)
(423, 351, 62405)
(423, 368, 68484)
(423, 34, 62813)
(423, 22, 85755)
(423, 264, 94698)
(423, 58, 85886)
(423, 134, 46503)
(423, 399, 17123)
(423, 80, 51384)
(423, 124, 2048)
(423, 262, 23954)
(423, 244, 48370)
(423, 206, 60675)
(423, 155, 40812)
(423, 218, 25218)
(423, 160, 5177)
(423, 350, 20984)
(423, 286, 28067)
(423, 389, 26173)
(423, 76, 66278)
(423, 152, 47799)
(423, 102, 62690)
(423, 418, 8054)
(423, 310, 80873)
(423, 10, 95483)
(423, 199, 15311)
(423, 377, 75172)
(423, 36, 69120)
(423, 113, 37786)
(423, 120, 45498)
(423, 235, 13290)
(423, 229, 1483)
(423, 121, 286)
(423, 266, 25278)
(423, 12, 18092)
(423, 321, 87504)
(423, 50, 80190)
(423, 78, 52058)
(423, 396, 96998)
(423, 398, 32978)
(423, 148, 82964)
(423, 101, 98404)
(423, 18, 48553)
(423, 69, 16621)
(423, 70, 3800)
(423, 11, 63018)
(423, 299, 11691)
(423, 9, 35105)
(423, 131, 35220)
(423, 345, 27821)
(423, 325, 71770)
(423, 122, 26369)
(423, 106, 27699)
(423, 93, 42543)
(423, 317, 89577)
(423, 174, 20313)
(423, 147, 30927)
(423, 246, 50858)
(423, 371, 79868)
(423, 334, 35971)
(423, 180, 71817)
(423, 311, 72527)
(423, 87, 74270)
(423, 293, 16943)
(423, 153, 61836)
(423, 41, 51299)
(423, 385, 8532)
(423, 284, 32884)
(423, 127, 11640)
(423, 298, 95206)
(423, 407, 67512)
(423, 382, 2295)
(423, 288, 23360)
(423, 52, 99256)
(423, 107, 58784)
(423, 65, 93218)
(423, 342, 12126)
(423, 283, 49864)
(423, 230, 67581)
(423, 173, 25088)
(423, 23, 20753)
(423, 145, 40819)
(423, 90, 7077)
(423, 331, 10850)
(423, 281, 55764)
(423, 40, 58038)
(423, 280, 51505)
(423, 243, 4503)
(423, 197, 65739)
(423, 201, 40714)
(423, 182, 418)
(423, 308, 73814)
(423, 285, 76457)
(423, 151, 80041)
(423, 7, 13062)
(423, 95, 84325)
(423, 277, 46311)
(423, 233, 3167)
(423, 237, 83692)
(423, 19, 53292)
(423, 144, 55737)
(423, 28, 97357)
(423, 97, 1431)
(423, 361, 61634)
(423, 224, 72187)
(423, 208, 57431)
(423, 320, 80188)
(423, 376, 82064)
(423, 99, 76859)
(423, 193, 58702)
(423, 252, 42672)
(423, 117, 79885)
(423, 119, 74419)
(423, 27, 50048)
(423, 223, 48814)
(423, 386, 51738)
(423, 203, 37831)
(423, 1, 95525)
(423, 380, 56134)
(423, 259, 69788)
(423, 261, 11028)
(423, 356, 93145)
(423, 17, 23473)
(423, 394, 64711)
(423, 322, 41876)
(423, 339, 50749)
(423, 251, 1625)
(423, 177, 14900)
(423, 161, 44849)
(423, 295, 91908)
(423, 216, 77195)
(423, 189, 42305)
(423, 42, 16238)
(423, 234, 41195)
(423, 47, 46182)
(423, 85, 36686)
(423, 364, 97593)
(423, 269, 27454)
(423, 171, 96531)
(423, 190, 75321)
(423, 303, 72625)
(423, 31, 55491)
(423, 410, 84556)
(423, 202, 44281)
(423, 241, 30844)
(423, 375, 10272)
(423, 164, 75315)
(423, 149, 10379)
(423, 279, 48526)
(423, 365, 4437)
(423, 392, 605)
(423, 355, 15525)
(423, 37, 5198)
(423, 378, 23341)
(423, 62, 26365)
(423, 25, 21770)
(423, 60, 90286)
(423, 404, 6843)
(423, 98, 67663)
(423, 154, 91450)
(423, 165, 96118)
(423, 45, 38597)
(423, 53, 26323)
(423, 314, 56247)
(423, 363, 63813)
(423, 83, 94230)
(423, 63, 6557)
(423, 39, 11188)
(423, 316, 43)
(423, 200, 21282)
(423, 64, 99390)
(423, 301, 84854)
(423, 16, 30154)
(423, 388, 56194)
(423, 116, 8545)
(423, 198, 99255)
(423, 370, 91091)
(423, 159, 55744)
(423, 417, 33156)
(423, 420, 85663)
(423, 323, 45027)
(423, 336, 14294)
(423, 400, 34423)
(423, 84, 56530)
(423, 135, 95839)
(423, 13, 83016)
(423, 196, 16607)
(423, 79, 80694)
(423, 4, 81655)
(423, 204, 45679)
(423, 138, 5333)
(423, 74, 28884)
(423, 163, 61091)
(423, 114, 65285)
(423, 150, 31150)
(423, 416, 48024)
(423, 227, 18717)
(423, 6, 24127)
(423, 55, 68407)
(423, 270, 39002)
(423, 245, 55904)
(423, 26, 98818)
(423, 239, 78586)
(423, 185, 97716)
(423, 105, 73681)
(423, 104, 90489)
(423, 86, 13185)
(423, 366, 89464)
(423, 183, 92445)
(423, 289, 36181)
(423, 219, 97538)
(423, 44, 80625)
(423, 250, 59266)
(423, 211, 100259)
(423, 302, 60087)
(423, 2, 73067)
(423, 344, 60436)
(423, 61, 19393)
(423, 272, 8172)
(423, 411, 46264)
(423, 228, 83264)
(423, 401, 51473)
(423, 278, 77423)
(423, 207, 98241)
(423, 276, 11666)
(423, 132, 30219)
(423, 48, 90724)
(423, 338, 54029)
(423, 125, 94289)
(423, 118, 42916)
(423, 130, 73668)
(423, 358, 29102)
(423, 258, 72195)
(423, 184, 59832)
(423, 374, 33226)
(423, 390, 26698)
(423, 352, 45147)
(423, 349, 4801)
(423, 73, 18180)
(423, 232, 37220)
(423, 220, 99096)
(423, 357, 6914)
(423, 94, 61529)
(423, 3, 41067)
(423, 81, 86045)
(423, 20, 80999)
(423, 112, 63453)
(423, 422, 100031)
(423, 128, 59725)
(423, 215, 39894)
(423, 403, 78755)
(423, 100, 74895)
(423, 136, 1826)
(423, 300, 73520)
(423, 222, 33628)
(423, 194, 63132)
(423, 46, 91837)
(423, 287, 20941)
(423, 273, 16078)
(423, 421, 78584)
(423, 33, 64370)
(423, 192, 4269)
(423, 387, 94029)
(423, 66, 65127)
(423, 263, 97673)
(423, 333, 73154)
(423, 294, 10872)
(423, 226, 78178)
(423, 328, 40837)
(423, 256, 19446)
(423, 205, 63749)
(423, 133, 46279)
(423, 340, 73508)
(423, 247, 44096)
(423, 238, 95625)
(423, 335, 35853)
(423, 43, 71544)
(423, 32, 25136)
(423, 209, 27492)
(423, 123, 76704)
(423, 408, 99828)
(423, 304, 82477)
(423, 360, 67661)
(423, 108, 88053)
(423, 72, 749)
(423, 249, 37557)
(423, 142, 2342)
(423, 172, 98295)
(423, 146, 98985)
(423, 221, 59561)
(423, 296, 86430)
(423, 15, 58846)
(423, 141, 23320)
(423, 319, 99742)
(423, 260, 64082)
(423, 225, 29566)
(423, 29, 100237)
(423, 109, 77160)
(423, 35, 20820)
(423, 158, 70783)
(423, 305, 3394)
(423, 348, 74161)
(423, 57, 35945)
(423, 126, 98485)
(423, 0, 86427)
(423, 354, 45151)
(423, 212, 96504)
(423, 291, 28953)
(423, 170, 86524)
(423, 179, 40338)
(423, 77, 73982)
(423, 188, 43821)
(423, 89, 14895)
(423, 175, 33863)
(423, 367, 86865)
(423, 341, 75255)
(423, 68, 45993)
(423, 413, 50003)
(423, 110, 85179)
(423, 169, 72723)
(423, 412, 61285)
(423, 167, 40190)
(423, 419, 8714)
(423, 372, 88012)
(423, 248, 95420)
(423, 5, 21038)
(423, 157, 70939)
(423, 415, 22259)
(423, 96, 80614)
(423, 391, 2668)
(423, 306, 68908)
(423, 290, 93657)
(423, 268, 59806)
(423, 176, 87867)
(423, 406, 81492)
(423, 255, 65591)
(423, 397, 70721)
(423, 369, 38092)
(423, 217, 85009)
(423, 195, 7252)
(423, 56, 6699)
(423, 162, 31820)
(423, 24, 29667)
(423, 414, 97870)
(423, 312, 72962)
(423, 231, 24304)
(423, 353, 62896)
(423, 254, 26016)
(423, 143, 6253)
(423, 384, 14298)
(423, 236, 49943)
(423, 327, 38504)
(423, 332, 89126)
(423, 307, 16775)
(423, 111, 58547)
(423, 139, 65710)
(423, 168, 98662)
(423, 71, 77911)
(424, 288, 60717)
(424, 163, 33420)
(424, 372, 49596)
(424, 61, 2680)
(424, 374, 6788)
(424, 146, 34075)
(424, 64, 3565)
(424, 173, 37781)
(424, 131, 50798)
(424, 394, 46387)
(424, 174, 872)
(424, 351, 34748)
(424, 65, 4319)
(424, 202, 18989)
(424, 181, 53782)
(424, 186, 73132)
(424, 379, 96197)
(424, 176, 74295)
(424, 257, 50203)
(424, 378, 99638)
(424, 197, 23929)
(424, 188, 99913)
(424, 398, 48314)
(424, 44, 87594)
(424, 387, 62802)
(424, 38, 35290)
(424, 23, 55336)
(424, 212, 45835)
(424, 411, 74174)
(424, 273, 66215)
(424, 316, 85566)
(424, 127, 9715)
(424, 67, 5895)
(424, 59, 77848)
(424, 25, 41890)
(424, 220, 13484)
(424, 20, 47047)
(424, 204, 66384)
(424, 5, 54588)
(424, 420, 92410)
(424, 412, 70584)
(424, 169, 49387)
(424, 140, 75557)
(424, 251, 81677)
(424, 128, 95098)
(424, 405, 69896)
(424, 141, 31749)
(424, 255, 20521)
(424, 218, 25604)
(424, 210, 95279)
(424, 414, 94192)
(424, 3, 53858)
(424, 272, 41763)
(424, 99, 56150)
(424, 101, 15538)
(424, 55, 35082)
(424, 265, 75786)
(424, 295, 72543)
(424, 416, 10356)
(424, 390, 47318)
(424, 56, 61842)
(424, 88, 85358)
(424, 105, 17114)
(424, 158, 3704)
(424, 319, 38851)
(424, 298, 42770)
(424, 315, 76840)
(424, 172, 46786)
(424, 270, 10054)
(424, 164, 16148)
(424, 103, 43850)
(424, 254, 64475)
(424, 41, 76562)
(424, 377, 83695)
(424, 309, 58814)
(424, 303, 37)
(424, 24, 49304)
(424, 362, 65563)
(424, 49, 75355)
(424, 167, 30095)
(424, 130, 43795)
(424, 196, 8097)
(424, 68, 47555)
(424, 179, 99570)
(424, 22, 83776)
(424, 184, 3146)
(424, 296, 91832)
(424, 93, 13203)
(424, 96, 92558)
(424, 208, 88602)
(424, 406, 36445)
(424, 355, 81738)
(424, 162, 65452)
(424, 334, 20857)
(424, 26, 27030)
(424, 206, 46698)
(424, 340, 96300)
(424, 365, 90587)
(424, 115, 46535)
(424, 29, 46404)
(424, 178, 63843)
(424, 207, 38003)
(424, 106, 24713)
(424, 151, 9367)
(424, 277, 44620)
(424, 324, 23952)
(424, 42, 27442)
(424, 86, 65554)
(424, 80, 50575)
(424, 329, 64517)
(424, 216, 31929)
(424, 0, 21774)
(424, 135, 86964)
(424, 354, 45657)
(424, 226, 29505)
(424, 397, 45207)
(424, 147, 52455)
(424, 39, 47798)
(424, 328, 85466)
(424, 52, 49444)
(424, 133, 92752)
(424, 391, 49668)
(424, 18, 32329)
(424, 53, 85294)
(424, 91, 13717)
(424, 157, 16898)
(424, 200, 18299)
(424, 268, 31147)
(424, 191, 64166)
(424, 256, 47663)
(424, 227, 65779)
(424, 342, 81117)
(424, 399, 5158)
(424, 302, 31286)
(424, 156, 19375)
(424, 72, 36682)
(424, 284, 17151)
(424, 312, 61819)
(424, 116, 88125)
(424, 294, 21383)
(424, 396, 66226)
(424, 7, 47447)
(424, 92, 11495)
(424, 159, 76795)
(424, 19, 2412)
(424, 79, 76487)
(424, 382, 24778)
(424, 344, 51831)
(424, 69, 74567)
(424, 47, 25827)
(424, 346, 91429)
(424, 153, 80)
(424, 263, 99716)
(424, 330, 81914)
(424, 376, 50278)
(424, 40, 63179)
(424, 237, 8306)
(424, 205, 32676)
(424, 384, 66596)
(424, 144, 56689)
(424, 231, 24404)
(424, 318, 42203)
(424, 138, 21912)
(424, 149, 89299)
(424, 274, 56674)
(424, 253, 11429)
(424, 35, 78388)
(424, 90, 39670)
(424, 304, 32733)
(424, 350, 22983)
(424, 313, 14057)
(424, 94, 3385)
(424, 371, 28387)
(424, 246, 96618)
(424, 326, 77067)
(424, 148, 80017)
(424, 1, 22127)
(424, 150, 85823)
(424, 84, 69723)
(424, 282, 12745)
(424, 335, 68579)
(424, 111, 87111)
(424, 57, 50422)
(424, 120, 35734)
(424, 48, 41260)
(424, 320, 29876)
(424, 236, 94324)
(424, 193, 90024)
(424, 241, 41786)
(424, 98, 76914)
(424, 107, 49835)
(424, 175, 78945)
(424, 77, 16361)
(424, 259, 18956)
(424, 143, 31441)
(424, 264, 94759)
(424, 307, 27903)
(424, 291, 67709)
(424, 403, 1331)
(424, 119, 64723)
(424, 16, 22665)
(424, 299, 76681)
(424, 341, 65090)
(424, 199, 96227)
(424, 190, 719)
(424, 423, 31063)
(424, 124, 4230)
(424, 311, 22217)
(424, 368, 77155)
(424, 81, 100145)
(424, 393, 63408)
(424, 323, 22506)
(424, 317, 69954)
(424, 36, 90632)
(424, 66, 36533)
(424, 418, 92619)
(424, 336, 26038)
(424, 332, 89077)
(424, 192, 21212)
(424, 413, 2425)
(424, 261, 99186)
(424, 353, 28508)
(424, 314, 98829)
(424, 266, 66376)
(424, 375, 72603)
(424, 400, 17338)
(424, 359, 98653)
(424, 409, 29183)
(424, 230, 86510)
(424, 211, 64760)
(424, 139, 64980)
(424, 214, 53905)
(424, 238, 78881)
(424, 369, 28730)
(424, 240, 68075)
(424, 213, 70284)
(424, 388, 72339)
(424, 161, 73255)
(424, 361, 76401)
(424, 85, 65667)
(424, 76, 94548)
(424, 110, 40096)
(424, 154, 42502)
(424, 331, 56534)
(424, 13, 8707)
(424, 194, 32011)
(424, 95, 35668)
(424, 166, 58432)
(424, 360, 37829)
(424, 262, 87496)
(424, 32, 42460)
(424, 276, 22596)
(424, 269, 6312)
(424, 117, 18317)
(424, 50, 14745)
(424, 252, 60016)
(424, 62, 51839)
(424, 215, 55372)
(424, 281, 13965)
(424, 383, 55395)
(424, 363, 47778)
(424, 28, 17480)
(424, 389, 86325)
(424, 286, 73078)
(424, 51, 81136)
(424, 224, 30502)
(424, 21, 59849)
(424, 14, 50469)
(424, 325, 61863)
(424, 70, 45548)
(424, 283, 48259)
(424, 182, 86327)
(424, 73, 98953)
(424, 244, 45428)
(424, 421, 55444)
(424, 195, 15922)
(424, 102, 37266)
(424, 183, 18610)
(424, 247, 93316)
(424, 278, 11802)
(424, 60, 61770)
(424, 12, 32213)
(424, 121, 81078)
(424, 168, 47878)
(424, 337, 21861)
(424, 113, 19687)
(424, 71, 90942)
(424, 327, 79728)
(424, 63, 93652)
(424, 322, 69975)
(424, 248, 99544)
(424, 280, 11200)
(424, 366, 54859)
(424, 292, 21620)
(424, 306, 80462)
(424, 75, 55138)
(424, 155, 29173)
(424, 6, 73446)
(424, 402, 96212)
(424, 43, 1785)
(424, 221, 18415)
(424, 242, 71631)
(424, 275, 39527)
(424, 345, 33927)
(424, 310, 27241)
(424, 201, 46051)
(424, 100, 81377)
(424, 404, 48542)
(424, 357, 78391)
(424, 381, 48547)
(424, 417, 30203)
(424, 2, 19581)
(424, 112, 78554)
(424, 142, 8610)
(424, 122, 30916)
(424, 279, 65446)
(424, 198, 80919)
(424, 45, 76966)
(424, 410, 42496)
(424, 145, 45940)
(424, 189, 17895)
(424, 83, 93526)
(424, 401, 73022)
(424, 11, 63469)
(424, 358, 99585)
(424, 225, 93752)
(424, 356, 55661)
(424, 97, 50164)
(424, 380, 50971)
(424, 74, 9769)
(424, 364, 3894)
(424, 30, 63393)
(424, 258, 37455)
(424, 301, 36459)
(424, 78, 53732)
(424, 234, 86376)
(424, 89, 58135)
(424, 114, 30341)
(424, 250, 12120)
(424, 165, 52802)
(424, 152, 29082)
(424, 217, 93104)
(424, 249, 92391)
(424, 15, 36483)
(424, 260, 10081)
(424, 46, 34326)
(424, 422, 67786)
(424, 392, 34058)
(424, 136, 71630)
(424, 187, 34893)
(424, 285, 64392)
(424, 177, 91325)
(424, 9, 93123)
(424, 4, 35403)
(424, 235, 17807)
(424, 37, 97939)
(424, 209, 91154)
(424, 367, 53758)
(424, 132, 43112)
(424, 185, 31587)
(424, 229, 56174)
(424, 407, 8062)
(424, 239, 29487)
(424, 333, 62809)
(424, 160, 80286)
(424, 370, 2658)
(424, 170, 88572)
(425, 380, 65063)
(425, 68, 63871)
(425, 376, 30793)
(425, 192, 33423)
(425, 4, 8627)
(425, 113, 83672)
(425, 322, 40989)
(425, 406, 49803)
(425, 398, 58207)
(425, 61, 72825)
(425, 108, 85161)
(425, 78, 19593)
(425, 101, 22840)
(425, 424, 75335)
(425, 327, 21390)
(425, 313, 35585)
(425, 232, 1843)
(425, 275, 95524)
(425, 254, 22240)
(425, 255, 1270)
(425, 227, 22164)
(425, 69, 57173)
(425, 152, 73723)
(425, 163, 68444)
(425, 238, 35516)
(425, 59, 10274)
(425, 10, 2638)
(425, 293, 66926)
(425, 262, 11803)
(425, 146, 28936)
(425, 364, 48882)
(425, 102, 17611)
(425, 228, 64615)
(425, 36, 53367)
(425, 197, 8566)
(425, 63, 34564)
(425, 291, 54885)
(425, 112, 34580)
(425, 80, 29833)
(425, 52, 53700)
(425, 45, 49664)
(425, 28, 86564)
(425, 195, 86231)
(425, 242, 63118)
(425, 423, 56903)
(425, 395, 9397)
(425, 194, 58073)
(425, 86, 70699)
(425, 103, 81868)
(425, 366, 601)
(425, 73, 26002)
(425, 193, 73849)
(425, 24, 31867)
(425, 401, 32968)
(425, 216, 2214)
(425, 223, 98464)
(425, 44, 80883)
(425, 181, 69806)
(425, 374, 95862)
(425, 267, 44872)
(425, 29, 94447)
(425, 351, 79875)
(425, 365, 30740)
(425, 91, 29844)
(425, 319, 31954)
(425, 240, 81261)
(425, 336, 98307)
(425, 259, 72101)
(425, 72, 69914)
(425, 337, 31548)
(426, 395, 85252)
(426, 344, 23428)
(426, 145, 73593)
(426, 392, 98273)
(426, 127, 54578)
(426, 16, 42123)
(426, 105, 55079)
(426, 304, 91504)
(426, 169, 5340)
(426, 213, 66312)
(426, 41, 41028)
(426, 227, 53460)
(426, 331, 63675)
(426, 88, 56736)
(426, 62, 22788)
(426, 38, 45113)
(426, 58, 99592)
(426, 281, 82134)
(426, 39, 18974)
(426, 146, 68447)
(426, 363, 27542)
(426, 317, 92452)
(426, 270, 66886)
(426, 381, 66920)
(426, 79, 97442)
(426, 394, 5773)
(426, 271, 30920)
(426, 236, 3168)
(426, 133, 96045)
(426, 171, 93674)
(426, 190, 33378)
(426, 336, 54113)
(426, 249, 54033)
(426, 40, 62154)
(426, 397, 72673)
(426, 231, 98190)
(426, 314, 84904)
(426, 406, 89996)
(426, 348, 60123)
(426, 114, 12210)
(426, 306, 97672)
(426, 354, 35323)
(426, 118, 10186)
(426, 357, 31000)
(426, 162, 65918)
(426, 99, 50784)
(426, 125, 81934)
(426, 210, 85664)
(426, 179, 1050)
(426, 298, 5942)
(426, 283, 24904)
(426, 377, 67006)
(426, 12, 21351)
(426, 296, 12752)
(426, 309, 21349)
(426, 78, 61937)
(426, 176, 15180)
(426, 164, 44016)
(426, 416, 19005)
(426, 15, 36791)
(426, 272, 45389)
(426, 274, 19790)
(426, 60, 71876)
(426, 144, 7765)
(426, 263, 53481)
(426, 153, 82303)
(426, 132, 67030)
(426, 3, 46939)
(426, 193, 90642)
(426, 258, 75060)
(426, 158, 49672)
(426, 412, 57295)
(426, 316, 52451)
(426, 228, 89549)
(426, 366, 20369)
(426, 8, 69875)
(426, 315, 74213)
(426, 323, 61135)
(426, 198, 41397)
(426, 1, 76396)
(426, 173, 7382)
(426, 291, 82598)
(426, 13, 70592)
(426, 140, 62333)
(426, 337, 95462)
(426, 200, 11320)
(426, 280, 33686)
(426, 333, 96908)
(426, 330, 96743)
(426, 102, 13371)
(426, 389, 59579)
(426, 186, 25033)
(426, 339, 92982)
(426, 340, 66016)
(426, 261, 85191)
(426, 320, 9174)
(426, 413, 56839)
(426, 223, 24494)
(426, 398, 11777)
(426, 122, 49251)
(426, 301, 41098)
(426, 92, 29494)
(426, 359, 14376)
(426, 268, 46393)
(426, 400, 31984)
(426, 46, 37346)
(426, 303, 14551)
(426, 167, 68602)
(426, 199, 26142)
(426, 422, 16305)
(426, 110, 34905)
(426, 48, 50427)
(426, 205, 22208)
(426, 57, 76482)
(426, 202, 21068)
(426, 126, 33141)
(426, 295, 8961)
(426, 66, 17548)
(426, 19, 61402)
(426, 35, 44178)
(426, 54, 12238)
(426, 247, 62165)
(426, 154, 65389)
(426, 93, 61015)
(426, 147, 59882)
(426, 112, 94331)
(426, 215, 93681)
(426, 250, 24183)
(426, 276, 14963)
(426, 312, 72020)
(426, 108, 62926)
(426, 175, 41795)
(426, 244, 43460)
(426, 229, 44919)
(426, 284, 61858)
(426, 310, 61984)
(426, 90, 75251)
(426, 139, 11880)
(426, 345, 80417)
(426, 134, 9729)
(426, 56, 68520)
(426, 378, 46582)
(426, 425, 14838)
(426, 32, 70004)
(426, 313, 20447)
(426, 214, 55926)
(426, 70, 30501)
(426, 7, 8597)
(426, 25, 67432)
(426, 68, 64372)
(426, 111, 23601)
(426, 2, 97127)
(426, 148, 29345)
(426, 121, 78070)
(426, 269, 5035)
(426, 237, 47048)
(426, 278, 86556)
(426, 222, 21107)
(426, 369, 39495)
(426, 143, 31243)
(426, 256, 19552)
(426, 347, 88827)
(426, 49, 46679)
(426, 338, 12800)
(426, 168, 69573)
(426, 212, 69749)
(426, 410, 27076)
(426, 192, 45626)
(426, 9, 96221)
(426, 31, 44002)
(426, 141, 67800)
(426, 22, 52368)
(426, 353, 72555)
(426, 67, 81202)
(426, 367, 30803)
(426, 91, 26274)
(426, 328, 70322)
(426, 255, 87398)
(426, 246, 58901)
(426, 414, 27371)
(426, 342, 92223)
(426, 50, 78677)
(426, 375, 28083)
(426, 335, 78646)
(426, 358, 88698)
(426, 85, 49445)
(426, 308, 15284)
(426, 131, 43016)
(426, 325, 4311)
(426, 220, 72980)
(426, 386, 19666)
(426, 396, 28478)
(427, 216, 73878)
(427, 229, 81103)
(427, 89, 93929)
(427, 158, 6532)
(427, 425, 95924)
(427, 94, 54368)
(427, 42, 42665)
(427, 362, 53250)
(427, 242, 4048)
(427, 352, 55249)
(427, 174, 12545)
(427, 232, 41144)
(427, 200, 41295)
(427, 30, 74921)
(427, 296, 91061)
(427, 398, 80582)
(427, 426, 81790)
(427, 330, 92491)
(427, 223, 23693)
(427, 281, 60264)
(427, 407, 81312)
(427, 423, 69880)
(427, 341, 13424)
(427, 44, 2061)
(427, 287, 20730)
(427, 289, 46244)
(427, 211, 86549)
(427, 84, 71675)
(427, 126, 94201)
(427, 351, 66418)
(427, 274, 37085)
(427, 188, 96137)
(427, 220, 40304)
(427, 112, 12547)
(427, 303, 27553)
(427, 19, 98198)
(427, 130, 38480)
(427, 122, 83946)
(427, 40, 90518)
(427, 53, 69457)
(427, 266, 82031)
(427, 279, 48167)
(427, 357, 82234)
(427, 320, 22344)
(427, 301, 29374)
(427, 132, 20009)
(427, 285, 35790)
(427, 66, 22294)
(427, 309, 38873)
(427, 127, 12783)
(427, 65, 32642)
(427, 34, 38432)
(427, 146, 53270)
(427, 225, 97830)
(427, 218, 13575)
(427, 125, 69279)
(427, 317, 77873)
(427, 381, 73749)
(427, 210, 73592)
(427, 263, 30594)
(428, 404, 33681)
(428, 179, 75053)
(428, 328, 66351)
(428, 162, 14237)
(428, 33, 18491)
(428, 141, 44055)
(428, 111, 76634)
(428, 26, 55919)
(428, 342, 28005)
(428, 23, 697)
(428, 280, 91848)
(428, 11, 94667)
(428, 232, 9745)
(428, 42, 36605)
(428, 355, 72794)
(428, 114, 68702)
(428, 424, 36482)
(428, 122, 90792)
(428, 348, 78698)
(428, 233, 78476)
(428, 322, 18040)
(428, 323, 73761)
(428, 346, 40083)
(428, 116, 11601)
(428, 78, 59083)
(428, 7, 20985)
(428, 140, 9275)
(428, 349, 87003)
(428, 333, 50941)
(428, 303, 64611)
(428, 20, 7247)
(428, 310, 67563)
(428, 10, 97857)
(428, 112, 57887)
(428, 77, 59061)
(428, 94, 83605)
(428, 365, 99207)
(428, 317, 25576)
(428, 219, 32918)
(428, 52, 8833)
(428, 166, 39156)
(428, 113, 26938)
(428, 83, 67265)
(428, 340, 20005)
(428, 192, 66636)
(428, 242, 11615)
(428, 189, 48506)
(428, 61, 43155)
(428, 159, 91451)
(428, 281, 38468)
(428, 80, 68172)
(428, 164, 41801)
(428, 55, 96616)
(428, 337, 64506)
(428, 137, 90169)
(428, 193, 44662)
(428, 338, 69951)
(428, 2, 97999)
(428, 119, 6148)
(428, 70, 19493)
(428, 103, 44456)
(428, 285, 8669)
(428, 396, 81562)
(428, 176, 91772)
(428, 398, 17629)
(428, 161, 2596)
(428, 292, 16158)
(428, 73, 98263)
(428, 173, 31199)
(428, 343, 2259)
(428, 240, 56394)
(428, 407, 36217)
(428, 54, 2527)
(428, 363, 11921)
(428, 104, 41482)
(428, 244, 69592)
(428, 312, 40787)
(428, 423, 78134)
(428, 389, 12666)
(428, 260, 16604)
(428, 200, 34295)
(428, 92, 74656)
(428, 413, 45673)
(428, 201, 66294)
(429, 201, 49758)
(429, 105, 37707)
(429, 299, 85965)
(429, 78, 50719)
(429, 389, 61455)
(429, 12, 80234)
(429, 192, 10819)
(429, 32, 29165)
(429, 66, 93161)
(429, 316, 47828)
(429, 179, 52291)
(429, 428, 92635)
(429, 261, 2237)
(429, 186, 87979)
(429, 381, 43407)
(429, 379, 25183)
(429, 86, 65069)
(429, 174, 65865)
(429, 151, 95459)
(429, 124, 98971)
(429, 365, 56255)
(429, 172, 53424)
(429, 188, 95591)
(429, 338, 7499)
(429, 229, 14786)
(429, 391, 45704)
(429, 339, 55671)
(429, 382, 93407)
(429, 176, 6795)
(429, 293, 1473)
(429, 60, 18818)
(429, 262, 23081)
(429, 58, 66396)
(429, 141, 50661)
(429, 79, 97710)
(429, 417, 70566)
(429, 289, 90313)
(429, 92, 95309)
(429, 244, 88459)
(429, 113, 89002)
(429, 164, 69766)
(429, 212, 44531)
(429, 238, 85501)
(429, 255, 63173)
(429, 23, 42415)
(429, 345, 6460)
(429, 376, 91291)
(429, 73, 80928)
(429, 217, 76978)
(429, 272, 17428)
(429, 305, 30753)
(429, 265, 87608)
(429, 400, 83628)
(429, 234, 57541)
(429, 20, 21545)
(429, 197, 85345)
(429, 63, 67103)
(429, 292, 17218)
(429, 221, 70305)
(429, 14, 52591)
(429, 344, 63632)
(429, 224, 37274)
(429, 418, 31445)
(429, 204, 29774)
(429, 393, 42431)
(429, 213, 13162)
(429, 121, 90224)
(429, 288, 91833)
(429, 34, 21438)
(429, 169, 28613)
(429, 324, 21299)
(429, 122, 64009)
(429, 282, 98773)
(429, 353, 60392)
(429, 385, 12949)
(429, 337, 86130)
(429, 180, 17599)
(429, 53, 75971)
(429, 372, 33491)
(429, 85, 18762)
(429, 369, 69957)
(429, 45, 58189)
(429, 377, 40300)
(429, 101, 46689)
(429, 403, 38547)
(429, 133, 14442)
(429, 132, 25351)
(429, 131, 58097)
(429, 347, 73447)
(429, 137, 56326)
(429, 357, 76257)
(429, 384, 94415)
(429, 52, 65752)
(429, 202, 100351)
(429, 241, 54447)
(429, 160, 85524)
(429, 108, 70973)
(429, 322, 76625)
(429, 94, 61418)
(429, 15, 29562)
(429, 98, 71531)
(429, 368, 31348)
(429, 225, 58666)
(429, 11, 68672)
(429, 71, 24291)
(429, 333, 70930)
(429, 239, 17747)
(429, 21, 27289)
(429, 266, 81945)
(429, 135, 10313)
(429, 35, 12615)
(429, 426, 16229)
(429, 284, 74101)
(429, 424, 60220)
(429, 243, 38059)
(429, 75, 26457)
(429, 97, 83356)
(429, 327, 92790)
(429, 256, 93245)
(429, 341, 98195)
(429, 13, 33800)
(429, 2, 44474)
(429, 56, 88170)
(429, 405, 5255)
(429, 19, 68176)
(429, 421, 79730)
(429, 65, 93660)
(429, 366, 96053)
(429, 182, 16719)
(429, 343, 36127)
(429, 378, 84047)
(429, 181, 18912)
(429, 388, 66291)
(429, 325, 97891)
(429, 162, 87142)
(429, 408, 72238)
(429, 267, 36922)
(429, 223, 6058)
(429, 61, 16028)
(429, 422, 26786)
(429, 360, 78826)
(429, 88, 6213)
(429, 59, 54491)
(429, 362, 30955)
(429, 200, 14518)
(429, 302, 47200)
(429, 398, 49282)
(429, 43, 56459)
(429, 423, 64104)
(429, 269, 99973)
(429, 260, 17247)
(429, 354, 21804)
(429, 8, 92932)
(429, 371, 34966)
(429, 194, 24902)
(429, 361, 55910)
(429, 4, 22798)
(429, 277, 60914)
(429, 6, 56197)
(429, 242, 54540)
(429, 54, 55962)
(429, 90, 12548)
(429, 420, 20786)
(429, 348, 88439)
(429, 165, 39609)
(429, 270, 17239)
(429, 330, 61027)
(429, 232, 32012)
(429, 38, 78323)
(429, 208, 68841)
(429, 47, 85221)
(429, 281, 60540)
(429, 274, 4822)
(429, 138, 26073)
(429, 87, 96241)
(429, 81, 10420)
(429, 286, 3835)
(429, 155, 10008)
(429, 235, 64477)
(429, 18, 6211)
(429, 227, 38712)
(429, 374, 4144)
(429, 48, 67740)
(429, 216, 42864)
(429, 191, 29792)
(429, 248, 74269)
(429, 427, 49518)
(429, 68, 26733)
(429, 425, 16452)
(429, 171, 18702)
(429, 321, 79955)
(429, 259, 40047)
(429, 42, 89896)
(429, 187, 82733)
(429, 62, 18690)
(429, 298, 17704)
(429, 69, 19201)
(429, 359, 7405)
(429, 342, 71815)
(429, 183, 37032)
(429, 64, 86688)
(429, 26, 15856)
(429, 110, 22923)
(429, 363, 56154)
(429, 287, 97023)
(429, 301, 35748)
(429, 163, 61369)
(429, 100, 42273)
(429, 404, 82738)
(429, 140, 38451)
(429, 364, 28433)
(429, 304, 99277)
(429, 220, 2542)
(429, 334, 16518)
(429, 254, 83454)
(429, 317, 14760)
(429, 7, 74476)
(429, 215, 38166)
(429, 247, 92575)
(429, 91, 59090)
(429, 395, 4644)
(429, 84, 64693)
(429, 328, 16527)
(429, 249, 80603)
(429, 198, 4967)
(429, 253, 57342)
(429, 263, 60616)
(429, 123, 45784)
(429, 39, 2907)
(429, 116, 94830)
(429, 177, 55469)
(429, 290, 25070)
(429, 150, 27865)
(429, 251, 64189)
(429, 335, 96367)
(429, 25, 40892)
(429, 0, 77908)
(429, 33, 55374)
(429, 211, 85313)
(429, 237, 26791)
(429, 219, 67770)
(429, 311, 88100)
(429, 168, 44577)
(429, 279, 69412)
(429, 44, 11525)
(429, 80, 96275)
(429, 157, 28623)
(429, 340, 93370)
(429, 195, 4380)
(429, 228, 90372)
(429, 387, 24927)
(429, 115, 27681)
(429, 146, 51394)
(429, 410, 90282)
(429, 41, 91178)
(429, 106, 89510)
(429, 375, 7463)
(429, 349, 30939)
(429, 303, 82040)
(429, 373, 79497)
(429, 390, 96622)
(429, 128, 12067)
(429, 40, 57947)
(429, 283, 17942)
(429, 57, 15908)
(429, 167, 4028)
(429, 367, 43836)
(429, 245, 42798)
(429, 231, 96219)
(429, 49, 40955)
(429, 37, 41440)
(429, 126, 88974)
(429, 82, 38638)
(429, 295, 14148)
(429, 276, 49097)
(429, 153, 73602)
(430, 170, 81482)
(430, 399, 62306)
(430, 410, 58386)
(430, 20, 19154)
(430, 282, 39624)
(430, 65, 91224)
(430, 73, 56006)
(430, 105, 15894)
(430, 387, 65761)
(430, 357, 45268)
(430, 148, 86570)
(430, 113, 91171)
(430, 309, 2869)
(430, 162, 28768)
(430, 77, 78935)
(430, 102, 94958)
(430, 395, 91032)
(430, 23, 59738)
(430, 97, 28017)
(430, 196, 94815)
(430, 83, 73495)
(430, 422, 48769)
(430, 215, 33321)
(430, 403, 52328)
(430, 284, 16226)
(430, 296, 58239)
(430, 176, 5222)
(430, 159, 94780)
(430, 129, 95564)
(430, 40, 485)
(430, 87, 89732)
(430, 330, 93320)
(430, 322, 12564)
(430, 274, 6060)
(430, 360, 68838)
(430, 327, 86232)
(430, 380, 73717)
(430, 259, 4694)
(430, 17, 71934)
(430, 195, 37343)
(430, 25, 30442)
(430, 158, 45164)
(430, 64, 42401)
(430, 248, 23395)
(430, 372, 36724)
(430, 353, 32145)
(430, 365, 15704)
(430, 233, 11599)
(430, 224, 75071)
(430, 227, 31797)
(430, 323, 60280)
(430, 244, 44314)
(430, 429, 44250)
(430, 59, 45820)
(430, 277, 47531)
(430, 355, 25077)
(430, 346, 57113)
(430, 155, 2573)
(430, 350, 19472)
(430, 220, 7330)
(430, 339, 16206)
(430, 328, 13008)
(430, 122, 73082)
(430, 265, 17945)
(430, 389, 89494)
(430, 132, 32712)
(430, 416, 74078)
(430, 101, 87581)
(430, 404, 5973)
(430, 16, 60252)
(430, 34, 31627)
(430, 85, 66137)
(430, 94, 26948)
(430, 194, 74392)
(430, 386, 40470)
(430, 82, 3859)
(430, 1, 5011)
(430, 18, 98319)
(430, 273, 60884)
(430, 140, 544)
(430, 243, 63983)
(430, 324, 12469)
(430, 398, 15729)
(430, 95, 49483)
(430, 356, 35576)
(430, 394, 55753)
(430, 246, 30531)
(430, 231, 13856)
(430, 212, 46917)
(430, 428, 18804)
(430, 311, 84133)
(430, 119, 66761)
(430, 199, 8737)
(430, 373, 71128)
(430, 218, 38631)
(430, 290, 9584)
(430, 151, 33774)
(430, 6, 88289)
(430, 230, 1336)
(430, 291, 93905)
(430, 280, 22748)
(430, 344, 86242)
(430, 299, 92948)
(430, 70, 90886)
(430, 192, 55851)
(430, 382, 42675)
(430, 318, 84525)
(430, 191, 90895)
(430, 384, 79131)
(430, 168, 58615)
(430, 409, 47182)
(430, 292, 19486)
(430, 301, 5764)
(430, 204, 85640)
(430, 383, 51225)
(430, 425, 20970)
(430, 228, 21662)
(430, 109, 26619)
(430, 50, 67789)
(430, 183, 44206)
(430, 226, 12038)
(430, 116, 8793)
(430, 371, 99580)
(430, 236, 55363)
(430, 160, 42506)
(430, 289, 24843)
(430, 153, 97208)
(430, 173, 83608)
(430, 210, 39752)
(430, 154, 8495)
(430, 369, 42310)
(430, 283, 37102)
(430, 22, 37086)
(430, 35, 31911)
(430, 400, 8960)
(430, 104, 35186)
(430, 420, 68673)
(430, 406, 70806)
(430, 211, 17213)
(430, 167, 31602)
(430, 295, 55843)
(430, 260, 10422)
(430, 24, 92681)
(430, 142, 20709)
(430, 315, 71700)
(430, 15, 52813)
(430, 263, 73966)
(430, 184, 56131)
(430, 57, 3971)
(430, 152, 68422)
(430, 412, 57574)
(430, 268, 89987)
(430, 337, 79646)
(430, 89, 87361)
(430, 44, 59501)
(430, 66, 58363)
(430, 325, 32389)
(430, 84, 43445)
(430, 31, 89098)
(430, 121, 96111)
(430, 68, 74011)
(430, 180, 59124)
(430, 190, 74756)
(430, 115, 45449)
(430, 182, 91537)
(430, 418, 67511)
(430, 91, 60636)
(430, 165, 84418)
(430, 145, 83119)
(430, 281, 62197)
(430, 7, 52954)
(430, 298, 19224)
(430, 302, 46362)
(430, 136, 44523)
(430, 278, 77816)
(430, 71, 68943)
(430, 13, 88741)
(430, 9, 71905)
(430, 366, 3271)
(430, 21, 68398)
(430, 80, 71948)
(430, 285, 24095)
(430, 205, 5888)
(430, 96, 23150)
(430, 279, 44958)
(430, 124, 97143)
(430, 293, 54652)
(430, 343, 40051)
(430, 239, 50419)
(430, 133, 79297)
(430, 249, 35990)
(430, 234, 6900)
(430, 103, 84143)
(430, 414, 73790)
(430, 304, 47108)
(430, 108, 51870)
(430, 75, 7397)
(430, 126, 90308)
(430, 42, 42533)
(430, 216, 13639)
(430, 310, 47619)
(430, 76, 9778)
(430, 415, 23010)
(430, 99, 56842)
(430, 402, 37268)
(430, 52, 67202)
(430, 308, 50973)
(430, 2, 10777)
(430, 208, 90424)
(430, 314, 20733)
(430, 331, 84077)
(430, 272, 25507)
(430, 334, 89203)
(430, 391, 66558)
(430, 33, 99286)
(430, 203, 62620)
(430, 37, 82030)
(430, 3, 63585)
(430, 111, 75191)
(430, 341, 29642)
(430, 345, 61258)
(430, 238, 20621)
(430, 297, 1056)
(430, 138, 59209)
(430, 326, 77246)
(430, 223, 40418)
(430, 74, 55712)
(430, 258, 56637)
(430, 188, 72847)
(430, 137, 35777)
(430, 374, 15095)
(430, 359, 94035)
(430, 294, 48168)
(430, 117, 48413)
(430, 187, 29918)
(430, 98, 2920)
(430, 161, 75157)
(430, 321, 57620)
(430, 413, 60929)
(430, 166, 3678)
(430, 171, 18816)
(430, 247, 47801)
(430, 201, 78695)
(430, 93, 3343)
(430, 300, 99509)
(430, 214, 53918)
(430, 340, 88254)
(430, 225, 3319)
(430, 396, 88636)
(430, 61, 83209)
(430, 217, 15885)
(430, 169, 56505)
(430, 303, 38418)
(430, 156, 6612)
(430, 125, 25569)
(430, 367, 5709)
(430, 144, 73777)
(430, 55, 88405)
(430, 30, 14671)
(430, 5, 59972)
(430, 106, 12402)
(430, 209, 54782)
(430, 48, 91403)
(430, 417, 98655)
(430, 361, 87211)
(430, 72, 71499)
(430, 419, 47205)
(430, 14, 81000)
(430, 130, 19395)
(430, 164, 25118)
(430, 368, 2868)
(430, 163, 68849)
(430, 251, 31640)
(430, 110, 14475)
(430, 29, 53477)
(430, 245, 40858)
(430, 47, 87291)
(430, 235, 34474)
(430, 177, 93873)
(430, 385, 56527)
(430, 319, 61427)
(430, 78, 98900)
(430, 107, 45413)
(430, 264, 43865)
(430, 69, 66051)
(430, 257, 40398)
(430, 237, 21588)
(430, 351, 14331)
(430, 424, 24836)
(430, 362, 79576)
(430, 222, 92196)
(430, 26, 11179)
(430, 332, 87487)
(430, 288, 95457)
(430, 8, 76659)
(430, 320, 26396)
(430, 53, 4160)
(430, 421, 81908)
(430, 143, 52204)
(430, 100, 84472)
(430, 86, 95445)
(430, 38, 70248)
(430, 54, 6168)
(430, 90, 78931)
(430, 275, 44372)
(430, 262, 18846)
(431, 259, 53107)
(431, 39, 5989)
(431, 14, 26182)
(431, 184, 69013)
(431, 405, 71246)
(431, 150, 20116)
(431, 425, 87130)
(431, 78, 56522)
(431, 4, 10754)
(431, 70, 95670)
(431, 365, 60655)
(431, 243, 30989)
(431, 327, 15866)
(431, 254, 18725)
(431, 48, 58241)
(431, 287, 70126)
(431, 160, 90733)
(431, 18, 50880)
(431, 21, 13360)
(431, 37, 80073)
(432, 229, 99495)
(432, 35, 68147)
(432, 299, 77414)
(432, 78, 26301)
(432, 155, 80515)
(432, 232, 64148)
(432, 234, 50423)
(432, 206, 23527)
(432, 129, 54776)
(432, 154, 64182)
(432, 377, 29768)
(432, 193, 88859)
(432, 102, 53836)
(432, 139, 87813)
(432, 200, 31294)
(432, 151, 62151)
(432, 285, 77050)
(432, 128, 41634)
(432, 143, 85758)
(432, 306, 34670)
(432, 258, 95716)
(432, 31, 79220)
(432, 289, 74745)
(432, 305, 66210)
(432, 272, 89238)
(432, 424, 98937)
(432, 110, 52282)
(432, 264, 2567)
(432, 262, 35311)
(432, 314, 52048)
(432, 384, 86530)
(432, 121, 70461)
(432, 430, 74171)
(432, 197, 8425)
(432, 425, 86420)
(432, 270, 35515)
(432, 230, 35589)
(432, 359, 15898)
(432, 114, 59711)
(432, 219, 3215)
(432, 353, 95774)
(432, 268, 79737)
(432, 53, 1803)
(432, 248, 96341)
(432, 342, 99078)
(432, 51, 74362)
(432, 330, 13011)
(432, 84, 20626)
(432, 237, 5827)
(432, 383, 65714)
(432, 421, 22545)
(432, 409, 15115)
(432, 252, 76822)
(432, 49, 14004)
(432, 413, 48171)
(432, 418, 54069)
(432, 334, 5207)
(432, 3, 67016)
(432, 364, 5716)
(432, 235, 24476)
(432, 22, 3873)
(432, 348, 8094)
(432, 233, 90930)
(432, 144, 76570)
(432, 1, 71438)
(432, 312, 61900)
(432, 267, 8335)
(432, 365, 26140)
(432, 426, 55338)
(432, 126, 62030)
(432, 124, 40940)
(432, 332, 96011)
(432, 82, 11719)
(432, 321, 96646)
(432, 210, 68707)
(432, 87, 53147)
(432, 429, 62836)
(432, 127, 33516)
(432, 379, 86566)
(432, 277, 19787)
(432, 176, 52604)
(432, 156, 38175)
(432, 34, 7447)
(432, 417, 14944)
(432, 169, 59844)
(432, 239, 23728)
(432, 381, 137)
(432, 396, 8620)
(432, 149, 47632)
(432, 302, 31169)
(432, 179, 9279)
(432, 135, 22780)
(432, 387, 16559)
(432, 273, 89350)
(432, 212, 96893)
(432, 431, 30718)
(432, 276, 92872)
(432, 0, 82828)
(432, 367, 21701)
(432, 123, 74338)
(432, 80, 55825)
(432, 357, 84228)
(432, 360, 46117)
(432, 182, 7317)
(432, 164, 41557)
(432, 249, 67040)
(432, 411, 40278)
(432, 132, 9020)
(432, 296, 51054)
(432, 259, 31915)
(432, 173, 69095)
(432, 64, 98248)
(432, 42, 9064)
(432, 300, 83933)
(432, 195, 72010)
(432, 161, 75861)
(432, 207, 71519)
(432, 81, 26070)
(432, 146, 99296)
(432, 178, 54677)
(432, 378, 96364)
(432, 282, 70093)
(432, 68, 66347)
(432, 96, 11542)
(433, 98, 13503)
(433, 362, 48850)
(433, 95, 67481)
(433, 336, 32127)
(433, 247, 81434)
(433, 1, 76558)
(433, 64, 93494)
(433, 17, 35372)
(433, 337, 31977)
(433, 242, 1763)
(433, 380, 76537)
(433, 280, 37480)
(433, 140, 72684)
(433, 43, 49665)
(433, 91, 91372)
(433, 13, 85363)
(433, 259, 77736)
(433, 244, 52424)
(433, 53, 7525)
(433, 420, 20607)
(433, 177, 97839)
(433, 182, 42476)
(433, 48, 64612)
(433, 206, 89222)
(433, 224, 15034)
(433, 319, 77258)
(433, 416, 60852)
(433, 191, 97401)
(433, 426, 22374)
(433, 149, 769)
(433, 422, 91181)
(433, 197, 48624)
(433, 352, 47430)
(433, 408, 28942)
(433, 16, 21786)
(433, 28, 16036)
(433, 226, 98630)
(433, 32, 68055)
(434, 136, 68688)
(434, 142, 59310)
(434, 292, 51168)
(434, 20, 5730)
(434, 125, 97161)
(434, 348, 58151)
(434, 355, 55628)
(434, 92, 48033)
(434, 426, 71740)
(434, 255, 87637)
(434, 416, 25925)
(434, 34, 18461)
(434, 3, 11507)
(434, 165, 95432)
(434, 302, 91591)
(434, 234, 20846)
(434, 368, 17153)
(434, 361, 23863)
(434, 201, 68866)
(434, 37, 32147)
(434, 152, 36278)
(434, 299, 71673)
(434, 190, 87628)
(434, 21, 99438)
(434, 216, 73164)
(434, 228, 89262)
(434, 304, 44857)
(434, 399, 31297)
(434, 268, 51607)
(434, 25, 17778)
(434, 314, 32035)
(434, 336, 54194)
(434, 259, 63088)
(434, 48, 13423)
(434, 235, 59767)
(434, 11, 51694)
(434, 132, 95350)
(434, 311, 15720)
(434, 146, 77492)
(434, 277, 74203)
(434, 325, 58248)
(434, 344, 35663)
(434, 271, 5186)
(434, 226, 32609)
(434, 236, 193)
(434, 276, 78614)
(434, 398, 13716)
(434, 413, 12799)
(434, 28, 77965)
(434, 371, 50014)
(434, 340, 89686)
(434, 291, 99814)
(434, 169, 87933)
(434, 2, 94105)
(434, 317, 10579)
(434, 400, 19722)
(434, 331, 65693)
(434, 294, 2465)
(434, 164, 70066)
(434, 200, 94884)
(434, 286, 80804)
(434, 130, 31696)
(434, 46, 23632)
(434, 250, 77052)
(434, 6, 99931)
(434, 33, 41215)
(434, 383, 8379)
(434, 352, 82338)
(434, 393, 12075)
(434, 316, 98111)
(434, 217, 62711)
(434, 94, 77994)
(434, 172, 25753)
(434, 323, 74097)
(434, 144, 15167)
(434, 67, 97679)
(434, 138, 20168)
(434, 220, 99961)
(434, 108, 39962)
(434, 191, 36396)
(434, 52, 61920)
(434, 247, 90760)
(434, 335, 76979)
(434, 120, 99549)
(434, 254, 10269)
(434, 111, 66119)
(434, 173, 30234)
(434, 170, 24564)
(434, 72, 92678)
(434, 229, 26200)
(434, 195, 51547)
(434, 362, 79447)
(434, 166, 15322)
(434, 324, 69512)
(434, 103, 47349)
(434, 298, 92540)
(434, 425, 91307)
(434, 149, 71768)
(434, 288, 72628)
(434, 36, 42003)
(434, 431, 54764)
(434, 212, 87864)
(434, 370, 78768)
(434, 343, 96598)
(434, 171, 35026)
(434, 334, 37446)
(434, 295, 100058)
(434, 246, 92231)
(434, 86, 378)
(434, 242, 57884)
(434, 279, 45043)
(434, 356, 97745)
(434, 210, 40757)
(434, 124, 66228)
(434, 233, 52348)
(434, 106, 87290)
(434, 380, 56172)
(434, 47, 29707)
(434, 9, 17580)
(434, 115, 17212)
(434, 45, 38157)
(434, 74, 21778)
(434, 62, 50219)
(434, 204, 66879)
(434, 278, 87804)
(434, 214, 33791)
(434, 182, 13608)
(434, 223, 7169)
(434, 35, 47607)
(434, 329, 77837)
(434, 121, 84827)
(434, 99, 84548)
(434, 114, 94948)
(434, 357, 54784)
(434, 71, 59559)
(434, 269, 38594)
(434, 174, 53853)
(434, 155, 8111)
(434, 70, 49325)
(434, 365, 45165)
(434, 60, 59144)
(434, 87, 53566)
(434, 56, 89315)
(434, 91, 39570)
(434, 327, 13998)
(434, 338, 28364)
(434, 260, 79238)
(434, 301, 99607)
(434, 308, 78023)
(434, 90, 19263)
(434, 40, 93868)
(434, 181, 32379)
(434, 263, 97534)
(434, 401, 94489)
(434, 196, 18543)
(434, 73, 69838)
(434, 29, 44549)
(434, 12, 37033)
(434, 1, 83539)
(434, 385, 48438)
(434, 231, 64423)
(434, 427, 18084)
(434, 213, 2709)
(434, 345, 23912)
(434, 339, 38867)
(434, 157, 66214)
(434, 27, 74508)
(434, 245, 7378)
(434, 281, 40896)
(434, 237, 34531)
(434, 387, 72116)
(434, 131, 7686)
(434, 30, 91251)
(434, 244, 78383)
(434, 414, 44822)
(434, 423, 3560)
(434, 110, 25468)
(434, 306, 61592)
(434, 38, 19236)
(434, 101, 6830)
(434, 374, 42800)
(434, 320, 97395)
(434, 363, 95367)
(434, 351, 41423)
(434, 39, 60002)
(434, 113, 21888)
(434, 405, 90036)
(434, 126, 31260)
(434, 186, 86158)
(434, 376, 90945)
(434, 275, 88327)
(434, 265, 94436)
(434, 369, 55558)
(434, 31, 75641)
(434, 251, 97813)
(434, 253, 97301)
(434, 342, 62919)
(434, 194, 72207)
(434, 373, 15312)
(434, 116, 61557)
(434, 183, 45307)
(434, 284, 14618)
(434, 241, 13184)
(434, 230, 58377)
(434, 96, 65441)
(434, 408, 10104)
(434, 267, 78369)
(434, 353, 20233)
(434, 394, 34064)
(434, 55, 89957)
(434, 22, 50100)
(434, 367, 90926)
(434, 307, 70868)
(434, 347, 32028)
(434, 53, 86291)
(434, 199, 41921)
(434, 83, 31012)
(434, 14, 21230)
(434, 59, 25392)
(434, 50, 31209)
(434, 225, 34165)
(434, 409, 39409)
(434, 227, 36156)
(434, 13, 80211)
(434, 19, 18867)
(434, 430, 12358)
(434, 119, 89983)
(434, 397, 74528)
(434, 282, 14801)
(434, 198, 42151)
(435, 395, 35023)
(435, 163, 33415)
(435, 29, 64598)
(435, 131, 75230)
(435, 386, 2851)
(435, 344, 86938)
(435, 179, 53150)
(435, 234, 32387)
(435, 204, 7098)
(435, 367, 96486)
(435, 73, 88109)
(435, 4, 33149)
(435, 307, 82473)
(435, 49, 30746)
(435, 276, 42262)
(435, 351, 77987)
(435, 245, 44196)
(435, 146, 70236)
(435, 381, 70993)
(435, 202, 17808)
(435, 92, 32144)
(435, 169, 91268)
(435, 263, 48903)
(435, 38, 44692)
(435, 22, 96875)
(435, 150, 13724)
(435, 251, 55740)
(435, 110, 19140)
(435, 341, 7580)
(435, 316, 26933)
(435, 268, 80354)
(435, 222, 24683)
(435, 2, 42763)
(435, 334, 71508)
(435, 77, 79384)
(435, 246, 12237)
(435, 220, 84679)
(435, 255, 44618)
(435, 361, 42941)
(435, 424, 77425)
(435, 12, 63328)
(435, 312, 19361)
(435, 72, 44392)
(435, 182, 91556)
(435, 282, 61642)
(435, 206, 83511)
(435, 43, 41873)
(435, 34, 51013)
(435, 357, 84347)
(435, 337, 2416)
(435, 184, 31803)
(435, 377, 3870)
(435, 293, 49421)
(435, 107, 11442)
(435, 406, 39050)
(435, 56, 88959)
(435, 130, 55400)
(435, 95, 16476)
(435, 325, 53597)
(435, 352, 99225)
(435, 141, 60384)
(435, 61, 65143)
(435, 264, 27115)
(435, 339, 42640)
(435, 253, 78322)
(435, 363, 148)
(435, 358, 98539)
(435, 154, 59551)
(435, 50, 47066)
(435, 326, 25029)
(435, 157, 49541)
(435, 417, 72702)
(435, 284, 50759)
(435, 53, 87511)
(435, 66, 42766)
(435, 15, 13828)
(435, 119, 52110)
(435, 173, 67593)
(435, 16, 78382)
(435, 48, 99605)
(435, 296, 98731)
(435, 85, 76253)
(435, 52, 79704)
(435, 310, 91123)
(435, 340, 12707)
(435, 19, 70550)
(435, 138, 30314)
(435, 423, 69175)
(435, 298, 68374)
(435, 385, 17948)
(435, 378, 65420)
(435, 200, 72400)
(435, 148, 66588)
(435, 227, 32352)
(435, 9, 19749)
(435, 317, 63019)
(435, 219, 6)
(435, 291, 2846)
(435, 428, 51682)
(435, 64, 78028)
(435, 297, 72117)
(435, 273, 15090)
(435, 233, 88311)
(435, 5, 24781)
(435, 207, 26389)
(435, 235, 54335)
(435, 212, 96898)
(435, 109, 29853)
(435, 267, 27128)
(435, 278, 45790)
(435, 434, 51265)
(435, 388, 33123)
(435, 76, 82995)
(435, 97, 691)
(435, 46, 43600)
(435, 376, 8828)
(435, 223, 34085)
(435, 274, 49379)
(435, 108, 51106)
(435, 65, 2079)
(435, 429, 17558)
(435, 193, 30516)
(435, 63, 47228)
(435, 283, 24725)
(435, 37, 35085)
(435, 318, 1159)
(435, 315, 9371)
(435, 299, 81960)
(435, 3, 94976)
(435, 104, 73962)
(435, 213, 17326)
(435, 286, 18288)
(435, 327, 86574)
(435, 302, 61452)
(435, 333, 45408)
(435, 336, 62890)
(435, 197, 15727)
(435, 89, 43208)
(435, 384, 28073)
(435, 23, 75056)
(435, 332, 23038)
(435, 81, 88726)
(435, 98, 63455)
(435, 7, 1658)
(435, 116, 11828)
(435, 413, 23539)
(435, 239, 45057)
(435, 123, 61745)
(435, 403, 32810)
(435, 183, 13677)
(435, 75, 94964)
(435, 71, 86433)
(435, 90, 74018)
(435, 113, 14971)
(435, 88, 9963)
(435, 426, 94144)
(435, 371, 26599)
(435, 397, 95363)
(435, 60, 95295)
(435, 224, 47899)
(435, 147, 22701)
(435, 277, 89449)
(435, 194, 18649)
(435, 324, 38289)
(435, 379, 6544)
(435, 350, 62265)
(435, 248, 66762)
(435, 39, 93309)
(435, 320, 5724)
(435, 129, 10124)
(435, 221, 33480)
(435, 79, 71366)
(435, 387, 73122)
(435, 380, 72052)
(435, 152, 47129)
(435, 415, 92673)
(435, 101, 11090)
(435, 145, 12177)
(435, 419, 48495)
(435, 191, 77824)
(435, 139, 37362)
(435, 288, 70173)
(435, 346, 92138)
(435, 11, 81051)
(435, 136, 74372)
(435, 80, 32619)
(435, 181, 17017)
(435, 210, 78470)
(435, 409, 55482)
(435, 127, 55166)
(435, 289, 95430)
(435, 416, 32045)
(435, 102, 26314)
(435, 313, 46462)
(435, 402, 25941)
(435, 175, 81748)
(435, 171, 59514)
(435, 259, 95895)
(435, 117, 29600)
(435, 190, 21332)
(435, 160, 75298)
(435, 203, 34967)
(435, 290, 36642)
(435, 105, 94666)
(435, 257, 35341)
(435, 132, 33569)
(435, 300, 63776)
(435, 280, 18873)
(435, 93, 49724)
(435, 126, 88336)
(435, 362, 68238)
(435, 342, 48520)
(435, 292, 38126)
(435, 431, 38956)
(435, 70, 20670)
(435, 270, 16421)
(435, 249, 19372)
(435, 17, 31014)
(435, 364, 52030)
(435, 231, 60199)
(435, 232, 82786)
(435, 338, 93237)
(435, 422, 45263)
(435, 142, 74135)
(435, 329, 15972)
(435, 69, 45078)
(435, 272, 85165)
(435, 254, 40727)
(435, 323, 90100)
(435, 238, 38306)
(435, 167, 89894)
(435, 36, 10044)
(435, 106, 59260)
(435, 54, 98162)
(435, 410, 15310)
(435, 393, 12301)
(435, 1, 4293)
(435, 153, 28560)
(435, 256, 58401)
(435, 143, 91987)
(435, 100, 57339)
(435, 96, 92182)
(435, 411, 5454)
(435, 396, 54007)
(435, 84, 51701)
(435, 355, 10217)
(435, 209, 85320)
(435, 408, 80401)
(435, 345, 40282)
(435, 418, 86)
(435, 225, 79)
(435, 159, 11284)
(435, 44, 51960)
(435, 294, 98278)
(435, 309, 52237)
(435, 226, 32121)
(435, 295, 95151)
(435, 215, 74424)
(435, 250, 9605)
(435, 373, 11520)
(435, 229, 85522)
(435, 322, 91098)
(435, 164, 2718)
(435, 62, 48936)
(435, 170, 55918)
(435, 83, 35849)
(435, 247, 83231)
(435, 188, 82843)
(435, 427, 88938)
(435, 372, 42566)
(435, 359, 23098)
(435, 260, 91000)
(435, 349, 62800)
(435, 218, 26806)
(435, 137, 53285)
(435, 196, 44104)
(435, 347, 74158)
(435, 433, 77858)
(435, 265, 50705)
(435, 230, 49489)
(435, 365, 55350)
(435, 32, 34227)
(435, 112, 72972)
(435, 252, 82259)
(435, 216, 24137)
(435, 33, 74190)
(435, 134, 38127)
(435, 374, 63623)
(435, 40, 55154)
(435, 321, 59593)
(435, 13, 90443)
(436, 168, 70893)
(436, 22, 2014)
(436, 371, 67793)
(436, 242, 64648)
(436, 397, 92048)
(436, 292, 66268)
(436, 435, 58997)
(436, 248, 60750)
(436, 217, 93186)
(436, 210, 68048)
(436, 253, 81835)
(436, 269, 25864)
(436, 419, 17961)
(436, 91, 26841)
(436, 422, 90711)
(436, 374, 74558)
(436, 164, 53111)
(436, 406, 90893)
(436, 405, 8922)
(436, 233, 38503)
(436, 26, 10216)
(436, 211, 84024)
(436, 267, 91296)
(436, 38, 70896)
(436, 222, 88234)
(436, 139, 53067)
(436, 392, 4848)
(436, 287, 24106)
(436, 159, 26990)
(436, 124, 85029)
(436, 133, 28656)
(436, 379, 81633)
(436, 372, 68388)
(436, 232, 10235)
(436, 27, 7090)
(436, 42, 11163)
(436, 262, 57093)
(436, 98, 46038)
(436, 33, 28015)
(436, 59, 74718)
(436, 386, 21472)
(436, 308, 52003)
(436, 179, 52883)
(436, 365, 96536)
(436, 415, 75214)
(436, 377, 45571)
(436, 71, 37053)
(436, 309, 71215)
(436, 243, 20832)
(436, 351, 14612)
(436, 3, 30254)
(436, 268, 46905)
(436, 395, 24657)
(436, 143, 53913)
(436, 283, 65227)
(436, 393, 47643)
(436, 366, 21944)
(436, 298, 46457)
(436, 49, 43321)
(436, 325, 39182)
(436, 126, 45489)
(436, 198, 6217)
(436, 214, 63717)
(436, 404, 77299)
(436, 333, 72047)
(436, 78, 20951)
(436, 421, 79718)
(436, 32, 26278)
(436, 241, 59996)
(436, 148, 57734)
(436, 290, 5987)
(436, 66, 46113)
(436, 316, 71562)
(436, 349, 61791)
(436, 204, 66184)
(436, 111, 66068)
(436, 408, 59126)
(436, 226, 80439)
(436, 182, 4997)
(436, 102, 25391)
(436, 209, 58108)
(436, 11, 66206)
(436, 144, 81116)
(436, 423, 78442)
(436, 93, 74169)
(436, 350, 100110)
(436, 294, 18419)
(436, 158, 45181)
(436, 311, 22651)
(436, 61, 59513)
(436, 180, 11472)
(436, 412, 23071)
(436, 264, 89033)
(436, 165, 72622)
(436, 410, 4087)
(436, 108, 96068)
(436, 51, 93508)
(436, 52, 63629)
(436, 279, 78319)
(436, 295, 93753)
(436, 1, 74030)
(436, 218, 60131)
(436, 331, 38061)
(436, 428, 5669)
(436, 401, 88543)
(436, 163, 48689)
(436, 199, 47209)
(436, 157, 23060)
(436, 103, 26393)
(436, 299, 65716)
(436, 205, 90166)
(436, 193, 28781)
(436, 4, 44884)
(436, 203, 48813)
(436, 370, 35418)
(436, 425, 8472)
(436, 76, 52968)
(436, 171, 45196)
(436, 310, 79433)
(436, 403, 86421)
(436, 64, 64748)
(436, 19, 86361)
(436, 69, 22513)
(436, 177, 86258)
(436, 231, 34159)
(436, 82, 12264)
(436, 306, 76661)
(436, 37, 1359)
(436, 202, 49039)
(436, 116, 28527)
(436, 273, 82918)
(436, 186, 40791)
(436, 154, 43198)
(436, 251, 54373)
(436, 14, 76889)
(436, 80, 6632)
(436, 235, 17647)
(436, 266, 62362)
(436, 224, 82046)
(436, 388, 62446)
(436, 353, 66797)
(436, 418, 40627)
(436, 285, 81390)
(436, 324, 36095)
(436, 329, 66285)
(436, 229, 29689)
(436, 141, 98944)
(436, 383, 33338)
(436, 312, 96204)
(436, 35, 62549)
(436, 289, 82514)
(436, 323, 76831)
(436, 261, 97238)
(436, 255, 11582)
(436, 67, 71296)
(436, 54, 55358)
(436, 190, 75179)
(436, 114, 32272)
(436, 417, 82348)
(436, 15, 9373)
(436, 335, 78762)
(436, 343, 93018)
(436, 297, 36827)
(436, 200, 93688)
(436, 378, 72335)
(436, 24, 52733)
(436, 391, 27762)
(436, 215, 76849)
(436, 28, 60983)
(436, 270, 63441)
(436, 131, 13408)
(436, 120, 84023)
(436, 115, 63737)
(436, 0, 1088)
(436, 236, 68016)
(436, 360, 14021)
(436, 196, 42459)
(436, 58, 28205)
(436, 2, 85132)
(436, 161, 69100)
(436, 7, 34721)
(436, 166, 89452)
(436, 21, 97411)
(436, 326, 6803)
(436, 156, 88192)
(436, 40, 87625)
(436, 188, 31930)
(436, 219, 18527)
(436, 321, 95930)
(436, 130, 14749)
(436, 327, 42881)
(436, 155, 18967)
(436, 363, 29448)
(436, 225, 67605)
(436, 178, 14579)
(436, 191, 83124)
(436, 140, 39740)
(436, 237, 61955)
(436, 399, 22802)
(436, 344, 81818)
(436, 36, 20398)
(436, 318, 42613)
(436, 259, 49420)
(436, 304, 31322)
(436, 110, 57645)
(436, 354, 13308)
(436, 416, 54621)
(436, 48, 87444)
(436, 213, 42272)
(436, 431, 23555)
(436, 8, 45407)
(436, 23, 43811)
(436, 113, 89768)
(436, 328, 7691)
(436, 6, 19275)
(436, 170, 99865)
(436, 25, 89507)
(436, 208, 81029)
(436, 220, 8886)
(436, 92, 58717)
(436, 307, 9795)
(436, 121, 12561)
(436, 145, 32357)
(436, 41, 37753)
(436, 317, 6457)
(436, 433, 91037)
(436, 234, 42027)
(436, 282, 38937)
(436, 138, 73285)
(436, 122, 17478)
(436, 212, 77939)
(436, 176, 32412)
(436, 340, 84596)
(436, 239, 71481)
(436, 88, 18315)
(436, 90, 46657)
(436, 18, 59013)
(436, 174, 59780)
(436, 50, 58952)
(437, 202, 16021)
(437, 281, 31165)
(437, 362, 32633)
(437, 369, 6901)
(437, 106, 38103)
(437, 368, 88576)
(437, 168, 6189)
(437, 329, 43159)
(437, 298, 11151)
(437, 361, 33428)
(437, 187, 28531)
(437, 23, 92518)
(437, 32, 56370)
(437, 9, 88876)
(437, 105, 11939)
(437, 44, 65662)
(437, 295, 78597)
(437, 68, 78848)
(437, 183, 82876)
(437, 47, 37378)
(437, 380, 2316)
(437, 235, 56137)
(437, 139, 95266)
(437, 405, 84829)
(437, 379, 47488)
(437, 60, 8817)
(437, 99, 9786)
(437, 433, 25721)
(437, 287, 8935)
(437, 161, 21292)
(437, 374, 53744)
(437, 353, 69103)
(437, 423, 38538)
(437, 314, 93689)
(437, 427, 12364)
(437, 214, 10732)
(437, 414, 43915)
(437, 173, 46144)
(437, 372, 47195)
(437, 326, 17693)
(437, 111, 82921)
(437, 243, 15064)
(437, 196, 78816)
(437, 13, 60654)
(437, 25, 38863)
(437, 296, 44481)
(437, 51, 41983)
(437, 65, 89744)
(437, 82, 35113)
(437, 435, 22964)
(437, 346, 99670)
(437, 349, 23868)
(437, 246, 71866)
(437, 407, 30645)
(437, 228, 100296)
(437, 193, 11401)
(437, 270, 67399)
(437, 158, 17367)
(437, 72, 36121)
(437, 126, 58390)
(437, 339, 32528)
(437, 41, 62298)
(437, 209, 43635)
(437, 240, 92004)
(437, 318, 23249)
(437, 151, 25279)
(437, 50, 45182)
(437, 307, 12252)
(437, 234, 46559)
(437, 301, 69533)
(437, 56, 82925)
(437, 27, 91725)
(437, 220, 21968)
(437, 366, 29847)
(437, 17, 74022)
(437, 84, 67177)
(437, 103, 96030)
(437, 73, 87939)
(437, 285, 69928)
(437, 205, 51689)
(437, 133, 20059)
(437, 36, 43837)
(437, 208, 31234)
(437, 204, 81752)
(437, 229, 40195)
(437, 359, 63443)
(437, 280, 47660)
(437, 279, 74421)
(437, 164, 66576)
(437, 115, 16135)
(437, 244, 71886)
(438, 295, 25062)
(438, 12, 49783)
(438, 16, 27817)
(438, 261, 449)
(438, 190, 75104)
(438, 300, 37547)
(438, 272, 17901)
(438, 290, 40794)
(438, 8, 10089)
(438, 74, 63228)
(438, 208, 88251)
(438, 235, 93001)
(438, 70, 59822)
(438, 352, 22124)
(438, 47, 47110)
(438, 191, 77393)
(438, 105, 11158)
(438, 372, 5750)
(438, 36, 57231)
(438, 305, 74164)
(438, 316, 68101)
(438, 178, 43071)
(438, 133, 55555)
(438, 278, 60041)
(438, 226, 74937)
(438, 217, 80111)
(438, 38, 26695)
(438, 273, 89024)
(438, 145, 88777)
(438, 30, 24319)
(438, 109, 59567)
(438, 60, 63057)
(438, 25, 30489)
(438, 233, 75867)
(438, 21, 15596)
(438, 397, 34526)
(438, 271, 97675)
(438, 366, 11088)
(438, 136, 85415)
(438, 63, 85393)
(438, 248, 75476)
(438, 65, 68054)
(438, 239, 86369)
(438, 5, 3451)
(438, 406, 62944)
(438, 282, 3770)
(438, 391, 94509)
(438, 347, 65347)
(438, 395, 42314)
(438, 411, 77125)
(438, 319, 39087)
(438, 287, 28878)
(438, 122, 42248)
(438, 337, 14159)
(438, 18, 71939)
(438, 393, 58287)
(438, 312, 89628)
(438, 332, 77005)
(438, 91, 53560)
(438, 432, 91400)
(438, 335, 4258)
(438, 227, 67491)
(438, 412, 93097)
(438, 143, 52609)
(438, 309, 58212)
(438, 128, 36344)
(438, 396, 71539)
(438, 371, 80269)
(438, 2, 31592)
(438, 410, 80897)
(438, 107, 17455)
(438, 361, 15561)
(438, 188, 20680)
(438, 94, 56207)
(438, 380, 35216)
(438, 167, 56489)
(438, 46, 21543)
(438, 158, 44245)
(438, 161, 12017)
(438, 179, 47081)
(438, 49, 20949)
(438, 340, 14444)
(438, 342, 41312)
(438, 73, 60286)
(438, 298, 36650)
(438, 398, 68991)
(438, 22, 76205)
(439, 353, 8874)
(439, 22, 61190)
(439, 8, 70948)
(439, 314, 13465)
(439, 231, 20895)
(439, 69, 9666)
(439, 250, 53208)
(439, 111, 54709)
(439, 180, 43634)
(439, 265, 26585)
(439, 236, 19732)
(439, 167, 56372)
(439, 156, 98557)
(439, 38, 97718)
(439, 356, 42954)
(439, 212, 65287)
(439, 96, 40492)
(439, 75, 97689)
(439, 287, 6999)
(439, 375, 56228)
(439, 71, 56613)
(439, 166, 54206)
(439, 33, 58301)
(439, 399, 24462)
(439, 70, 86005)
(439, 378, 6891)
(439, 286, 7935)
(439, 42, 85518)
(439, 251, 96719)
(439, 196, 21833)
(439, 240, 45444)
(439, 325, 50778)
(439, 411, 26597)
(439, 103, 58396)
(439, 311, 44176)
(439, 238, 45480)
(439, 74, 73470)
(439, 107, 19848)
(439, 369, 87299)
(439, 108, 66274)
(439, 159, 8165)
(439, 408, 10389)
(439, 351, 16418)
(439, 50, 74373)
(439, 145, 72491)
(439, 54, 19230)
(439, 302, 34543)
(439, 386, 67851)
(439, 436, 17003)
(439, 102, 70233)
(439, 94, 99972)
(439, 228, 99104)
(439, 63, 93337)
(439, 249, 14425)
(439, 247, 59647)
(439, 395, 69591)
(439, 199, 69615)
(439, 89, 13361)
(439, 309, 58783)
(439, 387, 94855)
(439, 32, 4366)
(439, 394, 8853)
(439, 136, 9858)
(439, 306, 25782)
(439, 86, 15076)
(439, 186, 77535)
(439, 304, 79608)
(439, 101, 14290)
(439, 46, 44658)
(439, 372, 77183)
(439, 161, 53242)
(439, 2, 13803)
(439, 37, 58104)
(439, 424, 3794)
(439, 248, 37925)
(439, 113, 93678)
(439, 148, 18325)
(439, 297, 30887)
(439, 299, 69058)
(439, 363, 40856)
(439, 382, 31491)
(439, 173, 41661)
(439, 140, 56084)
(439, 208, 75405)
(439, 258, 34629)
(439, 44, 46516)
(439, 292, 10753)
(439, 400, 90549)
(439, 125, 16795)
(439, 169, 13157)
(439, 261, 94894)
(439, 172, 10236)
(439, 149, 34773)
(439, 206, 37128)
(439, 15, 80447)
(439, 198, 85144)
(439, 415, 96278)
(439, 392, 37604)
(439, 361, 52018)
(439, 233, 23799)
(439, 153, 20003)
(439, 332, 21956)
(439, 85, 8305)
(439, 425, 46985)
(439, 195, 12226)
(439, 91, 45216)
(439, 122, 77369)
(439, 158, 16295)
(439, 20, 84436)
(439, 349, 19252)
(439, 253, 59326)
(439, 341, 82080)
(439, 438, 82760)
(439, 405, 85814)
(439, 217, 26546)
(439, 16, 66346)
(439, 152, 19059)
(439, 377, 84090)
(439, 334, 29945)
(439, 326, 74570)
(439, 56, 73929)
(439, 421, 67150)
(439, 242, 51452)
(439, 30, 15264)
(439, 77, 97319)
(439, 402, 62264)
(439, 25, 34350)
(439, 305, 35788)
(439, 235, 9442)
(439, 374, 13460)
(439, 137, 81907)
(439, 93, 40828)
(439, 366, 48083)
(439, 260, 6449)
(439, 340, 17008)
(439, 323, 93114)
(439, 232, 32735)
(439, 264, 66987)
(439, 257, 36822)
(439, 390, 57736)
(439, 116, 9349)
(439, 110, 37525)
(439, 373, 51423)
(439, 290, 21772)
(439, 244, 81974)
(439, 6, 80393)
(439, 98, 72700)
(439, 396, 77389)
(439, 43, 8663)
(439, 259, 47858)
(439, 384, 48072)
(439, 379, 34758)
(439, 282, 77132)
(439, 246, 71610)
(439, 10, 43318)
(439, 321, 17291)
(439, 210, 43926)
(439, 214, 25104)
(439, 237, 15126)
(439, 170, 34946)
(439, 131, 57864)
(439, 188, 35219)
(439, 225, 14703)
(439, 243, 49669)
(439, 346, 39925)
(439, 55, 12261)
(439, 213, 87790)
(439, 409, 10026)
(439, 68, 39919)
(439, 429, 81125)
(439, 418, 46537)
(439, 219, 4060)
(439, 256, 80131)
(439, 155, 80114)
(439, 205, 71009)
(439, 3, 62164)
(439, 99, 27059)
(439, 426, 91737)
(439, 397, 48736)
(439, 283, 25375)
(439, 0, 42616)
(439, 350, 21317)
(439, 17, 74967)
(439, 117, 14586)
(439, 344, 94221)
(439, 39, 29208)
(439, 295, 52123)
(439, 420, 11650)
(439, 48, 59495)
(439, 322, 98509)
(439, 317, 88924)
(439, 222, 79357)
(439, 285, 72737)
(439, 24, 95091)
(439, 13, 97755)
(439, 388, 23348)
(439, 273, 64316)
(439, 336, 36759)
(439, 270, 64963)
(439, 221, 43207)
(439, 328, 20541)
(439, 391, 33082)
(439, 147, 68205)
(439, 226, 31694)
(439, 348, 42928)
(439, 284, 7346)
(439, 189, 43462)
(439, 383, 21475)
(439, 211, 17027)
(439, 200, 28108)
(439, 274, 50262)
(439, 64, 87553)
(439, 27, 34412)
(439, 280, 41827)
(439, 414, 26223)
(439, 23, 53833)
(439, 171, 76327)
(439, 393, 8189)
(439, 151, 75316)
(439, 150, 87982)
(439, 181, 56566)
(439, 35, 50562)
(439, 191, 44351)
(439, 100, 53346)
(439, 338, 96388)
(439, 57, 51522)
(439, 229, 48641)
(439, 358, 30059)
(439, 92, 57370)
(439, 357, 13271)
(439, 319, 86046)
(439, 204, 18538)
(439, 51, 8077)
(439, 104, 90543)
(439, 433, 81339)
(439, 333, 12894)
(439, 142, 14352)
(439, 367, 74963)
(439, 47, 30792)
(439, 385, 88678)
(439, 178, 73732)
(439, 331, 21972)
(439, 81, 55436)
(439, 308, 35601)
(439, 144, 81287)
(439, 109, 3457)
(439, 182, 98791)
(439, 245, 98335)
(439, 154, 43070)
(439, 343, 96665)
(439, 432, 17589)
(439, 82, 46094)
(439, 1, 73995)
(439, 224, 81512)
(439, 207, 64967)
(439, 279, 73403)
(439, 135, 61639)
(439, 404, 39747)
(439, 175, 93602)
(439, 423, 82850)
(439, 160, 73552)
(439, 61, 2795)
(439, 301, 337)
(439, 360, 85636)
(439, 403, 3778)
(439, 59, 2031)
(439, 370, 36868)
(439, 121, 77373)
(439, 330, 11430)
(439, 289, 47791)
(439, 428, 39923)
(439, 11, 58485)
(439, 239, 90982)
(439, 165, 37813)
(439, 174, 55240)
(439, 90, 87744)
(439, 380, 74182)
(439, 389, 44547)
(439, 127, 94437)
(439, 119, 80962)
(439, 271, 86931)
(440, 421, 66309)
(440, 7, 53512)
(440, 58, 56088)
(440, 228, 48877)
(440, 313, 26777)
(440, 339, 31503)
(440, 241, 89256)
(440, 315, 14701)
(440, 395, 9630)
(440, 51, 81553)
(440, 249, 16174)
(440, 431, 65220)
(440, 316, 7604)
(440, 96, 58461)
(440, 399, 396)
(440, 371, 5067)
(440, 416, 33968)
(440, 113, 57411)
(440, 206, 89459)
(440, 320, 26554)
(440, 79, 55867)
(440, 290, 54705)
(440, 56, 91156)
(440, 186, 39381)
(440, 238, 82875)
(440, 359, 70288)
(440, 412, 90781)
(440, 11, 64730)
(440, 216, 38262)
(440, 173, 96713)
(440, 190, 22112)
(440, 150, 32289)
(440, 191, 28133)
(440, 239, 67908)
(440, 326, 32795)
(440, 364, 18471)
(440, 360, 71882)
(440, 262, 43315)
(440, 388, 85448)
(440, 193, 34406)
(440, 105, 70695)
(440, 425, 46297)
(440, 1, 40219)
(440, 347, 31064)
(440, 132, 56389)
(440, 39, 44800)
(440, 245, 76422)
(440, 438, 5692)
(440, 47, 63684)
(440, 426, 54342)
(440, 234, 2287)
(440, 261, 80914)
(440, 400, 85829)
(440, 20, 18289)
(440, 154, 99842)
(440, 155, 18266)
(440, 45, 38291)
(440, 285, 50717)
(440, 162, 46389)
(440, 391, 41315)
(440, 309, 79119)
(440, 341, 69031)
(440, 289, 49926)
(440, 209, 44332)
(440, 181, 65059)
(440, 72, 48604)
(440, 94, 60472)
(440, 232, 53252)
(440, 223, 65245)
(440, 26, 51291)
(440, 202, 75105)
(440, 323, 23900)
(440, 325, 3594)
(440, 220, 18991)
(440, 436, 36958)
(440, 301, 893)
(440, 151, 45233)
(440, 268, 77317)
(440, 330, 72741)
(440, 144, 7583)
(440, 250, 15105)
(440, 117, 14108)
(440, 278, 36866)
(440, 336, 15150)
(440, 49, 53763)
(440, 140, 68739)
(440, 310, 66841)
(440, 424, 67372)
(440, 146, 14692)
(440, 256, 95348)
(440, 439, 95004)
(440, 324, 50004)
(440, 274, 58270)
(440, 389, 96789)
(440, 118, 133)
(440, 111, 43787)
(440, 82, 36876)
(440, 83, 63489)
(440, 66, 66726)
(440, 121, 58250)
(440, 407, 8481)
(440, 10, 25393)
(440, 85, 75516)
(440, 393, 2058)
(440, 247, 85114)
(440, 92, 84020)
(440, 267, 37748)
(440, 29, 20282)
(440, 406, 37698)
(440, 213, 71076)
(440, 178, 49363)
(440, 300, 79890)
(440, 12, 75317)
(440, 273, 84902)
(440, 107, 57784)
(440, 248, 67117)
(440, 195, 73871)
(440, 255, 86591)
(440, 308, 33994)
(440, 404, 75865)
(440, 345, 69230)
(440, 402, 99573)
(440, 97, 31551)
(440, 159, 88973)
(440, 98, 72747)
(440, 68, 79843)
(440, 235, 55928)
(440, 253, 25971)
(440, 16, 74620)
(440, 355, 11537)
(440, 145, 38144)
(440, 24, 57337)
(440, 296, 8042)
(440, 189, 71105)
(440, 35, 65254)
(440, 103, 12209)
(440, 257, 14824)
(440, 99, 17390)
(440, 362, 49923)
(440, 413, 2503)
(440, 44, 74410)
(440, 236, 15707)
(440, 141, 60241)
(440, 396, 5605)
(440, 152, 24402)
(440, 317, 17918)
(440, 124, 73202)
(440, 108, 94085)
(440, 435, 46044)
(440, 369, 77949)
(440, 59, 60932)
(440, 89, 61150)
(440, 263, 66649)
(440, 214, 35188)
(440, 411, 42697)
(440, 93, 25602)
(440, 14, 62332)
(440, 271, 45576)
(440, 378, 79518)
(440, 295, 47413)
(440, 374, 83532)
(441, 384, 80407)
(441, 416, 79627)
(441, 39, 43034)
(441, 418, 47893)
(441, 66, 48993)
(441, 55, 6435)
(441, 135, 86024)
(441, 100, 5662)
(441, 397, 38113)
(441, 276, 5423)
(441, 149, 87255)
(441, 232, 87994)
(441, 236, 66792)
(441, 329, 66592)
(441, 305, 10505)
(441, 318, 26432)
(441, 40, 48876)
(441, 145, 40928)
(441, 255, 95652)
(441, 208, 26381)
(441, 211, 55557)
(441, 44, 54281)
(441, 403, 10540)
(441, 234, 93785)
(441, 108, 53904)
(441, 343, 35586)
(441, 167, 7995)
(441, 202, 9780)
(441, 398, 95853)
(441, 213, 33431)
(441, 256, 25513)
(441, 312, 19504)
(442, 110, 7016)
(442, 43, 90668)
(442, 149, 46643)
(442, 362, 13597)
(442, 65, 43550)
(442, 29, 23932)
(442, 216, 83815)
(442, 437, 22670)
(442, 218, 43161)
(442, 135, 57618)
(442, 322, 89964)
(442, 383, 61252)
(442, 140, 84702)
(442, 296, 9504)
(442, 1, 64782)
(442, 55, 63924)
(442, 245, 39313)
(442, 161, 23266)
(442, 397, 83620)
(442, 158, 96888)
(442, 307, 11976)
(442, 226, 27728)
(442, 76, 23177)
(442, 361, 88517)
(442, 39, 26929)
(442, 266, 25667)
(442, 93, 61833)
(442, 439, 4840)
(442, 410, 13036)
(442, 337, 70855)
(442, 35, 19697)
(442, 130, 21710)
(442, 382, 33627)
(442, 329, 75760)
(442, 264, 95435)
(442, 172, 95933)
(442, 327, 81531)
(442, 21, 21860)
(442, 385, 67227)
(442, 435, 54870)
(442, 173, 66919)
(442, 72, 62911)
(442, 156, 74093)
(442, 181, 18524)
(442, 83, 36471)
(442, 38, 5170)
(442, 231, 27149)
(442, 5, 39681)
(442, 123, 87811)
(442, 328, 49242)
(442, 209, 83090)
(442, 316, 66237)
(442, 384, 98910)
(442, 280, 19378)
(442, 31, 48230)
(442, 103, 66719)
(442, 323, 87311)
(442, 28, 70520)
(442, 284, 50163)
(442, 252, 95054)
(442, 32, 38445)
(442, 271, 52086)
(442, 395, 82444)
(442, 138, 77881)
(442, 320, 93386)
(442, 73, 3401)
(442, 424, 89670)
(442, 115, 39419)
(442, 202, 61415)
(442, 225, 76757)
(442, 304, 72634)
(442, 137, 61101)
(442, 195, 54247)
(442, 318, 74084)
(442, 116, 27301)
(442, 26, 87297)
(442, 345, 63676)
(442, 428, 14014)
(442, 54, 52953)
(442, 396, 66768)
(442, 100, 97726)
(442, 430, 75065)
(442, 48, 50193)
(442, 227, 1914)
(442, 197, 10282)
(442, 300, 46344)
(442, 134, 60242)
(442, 269, 90177)
(442, 22, 26727)
(442, 155, 96961)
(442, 253, 21755)
(442, 313, 30712)
(442, 278, 75186)
(442, 152, 24179)
(442, 336, 60435)
(442, 312, 22542)
(442, 68, 4070)
(442, 33, 61862)
(442, 200, 6355)
(442, 348, 25137)
(442, 176, 73496)
(442, 247, 18247)
(442, 82, 78657)
(442, 150, 56650)
(442, 394, 38997)
(442, 124, 72260)
(442, 381, 46386)
(442, 139, 32628)
(442, 232, 49247)
(442, 379, 24622)
(442, 204, 56790)
(442, 214, 7605)
(442, 427, 50297)
(442, 274, 42643)
(442, 4, 92050)
(442, 148, 82436)
(442, 25, 9733)
(442, 165, 92708)
(442, 351, 58333)
(442, 289, 72074)
(442, 388, 78047)
(442, 58, 44680)
(442, 219, 34374)
(442, 11, 31318)
(442, 432, 79377)
(442, 62, 67205)
(442, 423, 40329)
(442, 338, 62682)
(442, 375, 87467)
(442, 17, 88293)
(442, 122, 33640)
(442, 187, 59022)
(442, 15, 90597)
(442, 249, 6536)
(442, 7, 73750)
(442, 224, 81076)
(442, 30, 12658)
(442, 12, 85025)
(442, 372, 60333)
(442, 85, 48764)
(442, 188, 13941)
(442, 9, 35622)
(442, 60, 17923)
(442, 147, 28808)
(442, 229, 13093)
(442, 241, 7131)
(442, 185, 27250)
(442, 117, 32881)
(442, 400, 96089)
(442, 378, 60790)
(442, 74, 60677)
(442, 370, 24267)
(442, 131, 92478)
(442, 143, 91952)
(442, 429, 81865)
(442, 174, 99854)
(442, 178, 35806)
(442, 230, 70983)
(442, 92, 95650)
(442, 119, 95330)
(442, 126, 95575)
(442, 42, 25425)
(442, 332, 24772)
(442, 285, 54400)
(442, 237, 73185)
(442, 261, 84141)
(442, 377, 80826)
(442, 260, 18287)
(442, 194, 89011)
(442, 177, 95097)
(442, 0, 14496)
(442, 113, 5855)
(442, 415, 60671)
(442, 106, 13037)
(442, 306, 62764)
(442, 50, 80373)
(442, 128, 46568)
(442, 190, 20238)
(442, 277, 70403)
(442, 376, 29488)
(442, 20, 31037)
(442, 288, 4627)
(442, 272, 97936)
(442, 41, 57135)
(442, 393, 56617)
(442, 258, 58462)
(442, 390, 19289)
(442, 321, 79249)
(442, 8, 4541)
(442, 13, 67965)
(442, 212, 40046)
(442, 355, 34364)
(442, 281, 85300)
(442, 207, 4740)
(442, 364, 14073)
(442, 433, 6938)
(442, 77, 58488)
(442, 45, 54445)
(442, 44, 40397)
(442, 270, 41811)
(442, 78, 9101)
(442, 112, 31383)
(442, 335, 63140)
(442, 3, 70309)
(442, 142, 62848)
(442, 279, 95379)
(442, 325, 95620)
(442, 144, 15074)
(442, 53, 84956)
(442, 302, 73393)
(442, 425, 68352)
(442, 153, 18906)
(442, 211, 55047)
(442, 96, 84805)
(442, 294, 91282)
(442, 263, 31186)
(442, 217, 48058)
(442, 2, 64050)
(442, 426, 3871)
(442, 171, 30614)
(442, 259, 93076)
(442, 23, 55754)
(442, 87, 43472)
(442, 220, 15020)
(442, 146, 35667)
(442, 317, 24883)
(442, 159, 17721)
(442, 297, 74647)
(442, 330, 7897)
(442, 268, 94766)
(442, 19, 39288)
(442, 167, 75450)
(442, 398, 87533)
(442, 291, 14184)
(442, 105, 59031)
(442, 108, 37871)
(442, 75, 22281)
(442, 282, 27268)
(442, 236, 55347)
(442, 295, 61162)
(442, 343, 58312)
(442, 389, 71977)
(442, 233, 12375)
(442, 37, 48176)
(442, 319, 80458)
(442, 344, 86860)
(442, 192, 22361)
(442, 373, 630)
(442, 208, 45206)
(442, 238, 74807)
(442, 91, 91704)
(442, 331, 4248)
(442, 369, 3152)
(442, 431, 61037)
(442, 198, 19836)
(442, 132, 57096)
(442, 360, 5224)
(442, 186, 35477)
(442, 366, 43169)
(442, 69, 22284)
(442, 160, 24799)
(442, 416, 94016)
(442, 287, 68113)
(442, 151, 63283)
(442, 201, 50569)
(442, 350, 76030)
(442, 334, 95976)
(442, 371, 34133)
(442, 438, 45104)
(442, 163, 56040)
(442, 81, 4107)
(442, 392, 39819)
(442, 380, 23274)
(442, 299, 43458)
(442, 333, 98611)
(442, 234, 14422)
(442, 420, 78989)
(442, 403, 44990)
(442, 10, 65801)
(442, 251, 19503)
(442, 215, 88590)
(442, 309, 15429)
(442, 210, 24354)
(442, 292, 55283)
(442, 311, 18745)
(442, 342, 28410)
(442, 405, 7563)
(442, 169, 81250)
(442, 239, 60703)
(442, 193, 96903)
(442, 440, 7550)
(442, 180, 9987)
(442, 64, 18642)
(442, 419, 11389)
(442, 104, 21991)
(442, 298, 76071)
(442, 90, 51023)
(442, 51, 34801)
(442, 374, 81687)
(442, 120, 89497)
(442, 358, 29128)
(442, 387, 94504)
(442, 363, 5640)
(442, 88, 88599)
(442, 141, 92996)
(442, 203, 96185)
(442, 349, 52706)
(442, 46, 19631)
(442, 402, 82352)
(442, 386, 77917)
(442, 109, 8163)
(442, 101, 59089)
(442, 347, 27962)
(442, 308, 93622)
(442, 166, 83673)
(442, 357, 87347)
(442, 356, 5781)
(442, 421, 39713)
(442, 414, 64851)
(442, 127, 33298)
(442, 162, 9698)
(442, 57, 17985)
(442, 286, 91942)
(442, 16, 21069)
(442, 52, 19120)
(442, 114, 73381)
(442, 99, 66834)
(442, 235, 73661)
(442, 14, 63549)
(442, 413, 44622)
(442, 79, 51897)
(442, 49, 35045)
(442, 267, 64467)
(442, 250, 74215)
(442, 63, 10595)
(442, 315, 45443)
(442, 183, 14861)
(442, 154, 17232)
(442, 399, 56787)
(442, 129, 68449)
(442, 293, 95791)
(442, 273, 27958)
(442, 34, 28815)
(442, 276, 55879)
(442, 84, 49078)
(442, 164, 27161)
(442, 136, 63259)
(442, 175, 63752)
(442, 86, 41606)
(442, 24, 54088)
(442, 436, 47805)
(442, 407, 95814)
(442, 418, 10209)
(442, 254, 48915)
(442, 168, 35161)
(442, 401, 25717)
(442, 89, 38241)
(442, 179, 26573)
(442, 409, 55030)
(442, 417, 97966)
(442, 310, 66373)
(442, 222, 20405)
(442, 265, 66410)
(442, 70, 69597)
(442, 391, 99891)
(442, 97, 99029)
(442, 213, 42840)
(442, 352, 27894)
(442, 441, 61335)
(442, 275, 16162)
(442, 59, 2684)
(442, 94, 95721)
(442, 412, 26934)
(442, 404, 72135)
(442, 353, 32007)
(442, 66, 11761)
(442, 246, 22311)
(442, 157, 64485)
(442, 199, 79338)
(442, 98, 46794)
(442, 191, 60808)
(442, 255, 4684)
(442, 303, 26533)
(442, 170, 75177)
(442, 196, 99143)
(442, 326, 15737)
(442, 324, 27577)
(442, 36, 35751)
(442, 107, 4231)
(442, 118, 53522)
(442, 368, 2024)
(442, 434, 90393)
(442, 47, 45808)
(442, 121, 95660)
(442, 340, 49723)
(442, 256, 38476)
(442, 365, 59100)
(442, 102, 36300)
(442, 205, 70757)
(442, 61, 72009)
(442, 145, 96884)
(442, 228, 81585)
(442, 56, 24861)
(442, 314, 12960)
(442, 248, 13734)
(442, 206, 49070)
(442, 240, 75972)
(442, 244, 78662)
(442, 111, 84778)
(442, 408, 52366)
(442, 339, 84837)
(442, 40, 42740)
(442, 257, 21222)
(442, 290, 66982)
(443, 102, 65690)
(443, 347, 90307)
(443, 209, 69282)
(443, 230, 40161)
(443, 112, 93457)
(443, 154, 98441)
(443, 121, 19544)
(443, 293, 3425)
(444, 31, 69608)
(444, 386, 36814)
(444, 157, 21474)
(444, 286, 1096)
(444, 2, 67127)
(444, 232, 38270)
(444, 46, 10580)
(444, 334, 100334)
(444, 38, 95781)
(444, 340, 1195)
(444, 29, 49661)
(444, 148, 76869)
(444, 24, 72927)
(444, 250, 44409)
(444, 59, 25357)
(444, 358, 38217)
(444, 123, 40415)
(444, 418, 24019)
(444, 360, 92369)
(444, 296, 79713)
(444, 289, 94602)
(444, 110, 72156)
(444, 414, 42938)
(444, 294, 52057)
(444, 435, 14848)
(444, 182, 91804)
(444, 78, 91267)
(444, 34, 43544)
(444, 421, 26397)
(444, 348, 43773)
(444, 378, 85920)
(444, 371, 25839)
(444, 290, 17409)
(444, 220, 66779)
(444, 114, 35908)
(444, 424, 96677)
(444, 274, 90805)
(444, 177, 52745)
(444, 16, 52941)
(444, 405, 43695)
(444, 254, 12835)
(444, 411, 39724)
(444, 168, 92444)
(444, 99, 99466)
(444, 323, 82525)
(444, 75, 45271)
(444, 430, 81902)
(444, 113, 70214)
(444, 365, 38654)
(444, 431, 75969)
(444, 249, 18793)
(444, 338, 68164)
(444, 245, 91421)
(444, 193, 10438)
(444, 238, 65312)
(444, 91, 75285)
(444, 266, 59401)
(444, 66, 31208)
(444, 394, 22276)
(444, 268, 84212)
(444, 98, 70597)
(444, 58, 43279)
(444, 125, 23768)
(444, 23, 25296)
(444, 60, 32469)
(444, 247, 61820)
(444, 5, 64801)
(444, 189, 5634)
(444, 267, 30386)
(444, 158, 10683)
(444, 81, 3945)
(444, 137, 34498)
(444, 25, 52969)
(444, 190, 78176)
(444, 280, 18510)
(444, 105, 633)
(444, 107, 46471)
(444, 273, 61921)
(444, 14, 26855)
(444, 416, 73693)
(444, 352, 28350)
(444, 322, 26015)
(444, 200, 6637)
(444, 102, 33988)
(444, 261, 13873)
(444, 400, 13132)
(444, 306, 60184)
(444, 133, 99071)
(444, 159, 19276)
(444, 55, 17163)
(444, 135, 50920)
(444, 417, 27963)
(444, 315, 69829)
(444, 257, 98993)
(444, 349, 60729)
(444, 32, 51417)
(444, 432, 2965)
(444, 363, 88237)
(444, 129, 24735)
(444, 121, 82622)
(444, 428, 92644)
(444, 204, 36069)
(444, 178, 8467)
(444, 27, 20423)
(444, 351, 61775)
(444, 439, 39703)
(444, 36, 90593)
(444, 151, 95302)
(444, 336, 70326)
(444, 160, 33155)
(444, 7, 53022)
(444, 171, 85787)
(444, 390, 98745)
(444, 28, 98505)
(444, 48, 57478)
(444, 364, 41584)
(444, 188, 58217)
(444, 127, 63716)
(444, 236, 39956)
(444, 196, 6090)
(444, 288, 98211)
(444, 100, 14288)
(444, 307, 64741)
(444, 67, 11677)
(444, 44, 74610)
(444, 269, 44852)
(444, 265, 88064)
(444, 242, 25931)
(444, 324, 67221)
(444, 203, 42690)
(444, 180, 34997)
(444, 437, 74774)
(444, 155, 9656)
(444, 380, 99547)
(444, 162, 98663)
(444, 389, 99094)
(444, 39, 57555)
(444, 50, 93246)
(444, 320, 74545)
(444, 305, 88786)
(444, 167, 55852)
(444, 172, 34699)
(444, 235, 26302)
(444, 187, 94810)
(444, 74, 69368)
(444, 131, 47955)
(444, 84, 20223)
(444, 222, 51007)
(444, 313, 49638)
(445, 323, 94699)
(445, 255, 87941)
(445, 341, 64505)
(445, 402, 86695)
(445, 151, 70091)
(445, 181, 77664)
(445, 438, 12409)
(445, 391, 33355)
(445, 216, 47690)
(445, 420, 39102)
(445, 436, 25492)
(445, 435, 42597)
(445, 318, 98159)
(445, 387, 2028)
(445, 1, 31864)
(445, 180, 35974)
(445, 417, 57273)
(445, 276, 6994)
(445, 344, 12694)
(445, 93, 99210)
(445, 295, 22075)
(445, 157, 17528)
(445, 307, 41922)
(445, 277, 13519)
(445, 352, 37681)
(445, 52, 24305)
(445, 384, 94711)
(445, 287, 47922)
(445, 35, 54056)
(445, 182, 63639)
(445, 249, 11344)
(445, 221, 15230)
(445, 80, 25174)
(445, 272, 69504)
(445, 162, 32606)
(445, 69, 380)
(445, 394, 22686)
(445, 292, 33613)
(445, 409, 52544)
(445, 103, 7036)
(445, 85, 53768)
(445, 403, 76725)
(445, 399, 31042)
(445, 184, 74488)
(445, 33, 17378)
(445, 76, 85997)
(445, 248, 50718)
(445, 422, 69038)
(445, 412, 92425)
(445, 270, 97995)
(445, 186, 68277)
(445, 336, 73240)
(445, 42, 78660)
(445, 362, 76192)
(445, 98, 90516)
(445, 390, 57435)
(445, 353, 31467)
(445, 370, 82186)
(445, 137, 14719)
(445, 406, 91371)
(445, 197, 76453)
(445, 380, 4427)
(445, 330, 47902)
(445, 398, 84491)
(445, 45, 44100)
(445, 125, 63782)
(445, 140, 84235)
(445, 96, 4391)
(445, 365, 73883)
(445, 107, 13681)
(445, 202, 32977)
(445, 49, 30551)
(445, 147, 40464)
(445, 217, 49166)
(445, 290, 88615)
(445, 232, 32724)
(445, 437, 60226)
(445, 313, 4327)
(445, 19, 75312)
(445, 34, 86068)
(445, 439, 72948)
(445, 381, 58748)
(445, 194, 46483)
(445, 315, 55322)
(445, 296, 8380)
(445, 199, 59048)
(445, 163, 42868)
(445, 102, 42512)
(445, 185, 77610)
(445, 99, 11035)
(445, 410, 39952)
(445, 389, 18313)
(445, 171, 9994)
(445, 234, 43855)
(445, 71, 357)
(445, 53, 18498)
(445, 159, 452)
(445, 419, 80842)
(445, 383, 59574)
(445, 82, 84654)
(445, 55, 44716)
(445, 443, 879)
(445, 94, 530)
(445, 169, 30109)
(445, 241, 94768)
(445, 430, 67107)
(445, 275, 27812)
(445, 164, 15308)
(445, 0, 35380)
(445, 175, 52516)
(445, 240, 5349)
(445, 27, 2619)
(445, 245, 46895)
(445, 10, 29236)
(445, 224, 6732)
(445, 345, 6265)
(445, 322, 73631)
(445, 13, 66787)
(445, 54, 37218)
(445, 242, 84874)
(445, 18, 80852)
(445, 81, 43529)
(445, 177, 72018)
(445, 196, 87040)
(445, 58, 8011)
(445, 301, 82247)
(445, 444, 89186)
(445, 364, 74326)
(445, 319, 64775)
(445, 83, 71125)
(445, 77, 20250)
(446, 395, 96224)
(446, 20, 80449)
(446, 147, 48026)
(446, 60, 3649)
(446, 64, 37202)
(446, 232, 15292)
(446, 312, 27469)
(446, 224, 36014)
(446, 80, 16688)
(446, 241, 56209)
(446, 114, 54386)
(446, 309, 91548)
(446, 163, 90404)
(446, 302, 67957)
(446, 74, 78032)
(446, 275, 77628)
(446, 292, 27023)
(446, 71, 44490)
(446, 294, 1463)
(446, 250, 96234)
(446, 227, 93922)
(446, 182, 33534)
(446, 317, 38853)
(446, 295, 824)
(446, 222, 77841)
(446, 223, 60412)
(446, 247, 80803)
(446, 435, 28513)
(446, 186, 85847)
(446, 254, 37785)
(446, 76, 53944)
(446, 43, 57660)
(446, 265, 31996)
(446, 215, 79851)
(446, 364, 21221)
(446, 437, 40131)
(446, 162, 28222)
(446, 349, 41004)
(446, 421, 66932)
(446, 258, 70526)
(446, 425, 49798)
(446, 225, 88011)
(446, 31, 32563)
(446, 150, 5298)
(446, 426, 72219)
(446, 67, 97076)
(446, 300, 8778)
(446, 159, 72353)
(446, 205, 60160)
(446, 384, 97449)
(446, 9, 38537)
(446, 405, 40738)
(446, 219, 20661)
(446, 390, 75535)
(446, 402, 62651)
(446, 200, 96877)
(446, 34, 62865)
(446, 6, 28520)
(446, 373, 33308)
(447, 235, 12430)
(447, 174, 30003)
(447, 133, 100097)
(447, 187, 81631)
(447, 228, 49680)
(447, 276, 72060)
(447, 32, 97233)
(447, 127, 2152)
(447, 4, 100134)
(447, 17, 99591)
(447, 347, 451)
(447, 38, 33222)
(447, 194, 10559)
(447, 373, 14423)
(447, 67, 83802)
(447, 295, 53296)
(447, 81, 74760)
(447, 289, 10852)
(447, 387, 713)
(447, 57, 58926)
(447, 325, 82773)
(447, 407, 41261)
(447, 132, 9823)
(447, 405, 5397)
(447, 400, 7055)
(447, 59, 76691)
(447, 268, 79175)
(447, 139, 75929)
(447, 421, 2652)
(447, 166, 60144)
(447, 62, 50949)
(447, 262, 24409)
(447, 148, 24338)
(447, 442, 88712)
(447, 311, 74115)
(447, 34, 76759)
(447, 267, 45962)
(447, 105, 6577)
(447, 48, 48559)
(447, 428, 3724)
(447, 303, 74720)
(447, 155, 73238)
(447, 402, 27292)
(447, 414, 71027)
(447, 271, 1334)
(447, 102, 8492)
(447, 60, 73597)
(447, 371, 96918)
(447, 251, 21843)
(447, 273, 33620)
(447, 92, 35933)
(447, 297, 22103)
(447, 179, 46519)
(447, 423, 74531)
(447, 294, 39095)
(447, 220, 40412)
(447, 241, 31345)
(447, 10, 34934)
(447, 237, 3883)
(447, 312, 89389)
(447, 28, 64299)
(447, 243, 88632)
(447, 20, 56144)
(447, 365, 94933)
(447, 279, 62184)
(447, 298, 19186)
(447, 341, 72878)
(447, 221, 12071)
(447, 113, 96400)
(447, 379, 84435)
(447, 330, 86131)
(447, 23, 41854)
(447, 316, 36019)
(447, 305, 35152)
(447, 233, 49193)
(447, 91, 70854)
(447, 351, 62546)
(447, 415, 11408)
(447, 264, 16491)
(447, 382, 90826)
(447, 372, 30661)
(447, 193, 5)
(447, 342, 22093)
(447, 301, 26024)
(447, 146, 70760)
(447, 77, 7920)
(447, 213, 18457)
(447, 55, 62725)
