391
(1, 0, 36918)
(2, 0, 68988)
(2, 1, 39455)
(3, 2, 56275)
(3, 0, 63429)
(3, 1, 57332)
(4, 0, 48870)
(4, 3, 28980)
(4, 1, 26179)
(4, 2, 23804)
(5, 4, 36098)
(6, 2, 11760)
(6, 3, 31201)
(7, 0, 2203)
(7, 6, 44266)
(7, 4, 16727)
(8, 2, 22126)
(8, 0, 73486)
(9, 2, 34678)
(9, 3, 64041)
(9, 7, 926)
(9, 5, 62863)
(9, 4, 6880)
(9, 1, 27448)
(9, 0, 48376)
(9, 8, 15691)
(10, 4, 9318)
(10, 2, 50764)
(10, 6, 67056)
(10, 3, 29926)
(10, 8, 1636)
(10, 5, 38418)
(10, 0, 10630)
(10, 1, 65197)
(10, 7, 74808)
(10, 9, 39955)
(11, 0, 75388)
(11, 9, 73206)
(11, 3, 2086)
(11, 10, 47536)
(11, 7, 60998)
(11, 4, 76347)
(12, 1, 41330)
(12, 6, 74078)
(13, 1, 16448)
(13, 3, 35192)
(13, 6, 32339)
(14, 12, 34228)
(14, 3, 36413)
(14, 0, 43896)
(14, 6, 11368)
(14, 4, 70899)
(14, 11, 1457)
(14, 9, 29275)
(14, 2, 25247)
(14, 7, 61121)
(14, 5, 22786)
(14, 1, 69209)
(15, 9, 61260)
(16, 1, 8536)
(16, 5, 39790)
(16, 4, 6570)
(16, 14, 13489)
(16, 15, 33729)
(16, 3, 9996)
(16, 2, 4435)
(16, 13, 61969)
(16, 11, 48457)
(16, 0, 74226)
(16, 10, 26043)
(16, 6, 64510)
(16, 12, 23222)
(17, 0, 19652)
(17, 10, 62859)
(17, 14, 4872)
(17, 16, 39421)
(17, 5, 3120)
(17, 7, 64904)
(17, 8, 26958)
(17, 2, 33245)
(17, 12, 33961)
(17, 4, 48997)
(18, 13, 35107)
(18, 7, 13522)
(18, 2, 72260)
(18, 10, 66594)
(19, 3, 61841)
(19, 10, 11492)
(19, 13, 73056)
(19, 15, 10246)
(19, 8, 14712)
(19, 17, 18005)
(19, 14, 9987)
(19, 4, 63740)
(19, 7, 47194)
(19, 6, 6314)
(19, 18, 17196)
(19, 0, 57330)
(19, 12, 70226)
(19, 5, 25649)
(19, 2, 12784)
(19, 11, 24194)
(19, 1, 54658)
(19, 9, 19166)
(20, 3, 44418)
(20, 6, 27776)
(20, 5, 16087)
(20, 4, 59924)
(20, 9, 27828)
(20, 14, 12789)
(20, 19, 74930)
(20, 1, 39008)
(20, 7, 11547)
(20, 10, 34749)
(20, 15, 68681)
(20, 8, 22766)
(20, 11, 27766)
(20, 13, 22048)
(20, 12, 3671)
(20, 16, 55425)
(20, 2, 38010)
(20, 17, 76047)
(20, 0, 43235)
(20, 18, 42652)
(21, 10, 48675)
(21, 5, 65686)
(21, 16, 48950)
(21, 4, 38310)
(21, 12, 43754)
(21, 3, 26052)
(21, 15, 39348)
(21, 8, 75641)
(21, 14, 13853)
(21, 11, 45129)
(21, 2, 58616)
(21, 9, 53036)
(21, 13, 31314)
(21, 19, 31358)
(21, 18, 55770)
(21, 1, 26619)
(21, 20, 23103)
(21, 6, 26709)
(21, 0, 65312)
(21, 17, 49605)
(21, 7, 47478)
(22, 9, 21031)
(22, 16, 42149)
(22, 5, 26218)
(22, 10, 67138)
(22, 21, 29424)
(22, 12, 44635)
(22, 3, 38410)
(22, 4, 5428)
(22, 2, 33501)
(22, 17, 14300)
(22, 11, 74597)
(22, 0, 68095)
(22, 18, 14465)
(22, 19, 42329)
(23, 22, 39269)
(23, 20, 12436)
(23, 9, 32400)
(23, 17, 61903)
(23, 11, 70592)
(23, 5, 67416)
(23, 8, 18120)
(23, 16, 34936)
(23, 0, 56978)
(24, 22, 27821)
(24, 0, 61695)
(24, 12, 40641)
(24, 3, 29223)
(24, 2, 22543)
(24, 1, 11123)
(24, 21, 44778)
(24, 14, 66575)
(24, 11, 14197)
(24, 13, 71127)
(24, 20, 64487)
(24, 7, 18585)
(24, 6, 3521)
(24, 5, 25065)
(24, 16, 33390)
(24, 10, 17507)
(24, 19, 26729)
(24, 4, 9785)
(24, 9, 64300)
(24, 15, 23783)
(24, 23, 20392)
(24, 8, 22593)
(25, 7, 7153)
(25, 15, 64735)
(25, 23, 61872)
(25, 18, 70624)
(25, 6, 53672)
(25, 4, 75577)
(25, 14, 60953)
(25, 9, 62504)
(25, 12, 28141)
(25, 3, 38284)
(25, 17, 25986)
(25, 2, 65394)
(25, 24, 8569)
(25, 21, 2573)
(25, 19, 15668)
(25, 5, 51635)
(26, 20, 10747)
(26, 23, 8633)
(26, 16, 55075)
(26, 13, 59520)
(26, 10, 5032)
(26, 12, 43392)
(26, 15, 46826)
(26, 25, 63691)
(26, 2, 53389)
(26, 11, 19059)
(26, 21, 10062)
(26, 1, 49763)
(26, 24, 43675)
(26, 6, 55389)
(26, 22, 61736)
(26, 3, 7585)
(27, 17, 4606)
(27, 11, 64724)
(27, 12, 26776)
(27, 6, 41589)
(27, 10, 31725)
(27, 18, 34460)
(27, 9, 59322)
(27, 8, 15628)
(27, 15, 66374)
(27, 1, 16478)
(27, 19, 14457)
(27, 26, 47268)
(27, 23, 16642)
(27, 7, 16289)
(27, 24, 62545)
(27, 3, 11654)
(27, 25, 19906)
(27, 16, 59392)
(27, 22, 12279)
(27, 0, 51670)
(27, 13, 42187)
(27, 14, 59259)
(27, 20, 41850)
(27, 2, 19753)
(27, 4, 29412)
(27, 21, 74605)
(27, 5, 3897)
(28, 23, 16698)
(28, 5, 50339)
(28, 17, 61950)
(28, 16, 2389)
(28, 10, 1973)
(28, 12, 31688)
(28, 7, 59788)
(28, 22, 9137)
(28, 26, 27041)
(28, 13, 37939)
(28, 25, 14791)
(28, 18, 22975)
(28, 20, 60629)
(28, 24, 31246)
(28, 2, 11037)
(28, 3, 28126)
(28, 14, 40520)
(28, 21, 56843)
(28, 0, 57141)
(28, 6, 66480)
(28, 19, 7155)
(28, 11, 52041)
(28, 8, 15545)
(28, 15, 47209)
(29, 5, 46057)
(29, 15, 42936)
(29, 25, 38603)
(29, 21, 48232)
(29, 11, 56452)
(29, 8, 31966)
(29, 0, 36756)
(29, 19, 14479)
(29, 27, 52756)
(29, 18, 57366)
(29, 9, 66466)
(29, 24, 3562)
(29, 12, 2234)
(29, 7, 190)
(29, 28, 70801)
(29, 13, 47542)
(29, 2, 58119)
(29, 10, 50809)
(29, 3, 22740)
(29, 26, 34009)
(29, 6, 40099)
(29, 22, 42457)
(29, 20, 48316)
(29, 1, 24125)
(29, 4, 31019)
(29, 17, 13118)
(29, 23, 35740)
(29, 14, 70114)
(30, 7, 20992)
(30, 17, 10294)
(30, 13, 16308)
(30, 28, 19351)
(30, 20, 63100)
(30, 11, 7516)
(31, 17, 39240)
(31, 22, 64070)
(31, 30, 29425)
(31, 23, 25797)
(31, 2, 47466)
(31, 24, 10703)
(31, 9, 42926)
(31, 21, 1669)
(31, 27, 18695)
(31, 5, 76182)
(31, 0, 53931)
(32, 25, 21647)
(32, 1, 46956)
(32, 5, 4702)
(32, 10, 30668)
(32, 9, 38702)
(32, 28, 1184)
(32, 18, 5279)
(32, 31, 63904)
(32, 7, 74522)
(32, 2, 42758)
(32, 14, 63912)
(32, 23, 34861)
(32, 22, 16903)
(33, 18, 29668)
(33, 17, 12763)
(34, 33, 26157)
(34, 25, 43532)
(34, 17, 4696)
(34, 13, 28048)
(34, 9, 42634)
(34, 0, 4476)
(34, 19, 8530)
(34, 26, 24897)
(34, 10, 61650)
(34, 29, 53728)
(35, 5, 61024)
(35, 3, 24216)
(35, 2, 936)
(35, 10, 27389)
(35, 17, 56643)
(36, 8, 51509)
(36, 29, 43551)
(36, 12, 3783)
(36, 4, 5774)
(36, 31, 13707)
(36, 13, 8816)
(36, 17, 34730)
(36, 24, 20078)
(36, 32, 16493)
(36, 30, 41793)
(36, 20, 57785)
(36, 27, 39504)
(36, 28, 40275)
(36, 3, 55260)
(36, 14, 41761)
(36, 10, 17104)
(36, 35, 18084)
(36, 26, 36101)
(36, 5, 55816)
(36, 15, 4141)
(37, 0, 24105)
(37, 7, 47901)
(37, 20, 62180)
(37, 5, 41698)
(37, 29, 65065)
(37, 22, 2648)
(37, 19, 34262)
(37, 23, 26933)
(37, 28, 72542)
(38, 18, 60130)
(38, 21, 5185)
(38, 16, 15737)
(38, 31, 14032)
(38, 23, 69596)
(38, 14, 56251)
(38, 2, 41902)
(38, 19, 51174)
(38, 1, 31872)
(38, 7, 70348)
(38, 8, 21341)
(38, 15, 5275)
(38, 0, 12317)
(38, 25, 35049)
(38, 9, 58443)
(39, 24, 2938)
(39, 7, 53887)
(39, 30, 4626)
(39, 11, 62689)
(39, 15, 11831)
(39, 3, 51698)
(39, 36, 54668)
(39, 32, 18776)
(39, 13, 55033)
(39, 17, 6383)
(39, 25, 40185)
(39, 29, 3846)
(39, 28, 16716)
(39, 34, 39744)
(39, 23, 39865)
(39, 37, 49716)
(39, 26, 58582)
(39, 27, 47074)
(39, 10, 63599)
(39, 22, 60390)
(39, 5, 23837)
(39, 33, 44315)
(39, 35, 36169)
(39, 38, 5129)
(39, 20, 70166)
(39, 18, 32845)
(39, 19, 59888)
(39, 14, 75176)
(39, 0, 72638)
(39, 31, 33272)
(39, 1, 32876)
(39, 2, 22997)
(39, 16, 14133)
(39, 21, 18450)
(39, 4, 2961)
(39, 6, 7327)
(40, 2, 30551)
(40, 33, 57335)
(40, 39, 4052)
(40, 4, 40039)
(40, 30, 10221)
(40, 10, 8746)
(40, 9, 36778)
(40, 6, 46049)
(41, 32, 39775)
(41, 20, 66258)
(41, 28, 42449)
(41, 37, 41679)
(41, 21, 33539)
(41, 22, 15744)
(41, 4, 65561)
(41, 9, 13262)
(41, 19, 56757)
(41, 31, 15415)
(41, 3, 3207)
(41, 39, 33072)
(41, 17, 59328)
(41, 18, 39076)
(41, 6, 29921)
(41, 33, 33111)
(41, 1, 11636)
(41, 34, 69079)
(41, 8, 6976)
(41, 10, 10064)
(41, 35, 65121)
(41, 11, 41115)
(41, 16, 16495)
(41, 13, 40425)
(41, 23, 54225)
(41, 2, 12250)
(41, 40, 66316)
(41, 29, 52743)
(41, 7, 31048)
(41, 14, 390)
(42, 5, 35117)
(42, 7, 60135)
(42, 11, 62581)
(42, 24, 12598)
(42, 26, 12295)
(42, 1, 51966)
(42, 25, 62294)
(42, 32, 63292)
(42, 33, 40656)
(42, 14, 10054)
(42, 4, 37192)
(42, 6, 44850)
(42, 15, 53418)
(42, 16, 70675)
(42, 28, 27284)
(42, 36, 25741)
(42, 8, 67209)
(42, 31, 6381)
(42, 37, 31278)
(42, 19, 65978)
(42, 40, 9352)
(42, 20, 36205)
(42, 3, 5772)
(42, 41, 64050)
(42, 0, 33862)
(42, 22, 20010)
(42, 34, 45920)
(42, 13, 47623)
(42, 12, 45669)
(42, 10, 44006)
(42, 35, 57914)
(43, 40, 8780)
(43, 2, 64140)
(43, 3, 7142)
(43, 23, 39762)
(43, 30, 38080)
(43, 29, 10098)
(43, 22, 70396)
(43, 0, 52640)
(43, 5, 31902)
(43, 37, 55272)
(43, 36, 56675)
(43, 14, 21195)
(43, 12, 55379)
(43, 1, 40645)
(43, 19, 68904)
(43, 21, 47055)
(43, 41, 20227)
(43, 16, 6645)
(43, 33, 56374)
(43, 34, 47279)
(43, 11, 72258)
(43, 24, 73795)
(43, 39, 26380)
(43, 8, 74731)
(43, 6, 56707)
(43, 13, 55338)
(43, 27, 29603)
(44, 27, 61022)
(44, 40, 60164)
(44, 12, 58089)
(44, 38, 58444)
(44, 15, 699)
(44, 8, 10030)
(44, 24, 39506)
(44, 20, 22012)
(44, 32, 59337)
(44, 43, 34927)
(44, 34, 386)
(44, 10, 72397)
(44, 1, 13994)
(44, 4, 41036)
(44, 17, 51534)
(44, 7, 56902)
(44, 23, 58803)
(44, 0, 46249)
(44, 6, 38950)
(44, 42, 48531)
(44, 37, 50568)
(44, 25, 28316)
(44, 11, 51939)
(44, 41, 21262)
(44, 13, 46734)
(44, 22, 39990)
(44, 21, 13935)
(44, 19, 70420)
(44, 31, 49641)
(44, 26, 66752)
(44, 16, 29541)
(44, 33, 49257)
(44, 5, 31320)
(44, 18, 46455)
(44, 3, 1882)
(45, 32, 43120)
(45, 14, 65459)
(45, 9, 59804)
(45, 42, 63023)
(45, 38, 29306)
(45, 4, 32011)
(45, 44, 42834)
(45, 37, 47329)
(45, 19, 13791)
(45, 27, 24362)
(45, 16, 63320)
(45, 34, 64953)
(45, 0, 62027)
(45, 13, 29320)
(45, 11, 68324)
(46, 32, 36511)
(46, 21, 57598)
(46, 31, 64956)
(46, 12, 9527)
(46, 9, 61442)
(46, 22, 33024)
(46, 11, 30820)
(46, 36, 25238)
(46, 40, 70057)
(46, 15, 3956)
(46, 26, 65118)
(46, 34, 41428)
(46, 10, 71421)
(46, 27, 32729)
(46, 30, 11584)
(46, 6, 73978)
(46, 45, 42308)
(46, 42, 5635)
(47, 7, 23836)
(47, 14, 59387)
(47, 45, 70175)
(47, 32, 61833)
(47, 30, 58377)
(47, 20, 11425)
(47, 24, 17094)
(47, 37, 5768)
(47, 25, 4833)
(47, 17, 13341)
(47, 9, 38378)
(47, 26, 49585)
(47, 39, 43023)
(47, 34, 57576)
(47, 44, 27987)
(47, 22, 61185)
(47, 40, 67429)
(47, 15, 20107)
(47, 43, 45883)
(47, 36, 45160)
(48, 38, 8507)
(48, 2, 3509)
(48, 31, 3067)
(48, 42, 37019)
(48, 9, 66499)
(48, 17, 26120)
(48, 40, 28407)
(48, 6, 35600)
(48, 11, 67040)
(48, 22, 43563)
(48, 37, 54168)
(48, 13, 45893)
(48, 32, 50631)
(48, 30, 30491)
(48, 23, 25025)
(48, 43, 28379)
(48, 5, 35518)
(48, 12, 23903)
(48, 15, 11155)
(48, 8, 34086)
(48, 19, 27822)
(48, 20, 33426)
(48, 24, 53193)
(48, 7, 22977)
(48, 29, 18667)
(48, 28, 37341)
(48, 18, 73379)
(48, 27, 45607)
(48, 16, 60296)
(48, 3, 35033)
(48, 25, 53402)
(48, 34, 35035)
(48, 0, 14703)
(48, 21, 8372)
(48, 26, 23813)
(48, 41, 14588)
(48, 14, 25303)
(48, 36, 72484)
(48, 46, 20758)
(48, 1, 53909)
(48, 39, 57452)
(48, 45, 50989)
(48, 35, 5164)
(48, 10, 72333)
(48, 4, 36510)
(48, 44, 24149)
(49, 18, 47285)
(49, 43, 25309)
(49, 48, 15289)
(49, 21, 13667)
(49, 19, 57080)
(49, 33, 42885)
(49, 34, 5376)
(49, 27, 47794)
(49, 10, 19653)
(49, 37, 18000)
(49, 30, 26237)
(49, 13, 42379)
(49, 45, 4639)
(49, 25, 22180)
(49, 16, 40001)
(49, 2, 50750)
(49, 15, 21763)
(49, 39, 18103)
(49, 24, 60576)
(49, 32, 52287)
(49, 28, 54930)
(49, 40, 63341)
(49, 4, 9386)
(49, 14, 63834)
(50, 32, 6545)
(50, 20, 75732)
(50, 43, 46251)
(51, 25, 40890)
(51, 0, 52858)
(51, 40, 26241)
(51, 31, 56566)
(51, 5, 69549)
(51, 45, 27318)
(51, 13, 48159)
(51, 33, 4481)
(51, 7, 67377)
(51, 43, 10595)
(51, 21, 44923)
(51, 39, 9248)
(51, 20, 20332)
(51, 11, 26232)
(51, 19, 62588)
(51, 44, 72050)
(52, 11, 24436)
(52, 42, 59412)
(52, 27, 55242)
(52, 34, 5064)
(52, 51, 74073)
(52, 50, 60593)
(52, 13, 40372)
(52, 41, 34386)
(52, 15, 74844)
(52, 3, 45827)
(52, 28, 15173)
(52, 44, 50716)
(53, 6, 8562)
(53, 4, 30816)
(53, 3, 59915)
(53, 39, 28532)
(53, 44, 67233)
(53, 8, 65267)
(53, 13, 46583)
(53, 49, 66391)
(53, 21, 59548)
(53, 28, 76036)
(53, 31, 73032)
(53, 23, 50019)
(53, 50, 68786)
(53, 10, 27615)
(53, 45, 33337)
(53, 20, 3043)
(53, 25, 56906)
(53, 9, 49636)
(53, 22, 51493)
(53, 36, 69952)
(53, 2, 41508)
(53, 30, 38221)
(53, 35, 22495)
(53, 27, 44602)
(53, 33, 43182)
(53, 16, 75879)
(53, 0, 13767)
(53, 14, 19662)
(53, 1, 64353)
(53, 19, 3386)
(53, 40, 74421)
(53, 43, 54174)
(53, 51, 3575)
(53, 48, 76289)
(53, 34, 5209)
(53, 38, 3842)
(53, 52, 13000)
(53, 37, 1640)
(53, 42, 8295)
(53, 11, 47220)
(53, 29, 71470)
(53, 41, 67648)
(53, 18, 69235)
(53, 17, 26055)
(53, 47, 24110)
(53, 32, 25451)
(53, 24, 12561)
(53, 15, 13876)
(53, 5, 45037)
(54, 21, 65452)
(54, 1, 3922)
(54, 12, 6589)
(54, 32, 38963)
(54, 51, 31664)
(54, 33, 4407)
(54, 3, 59180)
(54, 50, 70340)
(54, 35, 5961)
(54, 13, 36790)
(54, 0, 40773)
(54, 41, 1090)
(54, 9, 66110)
(54, 48, 16119)
(54, 46, 26547)
(54, 45, 41689)
(54, 34, 13894)
(54, 49, 23265)
(54, 31, 51962)
(54, 40, 6058)
(54, 17, 62931)
(54, 5, 76078)
(54, 25, 14191)
(54, 44, 61559)
(54, 16, 25501)
(54, 47, 28169)
(54, 24, 58829)
(54, 18, 51454)
(54, 2, 24628)
(54, 8, 17885)
(54, 30, 33588)
(54, 26, 39902)
(54, 36, 7693)
(54, 28, 19479)
(54, 43, 3943)
(55, 27, 22835)
(55, 29, 53649)
(55, 52, 51313)
(55, 3, 36798)
(55, 7, 32711)
(55, 21, 6456)
(55, 9, 24247)
(55, 41, 37717)
(55, 25, 39156)
(55, 31, 2397)
(55, 17, 67203)
(55, 50, 39020)
(55, 48, 74960)
(55, 8, 66278)
(55, 42, 52016)
(55, 0, 31795)
(55, 35, 62476)
(55, 47, 50529)
(55, 33, 69397)
(55, 18, 40523)
(55, 2, 55229)
(55, 51, 28287)
(55, 20, 67236)
(55, 44, 6688)
(55, 10, 68358)
(55, 12, 29557)
(55, 16, 53964)
(55, 34, 33324)
(55, 11, 56297)
(55, 19, 1003)
(55, 22, 3364)
(55, 26, 66398)
(55, 15, 24317)
(55, 53, 2922)
(55, 49, 14581)
(55, 36, 19246)
(55, 37, 42909)
(55, 14, 27825)
(55, 40, 32834)
(55, 54, 18303)
(55, 46, 62323)
(55, 13, 26563)
(55, 38, 35140)
(55, 4, 20821)
(55, 39, 19028)
(55, 23, 74624)
(55, 1, 21066)
(55, 5, 17454)
(55, 43, 49787)
(55, 32, 71032)
(55, 45, 23008)
(56, 51, 52439)
(56, 31, 51040)
(56, 25, 40871)
(56, 5, 1489)
(56, 21, 63605)
(56, 10, 17040)
(56, 8, 74)
(56, 9, 64222)
(56, 50, 67720)
(56, 19, 54890)
(56, 39, 13725)
(56, 15, 65088)
(56, 36, 41657)
(56, 2, 21819)
(56, 46, 58426)
(56, 33, 54143)
(56, 12, 47839)
(56, 28, 74273)
(56, 54, 3263)
(56, 35, 31548)
(56, 45, 9044)
(56, 24, 72666)
(56, 38, 37189)
(56, 27, 24981)
(56, 6, 1607)
(56, 16, 69273)
(56, 20, 69420)
(56, 26, 3738)
(56, 17, 75540)
(56, 42, 72980)
(56, 52, 53199)
(56, 49, 26311)
(56, 40, 70107)
(56, 34, 27991)
(56, 48, 1890)
(56, 55, 45062)
(56, 41, 71339)
(56, 3, 34506)
(56, 14, 72065)
(57, 19, 1509)
(57, 46, 59647)
(57, 25, 29406)
(57, 30, 24750)
(57, 37, 46410)
(57, 13, 38871)
(58, 19, 41206)
(58, 7, 40940)
(58, 11, 20967)
(58, 30, 1426)
(58, 43, 23138)
(58, 53, 63258)
(58, 12, 53118)
(58, 56, 42022)
(58, 54, 71240)
(58, 6, 49897)
(58, 40, 16374)
(58, 27, 22296)
(58, 57, 1341)
(58, 26, 29388)
(58, 36, 21055)
(58, 45, 39016)
(58, 38, 24764)
(58, 21, 25202)
(58, 32, 30856)
(58, 9, 23286)
(58, 23, 23368)
(58, 1, 12845)
(58, 51, 57725)
(58, 2, 1614)
(58, 46, 55077)
(58, 17, 69119)
(58, 28, 39538)
(58, 3, 32087)
(59, 6, 67403)
(59, 58, 58933)
(59, 54, 64721)
(59, 30, 59857)
(59, 29, 31453)
(59, 2, 18191)
(59, 37, 36352)
(59, 4, 55010)
(59, 34, 21350)
(59, 5, 32426)
(59, 13, 73138)
(59, 3, 29518)
(59, 39, 47465)
(59, 25, 19085)
(59, 28, 31399)
(59, 52, 75991)
(59, 9, 22122)
(59, 50, 66014)
(59, 27, 29288)
(59, 36, 68122)
(59, 10, 1255)
(59, 38, 24668)
(59, 8, 2185)
(60, 28, 69134)
(60, 53, 19002)
(60, 6, 58552)
(60, 35, 13127)
(60, 16, 60086)
(60, 33, 21881)
(60, 23, 62722)
(60, 48, 35849)
(60, 29, 41156)
(60, 4, 56988)
(60, 51, 70069)
(60, 18, 51057)
(60, 11, 23957)
(60, 47, 11393)
(60, 41, 19860)
(60, 40, 27870)
(60, 26, 41844)
(60, 44, 51671)
(60, 17, 24968)
(60, 25, 75377)
(60, 24, 66005)
(60, 55, 8596)
(60, 22, 20729)
(60, 42, 2503)
(60, 21, 62455)
(60, 54, 32725)
(60, 10, 53191)
(60, 39, 45033)
(60, 12, 61640)
(60, 9, 59372)
(60, 43, 34784)
(60, 13, 72755)
(60, 15, 26167)
(60, 59, 11336)
(60, 1, 39296)
(60, 46, 48798)
(60, 58, 62879)
(60, 2, 54179)
(60, 38, 69947)
(60, 52, 49963)
(60, 3, 23323)
(60, 20, 29048)
(60, 34, 25978)
(60, 8, 3869)
(60, 45, 35001)
(60, 50, 42802)
(60, 0, 38098)
(60, 5, 62707)
(60, 37, 56365)
(60, 36, 22847)
(60, 56, 60067)
(60, 30, 6287)
(60, 14, 236)
(60, 49, 7692)
(60, 27, 64250)
(60, 7, 25626)
(60, 32, 73341)
(60, 19, 15249)
(60, 31, 48180)
(61, 48, 51020)
(61, 2, 52103)
(61, 6, 65040)
(61, 45, 52460)
(61, 52, 60228)
(61, 25, 52071)
(61, 16, 75705)
(61, 26, 59071)
(61, 5, 44389)
(61, 8, 20981)
(61, 30, 62288)
(61, 33, 47596)
(61, 55, 37087)
(61, 43, 561)
(61, 21, 20141)
(61, 4, 26088)
(61, 40, 6669)
(61, 42, 26466)
(61, 18, 74702)
(61, 34, 49456)
(61, 27, 68683)
(61, 50, 17089)
(61, 46, 72727)
(61, 28, 2852)
(61, 54, 38880)
(61, 44, 53044)
(61, 9, 47476)
(61, 10, 76066)
(62, 21, 47773)
(62, 37, 43761)
(62, 7, 46436)
(62, 0, 37662)
(62, 53, 29476)
(62, 1, 65893)
(62, 17, 55626)
(62, 4, 3911)
(62, 41, 17928)
(62, 9, 70079)
(62, 36, 40019)
(62, 10, 59134)
(62, 55, 53362)
(62, 57, 41110)
(62, 14, 21801)
(62, 51, 50714)
(62, 61, 14387)
(62, 29, 36055)
(62, 43, 50256)
(62, 56, 18963)
(62, 52, 50740)
(62, 20, 10737)
(62, 32, 22365)
(62, 30, 35392)
(63, 37, 59728)
(63, 28, 31518)
(63, 23, 35629)
(63, 15, 56651)
(63, 20, 71488)
(63, 5, 60840)
(63, 17, 65119)
(63, 50, 21566)
(63, 53, 4759)
(63, 1, 42092)
(63, 29, 12800)
(63, 25, 63745)
(63, 41, 47331)
(63, 16, 6198)
(63, 22, 57010)
(63, 48, 61733)
(63, 55, 55396)
(63, 9, 61039)
(63, 21, 72847)
(63, 33, 7788)
(63, 57, 57603)
(63, 40, 60455)
(63, 13, 40247)
(63, 38, 59590)
(63, 42, 7390)
(63, 26, 62240)
(63, 8, 28592)
(63, 56, 57354)
(63, 45, 50341)
(63, 11, 27520)
(63, 60, 28498)
(63, 3, 68965)
(63, 44, 1960)
(63, 46, 442)
(63, 4, 5101)
(63, 6, 41004)
(63, 51, 17915)
(63, 10, 24073)
(63, 43, 19932)
(63, 2, 6284)
(63, 24, 63449)
(63, 12, 26830)
(63, 59, 57879)
(63, 7, 58820)
(63, 31, 54773)
(63, 19, 26973)
(63, 58, 37472)
(63, 47, 592)
(63, 62, 66574)
(63, 27, 57808)
(63, 32, 75441)
(63, 35, 6614)
(63, 0, 40851)
(63, 54, 62789)
(63, 52, 20005)
(63, 18, 65535)
(63, 36, 73003)
(63, 61, 38796)
(63, 49, 23516)
(63, 14, 61881)
(64, 36, 40478)
(64, 20, 21845)
(64, 41, 54206)
(64, 23, 37668)
(64, 46, 47934)
(64, 51, 41625)
(64, 62, 67463)
(64, 61, 17918)
(64, 44, 12701)
(64, 11, 33841)
(64, 19, 63642)
(64, 48, 7790)
(64, 25, 66164)
(64, 29, 6990)
(64, 24, 59090)
(64, 6, 30666)
(64, 57, 2753)
(64, 52, 76193)
(64, 42, 20340)
(64, 33, 60169)
(64, 18, 27647)
(65, 64, 20972)
(65, 33, 25140)
(65, 44, 71347)
(65, 60, 12805)
(65, 36, 9515)
(65, 12, 53123)
(65, 26, 67097)
(65, 4, 72135)
(65, 8, 21416)
(65, 5, 47364)
(65, 58, 5546)
(65, 11, 37285)
(65, 54, 63235)
(65, 31, 38778)
(65, 0, 13932)
(65, 55, 37392)
(65, 29, 64269)
(65, 2, 46039)
(65, 10, 71445)
(65, 56, 14826)
(65, 48, 56573)
(65, 15, 46841)
(65, 34, 60579)
(65, 17, 55092)
(65, 49, 58363)
(65, 59, 24129)
(65, 38, 31129)
(65, 57, 17790)
(65, 25, 38117)
(65, 42, 52576)
(65, 14, 14853)
(65, 6, 39357)
(65, 28, 59425)
(65, 63, 10427)
(65, 51, 14037)
(66, 39, 36024)
(66, 23, 9108)
(66, 41, 11664)
(66, 51, 2032)
(66, 22, 13072)
(66, 40, 66598)
(66, 20, 69760)
(66, 7, 51439)
(66, 42, 62714)
(66, 57, 28057)
(66, 34, 51043)
(66, 55, 27359)
(66, 29, 73141)
(66, 48, 23935)
(66, 15, 12586)
(66, 13, 2400)
(66, 43, 55835)
(66, 8, 59424)
(66, 33, 625)
(66, 24, 51089)
(66, 62, 37767)
(66, 4, 41901)
(66, 21, 66687)
(66, 36, 60735)
(66, 9, 49671)
(66, 11, 36620)
(66, 46, 63280)
(66, 25, 57360)
(66, 1, 38079)
(66, 45, 55639)
(66, 3, 59900)
(66, 63, 26298)
(66, 38, 6636)
(66, 52, 64348)
(66, 28, 522)
(66, 16, 25790)
(66, 12, 24709)
(66, 64, 59607)
(66, 5, 56290)
(66, 58, 50717)
(66, 18, 7203)
(66, 19, 38617)
(66, 54, 18689)
(66, 31, 59315)
(66, 37, 10581)
(66, 59, 61609)
(66, 56, 1212)
(66, 2, 24219)
(66, 26, 49439)
(66, 0, 15180)
(66, 47, 61732)
(66, 14, 75216)
(67, 24, 36170)
(67, 55, 53385)
(67, 2, 11343)
(67, 34, 1095)
(67, 35, 16032)
(67, 39, 74838)
(67, 11, 54049)
(67, 0, 65534)
(67, 7, 51419)
(67, 23, 67724)
(67, 56, 29708)
(67, 37, 7288)
(67, 6, 67887)
(67, 27, 47573)
(67, 19, 41504)
(67, 45, 58129)
(67, 1, 48096)
(67, 16, 65644)
(67, 22, 6002)
(67, 20, 35414)
(67, 41, 70061)
(67, 14, 6220)
(67, 26, 17170)
(67, 4, 28805)
(67, 28, 37212)
(67, 17, 4338)
(67, 18, 5544)
(67, 38, 73136)
(67, 3, 28366)
(67, 65, 27143)
(67, 10, 55207)
(67, 32, 36707)
(67, 58, 40823)
(67, 42, 49350)
(67, 8, 61535)
(67, 62, 75598)
(67, 66, 367)
(67, 12, 33577)
(67, 64, 23307)
(67, 57, 63774)
(67, 5, 50661)
(67, 13, 54789)
(67, 50, 28692)
(67, 46, 74536)
(67, 60, 10321)
(67, 33, 36572)
(67, 29, 14666)
(67, 21, 55435)
(67, 31, 65022)
(67, 53, 18069)
(67, 9, 75682)
(67, 36, 74733)
(67, 30, 54410)
(67, 44, 31964)
(67, 48, 64152)
(67, 52, 22408)
(68, 32, 14631)
(68, 51, 47663)
(68, 58, 61417)
(68, 9, 6184)
(68, 4, 70784)
(68, 40, 6579)
(68, 52, 5749)
(68, 5, 19642)
(68, 42, 42526)
(69, 5, 66104)
(69, 9, 44762)
(69, 62, 1950)
(69, 39, 51729)
(69, 43, 76025)
(69, 54, 1721)
(69, 0, 56363)
(69, 49, 56108)
(69, 8, 16812)
(69, 64, 70833)
(69, 32, 26666)
(69, 37, 68917)
(69, 53, 26838)
(69, 16, 31327)
(69, 60, 47179)
(69, 3, 29379)
(69, 26, 71562)
(69, 36, 39061)
(69, 7, 30601)
(69, 61, 57528)
(69, 28, 42358)
(69, 17, 40845)
(69, 44, 5564)
(69, 65, 76378)
(69, 58, 32578)
(69, 31, 54404)
(69, 19, 48589)
(69, 41, 14061)
(69, 40, 65964)
(70, 14, 49952)
(70, 63, 70084)
(70, 39, 34440)
(70, 49, 66641)
(70, 58, 57033)
(70, 1, 76250)
(70, 27, 54082)
(70, 3, 54427)
(70, 37, 27997)
(70, 42, 67223)
(70, 16, 32046)
(70, 69, 7852)
(70, 19, 60251)
(70, 66, 50762)
(71, 53, 20364)
(71, 55, 33017)
(71, 13, 22926)
(71, 47, 70466)
(71, 68, 65195)
(71, 9, 30824)
(71, 5, 18408)
(71, 31, 48776)
(71, 36, 29658)
(71, 65, 3546)
(71, 42, 70365)
(71, 4, 53758)
(71, 25, 65550)
(71, 67, 57980)
(71, 44, 39650)
(71, 61, 27859)
(71, 51, 67901)
(71, 2, 19357)
(71, 41, 37661)
(71, 17, 56886)
(71, 60, 3066)
(71, 69, 16040)
(71, 45, 44917)
(71, 29, 64186)
(71, 6, 71123)
(71, 70, 12826)
(71, 66, 74004)
(71, 3, 73548)
(71, 11, 55124)
(71, 12, 21382)
(71, 14, 31018)
(71, 54, 20590)
(71, 57, 47330)
(71, 52, 15508)
(71, 15, 32942)
(71, 19, 483)
(71, 56, 26092)
(71, 64, 6467)
(71, 62, 5699)
(71, 7, 8794)
(71, 48, 55755)
(71, 22, 37491)
(71, 34, 36031)
(71, 43, 47081)
(71, 8, 55257)
(71, 32, 66610)
(71, 28, 71179)
(71, 1, 62245)
(71, 50, 40684)
(71, 37, 24920)
(71, 59, 2829)
(71, 38, 1019)
(71, 26, 68457)
(71, 58, 59843)
(71, 27, 50536)
(72, 29, 65107)
(72, 8, 40816)
(72, 45, 10037)
(72, 35, 60199)
(72, 40, 30030)
(72, 43, 9143)
(72, 41, 47630)
(72, 5, 1780)
(72, 31, 61520)
(72, 57, 844)
(72, 36, 35979)
(72, 70, 61043)
(72, 47, 17777)
(72, 69, 25258)
(72, 61, 18561)
(72, 39, 336)
(72, 30, 29756)
(72, 58, 49688)
(72, 25, 37158)
(72, 65, 24768)
(72, 44, 14699)
(72, 48, 6048)
(72, 20, 65075)
(72, 4, 30255)
(72, 16, 20142)
(72, 14, 47896)
(72, 12, 33158)
(72, 13, 47557)
(72, 28, 40430)
(72, 0, 31610)
(72, 26, 67409)
(72, 68, 58219)
(72, 27, 17555)
(72, 19, 71308)
(72, 62, 28441)
(72, 55, 11179)
(72, 51, 35015)
(72, 11, 39261)
(72, 34, 45745)
(72, 3, 40029)
(72, 24, 25263)
(72, 60, 25775)
(72, 15, 69471)
(72, 6, 61924)
(72, 10, 75032)
(72, 22, 39655)
(72, 17, 28165)
(72, 59, 35357)
(72, 63, 55823)
(72, 2, 36054)
(72, 53, 18085)
(72, 7, 9371)
(72, 49, 55241)
(72, 71, 70629)
(72, 67, 6534)
(72, 52, 36644)
(72, 23, 14272)
(72, 56, 39414)
(73, 62, 72396)
(73, 58, 40080)
(73, 37, 58483)
(73, 47, 73697)
(73, 42, 25873)
(73, 55, 32604)
(73, 33, 17250)
(73, 8, 24429)
(73, 54, 35583)
(73, 45, 68993)
(73, 59, 55595)
(73, 32, 71069)
(73, 72, 3081)
(73, 39, 2210)
(73, 13, 15780)
(73, 41, 54980)
(73, 67, 4912)
(73, 53, 5273)
(73, 15, 73550)
(73, 3, 10838)
(73, 0, 44089)
(73, 14, 67707)
(73, 69, 23275)
(73, 36, 34326)
(73, 61, 12959)
(73, 9, 57359)
(73, 17, 22388)
(73, 52, 68556)
(73, 68, 9874)
(73, 10, 56639)
(73, 19, 20656)
(73, 56, 57971)
(73, 24, 71675)
(73, 7, 29743)
(73, 21, 38323)
(73, 51, 18553)
(73, 12, 64638)
(73, 43, 25418)
(73, 16, 75499)
(73, 40, 17630)
(73, 25, 67737)
(73, 34, 61775)
(73, 2, 67783)
(73, 27, 2853)
(73, 5, 1053)
(73, 1, 59474)
(73, 50, 12157)
(73, 23, 4256)
(73, 46, 38191)
(73, 64, 75950)
(73, 6, 19062)
(73, 70, 51354)
(73, 44, 43438)
(73, 38, 48425)
(73, 71, 62236)
(73, 65, 25391)
(73, 4, 52468)
(73, 57, 57609)
(73, 31, 9818)
(73, 28, 32284)
(73, 18, 50388)
(73, 49, 44004)
(73, 35, 12481)
(73, 48, 49234)
(73, 66, 42431)
(73, 26, 37132)
(73, 63, 41274)
(73, 60, 916)
(73, 20, 41132)
(74, 53, 48268)
(74, 52, 60125)
(74, 72, 9954)
(74, 15, 45239)
(74, 17, 36624)
(74, 40, 75902)
(74, 25, 10664)
(74, 20, 20285)
(74, 41, 52395)
(74, 59, 26369)
(74, 43, 57289)
(74, 14, 14050)
(74, 3, 20998)
(74, 28, 39169)
(74, 73, 39692)
(74, 63, 54838)
(74, 7, 46479)
(74, 37, 12698)
(74, 13, 4591)
(75, 41, 6018)
(75, 5, 41716)
(75, 57, 66223)
(75, 7, 20947)
(75, 34, 68796)
(75, 74, 38756)
(75, 33, 20088)
(75, 42, 43305)
(75, 49, 57467)
(75, 20, 13710)
(75, 54, 20675)
(75, 0, 52257)
(75, 27, 4416)
(75, 62, 73205)
(75, 25, 15288)
(75, 58, 10269)
(75, 50, 66082)
(75, 10, 32726)
(75, 69, 23649)
(75, 40, 47300)
(75, 31, 29915)
(75, 19, 4944)
(75, 16, 39038)
(75, 6, 21390)
(75, 35, 6773)
(75, 43, 585)
(75, 23, 73793)
(75, 73, 2433)
(75, 38, 47905)
(75, 36, 53593)
(75, 12, 66414)
(75, 67, 13115)
(75, 48, 56962)
(75, 64, 26168)
(75, 52, 50354)
(75, 26, 9703)
(75, 72, 48201)
(75, 70, 51695)
(75, 28, 19589)
(75, 11, 16433)
(75, 3, 11698)
(75, 44, 48127)
(75, 1, 30032)
(75, 15, 29123)
(75, 9, 33077)
(75, 30, 72532)
(75, 14, 8842)
(75, 8, 76365)
(75, 55, 46817)
(75, 68, 20317)
(76, 40, 36627)
(76, 5, 35308)
(76, 18, 51222)
(76, 37, 75932)
(76, 6, 67517)
(76, 66, 58286)
(76, 8, 56362)
(76, 75, 30339)
(76, 9, 38225)
(76, 29, 18876)
(76, 72, 4318)
(76, 63, 69885)
(76, 67, 22586)
(76, 73, 10049)
(76, 7, 33880)
(76, 23, 28070)
(76, 44, 42102)
(76, 41, 23039)
(77, 63, 48236)
(77, 52, 58601)
(77, 66, 32831)
(77, 56, 59241)
(77, 24, 1423)
(77, 70, 35445)
(77, 45, 36231)
(77, 10, 63134)
(77, 42, 52202)
(77, 6, 55986)
(77, 74, 54165)
(77, 40, 75472)
(77, 15, 68137)
(77, 54, 64335)
(77, 67, 27723)
(77, 33, 44311)
(77, 4, 30790)
(77, 37, 28308)
(77, 21, 43480)
(78, 12, 11430)
(78, 77, 31856)
(78, 70, 46261)
(78, 56, 11097)
(78, 41, 75537)
(78, 72, 13467)
(78, 44, 72691)
(78, 62, 26605)
(78, 30, 18380)
(78, 6, 63684)
(78, 3, 48108)
(78, 66, 65927)
(78, 32, 54233)
(78, 24, 47127)
(78, 69, 14130)
(78, 50, 55723)
(78, 2, 41783)
(78, 43, 1200)
(78, 9, 38132)
(78, 8, 27808)
(78, 54, 37218)
(78, 39, 62297)
(78, 27, 68550)
(78, 37, 44339)
(78, 22, 26884)
(78, 63, 21001)
(78, 49, 46748)
(78, 65, 2978)
(78, 60, 21265)
(78, 23, 11498)
(78, 21, 36042)
(78, 42, 1904)
(78, 57, 34926)
(78, 34, 57739)
(78, 16, 43834)
(78, 1, 39470)
(78, 40, 4735)
(78, 5, 47379)
(78, 68, 22792)
(78, 52, 9606)
(78, 20, 8770)
(78, 51, 52694)
(78, 19, 72216)
(78, 28, 48827)
(78, 48, 71342)
(78, 33, 1615)
(78, 10, 68479)
(78, 55, 49130)
(78, 4, 40214)
(78, 36, 32859)
(78, 29, 8205)
(78, 18, 16421)
(78, 71, 53334)
(78, 35, 59952)
(78, 14, 21680)
(78, 0, 15177)
(78, 7, 22822)
(78, 75, 26111)
(78, 11, 8425)
(78, 17, 33682)
(78, 59, 21126)
(78, 58, 23412)
(78, 25, 66096)
(78, 45, 10868)
(78, 26, 49086)
(78, 61, 23193)
(78, 67, 21317)
(78, 13, 19849)
(78, 31, 56395)
(78, 47, 2044)
(78, 76, 16498)
(78, 15, 71224)
(78, 38, 42649)
(78, 46, 31389)
(79, 53, 9365)
(79, 28, 16298)
(80, 38, 59999)
(80, 19, 24453)
(80, 13, 23244)
(80, 32, 4573)
(80, 61, 19296)
(80, 57, 25250)
(80, 58, 60429)
(80, 45, 38889)
(80, 68, 31439)
(80, 29, 60244)
(80, 73, 54016)
(81, 8, 50332)
(81, 23, 69803)
(81, 27, 56348)
(81, 54, 45699)
(81, 6, 64449)
(81, 42, 26694)
(81, 75, 10916)
(81, 25, 47816)
(81, 7, 50781)
(81, 70, 22196)
(81, 11, 22007)
(81, 60, 24115)
(81, 5, 29102)
(81, 63, 52215)
(81, 76, 41975)
(81, 59, 31888)
(81, 64, 15733)
(81, 12, 67221)
(81, 1, 33970)
(81, 39, 16500)
(81, 51, 24070)
(81, 28, 59764)
(81, 31, 32810)
(81, 45, 9140)
(81, 16, 55549)
(81, 68, 55788)
(81, 49, 2916)
(81, 72, 71103)
(81, 66, 67663)
(81, 38, 36752)
(81, 9, 9733)
(81, 17, 7745)
(81, 18, 18510)
(81, 55, 34787)
(81, 58, 18945)
(81, 22, 27729)
(81, 50, 23999)
(81, 74, 9640)
(81, 41, 6306)
(81, 34, 35935)
(81, 80, 31575)
(81, 69, 25040)
(81, 48, 62203)
(81, 4, 7220)
(81, 37, 43971)
(82, 59, 49069)
(82, 34, 51093)
(82, 52, 76188)
(82, 81, 177)
(82, 27, 20460)
(82, 32, 11156)
(82, 5, 10799)
(82, 44, 24838)
(82, 62, 30341)
(82, 9, 31686)
(82, 18, 72077)
(82, 17, 15460)
(82, 12, 54881)
(82, 16, 20505)
(82, 61, 53137)
(82, 10, 73789)
(82, 30, 21798)
(82, 3, 3264)
(82, 77, 58626)
(82, 51, 35549)
(82, 6, 42419)
(82, 47, 41944)
(82, 76, 63346)
(82, 26, 34116)
(82, 67, 12147)
(82, 46, 31060)
(82, 13, 5087)
(82, 19, 35805)
(82, 35, 36007)
(82, 64, 32068)
(82, 72, 44195)
(82, 43, 28191)
(82, 54, 62877)
(83, 47, 45219)
(83, 10, 364)
(83, 44, 9410)
(83, 7, 65976)
(83, 45, 48077)
(83, 23, 5094)
(83, 48, 53414)
(83, 13, 71978)
(83, 81, 32276)
(83, 31, 20858)
(83, 50, 25156)
(83, 67, 51271)
(83, 78, 14407)
(83, 62, 48913)
(83, 19, 74258)
(83, 28, 68505)
(83, 1, 74164)
(83, 36, 41182)
(83, 14, 2506)
(84, 38, 71933)
(84, 74, 42229)
(84, 9, 47555)
(84, 12, 10004)
(84, 14, 66839)
(84, 60, 29366)
(84, 77, 12151)
(84, 52, 71809)
(84, 79, 43496)
(84, 67, 46555)
(84, 63, 73388)
(84, 26, 27126)
(84, 29, 66285)
(84, 69, 60248)
(84, 75, 36305)
(84, 83, 5754)
(84, 0, 57554)
(84, 33, 74979)
(84, 28, 69288)
(84, 23, 10449)
(84, 20, 19467)
(84, 8, 17828)
(84, 54, 47544)
(84, 62, 71621)
(84, 43, 47093)
(84, 72, 17570)
(84, 36, 12920)
(84, 4, 73855)
(84, 11, 61502)
(84, 13, 68332)
(84, 44, 5329)
(84, 16, 47862)
(84, 80, 14419)
(84, 78, 45761)
(84, 15, 47477)
(84, 66, 21779)
(84, 48, 39614)
(84, 34, 49633)
(84, 71, 21286)
(84, 40, 6393)
(84, 81, 42658)
(84, 37, 70007)
(84, 19, 28976)
(84, 55, 49660)
(84, 59, 1775)
(84, 27, 39237)
(84, 3, 37708)
(84, 6, 7535)
(84, 5, 51519)
(84, 17, 33215)
(84, 68, 32596)
(84, 22, 2837)
(84, 70, 14967)
(84, 49, 49)
(84, 73, 44350)
(84, 10, 70902)
(84, 42, 44586)
(84, 41, 73640)
(84, 2, 45047)
(84, 31, 22373)
(84, 47, 36891)
(84, 57, 22482)
(84, 46, 18925)
(84, 32, 30589)
(84, 50, 46300)
(84, 45, 49432)
(84, 25, 29872)
(84, 21, 50128)
(84, 58, 70664)
(84, 30, 32420)
(84, 24, 70194)
(84, 53, 49741)
(84, 51, 29059)
(84, 39, 44878)
(84, 7, 27503)
(85, 69, 49675)
(85, 32, 73275)
(85, 10, 37985)
(85, 80, 21901)
(85, 46, 7644)
(85, 55, 32959)
(85, 9, 12508)
(85, 11, 68913)
(85, 81, 53807)
(85, 0, 55173)
(85, 35, 28524)
(85, 49, 13471)
(85, 22, 49869)
(85, 70, 17821)
(85, 60, 39210)
(85, 16, 17850)
(85, 57, 28488)
(85, 36, 68884)
(85, 67, 32153)
(85, 39, 46106)
(85, 23, 18994)
(85, 17, 64836)
(85, 74, 40043)
(85, 76, 56560)
(85, 20, 38566)
(85, 79, 51361)
(85, 18, 28553)
(85, 41, 26910)
(85, 28, 75848)
(85, 27, 33218)
(85, 83, 40804)
(85, 72, 50003)
(85, 65, 31905)
(85, 29, 35041)
(85, 48, 7658)
(85, 59, 36281)
(85, 31, 40835)
(85, 13, 34497)
(85, 84, 70563)
(85, 50, 37740)
(85, 24, 23952)
(85, 53, 63364)
(85, 44, 7914)
(85, 56, 14936)
(85, 1, 53410)
(85, 25, 15339)
(85, 66, 42409)
(85, 38, 6412)
(85, 14, 57066)
(85, 68, 5589)
(85, 77, 76063)
(85, 47, 57605)
(85, 19, 49133)
(85, 3, 56006)
(85, 30, 67286)
(85, 58, 47231)
(85, 75, 67959)
(85, 61, 24509)
(85, 43, 68396)
(85, 82, 52999)
(85, 40, 74751)
(85, 8, 57261)
(85, 15, 10262)
(85, 7, 7135)
(85, 42, 73258)
(85, 21, 20342)
(85, 4, 64048)
(85, 52, 14542)
(85, 62, 34848)
(86, 78, 45397)
(86, 75, 41195)
(86, 48, 14011)
(86, 80, 13085)
(86, 74, 25549)
(86, 65, 7869)
(86, 61, 10452)
(86, 60, 12893)
(86, 3, 41089)
(86, 70, 8639)
(86, 32, 34280)
(86, 16, 61282)
(87, 4, 44954)
(87, 41, 18029)
(87, 39, 31682)
(87, 20, 24483)
(87, 58, 12723)
(87, 81, 49353)
(87, 5, 945)
(87, 73, 49493)
(87, 12, 70832)
(87, 52, 10240)
(87, 37, 34191)
(87, 66, 66522)
(87, 10, 14754)
(87, 65, 34064)
(87, 60, 54349)
(87, 55, 37032)
(87, 76, 43348)
(87, 3, 65835)
(87, 14, 38975)
(87, 35, 34147)
(87, 69, 53226)
(87, 33, 49782)
(87, 30, 64558)
(87, 6, 39793)
(87, 54, 59144)
(87, 67, 38552)
(87, 16, 46925)
(87, 86, 48111)
(87, 62, 33199)
(87, 19, 26260)
(87, 63, 40856)
(87, 2, 9588)
(87, 72, 15090)
(87, 45, 56766)
(87, 44, 13217)
(87, 61, 4920)
(87, 53, 63093)
(87, 26, 63795)
(87, 24, 33756)
(87, 9, 50652)
(87, 59, 30050)
(87, 29, 50286)
(87, 42, 32796)
(87, 77, 41640)
(87, 43, 51451)
(87, 8, 61049)
(87, 15, 37892)
(87, 38, 54417)
(87, 82, 18449)
(87, 28, 570)
(87, 68, 1346)
(87, 84, 44088)
(87, 79, 26620)
(87, 18, 20130)
(87, 7, 59912)
(87, 0, 66812)
(87, 21, 20327)
(87, 25, 62376)
(87, 1, 74003)
(87, 34, 69791)
(87, 27, 70173)
(87, 36, 25980)
(87, 74, 53599)
(87, 64, 61069)
(87, 23, 18017)
(87, 13, 2470)
(87, 85, 40399)
(87, 80, 34873)
(87, 31, 19577)
(87, 56, 24408)
(87, 71, 57816)
(87, 49, 43803)
(87, 17, 44490)
(87, 46, 26931)
(87, 83, 72991)
(87, 78, 53496)
(87, 40, 23733)
(87, 75, 53150)
(87, 32, 16731)
(87, 50, 72405)
(87, 57, 68419)
(87, 11, 44044)
(88, 50, 51551)
(88, 24, 72694)
(88, 4, 51416)
(88, 17, 64163)
(88, 26, 24502)
(88, 76, 14996)
(88, 30, 72424)
(88, 43, 45482)
(88, 58, 24136)
(88, 7, 35844)
(88, 80, 31588)
(88, 25, 23072)
(88, 60, 34652)
(88, 54, 50928)
(88, 44, 16128)
(88, 66, 54469)
(88, 63, 23253)
(88, 39, 49949)
(88, 61, 31106)
(88, 15, 58620)
(88, 64, 17326)
(88, 6, 40354)
(88, 59, 51913)
(88, 52, 12476)
(88, 65, 76069)
(88, 62, 32342)
(88, 5, 63487)
(88, 19, 59345)
(88, 36, 60131)
(88, 16, 55964)
(88, 27, 9492)
(88, 0, 54940)
(88, 9, 30017)
(88, 53, 20432)
(88, 79, 31601)
(88, 70, 43004)
(88, 69, 34803)
(88, 87, 4525)
(88, 28, 33473)
(88, 47, 12107)
(88, 67, 74313)
(88, 81, 20997)
(88, 72, 55221)
(88, 73, 41247)
(88, 78, 16326)
(88, 45, 11985)
(88, 56, 11609)
(88, 21, 34211)
(88, 84, 16014)
(88, 82, 47577)
(88, 11, 32336)
(88, 32, 8644)
(88, 75, 12814)
(88, 18, 29146)
(88, 20, 35359)
(88, 3, 68631)
(88, 14, 67437)
(88, 86, 73073)
(88, 71, 61258)
(88, 85, 30924)
(88, 29, 46710)
(88, 38, 52669)
(88, 68, 4675)
(88, 46, 24743)
(88, 33, 31006)
(88, 8, 49971)
(88, 77, 61807)
(88, 48, 43001)
(88, 55, 11886)
(88, 10, 52032)
(88, 34, 34004)
(88, 40, 54425)
(88, 22, 27970)
(88, 12, 60717)
(88, 74, 8433)
(88, 57, 14152)
(89, 71, 57180)
(89, 23, 44997)
(89, 7, 22983)
(89, 45, 13174)
(89, 43, 22877)
(89, 55, 41342)
(89, 11, 43993)
(89, 12, 37389)
(89, 46, 13177)
(89, 42, 34199)
(89, 25, 72416)
(89, 40, 54645)
(89, 5, 5854)
(89, 54, 29645)
(89, 88, 9982)
(89, 68, 56769)
(89, 85, 16258)
(89, 37, 20335)
(89, 53, 44293)
(89, 20, 29185)
(89, 74, 19622)
(89, 48, 36971)
(89, 63, 48866)
(89, 51, 70552)
(89, 67, 51179)
(89, 15, 18547)
(89, 35, 60538)
(89, 16, 55235)
(89, 17, 16291)
(89, 61, 69440)
(89, 76, 7006)
(89, 59, 29417)
(89, 87, 65821)
(89, 66, 40340)
(89, 6, 32988)
(89, 14, 35317)
(89, 3, 26027)
(89, 39, 58434)
(89, 32, 24450)
(89, 57, 13904)
(89, 4, 11161)
(89, 1, 37068)
(89, 56, 33223)
(89, 62, 62690)
(89, 38, 71571)
(89, 86, 65111)
(89, 60, 13759)
(89, 64, 76261)
(89, 31, 29387)
(89, 83, 55386)
(89, 82, 37857)
(89, 84, 42647)
(89, 19, 44945)
(89, 58, 46918)
(89, 81, 44142)
(89, 18, 2333)
(89, 30, 58272)
(89, 49, 74378)
(89, 27, 42501)
(89, 44, 60646)
(89, 80, 59916)
(89, 47, 56943)
(89, 9, 19832)
(89, 34, 67795)
(89, 21, 47327)
(89, 28, 20023)
(89, 70, 59582)
(89, 41, 24049)
(89, 36, 64856)
(89, 33, 30065)
(89, 72, 16719)
(89, 0, 62745)
(89, 73, 43894)
(89, 26, 10704)
(89, 8, 69290)
(89, 77, 13136)
(89, 2, 8632)
(89, 52, 53794)
(89, 13, 19157)
(89, 65, 64418)
(89, 79, 43409)
(89, 75, 16889)
(89, 78, 28718)
(89, 69, 40266)
(89, 29, 40401)
(90, 33, 61154)
(90, 26, 73416)
(90, 34, 66901)
(90, 38, 7642)
(90, 55, 67353)
(90, 10, 22981)
(90, 39, 35472)
(90, 18, 70479)
(90, 75, 59418)
(90, 51, 39732)
(90, 79, 16951)
(90, 73, 15424)
(90, 62, 28522)
(90, 44, 35434)
(90, 37, 12483)
(90, 78, 74752)
(90, 80, 32514)
(90, 53, 73232)
(90, 70, 39754)
(90, 68, 2877)
(90, 54, 66855)
(90, 22, 25959)
(90, 0, 20206)
(90, 46, 62468)
(90, 31, 6227)
(90, 23, 46470)
(90, 45, 12128)
(90, 65, 56598)
(90, 77, 45340)
(90, 47, 30802)
(90, 9, 67498)
(90, 8, 1168)
(90, 20, 43057)
(90, 48, 57559)
(90, 57, 33033)
(90, 76, 31449)
(90, 40, 31055)
(90, 17, 75152)
(90, 4, 48251)
(90, 32, 73375)
(91, 17, 55061)
(91, 63, 37880)
(91, 51, 8765)
(91, 21, 71991)
(91, 31, 30650)
(91, 57, 43540)
(91, 38, 62226)
(91, 3, 64239)
(91, 36, 68038)
(91, 87, 68262)
(91, 39, 37851)
(91, 54, 4688)
(91, 46, 52190)
(91, 80, 35596)
(91, 42, 62066)
(91, 41, 35755)
(91, 68, 72302)
(91, 7, 38439)
(91, 11, 50043)
(91, 44, 40461)
(91, 90, 50997)
(91, 89, 14938)
(91, 58, 45666)
(91, 30, 11518)
(91, 79, 15933)
(91, 28, 53382)
(91, 50, 29854)
(91, 24, 55794)
(91, 13, 18412)
(91, 60, 56249)
(91, 25, 64987)
(91, 19, 1543)
(91, 64, 68480)
(91, 88, 28466)
(91, 12, 69834)
(91, 26, 72101)
(91, 47, 56802)
(91, 52, 24262)
(91, 2, 16656)
(91, 1, 34619)
(91, 43, 15495)
(91, 69, 65353)
(92, 57, 19140)
(92, 41, 1559)
(92, 45, 68485)
(92, 9, 11279)
(92, 69, 26003)
(93, 80, 53009)
(94, 84, 14498)
(94, 87, 32770)
(94, 56, 1197)
(94, 63, 51188)
(94, 8, 1833)
(94, 23, 63253)
(94, 25, 10647)
(94, 7, 50093)
(94, 77, 66744)
(94, 37, 12954)
(94, 34, 29638)
(94, 31, 48722)
(94, 58, 11298)
(94, 90, 70030)
(94, 11, 43983)
(94, 38, 21375)
(94, 57, 13692)
(94, 86, 42692)
(94, 81, 47027)
(94, 93, 67802)
(94, 42, 20094)
(94, 78, 3669)
(94, 69, 5189)
(94, 12, 26794)
(94, 10, 41340)
(94, 35, 35000)
(94, 14, 57410)
(94, 27, 533)
(94, 16, 10606)
(94, 0, 45234)
(94, 70, 62401)
(94, 51, 6294)
(94, 74, 3484)
(94, 60, 8923)
(94, 59, 356)
(94, 50, 1198)
(94, 26, 44624)
(94, 44, 70288)
(94, 76, 57374)
(94, 20, 21573)
(94, 36, 60875)
(94, 3, 13714)
(94, 2, 5681)
(94, 80, 20683)
(94, 67, 64527)
(94, 71, 56098)
(94, 52, 31763)
(94, 17, 54779)
(94, 18, 7586)
(94, 48, 36480)
(94, 75, 13268)
(94, 4, 69423)
(94, 68, 33492)
(94, 5, 32502)
(94, 55, 18930)
(94, 28, 49752)
(94, 49, 51907)
(94, 40, 13097)
(94, 41, 12090)
(94, 83, 72568)
(94, 29, 70891)
(94, 9, 68637)
(94, 92, 53169)
(94, 45, 23252)
(94, 72, 71332)
(94, 13, 16564)
(94, 91, 41710)
(94, 33, 1617)
(94, 88, 5484)
(94, 39, 15810)
(94, 24, 69170)
(94, 79, 62601)
(94, 32, 58083)
(94, 30, 26255)
(94, 19, 62204)
(94, 21, 60793)
(94, 61, 20886)
(94, 43, 51327)
(94, 66, 40045)
(94, 22, 51694)
(94, 6, 52443)
(94, 1, 7857)
(94, 65, 3712)
(94, 64, 48267)
(94, 54, 10471)
(94, 47, 64760)
(94, 62, 62841)
(94, 82, 18199)
(95, 81, 35408)
(95, 5, 47619)
(95, 63, 39916)
(95, 16, 20966)
(95, 30, 15255)
(95, 20, 36612)
(95, 28, 46464)
(95, 71, 8700)
(95, 94, 74580)
(95, 47, 68619)
(95, 76, 13265)
(95, 10, 71770)
(95, 12, 50505)
(95, 8, 61518)
(95, 69, 54084)
(95, 67, 22306)
(95, 66, 3398)
(95, 4, 31886)
(95, 68, 62992)
(95, 65, 49067)
(95, 35, 75718)
(95, 46, 30098)
(95, 84, 60619)
(95, 43, 12626)
(95, 0, 37496)
(95, 48, 52744)
(96, 35, 16804)
(96, 70, 7480)
(96, 58, 52479)
(96, 89, 29975)
(96, 7, 76264)
(96, 56, 44631)
(96, 23, 67939)
(96, 21, 59370)
(96, 43, 23518)
(96, 76, 62994)
(97, 6, 62084)
(97, 64, 6624)
(97, 17, 36660)
(97, 30, 42015)
(97, 74, 23803)
(97, 94, 24096)
(97, 88, 22908)
(97, 77, 5585)
(97, 11, 75808)
(97, 26, 6809)
(97, 41, 66889)
(97, 69, 65397)
(97, 63, 60622)
(97, 71, 15083)
(97, 96, 27213)
(97, 83, 15226)
(97, 4, 13337)
(97, 34, 53439)
(97, 46, 52742)
(97, 89, 48920)
(97, 51, 7997)
(97, 61, 30838)
(97, 18, 13644)
(97, 12, 36667)
(97, 22, 28137)
(97, 5, 50898)
(97, 57, 47649)
(97, 73, 12541)
(97, 21, 66318)
(97, 68, 31479)
(97, 54, 48686)
(97, 14, 14633)
(97, 37, 50050)
(97, 38, 59442)
(97, 79, 58196)
(97, 87, 7579)
(97, 42, 26071)
(97, 45, 16409)
(97, 53, 738)
(97, 2, 44492)
(97, 3, 47472)
(97, 25, 15080)
(97, 65, 58683)
(97, 35, 16960)
(97, 39, 24839)
(97, 86, 73142)
(97, 66, 10247)
(97, 76, 72811)
(97, 80, 58150)
(98, 64, 19878)
(98, 7, 23930)
(98, 55, 50638)
(98, 66, 67508)
(98, 74, 65670)
(98, 68, 44341)
(98, 53, 11503)
(98, 41, 28702)
(98, 51, 53017)
(98, 39, 38533)
(98, 73, 13252)
(98, 5, 2151)
(98, 93, 103)
(98, 19, 70313)
(98, 59, 9498)
(98, 82, 22893)
(98, 14, 6912)
(98, 0, 27076)
(98, 18, 27538)
(98, 17, 44718)
(98, 56, 72982)
(98, 96, 69482)
(98, 4, 46584)
(98, 42, 62680)
(98, 54, 40803)
(98, 35, 73537)
(98, 75, 44273)
(98, 88, 12895)
(99, 95, 14882)
(99, 25, 3403)
(99, 47, 41819)
(99, 79, 35656)
(99, 45, 38046)
(99, 97, 48788)
(99, 40, 4862)
(99, 77, 46395)
(99, 9, 34679)
(99, 62, 50615)
(99, 17, 49262)
(99, 89, 33556)
(99, 41, 22941)
(99, 90, 29370)
(99, 74, 5001)
(100, 82, 22925)
(100, 99, 24958)
(100, 65, 11756)
(100, 10, 74471)
(100, 57, 42040)
(100, 35, 54760)
(100, 79, 65538)
(100, 81, 43743)
(100, 80, 15745)
(100, 93, 48619)
(100, 63, 39166)
(101, 32, 64185)
(101, 95, 72463)
(101, 74, 36221)
(101, 29, 41602)
(101, 22, 13037)
(101, 87, 73578)
(101, 51, 1871)
(101, 73, 57521)
(101, 59, 31407)
(101, 20, 129)
(101, 21, 46888)
(101, 46, 57991)
(101, 85, 35137)
(101, 68, 41718)
(101, 56, 39809)
(101, 94, 67610)
(101, 12, 48338)
(101, 38, 38609)
(101, 24, 20270)
(101, 18, 46674)
(101, 40, 9296)
(101, 30, 41131)
(101, 60, 37181)
(101, 77, 5994)
(101, 98, 63789)
(101, 25, 37136)
(101, 50, 17787)
(101, 37, 16125)
(101, 31, 5097)
(101, 64, 16950)
(101, 49, 22540)
(101, 2, 69945)
(101, 69, 52481)
(101, 70, 65772)
(101, 0, 52746)
(101, 39, 40557)
(101, 58, 67339)
(101, 14, 9129)
(101, 81, 15985)
(101, 26, 32453)
(101, 83, 49232)
(101, 75, 16922)
(101, 28, 31289)
(101, 67, 10997)
(101, 93, 24394)
(101, 88, 44058)
(101, 82, 35798)
(101, 16, 15345)
(101, 4, 10557)
(101, 23, 9295)
(101, 35, 44373)
(101, 90, 17971)
(101, 5, 21358)
(101, 15, 54899)
(102, 47, 52980)
(102, 73, 56531)
(102, 91, 16566)
(102, 93, 19461)
(102, 24, 29852)
(102, 88, 24454)
(102, 68, 70808)
(102, 38, 29367)
(102, 28, 52066)
(102, 46, 1506)
(102, 14, 40796)
(102, 50, 18721)
(102, 37, 37204)
(102, 35, 70642)
(102, 90, 32220)
(102, 3, 18150)
(103, 46, 38643)
(103, 77, 24959)
(103, 22, 22905)
(103, 45, 57644)
(103, 33, 17642)
(103, 40, 6512)
(103, 2, 19565)
(103, 98, 44310)
(103, 59, 35963)
(103, 47, 8104)
(103, 84, 32092)
(103, 56, 23100)
(103, 15, 2404)
(103, 3, 571)
(103, 31, 47325)
(103, 53, 22587)
(103, 39, 31547)
(103, 71, 4500)
(103, 81, 14480)
(103, 99, 29144)
(103, 27, 36389)
(103, 1, 30082)
(103, 32, 33820)
(103, 49, 72831)
(103, 93, 8849)
(103, 69, 44821)
(103, 88, 60692)
(103, 4, 43570)
(103, 82, 50)
(103, 10, 47219)
(103, 68, 14804)
(103, 36, 36735)
(103, 38, 75116)
(103, 7, 48975)
(103, 17, 51331)
(103, 66, 40069)
(103, 76, 3690)
(103, 80, 54221)
(103, 92, 27581)
(103, 91, 71697)
(104, 14, 66984)
(104, 2, 29770)
(104, 59, 13057)
(104, 76, 33980)
(104, 40, 35969)
(104, 23, 56057)
(104, 85, 45760)
(104, 57, 49324)
(104, 45, 21052)
(104, 38, 62379)
(104, 20, 4364)
(104, 18, 69314)
(104, 69, 16535)
(104, 66, 75465)
(104, 88, 47885)
(104, 16, 5052)
(104, 27, 56147)
(104, 28, 26139)
(104, 70, 57534)
(104, 6, 43052)
(104, 19, 29805)
(104, 101, 20369)
(104, 36, 749)
(104, 75, 23136)
(104, 91, 31817)
(104, 53, 49891)
(104, 49, 66174)
(104, 22, 4970)
(104, 103, 16683)
(104, 84, 72245)
(104, 39, 33370)
(104, 65, 66423)
(104, 13, 37858)
(104, 46, 67434)
(104, 26, 50598)
(104, 48, 10938)
(104, 60, 3775)
(104, 61, 25079)
(104, 87, 59712)
(104, 50, 16011)
(104, 0, 48273)
(104, 43, 35853)
(104, 83, 53230)
(104, 10, 27509)
(104, 79, 46346)
(104, 68, 3903)
(104, 4, 40652)
(104, 25, 5379)
(104, 5, 184)
(104, 35, 73471)
(104, 81, 58183)
(104, 92, 38038)
(104, 8, 70164)
(105, 55, 69731)
(105, 92, 7558)
(105, 22, 69010)
(105, 65, 11208)
(105, 96, 34792)
(105, 10, 69283)
(105, 64, 31501)
(105, 24, 62761)
(105, 30, 30226)
(105, 53, 39863)
(105, 26, 27328)
(105, 71, 66043)
(105, 14, 4335)
(105, 93, 42752)
(105, 102, 10896)
(105, 7, 18624)
(105, 68, 23211)
(105, 44, 43132)
(105, 54, 74100)
(105, 8, 61512)
(105, 57, 58928)
(105, 104, 69542)
(105, 88, 60391)
(105, 0, 20838)
(105, 75, 54835)
(105, 18, 52394)
(105, 72, 59566)
(105, 61, 13275)
(105, 52, 37211)
(105, 6, 73159)
(105, 20, 16989)
(105, 76, 33963)
(105, 59, 50694)
(106, 7, 22974)
(106, 16, 47167)
(106, 104, 30990)
(106, 95, 2565)
(106, 62, 7531)
(106, 89, 6835)
(106, 105, 6154)
(106, 0, 73082)
(106, 73, 60809)
(106, 94, 53205)
(106, 80, 8495)
(106, 97, 26528)
(106, 58, 22448)
(106, 48, 61390)
(106, 96, 62067)
(106, 91, 45084)
(106, 76, 35801)
(106, 45, 75658)
(106, 21, 46126)
(106, 98, 50187)
(106, 50, 65156)
(106, 64, 31497)
(106, 81, 72114)
(106, 12, 41970)
(106, 102, 4590)
(106, 47, 30733)
(106, 9, 64324)
(106, 26, 70599)
(106, 24, 71796)
(106, 39, 58205)
(106, 59, 38206)
(106, 84, 68189)
(106, 68, 58056)
(106, 56, 54403)
(106, 25, 7456)
(106, 5, 6342)
(106, 38, 52129)
(106, 15, 44948)
(106, 63, 31063)
(106, 101, 9735)
(106, 60, 7765)
(106, 8, 6591)
(106, 17, 68757)
(106, 54, 53277)
(106, 52, 44780)
(106, 37, 17047)
(106, 66, 9364)
(106, 23, 25345)
(106, 78, 51117)
(106, 32, 21572)
(106, 6, 3210)
(106, 85, 37356)
(106, 10, 6385)
(106, 99, 64478)
(106, 79, 67103)
(106, 13, 66738)
(106, 18, 17480)
(106, 2, 44695)
(106, 42, 1433)
(106, 61, 7025)
(106, 41, 31653)
(106, 4, 50053)
(106, 93, 74744)
(106, 72, 8350)
(106, 44, 56398)
(106, 20, 21771)
(107, 44, 2245)
(107, 25, 38133)
(107, 56, 74935)
(107, 35, 59177)
(107, 53, 44684)
(107, 104, 19701)
(107, 37, 55848)
(107, 2, 55353)
(107, 73, 21606)
(107, 84, 47051)
(107, 16, 27656)
(107, 54, 30985)
(107, 51, 63338)
(107, 50, 18254)
(107, 39, 32967)
(107, 98, 44523)
(107, 88, 12840)
(107, 1, 6531)
(108, 46, 63648)
(108, 12, 35754)
(108, 79, 75799)
(108, 105, 52738)
(108, 96, 71107)
(108, 70, 53409)
(108, 10, 30027)
(108, 62, 39233)
(108, 106, 61860)
(108, 52, 975)
(108, 14, 64459)
(108, 68, 21218)
(108, 91, 27246)
(108, 50, 30932)
(108, 92, 25096)
(108, 30, 26555)
(108, 90, 11657)
(108, 25, 10357)
(108, 56, 9265)
(108, 53, 46302)
(108, 32, 27550)
(108, 20, 21723)
(108, 45, 68519)
(108, 18, 71702)
(108, 65, 33582)
(108, 83, 65369)
(108, 71, 61599)
(108, 102, 27046)
(108, 104, 69451)
(108, 3, 38798)
(108, 0, 33410)
(108, 42, 62878)
(108, 72, 29889)
(108, 29, 9467)
(108, 36, 17259)
(108, 9, 70583)
(108, 87, 58791)
(108, 101, 26609)
(108, 89, 18385)
(108, 107, 41407)
(108, 86, 38017)
(108, 23, 16223)
(108, 81, 40593)
(108, 94, 44462)
(108, 51, 55496)
(108, 48, 65475)
(108, 19, 9870)
(108, 2, 60283)
(108, 75, 67865)
(108, 15, 11928)
(108, 11, 72371)
(108, 84, 61314)
(109, 48, 39024)
(109, 16, 58075)
(109, 13, 68224)
(109, 62, 48131)
(109, 53, 61882)
(109, 44, 9198)
(109, 76, 18289)
(109, 58, 3177)
(109, 99, 34402)
(109, 24, 2415)
(109, 89, 47427)
(109, 35, 67432)
(109, 11, 27522)
(109, 97, 16617)
(109, 54, 8087)
(109, 88, 1135)
(109, 9, 34905)
(109, 2, 30302)
(109, 40, 47080)
(109, 43, 74117)
(109, 75, 560)
(109, 46, 68081)
(109, 80, 27883)
(109, 25, 21635)
(109, 56, 70251)
(109, 14, 18020)
(109, 21, 67638)
(109, 18, 64139)
(109, 7, 23714)
(109, 98, 53344)
(109, 67, 14070)
(109, 45, 35355)
(109, 55, 55842)
(109, 12, 60931)
(109, 5, 15980)
(109, 49, 41511)
(109, 60, 38565)
(109, 36, 18599)
(109, 77, 9281)
(109, 32, 23844)
(109, 15, 3483)
(109, 1, 74653)
(109, 28, 59008)
(109, 74, 37749)
(109, 90, 29499)
(109, 100, 846)
(109, 69, 70907)
(109, 37, 54477)
(109, 59, 72802)
(109, 39, 5575)
(109, 107, 19967)
(109, 86, 62282)
(109, 3, 15656)
(109, 72, 8112)
(109, 52, 7649)
(109, 95, 62566)
(109, 42, 11752)
(109, 71, 73891)
(109, 78, 62460)
(109, 38, 25675)
(109, 22, 33696)
(109, 108, 2681)
(109, 104, 14317)
(109, 87, 58753)
(109, 0, 48512)
(109, 84, 57306)
(109, 6, 29)
(109, 66, 38231)
(109, 91, 41248)
(109, 51, 16668)
(109, 30, 69673)
(109, 70, 881)
(109, 33, 37051)
(109, 105, 30543)
(109, 73, 17245)
(109, 102, 51608)
(109, 61, 48023)
(109, 29, 13836)
(109, 47, 63438)
(109, 101, 59194)
(109, 94, 34365)
(109, 23, 2121)
(109, 31, 11250)
(109, 106, 32477)
(109, 19, 63539)
(109, 10, 75935)
(109, 63, 23179)
(109, 81, 66464)
(109, 8, 11044)
(109, 68, 21121)
(109, 17, 73603)
(109, 50, 36258)
(109, 64, 13969)
(109, 20, 30040)
(109, 65, 64950)
(109, 82, 34389)
(109, 79, 16317)
(109, 34, 20567)
(109, 83, 31197)
(110, 101, 6082)
(110, 84, 5905)
(110, 91, 18227)
(110, 66, 16155)
(110, 82, 22690)
(110, 12, 67099)
(110, 5, 38115)
(110, 100, 7452)
(110, 52, 69874)
(110, 87, 31469)
(110, 75, 40541)
(110, 58, 20896)
(110, 56, 19649)
(110, 41, 40554)
(110, 94, 66927)
(110, 48, 47851)
(110, 102, 75811)
(110, 64, 12011)
(110, 57, 74135)
(110, 96, 59743)
(110, 107, 72502)
(110, 24, 54314)
(110, 51, 28158)
(110, 74, 67263)
(110, 79, 41523)
(110, 59, 32367)
(110, 68, 33689)
(110, 4, 69376)
(110, 53, 62434)
(110, 67, 12359)
(110, 104, 18208)
(110, 90, 12489)
(110, 72, 61470)
(110, 71, 45582)
(110, 21, 12792)
(110, 18, 26845)
(110, 54, 62845)
(110, 103, 46687)
(110, 105, 58916)
(110, 46, 61407)
(110, 60, 75191)
(110, 98, 18471)
(110, 80, 71564)
(110, 26, 73334)
(110, 77, 45379)
(110, 108, 70810)
(110, 13, 49011)
(110, 97, 13414)
(110, 6, 8171)
(110, 35, 55478)
(110, 28, 23205)
(110, 95, 28073)
(110, 20, 49221)
(110, 43, 18902)
(110, 11, 41996)
(111, 47, 16037)
(111, 29, 71272)
(111, 99, 64907)
(111, 101, 6878)
(111, 4, 26431)
(111, 57, 64442)
(111, 107, 67884)
(111, 3, 42956)
(111, 71, 56673)
(111, 88, 25373)
(111, 89, 65001)
(111, 109, 48795)
(111, 110, 47351)
(111, 96, 68748)
(111, 55, 2068)
(111, 72, 6183)
(111, 38, 45656)
(111, 11, 63492)
(111, 6, 45401)
(111, 56, 29580)
(111, 91, 5040)
(111, 42, 70177)
(111, 43, 60666)
(111, 60, 71126)
(111, 36, 71070)
(111, 92, 49754)
(111, 78, 18225)
(111, 70, 64266)
(111, 75, 41094)
(111, 51, 37506)
(111, 46, 4489)
(111, 39, 9553)
(111, 52, 73781)
(111, 80, 49915)
(111, 35, 52882)
(111, 1, 15343)
(111, 74, 63132)
(111, 95, 70314)
(111, 77, 13393)
(111, 84, 17797)
(111, 22, 22923)
(111, 62, 5522)
(111, 23, 39635)
(112, 38, 2349)
(112, 90, 12827)
(112, 94, 15225)
(112, 104, 9597)
(112, 68, 31517)
(112, 20, 64842)
(112, 21, 59722)
(112, 80, 33421)
(112, 72, 65268)
(112, 54, 11618)
(112, 84, 64893)
(112, 95, 4344)
(112, 67, 7897)
(112, 4, 55277)
(112, 59, 74769)
(112, 109, 13359)
(112, 53, 26850)
(112, 103, 68422)
(112, 9, 3391)
(112, 11, 30833)
(112, 56, 35270)
(112, 83, 4708)
(112, 23, 70702)
(112, 35, 35829)
(112, 96, 44073)
(112, 3, 2533)
(112, 65, 29493)
(112, 24, 58411)
(112, 49, 16276)
(112, 36, 62920)
(112, 60, 9529)
(112, 78, 68462)
(112, 15, 52139)
(112, 44, 14400)
(112, 14, 52359)
(112, 108, 7648)
(112, 37, 29922)
(112, 8, 16350)
(112, 64, 67615)
(112, 82, 66580)
(112, 99, 69858)
(112, 42, 63883)
(112, 79, 8932)
(112, 52, 51924)
(112, 71, 40429)
(112, 40, 19447)
(112, 100, 41454)
(112, 17, 42042)
(112, 46, 60825)
(112, 57, 3616)
(112, 12, 11125)
(112, 97, 39231)
(112, 62, 66095)
(113, 15, 25268)
(113, 34, 12620)
(113, 81, 24888)
(113, 21, 26993)
(113, 43, 20946)
(113, 112, 30252)
(113, 25, 39914)
(113, 63, 13548)
(113, 20, 8893)
(113, 37, 32260)
(113, 87, 33755)
(113, 3, 33119)
(113, 60, 72756)
(113, 24, 6933)
(113, 50, 50010)
(113, 8, 2347)
(113, 82, 66231)
(113, 13, 31879)
(113, 94, 2095)
(113, 67, 75172)
(113, 0, 61122)
(113, 71, 50148)
(113, 88, 75970)
(113, 70, 13474)
(113, 86, 63585)
(113, 41, 57155)
(113, 102, 9633)
(113, 19, 71243)
(113, 53, 41394)
(113, 9, 31539)
(113, 79, 1497)
(113, 52, 59654)
(113, 39, 75261)
(113, 101, 31616)
(113, 23, 32805)
(113, 110, 70345)
(113, 30, 3570)
(113, 54, 33998)
(113, 46, 3197)
(113, 6, 1925)
(113, 36, 4926)
(113, 106, 71118)
(113, 1, 32932)
(113, 77, 2081)
(113, 49, 7751)
(113, 97, 29968)
(113, 93, 41744)
(113, 7, 37866)
(113, 104, 67810)
(113, 103, 75550)
(113, 59, 15473)
(113, 89, 4665)
(113, 16, 34194)
(113, 85, 38161)
(113, 64, 72738)
(113, 12, 27137)
(113, 45, 52108)
(113, 61, 29952)
(113, 51, 56445)
(113, 90, 53957)
(113, 107, 6750)
(113, 66, 24356)
(113, 74, 23171)
(113, 65, 66705)
(114, 3, 5499)
(114, 38, 38390)
(114, 98, 38276)
(114, 84, 24511)
(114, 77, 48630)
(114, 56, 23934)
(114, 113, 61730)
(114, 5, 67817)
(114, 23, 69680)
(114, 90, 19800)
(114, 19, 45335)
(114, 44, 15454)
(114, 28, 25264)
(114, 103, 14434)
(114, 18, 50184)
(114, 72, 10806)
(114, 85, 26487)
(114, 57, 46982)
(114, 25, 19346)
(114, 67, 40873)
(114, 58, 36691)
(114, 68, 3228)
(114, 95, 5516)
(114, 53, 41918)
(115, 75, 49950)
(115, 110, 39713)
(115, 76, 40719)
(115, 64, 14852)
(115, 74, 39481)
(115, 6, 49227)
(115, 18, 17420)
(115, 1, 4967)
(115, 112, 67859)
(115, 87, 12430)
(115, 79, 46364)
(115, 41, 63365)
(115, 4, 22716)
(115, 31, 66783)
(115, 53, 64034)
(115, 59, 57953)
(115, 37, 27703)
(115, 25, 30199)
(115, 107, 43366)
(115, 2, 7414)
(115, 68, 50937)
(115, 72, 71423)
(115, 17, 21021)
(115, 8, 27485)
(115, 44, 24391)
(115, 88, 37526)
(115, 57, 13669)
(115, 77, 16056)
(115, 15, 41848)
(115, 55, 3431)
(115, 54, 13405)
(115, 3, 54748)
(115, 39, 51762)
(115, 27, 47958)
(115, 105, 68079)
(115, 20, 63405)
(115, 99, 28815)
(115, 102, 62096)
(115, 52, 60813)
(115, 23, 44192)
(115, 71, 11646)
(115, 35, 33044)
(115, 98, 22035)
(115, 19, 61594)
(115, 84, 43835)
(115, 104, 40975)
(116, 102, 54861)
(116, 60, 51933)
(116, 101, 70701)
(116, 17, 75748)
(116, 115, 49412)
(116, 40, 58209)
(116, 27, 70308)
(116, 30, 10176)
(116, 88, 40108)
(116, 19, 62069)
(116, 39, 36663)
(116, 113, 43677)
(116, 84, 30001)
(116, 9, 48643)
(116, 24, 74780)
(116, 92, 8898)
(116, 67, 11023)
(116, 13, 43940)
(116, 75, 44246)
(116, 53, 30212)
(116, 6, 54294)
(116, 45, 28293)
(116, 61, 23414)
(116, 34, 5491)
(116, 87, 45940)
(116, 23, 46363)
(116, 37, 71220)
(116, 64, 65557)
(116, 91, 29840)
(116, 22, 76175)
(116, 70, 29400)
(116, 98, 57185)
(116, 48, 61741)
(116, 21, 66338)
(116, 14, 54847)
(116, 20, 71340)
(116, 108, 54173)
(116, 63, 56298)
(116, 69, 8222)
(116, 105, 39411)
(116, 95, 41055)
(116, 97, 26000)
(116, 110, 25602)
(116, 62, 76334)
(116, 10, 26362)
(116, 83, 67110)
(116, 82, 9167)
(116, 11, 52762)
(116, 104, 66369)
(116, 25, 19235)
(116, 35, 65865)
(116, 12, 39092)
(116, 71, 5158)
(116, 51, 32010)
(116, 114, 38453)
(116, 90, 60045)
(116, 43, 15514)
(116, 36, 14875)
(116, 38, 11184)
(116, 81, 28471)
(116, 77, 58716)
(116, 112, 16241)
(116, 106, 74019)
(116, 73, 31663)
(116, 50, 41153)
(116, 4, 76405)
(116, 93, 54463)
(116, 80, 67118)
(116, 66, 937)
(116, 65, 32872)
(116, 85, 58852)
(116, 32, 23840)
(116, 107, 47185)
(116, 72, 54880)
(116, 74, 38836)
(116, 29, 60510)
(116, 0, 11193)
(116, 18, 43140)
(116, 59, 29847)
(116, 52, 52155)
(116, 109, 29964)
(116, 96, 25063)
(116, 78, 35053)
(116, 49, 11435)
(116, 47, 75911)
(116, 86, 49571)
(116, 26, 69941)
(116, 7, 12671)
(116, 31, 39987)
(116, 41, 40734)
(116, 68, 13919)
(116, 54, 38821)
(116, 33, 37352)
(116, 103, 70155)
(116, 46, 7793)
(116, 58, 57523)
(116, 56, 33821)
(116, 55, 29934)
(116, 3, 72218)
(117, 92, 14889)
(117, 65, 32698)
(117, 40, 15336)
(117, 42, 23871)
(117, 49, 44034)
(117, 46, 75420)
(117, 87, 43786)
(117, 78, 64668)
(117, 31, 32381)
(117, 28, 19129)
(117, 52, 59356)
(117, 1, 17853)
(117, 57, 59339)
(117, 53, 8565)
(117, 95, 35251)
(117, 41, 62077)
(117, 9, 55200)
(117, 94, 40000)
(117, 39, 29657)
(117, 37, 24048)
(117, 84, 42032)
(117, 76, 32412)
(117, 33, 61349)
(117, 21, 31051)
(117, 58, 31702)
(117, 103, 4965)
(117, 86, 63203)
(117, 66, 54281)
(117, 8, 24609)
(117, 115, 14807)
(117, 69, 40838)
(117, 71, 26479)
(117, 100, 26478)
(117, 19, 60691)
(117, 29, 52577)
(117, 10, 27291)
(117, 77, 59022)
(117, 61, 54705)
(117, 0, 38735)
(117, 79, 72562)
(117, 83, 36450)
(117, 85, 55521)
(117, 64, 40717)
(117, 12, 62281)
(118, 43, 74785)
(118, 8, 41224)
(118, 29, 30639)
(118, 64, 57399)
(118, 46, 16013)
(118, 98, 75437)
(118, 116, 1355)
(118, 59, 69558)
(118, 33, 71104)
(118, 109, 59353)
(118, 58, 51227)
(118, 4, 68629)
(118, 83, 30166)
(118, 56, 6813)
(118, 24, 10057)
(118, 115, 75815)
(118, 0, 9679)
(118, 16, 23543)
(118, 89, 2656)
(118, 90, 64243)
(118, 41, 28105)
(118, 86, 10499)
(118, 47, 10794)
(118, 21, 65366)
(118, 35, 61292)
(118, 80, 22939)
(118, 22, 58816)
(118, 6, 20099)
(118, 68, 252)
(118, 15, 57647)
(118, 19, 8997)
(118, 112, 66939)
(118, 51, 43995)
(118, 78, 28254)
(118, 17, 68724)
(118, 102, 20295)
(118, 63, 51646)
(118, 95, 12063)
(118, 84, 1866)
(118, 1, 72389)
(118, 96, 22187)
(118, 50, 9135)
(118, 108, 31233)
(118, 23, 68388)
(118, 100, 54997)
(118, 74, 44153)
(118, 27, 5591)
(118, 76, 58633)
(118, 67, 61099)
(118, 38, 7094)
(118, 34, 22724)
(118, 75, 62026)
(118, 54, 36400)
(118, 9, 69825)
(118, 110, 64169)
(118, 105, 4804)
(118, 113, 19841)
(118, 53, 76056)
(118, 12, 39848)
(118, 2, 17824)
(118, 93, 73861)
(118, 91, 53520)
(118, 31, 20555)
(118, 65, 67906)
(118, 18, 17300)
(118, 85, 72112)
(118, 30, 55170)
(118, 45, 12877)
(118, 103, 28711)
(118, 114, 44871)
(118, 44, 28276)
(118, 55, 57818)
(118, 57, 64828)
(118, 104, 49200)
(118, 5, 30108)
(118, 72, 19400)
(118, 11, 4789)
(118, 99, 28857)
(118, 37, 67325)
(118, 61, 23233)
(118, 66, 33810)
(118, 73, 71904)
(118, 14, 8941)
(118, 87, 59206)
(118, 79, 15356)
(118, 117, 69915)
(118, 106, 262)
(119, 117, 71808)
(119, 15, 37840)
(119, 101, 35302)
(119, 72, 47943)
(119, 71, 41022)
(119, 60, 18586)
(119, 116, 53990)
(119, 62, 1589)
(119, 95, 72662)
(119, 91, 41517)
(119, 68, 76333)
(119, 18, 75066)
(119, 114, 27460)
(119, 30, 53016)
(119, 98, 22745)
(119, 22, 52581)
(119, 89, 42325)
(119, 85, 1211)
(119, 106, 73824)
(119, 104, 5296)
(119, 27, 18568)
(119, 82, 61776)
(119, 2, 41027)
(119, 9, 26691)
(119, 3, 65783)
(119, 52, 15716)
(119, 37, 51352)
(119, 55, 61954)
(119, 45, 6399)
(119, 73, 76034)
(119, 79, 1352)
(119, 100, 20367)
(119, 102, 41444)
(119, 96, 47084)
(119, 111, 50214)
(119, 59, 40834)
(119, 14, 55099)
(119, 42, 28252)
(119, 86, 11704)
(119, 67, 50777)
(119, 29, 16762)
(119, 35, 25884)
(119, 94, 31438)
(120, 87, 503)
(120, 97, 20670)
(120, 102, 73425)
(120, 28, 47442)
(120, 100, 51652)
(120, 42, 72023)
(120, 6, 17232)
(120, 60, 17750)
(120, 35, 46085)
(120, 117, 15187)
(120, 51, 43255)
(120, 4, 16259)
(120, 45, 67440)
(120, 78, 42548)
(120, 24, 19345)
(120, 98, 36839)
(120, 8, 64052)
(120, 93, 59268)
(120, 101, 63865)
(120, 64, 76384)
(120, 5, 63106)
(120, 68, 34099)
(120, 18, 22428)
(120, 26, 35506)
(120, 59, 69375)
(120, 3, 18993)
(120, 11, 53689)
(120, 108, 52456)
(120, 76, 47090)
(120, 75, 43106)
(120, 21, 49183)
(120, 17, 61253)
(120, 56, 42399)
(120, 82, 60503)
(120, 83, 46090)
(120, 114, 25053)
(120, 0, 62687)
(120, 49, 8109)
(120, 71, 17463)
(120, 41, 51449)
(120, 115, 18550)
(120, 23, 75000)
(120, 89, 2027)
(120, 95, 67164)
(120, 84, 68018)
(120, 111, 48245)
(120, 12, 35369)
(120, 29, 10796)
(120, 7, 23846)
(120, 16, 70058)
(120, 31, 3958)
(120, 96, 66888)
(120, 44, 3359)
(120, 15, 44725)
(121, 55, 40173)
(121, 66, 75664)
(121, 82, 33632)
(121, 112, 17270)
(121, 34, 43829)
(121, 75, 63446)
(121, 27, 70483)
(121, 99, 75497)
(121, 19, 19099)
(121, 23, 33508)
(121, 22, 17363)
(121, 31, 67722)
(121, 46, 14950)
(121, 105, 74213)
(121, 8, 51902)
(121, 81, 62691)
(121, 83, 11159)
(121, 45, 24577)
(121, 89, 52425)
(121, 41, 47192)
(121, 11, 46205)
(121, 0, 27042)
(121, 78, 34530)
(121, 91, 71542)
(121, 65, 2344)
(121, 30, 43647)
(121, 101, 7923)
(121, 10, 48700)
(121, 73, 37112)
(121, 36, 30544)
(121, 114, 66816)
(121, 40, 34839)
(121, 97, 42440)
(121, 90, 23790)
(121, 12, 70857)
(121, 120, 74162)
(121, 51, 37374)
(121, 77, 76343)
(121, 25, 20117)
(121, 68, 32246)
(121, 43, 63700)
(121, 113, 44464)
(121, 2, 21324)
(121, 102, 29176)
(121, 86, 60185)
(121, 18, 73211)
(121, 32, 38371)
(121, 63, 30523)
(121, 104, 41683)
(121, 110, 54939)
(121, 42, 5512)
(121, 13, 51005)
(121, 100, 47671)
(121, 28, 65749)
(121, 57, 28834)
(121, 3, 33270)
(121, 14, 28900)
(121, 48, 24374)
(121, 60, 18214)
(121, 67, 24979)
(121, 39, 75869)
(121, 52, 14896)
(121, 64, 73631)
(121, 1, 73243)
(121, 16, 68511)
(121, 4, 58629)
(121, 80, 68582)
(121, 38, 23228)
(121, 74, 11734)
(121, 103, 20252)
(121, 107, 26592)
(121, 76, 26118)
(121, 96, 50368)
(121, 87, 67178)
(121, 9, 65599)
(121, 84, 69599)
(121, 44, 27238)
(121, 15, 18830)
(121, 24, 46736)
(121, 94, 12062)
(121, 109, 38471)
(121, 59, 60480)
(121, 35, 60896)
(121, 106, 40602)
(121, 111, 11695)
(121, 37, 18686)
(121, 92, 21329)
(121, 70, 41979)
(121, 108, 46564)
(121, 6, 12137)
(121, 21, 73545)
(121, 119, 8366)
(121, 98, 22071)
(121, 61, 44458)
(122, 46, 20514)
(122, 18, 61168)
(122, 95, 18929)
(122, 57, 34383)
(122, 41, 25455)
(122, 4, 54804)
(122, 121, 60729)
(122, 86, 76373)
(122, 75, 76206)
(122, 31, 36291)
(122, 62, 68961)
(122, 0, 27939)
(122, 14, 28818)
(122, 9, 3537)
(122, 11, 53984)
(122, 88, 54510)
(122, 50, 8139)
(122, 24, 46146)
(122, 120, 59581)
(122, 44, 9026)
(122, 117, 63263)
(122, 37, 49136)
(122, 92, 18650)
(122, 42, 54318)
(122, 68, 31326)
(122, 102, 69966)
(122, 30, 53783)
(122, 110, 57718)
(122, 83, 34341)
(122, 53, 33607)
(122, 64, 38887)
(122, 112, 13838)
(122, 111, 10491)
(122, 103, 71800)
(122, 84, 70949)
(122, 7, 44500)
(122, 21, 26644)
(122, 3, 42435)
(122, 32, 71512)
(122, 104, 51045)
(122, 78, 266)
(122, 1, 49014)
(122, 40, 46654)
(122, 51, 61171)
(122, 54, 48176)
(122, 97, 34092)
(122, 107, 26209)
(122, 113, 34331)
(122, 35, 73687)
(122, 61, 51338)
(122, 10, 40162)
(122, 66, 60814)
(122, 119, 72773)
(122, 60, 69887)
(122, 99, 75842)
(122, 67, 67869)
(122, 59, 62012)
(122, 25, 9079)
(122, 90, 59317)
(122, 38, 30632)
(122, 12, 41000)
(122, 58, 17798)
(122, 106, 13774)
(122, 91, 22382)
(122, 17, 63937)
(122, 29, 37461)
(122, 39, 76312)
(122, 76, 26626)
(122, 5, 49391)
(122, 6, 21876)
(122, 72, 28943)
(123, 50, 7450)
(123, 48, 19260)
(123, 67, 42897)
(123, 77, 62632)
(123, 83, 6302)
(123, 22, 4329)
(123, 6, 37949)
(123, 56, 54290)
(123, 81, 19207)
(123, 113, 27153)
(123, 29, 5473)
(123, 15, 32263)
(123, 26, 53445)
(123, 68, 243)
(123, 43, 10394)
(123, 10, 3682)
(123, 71, 24140)
(123, 20, 5917)
(123, 110, 72770)
(123, 63, 66531)
(123, 107, 42211)
(123, 111, 32535)
(123, 23, 26482)
(123, 35, 27898)
(123, 70, 23005)
(123, 60, 27487)
(123, 40, 55971)
(123, 121, 74072)
(123, 53, 2900)
(124, 8, 66548)
(124, 22, 52710)
(124, 80, 20903)
(124, 37, 60420)
(124, 68, 12162)
(124, 92, 40008)
(124, 50, 70139)
(124, 16, 59367)
(124, 10, 61517)
(124, 9, 49786)
(124, 76, 29100)
(124, 26, 4834)
(124, 115, 16717)
(124, 123, 11286)
(124, 25, 2941)
(124, 96, 10205)
(124, 120, 65600)
(124, 117, 49839)
(124, 38, 8069)
(124, 73, 4671)
(124, 35, 6554)
(124, 18, 43826)
(124, 13, 36694)
(124, 69, 8275)
(124, 64, 21363)
(124, 3, 70374)
(124, 95, 72011)
(124, 42, 75715)
(124, 15, 24013)
(124, 109, 53331)
(124, 108, 22350)
(124, 66, 1414)
(124, 74, 28735)
(124, 88, 11045)
(124, 82, 25394)
(124, 47, 38955)
(124, 30, 26191)
(124, 7, 16210)
(124, 118, 2764)
(124, 59, 44862)
(124, 85, 67624)
(124, 20, 19793)
(124, 113, 66837)
(124, 77, 56400)
(124, 61, 40766)
(124, 121, 23260)
(124, 102, 71011)
(124, 90, 46502)
(124, 11, 57798)
(124, 65, 58081)
(124, 46, 32472)
(124, 93, 53575)
(124, 2, 29151)
(124, 0, 28577)
(124, 67, 68617)
(124, 27, 16875)
(124, 39, 23269)
(124, 112, 6844)
(124, 54, 23339)
(124, 70, 43274)
(124, 97, 56963)
(124, 87, 45053)
(124, 33, 58437)
(124, 98, 67969)
(124, 6, 48067)
(124, 51, 43012)
(124, 100, 7690)
(124, 103, 32485)
(124, 110, 63361)
(124, 72, 55654)
(124, 122, 50844)
(124, 1, 52054)
(124, 106, 2971)
(124, 81, 17731)
(124, 45, 54312)
(124, 19, 73911)
(124, 94, 70097)
(124, 29, 72066)
(124, 14, 58402)
(124, 28, 40738)
(124, 91, 33994)
(124, 55, 57691)
(124, 116, 49946)
(124, 21, 73869)
(124, 107, 39716)
(124, 89, 75448)
(124, 41, 45520)
(124, 58, 39800)
(124, 24, 11524)
(124, 40, 34406)
(124, 75, 13181)
(124, 71, 74196)
(124, 101, 45351)
(124, 99, 25228)
(124, 104, 20617)
(124, 79, 2258)
(124, 62, 66307)
(124, 44, 22119)
(124, 60, 43142)
(124, 111, 36151)
(124, 114, 72288)
(124, 23, 60302)
(124, 119, 15996)
(124, 86, 17044)
(124, 56, 12038)
(124, 31, 6222)
(124, 53, 18349)
(124, 78, 44230)
(124, 5, 48365)
(124, 34, 5090)
(124, 83, 76387)
(124, 57, 25923)
(124, 48, 13302)
(124, 12, 36485)
(124, 36, 38328)
(124, 49, 62648)
(124, 43, 43322)
(124, 17, 39398)
(124, 84, 71333)
(124, 32, 24822)
(124, 63, 42565)
(124, 52, 36894)
(125, 117, 15726)
(125, 101, 17323)
(125, 91, 25055)
(125, 106, 18952)
(125, 21, 65828)
(125, 77, 8708)
(125, 35, 72635)
(125, 1, 46461)
(125, 75, 63432)
(125, 45, 28360)
(125, 111, 27138)
(125, 60, 8722)
(125, 47, 20481)
(125, 89, 36546)
(125, 56, 70788)
(125, 92, 46856)
(125, 64, 49299)
(125, 90, 41643)
(125, 71, 18712)
(125, 113, 54871)
(125, 107, 6358)
(125, 61, 40322)
(125, 94, 71548)
(125, 81, 59292)
(125, 116, 58919)
(125, 27, 50909)
(125, 53, 16769)
(125, 8, 8634)
(125, 122, 1987)
(125, 34, 70633)
(125, 46, 62196)
(125, 99, 53875)
(125, 103, 33308)
(125, 43, 15488)
(125, 7, 5660)
(125, 11, 72720)
(125, 3, 71521)
(125, 72, 73427)
(125, 13, 75889)
(125, 114, 8628)
(125, 68, 5885)
(125, 39, 41009)
(125, 120, 14801)
(125, 100, 72157)
(125, 9, 61720)
(125, 54, 19236)
(125, 48, 64374)
(125, 121, 35672)
(125, 23, 16660)
(125, 70, 28600)
(125, 63, 44275)
(125, 28, 7741)
(125, 108, 13347)
(125, 37, 69722)
(125, 109, 56472)
(125, 14, 8531)
(125, 59, 26101)
(125, 20, 48171)
(125, 2, 45866)
(125, 76, 74128)
(125, 104, 75880)
(125, 93, 6872)
(125, 105, 34536)
(125, 118, 38172)
(125, 62, 33403)
(125, 49, 26366)
(125, 19, 48280)
(125, 98, 68126)
(125, 0, 47781)
(125, 87, 32064)
(125, 86, 31514)
(125, 95, 67476)
(125, 55, 12975)
(125, 16, 25179)
(125, 115, 8910)
(125, 88, 54079)
(125, 42, 9559)
(125, 12, 72099)
(125, 41, 20017)
(125, 112, 12592)
(125, 29, 59809)
(125, 83, 659)
(125, 25, 68342)
(125, 57, 66166)
(125, 26, 13183)
(125, 36, 49402)
(125, 74, 36758)
(125, 38, 34937)
(125, 67, 52046)
(125, 110, 17876)
(125, 97, 71021)
(125, 51, 1991)
(125, 6, 17180)
(125, 40, 64237)
(125, 82, 22791)
(125, 18, 64616)
(125, 52, 50091)
(125, 10, 66924)
(125, 30, 47872)
(125, 44, 48448)
(125, 5, 62382)
(126, 68, 35480)
(126, 19, 57762)
(126, 24, 33879)
(126, 8, 41773)
(126, 33, 73752)
(126, 96, 44063)
(126, 0, 22473)
(126, 20, 42429)
(126, 15, 37259)
(126, 107, 40065)
(126, 42, 10023)
(126, 124, 10660)
(126, 2, 28530)
(126, 55, 74700)
(126, 22, 57944)
(126, 3, 50589)
(126, 4, 38745)
(126, 123, 34241)
(126, 29, 29930)
(126, 13, 11720)
(126, 104, 47879)
(126, 70, 72296)
(126, 7, 348)
(126, 5, 19163)
(126, 67, 60389)
(126, 45, 48612)
(126, 26, 12121)
(126, 74, 13567)
(127, 111, 9873)
(127, 33, 21829)
(127, 23, 1429)
(127, 9, 53366)
(127, 71, 22117)
(127, 108, 29402)
(127, 80, 58653)
(127, 47, 54809)
(127, 120, 38285)
(127, 122, 32023)
(127, 66, 20881)
(127, 86, 76359)
(127, 56, 47682)
(127, 107, 10717)
(127, 8, 69557)
(127, 44, 21821)
(127, 79, 58253)
(127, 52, 25437)
(127, 24, 28570)
(127, 55, 21277)
(127, 104, 31903)
(127, 36, 24827)
(127, 81, 4086)
(127, 61, 56336)
(127, 118, 13096)
(127, 77, 46639)
(127, 93, 26588)
(127, 38, 4543)
(127, 60, 48079)
(127, 67, 3486)
(127, 74, 29626)
(127, 51, 70039)
(127, 41, 67730)
(127, 69, 71960)
(127, 29, 73703)
(127, 99, 6219)
(127, 37, 51292)
(127, 121, 54518)
(127, 31, 49129)
(127, 78, 28520)
(127, 46, 29316)
(127, 58, 59168)
(127, 83, 16669)
(127, 124, 65494)
(127, 97, 15962)
(127, 50, 14812)
(127, 32, 53956)
(127, 125, 48615)
(127, 7, 72105)
(127, 84, 52773)
(127, 40, 68235)
(127, 110, 28128)
(127, 101, 8819)
(127, 22, 41450)
(127, 109, 39418)
(127, 102, 43114)
(127, 73, 22653)
(127, 114, 58651)
(127, 64, 63769)
(127, 57, 1671)
(127, 27, 15690)
(127, 82, 33965)
(127, 1, 56564)
(127, 95, 25067)
(127, 45, 46168)
(127, 70, 43700)
(127, 72, 46025)
(127, 54, 7117)
(127, 53, 70269)
(127, 106, 21448)
(127, 42, 33106)
(127, 12, 25656)
(127, 87, 36875)
(127, 91, 21969)
(127, 0, 24942)
(127, 115, 26672)
(127, 103, 33208)
(127, 113, 31848)
(127, 34, 21437)
(128, 95, 35362)
(128, 58, 12178)
(128, 56, 58191)
(128, 20, 24039)
(128, 76, 21937)
(128, 47, 58340)
(128, 45, 23909)
(128, 87, 63415)
(128, 86, 33591)
(128, 51, 25835)
(128, 111, 10280)
(128, 2, 12616)
(128, 75, 48483)
(128, 125, 70605)
(128, 127, 12680)
(128, 120, 11809)
(128, 82, 61162)
(128, 122, 64720)
(128, 28, 45808)
(128, 43, 26981)
(128, 21, 6520)
(128, 112, 27755)
(128, 0, 72076)
(128, 23, 40216)
(128, 42, 63555)
(128, 100, 35100)
(128, 16, 26025)
(128, 98, 75083)
(128, 40, 20486)
(128, 10, 36547)
(128, 105, 52974)
(128, 88, 67822)
(128, 74, 59386)
(128, 9, 48579)
(128, 35, 75321)
(128, 18, 29741)
(128, 79, 53871)
(128, 32, 72395)
(128, 33, 43352)
(128, 5, 24442)
(128, 113, 75782)
(128, 121, 39694)
(128, 41, 72616)
(128, 66, 32155)
(128, 61, 72631)
(128, 39, 43046)
(128, 92, 25712)
(128, 48, 2410)
(128, 14, 37913)
(128, 110, 12474)
(128, 96, 68613)
(128, 114, 65199)
(128, 7, 34256)
(128, 57, 34020)
(128, 53, 68639)
(128, 109, 32736)
(128, 69, 23589)
(128, 71, 48396)
(128, 77, 17864)
(128, 59, 6758)
(128, 94, 61727)
(128, 50, 41049)
(128, 37, 23467)
(128, 85, 21348)
(128, 26, 50215)
(128, 108, 68236)
(128, 67, 68653)
(128, 13, 11183)
(128, 29, 47495)
(128, 31, 23488)
(128, 70, 29876)
(128, 106, 3862)
(128, 78, 25628)
(128, 8, 12426)
(128, 68, 62326)
(128, 107, 66881)
(128, 55, 50574)
(128, 104, 25200)
(128, 30, 73449)
(128, 80, 6794)
(128, 4, 34079)
(128, 115, 53811)
(128, 11, 65467)
(128, 22, 47243)
(128, 52, 56259)
(128, 36, 61298)
(128, 38, 5351)
(128, 83, 3274)
(128, 124, 33629)
(128, 19, 8431)
(128, 97, 65941)
(128, 6, 47594)
(128, 123, 17673)
(128, 93, 24736)
(128, 60, 1128)
(128, 84, 58052)
(128, 89, 23517)
(128, 81, 67167)
(128, 62, 13689)
(128, 117, 1764)
(129, 25, 26442)
(129, 71, 21721)
(129, 103, 37094)
(129, 40, 11149)
(129, 78, 63690)
(129, 96, 34985)
(129, 81, 49099)
(129, 14, 76)
(129, 35, 17927)
(129, 125, 73148)
(129, 75, 74802)
(129, 116, 23123)
(129, 68, 15573)
(129, 102, 27782)
(129, 69, 70913)
(129, 52, 21534)
(129, 53, 20115)
(129, 70, 67986)
(129, 123, 891)
(129, 112, 32825)
(129, 72, 2167)
(129, 59, 43021)
(129, 67, 32744)
(129, 124, 60271)
(129, 90, 35653)
(129, 85, 40139)
(129, 24, 58589)
(129, 56, 59990)
(129, 97, 20923)
(129, 7, 41751)
(129, 11, 36659)
(129, 77, 10129)
(129, 104, 3983)
(129, 101, 9667)
(129, 55, 37546)
(129, 13, 58347)
(129, 1, 16649)
(129, 93, 71844)
(129, 42, 72819)
(129, 16, 33997)
(129, 98, 47199)
(129, 20, 60918)
(129, 122, 17818)
(129, 108, 40548)
(129, 87, 66530)
(129, 19, 11073)
(129, 28, 30392)
(129, 111, 2124)
(129, 89, 73896)
(129, 63, 6916)
(129, 46, 29591)
(129, 44, 73601)
(129, 128, 1769)
(129, 57, 20699)
(129, 32, 18909)
(129, 10, 34089)
(129, 6, 13391)
(129, 79, 69448)
(129, 39, 56862)
(129, 12, 12154)
(129, 21, 37139)
(129, 58, 40509)
(129, 49, 30104)
(129, 41, 12243)
(129, 15, 68954)
(129, 107, 44495)
(129, 64, 1623)
(129, 105, 9647)
(129, 99, 34307)
(129, 38, 68275)
(129, 118, 52187)
(129, 121, 59382)
(129, 31, 27706)
(129, 110, 69274)
(129, 61, 20315)
(129, 82, 47365)
(129, 115, 7257)
(129, 126, 9791)
(129, 17, 55366)
(129, 36, 50338)
(129, 80, 28431)
(129, 73, 52381)
(129, 3, 10833)
(129, 76, 66346)
(129, 45, 33594)
(129, 54, 5831)
(129, 9, 32998)
(129, 91, 47376)
(129, 51, 2810)
(129, 109, 59640)
(129, 117, 1203)
(129, 34, 39702)
(129, 83, 19226)
(129, 94, 7176)
(129, 22, 18910)
(129, 48, 38563)
(129, 92, 16089)
(129, 65, 9770)
(129, 113, 76013)
(129, 74, 31681)
(129, 50, 48807)
(129, 2, 70275)
(129, 27, 14952)
(129, 37, 40771)
(129, 30, 3411)
(129, 47, 61053)
(129, 100, 31698)
(129, 84, 64805)
(129, 114, 57038)
(129, 95, 30757)
(129, 106, 65458)
(129, 120, 2261)
(129, 4, 62677)
(129, 33, 24280)
(129, 66, 27917)
(129, 43, 32819)
(129, 29, 70596)
(129, 0, 17220)
(130, 35, 23807)
(130, 105, 39115)
(130, 98, 64199)
(130, 51, 41891)
(130, 74, 63928)
(130, 38, 7919)
(130, 7, 4954)
(130, 88, 62815)
(130, 49, 61429)
(130, 10, 31406)
(130, 36, 34433)
(130, 62, 71681)
(130, 40, 47681)
(130, 86, 12019)
(130, 56, 52636)
(130, 44, 7754)
(130, 126, 45702)
(130, 100, 76276)
(130, 50, 76031)
(130, 99, 32075)
(130, 1, 65091)
(130, 21, 70393)
(130, 115, 53921)
(130, 75, 13970)
(130, 119, 8354)
(130, 39, 20603)
(130, 78, 23879)
(130, 124, 44993)
(130, 33, 18987)
(130, 109, 53030)
(130, 24, 66876)
(130, 12, 13258)
(130, 96, 44627)
(130, 71, 43850)
(130, 0, 42050)
(130, 93, 45455)
(130, 16, 75101)
(130, 67, 53108)
(130, 43, 57258)
(130, 54, 8988)
(130, 60, 46652)
(130, 65, 36912)
(130, 82, 76285)
(130, 68, 3611)
(130, 28, 46944)
(130, 129, 21793)
(130, 102, 71185)
(131, 82, 12207)
(131, 123, 22083)
(131, 28, 37643)
(131, 127, 64274)
(131, 113, 46558)
(131, 73, 69321)
(131, 63, 62496)
(131, 27, 50749)
(131, 103, 53986)
(131, 26, 16104)
(131, 18, 46231)
(131, 6, 76318)
(131, 70, 48604)
(131, 87, 65315)
(131, 17, 64187)
(131, 36, 58389)
(131, 49, 30459)
(131, 109, 16332)
(131, 105, 30636)
(131, 106, 34123)
(131, 15, 28724)
(131, 126, 47483)
(131, 11, 40288)
(131, 122, 53657)
(131, 50, 75180)
(131, 31, 46880)
(131, 52, 57920)
(131, 43, 25642)
(131, 69, 37366)
(131, 88, 40117)
(131, 99, 6121)
(131, 10, 35627)
(131, 25, 65888)
(131, 5, 50741)
(131, 55, 1992)
(131, 120, 6831)
(131, 42, 33140)
(132, 16, 68935)
(132, 74, 28020)
(132, 55, 73440)
(132, 13, 33904)
(132, 7, 40330)
(132, 131, 38536)
(132, 23, 63151)
(132, 19, 12478)
(132, 75, 7008)
(132, 44, 10967)
(132, 83, 15936)
(132, 2, 55853)
(132, 87, 41507)
(132, 73, 52308)
(132, 56, 12205)
(132, 88, 36693)
(132, 50, 42242)
(132, 106, 24899)
(132, 100, 35737)
(132, 123, 51289)
(132, 45, 48526)
(132, 29, 7868)
(132, 78, 20777)
(132, 64, 148)
(132, 129, 20519)
(132, 98, 42980)
(132, 18, 4645)
(132, 58, 44654)
(132, 71, 22024)
(132, 4, 69723)
(132, 33, 51272)
(132, 5, 13810)
(132, 26, 42655)
(132, 97, 38903)
(132, 105, 9555)
(132, 46, 19078)
(132, 77, 46384)
(132, 14, 32887)
(132, 48, 61967)
(132, 124, 27835)
(132, 101, 36874)
(132, 8, 42271)
(133, 44, 17227)
(133, 80, 56207)
(133, 64, 10746)
(133, 20, 39226)
(133, 95, 37234)
(133, 86, 65656)
(133, 131, 40973)
(133, 26, 26474)
(133, 13, 29053)
(133, 124, 51998)
(133, 61, 3256)
(133, 96, 74407)
(133, 41, 74693)
(133, 69, 17562)
(133, 37, 42434)
(133, 6, 54626)
(133, 75, 25104)
(133, 74, 39535)
(133, 65, 19483)
(133, 49, 44191)
(133, 68, 54264)
(133, 125, 31554)
(133, 38, 37586)
(133, 2, 31913)
(133, 51, 16221)
(133, 63, 9180)
(133, 112, 340)
(133, 118, 70895)
(133, 60, 2293)
(133, 23, 2539)
(133, 25, 7629)
(133, 129, 75383)
(133, 47, 40702)
(133, 27, 30800)
(133, 48, 48250)
(133, 36, 74585)
(133, 11, 11976)
(133, 105, 73535)
(133, 72, 74400)
(133, 67, 44942)
(133, 8, 13617)
(133, 52, 42367)
(133, 83, 41964)
(133, 54, 49860)
(133, 121, 15505)
(133, 58, 466)
(133, 3, 27592)
(133, 7, 71478)
(133, 123, 32939)
(133, 18, 55070)
(133, 102, 47855)
(133, 22, 21289)
(133, 127, 39703)
(133, 30, 34495)
(133, 100, 33299)
(133, 9, 28516)
(133, 53, 24913)
(133, 104, 72893)
(133, 50, 26384)
(133, 66, 6236)
(133, 111, 39118)
(133, 103, 21684)
(133, 19, 75300)
(133, 82, 11490)
(133, 126, 52004)
(133, 109, 35643)
(133, 98, 31987)
(133, 34, 23875)
(133, 59, 29672)
(133, 128, 3743)
(133, 89, 57937)
(133, 114, 2723)
(133, 4, 23774)
(133, 45, 15400)
(133, 24, 38793)
(133, 119, 7552)
(133, 42, 63710)
(133, 81, 65612)
(133, 93, 60623)
(133, 0, 69925)
(133, 77, 39223)
(133, 108, 74717)
(133, 101, 22959)
(133, 40, 20378)
(133, 116, 12872)
(133, 132, 54769)
(133, 106, 49193)
(133, 110, 75937)
(133, 78, 38294)
(133, 117, 74483)
(133, 70, 59396)
(133, 107, 57083)
(133, 57, 63808)
(133, 1, 35372)
(133, 79, 17293)
(133, 43, 37646)
(133, 120, 24084)
(133, 29, 39203)
(133, 56, 50854)
(133, 35, 14898)
(133, 90, 23251)
(133, 62, 51497)
(133, 122, 56751)
(133, 21, 19186)
(133, 113, 73942)
(133, 88, 6926)
(133, 10, 75320)
(133, 39, 32244)
(133, 97, 66311)
(133, 84, 73214)
(133, 115, 59484)
(133, 46, 66805)
(134, 80, 30557)
(134, 104, 70041)
(134, 45, 20309)
(134, 66, 28806)
(134, 52, 35565)
(134, 18, 35684)
(134, 81, 11608)
(134, 90, 37809)
(134, 91, 1248)
(134, 38, 11140)
(134, 102, 7229)
(134, 110, 33399)
(134, 119, 7724)
(134, 103, 29251)
(134, 82, 126)
(134, 16, 35789)
(134, 48, 36529)
(134, 37, 33927)
(134, 19, 34420)
(134, 115, 75527)
(134, 126, 29070)
(134, 26, 70746)
(134, 120, 65642)
(134, 42, 46783)
(134, 4, 35367)
(134, 75, 6791)
(134, 100, 26690)
(134, 55, 17739)
(134, 60, 23768)
(134, 128, 70637)
(134, 67, 42481)
(134, 93, 59805)
(134, 46, 66317)
(134, 24, 36009)
(134, 71, 54926)
(134, 89, 50253)
(134, 111, 27918)
(134, 58, 29739)
(134, 114, 59123)
(134, 133, 76086)
(134, 92, 47531)
(134, 51, 44468)
(134, 43, 43197)
(134, 77, 39587)
(134, 74, 18105)
(134, 109, 56313)
(134, 101, 8334)
(134, 12, 20162)
(134, 83, 9048)
(134, 56, 30367)
(134, 68, 14686)
(134, 76, 12565)
(134, 33, 6548)
(134, 94, 13623)
(134, 14, 72421)
(134, 88, 9327)
(134, 32, 19187)
(134, 44, 73147)
(134, 117, 7776)
(134, 29, 27608)
(134, 132, 36809)
(134, 49, 38124)
(134, 123, 11597)
(135, 7, 72927)
(135, 68, 1274)
(135, 27, 46533)
(135, 131, 28278)
(135, 0, 26327)
(135, 82, 16936)
(135, 99, 66492)
(135, 101, 8858)
(135, 12, 61606)
(135, 80, 75218)
(135, 30, 8567)
(135, 87, 34181)
(135, 86, 4781)
(135, 77, 60776)
(135, 83, 10135)
(135, 66, 50593)
(135, 124, 13699)
(135, 107, 58667)
(135, 40, 1104)
(135, 44, 66486)
(135, 93, 75502)
(135, 133, 54442)
(135, 100, 29431)
(135, 34, 27945)
(135, 18, 72093)
(135, 102, 69876)
(135, 130, 65691)
(135, 125, 42743)
(135, 37, 47767)
(135, 53, 64660)
(135, 23, 53152)
(135, 84, 12472)
(135, 104, 45741)
(135, 17, 75706)
(135, 105, 48421)
(135, 61, 47182)
(135, 129, 40964)
(135, 103, 71813)
(135, 78, 6668)
(135, 73, 57324)
(135, 76, 3925)
(135, 55, 47345)
(135, 56, 32676)
(135, 38, 43686)
(135, 97, 71168)
(135, 24, 10926)
(135, 6, 53352)
(135, 106, 55246)
(135, 60, 30955)
(135, 49, 54005)
(135, 126, 61940)
(135, 81, 27988)
(135, 29, 38894)
(135, 35, 66167)
(135, 50, 34183)
(135, 90, 30410)
(135, 14, 56003)
(135, 31, 34556)
(135, 51, 22001)
(135, 8, 9801)
(135, 54, 29629)
(135, 94, 45781)
(135, 9, 11711)
(135, 79, 25071)
(135, 120, 61756)
(135, 98, 15074)
(135, 88, 64603)
(135, 58, 61907)
(135, 43, 11108)
(135, 15, 29863)
(135, 39, 10018)
(135, 109, 12142)
(135, 32, 6027)
(135, 67, 67054)
(135, 5, 56762)
(135, 95, 63489)
(135, 36, 61261)
(135, 127, 52169)
(135, 48, 12707)
(135, 71, 55988)
(135, 134, 14735)
(135, 119, 35162)
(135, 3, 55952)
(135, 42, 5981)
(135, 110, 6410)
(135, 74, 21039)
(135, 47, 10832)
(135, 92, 74326)
(135, 33, 23070)
(135, 70, 48664)
(135, 75, 29495)
(135, 20, 20740)
(135, 4, 12539)
(135, 114, 46820)
(135, 26, 57370)
(135, 45, 59222)
(135, 65, 60696)
(135, 115, 27363)
(135, 118, 49755)
(135, 122, 22456)
(135, 11, 45406)
(135, 85, 58521)
(135, 13, 1523)
(135, 64, 15000)
(135, 59, 71038)
(135, 25, 25706)
(135, 21, 42472)
(135, 112, 6572)
(135, 116, 70316)
(135, 57, 16531)
(135, 111, 21948)
(136, 120, 16365)
(136, 98, 20580)
(136, 88, 27900)
(136, 14, 24772)
(136, 54, 6374)
(136, 45, 33276)
(136, 83, 14726)
(136, 106, 61222)
(136, 92, 26982)
(136, 33, 39501)
(136, 16, 61358)
(136, 6, 72307)
(136, 91, 18899)
(136, 78, 49189)
(136, 100, 7760)
(136, 126, 67217)
(136, 110, 26699)
(136, 115, 27801)
(136, 29, 26984)
(136, 57, 29414)
(136, 4, 64740)
(136, 7, 45602)
(136, 113, 7789)
(136, 53, 76155)
(136, 129, 67348)
(136, 67, 44537)
(136, 56, 3101)
(136, 21, 9775)
(136, 109, 57926)
(136, 116, 24250)
(136, 52, 32343)
(136, 122, 50666)
(136, 36, 69013)
(136, 76, 43517)
(136, 128, 18312)
(136, 104, 21661)
(136, 2, 67628)
(136, 34, 4478)
(137, 132, 8630)
(137, 54, 27947)
(137, 108, 27680)
(137, 29, 2162)
(137, 12, 72335)
(137, 83, 44263)
(137, 100, 33037)
(137, 47, 10844)
(137, 34, 8467)
(137, 77, 50619)
(137, 90, 67491)
(137, 127, 35058)
(137, 93, 24025)
(137, 97, 49202)
(137, 44, 61501)
(137, 57, 16591)
(137, 120, 43178)
(137, 64, 53304)
(137, 66, 73828)
(137, 98, 60757)
(137, 23, 69747)
(137, 121, 22326)
(137, 38, 39833)
(137, 58, 57060)
(137, 46, 66995)
(137, 71, 35157)
(137, 104, 71052)
(137, 79, 14005)
(137, 63, 47635)
(137, 35, 45957)
(137, 53, 35385)
(137, 48, 57295)
(137, 129, 54112)
(137, 65, 48854)
(137, 86, 19151)
(137, 84, 19811)
(137, 52, 52978)
(137, 122, 5959)
(137, 19, 20069)
(137, 130, 39671)
(137, 22, 30933)
(137, 126, 29815)
(137, 40, 31163)
(138, 21, 7989)
(138, 124, 19383)
(138, 80, 58307)
(138, 28, 61377)
(138, 51, 72941)
(138, 45, 75685)
(138, 48, 20116)
(138, 127, 45387)
(138, 126, 26058)
(138, 69, 42516)
(138, 49, 75976)
(138, 23, 34359)
(138, 30, 53315)
(138, 78, 10417)
(138, 100, 32142)
(138, 56, 14704)
(138, 115, 46703)
(138, 29, 42982)
(138, 7, 52683)
(138, 92, 4684)
(138, 84, 43537)
(138, 88, 48248)
(138, 120, 53447)
(138, 81, 65787)
(138, 12, 55287)
(138, 109, 63271)
(138, 94, 19654)
(138, 114, 34602)
(138, 104, 13045)
(138, 66, 56236)
(138, 130, 24695)
(138, 70, 41567)
(138, 121, 34858)
(138, 137, 36966)
(139, 95, 47321)
(139, 80, 46836)
(139, 96, 67712)
(139, 103, 27163)
(139, 21, 68467)
(140, 115, 27569)
(140, 18, 50159)
(140, 70, 31746)
(140, 36, 65476)
(140, 94, 74180)
(140, 38, 67897)
(140, 9, 24664)
(140, 134, 62620)
(140, 69, 51018)
(140, 19, 69000)
(140, 48, 8933)
(140, 98, 24853)
(140, 82, 70742)
(140, 87, 68115)
(140, 128, 32608)
(140, 92, 1071)
(140, 65, 42062)
(140, 5, 4636)
(140, 96, 44469)
(140, 1, 69594)
(140, 34, 13566)
(140, 7, 41275)
(140, 8, 42010)
(140, 71, 45836)
(140, 31, 40301)
(140, 101, 56427)
(140, 64, 72676)
(140, 102, 11564)
(140, 125, 45236)
(140, 127, 35500)
(140, 132, 19551)
(140, 6, 19571)
(140, 133, 26590)
(140, 72, 660)
(140, 97, 33546)
(140, 76, 57788)
(140, 124, 52024)
(140, 23, 14124)
(140, 56, 3720)
(140, 14, 47618)
(140, 17, 39300)
(140, 83, 5375)
(140, 21, 37580)
(140, 62, 68085)
(140, 100, 58333)
(140, 78, 46127)
(140, 88, 37231)
(140, 29, 74462)
(140, 25, 8325)
(140, 51, 8145)
(140, 11, 17779)
(140, 45, 69467)
(140, 79, 62644)
(140, 35, 44686)
(140, 26, 8611)
(140, 129, 21325)
(140, 37, 11826)
(140, 54, 73429)
(141, 12, 63819)
(141, 98, 54854)
(141, 68, 47777)
(141, 42, 25266)
(141, 124, 42706)
(141, 85, 53095)
(141, 65, 38755)
(141, 64, 61226)
(141, 89, 24486)
(141, 87, 36271)
(141, 4, 51109)
(141, 140, 39675)
(141, 16, 51653)
(141, 40, 43731)
(141, 15, 44800)
(141, 54, 29614)
(141, 41, 7910)
(141, 106, 65030)
(141, 30, 448)
(141, 2, 60183)
(141, 62, 13775)
(141, 81, 34798)
(141, 95, 65326)
(141, 92, 42184)
(141, 0, 67089)
(141, 107, 71672)
(141, 70, 64253)
(141, 128, 58643)
(141, 123, 32213)
(141, 75, 34488)
(141, 117, 18861)
(141, 73, 3318)
(141, 52, 62309)
(141, 6, 3573)
(141, 7, 24378)
(141, 110, 35127)
(141, 58, 62329)
(141, 86, 3436)
(141, 132, 68971)
(141, 24, 6885)
(141, 27, 32707)
(141, 51, 53146)
(141, 90, 72248)
(141, 57, 19504)
(141, 8, 16830)
(141, 39, 2473)
(141, 5, 67557)
(141, 48, 12240)
(141, 11, 32981)
(141, 25, 42832)
(141, 121, 40405)
(141, 35, 7722)
(141, 17, 1251)
(141, 23, 26847)
(141, 126, 6234)
(141, 50, 19576)
(141, 108, 71655)
(141, 78, 40643)
(141, 93, 63089)
(141, 133, 10093)
(141, 127, 67687)
(141, 119, 447)
(141, 130, 44510)
(141, 79, 642)
(141, 49, 52786)
(141, 77, 76181)
(141, 55, 57464)
(141, 114, 49290)
(141, 116, 32705)
(141, 34, 51077)
(141, 67, 67849)
(141, 33, 64175)
(141, 14, 42817)
(141, 44, 56926)
(141, 74, 38015)
(141, 76, 59444)
(141, 109, 75077)
(141, 129, 20357)
(141, 69, 32266)
(141, 13, 62637)
(141, 113, 11872)
(141, 18, 47484)
(141, 101, 56552)
(141, 122, 41767)
(141, 99, 52720)
(141, 83, 10372)
(141, 66, 54478)
(141, 29, 1026)
(141, 59, 67361)
(141, 32, 5949)
(142, 127, 33848)
(143, 73, 41500)
(143, 91, 57257)
(143, 4, 55303)
(143, 138, 2981)
(143, 58, 37147)
(143, 31, 58287)
(143, 57, 31555)
(143, 92, 54936)
(143, 109, 62469)
(143, 99, 44847)
(143, 35, 1862)
(143, 87, 58432)
(143, 132, 4232)
(143, 7, 10424)
(143, 56, 22748)
(143, 18, 54711)
(143, 49, 63817)
(143, 108, 14798)
(143, 137, 1253)
(143, 75, 25652)
(143, 86, 64347)
(143, 54, 29071)
(143, 1, 45472)
(143, 41, 5099)
(143, 88, 53280)
(143, 84, 65008)
(143, 111, 20613)
(143, 51, 74357)
(143, 14, 68459)
(143, 44, 20262)
(143, 50, 55292)
(143, 133, 29135)
(143, 48, 64)
(143, 115, 26138)
(143, 100, 22566)
(143, 118, 52957)
(143, 110, 26497)
(143, 8, 26965)
(143, 102, 32539)
(143, 89, 11442)
(143, 24, 15428)
(143, 21, 16728)
(143, 117, 32533)
(143, 135, 44005)
(143, 32, 12448)
(143, 141, 37236)
(143, 22, 16630)
(143, 95, 1012)
(143, 71, 33973)
(143, 129, 66600)
(143, 0, 75518)
(143, 65, 40688)
(143, 40, 43606)
(143, 42, 47928)
(143, 16, 68553)
(143, 6, 114)
(143, 128, 58199)
(143, 12, 61975)
(143, 17, 20346)
(143, 62, 35268)
(143, 79, 66386)
(143, 140, 7215)
(143, 53, 39485)
(143, 5, 39730)
(143, 98, 45428)
(143, 47, 7769)
(143, 81, 26646)
(143, 126, 56866)
(143, 69, 11810)
(143, 61, 2112)
(143, 10, 38973)
(143, 27, 2364)
(143, 130, 74444)
(143, 120, 2517)
(143, 139, 1064)
(143, 124, 56851)
(143, 94, 52925)
(143, 125, 57111)
(143, 11, 28161)
(143, 34, 74126)
(143, 122, 51979)
(143, 2, 7842)
(143, 131, 62528)
(143, 55, 30626)
(143, 85, 42317)
(143, 93, 70785)
(143, 13, 15713)
(143, 45, 68031)
(143, 15, 64661)
(143, 30, 32969)
(143, 70, 45594)
(143, 19, 56761)
(143, 127, 59335)
(143, 101, 35)
(143, 46, 65414)
(143, 90, 25837)
(143, 114, 65934)
(143, 113, 45709)
(143, 82, 27077)
(143, 123, 847)
(143, 121, 40725)
(143, 39, 20457)
(143, 52, 35919)
(143, 3, 11024)
(143, 107, 3372)
(143, 112, 56637)
(143, 80, 24895)
(143, 43, 42288)
(143, 136, 66135)
(143, 59, 57674)
(143, 20, 44307)
(143, 116, 33144)
(144, 15, 17042)
(144, 77, 14019)
(144, 99, 5687)
(144, 80, 37464)
(144, 137, 5146)
(144, 132, 26493)
(144, 41, 63269)
(144, 122, 38263)
(144, 72, 59311)
(144, 90, 57095)
(144, 84, 39877)
(144, 76, 56467)
(144, 38, 24428)
(144, 46, 27494)
(145, 100, 41310)
(145, 75, 55658)
(145, 13, 14397)
(145, 73, 59202)
(145, 30, 25058)
(145, 120, 56624)
(145, 25, 4570)
(145, 109, 10779)
(145, 44, 29323)
(145, 141, 71993)
(145, 66, 64097)
(145, 22, 70995)
(145, 86, 58745)
(145, 139, 44017)
(145, 52, 76342)
(145, 16, 18761)
(145, 1, 41492)
(145, 102, 6364)
(145, 47, 38069)
(145, 88, 61364)
(145, 127, 32915)
(145, 12, 46130)
(145, 111, 51884)
(145, 83, 9069)
(145, 68, 39503)
(145, 131, 73783)
(145, 26, 21251)
(145, 103, 48027)
(145, 57, 24633)
(145, 90, 48410)
(145, 101, 61480)
(145, 123, 51506)
(145, 56, 42875)
(145, 24, 25099)
(145, 117, 18010)
(145, 121, 53039)
(145, 3, 12750)
(145, 69, 33)
(145, 76, 5531)
(145, 85, 46832)
(145, 36, 5370)
(145, 48, 42893)
(145, 116, 48485)
(145, 78, 13284)
(145, 72, 38662)
(145, 8, 37149)
(145, 119, 61009)
(145, 138, 1334)
(145, 137, 73503)
(145, 59, 8838)
(145, 63, 75313)
(145, 133, 52846)
(145, 81, 52934)
(145, 28, 65721)
(145, 61, 51163)
(145, 7, 4176)
(145, 104, 32210)
(145, 143, 13760)
(145, 115, 13979)
(145, 4, 69468)
(145, 140, 73075)
(145, 89, 24680)
(145, 99, 30321)
(145, 108, 32500)
(145, 110, 64974)
(145, 92, 12585)
(145, 74, 25351)
(145, 2, 41785)
(145, 67, 11053)
(146, 101, 57347)
(146, 9, 17422)
(146, 18, 75020)
(146, 94, 40667)
(146, 144, 73753)
(146, 21, 61511)
(146, 100, 67640)
(146, 70, 68690)
(146, 26, 42006)
(146, 3, 12947)
(146, 127, 3373)
(146, 142, 10125)
(146, 124, 56591)
(146, 27, 26198)
(146, 58, 28682)
(146, 1, 15928)
(146, 34, 68910)
(146, 107, 54039)
(146, 2, 70404)
(146, 61, 66652)
(146, 45, 23499)
(146, 109, 43424)
(146, 82, 8793)
(146, 31, 40278)
(146, 133, 61651)
(146, 125, 59639)
(146, 10, 11012)
(146, 140, 27649)
(146, 111, 76234)
(146, 4, 15844)
(146, 102, 7719)
(146, 0, 25892)
(146, 93, 51564)
(146, 49, 70887)
(146, 72, 35402)
(146, 12, 11268)
(146, 119, 62117)
(146, 92, 27425)
(146, 24, 70644)
(146, 98, 30288)
(146, 81, 25738)
(146, 74, 46943)
(146, 75, 18027)
(146, 63, 14155)
(146, 16, 21492)
(146, 28, 1995)
(146, 114, 57589)
(146, 138, 50104)
(146, 68, 59457)
(146, 15, 42114)
(146, 87, 14482)
(146, 46, 49823)
(146, 83, 62358)
(146, 108, 52350)
(146, 99, 33416)
(146, 145, 35929)
(146, 42, 40775)
(146, 97, 45592)
(146, 51, 71149)
(146, 77, 9112)
(146, 130, 28477)
(146, 23, 27920)
(146, 117, 59404)
(146, 96, 49803)
(146, 32, 37173)
(146, 53, 39808)
(146, 85, 52642)
(146, 135, 21455)
(146, 39, 54158)
(146, 35, 12524)
(146, 129, 29107)
(146, 126, 50085)
(146, 57, 67072)
(146, 89, 69705)
(146, 13, 54965)
(146, 44, 71448)
(146, 73, 62136)
(146, 139, 54154)
(147, 91, 37608)
(147, 146, 53572)
(147, 117, 57611)
(147, 130, 44447)
(147, 97, 8852)
(147, 106, 12058)
(147, 25, 6890)
(147, 55, 48155)
(147, 68, 7352)
(147, 64, 11317)
(147, 92, 1076)
(147, 141, 55007)
(147, 31, 51107)
(147, 144, 73410)
(147, 6, 53346)
(147, 105, 48948)
(147, 18, 11270)
(147, 5, 24554)
(147, 81, 9624)
(147, 42, 25341)
(147, 120, 30117)
(147, 30, 40876)
(147, 39, 48705)
(147, 62, 28096)
(147, 20, 59473)
(147, 108, 62565)
(147, 32, 35459)
(147, 139, 65531)
(147, 96, 63493)
(147, 74, 23873)
(147, 56, 6157)
(147, 126, 16824)
(147, 78, 71300)
(147, 93, 22255)
(147, 66, 14057)
(147, 19, 39893)
(147, 87, 70840)
(147, 44, 5121)
(147, 1, 48326)
(147, 0, 31131)
(147, 127, 34526)
(147, 69, 31504)
(147, 86, 40421)
(147, 60, 42933)
(147, 79, 56857)
(147, 121, 66122)
(147, 36, 25392)
(147, 114, 18648)
(147, 34, 3130)
(147, 17, 63906)
(147, 41, 64405)
(147, 7, 24559)
(147, 94, 14594)
(147, 145, 29224)
(147, 89, 61758)
(147, 142, 41264)
(147, 143, 40383)
(147, 14, 71518)
(147, 95, 73962)
(147, 84, 17003)
(147, 48, 53549)
(147, 10, 55579)
(147, 21, 59498)
(147, 129, 55525)
(147, 115, 56414)
(147, 46, 73544)
(147, 101, 4109)
(147, 13, 69167)
(147, 70, 67620)
(147, 133, 55697)
(147, 2, 53681)
(147, 3, 9675)
(147, 119, 22223)
(147, 15, 66029)
(147, 140, 47398)
(147, 134, 62445)
(147, 38, 68483)
(147, 63, 9760)
(147, 65, 35728)
(147, 123, 41938)
(147, 71, 72977)
(147, 131, 44957)
(147, 51, 11291)
(147, 50, 4021)
(147, 118, 33274)
(147, 58, 30940)
(147, 113, 38979)
(147, 47, 58763)
(147, 135, 25286)
(147, 49, 51808)
(147, 72, 47282)
(147, 29, 6627)
(147, 73, 53167)
(147, 37, 70665)
(147, 110, 31134)
(147, 8, 37747)
(147, 137, 41287)
(147, 98, 18754)
(147, 54, 75759)
(147, 111, 59350)
(147, 33, 33356)
(147, 16, 62054)
(147, 27, 30279)
(147, 11, 73248)
(147, 26, 30560)
(147, 109, 55239)
(147, 124, 29139)
(147, 67, 47401)
(147, 80, 72595)
(147, 4, 37824)
(147, 82, 53831)
(147, 104, 18042)
(147, 43, 56828)
(147, 76, 9512)
(147, 102, 57270)
(147, 83, 8725)
(147, 45, 616)
(147, 77, 15707)
(147, 40, 63454)
(147, 9, 10726)
(147, 88, 75351)
(148, 30, 42139)
(148, 142, 70511)
(148, 4, 23329)
(148, 33, 56578)
(148, 139, 18438)
(148, 46, 75766)
(148, 8, 13303)
(148, 120, 12517)
(149, 57, 73972)
(149, 137, 31639)
(149, 82, 33795)
(149, 142, 12044)
(149, 91, 20815)
(149, 90, 50842)
(149, 34, 39948)
(149, 47, 43824)
(149, 94, 6846)
(149, 118, 64890)
(149, 121, 24068)
(149, 2, 18333)
(149, 112, 25870)
(149, 108, 20568)
(149, 144, 17039)
(149, 3, 42910)
(149, 131, 31694)
(149, 43, 33483)
(149, 132, 51571)
(149, 1, 30408)
(149, 10, 56396)
(149, 49, 31341)
(149, 76, 60452)
(149, 71, 63828)
(149, 99, 3002)
(149, 88, 2734)
(149, 17, 445)
(149, 109, 6187)
(149, 41, 51554)
(149, 4, 73257)
(149, 98, 16473)
(149, 143, 48761)
(149, 55, 27372)
(149, 95, 56557)
(149, 120, 63694)
(149, 92, 34152)
(149, 111, 69475)
(149, 12, 6928)
(149, 9, 24437)
(149, 81, 51464)
(149, 79, 51012)
(149, 7, 68150)
(149, 6, 29573)
(149, 127, 14969)
(149, 96, 10467)
(149, 139, 3246)
(149, 83, 46262)
(149, 46, 58696)
(149, 78, 32357)
(149, 117, 24196)
(149, 114, 44140)
(149, 42, 12066)
(149, 31, 12912)
(149, 11, 55951)
(149, 116, 56921)
(149, 48, 55034)
(149, 145, 73465)
(149, 19, 74159)
(149, 119, 56355)
(149, 128, 42730)
(149, 30, 33330)
(149, 61, 55923)
(149, 63, 29427)
(149, 8, 49655)
(149, 15, 63464)
(149, 38, 46081)
(149, 27, 6599)
(149, 21, 64429)
(149, 69, 11263)
(149, 16, 8317)
(149, 113, 58744)
(149, 73, 64468)
(149, 86, 20223)
(149, 97, 74686)
(149, 5, 10119)
(149, 87, 40995)
(149, 67, 22156)
(149, 56, 45210)
(149, 85, 67767)
(149, 44, 26994)
(149, 105, 12273)
(149, 70, 66371)
(149, 103, 57310)
(149, 140, 9219)
(149, 0, 22069)
(149, 53, 46296)
(149, 124, 18839)
(149, 101, 66288)
(149, 146, 7004)
(149, 77, 56286)
(149, 126, 4881)
(149, 39, 28114)
(149, 134, 46431)
(149, 130, 68153)
(149, 58, 27635)
(149, 133, 62261)
(149, 115, 68298)
(149, 60, 37540)
(149, 32, 47569)
(149, 33, 59808)
(149, 64, 23853)
(149, 138, 32757)
(149, 40, 14843)
(149, 136, 8140)
(149, 13, 35125)
(149, 52, 28243)
(149, 54, 13075)
(149, 28, 56777)
(149, 74, 19336)
(149, 62, 69553)
(149, 23, 444)
(149, 84, 75553)
(149, 100, 27811)
(149, 141, 17859)
(150, 37, 23191)
(150, 29, 62939)
(150, 148, 16801)
(150, 125, 72465)
(150, 26, 15679)
(150, 2, 22481)
(150, 56, 54415)
(150, 130, 60246)
(150, 72, 27311)
(150, 60, 66429)
(150, 62, 39251)
(150, 19, 38713)
(150, 137, 8509)
(150, 71, 17923)
(150, 44, 65306)
(150, 117, 42009)
(150, 97, 53084)
(150, 51, 40636)
(150, 70, 8581)
(150, 85, 6037)
(150, 14, 46412)
(150, 80, 61790)
(150, 141, 67470)
(150, 6, 48225)
(150, 67, 48784)
(150, 109, 37835)
(150, 79, 41956)
(150, 83, 65417)
(150, 142, 72925)
(150, 11, 16925)
(150, 108, 54237)
(150, 81, 2727)
(150, 146, 71755)
(150, 78, 30891)
(150, 77, 1318)
(150, 121, 10885)
(150, 75, 8195)
(150, 144, 62409)
(150, 53, 55471)
(150, 57, 21356)
(150, 54, 44868)
(150, 24, 12645)
(150, 52, 42183)
(150, 34, 6016)
(150, 43, 16931)
(150, 69, 40037)
(150, 48, 3534)
(150, 28, 54128)
(150, 17, 72001)
(150, 35, 17620)
(150, 104, 60356)
(150, 86, 53618)
(150, 134, 1983)
(150, 123, 15934)
(150, 132, 43531)
(150, 49, 33870)
(150, 122, 3939)
(150, 139, 29385)
(150, 128, 75579)
(150, 3, 72422)
(150, 105, 38929)
(150, 73, 21081)
(150, 74, 68792)
(150, 32, 8142)
(150, 21, 56071)
(150, 127, 65015)
(150, 101, 10110)
(150, 27, 16791)
(150, 1, 20607)
(150, 23, 74380)
(150, 58, 23786)
(150, 76, 62782)
(150, 131, 69921)
(150, 47, 8740)
(150, 102, 9500)
(150, 82, 25203)
(150, 119, 62614)
(150, 64, 34414)
(150, 50, 69662)
(150, 136, 50466)
(151, 134, 58194)
(151, 126, 49219)
(151, 44, 66918)
(151, 28, 11637)
(151, 53, 51789)
(151, 34, 20182)
(151, 45, 11198)
(151, 113, 52955)
(151, 150, 17619)
(151, 141, 37712)
(151, 70, 7686)
(151, 93, 28200)
(151, 116, 39616)
(151, 107, 24111)
(151, 74, 12654)
(151, 42, 70750)
(151, 63, 26613)
(151, 111, 41381)
(151, 146, 69790)
(151, 32, 69210)
(152, 148, 41460)
(152, 8, 66570)
(152, 130, 10582)
(152, 33, 10936)
(152, 43, 67925)
(152, 114, 15123)
(152, 41, 26421)
(152, 79, 3870)
(152, 81, 13178)
(152, 86, 30542)
(152, 71, 44815)
(152, 5, 22910)
(152, 151, 75865)
(152, 73, 60149)
(152, 35, 63705)
(152, 121, 62166)
(152, 39, 24538)
(152, 50, 16362)
(152, 137, 12600)
(152, 84, 74822)
(152, 62, 51651)
(152, 15, 71139)
(152, 74, 60638)
(152, 36, 24796)
(152, 9, 58758)
(152, 141, 27257)
(152, 12, 37761)
(152, 58, 59918)
(152, 146, 37972)
(152, 136, 59720)
(152, 94, 14234)
(152, 109, 48957)
(152, 26, 67086)
(152, 32, 36618)
(152, 111, 14448)
(152, 65, 18604)
(152, 124, 15772)
(152, 80, 23698)
(152, 113, 6458)
(152, 22, 1886)
(152, 92, 62377)
(152, 37, 46099)
(152, 3, 75143)
(152, 142, 32413)
(152, 123, 49443)
(152, 28, 15662)
(152, 120, 32061)
(152, 4, 20554)
(152, 46, 19735)
(152, 13, 54675)
(152, 51, 35859)
(152, 133, 9017)
(152, 131, 46527)
(152, 23, 27123)
(152, 147, 838)
(152, 116, 43816)
(152, 52, 7183)
(152, 143, 68036)
(152, 98, 21944)
(152, 90, 44837)
(152, 83, 50462)
(152, 70, 69373)
(152, 55, 14610)
(152, 97, 66107)
(152, 112, 57406)
(152, 127, 53532)
(152, 72, 53367)
(152, 44, 73533)
(152, 88, 29168)
(152, 57, 30263)
(152, 67, 29873)
(152, 115, 854)
(152, 128, 31035)
(152, 78, 67464)
(152, 110, 50841)
(152, 91, 71882)
(152, 29, 31312)
(152, 69, 29841)
(152, 19, 19089)
(152, 96, 8776)
(152, 31, 60781)
(152, 18, 49360)
(152, 17, 66863)
(152, 49, 3593)
(152, 7, 74390)
(152, 76, 72064)
(152, 119, 36394)
(152, 129, 30564)
(152, 2, 2921)
(152, 27, 21467)
(152, 135, 16709)
(152, 11, 65383)
(152, 125, 66026)
(152, 144, 40450)
(152, 82, 42260)
(152, 61, 52939)
(152, 134, 28831)
(152, 132, 67359)
(152, 95, 29163)
(152, 54, 68185)
(152, 85, 48066)
(152, 53, 36683)
(152, 101, 34458)
(152, 108, 33911)
(152, 21, 9850)
(152, 64, 28187)
(152, 1, 20936)
(152, 139, 40483)
(152, 107, 45759)
(152, 99, 26320)
(152, 100, 61446)
(152, 42, 59686)
(152, 20, 72621)
(152, 48, 602)
(152, 126, 71783)
(152, 30, 63805)
(152, 24, 40057)
(152, 63, 62567)
(152, 106, 50188)
(152, 59, 4379)
(152, 40, 38064)
(152, 66, 32286)
(152, 75, 61048)
(152, 0, 34665)
(152, 122, 52893)
(152, 89, 59084)
(152, 77, 27442)
(152, 10, 57764)
(152, 105, 53469)
(153, 44, 4598)
(153, 88, 21006)
(153, 129, 6706)
(153, 2, 50361)
(153, 141, 30581)
(153, 49, 65323)
(153, 4, 74619)
(153, 6, 46107)
(153, 27, 73593)
(153, 99, 42458)
(153, 52, 17554)
(153, 119, 16800)
(153, 97, 49686)
(153, 128, 42932)
(153, 5, 10522)
(153, 68, 39444)
(153, 62, 27380)
(153, 142, 35837)
(153, 120, 49056)
(153, 3, 74285)
(153, 71, 4050)
(153, 58, 73446)
(153, 73, 59003)
(153, 41, 30684)
(153, 152, 69074)
(153, 92, 62999)
(153, 89, 44834)
(153, 57, 56859)
(153, 144, 72846)
(153, 10, 16906)
(153, 112, 60890)
(153, 72, 11282)
(153, 59, 6836)
(153, 12, 34902)
(153, 111, 65307)
(153, 15, 7858)
(153, 69, 38023)
(153, 148, 45398)
(153, 84, 8952)
(153, 105, 28274)
(153, 66, 70427)
(153, 87, 74886)
(153, 145, 64251)
(153, 78, 47433)
(153, 136, 16027)
(153, 42, 10735)
(153, 138, 65553)
(153, 126, 10874)
(153, 140, 56380)
(153, 110, 48472)
(153, 25, 4078)
(153, 35, 50242)
(153, 133, 54938)
(153, 37, 24674)
(153, 115, 29799)
(153, 46, 42654)
(153, 83, 57923)
(153, 80, 16097)
(153, 81, 69381)
(153, 93, 48931)
(153, 98, 3046)
(153, 48, 74351)
(153, 104, 62940)
(153, 24, 1275)
(153, 53, 50207)
(153, 9, 33693)
(153, 1, 61019)
(153, 31, 39563)
(153, 55, 18180)
(153, 82, 32252)
(153, 121, 66296)
(153, 149, 10917)
(153, 56, 14205)
(153, 137, 8658)
(153, 77, 43145)
(153, 29, 53373)
(153, 86, 48634)
(153, 34, 30268)
(153, 100, 45653)
(153, 45, 58281)
(153, 43, 18618)
(153, 139, 4115)
(153, 18, 54255)
(153, 38, 23133)
(153, 76, 53125)
(153, 134, 55307)
(153, 146, 18530)
(153, 26, 25531)
(153, 61, 54287)
(153, 64, 8527)
(153, 123, 50285)
(153, 124, 17277)
(153, 67, 43273)
(153, 60, 75269)
(153, 106, 59534)
(153, 101, 71622)
(153, 70, 36549)
(153, 103, 59301)
(153, 54, 43753)
(153, 151, 14335)
(153, 36, 68168)
(153, 47, 70376)
(153, 39, 26635)
(153, 109, 56586)
(153, 17, 19763)
(153, 32, 19864)
(153, 113, 63471)
(153, 19, 73587)
(153, 11, 32389)
(153, 125, 41421)
(153, 33, 20214)
(153, 22, 15224)
(153, 116, 39894)
(153, 75, 26826)
(153, 7, 38671)
(153, 122, 401)
(153, 79, 47350)
(153, 40, 72206)
(153, 150, 35112)
(153, 95, 60399)
(153, 131, 37634)
(153, 85, 38913)
(153, 23, 55804)
(153, 118, 18217)
(153, 21, 11582)
(153, 90, 53899)
(153, 20, 58853)
(153, 51, 14107)
(154, 94, 3397)
(154, 114, 58519)
(154, 21, 20330)
(154, 115, 31288)
(154, 5, 33815)
(154, 76, 33510)
(154, 40, 16068)
(154, 10, 49280)
(154, 86, 27584)
(154, 3, 60337)
(154, 70, 68892)
(154, 32, 57206)
(154, 144, 23128)
(154, 38, 74218)
(154, 6, 72527)
(154, 145, 63940)
(154, 83, 72062)
(154, 107, 60184)
(154, 31, 29985)
(154, 110, 31310)
(154, 61, 67531)
(154, 124, 1677)
(154, 0, 40444)
(154, 93, 48766)
(154, 66, 49110)
(154, 23, 67431)
(154, 50, 46627)
(154, 140, 64877)
(154, 52, 65142)
(154, 129, 27295)
(154, 116, 43464)
(154, 48, 32692)
(154, 37, 32709)
(154, 148, 3622)
(154, 41, 31883)
(154, 53, 67649)
(154, 123, 20462)
(154, 120, 11354)
(154, 91, 68301)
(154, 27, 285)
(154, 141, 70204)
(154, 11, 13827)
(154, 118, 53952)
(154, 30, 10039)
(154, 122, 25275)
(154, 74, 20122)
(154, 99, 1213)
(154, 22, 41686)
(154, 56, 38665)
(154, 130, 65243)
(154, 67, 43359)
(154, 106, 43649)
(154, 128, 35039)
(154, 20, 58487)
(154, 149, 33844)
(154, 142, 4376)
(154, 65, 38932)
(154, 137, 59076)
(154, 7, 12069)
(154, 14, 69225)
(154, 102, 48408)
(154, 8, 49593)
(154, 54, 47039)
(154, 136, 12794)
(154, 68, 66933)
(154, 117, 20225)
(154, 34, 26415)
(154, 25, 48465)
(154, 134, 29114)
(154, 62, 38812)
(154, 150, 46686)
(154, 39, 55791)
(154, 4, 65292)
(154, 147, 9620)
(154, 12, 158)
(154, 151, 1660)
(154, 42, 41775)
(154, 47, 57434)
(154, 63, 41194)
(154, 127, 60364)
(154, 18, 42333)
(154, 96, 25417)
(154, 73, 52363)
(154, 59, 768)
(154, 9, 23559)
(154, 90, 38279)
(154, 108, 29093)
(154, 112, 63248)
(154, 75, 14667)
(154, 97, 42511)
(154, 82, 42566)
(154, 121, 15260)
(154, 153, 56212)
(154, 51, 62172)
(154, 105, 62657)
(154, 16, 52137)
(154, 131, 71078)
(154, 78, 68625)
(154, 15, 7679)
(154, 24, 71165)
(154, 26, 61038)
(154, 152, 18376)
(154, 88, 14416)
(154, 28, 26292)
(154, 126, 12513)
(154, 81, 74260)
(154, 71, 73564)
(154, 13, 4045)
(154, 135, 31268)
(154, 95, 39224)
(154, 72, 9976)
(154, 146, 25488)
(154, 104, 56785)
(154, 58, 335)
(154, 45, 75213)
(154, 101, 58957)
(154, 132, 67669)
(154, 92, 10046)
(154, 125, 5219)
(154, 36, 69180)
(154, 111, 76102)
(154, 43, 17843)
(154, 44, 66324)
(154, 143, 15129)
(154, 80, 48109)
(154, 46, 29147)
(154, 138, 5095)
(154, 119, 25347)
(154, 77, 2803)
(154, 84, 56969)
(154, 17, 41873)
(154, 100, 20057)
(154, 55, 14269)
(154, 64, 54863)
(154, 133, 42702)
(154, 139, 2450)
(154, 35, 46911)
(154, 33, 76414)
(154, 87, 63529)
(154, 49, 3999)
(154, 1, 11870)
(154, 89, 29989)
(154, 113, 68417)
(154, 19, 37901)
(154, 103, 42301)
(154, 85, 43482)
(154, 60, 50193)
(154, 69, 20320)
(154, 29, 3413)
(155, 60, 43849)
(155, 111, 52415)
(155, 86, 25187)
(155, 113, 70767)
(155, 87, 52935)
(155, 145, 49986)
(155, 38, 39887)
(155, 99, 39533)
(155, 53, 19881)
(155, 21, 25037)
(155, 147, 34592)
(155, 51, 44597)
(155, 22, 8473)
(155, 150, 68386)
(155, 14, 64621)
(155, 134, 64296)
(155, 65, 75220)
(155, 71, 3174)
(155, 77, 11277)
(155, 0, 13713)
(155, 13, 37628)
(155, 146, 1382)
(155, 31, 19454)
(155, 154, 37509)
(155, 108, 25700)
(155, 4, 20067)
(155, 42, 25888)
(155, 110, 56198)
(155, 57, 15553)
(155, 118, 70696)
(155, 35, 62716)
(155, 94, 47728)
(155, 37, 37883)
(155, 26, 72171)
(155, 16, 42233)
(155, 47, 38486)
(155, 143, 7595)
(155, 148, 59842)
(155, 6, 43335)
(155, 130, 73903)
(155, 136, 18432)
(155, 82, 12891)
(155, 83, 64689)
(155, 18, 67766)
(155, 90, 56893)
(155, 140, 75920)
(155, 20, 46556)
(155, 50, 73510)
(155, 64, 59032)
(155, 144, 3633)
(155, 33, 74639)
(155, 29, 75957)
(155, 138, 55908)
(155, 107, 31951)
(155, 19, 1849)
(155, 114, 58713)
(155, 2, 39628)
(155, 117, 16083)
(155, 5, 31387)
(155, 36, 23838)
(155, 73, 22503)
(155, 70, 41684)
(155, 125, 65444)
(155, 41, 66873)
(155, 79, 4723)
(155, 69, 62061)
(155, 66, 27773)
(155, 127, 13790)
(155, 124, 40416)
(155, 100, 73910)
(155, 141, 50189)
(155, 49, 2209)
(155, 76, 69057)
(155, 116, 21239)
(155, 55, 2926)
(155, 93, 27830)
(155, 68, 4498)
(155, 88, 55263)
(155, 129, 11627)
(155, 39, 75608)
(155, 62, 13061)
(155, 128, 66859)
(155, 133, 11753)
(155, 142, 4686)
(155, 132, 52475)
(155, 92, 58837)
(155, 153, 17356)
(155, 1, 10639)
(155, 9, 14068)
(155, 109, 58892)
(155, 25, 39979)
(155, 45, 62516)
(155, 3, 25406)
(155, 78, 74118)
(155, 139, 51828)
(155, 52, 61694)
(155, 131, 65010)
(155, 95, 66123)
(155, 34, 75587)
(155, 126, 2070)
(155, 75, 44879)
(155, 102, 57580)
(155, 91, 72008)
(155, 105, 23338)
(155, 84, 13649)
(155, 48, 24994)
(155, 103, 37830)
(155, 46, 4418)
(155, 12, 41318)
(155, 63, 14168)
(155, 120, 37537)
(155, 23, 30249)
(155, 85, 70514)
(155, 101, 41074)
(155, 61, 75885)
(155, 137, 23706)
(155, 151, 64054)
(155, 27, 72161)
(155, 119, 38137)
(155, 122, 23442)
(155, 32, 26762)
(155, 74, 40592)
(155, 7, 38559)
(155, 10, 8688)
(155, 112, 50259)
(155, 152, 17830)
(155, 24, 73641)
(155, 59, 43994)
(155, 58, 64799)
(155, 135, 12999)
(155, 30, 4897)
(155, 123, 23262)
(155, 17, 57777)
(155, 96, 66865)
(155, 11, 74021)
(155, 40, 28146)
(155, 89, 20638)
(155, 97, 49345)
(155, 43, 43679)
(156, 142, 48262)
(156, 29, 49346)
(156, 20, 21230)
(156, 67, 212)
(156, 73, 38954)
(156, 8, 28503)
(156, 100, 51856)
(156, 122, 76281)
(156, 57, 23208)
(156, 82, 18388)
(156, 90, 34048)
(156, 150, 62227)
(156, 140, 60483)
(156, 113, 49171)
(156, 94, 13098)
(156, 154, 21233)
(156, 4, 22906)
(156, 114, 37785)
(156, 84, 5866)
(156, 145, 2348)
(156, 95, 44674)
(156, 44, 11633)
(156, 2, 40105)
(156, 136, 66330)
(156, 98, 11438)
(156, 13, 51921)
(156, 137, 17803)
(156, 105, 63128)
(156, 18, 11105)
(156, 139, 26324)
(156, 42, 64781)
(156, 101, 18616)
(156, 26, 44915)
(156, 55, 43413)
(156, 152, 9316)
(156, 10, 67749)
(156, 12, 75134)
(157, 149, 28068)
(157, 45, 52145)
(157, 103, 60365)
(157, 61, 48387)
(157, 57, 2028)
(157, 70, 31661)
(157, 58, 49577)
(157, 81, 46292)
(157, 102, 36998)
(157, 66, 38878)
(157, 96, 45200)
(157, 78, 50612)
(157, 53, 44895)
(157, 51, 11273)
(157, 135, 68575)
(157, 145, 21157)
(157, 12, 51371)
(157, 52, 50257)
(157, 17, 39672)
(157, 154, 3744)
(157, 98, 67703)
(157, 112, 50381)
(157, 148, 26205)
(157, 65, 50210)
(157, 118, 48727)
(157, 13, 61249)
(157, 117, 14186)
(157, 90, 24439)
(157, 69, 60959)
(157, 95, 9684)
(157, 50, 64632)
(157, 101, 1786)
(157, 113, 22912)
(157, 73, 61704)
(157, 134, 28672)
(157, 128, 57695)
(157, 100, 44920)
(157, 152, 22480)
(157, 130, 56778)
(157, 139, 52050)
(157, 142, 40874)
(157, 141, 47424)
(157, 127, 4433)
(157, 107, 62074)
(157, 34, 26334)
(157, 20, 36616)
(157, 67, 66635)
(157, 46, 72087)
(157, 10, 11675)
(157, 116, 29914)
(157, 85, 76064)
(157, 9, 10346)
(157, 31, 47917)
(157, 64, 37521)
(157, 144, 26007)
(157, 120, 53530)
(157, 28, 16216)
(157, 155, 6401)
(157, 29, 17531)
(157, 14, 1336)
(157, 156, 44360)
(157, 74, 17764)
(157, 21, 62650)
(157, 39, 12885)
(157, 62, 2228)
(157, 5, 68144)
(157, 68, 16497)
(157, 105, 41352)
(157, 30, 5878)
(157, 80, 55371)
(157, 32, 15583)
(158, 102, 130)
(158, 139, 36215)
(158, 154, 67942)
(158, 105, 50306)
(158, 20, 11772)
(158, 40, 5411)
(158, 32, 60474)
(158, 138, 26803)
(158, 57, 28350)
(158, 14, 3819)
(158, 72, 7095)
(158, 127, 34325)
(158, 97, 9394)
(158, 91, 19847)
(158, 84, 37273)
(158, 83, 35376)
(158, 110, 30134)
(158, 147, 71221)
(158, 85, 21093)
(158, 80, 39262)
(158, 53, 36418)
(158, 145, 37979)
(158, 120, 52503)
(158, 64, 73461)
(158, 36, 60143)
(158, 109, 57750)
(158, 55, 27043)
(158, 87, 67705)
(158, 126, 67953)
(158, 117, 10322)
(158, 56, 67784)
(158, 95, 70769)
(158, 42, 13916)
(158, 67, 28248)
(158, 66, 54958)
(158, 22, 18700)
(158, 137, 39041)
(158, 69, 42962)
(158, 8, 3502)
(158, 34, 11058)
(158, 104, 8807)
(158, 78, 4401)
(158, 0, 27974)
(158, 10, 36125)
(158, 112, 61723)
(158, 25, 50089)
(158, 155, 26827)
(158, 92, 11419)
(158, 86, 24745)
(158, 107, 36050)
(158, 1, 3540)
(158, 77, 56995)
(158, 108, 28347)
(158, 125, 55498)
(158, 118, 19795)
(158, 37, 2866)
(158, 132, 14764)
(158, 89, 74988)
(158, 113, 654)
(158, 157, 3058)
(158, 148, 64113)
(158, 131, 45954)
(158, 115, 2782)
(158, 49, 70715)
(158, 140, 22249)
(158, 122, 62381)
(158, 116, 63658)
(158, 41, 61455)
(158, 150, 39901)
(158, 142, 39425)
(159, 153, 32384)
(159, 121, 46115)
(159, 101, 4197)
(159, 7, 68311)
(159, 152, 12363)
(159, 98, 74697)
(159, 25, 68952)
(159, 70, 50464)
(159, 126, 4769)
(159, 80, 25632)
(159, 103, 14120)
(159, 142, 34767)
(159, 5, 59527)
(159, 46, 349)
(159, 17, 44112)
(159, 59, 72826)
(159, 75, 42884)
(159, 106, 2435)
(159, 51, 39770)
(159, 141, 32762)
(159, 85, 3292)
(159, 27, 49749)
(159, 148, 73102)
(159, 82, 41796)
(159, 145, 12105)
(159, 18, 10271)
(159, 115, 50129)
(159, 67, 14501)
(159, 88, 74172)
(159, 95, 23328)
(159, 90, 6623)
(159, 127, 4800)
(159, 4, 59802)
(159, 122, 37612)
(159, 48, 53371)
(159, 92, 35683)
(159, 45, 13698)
(159, 2, 6279)
(159, 112, 56931)
(159, 10, 38394)
(159, 6, 16328)
(159, 87, 3821)
(159, 44, 29426)
(159, 74, 45693)
(159, 41, 5685)
(159, 53, 66577)
(159, 16, 11879)
(159, 102, 49929)
(159, 29, 2969)
(159, 137, 4902)
(159, 66, 74276)
(159, 33, 6452)
(159, 69, 22872)
(159, 11, 69785)
(159, 31, 24316)
(159, 151, 15596)
(159, 89, 68680)
(159, 1, 15474)
(159, 61, 38808)
(159, 55, 75643)
(159, 23, 27667)
(159, 144, 74745)
(159, 12, 37803)
(159, 124, 66936)
(159, 135, 67536)
(159, 47, 60987)
(159, 93, 69933)
(159, 104, 18107)
(159, 114, 48930)
(159, 139, 51180)
(159, 133, 49842)
(159, 73, 46141)
(159, 158, 23684)
(159, 24, 14177)
(159, 8, 35423)
(159, 77, 34170)
(159, 138, 36309)
(159, 57, 26057)
(159, 79, 49355)
(159, 56, 42552)
(159, 118, 50292)
(159, 43, 74948)
(159, 149, 40654)
(159, 76, 57048)
(159, 0, 61428)
(159, 72, 4784)
(159, 60, 60712)
(159, 146, 74495)
(159, 54, 13330)
(159, 116, 10363)
(159, 128, 57506)
(159, 147, 36686)
(159, 119, 62417)
(159, 96, 50506)
(159, 30, 9767)
(159, 143, 54090)
(159, 49, 20575)
(159, 99, 4753)
(159, 94, 894)
(159, 26, 64670)
(159, 68, 53583)
(159, 120, 71493)
(159, 107, 38460)
(159, 22, 12031)
(159, 100, 60222)
(159, 28, 56195)
(159, 123, 58364)
(159, 157, 4108)
(159, 140, 18576)
(159, 63, 40831)
(159, 109, 24737)
(159, 81, 71283)
(159, 3, 52405)
(159, 130, 39561)
(159, 34, 64270)
(159, 113, 64409)
(159, 14, 64540)
(159, 62, 15978)
(159, 154, 27735)
(159, 155, 11692)
(159, 40, 61533)
(159, 35, 74219)
(159, 52, 47197)
(159, 111, 8927)
(159, 105, 5943)
(159, 19, 19477)
(159, 64, 57859)
(159, 156, 11002)
(159, 108, 16092)
(159, 20, 32818)
(159, 13, 11745)
(159, 36, 438)
(159, 37, 21415)
(159, 42, 70127)
(159, 50, 75081)
(159, 39, 55779)
(159, 78, 72021)
(159, 32, 10847)
(159, 38, 21244)
(159, 83, 51555)
(160, 12, 44679)
(160, 60, 46241)
(160, 37, 47933)
(160, 142, 8448)
(160, 105, 40213)
(160, 135, 16684)
(160, 92, 51187)
(160, 49, 43373)
(160, 89, 36399)
(160, 131, 30004)
(160, 86, 35182)
(160, 63, 32304)
(160, 18, 10243)
(160, 128, 69145)
(160, 108, 48515)
(160, 2, 29181)
(160, 26, 28094)
(160, 150, 60639)
(160, 8, 346)
(160, 100, 4984)
(160, 97, 36677)
(160, 52, 54551)
(160, 95, 28369)
(160, 157, 22518)
(160, 46, 19288)
(160, 123, 60551)
(160, 55, 41014)
(160, 54, 15030)
(160, 71, 45046)
(160, 151, 1017)
(160, 87, 30349)
(160, 154, 75733)
(160, 83, 24789)
(160, 152, 67776)
(160, 29, 47143)
(160, 27, 75801)
(160, 81, 2937)
(160, 94, 42578)
(160, 159, 53671)
(160, 32, 41292)
(160, 127, 57804)
(160, 91, 2791)
(160, 147, 32196)
(160, 156, 62289)
(160, 101, 69317)
(160, 56, 62684)
(160, 61, 62519)
(160, 75, 88)
(160, 21, 70457)
(160, 43, 67757)
(160, 120, 68509)
(160, 47, 33126)
(160, 104, 29898)
(160, 30, 12522)
(160, 111, 64546)
(160, 114, 20018)
(160, 48, 60584)
(160, 78, 61257)
(160, 19, 74455)
(160, 74, 48621)
(160, 80, 25674)
(160, 140, 66180)
(160, 124, 71249)
(160, 85, 36669)
(160, 76, 76377)
(160, 121, 71747)
(160, 139, 58961)
(160, 15, 28521)
(160, 126, 19474)
(160, 36, 26199)
(160, 50, 66490)
(160, 138, 39489)
(160, 25, 72734)
(160, 88, 73154)
(160, 69, 42299)
(160, 33, 31641)
(160, 65, 53081)
(160, 110, 3792)
(160, 35, 3504)
(160, 144, 2635)
(160, 39, 54279)
(160, 146, 22933)
(160, 132, 13645)
(160, 6, 807)
(160, 51, 42876)
(160, 67, 10596)
(160, 70, 37127)
(160, 119, 2879)
(160, 11, 49135)
(160, 7, 69445)
(160, 130, 452)
(160, 5, 68034)
(160, 148, 55454)
(160, 57, 73501)
(160, 20, 41385)
(160, 53, 2610)
(160, 125, 14212)
(160, 40, 8719)
(160, 62, 48319)
(160, 4, 26125)
(160, 24, 49117)
(160, 9, 3077)
(160, 134, 61772)
(160, 106, 5152)
(160, 58, 66671)
(160, 113, 2750)
(160, 122, 2341)
(160, 143, 49722)
(160, 77, 34894)
(160, 129, 40373)
(160, 17, 14506)
(160, 145, 29029)
(160, 38, 26215)
(160, 136, 17871)
(160, 117, 1380)
(160, 31, 52378)
(160, 103, 45248)
(160, 141, 74492)
(160, 13, 18546)
(160, 34, 274)
(161, 65, 48980)
(161, 85, 1806)
(161, 132, 34820)
(161, 159, 20639)
(161, 40, 61477)
(161, 35, 4843)
(161, 111, 48297)
(161, 112, 11196)
(161, 56, 66625)
(161, 73, 35530)
(161, 79, 58291)
(161, 81, 14048)
(161, 31, 32159)
(161, 155, 45292)
(161, 105, 16084)
(161, 7, 70570)
(161, 27, 24118)
(161, 98, 19519)
(161, 150, 22897)
(161, 50, 7130)
(161, 113, 1598)
(161, 151, 48713)
(161, 48, 72687)
(161, 84, 9554)
(161, 25, 50022)
(161, 123, 20476)
(161, 125, 45403)
(161, 86, 60853)
(161, 127, 73829)
(161, 20, 31742)
(161, 11, 25360)
(161, 102, 67179)
(161, 5, 71587)
(161, 140, 5721)
(161, 2, 74093)
(161, 133, 47566)
(161, 142, 53178)
(161, 121, 70503)
(161, 144, 46305)
(161, 120, 75707)
(161, 87, 20751)
(161, 47, 760)
(161, 129, 73340)
(161, 95, 69177)
(161, 134, 55933)
(161, 77, 56830)
(161, 38, 55620)
(161, 158, 41940)
(161, 17, 38505)
(161, 15, 1939)
(161, 61, 26591)
(161, 55, 74155)
(161, 153, 45257)
(161, 23, 56394)
(161, 16, 68868)
(161, 71, 2979)
(162, 141, 63541)
(162, 36, 71360)
(162, 62, 41794)
(162, 9, 2294)
(162, 102, 39843)
(162, 61, 18456)
(162, 116, 23620)
(162, 120, 18915)
(162, 22, 66500)
(162, 152, 67799)
(162, 84, 58960)
(162, 33, 51115)
(162, 2, 29764)
(162, 52, 65489)
(162, 154, 43782)
(162, 117, 17208)
(162, 59, 38651)
(162, 17, 47135)
(162, 151, 55999)
(162, 15, 14851)
(162, 65, 62846)
(162, 137, 25761)
(162, 29, 57697)
(162, 122, 22881)
(162, 69, 12613)
(162, 93, 56894)
(162, 20, 51290)
(162, 124, 230)
(162, 74, 13446)
(162, 56, 18804)
(162, 55, 65543)
(162, 112, 20073)
(162, 54, 15819)
(162, 37, 45199)
(162, 63, 69756)
(162, 58, 13983)
(162, 49, 56536)
(162, 89, 62493)
(162, 38, 870)
(162, 27, 10056)
(162, 132, 23754)
(162, 41, 34339)
(162, 95, 71374)
(162, 10, 28586)
(162, 160, 70535)
(162, 91, 62463)
(162, 110, 41759)
(162, 133, 57226)
(162, 142, 54780)
(162, 161, 73842)
(162, 68, 49907)
(162, 113, 53441)
(162, 156, 41391)
(162, 0, 36051)
(162, 153, 57263)
(162, 19, 30227)
(162, 140, 25804)
(162, 136, 43259)
(162, 148, 64146)
(162, 1, 49514)
(162, 32, 68208)
(162, 6, 6940)
(162, 130, 16412)
(162, 138, 54278)
(162, 103, 14800)
(162, 111, 3287)
(162, 40, 1781)
(162, 44, 26386)
(162, 4, 7681)
(162, 119, 36629)
(162, 26, 30732)
(162, 99, 39947)
(162, 28, 37589)
(162, 81, 49760)
(162, 73, 53685)
(162, 64, 70757)
(162, 50, 18513)
(162, 78, 57963)
(162, 108, 51707)
(162, 90, 2836)
(162, 157, 37104)
(162, 30, 19023)
(162, 131, 58299)
(162, 72, 8218)
(162, 67, 70569)
(162, 51, 226)
(162, 128, 5509)
(162, 5, 8422)
(162, 92, 11784)
(162, 105, 30037)
(162, 24, 27357)
(162, 158, 40686)
(162, 31, 23085)
(162, 71, 33981)
(162, 60, 75316)
(162, 126, 5925)
(162, 35, 66127)
(162, 45, 37028)
(162, 100, 31977)
(162, 34, 51047)
(162, 13, 31812)
(162, 107, 30174)
(162, 70, 805)
(162, 8, 41463)
(162, 123, 20246)
(162, 86, 61293)
(162, 101, 58723)
(162, 48, 22294)
(162, 76, 73242)
(162, 97, 50969)
(162, 14, 28154)
(162, 75, 20156)
(162, 125, 28088)
(162, 109, 47077)
(162, 66, 61361)
(162, 87, 35126)
(162, 85, 29337)
(162, 18, 9902)
(162, 155, 15970)
(162, 145, 58545)
(162, 143, 36059)
(163, 26, 32278)
(163, 18, 32922)
(163, 19, 60419)
(163, 145, 62719)
(163, 69, 37864)
(163, 35, 50293)
(163, 66, 22418)
(163, 140, 59050)
(163, 115, 46977)
(163, 31, 34011)
(163, 64, 32379)
(163, 122, 28461)
(163, 142, 12304)
(163, 33, 39859)
(163, 67, 35911)
(163, 77, 3527)
(163, 134, 70981)
(163, 32, 18575)
(163, 118, 58630)
(163, 71, 35059)
(163, 96, 43642)
(163, 49, 70509)
(163, 68, 67798)
(163, 11, 6815)
(163, 34, 35173)
(163, 113, 74777)
(163, 143, 74321)
(163, 98, 44507)
(163, 117, 37208)
(163, 153, 56909)
(163, 2, 57338)
(163, 41, 37055)
(163, 43, 25180)
(163, 104, 69067)
(163, 107, 18342)
(163, 73, 36722)
(163, 111, 6951)
(163, 147, 1111)
(163, 17, 57889)
(163, 65, 11731)
(163, 51, 20753)
(163, 128, 10454)
(163, 36, 70280)
(163, 24, 15301)
(163, 75, 3159)
(163, 4, 43703)
(163, 29, 46341)
(163, 87, 65895)
(163, 106, 48764)
(163, 57, 72304)
(163, 123, 31260)
(163, 148, 17431)
(163, 119, 10755)
(163, 13, 72559)
(163, 139, 31620)
(163, 30, 8926)
(163, 149, 10732)
(163, 120, 51876)
(163, 79, 53927)
(163, 89, 41232)
(163, 116, 54693)
(163, 97, 40345)
(163, 54, 37751)
(163, 8, 5059)
(163, 12, 68516)
(163, 59, 44068)
(163, 42, 23440)
(163, 108, 65653)
(163, 151, 26340)
(163, 102, 48496)
(163, 162, 65720)
(163, 81, 59678)
(163, 40, 47448)
(163, 150, 73736)
(163, 58, 37155)
(163, 101, 27807)
(163, 28, 49277)
(163, 74, 69640)
(163, 125, 25068)
(163, 100, 48366)
(163, 99, 32227)
(163, 80, 76146)
(163, 16, 74437)
(163, 62, 54205)
(163, 61, 8839)
(163, 63, 61096)
(163, 39, 39710)
(163, 94, 51793)
(163, 131, 71734)
(163, 76, 66504)
(163, 91, 12172)
(163, 38, 57904)
(163, 37, 53834)
(163, 44, 20889)
(163, 109, 13035)
(164, 154, 10906)
(164, 126, 45011)
(164, 113, 50572)
(164, 21, 44769)
(164, 100, 54322)
(164, 59, 36600)
(164, 135, 69294)
(164, 36, 32340)
(164, 94, 65145)
(164, 77, 40625)
(164, 72, 68601)
(164, 80, 59874)
(164, 91, 29152)
(164, 75, 21790)
(164, 68, 34550)
(164, 66, 58478)
(164, 44, 38336)
(164, 20, 56511)
(164, 89, 52976)
(165, 64, 12982)
(165, 72, 49584)
(165, 43, 73327)
(165, 99, 23639)
(165, 114, 12064)
(165, 8, 13845)
(165, 122, 45356)
(165, 23, 52902)
(165, 41, 52987)
(165, 50, 20413)
(165, 155, 45658)
(165, 78, 54331)
(165, 53, 34013)
(165, 148, 20566)
(165, 59, 36731)
(165, 40, 29487)
(165, 109, 17516)
(165, 117, 21049)
(165, 127, 31922)
(165, 106, 26695)
(165, 130, 27445)
(165, 2, 35892)
(165, 81, 13364)
(165, 77, 41438)
(165, 91, 15196)
(165, 162, 27884)
(165, 120, 15327)
(165, 19, 29655)
(165, 20, 55536)
(165, 21, 13218)
(165, 35, 12869)
(165, 96, 47421)
(165, 30, 29377)
(165, 154, 7277)
(165, 76, 11566)
(165, 7, 38)
(165, 22, 54868)
(165, 110, 29600)
(165, 144, 25560)
(165, 14, 37035)
(165, 45, 35090)
(165, 143, 74942)
(165, 38, 13362)
(165, 141, 28998)
(165, 56, 42445)
(165, 94, 32908)
(165, 108, 8349)
(165, 123, 5586)
(165, 62, 40282)
(165, 113, 57882)
(165, 125, 56534)
(165, 32, 31647)
(165, 54, 13398)
(165, 95, 25444)
(165, 37, 36916)
(165, 47, 74392)
(165, 65, 32487)
(165, 121, 52711)
(165, 67, 50836)
(165, 164, 57906)
(165, 11, 21906)
(165, 1, 40227)
(165, 103, 49663)
(165, 44, 76228)
(165, 66, 76049)
(165, 73, 26376)
(165, 36, 26756)
(165, 68, 34778)
(165, 107, 25207)
(165, 34, 26651)
(165, 160, 7209)
(165, 80, 36477)
(165, 156, 2949)
(165, 58, 34849)
(165, 12, 72442)
(165, 159, 17095)
(165, 151, 62048)
(165, 55, 19037)
(165, 42, 68535)
(165, 153, 42979)
(165, 112, 42294)
(165, 27, 55887)
(165, 24, 15010)
(165, 75, 5178)
(165, 26, 67313)
(165, 48, 18371)
(165, 63, 63053)
(165, 85, 58693)
(165, 39, 65018)
(165, 89, 16675)
(165, 46, 52901)
(165, 98, 72789)
(165, 142, 10069)
(165, 97, 14468)
(165, 100, 9536)
(165, 147, 25510)
(165, 31, 69936)
(165, 116, 60253)
(165, 161, 25823)
(165, 145, 24928)
(165, 115, 6822)
(165, 126, 53663)
(165, 4, 53120)
(165, 119, 25396)
(165, 149, 46274)
(165, 146, 9264)
(165, 57, 69779)
(165, 29, 1772)
(165, 138, 57693)
(165, 93, 16230)
(165, 139, 9302)
(165, 105, 8645)
(165, 150, 11888)
(165, 152, 48645)
(165, 6, 26608)
(165, 33, 2494)
(165, 118, 30758)
(165, 87, 5903)
(165, 5, 63875)
(165, 16, 49955)
(165, 157, 54293)
(165, 79, 68348)
(165, 9, 15153)
(165, 102, 46898)
(165, 84, 42145)
(165, 137, 56620)
(165, 124, 70802)
(166, 13, 48687)
(166, 16, 59759)
(166, 121, 43937)
(166, 3, 1513)
(166, 143, 53257)
(166, 97, 35130)
(166, 126, 75576)
(166, 164, 8573)
(166, 115, 44544)
(166, 136, 51108)
(166, 119, 69591)
(166, 96, 40284)
(166, 48, 64182)
(166, 153, 42760)
(166, 98, 6240)
(166, 10, 24126)
(166, 129, 21831)
(166, 131, 37252)
(166, 78, 61890)
(166, 23, 59662)
(166, 38, 30505)
(166, 67, 56553)
(166, 79, 54448)
(166, 25, 35578)
(166, 75, 29444)
(166, 40, 15191)
(166, 146, 54817)
(166, 32, 57087)
(166, 82, 38634)
(166, 156, 51800)
(166, 85, 57719)
(166, 36, 4855)
(166, 117, 47549)
(166, 29, 36343)
(166, 87, 8090)
(166, 80, 23681)
(166, 128, 15159)
(166, 19, 10616)
(166, 54, 69964)
(166, 113, 57490)
(166, 161, 21649)
(166, 116, 32104)
(166, 41, 5880)
(166, 94, 30274)
(166, 12, 41742)
(166, 77, 47413)
(166, 93, 60815)
(166, 15, 33684)
(166, 139, 6470)
(166, 58, 53299)
(166, 74, 48343)
(166, 145, 6979)
(166, 1, 8589)
(166, 45, 73827)
(166, 76, 49592)
(166, 70, 57763)
(166, 21, 35709)
(166, 140, 63866)
(166, 0, 50607)
(166, 108, 73482)
(166, 49, 11556)
(166, 92, 21913)
(166, 142, 70004)
(166, 133, 47335)
(166, 30, 35490)
(167, 158, 27632)
(167, 17, 8621)
(167, 136, 11857)
(167, 113, 74789)
(167, 82, 36774)
(167, 14, 13727)
(167, 145, 56829)
(167, 64, 41304)
(167, 162, 1339)
(167, 149, 73547)
(167, 151, 28839)
(167, 47, 68238)
(167, 131, 69305)
(167, 132, 59775)
(167, 29, 61218)
(167, 93, 49371)
(167, 139, 27367)
(167, 57, 62919)
(167, 98, 58669)
(167, 76, 17052)
(167, 122, 24202)
(167, 165, 43674)
(167, 52, 4383)
(167, 143, 28022)
(167, 166, 34)
(167, 107, 26679)
(167, 159, 63741)
(167, 56, 50738)
(167, 5, 29235)
(167, 74, 33592)
(167, 138, 66777)
(167, 44, 21843)
(167, 71, 51790)
(167, 144, 13609)
(167, 23, 47139)
(167, 119, 11974)
(167, 19, 63233)
(167, 42, 64020)
(167, 65, 35978)
(167, 12, 31271)
(167, 90, 19873)
(167, 124, 48058)
(167, 97, 53145)
(167, 38, 56584)
(167, 84, 10353)
(167, 135, 41818)
(167, 94, 15098)
(167, 99, 52591)
(167, 20, 55157)
(167, 41, 9645)
(167, 111, 40176)
(167, 105, 1324)
(167, 77, 20361)
(167, 110, 45123)
(167, 26, 3663)
(167, 129, 17278)
(167, 31, 40360)
(167, 115, 68572)
(167, 160, 66240)
(167, 148, 30261)
(167, 130, 10599)
(167, 150, 21561)
(167, 24, 47694)
(167, 125, 35832)
(167, 69, 36989)
(167, 15, 53245)
(167, 8, 18258)
(167, 161, 59811)
(167, 10, 9893)
(167, 34, 69076)
(167, 89, 13157)
(167, 86, 6575)
(167, 137, 45852)
(167, 164, 75498)
(167, 35, 37061)
(167, 68, 49601)
(167, 101, 66260)
(167, 27, 17577)
(167, 43, 63481)
(167, 127, 37348)
(167, 106, 25573)
(167, 87, 8296)
(167, 2, 15054)
(167, 141, 30322)
(167, 140, 1155)
(167, 61, 9413)
(167, 121, 70963)
(167, 96, 48832)
(167, 18, 42396)
(167, 109, 34810)
(167, 62, 67422)
(167, 6, 28889)
(167, 91, 27559)
(167, 154, 41635)
(167, 48, 25100)
(167, 4, 58109)
(167, 80, 70553)
(167, 79, 50755)
(167, 16, 7599)
(167, 73, 59040)
(167, 78, 32290)
(167, 50, 38140)
(167, 54, 37867)
(167, 66, 46295)
(167, 147, 56776)
(167, 63, 20212)
(167, 46, 52761)
(167, 123, 59172)
(167, 33, 28906)
(167, 32, 43840)
(167, 157, 60489)
(167, 51, 51724)
(167, 1, 70506)
(167, 45, 53585)
(167, 36, 72253)
(167, 37, 20928)
(167, 153, 71649)
(167, 58, 46499)
(167, 0, 41749)
(167, 117, 47354)
(167, 28, 72774)
(167, 21, 51822)
(167, 70, 58910)
(167, 95, 49480)
(167, 128, 10126)
(167, 142, 93)
(167, 67, 60374)
(167, 11, 42934)
(167, 112, 63752)
(167, 152, 66273)
(167, 133, 19146)
(167, 156, 68294)
(167, 81, 32756)
(167, 92, 48879)
(167, 116, 74435)
(167, 83, 68493)
(167, 13, 36252)
(168, 55, 8149)
(168, 73, 55930)
(168, 79, 34397)
(168, 3, 66304)
(168, 96, 16552)
(168, 107, 35511)
(168, 2, 50811)
(168, 155, 47028)
(168, 0, 20382)
(168, 27, 33050)
(168, 138, 49512)
(168, 142, 29832)
(168, 161, 31447)
(168, 23, 63707)
(168, 120, 46184)
(168, 101, 75452)
(168, 152, 11818)
(168, 144, 70141)
(168, 92, 42160)
(168, 18, 50956)
(168, 63, 28779)
(168, 5, 13981)
(168, 135, 41842)
(168, 164, 21697)
(168, 14, 60797)
(168, 167, 7418)
(168, 139, 47042)
(168, 28, 19611)
(168, 102, 62785)
(168, 165, 50443)
(168, 51, 29331)
(168, 76, 56034)
(168, 61, 68970)
(168, 104, 53843)
(168, 112, 40471)
(168, 39, 14170)
(168, 88, 75161)
(168, 8, 1665)
(168, 116, 64701)
(168, 9, 9520)
(169, 139, 62840)
(169, 29, 75114)
(169, 97, 69500)
(169, 94, 3036)
(169, 166, 11540)
(169, 41, 44657)
(169, 31, 75381)
(169, 42, 43328)
(169, 129, 13961)
(169, 40, 12009)
(169, 46, 29984)
(169, 122, 45551)
(169, 8, 54232)
(169, 43, 62765)
(169, 74, 76174)
(169, 89, 42088)
(169, 62, 960)
(169, 100, 28358)
(169, 59, 15250)
(169, 10, 57961)
(169, 96, 7236)
(169, 123, 50123)
(169, 127, 5445)
(169, 47, 16170)
(169, 53, 19880)
(169, 132, 72497)
(169, 78, 44411)
(169, 36, 70360)
(169, 69, 47585)
(170, 93, 14136)
(170, 154, 15065)
(170, 124, 5980)
(170, 4, 53448)
(170, 118, 39161)
(170, 37, 7619)
(170, 64, 75340)
(170, 103, 65634)
(170, 28, 36525)
(170, 58, 60486)
(170, 150, 19593)
(170, 75, 43655)
(170, 115, 1715)
(170, 54, 5892)
(170, 104, 35626)
(170, 34, 30871)
(170, 46, 65736)
(170, 97, 48175)
(170, 129, 33197)
(170, 94, 50520)
(170, 109, 2379)
(170, 116, 50903)
(170, 51, 68226)
(170, 140, 25736)
(170, 19, 33178)
(170, 147, 27971)
(170, 83, 3389)
(170, 166, 43533)
(170, 85, 17606)
(170, 90, 12092)
(170, 136, 14855)
(170, 40, 45148)
(170, 120, 7587)
(170, 38, 25181)
(170, 52, 7057)
(170, 33, 68142)
(170, 59, 19043)
(170, 145, 19211)
(170, 16, 36764)
(170, 81, 40505)
(171, 49, 70656)
(171, 104, 49724)
(171, 1, 25321)
(171, 43, 26882)
(171, 20, 74387)
(171, 38, 43903)
(171, 17, 75370)
(171, 59, 62888)
(171, 95, 54187)
(171, 75, 41747)
(171, 9, 70889)
(171, 70, 31827)
(171, 76, 49306)
(171, 80, 40700)
(171, 30, 21885)
(171, 73, 56794)
(171, 98, 76400)
(171, 127, 52407)
(171, 50, 53214)
(171, 35, 29944)
(171, 103, 26350)
(171, 162, 43500)
(171, 4, 36228)
(171, 157, 58544)
(171, 139, 62178)
(171, 25, 9470)
(171, 82, 53403)
(171, 160, 44578)
(171, 32, 21722)
(171, 123, 56199)
(171, 57, 23490)
(171, 135, 47700)
(171, 89, 11783)
(171, 105, 62643)
(171, 60, 35681)
(171, 11, 19796)
(171, 165, 22032)
(171, 90, 11385)
(171, 62, 55921)
(171, 169, 30860)
(171, 138, 50774)
(171, 167, 72172)
(171, 92, 6139)
(171, 131, 23111)
(171, 163, 70684)
(171, 121, 59591)
(171, 63, 8234)
(171, 99, 22924)
(171, 13, 44678)
(171, 147, 71721)
(171, 15, 1891)
(171, 56, 56901)
(171, 6, 33650)
(171, 152, 65454)
(171, 46, 32386)
(171, 55, 65184)
(171, 47, 68567)
(171, 134, 51785)
(171, 148, 55300)
(171, 16, 70654)
(171, 14, 23530)
(171, 33, 67673)
(171, 164, 71829)
(171, 77, 67801)
(171, 110, 21452)
(171, 153, 50068)
(171, 107, 74775)
(171, 159, 38631)
(171, 34, 13854)
(171, 79, 3881)
(171, 113, 12457)
(171, 71, 5268)
(171, 143, 52088)
(171, 106, 31507)
(171, 52, 55369)
(171, 136, 26816)
(171, 168, 2022)
(171, 18, 60470)
(171, 124, 16356)
(171, 86, 24836)
(171, 155, 53037)
(171, 44, 34002)
(171, 141, 31307)
(171, 37, 22407)
(171, 65, 29302)
(171, 10, 44940)
(171, 137, 59708)
(171, 117, 5808)
(171, 29, 58649)
(171, 42, 17355)
(171, 69, 25955)
(171, 41, 24254)
(171, 84, 61922)
(171, 119, 11586)
(171, 26, 71455)
(171, 24, 15402)
(171, 161, 60791)
(171, 85, 33745)
(171, 93, 42196)
(171, 45, 64065)
(171, 19, 15848)
(171, 118, 51995)
(171, 150, 42558)
(171, 88, 61565)
(171, 102, 26453)
(171, 146, 57776)
(171, 36, 53738)
(171, 22, 45591)
(171, 122, 57510)
(171, 158, 42073)
(171, 5, 56078)
(171, 142, 24759)
(171, 129, 38196)
(171, 53, 18064)
(171, 61, 74114)
(171, 87, 42090)
(171, 7, 68468)
(171, 27, 30657)
(171, 23, 74301)
(171, 78, 2788)
(171, 40, 75762)
(171, 144, 55642)
(171, 81, 29411)
(171, 64, 5753)
(171, 83, 17272)
(171, 51, 9360)
(171, 58, 67647)
(171, 94, 72495)
(172, 37, 19319)
(172, 28, 64350)
(172, 78, 63246)
(172, 168, 47315)
(172, 79, 37267)
(172, 85, 19533)
(172, 132, 10937)
(172, 156, 43800)
(172, 65, 10002)
(172, 96, 58925)
(172, 25, 1366)
(172, 6, 17005)
(172, 164, 43579)
(172, 92, 38380)
(172, 24, 32613)
(172, 128, 50967)
(172, 62, 62134)
(172, 155, 55086)
(172, 152, 49730)
(172, 63, 35315)
(172, 13, 43536)
(172, 124, 37684)
(172, 4, 74150)
(172, 82, 23814)
(172, 22, 21759)
(172, 67, 65013)
(172, 158, 7488)
(172, 119, 1199)
(172, 59, 26051)
(172, 146, 68105)
(172, 31, 46596)
(172, 157, 20076)
(172, 43, 37725)
(172, 42, 2931)
(172, 49, 52299)
(172, 106, 20620)
(172, 87, 5786)
(172, 56, 28097)
(172, 95, 31570)
(172, 107, 24824)
(172, 140, 24265)
(172, 12, 14323)
(172, 148, 41245)
(172, 54, 10669)
(172, 44, 20101)
(172, 80, 33974)
(172, 166, 32163)
(172, 58, 14373)
(172, 103, 25733)
(172, 94, 52192)
(172, 75, 9200)
(172, 133, 68328)
(172, 138, 44585)
(172, 142, 54184)
(172, 68, 53744)
(172, 74, 49231)
(172, 47, 67329)
(172, 18, 60917)
(172, 136, 72027)
(172, 113, 44805)
(172, 33, 37076)
(172, 1, 5427)
(172, 102, 55356)
(172, 120, 39631)
(172, 7, 33487)
(172, 97, 69865)
(172, 126, 32216)
(172, 114, 20993)
(172, 38, 10389)
(172, 34, 56335)
(172, 100, 22321)
(172, 40, 21217)
(172, 17, 65083)
(172, 147, 49446)
(172, 5, 69083)
(172, 52, 14035)
(172, 16, 53703)
(172, 169, 20026)
(172, 90, 14994)
(172, 72, 68167)
(172, 108, 69130)
(172, 30, 47903)
(172, 61, 44509)
(172, 109, 66090)
(172, 118, 19305)
(172, 162, 62695)
(172, 160, 39736)
(172, 77, 31572)
(172, 3, 21702)
(172, 131, 48951)
(172, 66, 36368)
(172, 84, 19770)
(172, 135, 73888)
(172, 50, 61115)
(172, 122, 66858)
(172, 19, 20975)
(172, 149, 5942)
(172, 101, 20873)
(172, 111, 50470)
(172, 46, 29516)
(172, 81, 19329)
(172, 76, 54329)
(172, 8, 52531)
(172, 29, 12695)
(172, 71, 58350)
(172, 99, 54303)
(172, 151, 26963)
(172, 70, 6193)
(172, 55, 14719)
(172, 32, 28384)
(172, 45, 2546)
(172, 127, 24382)
(172, 91, 60926)
(172, 130, 39462)
(172, 23, 29440)
(172, 39, 29141)
(172, 86, 49005)
(172, 9, 37629)
(172, 89, 32459)
(172, 116, 18210)
(172, 0, 43644)
(172, 141, 1437)
(172, 88, 15172)
(172, 98, 25168)
(172, 159, 66103)
(172, 10, 52049)
(172, 161, 1007)
(172, 57, 75915)
(172, 110, 70538)
(172, 35, 21584)
(172, 27, 58502)
(172, 51, 45875)
(172, 150, 31615)
(172, 139, 62398)
(172, 15, 38493)
(172, 170, 72834)
(172, 14, 44169)
(172, 143, 70303)
(172, 137, 1100)
(172, 154, 59549)
(172, 53, 20668)
(172, 112, 49904)
(172, 134, 4838)
(173, 3, 31425)
(173, 164, 67940)
(173, 51, 51567)
(173, 30, 57059)
(173, 139, 70772)
(173, 19, 10234)
(173, 93, 33153)
(173, 123, 61264)
(173, 125, 73348)
(173, 153, 31590)
(173, 141, 41162)
(173, 31, 48752)
(174, 123, 28246)
(174, 47, 36202)
(174, 155, 14449)
(174, 44, 72556)
(174, 58, 24854)
(174, 55, 53405)
(174, 90, 28741)
(174, 154, 26730)
(174, 129, 13872)
(174, 12, 12741)
(174, 151, 56645)
(174, 148, 42310)
(174, 173, 10087)
(174, 7, 43041)
(174, 89, 74279)
(174, 22, 16442)
(174, 15, 68143)
(174, 56, 20336)
(174, 25, 6806)
(174, 146, 2907)
(174, 141, 19802)
(174, 54, 7141)
(174, 69, 66914)
(174, 10, 16859)
(174, 160, 42258)
(174, 27, 43652)
(174, 145, 46789)
(174, 172, 15234)
(174, 156, 34570)
(174, 1, 25511)
(174, 113, 60319)
(174, 62, 37005)
(174, 16, 28760)
(174, 165, 49217)
(174, 104, 64321)
(174, 142, 31942)
(174, 34, 2254)
(174, 94, 37904)
(174, 36, 32316)
(174, 144, 10005)
(174, 74, 14172)
(174, 153, 28910)
(174, 77, 48101)
(174, 53, 1181)
(174, 33, 34286)
(174, 122, 47369)
(174, 14, 34285)
(174, 78, 30354)
(174, 11, 43585)
(174, 171, 35973)
(174, 37, 50556)
(174, 161, 39014)
(174, 17, 681)
(174, 157, 67417)
(174, 57, 45374)
(174, 73, 6150)
(174, 79, 14313)
(174, 4, 54919)
(174, 48, 40818)
(174, 98, 64602)
(174, 51, 31286)
(174, 138, 70754)
(174, 31, 76215)
(174, 88, 75349)
(174, 111, 70043)
(174, 159, 31932)
(174, 71, 25979)
(174, 45, 46989)
(174, 76, 15070)
(174, 64, 46559)
(174, 80, 59265)
(174, 115, 47687)
(174, 109, 22527)
(174, 167, 66725)
(174, 120, 40565)
(174, 126, 32409)
(174, 42, 20447)
(174, 9, 53826)
(174, 164, 50330)
(174, 132, 73915)
(174, 2, 63674)
(174, 49, 13508)
(174, 13, 72561)
(174, 108, 52090)
(174, 102, 7336)
(174, 65, 73307)
(174, 163, 37547)
(174, 20, 19744)
(174, 40, 22025)
(174, 68, 49296)
(174, 0, 14972)
(174, 28, 46058)
(174, 63, 52236)
(174, 95, 102)
(174, 112, 64509)
(174, 70, 23247)
(174, 133, 70852)
(174, 35, 71355)
(174, 52, 64286)
(174, 60, 18977)
(174, 116, 70855)
(174, 59, 8242)
(174, 135, 22994)
(174, 147, 71732)
(174, 46, 39402)
(174, 97, 72896)
(174, 3, 52452)
(174, 166, 30683)
(174, 81, 5640)
(174, 8, 71432)
(174, 170, 6597)
(174, 41, 67212)
(174, 110, 7255)
(174, 66, 54713)
(174, 125, 34959)
(174, 21, 63734)
(174, 87, 54000)
(174, 32, 14859)
(174, 86, 53320)
(174, 105, 12605)
(174, 117, 32461)
(174, 143, 43223)
(174, 24, 19074)
(174, 85, 37159)
(174, 99, 1629)
(174, 150, 23709)
(174, 169, 57259)
(174, 101, 59195)
(174, 158, 26165)
(174, 118, 45144)
(174, 96, 52070)
(174, 18, 46691)
(174, 82, 61680)
(174, 61, 47057)
(174, 67, 4864)
(174, 131, 17810)
(174, 136, 27975)
(174, 114, 6932)
(174, 84, 18266)
(174, 93, 58675)
(174, 127, 32396)
(175, 162, 9738)
(175, 5, 59267)
(175, 14, 28422)
(175, 123, 5815)
(175, 32, 23237)
(175, 19, 9123)
(175, 78, 69863)
(175, 60, 42254)
(175, 141, 24212)
(175, 158, 42577)
(175, 70, 42697)
(175, 28, 73867)
(175, 96, 51428)
(175, 80, 40246)
(175, 54, 34243)
(175, 114, 47095)
(175, 154, 73381)
(175, 130, 69828)
(175, 59, 15060)
(175, 44, 69187)
(175, 9, 3362)
(175, 170, 61699)
(175, 23, 57244)
(175, 84, 9900)
(175, 131, 50951)
(175, 144, 41369)
(175, 29, 65418)
(175, 124, 57663)
(175, 156, 47227)
(175, 148, 72731)
(175, 145, 29746)
(175, 166, 16300)
(175, 25, 32287)
(175, 20, 56743)
(175, 105, 49399)
(175, 85, 25395)
(175, 57, 28102)
(175, 38, 55566)
(175, 146, 65239)
(175, 41, 52225)
(175, 37, 46325)
(175, 152, 63901)
(175, 34, 10415)
(175, 17, 33306)
(175, 117, 57432)
(175, 51, 47030)
(175, 6, 55311)
(175, 97, 22565)
(175, 153, 53328)
(175, 161, 69080)
(175, 31, 26440)
(175, 147, 55924)
(175, 87, 66408)
(175, 160, 14786)
(175, 151, 70842)
(175, 8, 13382)
(175, 125, 63961)
(175, 167, 10116)
(175, 21, 3470)
(175, 36, 6447)
(175, 52, 54580)
(175, 88, 4349)
(175, 120, 23143)
(175, 1, 34237)
(175, 173, 9795)
(175, 26, 44763)
(175, 104, 51030)
(175, 55, 9284)
(175, 0, 14235)
(175, 68, 62776)
(175, 95, 72849)
(175, 172, 4821)
(175, 118, 22762)
(175, 128, 62749)
(175, 30, 2787)
(175, 16, 41542)
(175, 42, 23902)
(175, 115, 36206)
(175, 64, 61913)
(175, 139, 70849)
(175, 18, 66473)
(175, 47, 52646)
(175, 90, 51070)
(175, 12, 15984)
(175, 82, 23140)
(175, 109, 48110)
(175, 113, 5696)
(175, 99, 66017)
(175, 93, 52689)
(175, 73, 4346)
(175, 71, 2308)
(175, 62, 16711)
(175, 76, 4807)
(175, 119, 69709)
(175, 13, 38997)
(175, 171, 1153)
(175, 116, 13361)
(175, 155, 60411)
(175, 101, 40836)
(175, 61, 39407)
(175, 45, 62255)
(175, 174, 34068)
(175, 66, 25412)
(175, 10, 67116)
(175, 48, 3141)
(175, 2, 8739)
(175, 111, 19364)
(175, 149, 16803)
(175, 7, 59747)
(175, 137, 58162)
(175, 94, 14639)
(175, 65, 45923)
(175, 27, 65663)
(175, 75, 62130)
(175, 83, 62836)
(175, 168, 20955)
(175, 69, 51261)
(175, 159, 44609)
(175, 163, 3782)
(175, 11, 63003)
(175, 77, 49621)
(175, 39, 60941)
(175, 107, 70823)
(175, 89, 50430)
(175, 136, 9650)
(175, 126, 45927)
(175, 35, 57591)
(175, 81, 37327)
(175, 157, 9080)
(175, 134, 4733)
(175, 15, 43641)
(175, 86, 21264)
(175, 169, 52616)
(175, 110, 41426)
(175, 122, 59023)
(175, 92, 30234)
(175, 91, 2174)
(175, 4, 3692)
(175, 127, 40356)
(175, 56, 48353)
(175, 3, 32945)
(175, 140, 2816)
(175, 142, 59214)
(175, 100, 72392)
(175, 132, 57438)
(175, 49, 31938)
(175, 150, 651)
(175, 129, 25578)
(175, 40, 965)
(175, 108, 60686)
(175, 121, 14066)
(175, 103, 73682)
(175, 102, 4230)
(175, 72, 1655)
(175, 106, 14733)
(176, 74, 10472)
(176, 118, 68918)
(176, 6, 957)
(176, 146, 63418)
(176, 104, 10567)
(176, 154, 47160)
(176, 71, 46478)
(176, 110, 73792)
(176, 102, 12966)
(176, 97, 9034)
(176, 151, 54765)
(176, 8, 57805)
(176, 20, 71533)
(176, 169, 15041)
(176, 9, 63360)
(176, 16, 42037)
(176, 113, 21172)
(176, 61, 31378)
(176, 122, 3103)
(176, 1, 53417)
(176, 37, 38497)
(176, 101, 38725)
(176, 171, 34575)
(176, 95, 13491)
(176, 160, 13678)
(176, 131, 46121)
(176, 150, 59059)
(176, 125, 11059)
(176, 23, 38678)
(176, 67, 14562)
(176, 42, 35650)
(176, 117, 16914)
(176, 126, 15868)
(176, 5, 48787)
(176, 167, 63094)
(176, 4, 31357)
(176, 73, 2614)
(176, 172, 68170)
(176, 120, 55776)
(176, 45, 73868)
(176, 43, 52028)
(176, 88, 9783)
(176, 38, 56477)
(176, 68, 46450)
(176, 51, 7416)
(176, 14, 30413)
(176, 41, 56469)
(176, 144, 774)
(176, 141, 75652)
(176, 107, 58621)
(176, 60, 30306)
(176, 89, 70221)
(176, 139, 14115)
(176, 54, 26622)
(176, 145, 65533)
(176, 147, 52791)
(176, 129, 51738)
(176, 64, 36712)
(176, 22, 62251)
(176, 21, 27806)
(176, 48, 855)
(176, 96, 52461)
(176, 114, 26002)
(176, 32, 9622)
(176, 173, 52998)
(176, 123, 44026)
(176, 63, 29819)
(176, 99, 52983)
(176, 26, 19546)
(176, 40, 62895)
(176, 25, 27286)
(176, 119, 72861)
(176, 28, 66019)
(176, 58, 35383)
(176, 161, 6129)
(176, 27, 64883)
(176, 142, 17957)
(176, 70, 53127)
(176, 13, 46756)
(176, 163, 56152)
(176, 83, 64254)
(176, 103, 30780)
(176, 143, 7149)
(176, 62, 59807)
(176, 24, 66502)
(176, 127, 21458)
(176, 31, 7343)
(176, 15, 10713)
(176, 11, 26535)
(176, 175, 8393)
(176, 76, 34078)
(176, 115, 44248)
(176, 156, 48052)
(176, 94, 14664)
(176, 18, 16151)
(176, 174, 70952)
(176, 65, 13742)
(176, 75, 43846)
(176, 168, 57820)
(176, 3, 36543)
(176, 55, 13004)
(176, 79, 21486)
(176, 17, 57497)
(176, 91, 18278)
(176, 34, 44349)
(176, 137, 74364)
(176, 2, 38447)
(176, 59, 73441)
(176, 109, 27177)
(176, 135, 66015)
(176, 10, 14731)
(176, 112, 54219)
(176, 50, 42473)
(176, 153, 38815)
(176, 39, 32547)
(176, 149, 22541)
(176, 7, 1827)
(176, 47, 57902)
(176, 19, 7295)
(176, 130, 2275)
(176, 121, 59894)
(176, 155, 19861)
(176, 12, 33255)
(176, 57, 18297)
(176, 52, 33310)
(176, 36, 71226)
(176, 78, 17504)
(176, 152, 11754)
(176, 159, 59048)
(176, 132, 70521)
(176, 33, 69758)
(176, 87, 8652)
(176, 72, 32450)
(176, 93, 52176)
(176, 46, 37956)
(176, 81, 46465)
(176, 100, 64498)
(176, 105, 69683)
(176, 84, 23725)
(176, 80, 38657)
(176, 82, 45956)
(176, 140, 63001)
(176, 0, 72804)
(176, 98, 71304)
(176, 164, 47211)
(176, 136, 12646)
(176, 90, 380)
(176, 170, 9898)
(176, 166, 65545)
(176, 44, 33902)
(176, 69, 48639)
(176, 56, 17897)
(176, 111, 5515)
(176, 138, 39944)
(176, 77, 31250)
(176, 148, 37227)
(176, 49, 6903)
(176, 92, 16712)
(176, 53, 43187)
(176, 157, 45417)
(176, 133, 4561)
(176, 30, 16779)
(176, 86, 2058)
(176, 106, 52247)
(176, 124, 64223)
(176, 128, 5841)
(176, 158, 22988)
(176, 165, 55590)
(176, 85, 57093)
(176, 116, 68183)
(177, 132, 27091)
(177, 163, 74269)
(177, 64, 31317)
(177, 57, 1112)
(177, 156, 74457)
(177, 7, 38803)
(177, 124, 40674)
(177, 148, 202)
(177, 19, 38597)
(177, 48, 6186)
(177, 94, 45281)
(177, 71, 2891)
(177, 139, 45899)
(177, 166, 39786)
(177, 140, 71479)
(177, 16, 26319)
(177, 25, 29881)
(177, 121, 11716)
(177, 35, 27740)
(177, 87, 68223)
(177, 97, 35314)
(177, 78, 8851)
(177, 141, 6752)
(177, 114, 67665)
(177, 68, 59950)
(177, 52, 66770)
(177, 136, 57168)
(177, 31, 8668)
(177, 174, 9006)
(177, 164, 1881)
(177, 63, 48704)
(177, 117, 25783)
(177, 20, 15483)
(177, 79, 64496)
(177, 115, 41436)
(177, 154, 37385)
(177, 147, 41300)
(177, 161, 71012)
(177, 85, 64726)
(177, 39, 49334)
(177, 165, 4513)
(177, 106, 16601)
(177, 75, 36559)
(177, 116, 39898)
(177, 60, 2283)
(177, 90, 73181)
(177, 111, 68812)
(177, 142, 9574)
(177, 84, 31272)
(177, 122, 3706)
(177, 100, 4587)
(177, 149, 56738)
(177, 127, 68942)
(177, 108, 38307)
(177, 40, 7306)
(177, 118, 73647)
(177, 125, 61925)
(177, 14, 62237)
(177, 23, 37855)
(177, 55, 49896)
(177, 109, 65147)
(177, 24, 36700)
(177, 133, 37064)
(177, 11, 55347)
(177, 88, 59854)
(177, 89, 47520)
(177, 175, 30309)
(177, 73, 54311)
(177, 58, 19925)
(177, 104, 72535)
(177, 53, 49893)
(177, 74, 45650)
(177, 43, 48214)
(177, 17, 26185)
(177, 155, 58531)
(177, 137, 53101)
(177, 67, 6731)
(177, 61, 762)
(177, 66, 28552)
(177, 102, 2640)
(177, 10, 34605)
(178, 119, 1042)
(178, 43, 31691)
(178, 90, 66132)
(178, 92, 3992)
(178, 153, 43022)
(178, 75, 55199)
(178, 81, 14845)
(178, 39, 60899)
(178, 105, 33353)
(178, 85, 51668)
(178, 164, 36095)
(178, 6, 72233)
(178, 127, 53976)
(178, 63, 31000)
(178, 16, 62602)
(178, 170, 66111)
(178, 11, 32218)
(178, 52, 67889)
(178, 73, 64587)
(178, 10, 36448)
(178, 20, 45633)
(178, 110, 38549)
(178, 34, 9790)
(178, 61, 4019)
(178, 99, 15277)
(178, 130, 54414)
(178, 33, 4638)
(178, 117, 50101)
(178, 40, 12597)
(178, 100, 61177)
(178, 165, 67145)
(178, 7, 17317)
(178, 31, 57593)
(178, 134, 59543)
(178, 58, 59776)
(178, 24, 43622)
(178, 158, 14811)
(178, 103, 18997)
(178, 29, 26016)
(178, 53, 62005)
(178, 74, 18709)
(178, 2, 7266)
(178, 66, 71207)
(178, 166, 48967)
(178, 106, 31956)
(178, 98, 37046)
(178, 28, 44723)
(178, 87, 69811)
(178, 122, 18398)
(178, 113, 63353)
(178, 45, 60861)
(178, 37, 60919)
(178, 5, 55695)
(178, 93, 19915)
(178, 77, 11205)
(178, 23, 23135)
(178, 156, 39738)
(178, 67, 12321)
(178, 88, 8707)
(178, 168, 3985)
(178, 59, 10095)
(178, 135, 47540)
(178, 89, 63660)
(178, 137, 42270)
(178, 36, 48216)
(178, 15, 13997)
(178, 132, 26985)
(178, 25, 56842)
(178, 3, 61362)
(178, 152, 44412)
(178, 123, 71561)
(178, 143, 17963)
(178, 64, 29904)
(178, 177, 69541)
(178, 79, 34363)
(178, 44, 31955)
(178, 13, 35734)
(178, 55, 37974)
(178, 146, 33581)
(178, 133, 6055)
(178, 102, 62532)
(178, 4, 23867)
(178, 176, 23422)
(178, 118, 6181)
(178, 160, 26480)
(178, 71, 76050)
(178, 129, 41138)
(178, 111, 54422)
(178, 162, 74951)
(178, 32, 8290)
(178, 41, 52344)
(178, 49, 44690)
(178, 0, 39077)
(178, 83, 6081)
(178, 48, 25514)
(178, 26, 49287)
(178, 78, 54937)
(178, 150, 72378)
(178, 112, 17440)
(178, 97, 55286)
(178, 9, 25963)
(178, 138, 31571)
(178, 149, 41704)
(178, 30, 37480)
(178, 8, 65951)
(178, 1, 2452)
(178, 141, 33027)
(178, 171, 50251)
(178, 145, 677)
(178, 38, 30185)
(178, 157, 53500)
(178, 136, 27973)
(178, 22, 14088)
(178, 70, 48576)
(178, 169, 10217)
(178, 154, 60047)
(178, 120, 40910)
(178, 101, 28047)
(178, 72, 33500)
(178, 115, 52494)
(178, 163, 17610)
(178, 173, 7931)
(178, 148, 73954)
(178, 76, 25568)
(178, 125, 42098)
(178, 84, 42591)
(178, 21, 11477)
(178, 69, 1957)
(178, 108, 44978)
(178, 60, 27994)
(178, 126, 12568)
(178, 155, 14836)
(178, 128, 46010)
(178, 42, 28707)
(178, 68, 58596)
(178, 142, 22210)
(178, 57, 68979)
(178, 144, 75580)
(178, 96, 43928)
(178, 62, 55947)
(178, 51, 71046)
(178, 47, 68602)
(178, 159, 69624)
(179, 146, 45097)
(179, 91, 61718)
(179, 84, 37334)
(179, 53, 22483)
(179, 122, 7440)
(179, 85, 75699)
(179, 152, 9038)
(179, 93, 9918)
(179, 4, 18147)
(179, 175, 28738)
(179, 45, 27092)
(179, 3, 64548)
(179, 33, 959)
(179, 151, 75030)
(179, 108, 68108)
(179, 119, 18332)
(179, 6, 9990)
(179, 67, 53806)
(179, 132, 33711)
(179, 142, 74143)
(179, 10, 57138)
(179, 112, 52619)
(179, 65, 62801)
(179, 5, 40726)
(179, 73, 40167)
(179, 14, 37108)
(179, 156, 56137)
(179, 129, 34305)
(179, 39, 1407)
(179, 11, 12332)
(179, 42, 37989)
(179, 135, 45439)
(179, 66, 17438)
(179, 2, 18237)
(179, 143, 10237)
(179, 9, 23185)
(179, 110, 30303)
(179, 26, 6423)
(179, 34, 73246)
(179, 75, 54062)
(179, 30, 43116)
(179, 35, 52734)
(179, 100, 4727)
(179, 79, 5350)
(179, 141, 26245)
(179, 97, 43511)
(179, 159, 26800)
(179, 47, 14794)
(179, 126, 71370)
(179, 133, 43822)
(179, 37, 73849)
(179, 31, 33686)
(179, 90, 18129)
(179, 134, 15797)
(179, 58, 41624)
(179, 70, 58661)
(179, 130, 65920)
(179, 174, 73063)
(179, 104, 42559)
(179, 20, 52594)
(179, 155, 72533)
(179, 160, 64252)
(179, 74, 62539)
(179, 7, 54746)
(179, 1, 70762)
(179, 23, 3368)
(179, 176, 29011)
(179, 125, 72319)
(179, 51, 57722)
(179, 59, 19273)
(179, 120, 51498)
(179, 148, 69122)
(179, 165, 60711)
(179, 178, 63109)
(179, 124, 52807)
(179, 38, 8943)
(179, 19, 253)
(179, 48, 49705)
(179, 50, 72610)
(179, 121, 14036)
(179, 95, 66935)
(179, 46, 23382)
(179, 49, 53141)
(179, 87, 54228)
(179, 28, 68335)
(179, 98, 1798)
(179, 89, 37842)
(179, 117, 45086)
(179, 140, 63636)
(179, 88, 22502)
(179, 131, 25288)
(179, 83, 67850)
(179, 116, 50402)
(179, 56, 33396)
(179, 153, 66943)
(179, 27, 70528)
(179, 115, 14946)
(179, 99, 30360)
(179, 136, 62595)
(179, 76, 73648)
(179, 169, 66832)
(179, 80, 74864)
(179, 157, 49718)
(179, 163, 40134)
(179, 16, 11394)
(179, 54, 65318)
(179, 62, 36753)
(179, 162, 49877)
(179, 69, 60614)
(179, 171, 40832)
(179, 102, 45757)
(179, 32, 21355)
(179, 128, 10100)
(179, 63, 25211)
(179, 52, 64082)
(179, 24, 57342)
(179, 64, 37337)
(179, 15, 71980)
(179, 150, 19509)
(179, 114, 69258)
(179, 138, 50848)
(179, 40, 8482)
(179, 107, 54745)
(179, 127, 16799)
(179, 139, 26807)
(179, 78, 64625)
(179, 8, 25010)
(179, 29, 6884)
(179, 118, 12711)
(179, 81, 17671)
(179, 101, 52626)
(179, 123, 36356)
(179, 167, 34320)
(179, 17, 18008)
(179, 71, 10459)
(179, 111, 64588)
(179, 86, 343)
(179, 21, 45475)
(179, 82, 65219)
(179, 22, 59430)
(179, 144, 45511)
(179, 103, 53100)
(179, 18, 18722)
(179, 60, 34864)
(179, 154, 74186)
(179, 44, 69129)
(179, 12, 54523)
(179, 166, 68749)
(179, 137, 52467)
(179, 105, 61341)
(179, 172, 59899)
(179, 43, 8928)
(179, 147, 39314)
(179, 13, 16935)
(179, 113, 69875)
(179, 170, 26360)
(180, 84, 75601)
(180, 157, 22452)
(180, 68, 49582)
(180, 82, 52832)
(180, 61, 29254)
(180, 143, 7604)
(180, 65, 41417)
(180, 18, 70879)
(180, 130, 75710)
(180, 1, 61878)
(180, 163, 16440)
(180, 72, 45766)
(180, 95, 69973)
(180, 126, 54784)
(180, 148, 16645)
(180, 160, 22856)
(180, 92, 21407)
(180, 170, 71106)
(180, 12, 21422)
(180, 38, 69319)
(180, 94, 76000)
(180, 14, 24855)
(180, 90, 26908)
(180, 121, 66121)
(180, 122, 20542)
(180, 60, 6709)
(180, 162, 58515)
(180, 29, 66555)
(180, 55, 49054)
(180, 17, 61641)
(180, 155, 7823)
(180, 177, 33707)
(180, 99, 22659)
(180, 64, 69655)
(180, 15, 7077)
(180, 144, 18212)
(180, 150, 39962)
(180, 40, 35983)
(180, 103, 70235)
(180, 106, 43085)
(180, 111, 11970)
(180, 28, 6403)
(180, 110, 48339)
(180, 9, 72639)
(180, 3, 13355)
(180, 112, 74845)
(180, 118, 40300)
(180, 21, 6127)
(180, 129, 35430)
(180, 8, 45898)
(180, 42, 46218)
(180, 154, 52650)
(180, 173, 23701)
(180, 119, 63422)
(180, 91, 16886)
(180, 83, 3986)
(180, 23, 38514)
(180, 79, 73798)
(180, 30, 15950)
(180, 159, 68346)
(180, 24, 39951)
(180, 153, 15432)
(180, 98, 38901)
(180, 104, 57667)
(180, 59, 45378)
(180, 77, 46551)
(180, 123, 30201)
(180, 171, 20254)
(180, 78, 12841)
(180, 7, 75151)
(180, 127, 31220)
(180, 174, 66546)
(180, 75, 67790)
(180, 125, 63540)
(180, 57, 24707)
(180, 2, 10215)
(180, 117, 39862)
(180, 176, 22616)
(180, 22, 68826)
(180, 120, 56123)
(180, 142, 10032)
(180, 67, 10688)
(180, 115, 63715)
(180, 161, 13294)
(180, 46, 57416)
(180, 63, 68855)
(180, 113, 67668)
(180, 33, 45372)
(180, 147, 64071)
(180, 128, 56417)
(180, 52, 41914)
(180, 137, 59597)
(180, 97, 42065)
(180, 133, 24783)
(180, 6, 23509)
(180, 74, 74183)
(180, 168, 12900)
(180, 100, 7561)
(180, 76, 42819)
(180, 141, 59803)
(180, 62, 10772)
(180, 107, 37647)
(180, 116, 25097)
(180, 124, 10193)
(180, 178, 46443)
(180, 0, 3844)
(180, 20, 27959)
(180, 45, 47701)
(180, 56, 52909)
(180, 34, 22784)
(180, 145, 58007)
(180, 131, 33803)
(180, 89, 19457)
(180, 10, 13346)
(180, 50, 55863)
(180, 71, 72679)
(180, 4, 50405)
(180, 66, 76402)
(181, 72, 35037)
(181, 126, 35694)
(181, 38, 34951)
(181, 78, 9202)
(181, 118, 42883)
(181, 101, 30751)
(181, 117, 49664)
(181, 96, 50092)
(181, 99, 44325)
(181, 67, 25532)
(181, 162, 7839)
(181, 164, 73812)
(181, 29, 47075)
(181, 26, 65869)
(181, 53, 68028)
(181, 59, 39874)
(181, 89, 3555)
(181, 129, 28582)
(181, 19, 73076)
(181, 55, 34564)
(181, 112, 7718)
(181, 104, 58433)
(181, 143, 70910)
(181, 74, 32636)
(181, 57, 30899)
(181, 115, 2282)
(181, 60, 49738)
(181, 16, 46331)
(181, 34, 57382)
(181, 14, 56291)
(181, 100, 35303)
(181, 83, 9303)
(181, 91, 828)
(181, 169, 59792)
(181, 75, 66819)
(181, 177, 64759)
(181, 68, 11949)
(181, 28, 46798)
(181, 4, 30416)
(181, 50, 72800)
(181, 179, 8876)
(181, 17, 30782)
(181, 49, 22632)
(181, 106, 1986)
(181, 119, 45035)
(181, 133, 61743)
(181, 155, 50083)
(181, 113, 9037)
(181, 107, 37669)
(181, 98, 62238)
(181, 146, 74817)
(181, 39, 27718)
(181, 97, 10982)
(181, 20, 26719)
(181, 172, 58465)
(181, 145, 73253)
(181, 135, 43208)
(181, 0, 63706)
(182, 50, 50921)
(182, 126, 35834)
(182, 95, 21828)
(182, 111, 56698)
(182, 60, 60634)
(182, 161, 44072)
(182, 158, 47207)
(182, 39, 26229)
(182, 94, 68873)
(182, 116, 50840)
(182, 18, 32382)
(183, 172, 63111)
(183, 51, 54991)
(183, 156, 44667)
(183, 85, 16718)
(183, 89, 34681)
(183, 125, 36200)
(183, 74, 45022)
(183, 143, 30433)
(183, 174, 42594)
(183, 146, 71228)
(183, 138, 70927)
(183, 137, 47247)
(183, 144, 3730)
(183, 4, 22891)
(183, 67, 59606)
(183, 147, 50017)
(183, 76, 11158)
(183, 12, 52611)
(183, 173, 68322)
(183, 106, 66792)
(183, 141, 4979)
(183, 118, 32710)
(183, 107, 70468)
(183, 77, 2140)
(183, 100, 42489)
(183, 145, 13597)
(183, 134, 26853)
(183, 39, 70824)
(183, 75, 70119)
(183, 2, 65853)
(183, 42, 71881)
(183, 34, 74618)
(183, 157, 34343)
(183, 82, 49651)
(183, 126, 45916)
(183, 114, 19379)
(183, 153, 64387)
(183, 182, 56556)
(183, 46, 56229)
(183, 57, 26412)
(183, 18, 69483)
(183, 13, 71206)
(183, 31, 34032)
(183, 32, 55224)
(183, 60, 37863)
(183, 124, 57349)
(183, 78, 12453)
(183, 170, 64530)
(183, 8, 29083)
(183, 55, 42018)
(183, 22, 57331)
(183, 93, 71298)
(183, 45, 25857)
(183, 148, 57496)
(183, 181, 14100)
(183, 135, 58460)
(183, 36, 28903)
(183, 81, 37237)
(183, 79, 11269)
(183, 52, 5184)
(183, 50, 71778)
(183, 71, 22137)
(183, 119, 25773)
(183, 14, 68330)
(183, 130, 10767)
(183, 132, 28138)
(183, 23, 43621)
(183, 167, 57569)
(183, 121, 4535)
(183, 105, 34155)
(183, 29, 7951)
(183, 53, 18891)
(183, 35, 75433)
(183, 122, 31792)
(183, 92, 38059)
(183, 165, 46501)
(183, 1, 71406)
(183, 0, 43721)
(183, 176, 67543)
(183, 10, 40944)
(183, 87, 1690)
(183, 83, 20572)
(183, 104, 43656)
(183, 59, 7664)
(183, 7, 25992)
(183, 136, 51970)
(183, 163, 23570)
(183, 61, 17719)
(183, 72, 48257)
(183, 28, 15427)
(183, 109, 68343)
(183, 149, 21951)
(183, 68, 30812)
(183, 150, 37533)
(183, 3, 51700)
(183, 115, 2669)
(183, 69, 1329)
(183, 177, 27056)
(183, 15, 65800)
(183, 84, 11392)
(183, 129, 59384)
(183, 37, 66085)
(183, 113, 13738)
(183, 70, 70418)
(183, 62, 4247)
(183, 20, 58073)
(183, 80, 73525)
(183, 178, 13601)
(183, 166, 8962)
(183, 99, 67130)
(183, 101, 60912)
(183, 27, 14829)
(183, 43, 3508)
(183, 5, 28281)
(183, 161, 2019)
(183, 169, 58211)
(183, 117, 59346)
(183, 66, 6213)
(183, 19, 16853)
(184, 36, 26452)
(184, 168, 65588)
(184, 148, 41116)
(184, 88, 32063)
(184, 51, 33599)
(184, 161, 16834)
(184, 10, 2117)
(184, 159, 43047)
(184, 149, 31638)
(184, 72, 37854)
(184, 87, 1804)
(184, 126, 10068)
(184, 37, 67419)
(184, 162, 51127)
(184, 100, 31545)
(184, 98, 43957)
(184, 54, 46946)
(184, 83, 11536)
(184, 49, 12030)
(184, 109, 66847)
(184, 155, 72601)
(184, 74, 63986)
(184, 59, 63241)
(184, 97, 50931)
(184, 177, 41498)
(184, 165, 27265)
(184, 1, 44271)
(184, 166, 72697)
(184, 40, 46047)
(184, 34, 2091)
(184, 153, 64061)
(184, 131, 11865)
(184, 113, 55873)
(184, 66, 7513)
(184, 93, 30968)
(184, 28, 51845)
(184, 86, 43529)
(184, 55, 34059)
(184, 118, 7838)
(184, 69, 65921)
(184, 35, 15103)
(184, 3, 5262)
(184, 62, 12053)
(184, 127, 36840)
(184, 38, 60170)
(184, 64, 57855)
(184, 79, 60677)
(184, 4, 49359)
(184, 142, 54411)
(184, 78, 45528)
(184, 85, 60294)
(184, 138, 32481)
(184, 22, 60196)
(184, 75, 71938)
(184, 139, 70027)
(184, 6, 52149)
(184, 12, 74154)
(184, 29, 9677)
(184, 167, 46299)
(184, 94, 40404)
(184, 112, 49319)
(184, 7, 57885)
(184, 95, 70244)
(184, 135, 13067)
(184, 99, 20784)
(184, 103, 3253)
(184, 8, 72451)
(184, 19, 32465)
(184, 117, 38874)
(184, 140, 39610)
(184, 61, 21834)
(184, 84, 53670)
(184, 106, 26692)
(184, 114, 71705)
(184, 53, 40303)
(184, 178, 28214)
(184, 101, 18786)
(184, 45, 58358)
(184, 17, 67490)
(184, 150, 30525)
(184, 104, 35400)
(184, 15, 36980)
(184, 41, 47672)
(184, 102, 24058)
(184, 65, 46846)
(184, 130, 28571)
(184, 0, 35411)
(184, 31, 1287)
(184, 180, 28774)
(184, 21, 54599)
(184, 175, 4949)
(184, 56, 51614)
(184, 70, 18444)
(184, 146, 32483)
(184, 47, 72020)
(184, 123, 4662)
(184, 81, 40346)
(184, 33, 39940)
(184, 164, 75621)
(184, 43, 8577)
(184, 73, 68430)
(184, 137, 26911)
(184, 18, 7405)
(184, 134, 47218)
(184, 89, 47915)
(184, 107, 38376)
(184, 157, 31630)
(184, 172, 66700)
(184, 23, 61085)
(184, 133, 3433)
(184, 176, 42170)
(184, 57, 42137)
(184, 173, 16312)
(184, 183, 73741)
(184, 147, 36329)
(184, 116, 7864)
(184, 68, 54326)
(184, 77, 25465)
(184, 160, 11005)
(184, 25, 45040)
(184, 125, 73726)
(184, 145, 54243)
(184, 16, 59385)
(184, 11, 44329)
(184, 171, 69430)
(184, 52, 53327)
(184, 14, 18454)
(184, 13, 27820)
(184, 50, 66895)
(184, 67, 17014)
(184, 120, 41971)
(184, 110, 27642)
(184, 58, 19277)
(184, 132, 61227)
(184, 39, 59864)
(184, 124, 35731)
(184, 20, 70242)
(184, 44, 59088)
(184, 181, 2129)
(184, 144, 29250)
(184, 143, 54647)
(184, 152, 1172)
(184, 82, 28705)
(184, 115, 40067)
(184, 46, 30077)
(184, 24, 29261)
(184, 179, 12811)
(184, 26, 25976)
(184, 170, 14927)
(184, 122, 53066)
(184, 163, 11798)
(184, 174, 53604)
(184, 151, 54457)
(184, 111, 65913)
(184, 121, 5298)
(184, 105, 47537)
(184, 119, 50776)
(184, 48, 13367)
(184, 9, 5494)
(184, 42, 73684)
(184, 129, 72683)
(184, 32, 57052)
(184, 92, 48802)
(184, 108, 62351)
(184, 136, 53580)
(184, 5, 41629)
(184, 60, 17693)
(184, 27, 65154)
(184, 154, 51208)
(184, 156, 69839)
(185, 176, 38349)
(185, 142, 54524)
(185, 127, 32341)
(185, 77, 68874)
(185, 98, 74107)
(185, 158, 43926)
(185, 52, 43640)
(185, 120, 46264)
(185, 6, 34579)
(185, 74, 70476)
(185, 137, 75343)
(185, 85, 72000)
(185, 114, 4084)
(185, 145, 73070)
(185, 22, 71398)
(185, 161, 49802)
(185, 148, 43450)
(185, 86, 11115)
(185, 134, 20899)
(186, 57, 44130)
(186, 43, 1787)
(186, 182, 49463)
(186, 2, 25758)
(186, 100, 20113)
(186, 81, 51990)
(186, 29, 747)
(186, 60, 56545)
(186, 15, 45995)
(186, 17, 56695)
(186, 99, 51673)
(186, 62, 23915)
(186, 31, 35703)
(186, 160, 32534)
(186, 147, 26539)
(186, 55, 56076)
(186, 53, 37721)
(186, 179, 39170)
(186, 161, 57032)
(186, 125, 4387)
(186, 52, 13859)
(186, 162, 57822)
(186, 14, 31155)
(186, 65, 13257)
(186, 120, 69808)
(186, 133, 27944)
(186, 142, 18306)
(186, 28, 10407)
(186, 42, 27361)
(186, 93, 37820)
(186, 59, 14091)
(186, 107, 17457)
(186, 129, 40988)
(186, 37, 58671)
(186, 172, 70652)
(186, 94, 54767)
(186, 69, 58968)
(186, 141, 797)
(186, 5, 56334)
(186, 155, 69133)
(186, 86, 25513)
(186, 112, 26743)
(186, 91, 29285)
(186, 8, 26383)
(186, 38, 55182)
(186, 1, 47443)
(186, 34, 58518)
(186, 85, 30189)
(186, 103, 57442)
(186, 80, 47550)
(186, 156, 40202)
(186, 176, 4956)
(186, 76, 12713)
(186, 109, 58931)
(186, 56, 38043)
(186, 170, 9682)
(186, 175, 6353)
(186, 154, 41306)
(186, 159, 68527)
(186, 134, 24727)
(186, 9, 52527)
(186, 146, 8158)
(186, 185, 34774)
(186, 171, 53551)
(186, 70, 872)
(186, 33, 8307)
(186, 54, 656)
(186, 117, 59165)
(186, 127, 62185)
(186, 131, 16469)
(186, 153, 40389)
(186, 87, 25742)
(186, 47, 63763)
(186, 32, 30817)
(186, 173, 63207)
(186, 149, 43399)
(186, 123, 56332)
(186, 63, 64954)
(186, 150, 49476)
(186, 78, 75225)
(186, 25, 28901)
(186, 168, 73114)
(186, 104, 32259)
(186, 89, 15969)
(186, 51, 24740)
(186, 119, 25566)
(186, 72, 72141)
(186, 46, 10017)
(186, 90, 52841)
(186, 132, 73023)
(186, 143, 34846)
(186, 22, 49771)
(186, 167, 73860)
(186, 18, 49263)
(186, 27, 49438)
(186, 49, 2721)
(186, 114, 8768)
(186, 66, 74616)
(186, 166, 21494)
(186, 48, 45183)
(186, 148, 32640)
(186, 10, 39256)
(186, 122, 55537)
(186, 128, 64737)
(186, 3, 41641)
(186, 157, 62154)
(186, 21, 17995)
(186, 67, 29534)
(186, 50, 54715)
(186, 181, 3649)
(186, 180, 2735)
(186, 108, 35019)
(186, 92, 76243)
(186, 61, 28306)
(186, 144, 41678)
(186, 71, 41663)
(186, 111, 39525)
(186, 164, 74374)
(186, 35, 76087)
(186, 16, 16407)
(186, 7, 14737)
(186, 152, 11452)
(186, 136, 54704)
(186, 101, 12759)
(186, 98, 18688)
(186, 124, 10769)
(186, 0, 40918)
(186, 97, 63046)
(186, 113, 74509)
(186, 12, 32098)
(186, 102, 52944)
(186, 151, 3818)
(186, 11, 69348)
(186, 41, 27188)
(186, 75, 18322)
(186, 88, 49765)
(186, 77, 55869)
(186, 20, 74640)
(186, 139, 64493)
(186, 19, 53841)
(186, 39, 3587)
(186, 84, 71327)
(186, 82, 4032)
(186, 126, 4339)
(186, 116, 50559)
(186, 73, 40196)
(186, 24, 2025)
(186, 121, 46422)
(186, 169, 29044)
(186, 58, 60407)
(186, 177, 55344)
(186, 45, 46076)
(186, 23, 75280)
(186, 13, 72779)
(186, 74, 71318)
(186, 4, 56028)
(187, 74, 50374)
(187, 62, 58348)
(187, 96, 42043)
(187, 72, 45824)
(187, 49, 48045)
(187, 32, 75596)
(187, 58, 69720)
(187, 98, 51359)
(187, 104, 7526)
(187, 101, 23334)
(187, 175, 32474)
(187, 4, 69227)
(187, 16, 75619)
(187, 126, 57276)
(187, 112, 37915)
(187, 6, 15544)
(187, 159, 72298)
(187, 99, 25701)
(187, 36, 18123)
(187, 30, 58043)
(187, 110, 29623)
(187, 14, 38918)
(187, 63, 12176)
(187, 23, 40437)
(187, 134, 508)
(187, 178, 59996)
(187, 107, 44231)
(187, 140, 25739)
(187, 115, 14059)
(187, 117, 60820)
(187, 108, 19446)
(187, 87, 38822)
(187, 168, 48885)
(187, 11, 9118)
(187, 186, 9100)
(187, 80, 44129)
(187, 38, 65959)
(187, 147, 22846)
(187, 156, 55374)
(187, 123, 43781)
(187, 45, 12143)
(187, 10, 61731)
(187, 34, 48565)
(187, 39, 62479)
(187, 184, 63913)
(187, 180, 6543)
(187, 8, 16499)
(187, 22, 40882)
(187, 43, 44536)
(187, 171, 68663)
(187, 73, 65523)
(187, 41, 33765)
(187, 19, 18777)
(187, 139, 30775)
(187, 31, 3995)
(187, 113, 7497)
(187, 132, 15354)
(187, 138, 22868)
(187, 173, 51881)
(187, 177, 64911)
(187, 47, 42056)
(187, 146, 22606)
(187, 54, 65300)
(187, 88, 59848)
(187, 116, 15503)
(187, 141, 62675)
(187, 83, 6038)
(187, 157, 7473)
(187, 3, 29303)
(187, 128, 45831)
(187, 174, 63255)
(187, 20, 35193)
(187, 95, 64916)
(187, 158, 8636)
(187, 137, 37681)
(187, 78, 34197)
(187, 162, 68514)
(187, 176, 9183)
(187, 97, 54931)
(187, 109, 49968)
(187, 64, 66379)
(187, 86, 59039)
(187, 161, 44163)
(187, 153, 28972)
(187, 182, 22265)
(187, 118, 41192)
(187, 149, 61817)
(187, 105, 48831)
(187, 124, 69267)
(187, 75, 42866)
(187, 133, 13626)
(187, 125, 23181)
(187, 66, 64819)
(187, 114, 33769)
(187, 84, 16415)
(187, 111, 75573)
(187, 163, 6285)
(187, 12, 61270)
(187, 148, 67389)
(187, 136, 5641)
(187, 130, 8396)
(187, 53, 70311)
(187, 71, 32958)
(187, 106, 25062)
(187, 165, 24757)
(187, 1, 35356)
(187, 24, 12155)
(187, 76, 28375)
(187, 61, 30391)
(187, 143, 45544)
(187, 35, 20072)
(187, 0, 37841)
(187, 167, 46471)
(187, 51, 68675)
(187, 52, 74494)
(187, 150, 18479)
(187, 55, 28967)
(187, 2, 17081)
(187, 40, 24906)
(187, 155, 58104)
(187, 93, 62896)
(187, 142, 45258)
(187, 48, 2476)
(187, 9, 9078)
(187, 135, 47579)
(187, 131, 55548)
(187, 59, 3012)
(187, 129, 48708)
(187, 5, 20337)
(187, 69, 20198)
(187, 151, 36673)
(187, 57, 70548)
(187, 90, 2057)
(187, 154, 44184)
(187, 13, 51961)
(187, 21, 20499)
(187, 67, 73235)
(187, 160, 8595)
(187, 127, 21072)
(187, 82, 43577)
(187, 56, 45516)
(187, 25, 19514)
(187, 100, 2508)
(187, 17, 6156)
(187, 185, 58505)
(187, 170, 23022)
(187, 164, 33502)
(187, 68, 31047)
(187, 102, 53853)
(187, 169, 59533)
(187, 183, 41995)
(187, 33, 67347)
(187, 119, 42660)
(187, 92, 72923)
(187, 122, 3262)
(187, 46, 55245)
(187, 7, 13962)
(187, 120, 70716)
(187, 37, 1964)
(187, 70, 54947)
(187, 28, 30373)
(187, 181, 67363)
(187, 60, 24936)
(187, 152, 57493)
(187, 42, 52838)
(187, 27, 62611)
(187, 29, 2882)
(187, 166, 17666)
(187, 77, 69955)
(187, 103, 59705)
(187, 50, 3288)
(187, 65, 11782)
(187, 179, 66515)
(188, 4, 74363)
(188, 83, 46340)
(188, 186, 46931)
(188, 5, 73389)
(188, 1, 45242)
(188, 45, 69992)
(188, 128, 60129)
(188, 81, 3646)
(188, 156, 322)
(188, 124, 61503)
(188, 140, 2547)
(188, 33, 30953)
(188, 106, 22734)
(188, 145, 70133)
(188, 30, 27972)
(188, 103, 6642)
(188, 64, 62421)
(188, 112, 47494)
(188, 150, 46095)
(188, 129, 18097)
(188, 149, 40306)
(188, 9, 63070)
(188, 28, 20277)
(188, 7, 34231)
(188, 179, 52809)
(188, 176, 53149)
(188, 2, 25596)
(188, 163, 57717)
(189, 90, 50250)
(189, 150, 67069)
(189, 157, 47261)
(189, 34, 45362)
(189, 141, 15252)
(189, 175, 62652)
(189, 120, 56214)
(189, 10, 4286)
(189, 130, 35577)
(189, 93, 69371)
(189, 62, 43775)
(189, 35, 62101)
(189, 43, 40741)
(189, 22, 56542)
(189, 72, 36955)
(189, 186, 26785)
(189, 1, 31461)
(189, 69, 7264)
(189, 53, 17591)
(189, 49, 10367)
(189, 16, 31404)
(189, 126, 15133)
(189, 96, 11743)
(189, 107, 8059)
(189, 146, 51507)
(189, 66, 42955)
(189, 185, 23746)
(189, 148, 8460)
(189, 110, 26006)
(189, 33, 14020)
(189, 13, 49228)
(189, 7, 11936)
(189, 170, 6728)
(189, 85, 75001)
(189, 136, 56570)
(189, 97, 53591)
(189, 80, 60668)
(189, 83, 51421)
(189, 4, 2773)
(189, 86, 61614)
(189, 61, 31740)
(189, 59, 20695)
(189, 182, 59700)
(189, 45, 65745)
(189, 6, 74291)
(189, 74, 4793)
(189, 176, 4990)
(189, 24, 37387)
(189, 25, 26423)
(189, 52, 1073)
(189, 27, 34161)
(189, 153, 53940)
(189, 91, 40752)
(189, 77, 52590)
(189, 63, 71431)
(189, 131, 12100)
(189, 3, 15979)
(189, 160, 18966)
(189, 81, 19640)
(189, 32, 69072)
(189, 124, 30647)
(189, 172, 63572)
(189, 133, 1083)
(189, 132, 38297)
(189, 115, 51934)
(189, 8, 35111)
(189, 102, 28324)
(189, 5, 32832)
(189, 103, 28209)
(189, 169, 44255)
(189, 173, 65168)
(189, 181, 1057)
(189, 171, 29115)
(189, 39, 57119)
(189, 29, 14481)
(189, 165, 11243)
(189, 177, 39286)
(189, 58, 15207)
(189, 184, 23428)
(189, 114, 72470)
(189, 55, 71048)
(189, 134, 51525)
(189, 145, 42418)
(189, 87, 25369)
(189, 149, 35011)
(189, 162, 28991)
(189, 143, 15145)
(189, 100, 61690)
(189, 106, 10418)
(189, 70, 11388)
(189, 76, 26946)
(189, 142, 62338)
(189, 79, 649)
(189, 127, 35928)
(189, 108, 13182)
(189, 179, 14256)
(189, 71, 17745)
(190, 97, 45810)
(190, 130, 46044)
(190, 6, 44914)
(190, 81, 38649)
(190, 159, 22454)
(190, 182, 54640)
(190, 115, 28398)
(190, 108, 32708)
(190, 52, 20463)
(190, 14, 26162)
(190, 89, 47046)
(190, 80, 64611)
(190, 177, 22184)
(190, 185, 70969)
(190, 103, 8374)
(190, 135, 58215)
(190, 43, 26630)
(190, 105, 50637)
(190, 30, 76367)
(190, 112, 22990)
(190, 36, 32776)
(190, 167, 74234)
(190, 143, 59879)
(190, 170, 55112)
(190, 66, 46530)
(190, 152, 72920)
(190, 123, 18407)
(190, 187, 27779)
(190, 132, 64797)
(190, 22, 11769)
(190, 77, 34274)
(190, 35, 47861)
(190, 146, 76269)
(190, 180, 61618)
(190, 175, 25607)
(190, 161, 7435)
(190, 139, 1343)
(190, 184, 24033)
(190, 0, 19320)
(190, 90, 14708)
(190, 122, 19606)
(190, 76, 71092)
(190, 114, 23716)
(190, 150, 22153)
(190, 158, 55677)
(190, 171, 47980)
(190, 169, 71356)
(190, 156, 28282)
(190, 51, 15499)
(190, 2, 9517)
(190, 44, 63034)
(190, 70, 55285)
(190, 155, 31226)
(190, 84, 13434)
(190, 15, 69978)
(190, 17, 18286)
(190, 46, 7285)
(190, 165, 10173)
(190, 116, 60344)
(190, 32, 65354)
(190, 160, 70209)
(190, 149, 4495)
(190, 92, 21229)
(190, 138, 69736)
(190, 179, 75435)
(190, 91, 22429)
(190, 23, 17955)
(190, 78, 12065)
(190, 19, 9163)
(190, 172, 65786)
(190, 134, 25456)
(190, 106, 3541)
(190, 24, 75111)
(190, 174, 31121)
(190, 133, 36688)
(190, 7, 55508)
(190, 86, 13857)
(190, 75, 15703)
(190, 110, 72267)
(190, 8, 2964)
(190, 27, 22680)
(190, 100, 57748)
(190, 94, 70000)
(190, 119, 40487)
(190, 25, 16111)
(190, 49, 60694)
(190, 186, 76081)
(190, 4, 44013)
(190, 176, 8390)
(190, 38, 4174)
(190, 33, 27654)
(190, 113, 55256)
(190, 128, 60473)
(190, 69, 60176)
(190, 157, 30731)
(190, 29, 35556)
(190, 3, 4811)
(190, 58, 20682)
(190, 136, 14110)
(190, 85, 17896)
(190, 59, 2115)
(190, 12, 41449)
(190, 181, 44272)
(190, 144, 7282)
(190, 82, 62004)
(190, 9, 12340)
(190, 126, 37188)
(190, 48, 6658)
(190, 140, 41003)
(190, 147, 46594)
(190, 125, 54416)
(190, 129, 2532)
(190, 98, 5281)
(190, 1, 24696)
(190, 137, 42599)
(190, 120, 25358)
(190, 102, 9390)
(190, 67, 31788)
(190, 99, 32664)
(190, 57, 65004)
(190, 96, 58250)
(190, 93, 13618)
(190, 62, 22602)
(190, 142, 52262)
(190, 42, 73780)
(190, 18, 55390)
(190, 61, 13321)
(190, 45, 20347)
(190, 73, 64993)
(190, 153, 20767)
(190, 111, 75184)
(190, 20, 37369)
(190, 50, 327)
(190, 63, 68760)
(190, 11, 13112)
(190, 31, 56190)
(190, 189, 45644)
(190, 107, 54332)
(190, 60, 8590)
(190, 117, 17304)
(190, 13, 51618)
(190, 148, 402)
(190, 74, 45197)
(190, 163, 60484)
(190, 188, 73361)
(190, 28, 14698)
(190, 68, 11570)
(190, 83, 22757)
(190, 124, 34830)
(190, 141, 44934)
(190, 131, 27631)
(191, 15, 64848)
(191, 112, 42590)
(191, 64, 26293)
(191, 151, 43567)
(191, 83, 68190)
(191, 158, 29992)
(191, 3, 27648)
(191, 99, 69411)
(191, 74, 65124)
(191, 100, 43616)
(191, 96, 7973)
(191, 10, 38568)
(191, 8, 39349)
(191, 11, 8194)
(191, 54, 15398)
(191, 113, 61450)
(191, 16, 37043)
(191, 159, 35283)
(191, 39, 22263)
(191, 4, 13354)
(191, 66, 36310)
(191, 94, 5190)
(191, 17, 39883)
(191, 14, 11204)
(191, 131, 66538)
(191, 36, 44916)
(191, 149, 54021)
(191, 76, 28940)
(191, 20, 38005)
(191, 50, 6702)
(191, 141, 65605)
(191, 56, 35950)
(191, 73, 39204)
(191, 128, 65753)
(191, 173, 38838)
(191, 53, 13549)
(191, 92, 54446)
(191, 148, 31032)
(191, 62, 33681)
(191, 2, 32090)
(191, 135, 5488)
(191, 18, 32806)
(191, 37, 70083)
(191, 116, 58708)
(191, 150, 76357)
(191, 121, 15163)
(191, 172, 39699)
(191, 55, 28404)
(191, 9, 45941)
(191, 126, 30573)
(191, 68, 51915)
(191, 125, 23148)
(191, 40, 74641)
(191, 33, 2189)
(191, 31, 69257)
(191, 184, 24579)
(191, 122, 29754)
(191, 108, 69527)
(191, 167, 20826)
(191, 109, 75862)
(191, 70, 3680)
(191, 46, 67187)
(191, 175, 68860)
(191, 84, 56878)
(191, 153, 41899)
(191, 181, 2196)
(191, 41, 10597)
(191, 101, 75800)
(191, 162, 55461)
(191, 82, 61642)
(191, 63, 58360)
(191, 174, 5118)
(191, 155, 55336)
(191, 34, 73420)
(191, 45, 32731)
(191, 95, 68920)
(191, 98, 71771)
(191, 42, 22949)
(191, 133, 10207)
(191, 25, 16619)
(191, 80, 11420)
(191, 90, 51087)
(191, 119, 31123)
(191, 65, 64203)
(191, 49, 32325)
(191, 178, 53221)
(191, 57, 10379)
(191, 79, 48583)
(191, 12, 38001)
(191, 117, 38243)
(191, 185, 53332)
(191, 177, 62969)
(191, 142, 25441)
(191, 13, 72038)
(191, 110, 71216)
(191, 67, 70113)
(191, 30, 47206)
(191, 71, 20074)
(191, 88, 33775)
(191, 44, 56252)
(191, 137, 277)
(191, 146, 49087)
(191, 24, 61862)
(191, 169, 55956)
(191, 85, 72588)
(191, 52, 65570)
(191, 86, 44617)
(191, 104, 60940)
(191, 61, 36005)
(191, 26, 61452)
(191, 28, 48211)
(191, 180, 48641)
(191, 154, 52327)
(191, 81, 13805)
(191, 107, 51235)
(191, 106, 49408)
(191, 168, 3348)
(191, 165, 67623)
(191, 114, 54405)
(191, 29, 17580)
(191, 166, 27351)
(191, 75, 39819)
(191, 123, 18152)
(191, 60, 51245)
(191, 23, 52643)
(191, 132, 60262)
(191, 171, 1046)
(191, 105, 65874)
(191, 118, 25329)
(191, 140, 70986)
(191, 32, 21132)
(191, 103, 5896)
(191, 179, 5757)
(191, 69, 27461)
(191, 134, 75128)
(191, 43, 33145)
(191, 161, 15391)
(191, 91, 53740)
(191, 139, 20314)
(191, 187, 41039)
(191, 188, 37734)
(191, 93, 55505)
(191, 77, 9784)
(191, 59, 3506)
(191, 186, 75396)
(191, 163, 34554)
(191, 189, 25042)
(191, 0, 20662)
(191, 130, 53358)
(191, 87, 10923)
(191, 145, 73463)
(191, 19, 70628)
(191, 115, 4262)
(191, 183, 59359)
(192, 186, 35926)
(192, 47, 73885)
(192, 146, 25555)
(192, 46, 45977)
(192, 189, 24286)
(192, 118, 59665)
(192, 74, 2084)
(192, 109, 1519)
(192, 115, 50066)
(192, 56, 52136)
(192, 54, 28712)
(192, 165, 14083)
(192, 17, 8820)
(192, 66, 46050)
(192, 187, 15492)
(192, 123, 44030)
(192, 27, 24037)
(192, 38, 4555)
(192, 28, 57424)
(192, 184, 66078)
(192, 117, 36794)
(192, 20, 57711)
(192, 179, 65965)
(192, 58, 21769)
(192, 113, 36895)
(192, 96, 55588)
(192, 87, 54486)
(192, 60, 13052)
(192, 52, 17901)
(192, 111, 56206)
(192, 72, 66591)
(192, 92, 72974)
(192, 120, 53159)
(192, 98, 62438)
(192, 4, 15442)
(192, 95, 24699)
(192, 188, 26921)
(192, 183, 27995)
(192, 190, 21926)
(192, 132, 69513)
(192, 178, 45348)
(192, 36, 30115)
(192, 108, 60617)
(192, 124, 47312)
(192, 150, 70597)
(192, 155, 63460)
(192, 76, 68580)
(192, 143, 52635)
(192, 170, 40362)
(192, 10, 11684)
(192, 133, 10776)
(192, 1, 47712)
(192, 37, 31791)
(192, 73, 49608)
(192, 15, 49947)
(192, 39, 37688)
(192, 68, 42983)
(192, 30, 37283)
(192, 140, 12940)
(192, 156, 45146)
(192, 29, 66505)
(192, 67, 13345)
(192, 79, 73371)
(192, 50, 62965)
(192, 51, 54753)
(192, 12, 3401)
(192, 85, 65858)
(192, 107, 67636)
(192, 91, 9372)
(192, 71, 61696)
(192, 122, 37800)
(192, 173, 27141)
(192, 103, 55829)
(192, 78, 2351)
(192, 167, 23458)
(192, 63, 72289)
(192, 104, 31730)
(192, 137, 51622)
(192, 177, 28338)
(192, 162, 13439)
(192, 151, 74282)
(192, 24, 34842)
(192, 174, 19303)
(192, 41, 20185)
(192, 101, 46488)
(192, 175, 59659)
(192, 161, 3112)
(192, 158, 27097)
(192, 125, 15362)
(192, 112, 21610)
(192, 34, 67105)
(192, 65, 9408)
(192, 131, 19072)
(192, 97, 67404)
(192, 43, 28458)
(192, 164, 28311)
(192, 114, 16050)
(192, 142, 50651)
(192, 90, 69120)
(192, 144, 15484)
(192, 135, 54132)
(192, 64, 15324)
(192, 163, 23556)
(192, 154, 73071)
(192, 18, 5405)
(192, 93, 2755)
(192, 185, 50459)
(192, 61, 40357)
(192, 153, 3395)
(192, 2, 20466)
(192, 99, 20061)
(192, 100, 5036)
(192, 152, 61093)
(192, 147, 30271)
(192, 26, 34156)
(192, 119, 71231)
(192, 5, 62518)
(192, 77, 52959)
(192, 182, 67546)
(192, 139, 10028)
(192, 3, 43997)
(192, 53, 71067)
(192, 126, 70219)
(192, 25, 66689)
(192, 59, 30441)
(192, 86, 22915)
(192, 89, 71838)
(192, 6, 34952)
(192, 9, 42312)
(192, 134, 61626)
(192, 181, 17459)
(192, 168, 22833)
(193, 1, 3472)
(193, 20, 60148)
(193, 70, 36157)
(193, 36, 46716)
(193, 63, 54092)
(193, 124, 1748)
(193, 33, 33957)
(193, 151, 11932)
(193, 67, 32177)
(193, 175, 34808)
(193, 61, 52318)
(193, 87, 24574)
(193, 89, 14538)
(193, 97, 11679)
(193, 50, 8783)
(193, 55, 60197)
(193, 5, 54527)
(193, 125, 76173)
(193, 185, 30246)
(193, 130, 75312)
(193, 109, 28427)
(193, 34, 44640)
(193, 176, 61551)
(193, 177, 60282)
(193, 95, 39028)
(193, 78, 22189)
(193, 65, 13438)
(193, 30, 45773)
(193, 152, 71604)
(193, 169, 25446)
(193, 147, 33666)
(193, 13, 73880)
(193, 115, 32933)
(193, 145, 52251)
(193, 4, 39526)
(193, 184, 26078)
(193, 59, 51654)
(193, 128, 51276)
(193, 8, 71350)
(193, 111, 5436)
(193, 2, 48022)
(193, 179, 38679)
(193, 84, 66791)
(193, 118, 17512)
(193, 93, 12388)
(193, 52, 38215)
(193, 10, 27476)
(193, 76, 73218)
(193, 83, 6442)
(193, 73, 43149)
(193, 155, 32027)
(193, 14, 30357)
(193, 74, 32429)
(193, 126, 49267)
(193, 21, 8401)
(193, 11, 74525)
(193, 144, 14258)
(193, 188, 64722)
(193, 143, 51500)
(193, 47, 16634)
(193, 163, 70437)
(193, 161, 71196)
(193, 40, 8154)
(193, 190, 23664)
(193, 71, 65284)
(193, 180, 66932)
(193, 9, 53985)
(193, 51, 65263)
(193, 66, 4429)
(193, 135, 41133)
(193, 146, 36403)
(193, 86, 36108)
(193, 121, 49612)
(193, 26, 66066)
(193, 75, 6865)
(193, 54, 3884)
(193, 138, 30162)
(193, 139, 75229)
(193, 22, 45667)
(193, 0, 75117)
(193, 142, 36181)
(193, 91, 32852)
(193, 6, 65774)
(193, 42, 33298)
(193, 174, 54985)
(193, 69, 60922)
(193, 181, 23826)
(193, 92, 29896)
(193, 53, 13150)
(193, 80, 65603)
(193, 153, 68188)
(193, 3, 5781)
(193, 172, 17672)
(193, 129, 62555)
(193, 168, 69615)
(193, 132, 70585)
(193, 100, 65548)
(193, 45, 46421)
(193, 16, 44305)
(193, 123, 37996)
(193, 35, 42539)
(193, 189, 30855)
(193, 82, 33889)
(193, 29, 46981)
(193, 186, 65069)
(193, 171, 54598)
(193, 120, 34034)
(193, 39, 4168)
(193, 170, 56527)
(193, 178, 35263)
(193, 105, 67249)
(193, 137, 2029)
(193, 15, 40586)
(193, 12, 28421)
(193, 113, 37489)
(193, 103, 23981)
(193, 148, 64778)
(193, 37, 62071)
(193, 62, 12326)
(193, 7, 11601)
(193, 41, 51197)
(193, 156, 34950)
(193, 27, 25872)
(193, 49, 69560)
(193, 141, 48424)
(193, 57, 63606)
(193, 72, 54786)
(193, 191, 16321)
(193, 46, 12108)
(193, 154, 13207)
(193, 85, 21105)
(193, 164, 7702)
(193, 25, 36538)
(193, 99, 11638)
(193, 90, 38927)
(193, 81, 15332)
(193, 24, 27594)
(193, 122, 7960)
(193, 38, 61631)
(193, 136, 1696)
(193, 134, 4444)
(193, 117, 72765)
(193, 23, 21133)
(193, 110, 21855)
(193, 160, 37654)
(193, 119, 49529)
(193, 158, 9852)
(193, 140, 41185)
(193, 28, 66295)
(193, 44, 37114)
(193, 150, 19468)
(193, 133, 33395)
(193, 31, 18893)
(193, 173, 30504)
(193, 149, 4386)
(193, 60, 31567)
(193, 165, 63173)
(193, 32, 11109)
(193, 94, 9427)
(193, 98, 45142)
(193, 162, 6113)
(193, 56, 41532)
(193, 18, 76349)
(193, 182, 22202)
(193, 43, 19374)
(193, 64, 31898)
(193, 127, 18522)
(193, 108, 13119)
(194, 72, 57546)
(194, 81, 11480)
(194, 89, 28590)
(194, 53, 54973)
(194, 128, 33182)
(194, 24, 8575)
(194, 56, 47275)
(194, 11, 14644)
(194, 107, 31241)
(194, 178, 52860)
(194, 45, 37632)
(194, 74, 17175)
(194, 160, 32601)
(194, 164, 56181)
(194, 76, 58458)
(194, 157, 399)
(194, 136, 65765)
(194, 126, 15370)
(194, 113, 41410)
(194, 190, 7030)
(194, 62, 60339)
(194, 60, 71866)
(194, 57, 59878)
(194, 149, 69772)
(194, 108, 62144)
(194, 4, 3106)
(194, 124, 63287)
(194, 135, 27664)
(194, 183, 14635)
(194, 185, 27683)
(194, 129, 31722)
(194, 171, 24517)
(194, 114, 57581)
(194, 86, 54494)
(194, 133, 75335)
(194, 29, 57967)
(194, 59, 66885)
(194, 115, 61874)
(194, 2, 36751)
(194, 139, 5283)
(194, 92, 53208)
(194, 101, 906)
(194, 49, 54636)
(194, 98, 57074)
(194, 1, 40763)
(194, 70, 31918)
(194, 26, 57073)
(194, 91, 45771)
(194, 10, 44194)
(194, 80, 7292)
(194, 3, 59570)
(194, 78, 65330)
(194, 177, 31697)
(194, 14, 70705)
(194, 67, 28634)
(194, 43, 43740)
(194, 118, 16965)
(194, 193, 72013)
(194, 18, 67372)
(194, 41, 45871)
(194, 188, 66442)
(194, 31, 54560)
(194, 94, 41220)
(194, 25, 28448)
(194, 110, 57045)
(194, 77, 44532)
(194, 0, 59440)
(194, 52, 15049)
(194, 143, 64407)
(194, 66, 43501)
(194, 84, 42833)
(194, 170, 74498)
(194, 95, 9940)
(194, 163, 21219)
(194, 51, 40801)
(194, 64, 16636)
(194, 65, 67566)
(194, 5, 60303)
(194, 144, 57602)
(194, 158, 74448)
(194, 79, 44449)
(194, 19, 42252)
(194, 122, 9145)
(194, 172, 14208)
(195, 97, 25154)
(195, 11, 28336)
(195, 150, 59218)
(195, 58, 4125)
(195, 146, 43948)
(195, 123, 25197)
(195, 78, 22676)
(195, 40, 72678)
(195, 1, 30340)
(195, 72, 39641)
(195, 53, 68534)
(195, 55, 5730)
(195, 61, 6288)
(195, 12, 6842)
(195, 139, 38915)
(195, 183, 70845)
(195, 33, 54896)
(195, 125, 56072)
(195, 177, 7089)
(195, 41, 41545)
(195, 186, 66133)
(195, 46, 19240)
(195, 117, 66342)
(195, 21, 75617)
(195, 85, 28500)
(195, 39, 10052)
(195, 93, 71446)
(195, 149, 55005)
(195, 79, 57895)
(195, 91, 33876)
(195, 82, 24366)
(195, 63, 75723)
(195, 44, 72125)
(195, 181, 3853)
(195, 136, 58168)
(195, 31, 11320)
(195, 170, 34003)
(195, 122, 20983)
(195, 126, 38772)
(195, 22, 22397)
(195, 37, 45848)
(195, 104, 31116)
(195, 156, 39867)
(195, 160, 30936)
(195, 147, 3402)
(195, 127, 39583)
(195, 77, 14363)
(195, 101, 28496)
(196, 68, 28007)
(196, 151, 39488)
(196, 130, 32178)
(196, 145, 13723)
(196, 2, 21629)
(196, 92, 47838)
(196, 103, 13988)
(196, 159, 68764)
(196, 9, 8062)
(196, 194, 42695)
(196, 111, 15253)
(196, 195, 60438)
(196, 16, 46112)
(196, 23, 25516)
(196, 41, 38917)
(196, 91, 57318)
(196, 87, 56616)
(196, 115, 35551)
(196, 98, 17224)
(196, 146, 8336)
(196, 99, 31996)
(196, 25, 29287)
(196, 79, 14224)
(196, 7, 32391)
(196, 177, 54546)
(196, 114, 53038)
(196, 192, 59500)
(196, 131, 40434)
(196, 39, 53080)
(196, 33, 73832)
(196, 0, 23841)
(196, 143, 5254)
(196, 150, 7290)
(196, 166, 52334)
(196, 38, 45390)
(196, 105, 29317)
(196, 183, 30477)
(196, 67, 61675)
(196, 20, 13737)
(196, 90, 40156)
(196, 122, 60913)
(196, 179, 46843)
(196, 17, 25929)
(196, 175, 53219)
(196, 24, 23898)
(196, 40, 14537)
(196, 63, 72813)
(196, 140, 74925)
(196, 104, 9058)
(196, 47, 17948)
(196, 29, 13719)
(196, 139, 22558)
(196, 76, 5543)
(196, 157, 17840)
(196, 174, 74573)
(196, 43, 63044)
(196, 186, 33105)
(196, 46, 65547)
(196, 74, 42887)
(196, 125, 13092)
(196, 180, 39058)
(196, 81, 49415)
(196, 55, 73904)
(196, 65, 12520)
(196, 6, 33133)
(196, 45, 27831)
(196, 117, 41339)
(196, 26, 12366)
(196, 116, 20458)
(196, 163, 19934)
(196, 137, 64762)
(196, 129, 71682)
(196, 95, 18837)
(196, 27, 4982)
(196, 169, 31459)
(196, 126, 13953)
(196, 165, 57529)
(196, 128, 32080)
(196, 49, 70612)
(196, 144, 30935)
(196, 113, 56483)
(196, 36, 74344)
(196, 107, 36114)
(196, 97, 43092)
(196, 37, 35534)
(196, 60, 21655)
(196, 136, 3577)
(196, 72, 48099)
(196, 124, 58855)
(196, 12, 54787)
(196, 56, 64463)
(196, 75, 26977)
(196, 93, 9376)
(196, 156, 30102)
(196, 168, 6644)
(196, 101, 66954)
(196, 123, 60089)
(196, 42, 51524)
(196, 58, 45805)
(196, 4, 9563)
(196, 188, 9745)
(196, 189, 36605)
(196, 155, 49517)
(196, 44, 21460)
(196, 127, 11719)
(196, 13, 24937)
(196, 61, 30592)
(196, 110, 55533)
(196, 54, 54637)
(196, 120, 4646)
(196, 134, 44739)
(196, 176, 4267)
(196, 147, 16765)
(196, 85, 3905)
(196, 170, 15594)
(196, 66, 32154)
(196, 3, 23066)
(196, 153, 29651)
(196, 96, 12210)
(196, 109, 57833)
(196, 59, 27570)
(196, 53, 36074)
(196, 22, 18959)
(196, 191, 1736)
(196, 182, 62093)
(196, 11, 73950)
(196, 69, 10893)
(196, 154, 14018)
(196, 30, 70335)
(196, 178, 42607)
(196, 152, 45373)
(196, 142, 50438)
(196, 160, 4660)
(196, 57, 58964)
(196, 158, 18124)
(196, 112, 16506)
(196, 14, 7992)
(196, 162, 23689)
(196, 100, 20851)
(196, 149, 27214)
(196, 48, 31262)
(196, 193, 39207)
(196, 108, 17221)
(196, 34, 63411)
(196, 83, 13930)
(196, 64, 64572)
(196, 121, 24462)
(196, 18, 23789)
(196, 89, 76065)
(196, 21, 67533)
(196, 28, 55691)
(196, 141, 63408)
(196, 181, 40813)
(196, 185, 16976)
(196, 50, 6708)
(196, 10, 30565)
(196, 132, 16007)
(196, 70, 12832)
(196, 52, 74403)
(196, 1, 45441)
(196, 106, 42350)
(196, 78, 44496)
(196, 77, 73300)
(196, 73, 12209)
(196, 62, 54502)
(196, 86, 60426)
(196, 80, 36812)
(196, 167, 1530)
(196, 184, 65996)
(196, 187, 30150)
(196, 88, 30545)
(196, 15, 49006)
(196, 82, 65709)
(196, 102, 40521)
(196, 190, 11931)
(196, 138, 1091)
(197, 114, 17070)
(197, 72, 13228)
(197, 55, 57103)
(197, 74, 35501)
(197, 6, 72124)
(197, 41, 43871)
(197, 184, 76109)
(197, 93, 32145)
(197, 20, 14433)
(197, 92, 28313)
(197, 42, 74057)
(197, 134, 1953)
(197, 37, 35833)
(197, 123, 744)
(197, 32, 22426)
(197, 126, 3824)
(197, 101, 22449)
(197, 57, 61582)
(197, 90, 46154)
(197, 196, 45900)
(197, 130, 62146)
(197, 122, 41331)
(197, 116, 14716)
(197, 128, 56265)
(197, 18, 71505)
(197, 147, 53684)
(197, 108, 55522)
(197, 140, 27196)
(197, 113, 22816)
(197, 19, 47201)
(197, 171, 42175)
(197, 118, 21564)
(197, 85, 43489)
(197, 88, 36152)
(197, 5, 11020)
(197, 56, 37627)
(197, 7, 22590)
(197, 65, 74169)
(197, 0, 22828)
(197, 168, 1917)
(197, 95, 44572)
(197, 138, 67367)
(197, 14, 60031)
(197, 30, 56093)
(197, 135, 66764)
(197, 193, 18256)
(197, 160, 37105)
(197, 16, 9779)
(197, 188, 66866)
(197, 79, 56952)
(197, 139, 64241)
(197, 54, 39662)
(197, 48, 14150)
(197, 11, 20431)
(197, 38, 66360)
(197, 127, 33351)
(197, 172, 28119)
(197, 60, 8450)
(197, 83, 59284)
(197, 1, 63839)
(197, 189, 44992)
(197, 163, 20112)
(197, 182, 40925)
(197, 58, 72275)
(197, 121, 25643)
(197, 146, 33445)
(197, 159, 5958)
(197, 86, 15338)
(197, 31, 19908)
(197, 28, 45422)
(197, 51, 17579)
(197, 103, 43939)
(197, 62, 64555)
(197, 50, 10412)
(197, 102, 2820)
(197, 89, 52655)
(197, 100, 12509)
(197, 110, 59723)
(197, 125, 74703)
(197, 35, 51847)
(198, 54, 75054)
(198, 14, 9662)
(198, 28, 57877)
(198, 60, 20394)
(198, 6, 55557)
(198, 182, 26512)
(198, 162, 70948)
(198, 115, 51685)
(198, 159, 38855)
(198, 85, 45297)
(198, 62, 60182)
(198, 98, 5402)
(198, 174, 34967)
(198, 93, 67131)
(198, 188, 60081)
(198, 155, 49055)
(198, 140, 18104)
(198, 160, 42495)
(198, 120, 27819)
(198, 113, 47908)
(198, 95, 12704)
(198, 51, 41474)
(198, 53, 30836)
(198, 177, 58385)
(198, 170, 2003)
(198, 173, 31108)
(198, 147, 32018)
(198, 189, 68976)
(198, 29, 31122)
(198, 108, 62857)
(198, 152, 8133)
(198, 158, 72083)
(198, 150, 70291)
(198, 117, 21283)
(198, 24, 30049)
(198, 61, 27220)
(198, 79, 21595)
(198, 97, 14629)
(198, 4, 27606)
(198, 9, 66207)
(198, 27, 3628)
(198, 66, 46476)
(198, 121, 27736)
(199, 83, 23151)
(199, 189, 62848)
(199, 172, 6369)
(199, 137, 49719)
(199, 136, 25671)
(199, 99, 23110)
(199, 129, 22969)
(199, 116, 29369)
(199, 146, 57375)
(199, 39, 15504)
(199, 48, 61280)
(199, 62, 29448)
(199, 5, 19011)
(199, 91, 12714)
(199, 117, 7560)
(199, 145, 280)
(199, 153, 50603)
(199, 68, 44682)
(199, 185, 54525)
(199, 159, 18538)
(199, 134, 11995)
(199, 18, 23629)
(199, 10, 13153)
(199, 108, 75536)
(199, 139, 30016)
(199, 120, 67626)
(199, 82, 19981)
(199, 59, 44873)
(199, 50, 56428)
(199, 2, 14432)
(199, 95, 39218)
(199, 143, 73029)
(199, 61, 36705)
(199, 64, 47234)
(199, 196, 74424)
(199, 57, 72475)
(199, 195, 64210)
(199, 55, 76323)
(199, 24, 40900)
(199, 7, 19069)
(199, 124, 29948)
(199, 157, 12450)
(199, 119, 45267)
(199, 123, 22170)
(199, 180, 52079)
(199, 85, 970)
(199, 1, 43307)
(199, 192, 63401)
(199, 23, 72915)
(199, 133, 36709)
(199, 100, 68578)
(199, 63, 68340)
(199, 166, 9482)
(199, 151, 24912)
(199, 32, 58815)
(199, 111, 54051)
(199, 75, 59377)
(199, 193, 72866)
(199, 155, 34113)
(199, 9, 46658)
(199, 35, 45946)
(199, 33, 11616)
(199, 131, 8975)
(199, 76, 67805)
(199, 149, 24343)
(199, 25, 8098)
(199, 110, 8771)
(199, 176, 50454)
(199, 36, 29702)
(199, 194, 25928)
(199, 41, 57769)
(199, 168, 9979)
(199, 80, 19914)
(199, 112, 15563)
(199, 22, 48560)
(199, 103, 10879)
(199, 66, 69579)
(199, 47, 32197)
(199, 177, 11021)
(199, 19, 21802)
(200, 27, 32017)
(200, 112, 44650)
(200, 5, 32594)
(200, 30, 67726)
(200, 74, 37351)
(200, 32, 50000)
(200, 156, 11010)
(200, 96, 56041)
(200, 177, 34223)
(200, 160, 46601)
(200, 106, 17058)
(200, 134, 61920)
(200, 23, 71418)
(200, 108, 72703)
(200, 157, 71816)
(200, 58, 5172)
(200, 164, 34583)
(200, 124, 36121)
(200, 195, 34811)
(200, 13, 3473)
(200, 72, 60015)
(200, 102, 62799)
(200, 0, 19046)
(200, 125, 41838)
(200, 91, 49452)
(200, 133, 60831)
(200, 75, 58381)
(200, 154, 30085)
(200, 43, 29724)
(200, 18, 62104)
(200, 113, 18746)
(200, 159, 20970)
(200, 71, 52128)
(200, 86, 62383)
(200, 143, 68992)
(200, 101, 22108)
(200, 40, 70080)
(200, 12, 52201)
(200, 185, 34140)
(200, 100, 4001)
(200, 37, 37772)
(200, 73, 54811)
(200, 123, 70261)
(200, 10, 47481)
(200, 24, 23980)
(200, 137, 61337)
(200, 6, 16835)
(200, 176, 41065)
(200, 136, 58305)
(200, 170, 57765)
(200, 14, 9661)
(200, 184, 29790)
(200, 81, 75245)
(200, 93, 34493)
(200, 147, 5549)
(200, 42, 16422)
(200, 181, 30216)
(200, 168, 30296)
(200, 128, 61846)
(200, 63, 9876)
(200, 83, 68615)
(200, 198, 62938)
(200, 129, 33725)
(200, 95, 26402)
(200, 66, 53981)
(200, 51, 38412)
(200, 191, 22191)
(200, 117, 54223)
(200, 56, 53408)
(200, 114, 396)
(200, 197, 49858)
(200, 189, 9366)
(200, 131, 71000)
(200, 97, 605)
(200, 130, 72142)
(200, 180, 27209)
(200, 67, 37133)
(200, 45, 3631)
(200, 193, 2928)
(200, 126, 15459)
(200, 7, 45861)
(200, 89, 22362)
(200, 116, 32662)
(200, 54, 2711)
(200, 142, 71124)
(200, 59, 21694)
(200, 196, 13132)
(200, 53, 49865)
(200, 139, 31132)
(200, 69, 25660)
(200, 50, 8384)
(200, 182, 5348)
(200, 109, 30007)
(200, 60, 64484)
(200, 11, 35918)
(200, 3, 38431)
(200, 78, 49111)
(200, 188, 57666)
(200, 194, 52314)
(200, 140, 74360)
(200, 169, 55136)
(200, 115, 11001)
(200, 192, 33099)
(200, 48, 62103)
(200, 183, 18188)
(200, 141, 44053)
(200, 34, 73579)
(200, 167, 69879)
(200, 19, 28926)
(200, 88, 26518)
(200, 122, 72944)
(200, 36, 1094)
(201, 39, 63351)
(201, 74, 371)
(201, 71, 34037)
(201, 66, 15599)
(201, 122, 19541)
(201, 112, 63388)
(201, 83, 67402)
(201, 162, 38587)
(201, 16, 36484)
(201, 14, 76262)
(201, 28, 67047)
(201, 119, 38333)
(201, 147, 12661)
(201, 158, 45529)
(201, 64, 63008)
(201, 68, 50692)
(201, 143, 13986)
(201, 29, 37912)
(201, 116, 48944)
(201, 181, 57852)
(201, 178, 51044)
(201, 135, 6847)
(201, 17, 5029)
(201, 166, 68840)
(201, 2, 15826)
(201, 177, 9178)
(201, 142, 70366)
(201, 30, 23914)
(201, 45, 25825)
(201, 3, 51445)
(201, 101, 16983)
(201, 131, 49920)
(201, 43, 18314)
(201, 151, 10233)
(201, 97, 3828)
(201, 60, 40535)
(201, 1, 56157)
(201, 46, 2888)
(201, 152, 6784)
(201, 22, 76114)
(201, 126, 19432)
(201, 19, 45376)
(201, 187, 50772)
(201, 106, 59637)
(201, 88, 3913)
(201, 78, 66971)
(201, 180, 60459)
(201, 49, 46648)
(201, 134, 24619)
(201, 141, 12190)
(201, 57, 61897)
(201, 59, 54659)
(201, 159, 29823)
(201, 140, 36946)
(201, 76, 36682)
(201, 161, 6626)
(201, 13, 51893)
(201, 155, 41125)
(201, 174, 52908)
(201, 58, 19223)
(201, 188, 53244)
(201, 44, 52183)
(201, 103, 15072)
(201, 198, 23055)
(201, 108, 74138)
(201, 167, 56037)
(201, 31, 2184)
(201, 37, 40277)
(201, 196, 4496)
(201, 156, 1754)
(201, 93, 3845)
(201, 84, 57013)
(201, 40, 64669)
(201, 176, 31648)
(201, 67, 26103)
(201, 8, 32909)
(201, 190, 72839)
(201, 110, 52549)
(201, 85, 69679)
(201, 89, 40892)
(201, 24, 42736)
(201, 118, 3858)
(201, 121, 66904)
(201, 124, 20416)
(201, 20, 60074)
(201, 63, 54744)
(201, 52, 57)
(201, 69, 36350)
(201, 32, 49198)
(201, 123, 65301)
(201, 92, 24189)
(201, 33, 1937)
(201, 5, 50868)
(201, 128, 60016)
(201, 164, 58695)
(201, 191, 34200)
(201, 138, 29488)
(201, 171, 14017)
(201, 102, 59974)
(201, 170, 4171)
(201, 114, 11458)
(201, 173, 18236)
(201, 91, 41843)
(201, 86, 59625)
(201, 99, 9374)
(201, 41, 70547)
(201, 109, 40161)
(201, 153, 28065)
(201, 195, 14675)
(201, 179, 17528)
(201, 184, 76278)
(201, 127, 68375)
(201, 61, 72775)
(201, 149, 51205)
(201, 0, 34829)
(201, 50, 43265)
(201, 38, 27250)
(201, 157, 75642)
(201, 150, 24987)
(201, 62, 13684)
(201, 51, 11543)
(201, 94, 16461)
(201, 72, 18580)
(201, 81, 66520)
(201, 53, 36020)
(201, 129, 18927)
(201, 193, 74595)
(201, 4, 71353)
(201, 113, 32037)
(201, 82, 72569)
(201, 168, 1194)
(201, 169, 15228)
(201, 11, 50575)
(201, 175, 23919)
(201, 77, 54669)
(201, 56, 9025)
(201, 165, 8671)
(201, 75, 62670)
(201, 55, 10341)
(201, 105, 60916)
(201, 47, 34599)
(201, 21, 1491)
(201, 9, 49857)
(201, 73, 10711)
(201, 130, 63716)
(201, 26, 22701)
(201, 27, 2370)
(201, 87, 54208)
(201, 34, 15299)
(201, 139, 60137)
(201, 115, 68077)
(201, 133, 64725)
(201, 111, 50181)
(201, 182, 2651)
(201, 132, 23691)
(201, 148, 55215)
(201, 185, 24781)
(201, 120, 24794)
(201, 186, 27080)
(201, 42, 30475)
(201, 144, 34379)
(201, 197, 59910)
(201, 12, 39494)
(201, 35, 46389)
(201, 95, 15344)
(201, 100, 39806)
(202, 142, 67710)
(202, 77, 27907)
(202, 62, 6769)
(202, 128, 38382)
(202, 108, 7783)
(202, 66, 36708)
(202, 3, 68779)
(202, 201, 26967)
(202, 38, 68256)
(202, 52, 23595)
(202, 175, 31774)
(202, 105, 30179)
(202, 141, 51366)
(202, 22, 45822)
(202, 44, 34994)
(202, 113, 11560)
(202, 34, 27981)
(202, 64, 72566)
(202, 36, 66647)
(202, 119, 53635)
(202, 100, 14785)
(202, 51, 72657)
(202, 80, 67051)
(202, 82, 17599)
(202, 58, 7272)
(202, 59, 6631)
(202, 87, 52571)
(202, 92, 428)
(202, 102, 36661)
(202, 37, 71720)
(202, 31, 43065)
(202, 122, 7179)
(202, 139, 52705)
(202, 67, 60275)
(202, 81, 12454)
(202, 9, 13966)
(202, 71, 63372)
(202, 153, 49835)
(202, 144, 44301)
(202, 129, 52844)
(202, 196, 8818)
(202, 94, 49895)
(202, 187, 12362)
(202, 160, 30343)
(202, 86, 72747)
(202, 90, 18111)
(202, 178, 3227)
(202, 157, 6779)
(202, 61, 30358)
(202, 55, 23444)
(202, 13, 71315)
(202, 118, 28362)
(202, 179, 47289)
(202, 54, 3176)
(202, 130, 25629)
(202, 200, 22329)
(202, 184, 54848)
(202, 84, 51060)
(202, 74, 40819)
(202, 168, 48331)
(202, 165, 23739)
(202, 134, 33805)
(202, 135, 26332)
(202, 170, 16152)
(202, 42, 11585)
(202, 47, 62324)
(202, 133, 49342)
(202, 106, 69537)
(202, 145, 2729)
(202, 198, 9648)
(202, 83, 46091)
(202, 30, 72327)
(202, 107, 14816)
(202, 99, 13798)
(202, 109, 21476)
(202, 53, 33484)
(202, 112, 7785)
(202, 192, 9045)
(202, 98, 7825)
(202, 155, 63859)
(202, 7, 45554)
(202, 95, 66775)
(202, 28, 50999)
(202, 177, 25426)
(202, 17, 71082)
(202, 1, 53919)
(202, 96, 9496)
(202, 172, 9632)
(202, 60, 11488)
(202, 174, 40934)
(202, 103, 55862)
(202, 10, 40935)
(202, 124, 43539)
(202, 176, 41827)
(202, 152, 56948)
(202, 185, 32482)
(202, 21, 74197)
(202, 43, 65262)
(202, 4, 51825)
(202, 85, 69688)
(202, 193, 73234)
(202, 136, 15905)
(202, 186, 22655)
(202, 20, 23494)
(202, 194, 30811)
(202, 154, 11630)
(202, 32, 70566)
(202, 29, 55013)
(202, 148, 47757)
(202, 15, 66804)
(202, 180, 55145)
(202, 146, 49059)
(202, 117, 58895)
(202, 125, 43044)
(202, 48, 61078)
(202, 14, 30888)
(202, 50, 40147)
(202, 24, 279)
(202, 137, 36728)
(202, 57, 31140)
(202, 116, 17090)
(202, 188, 8537)
(202, 27, 13870)
(202, 190, 45477)
(202, 171, 51598)
(202, 63, 26097)
(202, 23, 70220)
(202, 6, 70028)
(202, 93, 25402)
(202, 39, 34775)
(202, 147, 15386)
(202, 121, 30945)
(202, 26, 28548)
(202, 69, 14118)
(202, 189, 60304)
(202, 183, 71708)
(202, 161, 1810)
(202, 131, 22344)
(202, 115, 54002)
(202, 195, 59796)
(202, 35, 42159)
(202, 167, 12248)
(202, 158, 59564)
(202, 75, 68218)
(202, 0, 22705)
(202, 132, 66186)
(202, 169, 64827)
(202, 18, 9906)
(202, 111, 39838)
(202, 45, 49388)
(202, 70, 22139)
(202, 2, 50850)
(202, 25, 39361)
(202, 12, 18503)
(202, 199, 50262)
(202, 11, 64772)
(202, 114, 38250)
(202, 150, 60421)
(202, 149, 61523)
(202, 138, 64197)
(202, 49, 14477)
(202, 101, 69621)
(202, 76, 14071)
(202, 181, 39971)
(202, 88, 31213)
(203, 184, 64800)
(203, 66, 17115)
(203, 64, 43372)
(203, 150, 68499)
(203, 32, 9313)
(203, 111, 58937)
(203, 99, 23316)
(203, 75, 3600)
(203, 123, 41966)
(203, 168, 10167)
(203, 18, 39074)
(203, 79, 67265)
(203, 68, 38593)
(203, 118, 54304)
(203, 108, 1859)
(203, 72, 31099)
(203, 50, 55035)
(203, 164, 25922)
(203, 119, 2388)
(203, 195, 67475)
(203, 156, 47625)
(203, 24, 53421)
(203, 0, 38834)
(203, 161, 29330)
(203, 92, 17087)
(203, 171, 67146)
(203, 87, 44516)
(203, 54, 13822)
(203, 17, 30318)
(203, 12, 39297)
(203, 189, 42087)
(203, 102, 58788)
(203, 188, 23730)
(203, 23, 38694)
(203, 55, 12464)
(203, 183, 32857)
(203, 105, 42068)
(203, 19, 44223)
(203, 20, 12725)
(203, 15, 31210)
(203, 190, 9082)
(203, 6, 57350)
(203, 81, 40843)
(203, 83, 3315)
(203, 104, 18738)
(203, 169, 29343)
(203, 78, 70265)
(203, 58, 61836)
(203, 11, 49288)
(203, 180, 14261)
(203, 143, 33350)
(203, 4, 25617)
(203, 153, 594)
(203, 29, 76337)
(203, 170, 35428)
(203, 38, 66071)
(203, 70, 65211)
(203, 27, 74967)
(203, 155, 38554)
(203, 157, 57280)
(203, 145, 48239)
(203, 200, 64813)
(203, 77, 48935)
(203, 35, 76011)
(203, 62, 22028)
(203, 97, 40956)
(203, 130, 19598)
(203, 36, 5166)
(203, 48, 66699)
(203, 74, 64683)
(203, 2, 72992)
(203, 154, 63511)
(203, 135, 56475)
(203, 91, 65816)
(203, 114, 68634)
(203, 193, 26716)
(203, 93, 43798)
(203, 192, 73185)
(203, 28, 17988)
(203, 121, 36180)
(203, 39, 13171)
(203, 140, 13835)
(203, 31, 45802)
(203, 141, 40308)
(203, 16, 38744)
(203, 147, 64255)
(203, 162, 30338)
(203, 53, 10803)
(203, 110, 27498)
(203, 165, 30142)
(203, 112, 56580)
(203, 88, 66532)
(203, 1, 34481)
(203, 44, 42513)
(203, 86, 10144)
(203, 178, 12610)
(203, 51, 24615)
(203, 109, 59984)
(203, 125, 1078)
(203, 40, 76062)
(203, 21, 57834)
(203, 187, 96)
(203, 158, 7350)
(203, 3, 30556)
(203, 142, 56679)
(203, 120, 780)
(203, 166, 36638)
(203, 80, 53111)
(203, 139, 25300)
(203, 52, 6090)
(203, 95, 64586)
(203, 176, 69191)
(203, 57, 40878)
(203, 25, 23718)
(203, 117, 28545)
(203, 89, 44321)
(203, 22, 43049)
(203, 90, 50646)
(203, 5, 11238)
(203, 82, 38068)
(203, 65, 14173)
(203, 134, 58922)
(203, 67, 66913)
(203, 172, 30152)
(203, 126, 30451)
(203, 144, 52382)
(203, 113, 50415)
(203, 174, 19993)
(203, 122, 10756)
(203, 30, 11409)
(203, 182, 9565)
(203, 63, 25281)
(203, 175, 46641)
(203, 84, 32817)
(203, 10, 73459)
(203, 199, 55972)
(204, 202, 58367)
(204, 57, 6491)
(204, 24, 65513)
(204, 80, 50797)
(204, 165, 53105)
(204, 99, 24320)
(204, 176, 65737)
(204, 53, 35214)
(204, 178, 23628)
(204, 38, 60730)
(204, 190, 44589)
(204, 47, 48532)
(204, 102, 40735)
(204, 85, 46215)
(204, 168, 25616)
(204, 26, 74272)
(204, 3, 24283)
(204, 37, 9768)
(204, 19, 6303)
(204, 6, 47981)
(204, 157, 14357)
(204, 154, 36358)
(204, 29, 47900)
(204, 14, 69993)
(204, 96, 9889)
(204, 177, 48961)
(204, 50, 52589)
(204, 198, 51595)
(204, 22, 33354)
(204, 49, 11952)
(204, 36, 62277)
(204, 136, 56151)
(204, 170, 10145)
(204, 100, 4797)
(204, 159, 5200)
(204, 134, 72404)
(204, 133, 8252)
(204, 40, 59416)
(204, 30, 74860)
(204, 191, 41200)
(204, 203, 64106)
(204, 129, 28101)
(204, 74, 48437)
(204, 149, 45344)
(204, 147, 35765)
(204, 31, 9210)
(204, 196, 33018)
(204, 195, 47974)
(204, 58, 13050)
(204, 87, 38788)
(204, 13, 3652)
(204, 67, 69618)
(204, 65, 16876)
(204, 174, 11356)
(204, 48, 6685)
(204, 148, 29817)
(204, 122, 20631)
(204, 10, 70032)
(204, 137, 18720)
(204, 152, 74132)
(204, 27, 74296)
(204, 69, 11089)
(204, 186, 69006)
(204, 11, 43193)
(204, 199, 13887)
(204, 166, 38267)
(204, 73, 17701)
(204, 93, 73507)
(204, 187, 13950)
(204, 109, 60028)
(204, 0, 65020)
(204, 97, 29286)
(204, 155, 13788)
(204, 172, 2181)
(204, 113, 13898)
(204, 71, 17033)
(204, 7, 39842)
(204, 124, 34204)
(204, 167, 29237)
(204, 131, 37001)
(204, 197, 64358)
(204, 8, 40954)
(204, 139, 19404)
(204, 34, 16538)
(204, 92, 1558)
(204, 127, 15600)
(204, 52, 11927)
(204, 173, 45060)
(204, 115, 3195)
(204, 63, 25003)
(204, 119, 64905)
(204, 84, 49404)
(204, 121, 19751)
(204, 89, 26193)
(204, 140, 15048)
(204, 75, 24728)
(204, 35, 4722)
(204, 68, 31291)
(204, 12, 65843)
(204, 112, 9786)
(204, 138, 37075)
(204, 66, 34974)
(204, 185, 73667)
(204, 161, 29467)
(204, 95, 2208)
(204, 51, 22031)
(204, 141, 70885)
(204, 88, 35477)
(204, 70, 22641)
(204, 118, 46626)
(204, 60, 16018)
(204, 64, 22950)
(204, 28, 23696)
(204, 169, 65345)
(204, 182, 53240)
(204, 16, 4824)
(204, 162, 48509)
(204, 146, 53311)
(204, 156, 590)
(204, 2, 21253)
(204, 15, 5206)
(204, 108, 49882)
(204, 43, 24435)
(204, 164, 31175)
(204, 72, 18996)
(204, 33, 46256)
(204, 62, 5187)
(204, 163, 18560)
(204, 114, 61625)
(204, 103, 14041)
(204, 79, 52722)
(204, 91, 71269)
(204, 94, 40917)
(204, 201, 23932)
(204, 132, 59060)
(204, 193, 4056)
(204, 59, 36595)
(204, 90, 5761)
(204, 183, 17557)
(204, 83, 69799)
(204, 18, 14246)
(204, 78, 19429)
(204, 101, 50105)
(204, 111, 35952)
(204, 107, 14626)
(204, 20, 74550)
(204, 82, 41320)
(204, 110, 57427)
(204, 180, 12624)
(204, 104, 61135)
(204, 23, 56644)
(204, 32, 41412)
(204, 188, 61389)
(204, 56, 67481)
(204, 44, 33605)
(204, 41, 25249)
(204, 17, 51633)
(204, 98, 61437)
(204, 120, 1897)
(204, 175, 57061)
(204, 153, 66170)
(204, 142, 59957)
(204, 128, 17264)
(204, 194, 8660)
(204, 46, 49484)
(204, 158, 73600)
(204, 160, 5629)
(204, 25, 14140)
(204, 77, 2165)
(204, 171, 35884)
(204, 130, 65216)
(204, 61, 71081)
(204, 135, 22865)
(204, 123, 18875)
(204, 145, 12075)
(204, 42, 23402)
(204, 106, 3770)
(204, 117, 72326)
(204, 189, 56408)
(204, 144, 58981)
(204, 45, 29753)
(204, 184, 6361)
(204, 126, 43206)
(204, 200, 55062)
(204, 4, 8118)
(204, 116, 49503)
(204, 125, 17702)
(204, 86, 58980)
(204, 76, 65087)
(204, 5, 24572)
(204, 143, 68026)
(204, 150, 4298)
(204, 179, 52408)
(204, 81, 31544)
(204, 181, 72262)
(204, 192, 31552)
(204, 105, 19844)
(204, 1, 66815)
(204, 151, 62214)
(204, 55, 64430)
(204, 54, 59338)
(204, 9, 9377)
(205, 165, 28077)
(205, 196, 25081)
(205, 0, 25339)
(205, 19, 37508)
(205, 56, 49566)
(205, 119, 1096)
(205, 75, 12274)
(206, 199, 57548)
(206, 125, 35298)
(206, 24, 62736)
(206, 145, 66394)
(206, 105, 52869)
(206, 176, 35083)
(206, 14, 29180)
(206, 42, 41765)
(206, 109, 52159)
(206, 93, 65515)
(206, 88, 11334)
(206, 79, 711)
(206, 197, 55309)
(206, 138, 9337)
(206, 158, 5918)
(206, 188, 10041)
(206, 7, 10368)
(206, 170, 76177)
(206, 116, 19152)
(206, 187, 48858)
(206, 1, 27303)
(206, 73, 42368)
(206, 11, 39964)
(206, 186, 29605)
(206, 47, 42666)
(206, 63, 51663)
(206, 136, 32370)
(206, 57, 3547)
(206, 32, 65257)
(206, 59, 75593)
(206, 80, 24038)
(206, 169, 61861)
(206, 133, 63442)
(206, 112, 57439)
(206, 60, 46275)
(206, 6, 43639)
(206, 100, 66202)
(206, 20, 37194)
(206, 31, 8316)
(206, 183, 62459)
(206, 123, 11432)
(206, 68, 56258)
(206, 52, 63395)
(206, 17, 56868)
(206, 203, 15993)
(206, 97, 74664)
(206, 195, 53011)
(206, 28, 15464)
(206, 39, 67399)
(206, 53, 69694)
(206, 141, 1565)
(206, 15, 17444)
(206, 163, 57857)
(206, 64, 40459)
(206, 124, 9568)
(206, 172, 29037)
(206, 22, 16847)
(206, 67, 10569)
(206, 27, 11350)
(206, 43, 32294)
(206, 134, 72862)
(206, 102, 7439)
(206, 91, 60894)
(206, 26, 22927)
(206, 147, 42122)
(206, 189, 57597)
(206, 9, 43958)
(206, 122, 8875)
(206, 19, 39918)
(206, 193, 11131)
(206, 51, 76236)
(206, 175, 62152)
(206, 55, 28106)
(206, 152, 49314)
(206, 8, 52286)
(206, 5, 44463)
(206, 70, 72943)
(206, 157, 70161)
(206, 45, 10490)
(206, 72, 54337)
(206, 0, 16211)
(206, 118, 57034)
(206, 71, 48749)
(206, 58, 26504)
(206, 153, 34860)
(206, 104, 65909)
(206, 107, 62339)
(206, 143, 51144)
(206, 54, 75836)
(206, 95, 61025)
(206, 165, 3070)
(206, 200, 30553)
(206, 92, 34876)
(206, 10, 27027)
(206, 18, 23300)
(206, 139, 51853)
(206, 117, 58607)
(206, 119, 31305)
(206, 108, 12134)
(206, 184, 31614)
(206, 192, 17479)
(206, 150, 19)
(206, 179, 74274)
(206, 121, 9988)
(206, 103, 58574)
(206, 94, 60505)
(206, 178, 10734)
(206, 21, 5887)
(206, 202, 13007)
(206, 61, 61279)
(206, 146, 33023)
(206, 99, 43788)
(206, 177, 75467)
(206, 12, 45998)
(206, 38, 45440)
(206, 181, 10351)
(206, 25, 59546)
(206, 120, 51621)
(206, 204, 7005)
(206, 3, 72877)
(206, 180, 67331)
(206, 81, 37777)
(206, 82, 9731)
(206, 173, 33585)
(206, 111, 50491)
(206, 162, 29112)
(206, 132, 60777)
(206, 128, 57334)
(206, 16, 41585)
(206, 140, 9276)
(206, 130, 57170)
(206, 87, 65979)
(206, 50, 3261)
(206, 40, 31671)
(206, 41, 53460)
(206, 33, 26072)
(206, 114, 33201)
(206, 83, 28266)
(206, 171, 49707)
(206, 127, 67050)
(206, 174, 63764)
(206, 185, 18310)
(206, 66, 67317)
(206, 77, 67318)
(206, 151, 73121)
(206, 160, 57955)
(206, 29, 49822)
(206, 154, 63619)
(206, 161, 47914)
(206, 196, 29067)
(206, 131, 66822)
(206, 137, 21562)
(206, 126, 71072)
(206, 36, 58911)
(206, 142, 29137)
(206, 149, 29072)
(206, 205, 1779)
(206, 86, 11)
(206, 96, 25177)
(206, 135, 22142)
(206, 49, 72809)
(206, 115, 52114)
(206, 191, 12141)
(206, 30, 46147)
(206, 4, 50767)
(206, 74, 26685)
(206, 48, 68959)
(206, 166, 42680)
(206, 144, 41550)
(206, 155, 60069)
(206, 168, 72480)
(206, 156, 16693)
(207, 101, 17624)
(207, 92, 40178)
(207, 107, 11710)
(207, 7, 5805)
(207, 110, 4569)
(207, 0, 27281)
(207, 192, 10570)
(207, 26, 66756)
(207, 204, 63644)
(207, 84, 73193)
(207, 170, 30310)
(207, 24, 40875)
(207, 195, 32910)
(207, 120, 69605)
(207, 59, 28239)
(207, 151, 30895)
(207, 126, 54559)
(207, 9, 61992)
(207, 19, 14863)
(207, 187, 22424)
(207, 158, 31477)
(207, 163, 32599)
(207, 130, 58440)
(207, 103, 64143)
(207, 112, 22536)
(207, 22, 18219)
(207, 124, 11817)
(207, 118, 54407)
(207, 30, 44603)
(207, 127, 46277)
(207, 191, 13392)
(207, 194, 25411)
(207, 99, 29226)
(207, 39, 36676)
(207, 97, 67379)
(207, 25, 44183)
(207, 154, 24866)
(207, 54, 9681)
(207, 168, 68203)
(207, 55, 38831)
(207, 106, 16464)
(207, 193, 63330)
(207, 141, 55238)
(207, 119, 18164)
(207, 29, 15515)
(207, 10, 23900)
(207, 147, 18305)
(207, 27, 10007)
(207, 75, 68181)
(207, 77, 16380)
(207, 83, 75233)
(207, 72, 29435)
(207, 46, 25016)
(207, 47, 35187)
(207, 156, 58668)
(207, 34, 63367)
(207, 196, 46877)
(207, 43, 56314)
(207, 88, 48678)
(207, 20, 75057)
(207, 40, 787)
(207, 160, 7966)
(207, 68, 27114)
(207, 18, 69454)
(207, 183, 50001)
(207, 85, 16781)
(207, 205, 70153)
(207, 142, 32990)
(207, 202, 71128)
(207, 86, 32486)
(207, 6, 65249)
(207, 96, 68205)
(207, 65, 47403)
(207, 78, 71581)
(207, 198, 42595)
(207, 49, 48644)
(207, 174, 3799)
(207, 11, 59828)
(207, 87, 39419)
(207, 199, 7170)
(207, 93, 40440)
(207, 58, 54913)
(207, 38, 38259)
(207, 159, 249)
(207, 178, 36366)
(207, 1, 27197)
(207, 173, 11476)
(207, 36, 28016)
(207, 184, 66020)
(207, 116, 23808)
(207, 12, 57418)
(207, 4, 35682)
(207, 129, 71090)
(208, 130, 47854)
(208, 164, 59742)
(208, 140, 47049)
(208, 77, 42940)
(208, 114, 8631)
(208, 81, 37964)
(208, 47, 41374)
(208, 197, 25633)
(208, 198, 48009)
(208, 166, 51407)
(208, 95, 66707)
(208, 49, 48719)
(208, 32, 5229)
(208, 12, 51357)
(208, 184, 33374)
(208, 147, 7598)
(208, 13, 18040)
(208, 194, 75301)
(208, 127, 59905)
(208, 72, 820)
(208, 134, 22423)
(208, 139, 15582)
(208, 180, 9040)
(208, 50, 27558)
(208, 172, 10662)
(208, 5, 8514)
(208, 61, 3265)
(208, 112, 33063)
(208, 28, 64411)
(208, 104, 39542)
(208, 202, 71507)
(208, 204, 24170)
(208, 78, 60965)
(208, 195, 64768)
(208, 21, 19450)
(208, 7, 61670)
(208, 101, 4241)
(208, 126, 52830)
(208, 149, 22778)
(208, 145, 62958)
(208, 187, 11954)
(208, 203, 55578)
(208, 31, 16789)
(208, 88, 49868)
(208, 18, 75552)
(208, 85, 62087)
(208, 97, 7909)
(208, 125, 14572)
(208, 178, 36902)
(208, 1, 1284)
(208, 161, 2589)
(208, 176, 61141)
(208, 181, 40315)
(208, 153, 43890)
(208, 58, 63812)
(208, 141, 67439)
(208, 79, 25132)
(208, 33, 68004)
(208, 159, 63222)
(208, 6, 64519)
(208, 138, 27025)
(208, 113, 59906)
(209, 147, 15349)
(209, 66, 23489)
(209, 8, 72138)
(209, 196, 20627)
(209, 191, 15981)
(209, 98, 9208)
(209, 74, 38646)
(209, 42, 58415)
(209, 110, 31042)
(209, 174, 16520)
(209, 151, 22699)
(209, 169, 10883)
(209, 100, 22262)
(209, 182, 36619)
(209, 29, 60059)
(209, 11, 22367)
(209, 63, 16235)
(209, 119, 53113)
(209, 12, 2593)
(209, 125, 57146)
(209, 79, 63117)
(209, 190, 12442)
(209, 4, 10148)
(209, 88, 58269)
(209, 10, 45090)
(209, 85, 62542)
(209, 7, 51318)
(209, 82, 62231)
(209, 149, 50023)
(209, 9, 43185)
(209, 103, 56664)
(209, 178, 56148)
(209, 105, 10009)
(209, 2, 75369)
(209, 59, 62345)
(209, 192, 41528)
(209, 60, 69297)
(209, 144, 4903)
(209, 199, 31770)
(209, 186, 71696)
(209, 137, 45964)
(209, 205, 35450)
(209, 18, 69882)
(209, 172, 21056)
(209, 198, 64903)
(209, 166, 62753)
(209, 168, 67121)
(209, 181, 2437)
(209, 126, 31135)
(209, 78, 62260)
(209, 171, 53978)
(209, 57, 58353)
(209, 94, 69487)
(209, 162, 14681)
(209, 167, 53868)
(209, 129, 66874)
(209, 138, 28583)
(209, 50, 6694)
(209, 26, 33288)
(209, 130, 28253)
(209, 39, 24116)
(209, 16, 32267)
(209, 135, 6496)
(209, 195, 56223)
(209, 118, 19196)
(209, 193, 18660)
(209, 84, 60213)
(209, 189, 17863)
(209, 202, 20014)
(209, 72, 51441)
(209, 145, 20217)
(209, 3, 7124)
(209, 71, 29039)
(209, 207, 73562)
(209, 69, 41038)
(209, 183, 59634)
(209, 136, 45159)
(209, 58, 6487)
(209, 55, 35387)
(209, 40, 17641)
(209, 68, 42508)
(209, 143, 28609)
(209, 53, 4632)
(209, 31, 40128)
(209, 206, 7967)
(209, 112, 26736)
(209, 175, 47565)
(209, 133, 42494)
(209, 107, 902)
(209, 32, 30317)
(209, 127, 53422)
(209, 87, 54628)
(209, 197, 45567)
(209, 24, 73359)
(209, 134, 37205)
(209, 114, 12070)
(209, 21, 28860)
(209, 23, 10483)
(209, 123, 52470)
(209, 184, 73051)
(209, 38, 3732)
(209, 99, 10707)
(209, 45, 1814)
(209, 159, 74663)
(209, 208, 70858)
(209, 122, 4167)
(209, 67, 66406)
(209, 17, 36508)
(209, 76, 4306)
(209, 111, 19367)
(209, 161, 5305)
(209, 97, 19913)
(209, 124, 38530)
(209, 75, 3279)
(209, 152, 1152)
(209, 132, 9595)
(209, 188, 3056)
(209, 179, 1447)
(209, 148, 68761)
(209, 34, 12111)
(209, 54, 48463)
(209, 95, 51748)
(209, 113, 53848)
(209, 180, 31385)
(209, 187, 46482)
(209, 64, 47869)
(209, 44, 19007)
(209, 177, 12169)
(209, 115, 40334)
(209, 146, 22619)
(209, 156, 65566)
(209, 6, 63098)
(209, 194, 13200)
(209, 109, 50972)
(209, 15, 72019)
(209, 30, 21470)
(209, 139, 62576)
(209, 142, 48095)
(209, 52, 68063)
(209, 37, 18639)
(209, 56, 74796)
(209, 101, 64882)
(209, 104, 52495)
(209, 36, 17958)
(209, 96, 18956)
(209, 89, 3614)
(209, 120, 64214)
(209, 117, 62671)
(209, 20, 33394)
(209, 203, 8619)
(209, 77, 18799)
(209, 1, 5799)
(209, 83, 29203)
(209, 80, 18555)
(209, 176, 42349)
(209, 160, 74516)
(210, 54, 4165)
(210, 31, 59542)
(210, 172, 47678)
(210, 36, 15117)
(210, 52, 52134)
(210, 132, 29940)
(210, 207, 38939)
(210, 69, 75100)
(210, 143, 67484)
(210, 124, 64855)
(210, 203, 71515)
(210, 43, 26552)
(210, 64, 69027)
(210, 55, 28843)
(210, 105, 19185)
(210, 156, 18348)
(210, 60, 12461)
(210, 90, 47441)
(210, 20, 41187)
(210, 167, 2838)
(210, 113, 73085)
(210, 0, 5916)
(210, 82, 63312)
(210, 208, 72710)
(210, 88, 49780)
(210, 61, 64664)
(210, 112, 75024)
(210, 168, 67542)
(210, 48, 43066)
(210, 189, 5154)
(210, 170, 37532)
(210, 23, 59373)
(210, 16, 11749)
(210, 80, 34610)
(210, 127, 31553)
(210, 68, 21196)
(210, 26, 73908)
(210, 100, 1638)
(210, 110, 16414)
(210, 38, 56156)
(210, 10, 63028)
(210, 72, 17706)
(210, 116, 31299)
(210, 37, 39854)
(210, 121, 24491)
(210, 15, 3393)
(210, 83, 75365)
(210, 185, 62617)
(210, 179, 27889)
(210, 25, 75874)
(210, 159, 75219)
(210, 47, 29439)
(210, 184, 43404)
(210, 194, 53253)
(210, 75, 47430)
(210, 175, 58193)
(210, 153, 34137)
(210, 182, 71762)
(210, 149, 41041)
(210, 136, 51526)
(210, 34, 48270)
(210, 67, 68219)
(210, 22, 36218)
(210, 163, 32041)
(210, 76, 71852)
(210, 158, 61336)
(210, 187, 13076)
(210, 74, 76353)
(210, 191, 68173)
(210, 169, 66759)
(210, 3, 37215)
(210, 145, 54485)
(210, 103, 57615)
(210, 13, 38025)
(210, 39, 33428)
(210, 150, 12559)
(210, 152, 68650)
(210, 174, 11678)
(210, 209, 12271)
(210, 5, 40501)
(210, 32, 26657)
(210, 57, 74974)
(210, 50, 37564)
(210, 102, 59118)
(210, 107, 8321)
(210, 200, 64619)
(210, 196, 60869)
(210, 14, 72596)
(210, 18, 45128)
(210, 30, 16755)
(210, 118, 71795)
(210, 95, 31673)
(210, 9, 15055)
(210, 71, 72196)
(210, 98, 1101)
(210, 106, 44666)
(210, 114, 43868)
(210, 59, 57489)
(210, 122, 8560)
(210, 204, 49473)
(210, 205, 5108)
(210, 193, 11152)
(210, 89, 34278)
(210, 96, 17980)
(210, 129, 11412)
(210, 151, 119)
(210, 21, 8732)
(210, 162, 47237)
(210, 7, 24583)
(210, 144, 22009)
(210, 190, 16306)
(210, 79, 1993)
(210, 125, 59985)
(210, 178, 26047)
(210, 199, 21549)
(210, 109, 69479)
(210, 91, 31532)
(210, 104, 65138)
(210, 141, 12672)
(210, 94, 39268)
(210, 6, 44252)
(210, 56, 26261)
(210, 92, 62948)
(210, 108, 26688)
(210, 84, 41173)
(210, 12, 36269)
(210, 101, 56533)
(211, 55, 62145)
(211, 147, 20407)
(211, 197, 41404)
(211, 200, 41831)
(211, 202, 71132)
(211, 161, 5763)
(211, 76, 20961)
(211, 136, 10159)
(211, 39, 46312)
(211, 206, 58982)
(211, 64, 22640)
(211, 60, 52181)
(211, 155, 37889)
(211, 69, 33906)
(211, 129, 13867)
(211, 95, 23621)
(211, 92, 13949)
(211, 5, 22824)
(211, 181, 44015)
(211, 11, 4649)
(211, 41, 2041)
(211, 15, 48933)
(211, 107, 46699)
(211, 110, 13902)
(211, 6, 29241)
(211, 173, 3848)
(211, 192, 52058)
(211, 182, 26665)
(211, 34, 694)
(211, 123, 34753)
(211, 106, 72088)
(211, 199, 64646)
(211, 183, 4644)
(211, 49, 29351)
(211, 29, 35695)
(211, 179, 1535)
(211, 50, 65631)
(211, 143, 57643)
(211, 37, 73475)
(211, 99, 66702)
(211, 140, 34914)
(211, 189, 37346)
(211, 131, 43813)
(211, 120, 7961)
(211, 51, 72443)
(211, 70, 75966)
(211, 207, 11615)
(211, 62, 62800)
(211, 25, 17354)
(211, 32, 42567)
(211, 163, 14328)
(211, 119, 40464)
(211, 174, 58302)
(211, 101, 52687)
(211, 190, 22501)
(211, 68, 42136)
(211, 59, 9468)
(211, 54, 23497)
(211, 13, 65225)
(211, 57, 32754)
(211, 124, 5079)
(211, 191, 7522)
(211, 47, 36265)
(211, 31, 23097)
(211, 45, 18906)
(211, 139, 60804)
(211, 83, 58014)
(211, 134, 70848)
(211, 82, 38089)
(211, 40, 8022)
(211, 112, 13130)
(211, 126, 3038)
(212, 70, 7009)
(212, 78, 34393)
(212, 38, 25052)
(212, 102, 24701)
(212, 21, 32022)
(212, 178, 9915)
(212, 168, 20516)
(212, 167, 35948)
(212, 62, 73084)
(212, 151, 17054)
(212, 29, 43078)
(212, 18, 20865)
(212, 180, 24798)
(212, 48, 34272)
(212, 169, 46310)
(212, 44, 22218)
(212, 188, 45560)
(212, 25, 75613)
(212, 105, 72095)
(212, 114, 10128)
(212, 42, 61231)
(212, 132, 10900)
(212, 58, 64733)
(212, 28, 52567)
(212, 184, 10993)
(212, 50, 47506)
(212, 106, 33892)
(212, 41, 55868)
(212, 192, 59539)
(212, 185, 50877)
(212, 23, 45691)
(212, 187, 64362)
(212, 31, 66628)
(212, 2, 39637)
(212, 19, 63526)
(212, 101, 32039)
(212, 110, 71260)
(212, 124, 34010)
(212, 57, 73477)
(212, 109, 13046)
(212, 112, 36587)
(212, 107, 72651)
(212, 56, 35361)
(212, 16, 70958)
(212, 146, 47921)
(212, 150, 30986)
(212, 136, 15235)
(212, 193, 74987)
(212, 52, 55847)
(212, 53, 7374)
(212, 111, 4102)
(212, 135, 66609)
(212, 73, 27846)
(212, 165, 27717)
(212, 90, 23799)
(212, 153, 29865)
(212, 77, 297)
(212, 14, 6595)
(212, 80, 70431)
(212, 123, 55878)
(212, 89, 43355)
(212, 20, 53110)
(212, 142, 48771)
(212, 75, 43661)
(212, 6, 10429)
(212, 134, 7311)
(212, 186, 50449)
(212, 5, 19722)
(212, 190, 50435)
(212, 24, 57547)
(212, 162, 17068)
(212, 117, 55250)
(212, 174, 70510)
(212, 127, 57378)
(212, 33, 12071)
(212, 126, 55063)
(212, 85, 39617)
(212, 97, 5657)
(212, 131, 56100)
(212, 8, 53074)
(212, 51, 40073)
(212, 54, 16567)
(212, 166, 71928)
(212, 27, 33021)
(212, 93, 21738)
(212, 141, 17725)
(212, 84, 51118)
(212, 30, 60128)
(212, 86, 18204)
(212, 115, 44944)
(212, 37, 53576)
(212, 61, 35115)
(212, 113, 57384)
(212, 26, 64480)
(212, 173, 54071)
(212, 74, 63842)
(212, 208, 73939)
(212, 148, 34245)
(212, 161, 31350)
(212, 81, 12307)
(212, 160, 28644)
(212, 0, 12056)
(212, 59, 43985)
(212, 143, 29019)
(212, 138, 4701)
(212, 164, 60647)
(212, 118, 73031)
(212, 13, 36865)
(212, 92, 11996)
(212, 116, 47486)
(212, 68, 28866)
(212, 94, 14022)
(212, 204, 3234)
(212, 79, 61985)
(212, 32, 4812)
(212, 108, 27583)
(212, 152, 34948)
(212, 40, 62062)
(212, 197, 1879)
(212, 10, 3815)
(212, 71, 2161)
(212, 140, 4025)
(212, 7, 74783)
(212, 176, 10107)
(212, 69, 34888)
(212, 121, 69328)
(212, 35, 124)
(212, 9, 32180)
(213, 64, 74520)
(213, 106, 49812)
(213, 54, 33277)
(213, 134, 30938)
(213, 15, 15751)
(213, 157, 50294)
(213, 78, 67753)
(213, 210, 32964)
(213, 88, 43048)
(213, 151, 47193)
(213, 203, 32387)
(213, 162, 23068)
(213, 21, 35930)
(213, 153, 27800)
(213, 52, 54545)
(213, 176, 70704)
(213, 185, 43699)
(213, 182, 32239)
(213, 165, 15678)
(213, 68, 22205)
(213, 44, 71338)
(213, 140, 35047)
(213, 81, 8147)
(213, 141, 39019)
(213, 191, 38980)
(213, 34, 64885)
(213, 161, 54721)
(213, 201, 6583)
(213, 109, 11386)
(213, 209, 33176)
(213, 66, 8547)
(213, 46, 42519)
(214, 97, 45353)
(214, 115, 72968)
(214, 201, 50002)
(214, 48, 44557)
(214, 181, 24290)
(214, 79, 34528)
(214, 205, 5138)
(214, 213, 63175)
(214, 148, 44233)
(214, 29, 17205)
(214, 104, 71665)
(214, 163, 57312)
(214, 160, 8233)
(214, 175, 29497)
(214, 120, 9814)
(214, 61, 36396)
(214, 78, 51240)
(214, 20, 20147)
(214, 143, 69366)
(214, 16, 44811)
(214, 35, 44832)
(214, 49, 68790)
(214, 7, 56300)
(214, 72, 27125)
(214, 4, 33010)
(214, 5, 28631)
(214, 17, 27565)
(214, 76, 37014)
(214, 146, 72931)
(214, 128, 15627)
(214, 118, 26094)
(214, 129, 40062)
(214, 9, 20782)
(214, 93, 19839)
(214, 106, 68078)
(214, 81, 6019)
(214, 37, 17488)
(214, 114, 19041)
(214, 45, 33895)
(214, 130, 27373)
(214, 168, 51677)
(214, 2, 27355)
(214, 91, 2574)
(214, 6, 26774)
(214, 187, 25648)
(214, 141, 38244)
(214, 167, 22233)
(214, 53, 46246)
(214, 116, 66667)
(214, 74, 2157)
(214, 204, 19731)
(214, 73, 39358)
(214, 199, 61411)
(214, 23, 37930)
(214, 124, 18383)
(214, 52, 60560)
(214, 51, 35124)
(214, 92, 6252)
(214, 10, 31424)
(214, 149, 62688)
(214, 77, 33861)
(214, 54, 46804)
(214, 198, 6334)
(214, 195, 46376)
(214, 196, 57689)
(214, 170, 28792)
(214, 58, 75877)
(214, 137, 56038)
(214, 15, 69269)
(214, 71, 35223)
(214, 211, 56051)
(214, 133, 62135)
(214, 186, 2514)
(214, 178, 34014)
(214, 100, 54815)
(214, 82, 1315)
(214, 83, 5703)
(214, 194, 54328)
(214, 119, 30903)
(214, 102, 72391)
(214, 27, 54719)
(214, 203, 62786)
(214, 169, 39934)
(214, 62, 74411)
(214, 174, 39446)
(214, 87, 11914)
(214, 209, 36990)
(214, 176, 54296)
(214, 192, 32254)
(214, 1, 71956)
(214, 156, 23606)
(214, 206, 41570)
(214, 75, 31777)
(214, 94, 22027)
(214, 8, 17381)
(214, 171, 75379)
(214, 86, 12688)
(214, 105, 64542)
(214, 44, 28337)
(214, 177, 39437)
(214, 40, 40076)
(214, 13, 58306)
(214, 117, 25594)
(214, 127, 1369)
(214, 80, 61798)
(214, 18, 57870)
(214, 38, 68272)
(214, 108, 6102)
(214, 179, 38654)
(214, 57, 52506)
(214, 173, 73108)
(214, 22, 67385)
(214, 165, 5601)
(214, 31, 8167)
(214, 210, 2770)
(214, 66, 6770)
(214, 28, 49411)
(214, 172, 40265)
(214, 34, 2880)
(214, 123, 38387)
(214, 159, 67279)
(214, 36, 27791)
(214, 85, 21249)
(214, 11, 7494)
(214, 189, 60341)
(214, 158, 75841)
(214, 164, 10201)
(214, 190, 72837)
(214, 136, 36162)
(214, 0, 39593)
(214, 90, 58953)
(214, 70, 62266)
(214, 150, 74193)
(214, 84, 15994)
(214, 96, 62843)
(214, 134, 13634)
(214, 144, 20155)
(214, 41, 68392)
(214, 3, 51392)
(214, 64, 58524)
(214, 113, 57373)
(214, 212, 43494)
(214, 30, 33936)
(214, 32, 46150)
(214, 110, 2502)
(214, 65, 16132)
(214, 42, 32879)
(214, 122, 52801)
(214, 56, 32047)
(214, 25, 70122)
(214, 95, 4876)
(214, 43, 8896)
(214, 14, 48840)
(214, 200, 51433)
(214, 47, 66267)
(214, 126, 28784)
(214, 55, 20588)
(214, 121, 25095)
(214, 183, 19202)
(214, 132, 16103)
(214, 154, 6373)
(214, 135, 4304)
(214, 101, 65188)
(214, 138, 27416)
(214, 99, 58142)
(214, 107, 33401)
(214, 50, 2845)
(214, 131, 35228)
(214, 39, 76302)
(214, 157, 58775)
(214, 19, 60350)
(214, 89, 18823)
(214, 69, 52458)
(214, 162, 34736)
(214, 68, 42878)
(214, 109, 6052)
(214, 103, 31153)
(214, 24, 45111)
(214, 166, 66124)
(214, 207, 14993)
(214, 151, 51559)
(214, 60, 49829)
(214, 63, 65830)
(214, 112, 42407)
(214, 197, 61568)
(214, 184, 36818)
(214, 188, 40192)
(214, 46, 5340)
(215, 30, 54521)
(215, 177, 35569)
(215, 157, 58781)
(215, 59, 33568)
(215, 176, 43387)
(215, 127, 56609)
(215, 85, 72936)
(215, 196, 18853)
(215, 142, 29395)
(215, 209, 66501)
(215, 79, 21413)
(215, 194, 68140)
(215, 0, 30866)
(215, 9, 59550)
(215, 92, 15446)
(215, 35, 68801)
(215, 60, 31057)
(215, 43, 62258)
(215, 199, 53325)
(215, 41, 22093)
(215, 164, 6892)
(215, 56, 74724)
(215, 54, 7929)
(215, 117, 66259)
(215, 186, 18053)
(215, 149, 34484)
(215, 22, 70720)
(215, 82, 17045)
(215, 144, 4882)
(216, 62, 5325)
(216, 28, 75763)
(216, 76, 56547)
(216, 68, 63434)
(216, 88, 30305)
(216, 101, 11031)
(216, 133, 49001)
(216, 97, 34322)
(216, 61, 49792)
(216, 32, 67191)
(216, 177, 72372)
(216, 46, 24420)
(216, 74, 34919)
(216, 75, 60192)
(216, 191, 3519)
(216, 60, 42622)
(216, 176, 20452)
(216, 185, 1666)
(216, 89, 46349)
(216, 64, 1585)
(216, 107, 36970)
(216, 13, 61839)
(216, 24, 34608)
(216, 123, 14832)
(216, 180, 1030)
(216, 163, 34024)
(216, 14, 17462)
(216, 213, 26234)
(216, 86, 52154)
(216, 209, 22214)
(216, 95, 17246)
(216, 137, 31803)
(216, 109, 21884)
(216, 106, 40115)
(216, 77, 16264)
(216, 173, 69308)
(216, 161, 34217)
(216, 158, 52418)
(216, 2, 35293)
(216, 121, 8733)
(216, 17, 59754)
(216, 90, 11937)
(216, 100, 28299)
(216, 54, 59595)
(216, 4, 69153)
(216, 193, 58813)
(216, 49, 59146)
(216, 47, 5501)
(216, 58, 74087)
(216, 156, 73899)
(216, 144, 3327)
(216, 8, 17753)
(216, 84, 69672)
(216, 140, 37481)
(216, 126, 70273)
(216, 194, 75792)
(216, 125, 4749)
(216, 150, 67598)
(216, 59, 1776)
(216, 190, 65834)
(216, 63, 7737)
(216, 204, 11848)
(216, 182, 10558)
(216, 98, 16178)
(216, 211, 19501)
(216, 94, 1333)
(216, 40, 69402)
(216, 203, 13120)
(216, 72, 31462)
(216, 122, 44402)
(216, 160, 65707)
(216, 38, 62368)
(216, 108, 75455)
(216, 5, 59821)
(216, 114, 39885)
(216, 33, 36057)
(216, 37, 36405)
(216, 104, 23687)
(216, 45, 42846)
(216, 69, 46080)
(216, 31, 66848)
(216, 169, 50826)
(216, 105, 65562)
(216, 83, 23384)
(216, 174, 61961)
(216, 157, 59672)
(216, 200, 50427)
(216, 56, 32398)
(216, 70, 19989)
(216, 167, 72091)
(216, 130, 70723)
(216, 11, 41488)
(216, 103, 53170)
(216, 141, 29929)
(216, 172, 30506)
(216, 30, 33969)
(216, 195, 30961)
(216, 0, 46480)
(216, 22, 38166)
(216, 184, 31591)
(216, 207, 20586)
(216, 149, 61065)
(216, 57, 49726)
(216, 143, 48272)
(216, 199, 58325)
(216, 197, 32778)
(216, 146, 29253)
(216, 153, 44127)
(216, 155, 72448)
(216, 65, 2732)
(216, 112, 7597)
(216, 188, 52267)
(216, 168, 13922)
(216, 183, 59070)
(216, 71, 45668)
(216, 154, 3576)
(216, 148, 5982)
(216, 171, 59399)
(216, 19, 75033)
(216, 166, 16203)
(216, 192, 72284)
(216, 6, 70103)
(216, 186, 20711)
(216, 214, 49864)
(216, 53, 65681)
(216, 73, 50917)
(216, 127, 72330)
(216, 27, 68160)
(216, 16, 1955)
(216, 165, 36505)
(216, 142, 41834)
(216, 21, 42179)
(216, 129, 16459)
(216, 41, 4869)
(216, 18, 5083)
(216, 110, 54734)
(216, 91, 48254)
(216, 111, 36960)
(216, 42, 34856)
(217, 52, 31007)
(217, 46, 23121)
(217, 162, 25925)
(217, 29, 59037)
(217, 43, 64639)
(217, 202, 31908)
(217, 58, 18760)
(217, 138, 50543)
(217, 191, 1132)
(217, 70, 72044)
(217, 51, 40458)
(217, 114, 31974)
(217, 195, 4260)
(217, 160, 38717)
(217, 196, 22077)
(217, 181, 48786)
(217, 148, 818)
(217, 62, 41795)
(217, 78, 34178)
(217, 157, 56091)
(217, 190, 18172)
(217, 128, 48690)
(217, 104, 49007)
(217, 82, 12593)
(217, 98, 41236)
(217, 130, 52758)
(217, 152, 73457)
(217, 3, 63886)
(217, 154, 10090)
(217, 166, 24639)
(217, 61, 19956)
(217, 213, 73668)
(217, 48, 58760)
(217, 5, 56783)
(217, 38, 4844)
(217, 59, 14697)
(217, 153, 54569)
(217, 84, 63491)
(217, 143, 23672)
(217, 110, 37975)
(218, 46, 52147)
(218, 115, 17358)
(218, 207, 27381)
(218, 80, 74010)
(218, 7, 54288)
(218, 194, 67018)
(218, 126, 21067)
(218, 62, 63041)
(218, 57, 67577)
(218, 210, 55650)
(218, 29, 75224)
(218, 25, 27660)
(218, 159, 25020)
(218, 212, 53839)
(218, 151, 41541)
(218, 15, 12424)
(218, 118, 29697)
(218, 163, 45643)
(218, 50, 58814)
(218, 92, 71967)
(218, 109, 14015)
(218, 158, 7192)
(218, 20, 65480)
(218, 85, 20235)
(218, 147, 36959)
(218, 26, 18644)
(218, 49, 32456)
(218, 100, 48029)
(218, 28, 39244)
(218, 97, 3225)
(218, 120, 38512)
(218, 6, 5223)
(218, 58, 42556)
(218, 94, 73474)
(218, 146, 18083)
(218, 204, 74025)
(218, 98, 58418)
(218, 83, 25110)
(218, 65, 2087)
(218, 77, 28011)
(218, 167, 19338)
(218, 166, 54212)
(218, 108, 1058)
(218, 127, 70014)
(218, 154, 4412)
(218, 202, 17249)
(218, 107, 68922)
(218, 175, 27911)
(218, 129, 19619)
(218, 157, 41395)
(218, 9, 2772)
(218, 34, 41405)
(218, 200, 5690)
(218, 179, 55334)
(218, 103, 60334)
(218, 187, 38182)
(218, 125, 8580)
(218, 81, 596)
(218, 35, 31513)
(218, 32, 16805)
(218, 73, 61744)
(218, 134, 44949)
(218, 72, 48317)
(218, 215, 41857)
(218, 213, 16135)
(218, 164, 63582)
(218, 104, 740)
(218, 169, 39718)
(218, 176, 60997)
(218, 131, 21136)
(218, 178, 54193)
(218, 189, 32363)
(218, 8, 59499)
(218, 63, 41107)
(218, 171, 9422)
(218, 135, 24961)
(218, 181, 34625)
(218, 82, 67635)
(218, 121, 15862)
(218, 142, 3747)
(218, 193, 49606)
(218, 190, 9503)
(218, 68, 61290)
(218, 105, 23432)
(218, 197, 52649)
(218, 116, 14341)
(218, 14, 72266)
(218, 45, 59366)
(218, 217, 16046)
(218, 188, 74139)
(218, 10, 17348)
(218, 191, 8925)
(218, 186, 24663)
(218, 209, 8438)
(218, 43, 28782)
(218, 90, 38383)
(218, 184, 71186)
(218, 47, 47374)
(218, 19, 3242)
(218, 36, 34335)
(218, 64, 18679)
(218, 5, 55955)
(218, 53, 6295)
(218, 48, 51037)
(218, 195, 68241)
(218, 203, 27561)
(218, 130, 43222)
(218, 74, 5694)
(218, 21, 29423)
(218, 84, 24488)
(218, 141, 41618)
(218, 124, 65250)
(218, 165, 1552)
(218, 112, 72959)
(218, 183, 64879)
(218, 101, 56478)
(218, 16, 24103)
(218, 111, 65761)
(218, 123, 771)
(218, 173, 39174)
(218, 60, 17615)
(218, 11, 35481)
(218, 160, 11674)
(218, 174, 48544)
(218, 23, 8672)
(218, 144, 43745)
(218, 38, 61040)
(218, 205, 74677)
(218, 96, 19113)
(218, 95, 65479)
(218, 206, 8883)
(218, 56, 7472)
(218, 99, 5853)
(218, 153, 21996)
(218, 170, 6814)
(218, 172, 42938)
(218, 110, 70179)
(218, 78, 35529)
(218, 42, 3215)
(218, 91, 55171)
(218, 89, 57202)
(218, 180, 12979)
(218, 12, 51111)
(218, 93, 25890)
(218, 55, 50628)
(218, 143, 74181)
(218, 69, 65558)
(218, 185, 42150)
(218, 18, 28612)
(218, 67, 16527)
(218, 88, 20684)
(218, 76, 8850)
(218, 149, 18046)
(218, 214, 24023)
(218, 196, 58979)
(218, 70, 20151)
(218, 211, 8525)
(218, 138, 50919)
(219, 33, 57943)
(219, 94, 29954)
(219, 150, 11235)
(219, 43, 30364)
(219, 134, 60076)
(219, 153, 1606)
(219, 130, 49625)
(219, 115, 32858)
(219, 63, 1826)
(219, 202, 35804)
(219, 147, 18215)
(220, 22, 36062)
(220, 11, 67424)
(220, 179, 26815)
(220, 197, 27950)
(220, 177, 27270)
(220, 207, 7543)
(220, 58, 50708)
(220, 82, 55480)
(220, 187, 40802)
(220, 196, 66172)
(220, 57, 31602)
(220, 38, 17869)
(220, 150, 23560)
(220, 52, 2271)
(220, 77, 67014)
(220, 47, 12923)
(220, 100, 39749)
(220, 155, 44925)
(220, 88, 51158)
(220, 133, 47270)
(220, 3, 16577)
(220, 121, 61281)
(220, 210, 59210)
(220, 91, 49339)
(220, 107, 19773)
(220, 109, 73079)
(220, 215, 2467)
(220, 102, 16274)
(220, 114, 18968)
(220, 216, 43895)
(220, 54, 12256)
(220, 110, 29245)
(220, 6, 12528)
(220, 198, 62235)
(220, 125, 22019)
(220, 17, 35933)
(220, 21, 62472)
(220, 30, 44442)
(220, 180, 55752)
(220, 218, 4836)
(220, 183, 2754)
(220, 20, 14454)
(220, 152, 24148)
(220, 140, 60314)
(220, 94, 71959)
(220, 173, 43431)
(220, 71, 71717)
(220, 67, 60555)
(220, 62, 60468)
(220, 186, 47546)
(220, 123, 12831)
(220, 165, 12369)
(220, 195, 24819)
(220, 93, 29494)
(220, 28, 67862)
(220, 1, 419)
(220, 65, 10225)
(220, 154, 57282)
(220, 12, 34448)
(220, 19, 64629)
(220, 39, 73854)
(220, 127, 35766)
(220, 200, 56993)
(220, 181, 37736)
(220, 118, 52866)
(220, 97, 31556)
(220, 138, 45932)
(220, 172, 23579)
(220, 213, 23610)
(220, 153, 4381)
(220, 29, 44528)
(220, 66, 12502)
(220, 144, 54701)
(220, 199, 12913)
(220, 9, 28037)
(220, 135, 56255)
(220, 55, 47823)
(220, 89, 2689)
(220, 2, 19008)
(220, 122, 50882)
(220, 106, 51609)
(220, 137, 56492)
(220, 10, 31806)
(220, 68, 51720)
(220, 132, 39445)
(220, 83, 75568)
(220, 147, 59679)
(220, 124, 47141)
(220, 202, 71346)
(220, 26, 29744)
(220, 99, 71636)
(220, 120, 72781)
(220, 8, 14310)
(220, 112, 55859)
(220, 158, 33816)
(221, 13, 28450)
(221, 59, 69287)
(221, 42, 34017)
(221, 14, 58135)
(221, 91, 63195)
(221, 105, 38450)
(221, 138, 68746)
(221, 193, 28298)
(221, 118, 6740)
(221, 119, 72947)
(221, 9, 20283)
(221, 78, 74023)
(221, 96, 9934)
(221, 154, 58182)
(221, 88, 55339)
(221, 190, 17359)
(221, 195, 73289)
(221, 150, 74393)
(221, 153, 58902)
(221, 167, 68151)
(221, 143, 26510)
(221, 146, 7366)
(221, 113, 6620)
(221, 100, 14790)
(221, 127, 51895)
(221, 173, 57238)
(221, 126, 48942)
(221, 137, 18584)
(221, 212, 75999)
(221, 198, 4865)
(221, 182, 28392)
(221, 204, 38605)
(221, 12, 9652)
(221, 16, 65623)
(221, 87, 63799)
(221, 151, 6734)
(221, 82, 35953)
(221, 57, 31124)
(221, 5, 14437)
(221, 41, 34195)
(221, 68, 33905)
(221, 194, 1106)
(221, 120, 29622)
(221, 180, 51273)
(221, 31, 72437)
(221, 65, 29145)
(221, 61, 4273)
(221, 110, 52042)
(221, 191, 17845)
(221, 102, 75760)
(221, 163, 14821)
(221, 147, 63423)
(221, 47, 4144)
(221, 99, 31988)
(221, 156, 66850)
(221, 77, 63643)
(221, 27, 11948)
(221, 107, 61010)
(221, 1, 52165)
(221, 95, 41211)
(221, 51, 23529)
(221, 207, 6465)
(221, 97, 27482)
(221, 165, 17678)
(221, 66, 71898)
(221, 19, 61648)
(221, 197, 5130)
(221, 116, 702)
(221, 50, 42464)
(221, 43, 5782)
(221, 209, 72456)
(221, 192, 34220)
(221, 145, 20049)
(221, 121, 22005)
(221, 133, 55216)
(221, 184, 41552)
(221, 20, 12158)
(221, 144, 5244)
(221, 79, 33733)
(221, 54, 2306)
(221, 205, 4754)
(221, 122, 6555)
(221, 38, 1975)
(221, 40, 28467)
(221, 56, 2902)
(221, 140, 42241)
(221, 26, 67963)
(221, 158, 67837)
(221, 67, 55915)
(221, 90, 24204)
(221, 219, 58809)
(221, 6, 74265)
(221, 28, 12387)
(221, 149, 14707)
(221, 176, 75990)
(221, 2, 26112)
(221, 29, 28272)
(221, 171, 9436)
(221, 170, 38026)
(221, 0, 15843)
(221, 75, 57734)
(221, 161, 1928)
(221, 44, 64938)
(221, 166, 46790)
(221, 132, 37925)
(221, 37, 24526)
(221, 71, 68399)
(221, 128, 56264)
(221, 181, 27851)
(221, 175, 21686)
(221, 141, 32814)
(221, 159, 14411)
(221, 115, 58772)
(221, 142, 40673)
(221, 30, 73566)
(221, 215, 13247)
(221, 84, 31502)
(221, 202, 13484)
(221, 214, 14728)
(221, 64, 60591)
(221, 94, 29342)
(221, 114, 33523)
(221, 70, 21183)
(221, 83, 26693)
(221, 106, 27467)
(221, 200, 12087)
(221, 162, 47752)
(221, 134, 50237)
(221, 32, 16635)
(221, 135, 3635)
(221, 168, 42646)
(221, 48, 40860)
(221, 46, 36580)
(221, 188, 70520)
(221, 3, 53687)
(221, 157, 8468)
(221, 189, 29001)
(221, 220, 20134)
(221, 52, 74362)
(221, 199, 18470)
(221, 169, 25647)
(221, 139, 42830)
(221, 103, 34338)
(221, 206, 27964)
(221, 152, 45061)
(221, 73, 72583)
(221, 92, 70766)
(222, 194, 71068)
(222, 146, 16761)
(222, 34, 14077)
(222, 52, 56885)
(222, 216, 48441)
(222, 66, 17491)
(222, 218, 74156)
(222, 86, 13031)
(222, 157, 66183)
(222, 203, 63815)
(222, 30, 29258)
(222, 73, 6057)
(222, 59, 48380)
(222, 65, 33932)
(222, 115, 53347)
(222, 46, 328)
(222, 16, 47050)
(222, 143, 30575)
(222, 125, 31666)
(222, 109, 75238)
(222, 128, 24933)
(222, 161, 50241)
(222, 45, 32648)
(222, 219, 22913)
(222, 22, 9014)
(222, 91, 21177)
(222, 141, 70584)
(222, 154, 63915)
(222, 95, 37190)
(222, 148, 53709)
(222, 187, 43411)
(222, 200, 58159)
(222, 100, 3434)
(222, 122, 58362)
(222, 118, 25170)
(222, 29, 53454)
(222, 67, 6254)
(222, 149, 35776)
(222, 156, 49603)
(222, 84, 51505)
(222, 211, 68415)
(222, 80, 37922)
(222, 9, 67046)
(222, 193, 37454)
(222, 53, 49921)
(222, 163, 58113)
(222, 54, 15702)
(222, 15, 68310)
(222, 199, 72554)
(222, 165, 57428)
(222, 137, 29958)
(222, 98, 66811)
(222, 147, 35915)
(222, 142, 67251)
(222, 104, 36656)
(222, 44, 32112)
(222, 96, 16553)
(222, 85, 74613)
(222, 145, 400)
(222, 5, 70159)
(222, 48, 18608)
(222, 181, 6142)
(222, 169, 11717)
(222, 112, 20096)
(222, 113, 19060)
(222, 168, 76352)
(222, 191, 24811)
(222, 33, 9626)
(222, 68, 24876)
(222, 205, 29092)
(222, 92, 46661)
(222, 214, 35840)
(222, 195, 10482)
(222, 188, 57457)
(222, 138, 36308)
(222, 144, 10904)
(222, 176, 48140)
(222, 172, 53756)
(222, 108, 34504)
(222, 207, 6698)
(222, 120, 47843)
(222, 177, 59932)
(222, 103, 60938)
(222, 3, 13327)
(222, 31, 24075)
(222, 62, 70417)
(222, 49, 54342)
(222, 129, 25938)
(222, 206, 72183)
(222, 121, 66603)
(222, 192, 33291)
(222, 107, 53109)
(222, 99, 29486)
(222, 11, 51578)
(222, 123, 72667)
(222, 35, 3273)
(222, 64, 63974)
(222, 127, 12892)
(222, 8, 66826)
(222, 117, 24810)
(222, 89, 1908)
(222, 162, 22996)
(222, 155, 56172)
(222, 88, 4840)
(222, 20, 5898)
(223, 3, 34629)
(223, 121, 59434)
(223, 59, 60225)
(223, 160, 39387)
(223, 105, 32706)
(223, 138, 69477)
(223, 10, 3266)
(223, 111, 13309)
(223, 110, 6524)
(223, 88, 36384)
(223, 198, 8702)
(223, 222, 20779)
(223, 44, 5066)
(223, 33, 34982)
(223, 157, 687)
(223, 75, 59593)
(223, 103, 8946)
(223, 107, 9839)
(223, 19, 54843)
(223, 32, 3458)
(223, 178, 1048)
(223, 149, 22374)
(223, 159, 47770)
(223, 172, 57671)
(223, 120, 2988)
(223, 134, 15109)
(223, 41, 706)
(223, 50, 31)
(223, 62, 25133)
(223, 0, 34957)
(223, 156, 23003)
(223, 27, 75684)
(223, 39, 30110)
(223, 113, 7651)
(223, 11, 766)
(223, 147, 5920)
(223, 181, 24608)
(223, 207, 67671)
(223, 208, 5732)
(223, 197, 13320)
(223, 118, 4763)
(223, 15, 59246)
(223, 162, 22989)
(223, 203, 48981)
(223, 99, 18022)
(223, 182, 73367)
(223, 74, 63130)
(223, 109, 2608)
(223, 34, 22514)
(223, 46, 9382)
(223, 190, 58929)
(223, 219, 409)
(223, 101, 22129)
(223, 72, 63161)
(223, 53, 45764)
(223, 116, 74249)
(223, 57, 37723)
(223, 48, 72239)
(223, 37, 19280)
(223, 4, 55228)
(223, 201, 59921)
(223, 173, 53283)
(223, 55, 22267)
(223, 5, 40619)
(223, 165, 27949)
(223, 81, 14654)
(223, 36, 36468)
(223, 104, 43128)
(223, 21, 15828)
(223, 112, 64120)
(223, 64, 68044)
(223, 45, 26689)
(223, 174, 43209)
(223, 93, 28257)
(223, 142, 9260)
(223, 186, 72166)
(223, 177, 28038)
(223, 204, 72541)
(223, 29, 59459)
(223, 82, 71167)
(223, 131, 35517)
(223, 2, 76396)
(223, 200, 22598)
(223, 117, 67197)
(223, 214, 1935)
(223, 133, 29707)
(223, 128, 42052)
(223, 35, 1195)
(223, 52, 72760)
(223, 31, 36249)
(223, 166, 36073)
(223, 158, 7570)
(223, 125, 41887)
(223, 47, 46582)
(223, 83, 52970)
(223, 164, 54398)
(224, 0, 40274)
(224, 178, 15149)
(224, 141, 987)
(224, 72, 70222)
(224, 17, 34044)
(224, 88, 48323)
(224, 120, 39691)
(224, 93, 50065)
(224, 76, 833)
(224, 98, 67376)
(224, 20, 52588)
(224, 33, 25438)
(224, 223, 59505)
(224, 109, 525)
(224, 62, 3272)
(224, 165, 17741)
(224, 151, 55141)
(224, 42, 24997)
(224, 19, 17445)
(224, 57, 60)
(224, 68, 69415)
(224, 138, 53840)
(224, 179, 5974)
(224, 99, 8387)
(224, 15, 21760)
(224, 139, 17941)
(224, 89, 68888)
(224, 126, 70647)
(224, 67, 18251)
(224, 209, 29098)
(224, 78, 34770)
(224, 100, 57595)
(224, 188, 25541)
(224, 150, 30538)
(224, 36, 51871)
(224, 199, 12246)
(224, 174, 31334)
(224, 152, 63005)
(224, 74, 55475)
(224, 133, 28960)
(224, 194, 19705)
(224, 110, 38789)
(224, 59, 28951)
(224, 184, 63893)
(224, 4, 18216)
(224, 48, 42107)
(224, 1, 29716)
(224, 77, 24525)
(224, 64, 12385)
(224, 41, 905)
(224, 157, 60000)
(224, 125, 18533)
(224, 30, 37865)
(224, 219, 35894)
(224, 160, 54610)
(224, 116, 47834)
(224, 63, 70009)
(224, 155, 31887)
(224, 103, 61610)
(224, 111, 75906)
(224, 70, 29611)
(224, 144, 10571)
(224, 154, 72520)
(224, 50, 5741)
(224, 16, 59887)
(224, 180, 56506)
(224, 60, 54362)
(224, 137, 17329)
(224, 34, 65405)
(224, 185, 20623)
(224, 24, 34083)
(224, 45, 8060)
(224, 21, 27750)
(224, 55, 63587)
(224, 101, 51414)
(224, 85, 12484)
(224, 54, 64247)
(224, 149, 72973)
(224, 39, 60865)
(224, 105, 75867)
(224, 196, 27687)
(224, 168, 24433)
(224, 23, 4576)
(224, 56, 15152)
(224, 176, 60155)
(224, 73, 21310)
(224, 91, 75360)
(224, 212, 53343)
(224, 192, 3474)
(224, 49, 56081)
(224, 5, 49247)
(224, 213, 20177)
(224, 127, 36432)
(224, 195, 73413)
(224, 115, 67027)
(224, 217, 12553)
(224, 222, 47658)
(224, 124, 7425)
(224, 207, 64445)
(224, 94, 18701)
(224, 10, 13540)
(224, 27, 46569)
(224, 9, 46303)
(224, 162, 46031)
(224, 118, 70501)
(224, 3, 59299)
(224, 122, 75096)
(224, 136, 61936)
(224, 46, 59995)
(224, 129, 4875)
(224, 186, 26329)
(224, 135, 16528)
(224, 132, 44262)
(224, 201, 27121)
(224, 215, 35332)
(224, 166, 13300)
(224, 7, 21342)
(224, 210, 31192)
(224, 38, 22753)
(224, 84, 62867)
(224, 121, 2030)
(224, 81, 61345)
(224, 146, 20551)
(224, 172, 56782)
(224, 40, 44593)
(224, 11, 5978)
(224, 22, 7000)
(224, 214, 43033)
(224, 220, 30606)
(224, 86, 74779)
(224, 170, 31093)
(224, 97, 24829)
(224, 158, 57036)
(224, 161, 51889)
(224, 43, 46930)
(224, 156, 53464)
(224, 205, 19633)
(224, 69, 5053)
(224, 26, 53483)
(224, 82, 32519)
(224, 112, 2413)
(224, 52, 37228)
(224, 95, 50186)
(224, 202, 40297)
(224, 187, 25274)
(224, 31, 9114)
(224, 123, 38579)
(224, 203, 60328)
(224, 191, 32656)
(224, 71, 74691)
(224, 164, 21660)
(224, 51, 13513)
(224, 35, 44414)
(224, 8, 38613)
(224, 83, 58296)
(224, 117, 27048)
(224, 206, 64101)
(224, 190, 62808)
(224, 131, 57219)
(224, 75, 66986)
(224, 167, 57977)
(224, 216, 1448)
(224, 90, 65234)
(224, 147, 42521)
(224, 102, 54074)
(224, 61, 60859)
(224, 189, 58365)
(224, 65, 74206)
(224, 44, 29742)
(224, 79, 27536)
(224, 108, 26698)
(224, 66, 4651)
(224, 208, 61726)
(224, 14, 18148)
(224, 197, 6323)
(224, 182, 43237)
(224, 25, 76017)
(224, 114, 63213)
(224, 159, 61297)
(224, 92, 12835)
(224, 177, 4511)
(224, 204, 76095)
(224, 173, 20852)
(224, 211, 61420)
(224, 175, 21468)
(224, 6, 74603)
(224, 113, 6346)
(224, 171, 64512)
(224, 148, 26768)
(224, 2, 59635)
(224, 87, 75689)
(224, 193, 27834)
(224, 142, 7555)
(224, 47, 9456)
(224, 29, 26496)
(224, 58, 42286)
(224, 200, 34988)
(224, 183, 11516)
(224, 181, 63496)
(224, 13, 64373)
(224, 140, 28961)
(224, 130, 30319)
(224, 119, 12887)
(224, 32, 17584)
(224, 143, 13211)
(224, 18, 71310)
(224, 198, 2325)
(225, 16, 13443)
(225, 160, 51839)
(225, 22, 66229)
(226, 128, 63267)
(226, 187, 21378)
(226, 13, 7699)
(226, 89, 49695)
(226, 214, 56630)
(226, 129, 20400)
(226, 156, 35133)
(226, 115, 34609)
(226, 50, 33116)
(226, 105, 50834)
(226, 209, 47063)
(226, 83, 12864)
(226, 178, 69608)
(226, 160, 9714)
(226, 184, 25273)
(226, 126, 71877)
(226, 82, 3479)
(226, 90, 68907)
(226, 12, 55349)
(226, 123, 64967)
(226, 140, 37186)
(226, 155, 48378)
(226, 72, 18843)
(226, 191, 41134)
(226, 205, 59101)
(226, 76, 30468)
(226, 44, 33641)
(226, 141, 53541)
(226, 88, 7112)
(226, 127, 30481)
(226, 157, 48046)
(226, 151, 41525)
(226, 107, 47166)
(226, 54, 41284)
(226, 58, 18261)
(226, 186, 12874)
(226, 27, 6919)
(226, 10, 65667)
(226, 136, 74484)
(226, 112, 32722)
(226, 32, 22534)
(226, 134, 58506)
(226, 172, 27033)
(226, 180, 28352)
(226, 119, 73225)
(226, 162, 48243)
(226, 3, 34786)
(226, 17, 18475)
(226, 170, 28134)
(226, 144, 65669)
(226, 48, 41028)
(226, 43, 16031)
(226, 145, 70863)
(226, 67, 9813)
(226, 201, 32925)
(226, 93, 42518)
(226, 5, 27162)
(226, 164, 14711)
(226, 108, 25623)
(226, 56, 43863)
(226, 25, 57635)
(226, 158, 74594)
(226, 143, 59685)
(226, 19, 51833)
(226, 125, 33637)
(226, 195, 28911)
(226, 147, 55944)
(226, 207, 72310)
(226, 36, 71975)
(226, 60, 10897)
(226, 98, 39344)
(226, 183, 44560)
(226, 223, 57537)
(226, 173, 70515)
(226, 133, 10953)
(226, 52, 30379)
(226, 200, 59181)
(226, 33, 21062)
(226, 84, 49240)
(226, 9, 36445)
(226, 74, 69610)
(226, 4, 29599)
(226, 130, 39191)
(226, 53, 34148)
(226, 111, 174)
(226, 152, 23330)
(226, 204, 70285)
(226, 62, 34766)
(226, 64, 32120)
(226, 11, 27375)
(226, 103, 29236)
(226, 35, 49253)
(226, 138, 62404)
(226, 190, 45868)
(226, 7, 73140)
(226, 42, 37781)
(226, 116, 46857)
(226, 197, 4490)
(226, 40, 21211)
(226, 45, 14413)
(226, 176, 49093)
(226, 131, 21167)
(226, 203, 65961)
(226, 149, 65616)
(226, 189, 10358)
(226, 6, 67253)
(226, 188, 27470)
(226, 217, 40906)
(226, 224, 15815)
(226, 80, 15322)
(226, 118, 52179)
(226, 86, 38983)
(226, 41, 3724)
(226, 159, 6362)
(226, 139, 4020)
(226, 47, 5442)
(226, 29, 16147)
(226, 114, 65007)
(226, 92, 48148)
(226, 16, 65596)
(226, 124, 3003)
(226, 175, 66063)
(226, 225, 35442)
(226, 94, 52932)
(226, 55, 40761)
(226, 26, 62095)
(226, 213, 33406)
(226, 166, 6304)
(226, 101, 61203)
(226, 211, 48523)
(226, 91, 73582)
(226, 66, 23033)
(226, 31, 41707)
(226, 221, 66325)
(226, 1, 73336)
(226, 194, 12821)
(226, 216, 43017)
(226, 20, 57563)
(226, 137, 75582)
(226, 34, 28529)
(226, 181, 8261)
(226, 117, 21785)
(226, 122, 74228)
(226, 71, 72246)
(226, 206, 18405)
(226, 24, 55589)
(226, 179, 24205)
(226, 120, 43389)
(226, 215, 74081)
(226, 99, 64148)
(226, 14, 17176)
(226, 198, 32299)
(226, 182, 62591)
(226, 192, 3021)
(226, 46, 55609)
(226, 0, 56799)
(226, 78, 46287)
(226, 59, 5082)
(226, 113, 9550)
(226, 218, 10182)
(226, 96, 8498)
(226, 163, 65504)
(226, 219, 51561)
(226, 169, 65420)
(226, 30, 57425)
(226, 110, 62116)
(226, 165, 32937)
(226, 168, 62003)
(226, 75, 75129)
(226, 23, 71222)
(226, 87, 45945)
(226, 77, 14578)
(226, 22, 6676)
(226, 153, 58498)
(226, 154, 47313)
(226, 132, 47972)
(226, 21, 63378)
(226, 193, 53351)
(226, 28, 32545)
(227, 31, 8308)
(227, 86, 3740)
(227, 166, 49524)
(227, 103, 75780)
(227, 192, 69942)
(227, 181, 23325)
(227, 161, 57745)
(227, 119, 41205)
(227, 139, 5508)
(227, 208, 52580)
(227, 65, 9587)
(227, 183, 32372)
(227, 220, 73402)
(227, 182, 35763)
(227, 6, 52402)
(227, 203, 41051)
(227, 217, 75267)
(227, 143, 9877)
(227, 41, 40148)
(227, 121, 46567)
(227, 107, 6763)
(227, 200, 21565)
(227, 64, 5109)
(227, 34, 11303)
(227, 193, 32686)
(227, 218, 39882)
(227, 92, 51086)
(227, 219, 8435)
(227, 2, 23663)
(227, 148, 51004)
(227, 118, 26866)
(227, 140, 35988)
(227, 62, 17598)
(227, 215, 14109)
(227, 53, 75478)
(227, 115, 72400)
(227, 49, 24161)
(227, 56, 42505)
(227, 1, 7660)
(227, 159, 61321)
(227, 96, 27226)
(227, 180, 7198)
(227, 69, 69965)
(227, 157, 30426)
(227, 87, 70783)
(227, 55, 66946)
(227, 47, 42533)
(227, 72, 39321)
(227, 126, 72993)
(227, 112, 36337)
(227, 21, 45256)
(227, 24, 46651)
(227, 167, 28731)
(227, 205, 4082)
(227, 75, 49799)
(227, 82, 69649)
(227, 66, 38011)
(227, 16, 12973)
(227, 158, 63192)
(227, 196, 71451)
(227, 28, 31847)
(227, 77, 67958)
(227, 45, 38472)
(227, 162, 24803)
(227, 142, 15115)
(227, 29, 53596)
(227, 154, 46175)
(227, 57, 56150)
(227, 0, 69212)
(227, 169, 9826)
(227, 95, 33714)
(227, 210, 8274)
(227, 199, 63655)
(227, 163, 28852)
(227, 58, 13741)
(227, 70, 18863)
(227, 90, 70447)
(227, 26, 69842)
(227, 120, 28813)
(227, 105, 69883)
(227, 38, 39548)
(227, 189, 15498)
(227, 225, 36919)
(227, 156, 37893)
(227, 116, 47307)
(227, 25, 59127)
(227, 14, 26065)
(227, 216, 15383)
(227, 151, 44641)
(227, 84, 832)
(227, 202, 28944)
(227, 145, 32697)
(227, 122, 4695)
(227, 32, 4179)
(227, 88, 4143)
(227, 129, 72153)
(227, 175, 16293)
(227, 39, 29027)
(227, 20, 31933)
(227, 91, 41095)
(227, 15, 58736)
(227, 198, 34545)
(227, 127, 41862)
(227, 171, 48993)
(227, 168, 62911)
(227, 12, 36623)
(227, 172, 61810)
(227, 194, 27469)
(227, 214, 56521)
(227, 144, 27534)
(227, 3, 71930)
(227, 135, 69441)
(227, 130, 75008)
(227, 114, 43170)
(227, 94, 43232)
(227, 136, 41564)
(227, 42, 819)
(227, 37, 1795)
(227, 179, 66298)
(227, 133, 52360)
(227, 201, 41557)
(227, 110, 29049)
(227, 61, 1719)
(227, 97, 19904)
(227, 89, 16198)
(227, 206, 75102)
(227, 155, 18619)
(227, 222, 41953)
(227, 71, 16150)
(227, 10, 63427)
(227, 68, 15046)
(227, 221, 55800)
(227, 185, 65563)
(227, 204, 67215)
(227, 212, 20832)
(227, 76, 34028)
(227, 102, 11099)
(227, 224, 53211)
(227, 132, 64306)
(227, 52, 18277)
(227, 101, 14280)
(227, 153, 37529)
(227, 99, 71306)
(227, 138, 36312)
(227, 98, 68699)
(227, 43, 70734)
(227, 141, 32053)
(227, 106, 21185)
(227, 191, 60977)
(227, 30, 7607)
(227, 78, 49903)
(227, 81, 60588)
(227, 4, 38365)
(227, 174, 58084)
(227, 124, 57177)
(227, 209, 218)
(227, 11, 55500)
(227, 170, 11506)
(227, 146, 14887)
(227, 60, 52335)
(227, 187, 19607)
(227, 36, 54982)
(227, 164, 51008)
(227, 67, 33235)
(227, 190, 64046)
(227, 80, 1176)
(227, 186, 43291)
(227, 207, 32160)
(227, 23, 44369)
(227, 51, 59313)
(227, 165, 30200)
(227, 150, 4589)
(227, 5, 33708)
(227, 17, 53776)
(227, 111, 14870)
(227, 131, 51025)
(227, 18, 29678)
(227, 35, 28599)
(227, 226, 5081)
(227, 176, 6799)
(227, 128, 36658)
(228, 184, 6415)
(228, 38, 55679)
(228, 111, 3849)
(228, 152, 27673)
(228, 173, 37239)
(228, 60, 29539)
(228, 168, 55233)
(228, 129, 29477)
(228, 2, 59390)
(228, 85, 55591)
(228, 214, 46973)
(228, 210, 10843)
(228, 143, 65542)
(228, 80, 10672)
(228, 15, 42821)
(228, 103, 26490)
(228, 142, 75210)
(228, 154, 13333)
(228, 8, 31283)
(228, 159, 68850)
(228, 107, 73681)
(228, 122, 68113)
(228, 108, 20760)
(228, 42, 9060)
(228, 171, 35588)
(228, 18, 63153)
(228, 17, 49978)
(228, 74, 46469)
(228, 148, 73450)
(228, 39, 42600)
(228, 96, 38171)
(228, 81, 51351)
(228, 216, 48994)
(228, 11, 20713)
(228, 9, 66712)
(228, 211, 48412)
(228, 89, 74049)
(228, 212, 25697)
(228, 55, 44782)
(228, 221, 4348)
(228, 213, 20272)
(228, 88, 3812)
(228, 225, 6682)
(228, 23, 38731)
(228, 109, 5664)
(228, 182, 67176)
(228, 227, 39773)
(228, 70, 55302)
(228, 104, 31560)
(228, 161, 9986)
(228, 100, 663)
(228, 53, 69639)
(228, 84, 53254)
(228, 178, 25169)
(228, 20, 52719)
(228, 132, 33124)
(228, 0, 3847)
(228, 137, 42889)
(228, 123, 14962)
(228, 196, 17972)
(228, 218, 54218)
(228, 207, 62120)
(228, 195, 13638)
(228, 21, 42813)
(228, 197, 50831)
(228, 149, 34158)
(228, 167, 67571)
(228, 25, 46667)
(228, 26, 17540)
(228, 87, 2563)
(228, 61, 29587)
(228, 76, 18822)
(228, 102, 8049)
(228, 185, 101)
(228, 181, 2464)
(228, 205, 7884)
(228, 130, 16064)
(228, 52, 45202)
(228, 94, 58738)
(228, 27, 38030)
(228, 116, 22292)
(228, 49, 35514)
(228, 86, 12873)
(228, 204, 54334)
(228, 119, 18267)
(228, 59, 67760)
(228, 118, 71625)
(228, 226, 49421)
(228, 68, 12591)
(228, 191, 36537)
(228, 101, 4815)
(228, 133, 18327)
(228, 36, 16427)
(228, 162, 914)
(228, 201, 71886)
(228, 169, 62820)
(228, 106, 22892)
(228, 4, 74552)
(228, 29, 62977)
(228, 24, 67336)
(229, 80, 30021)
(229, 171, 61246)
(229, 131, 65019)
(229, 169, 46967)
(229, 61, 31997)
(229, 168, 33680)
(229, 88, 26436)
(229, 89, 50875)
(229, 194, 56077)
(229, 74, 33530)
(229, 113, 50992)
(229, 106, 75726)
(229, 204, 75653)
(229, 54, 44784)
(229, 99, 44863)
(229, 78, 55393)
(229, 51, 40587)
(229, 81, 65640)
(229, 139, 34369)
(229, 143, 61766)
(229, 150, 41987)
(229, 182, 37015)
(229, 216, 60494)
(229, 178, 63922)
(229, 28, 34869)
(229, 114, 10813)
(229, 93, 57891)
(229, 181, 37515)
(229, 128, 44691)
(229, 94, 19685)
(229, 215, 32592)
(229, 11, 4093)
(229, 141, 1820)
(229, 183, 37102)
(229, 67, 62030)
(229, 212, 30931)
(229, 24, 68201)
(229, 161, 46223)
(229, 46, 36782)
(229, 226, 43884)
(229, 163, 51212)
(229, 130, 7012)
(229, 85, 11737)
(229, 110, 55315)
(229, 23, 30709)
(229, 91, 21550)
(229, 22, 74593)
(229, 33, 28157)
(229, 63, 70188)
(229, 15, 56409)
(229, 148, 63702)
(229, 6, 2739)
(229, 7, 69034)
(229, 68, 24209)
(229, 145, 52089)
(229, 31, 25001)
(229, 77, 9307)
(229, 14, 75256)
(229, 208, 51703)
(229, 162, 73975)
(229, 218, 59407)
(229, 96, 75354)
(229, 8, 62935)
(229, 174, 15565)
(229, 199, 51299)
(229, 111, 54696)
(229, 222, 70099)
(229, 192, 4680)
(229, 176, 69764)
(229, 47, 48966)
(229, 172, 10444)
(229, 41, 39023)
(229, 203, 36493)
(229, 149, 9728)
(229, 27, 69539)
(229, 125, 51017)
(229, 115, 73637)
(229, 26, 28424)
(229, 227, 3152)
(229, 73, 52766)
(229, 214, 23234)
(229, 153, 47037)
(229, 213, 58994)
(229, 39, 19675)
(229, 156, 43524)
(229, 197, 62343)
(229, 224, 7035)
(229, 129, 69306)
(229, 155, 66934)
(229, 49, 16973)
(229, 92, 1593)
(229, 158, 45534)
(229, 191, 58594)
(229, 166, 54583)
(229, 43, 61796)
(229, 123, 12731)
(230, 51, 2300)
(230, 84, 74176)
(230, 13, 68866)
(230, 121, 26653)
(230, 147, 32301)
(230, 134, 63955)
(230, 207, 42575)
(230, 95, 47592)
(230, 59, 52092)
(230, 69, 53633)
(230, 220, 16233)
(230, 137, 19570)
(230, 74, 64892)
(230, 168, 19200)
(230, 140, 42118)
(230, 80, 21171)
(230, 202, 32206)
(230, 182, 36579)
(230, 164, 66726)
(230, 98, 73370)
(230, 41, 56240)
(230, 65, 63935)
(230, 10, 63285)
(230, 206, 4810)
(230, 229, 34100)
(230, 109, 44894)
(230, 113, 53847)
(230, 218, 45924)
(230, 9, 29520)
(230, 12, 21343)
(230, 17, 49406)
(230, 52, 22957)
(230, 145, 27646)
(230, 31, 65409)
(230, 62, 38770)
(230, 61, 68243)
(230, 184, 48223)
(230, 150, 4964)
(230, 93, 24529)
(230, 70, 62732)
(230, 7, 8987)
(230, 130, 46616)
(230, 155, 6576)
(230, 146, 57536)
(230, 11, 73064)
(230, 58, 14761)
(230, 174, 32989)
(230, 214, 30537)
(230, 106, 59461)
(230, 228, 35938)
(230, 132, 54976)
(230, 191, 33142)
(230, 127, 69620)
(230, 212, 36011)
(230, 85, 50870)
(230, 192, 67043)
(230, 57, 25899)
(230, 14, 27304)
(230, 64, 75037)
(230, 119, 4106)
(230, 44, 15888)
(230, 21, 8609)
(230, 205, 58710)
(230, 112, 60603)
(230, 226, 3379)
(230, 187, 10020)
(230, 173, 68197)
(230, 39, 36367)
(230, 89, 17443)
(230, 36, 26875)
(230, 28, 27523)
(230, 34, 56385)
(230, 75, 39353)
(230, 170, 21499)
(230, 196, 40101)
(230, 135, 55661)
(230, 219, 71083)
(230, 38, 45269)
(230, 49, 3762)
(230, 158, 40095)
(230, 183, 62024)
(230, 169, 58342)
(230, 154, 59273)
(230, 186, 73990)
(230, 139, 35206)
(230, 141, 17064)
(230, 55, 70241)
(230, 27, 41674)
(230, 200, 51033)
(230, 114, 14376)
(230, 16, 51266)
(230, 20, 8223)
(230, 37, 10464)
(230, 32, 74447)
(230, 92, 29652)
(230, 53, 43828)
(230, 54, 12300)
(230, 100, 68112)
(230, 96, 32501)
(230, 123, 3333)
(230, 91, 28562)
(230, 211, 1702)
(230, 82, 68702)
(230, 222, 42207)
(230, 99, 15875)
(230, 193, 33719)
(230, 43, 8257)
(230, 103, 14377)
(230, 15, 34062)
(230, 159, 18235)
(230, 101, 31801)
(230, 195, 69793)
(230, 81, 5789)
(230, 76, 59522)
(230, 0, 75395)
(230, 175, 17654)
(230, 227, 7167)
(230, 133, 69540)
(230, 157, 42672)
(230, 111, 44668)
(230, 171, 73219)
(230, 24, 34613)
(230, 67, 6622)
(230, 18, 3838)
(230, 197, 25913)
(230, 136, 45830)
(230, 223, 52562)
(230, 148, 16454)
(230, 88, 10685)
(230, 33, 73135)
(230, 215, 54060)
(230, 172, 65158)
(230, 201, 69598)
(230, 5, 12159)
(230, 216, 21974)
(230, 180, 41243)
(230, 77, 3313)
(230, 125, 63602)
(230, 149, 41485)
(230, 110, 10059)
(230, 129, 62207)
(230, 71, 16489)
(230, 72, 48801)
(230, 42, 49704)
(230, 115, 52241)
(230, 6, 53646)
(230, 68, 43976)
(230, 128, 69708)
(230, 162, 51906)
(230, 153, 4603)
(230, 118, 52538)
(230, 107, 37672)
(230, 165, 37821)
(230, 217, 45124)
(230, 152, 34214)
(230, 156, 70556)
(230, 22, 2536)
(230, 66, 28387)
(230, 56, 7061)
(230, 144, 30576)
(230, 73, 17130)
(230, 4, 47294)
(230, 213, 66665)
(230, 116, 6759)
(230, 60, 3961)
(230, 35, 64595)
(230, 94, 34344)
(230, 199, 72356)
(230, 208, 3978)
(230, 108, 35625)
(230, 8, 62622)
(230, 166, 68818)
(230, 126, 55571)
(230, 29, 71425)
(230, 178, 48050)
(230, 23, 42305)
(230, 2, 75899)
(230, 161, 64849)
(231, 190, 23238)
(231, 6, 298)
(231, 74, 67262)
(231, 207, 64107)
(231, 21, 30533)
(231, 26, 43184)
(231, 178, 8879)
(231, 127, 41324)
(231, 61, 31778)
(231, 66, 56294)
(231, 44, 67356)
(231, 201, 58743)
(231, 168, 57110)
(231, 58, 7632)
(231, 215, 49637)
(231, 0, 27535)
(231, 124, 76119)
(231, 220, 16349)
(231, 60, 49211)
(231, 17, 60034)
(231, 15, 64581)
(231, 27, 18009)
(231, 35, 11841)
(231, 209, 57322)
(231, 7, 40911)
(231, 117, 29348)
(231, 29, 27588)
(231, 98, 7536)
(231, 75, 5324)
(231, 196, 29826)
(231, 106, 16540)
(231, 169, 24081)
(231, 88, 3721)
(231, 174, 53203)
(231, 139, 14025)
(231, 33, 57161)
(231, 187, 18907)
(231, 203, 22275)
(231, 101, 47235)
(231, 78, 14209)
(231, 65, 26354)
(231, 79, 56781)
(231, 170, 24595)
(231, 91, 34791)
(231, 149, 49100)
(231, 120, 25457)
(231, 45, 73139)
(231, 145, 71803)
(231, 208, 45744)
(231, 157, 28297)
(231, 105, 17872)
(231, 164, 72082)
(231, 100, 8903)
(231, 137, 11411)
(231, 13, 76026)
(231, 192, 16114)
(231, 155, 55570)
(231, 37, 43458)
(231, 122, 53300)
(231, 212, 41072)
(231, 71, 10546)
(231, 10, 26217)
(231, 210, 13526)
(231, 181, 73628)
(231, 59, 14348)
(231, 183, 40331)
(231, 48, 67161)
(231, 47, 69622)
(231, 64, 20372)
(231, 94, 4933)
(231, 197, 63531)
(231, 81, 2501)
(231, 224, 6664)
(231, 228, 58746)
(231, 121, 8215)
(231, 4, 42639)
(231, 143, 75356)
(231, 99, 56994)
(231, 154, 5126)
(231, 129, 59237)
(231, 24, 30582)
(231, 9, 66228)
(231, 70, 37872)
(231, 42, 61859)
(231, 214, 70982)
(231, 206, 76092)
(231, 175, 64532)
(231, 172, 36796)
(231, 128, 39260)
(231, 188, 46759)
(231, 163, 32427)
(231, 77, 61799)
(231, 104, 48363)
(231, 216, 10245)
(231, 39, 38905)
(231, 195, 60596)
(231, 221, 5289)
(231, 199, 21106)
(231, 63, 18132)
(231, 56, 16339)
(231, 67, 69660)
(231, 138, 59375)
(231, 156, 63888)
(231, 230, 53702)
(231, 23, 53223)
(231, 136, 51322)
(231, 142, 3258)
(231, 225, 8510)
(231, 50, 26373)
(231, 180, 20358)
(231, 1, 57247)
(231, 76, 58009)
(231, 40, 50587)
(231, 213, 50489)
(231, 11, 48652)
(231, 222, 2970)
(231, 229, 28143)
(231, 52, 39648)
(231, 177, 68249)
(231, 69, 878)
(231, 200, 5234)
(231, 176, 25528)
(231, 179, 52565)
(231, 112, 74533)
(231, 86, 46544)
(231, 83, 9237)
(231, 87, 20037)
(231, 133, 54095)
(231, 22, 57631)
(231, 3, 32977)
(231, 107, 64275)
(231, 30, 38212)
(231, 57, 9638)
(231, 80, 31273)
(231, 202, 57872)
(231, 53, 53303)
(231, 46, 17455)
(231, 109, 16517)
(231, 18, 22476)
(231, 111, 45675)
(231, 184, 23994)
(231, 182, 42544)
(231, 161, 63637)
(231, 217, 64959)
(231, 150, 54836)
(231, 126, 17436)
(231, 205, 13564)
(231, 14, 53295)
(231, 131, 25094)
(231, 49, 74661)
(231, 165, 35808)
(231, 31, 59072)
(231, 115, 44075)
(231, 158, 4725)
(231, 62, 19004)
(231, 167, 66165)
(231, 20, 52353)
(231, 186, 4534)
(231, 173, 66784)
(231, 19, 45839)
(231, 211, 33642)
(231, 118, 67488)
(231, 84, 29584)
(231, 103, 33157)
(231, 8, 32750)
(231, 110, 43080)
(231, 189, 69509)
(231, 34, 4359)
(231, 41, 72035)
(231, 12, 2887)
(231, 72, 69671)
(231, 193, 64935)
(231, 125, 5264)
(231, 28, 41461)
(231, 16, 9433)
(231, 5, 35170)
(231, 96, 23646)
(231, 32, 278)
(231, 108, 28423)
(231, 113, 9854)
(231, 152, 11345)
(231, 140, 64436)
(231, 204, 593)
(231, 38, 7065)
(231, 194, 12917)
(231, 132, 41894)
(231, 130, 53881)
(231, 123, 62086)
(231, 85, 25508)
(231, 159, 8989)
(231, 82, 40068)
(231, 95, 50514)
(231, 54, 39486)
(231, 135, 53781)
(231, 36, 61251)
(231, 119, 67702)
(231, 226, 56730)
(231, 219, 19194)
(231, 185, 10272)
(231, 134, 47191)
(231, 2, 46902)
(231, 160, 31907)
(231, 146, 32870)
(232, 187, 51600)
(232, 48, 47244)
(232, 163, 34422)
(232, 202, 75832)
(232, 110, 40027)
(232, 126, 10419)
(232, 153, 33597)
(232, 46, 14469)
(232, 6, 45735)
(232, 13, 29413)
(232, 116, 65672)
(232, 8, 63319)
(232, 44, 17743)
(232, 207, 57771)
(232, 173, 49313)
(232, 20, 19977)
(232, 213, 9342)
(232, 136, 48195)
(232, 192, 26770)
(232, 37, 65076)
(232, 161, 29050)
(232, 209, 14628)
(232, 93, 54284)
(232, 30, 18093)
(232, 76, 71599)
(232, 5, 39220)
(232, 63, 22752)
(232, 182, 44430)
(232, 58, 69374)
(232, 169, 6406)
(232, 132, 3020)
(232, 131, 12621)
(232, 16, 1281)
(232, 122, 4766)
(232, 26, 50400)
(233, 231, 46758)
(233, 208, 23815)
(233, 20, 2490)
(233, 42, 40991)
(233, 12, 71666)
(233, 199, 58546)
(233, 213, 11941)
(233, 95, 21710)
(233, 212, 27316)
(233, 119, 20220)
(233, 3, 47310)
(233, 175, 36868)
(233, 184, 65052)
(233, 187, 75264)
(233, 134, 60879)
(233, 19, 64080)
(233, 9, 57962)
(233, 219, 70407)
(233, 71, 24991)
(233, 75, 14512)
(233, 131, 34056)
(233, 85, 29276)
(233, 162, 70825)
(233, 65, 47099)
(233, 89, 35458)
(233, 13, 2318)
(233, 6, 59652)
(233, 81, 14466)
(233, 197, 74591)
(233, 211, 41720)
(233, 214, 53980)
(233, 27, 2789)
(233, 139, 19436)
(233, 77, 20446)
(233, 102, 63907)
(233, 181, 59287)
(233, 159, 58355)
(233, 176, 13448)
(233, 185, 35468)
(233, 32, 46825)
(233, 38, 10278)
(233, 141, 13114)
(233, 93, 11567)
(233, 169, 2008)
(233, 151, 57811)
(233, 73, 47612)
(233, 118, 1944)
(233, 189, 12346)
(233, 60, 31915)
(233, 17, 63564)
(233, 230, 33231)
(233, 22, 74813)
(233, 46, 73765)
(233, 113, 55958)
(233, 135, 8319)
(233, 137, 5188)
(233, 130, 35719)
(233, 122, 50463)
(233, 103, 40238)
(233, 201, 55857)
(233, 82, 61441)
(233, 179, 39134)
(233, 47, 56524)
(233, 61, 48846)
(233, 51, 55845)
(233, 180, 5339)
(233, 114, 52704)
(233, 58, 20581)
(233, 221, 57049)
(233, 143, 4057)
(233, 86, 48662)
(233, 94, 17949)
(233, 188, 54479)
(233, 100, 14653)
(233, 98, 38309)
(233, 191, 16466)
(233, 90, 5006)
(233, 25, 9258)
(233, 222, 34862)
(233, 55, 73074)
(233, 109, 60237)
(233, 136, 59663)
(233, 10, 11859)
(234, 32, 57303)
(234, 59, 65641)
(234, 19, 58808)
(234, 187, 30151)
(234, 0, 36262)
(234, 161, 74586)
(234, 203, 68589)
(234, 182, 73953)
(234, 43, 39499)
(234, 27, 25144)
(234, 40, 3535)
(234, 62, 323)
(234, 176, 43882)
(234, 95, 28935)
(234, 134, 6675)
(234, 192, 12712)
(234, 77, 69804)
(234, 105, 7048)
(234, 160, 56438)
(234, 152, 73642)
(234, 233, 64327)
(234, 65, 63957)
(234, 184, 66808)
(234, 57, 45185)
(234, 209, 55265)
(234, 88, 59331)
(234, 186, 65846)
(234, 114, 13620)
(234, 198, 41161)
(234, 124, 69657)
(234, 69, 52583)
(234, 75, 19286)
(234, 55, 56080)
(234, 175, 70098)
(234, 212, 42266)
(234, 221, 47761)
(234, 165, 18781)
(234, 56, 12812)
(234, 71, 41869)
(234, 170, 64861)
(234, 162, 58171)
(234, 120, 62549)
(234, 49, 21107)
(234, 106, 24849)
(234, 113, 25540)
(234, 84, 26080)
(234, 6, 68261)
(234, 87, 63713)
(234, 7, 5220)
(234, 195, 71759)
(234, 78, 41122)
(234, 17, 50446)
(234, 94, 26603)
(234, 139, 10092)
(234, 183, 72445)
(234, 126, 58372)
(234, 108, 65578)
(234, 102, 34546)
(234, 223, 53900)
(234, 107, 47396)
(234, 158, 45243)
(234, 172, 38271)
(234, 52, 70394)
(234, 85, 70681)
(234, 116, 40388)
(234, 121, 17157)
(234, 131, 73935)
(234, 215, 69017)
(234, 48, 38895)
(234, 230, 33127)
(234, 70, 34489)
(234, 14, 13060)
(234, 142, 5693)
(234, 5, 38150)
(234, 199, 13111)
(234, 171, 17134)
(234, 50, 28290)
(234, 53, 19542)
(234, 99, 12166)
(234, 140, 35306)
(234, 68, 68879)
(234, 92, 46685)
(234, 63, 45377)
(234, 202, 69713)
(234, 213, 72524)
(234, 91, 24021)
(234, 174, 562)
(234, 24, 10174)
(234, 194, 53519)
(234, 229, 26891)
(234, 34, 66720)
(234, 188, 57698)
(234, 101, 60309)
(234, 133, 67653)
(234, 193, 62693)
(234, 164, 13142)
(234, 104, 49982)
(234, 23, 25066)
(234, 74, 18922)
(234, 89, 3414)
(234, 36, 23645)
(234, 15, 54464)
(234, 141, 2582)
(234, 54, 60970)
(234, 218, 43706)
(234, 111, 65697)
(234, 143, 6628)
(234, 224, 70959)
(234, 64, 49002)
(234, 181, 38668)
(234, 112, 48939)
(234, 37, 64221)
(234, 206, 14119)
(234, 8, 76434)
(234, 190, 50376)
(234, 35, 37023)
(234, 29, 12249)
(234, 157, 6208)
(234, 196, 4892)
(234, 83, 33726)
(234, 130, 64503)
(234, 128, 39625)
(234, 222, 39545)
(234, 30, 70067)
(234, 100, 26341)
(234, 76, 30080)
(234, 214, 13469)
(234, 231, 39892)
(234, 220, 55879)
(234, 167, 23090)
(234, 216, 25150)
(234, 66, 66002)
(234, 217, 58212)
(234, 26, 11998)
(234, 201, 1610)
(234, 153, 22370)
(234, 226, 24030)
(234, 136, 57224)
(234, 38, 21991)
(234, 205, 291)
(234, 46, 23255)
(234, 81, 42345)
(234, 179, 28058)
(234, 159, 49643)
(234, 20, 41117)
(234, 145, 75063)
(234, 169, 16463)
(234, 82, 16077)
(234, 58, 75588)
(234, 117, 42837)
(234, 47, 31274)
(234, 210, 24102)
(234, 110, 69797)
(234, 144, 30387)
(234, 3, 72116)
(234, 163, 64698)
(234, 208, 39536)
(234, 18, 24860)
(234, 149, 42165)
(234, 180, 45453)
(234, 225, 52374)
(234, 10, 9636)
(234, 191, 31901)
(234, 86, 37673)
(234, 232, 17067)
(234, 31, 40408)
(234, 1, 60986)
(234, 45, 403)
(234, 155, 65137)
(234, 41, 48036)
(234, 150, 33210)
(234, 127, 53196)
(234, 98, 17197)
(234, 228, 17103)
(234, 9, 33854)
(234, 151, 62038)
(234, 227, 57795)
(234, 96, 36388)
(234, 156, 28502)
(234, 189, 43902)
(234, 168, 53307)
(234, 11, 54541)
(234, 211, 45680)
(234, 173, 10398)
(234, 51, 110)
(234, 90, 28549)
(234, 119, 44023)
(234, 4, 75493)
(234, 28, 27783)
(234, 204, 8369)
(234, 13, 69831)
(234, 178, 37697)
(234, 97, 40627)
(234, 22, 12408)
(234, 25, 71279)
(234, 103, 22682)
(234, 2, 1797)
(234, 39, 72786)
(234, 118, 29300)
(234, 219, 11962)
(234, 200, 8555)
(234, 122, 19689)
(234, 60, 72835)
(234, 42, 63240)
(234, 115, 5303)
(234, 147, 14500)
(234, 146, 26135)
(234, 93, 33061)
(234, 67, 42085)
(234, 125, 71278)
(234, 21, 74787)
(234, 12, 30925)
(234, 185, 44751)
(234, 123, 31365)
(234, 79, 138)
(234, 129, 60006)
(234, 135, 69168)
(234, 61, 23112)
(234, 33, 35685)
(234, 148, 74015)
(234, 166, 44787)
(235, 180, 35537)
(235, 100, 36427)
(235, 105, 73941)
(235, 115, 34348)
(235, 66, 55641)
(235, 13, 50477)
(235, 23, 66897)
(235, 175, 27922)
(235, 44, 40083)
(235, 81, 9256)
(235, 101, 30714)
(235, 117, 33527)
(235, 189, 29421)
(235, 49, 39370)
(235, 137, 60318)
(235, 190, 12994)
(235, 43, 62197)
(235, 25, 10284)
(235, 213, 73314)
(235, 48, 17506)
(235, 24, 59255)
(235, 201, 60370)
(235, 39, 24186)
(235, 11, 4088)
(235, 88, 74575)
(235, 22, 57732)
(235, 107, 61472)
(235, 204, 48074)
(235, 193, 26894)
(235, 200, 35239)
(235, 223, 72024)
(235, 114, 70918)
(235, 226, 64454)
(235, 45, 1618)
(235, 183, 49051)
(235, 121, 54336)
(235, 71, 44346)
(235, 15, 59254)
(235, 186, 60241)
(235, 30, 25569)
(235, 230, 25116)
(235, 93, 2160)
(235, 52, 17660)
(235, 191, 75401)
(235, 214, 36048)
(235, 76, 69223)
(235, 84, 1495)
(235, 19, 34909)
(235, 14, 73445)
(235, 154, 49746)
(235, 196, 49320)
(235, 31, 15625)
(235, 195, 8209)
(235, 199, 37611)
(235, 33, 18198)
(235, 151, 72590)
(235, 144, 10019)
(235, 219, 54125)
(235, 172, 46133)
(235, 166, 74885)
(235, 152, 67955)
(235, 61, 65928)
(235, 132, 54833)
(235, 29, 5292)
(235, 142, 21362)
(235, 202, 43619)
(235, 104, 57084)
(235, 60, 55050)
(235, 156, 56517)
(235, 149, 40129)
(235, 40, 44777)
(235, 113, 32943)
(235, 161, 21543)
(235, 139, 19867)
(235, 130, 60418)
(235, 37, 7128)
(235, 69, 68169)
(235, 2, 6424)
(235, 162, 73412)
(235, 125, 54729)
(235, 64, 64408)
(235, 35, 63385)
(235, 233, 10255)
(235, 148, 888)
(235, 157, 9334)
(235, 94, 57586)
(235, 70, 39006)
(235, 134, 69372)
(235, 198, 21781)
(235, 56, 14340)
(235, 167, 60466)
(235, 128, 25942)
(235, 188, 46573)
(235, 3, 61747)
(235, 155, 44938)
(235, 173, 48494)
(235, 140, 13740)
(235, 212, 66956)
(235, 47, 28558)
(235, 122, 52140)
(235, 79, 52666)
(235, 28, 65047)
(235, 5, 14695)
(235, 17, 48617)
(235, 205, 7481)
(235, 187, 40390)
(235, 207, 6653)
(235, 92, 44841)
(235, 97, 2982)
(235, 46, 64896)
(235, 98, 178)
(235, 26, 39513)
(235, 102, 21138)
(235, 234, 17717)
(235, 106, 67573)
(235, 0, 71039)
(235, 174, 44254)
(235, 59, 59263)
(235, 110, 57606)
(235, 209, 12756)
(235, 109, 67852)
(235, 55, 51771)
(235, 65, 43472)
(235, 99, 75389)
(235, 58, 66003)
(235, 176, 27598)
(235, 216, 28260)
(235, 231, 16361)
(235, 194, 12879)
(235, 38, 6375)
(235, 165, 11685)
(235, 7, 43037)
(235, 50, 29843)
(235, 72, 23197)
(235, 77, 33799)
(235, 57, 25849)
(235, 141, 51362)
(235, 224, 54275)
(235, 89, 13973)
(235, 83, 23521)
(235, 27, 9603)
(235, 135, 67729)
(235, 124, 41225)
(235, 203, 74738)
(235, 150, 8033)
(235, 210, 55785)
(235, 184, 25619)
(235, 20, 46398)
(235, 229, 27508)
(235, 136, 46165)
(235, 118, 24275)
(235, 159, 74370)
(235, 178, 29097)
(235, 168, 17450)
(235, 138, 68456)
(235, 228, 29211)
(235, 182, 40092)
(235, 51, 64053)
(235, 192, 73324)
(235, 211, 11379)
(235, 82, 60308)
(235, 171, 13637)
(235, 120, 31360)
(235, 225, 58828)
(235, 222, 17511)
(235, 185, 54883)
(235, 21, 20291)
(235, 146, 57525)
(235, 63, 28319)
(235, 116, 73613)
(235, 221, 35896)
(235, 34, 4672)
(235, 95, 49020)
(235, 129, 60567)
(235, 12, 11207)
(235, 73, 30518)
(235, 32, 63990)
(235, 80, 43363)
(235, 218, 29101)
(235, 170, 27181)
(235, 74, 40205)
(235, 53, 24776)
(235, 112, 10160)
(235, 119, 42686)
(235, 215, 38518)
(235, 67, 46424)
(235, 87, 38969)
(235, 108, 8643)
(235, 163, 72364)
(235, 131, 71684)
(235, 208, 60939)
(235, 18, 24377)
(235, 62, 75844)
(235, 16, 9329)
(235, 145, 2247)
(235, 179, 21832)
(235, 232, 34756)
(235, 75, 45034)
(235, 169, 9612)
(235, 85, 446)
(235, 78, 32623)
(235, 143, 5881)
(235, 54, 43073)
(235, 133, 24331)
(235, 227, 48914)
(235, 91, 31083)
(235, 90, 15653)
(235, 147, 23617)
(235, 217, 57919)
(236, 180, 17604)
(236, 134, 72743)
(236, 55, 47870)
(236, 104, 32595)
(236, 1, 70954)
(236, 110, 54683)
(236, 61, 29563)
(236, 152, 38824)
(236, 105, 10908)
(236, 128, 65096)
(236, 108, 71744)
(236, 155, 72881)
(236, 182, 66356)
(236, 225, 28060)
(236, 231, 6453)
(236, 15, 16990)
(236, 129, 6845)
(236, 76, 68302)
(236, 136, 24963)
(236, 211, 74290)
(236, 106, 35946)
(236, 156, 36560)
(236, 6, 72429)
(236, 120, 54882)
(236, 77, 73871)
(236, 40, 34357)
(236, 93, 68802)
(236, 5, 19733)
(236, 146, 19927)
(236, 117, 41548)
(236, 97, 50192)
(236, 45, 15300)
(236, 224, 47015)
(236, 82, 21058)
(236, 103, 9886)
(236, 57, 18279)
(236, 220, 26763)
(236, 80, 67594)
(236, 4, 38504)
(236, 11, 8884)
(236, 64, 63374)
(236, 91, 74891)
(236, 188, 41103)
(236, 22, 37378)
(236, 217, 27370)
(236, 216, 54399)
(236, 33, 21295)
(236, 70, 4916)
(236, 165, 62088)
(236, 125, 12425)
(236, 41, 51836)
(236, 227, 74236)
(236, 226, 62903)
(236, 218, 45942)
(236, 123, 15618)
(236, 92, 61016)
(236, 132, 63944)
(236, 179, 68251)
(236, 78, 58414)
(236, 139, 47923)
(236, 212, 68359)
(236, 16, 68923)
(236, 150, 8192)
(236, 87, 42020)
(236, 174, 48654)
(236, 161, 34074)
(236, 74, 50883)
(236, 169, 35877)
(236, 130, 5927)
(236, 175, 28989)
(236, 39, 57255)
(236, 29, 70111)
(236, 196, 30208)
(236, 35, 38066)
(236, 141, 23127)
(236, 84, 56343)
(236, 72, 23224)
(236, 219, 30453)
(236, 25, 38721)
(236, 88, 3375)
(236, 21, 27700)
(236, 42, 66498)
(236, 208, 59221)
(236, 46, 47043)
(236, 65, 14423)
(236, 32, 20632)
(236, 26, 49123)
(236, 115, 1845)
(236, 0, 54690)
(237, 186, 14511)
(237, 9, 118)
(237, 118, 44200)
(237, 57, 38128)
(237, 233, 6253)
(237, 199, 46011)
(237, 29, 7122)
(237, 173, 68259)
(237, 234, 56867)
(237, 227, 44930)
(237, 172, 55716)
(237, 97, 75727)
(237, 106, 69800)
(237, 208, 61018)
(237, 170, 41387)
(237, 114, 55721)
(237, 121, 56292)
(237, 216, 49433)
(237, 75, 61094)
(237, 80, 17783)
(237, 193, 39149)
(237, 130, 12581)
(237, 142, 43181)
(237, 143, 67373)
(237, 224, 40)
(237, 152, 15802)
(237, 124, 24568)
(237, 162, 53491)
(237, 203, 12012)
(237, 60, 17729)
(237, 210, 53606)
(237, 40, 40888)
(237, 196, 45479)
(237, 125, 15636)
(237, 13, 66176)
(237, 147, 16957)
(237, 68, 60453)
(237, 79, 15067)
(237, 195, 4998)
(237, 217, 38781)
(237, 88, 32747)
(237, 82, 59604)
(237, 72, 34519)
(237, 64, 67344)
(237, 50, 4175)
(237, 61, 6152)
(237, 225, 34989)
(237, 163, 54736)
(237, 182, 24051)
(237, 36, 66925)
(237, 175, 70448)
(237, 55, 74676)
(237, 46, 40649)
(237, 177, 75204)
(237, 171, 22121)
(237, 65, 12202)
(237, 20, 37544)
(237, 218, 2748)
(237, 174, 20559)
(237, 135, 59354)
(237, 32, 31304)
(238, 190, 51170)
(238, 126, 49863)
(238, 172, 70356)
(238, 60, 48842)
(238, 113, 4008)
(238, 166, 21299)
(238, 202, 44706)
(238, 124, 29346)
(238, 45, 34384)
(238, 212, 11118)
(238, 95, 62772)
(238, 235, 20610)
(238, 216, 74947)
(238, 29, 72390)
(238, 191, 69399)
(238, 32, 1834)
(238, 120, 51817)
(238, 207, 2696)
(238, 67, 46282)
(238, 1, 5477)
(238, 203, 42144)
(238, 143, 60608)
(238, 147, 61724)
(238, 71, 42316)
(238, 116, 26227)
(238, 142, 60652)
(238, 76, 37345)
(238, 233, 66113)
(238, 19, 19448)
(238, 50, 57742)
(238, 128, 8370)
(238, 100, 16131)
(238, 228, 41833)
(238, 18, 6407)
(238, 5, 24586)
(238, 186, 67396)
(238, 49, 25686)
(238, 229, 41183)
(238, 192, 43271)
(238, 130, 41359)
(238, 201, 64372)
(238, 51, 40317)
(238, 136, 30304)
(239, 165, 70086)
(239, 50, 48486)
(239, 140, 57404)
(239, 144, 25973)
(239, 132, 26252)
(239, 105, 7138)
(239, 127, 30662)
(239, 112, 35398)
(239, 217, 41509)
(239, 218, 66008)
(239, 186, 3202)
(239, 233, 75797)
(239, 228, 11377)
(239, 121, 30779)
(239, 195, 32045)
(240, 182, 46060)
(240, 100, 28936)
(240, 187, 45621)
(240, 236, 66824)
(240, 25, 1377)
(240, 160, 38054)
(240, 18, 53736)
(240, 35, 58684)
(240, 166, 51926)
(240, 68, 74508)
(240, 94, 15800)
(240, 213, 49845)
(240, 76, 71659)
(240, 114, 48304)
(240, 71, 26259)
(240, 239, 32355)
(240, 171, 62013)
(240, 225, 37110)
(240, 197, 44554)
(240, 159, 53717)
(240, 200, 37676)
(240, 91, 8262)
(240, 120, 9687)
(240, 158, 48988)
(240, 112, 46209)
(240, 176, 57815)
(240, 13, 54495)
(240, 204, 6984)
(240, 144, 45107)
(240, 79, 22114)
(240, 174, 75189)
(240, 58, 71757)
(240, 220, 32912)
(240, 90, 43011)
(240, 54, 65962)
(240, 45, 24284)
(240, 237, 76154)
(240, 222, 6736)
(240, 62, 35961)
(240, 93, 9199)
(240, 20, 56317)
(240, 41, 23695)
(240, 9, 36282)
(240, 56, 66022)
(240, 69, 47176)
(240, 74, 16387)
(240, 104, 57471)
(240, 80, 29988)
(240, 223, 53548)
(240, 234, 19727)
(240, 4, 4328)
(240, 206, 11534)
(240, 22, 5700)
(240, 146, 40003)
(240, 43, 45431)
(240, 83, 20222)
(240, 208, 20834)
(240, 36, 40273)
(240, 87, 20405)
(240, 181, 5337)
(240, 7, 20895)
(240, 193, 54498)
(240, 203, 11634)
(240, 133, 8310)
(240, 102, 42309)
(240, 24, 35610)
(240, 51, 57485)
(240, 2, 10515)
(240, 179, 40575)
(240, 228, 50107)
(240, 55, 28076)
(240, 0, 26313)
(240, 37, 712)
(240, 238, 74389)
(240, 219, 37527)
(240, 81, 62437)
(240, 21, 13575)
(240, 186, 29606)
(240, 8, 68966)
(240, 75, 52011)
(240, 152, 39831)
(240, 122, 51161)
(240, 226, 24295)
(240, 178, 21827)
(240, 82, 11517)
(240, 149, 61829)
(240, 130, 48456)
(240, 136, 2686)
(240, 30, 17640)
(240, 14, 27307)
(240, 16, 64809)
(240, 64, 35824)
(240, 227, 28029)
(240, 184, 15555)
(240, 17, 28985)
(240, 233, 27382)
(240, 26, 33383)
(240, 49, 69987)
(240, 221, 20241)
(240, 47, 60766)
(240, 218, 2401)
(240, 190, 34282)
(240, 150, 36797)
(240, 111, 15642)
(240, 140, 27862)
(240, 201, 75938)
(240, 163, 15496)
(240, 210, 46492)
(240, 66, 53894)
(240, 141, 36096)
(240, 46, 38211)
(240, 106, 41430)
(240, 78, 52387)
(240, 142, 56627)
(240, 162, 46268)
(240, 63, 37008)
(240, 235, 44649)
(240, 1, 66225)
(240, 108, 41543)
(240, 103, 36177)
(240, 121, 60472)
(240, 6, 19596)
(240, 192, 13828)
(240, 145, 48608)
(240, 119, 46008)
(240, 23, 54514)
(240, 29, 8389)
(240, 214, 1364)
(240, 165, 27818)
(240, 38, 26943)
(240, 116, 21807)
(240, 52, 71801)
(240, 10, 18296)
(240, 115, 61101)
(240, 128, 71781)
(240, 53, 18582)
(240, 229, 75215)
(240, 172, 7328)
(240, 73, 456)
(240, 70, 23904)
(240, 125, 74463)
(240, 65, 12521)
(240, 135, 13562)
(240, 109, 22438)
(240, 27, 2394)
(240, 33, 6999)
(240, 86, 33101)
(240, 60, 2040)
(240, 19, 10529)
(240, 67, 62546)
(240, 180, 47425)
(240, 137, 18869)
(240, 101, 76224)
(240, 209, 21654)
(240, 11, 10751)
(240, 224, 51765)
(240, 34, 2496)
(240, 72, 66367)
(240, 151, 15693)
(240, 183, 56245)
(240, 50, 21554)
(240, 198, 16246)
(240, 231, 24208)
(240, 169, 28753)
(240, 202, 59120)
(240, 216, 51204)
(240, 15, 28331)
(240, 230, 42966)
(240, 196, 57756)
(240, 110, 65477)
(241, 125, 66670)
(241, 149, 26611)
(241, 192, 14747)
(241, 86, 20403)
(241, 138, 51360)
(241, 183, 48783)
(241, 198, 58735)
(241, 41, 5366)
(241, 140, 72501)
(241, 201, 43453)
(241, 196, 22674)
(241, 69, 11168)
(241, 98, 71530)
(241, 36, 50344)
(241, 29, 49701)
(241, 118, 8303)
(241, 35, 46235)
(241, 25, 25000)
(241, 93, 60533)
(241, 103, 37368)
(241, 180, 12015)
(241, 122, 44258)
(241, 211, 44477)
(241, 188, 43283)
(241, 166, 26387)
(241, 48, 47487)
(241, 222, 72799)
(241, 75, 26060)
(241, 225, 61982)
(241, 49, 839)
(241, 228, 49874)
(241, 51, 67352)
(241, 137, 10716)
(241, 236, 39245)
(241, 218, 3072)
(241, 7, 18051)
(241, 161, 65840)
(241, 17, 24945)
(241, 4, 22986)
(241, 6, 71390)
(241, 89, 22843)
(241, 14, 56811)
(241, 79, 9308)
(241, 58, 33454)
(241, 101, 61026)
(241, 205, 16904)
(241, 174, 59697)
(241, 182, 36633)
(241, 54, 29695)
(241, 206, 41215)
(241, 72, 55118)
(241, 16, 65496)
(241, 9, 2993)
(241, 238, 7160)
(241, 47, 12187)
(241, 240, 43883)
(241, 212, 69516)
(241, 76, 686)
(241, 77, 35129)
(241, 2, 74340)
(241, 92, 38959)
(241, 153, 61703)
(241, 229, 11461)
(241, 33, 48550)
(241, 160, 56954)
(241, 219, 55114)
(241, 100, 38885)
(241, 3, 16426)
(241, 32, 31183)
(241, 34, 32635)
(241, 24, 48540)
(241, 199, 848)
(241, 150, 28115)
(241, 163, 36927)
(241, 23, 47662)
(241, 169, 58805)
(241, 204, 37518)
(241, 129, 5165)
(241, 52, 41637)
(241, 27, 55754)
(241, 232, 20968)
(241, 81, 67561)
(241, 132, 11953)
(241, 119, 33409)
(241, 213, 48595)
(241, 61, 25687)
(241, 184, 13900)
(241, 200, 44057)
(241, 141, 5962)
(241, 116, 46278)
(241, 135, 35412)
(241, 202, 15682)
(241, 91, 39579)
(241, 82, 68383)
(241, 110, 3010)
(241, 42, 62955)
(241, 162, 11305)
(241, 90, 40594)
(241, 111, 18873)
(241, 187, 60088)
(241, 210, 64597)
(241, 175, 72761)
(241, 84, 74627)
(241, 215, 71647)
(241, 95, 24721)
(241, 44, 29962)
(241, 227, 8598)
(241, 113, 55482)
(241, 63, 14884)
(241, 73, 51760)
(241, 30, 10359)
(241, 134, 35735)
(241, 62, 14031)
(241, 233, 17705)
(241, 114, 50018)
(241, 142, 71984)
(241, 56, 20739)
(241, 18, 34030)
(241, 154, 62458)
(241, 139, 13251)
(241, 15, 37891)
(241, 46, 67276)
(241, 124, 68520)
(241, 226, 37079)
(241, 165, 66469)
(241, 143, 45987)
(241, 197, 63681)
(241, 94, 4255)
(241, 146, 10385)
(241, 164, 56709)
(241, 209, 32848)
(241, 37, 47975)
(241, 20, 19512)
(241, 224, 25293)
(241, 127, 69884)
(241, 68, 17372)
(241, 173, 15976)
(241, 177, 16158)
(241, 115, 3513)
(241, 80, 8201)
(241, 19, 5900)
(241, 59, 27863)
(241, 237, 26574)
(241, 102, 12579)
(241, 74, 10536)
(241, 70, 56543)
(241, 191, 42008)
(241, 186, 60632)
(241, 5, 47553)
(241, 11, 20371)
(241, 107, 44010)
(241, 159, 37486)
(241, 99, 41203)
(241, 190, 1216)
(241, 223, 7537)
(241, 67, 32008)
(241, 53, 35612)
(241, 85, 17184)
(241, 55, 27613)
(241, 87, 56712)
(241, 156, 71214)
(241, 170, 14907)
(241, 60, 4201)
(241, 131, 30826)
(241, 78, 1367)
(241, 121, 62491)
(241, 194, 39528)
(241, 38, 15063)
(241, 43, 73608)
(241, 128, 65485)
(241, 64, 36539)
(241, 45, 25421)
(241, 65, 41476)
(241, 71, 59251)
(241, 147, 3212)
(241, 22, 52681)
(241, 171, 7354)
(241, 21, 69055)
(241, 158, 50229)
(241, 167, 11947)
(242, 195, 8439)
(242, 221, 71105)
(242, 235, 38384)
(242, 115, 923)
(242, 62, 45333)
(242, 86, 33514)
(242, 191, 16482)
(242, 171, 14296)
(242, 53, 12068)
(242, 40, 46387)
(242, 26, 48018)
(242, 33, 37635)
(242, 124, 43485)
(242, 184, 14638)
(242, 169, 22165)
(242, 78, 23087)
(242, 8, 6207)
(242, 134, 66854)
(242, 159, 19092)
(242, 25, 60877)
(242, 130, 39937)
(242, 220, 9911)
(242, 36, 15241)
(242, 150, 42919)
(242, 27, 3733)
(242, 1, 72816)
(242, 225, 42014)
(242, 158, 76324)
(242, 185, 16341)
(242, 43, 73892)
(242, 208, 45149)
(242, 95, 15076)
(242, 197, 22003)
(242, 149, 75692)
(242, 15, 47060)
(242, 55, 12958)
(242, 107, 10950)
(242, 145, 5936)
(242, 49, 52798)
(242, 222, 40061)
(242, 31, 52942)
(242, 64, 41840)
(242, 132, 685)
(242, 129, 62957)
(242, 137, 73383)
(242, 96, 57710)
(242, 128, 28159)
(242, 38, 75021)
(242, 176, 66730)
(242, 76, 76055)
(242, 207, 21065)
(242, 173, 73227)
(242, 66, 38032)
(242, 113, 26582)
(242, 80, 70856)
(242, 155, 16532)
(242, 127, 69552)
(242, 2, 53674)
(242, 196, 25536)
(242, 11, 51749)
(242, 120, 24813)
(242, 101, 29170)
(242, 165, 4049)
(242, 217, 7762)
(242, 32, 12323)
(242, 123, 32564)
(242, 181, 18336)
(242, 79, 69201)
(242, 204, 21399)
(242, 211, 39667)
(242, 3, 36195)
(242, 69, 68239)
(242, 187, 20691)
(242, 105, 53213)
(242, 131, 1994)
(242, 188, 55073)
(242, 99, 38957)
(242, 10, 46113)
(242, 39, 53527)
(242, 18, 50863)
(242, 17, 11080)
(242, 213, 50920)
(242, 114, 19080)
(242, 42, 51891)
(242, 29, 54166)
(242, 219, 50698)
(242, 89, 63677)
(242, 14, 34741)
(242, 234, 19301)
(242, 35, 16452)
(242, 143, 29046)
(242, 157, 48748)
(242, 41, 56254)
(242, 44, 1569)
(242, 111, 42504)
(242, 56, 38813)
(242, 215, 61447)
(242, 139, 13041)
(242, 90, 17947)
(242, 209, 72742)
(242, 186, 25523)
(242, 125, 63030)
(242, 119, 60273)
(242, 237, 56304)
(242, 109, 61667)
(242, 106, 76255)
(242, 193, 69703)
(242, 183, 27696)
(242, 232, 5587)
(242, 190, 22657)
(243, 67, 40820)
(243, 206, 74391)
(243, 200, 35720)
(243, 78, 48314)
(243, 172, 62654)
(243, 87, 72829)
(243, 105, 67030)
(243, 128, 23351)
(243, 240, 41784)
(243, 226, 28567)
(243, 194, 54019)
(243, 75, 8377)
(243, 164, 378)
(243, 42, 27512)
(243, 69, 4615)
(243, 39, 57362)
(243, 33, 53989)
(243, 18, 28131)
(243, 165, 8843)
(243, 118, 14842)
(243, 160, 4080)
(243, 214, 33420)
(243, 71, 58048)
(243, 224, 55220)
(243, 237, 27866)
(243, 41, 30609)
(243, 115, 37776)
(243, 91, 58283)
(243, 242, 33389)
(243, 235, 29192)
(243, 217, 66210)
(243, 151, 51816)
(243, 102, 60888)
(243, 46, 18520)
(243, 171, 4368)
(243, 154, 1443)
(243, 140, 10058)
(243, 185, 26565)
(243, 17, 65766)
(243, 216, 21959)
(243, 1, 33724)
(243, 228, 45489)
(243, 174, 29022)
(243, 53, 37313)
(243, 7, 72120)
(243, 83, 65699)
(243, 137, 36155)
(243, 223, 10852)
(243, 203, 53537)
(243, 201, 25843)
(243, 113, 29418)
(243, 100, 32930)
(243, 68, 9853)
(243, 204, 57552)
(243, 149, 70120)
(243, 127, 41895)
(243, 50, 59439)
(243, 63, 66143)
(243, 93, 39802)
(243, 51, 2441)
(243, 116, 54752)
(243, 19, 7991)
(243, 153, 65633)
(243, 95, 9524)
(243, 196, 23771)
(243, 230, 12486)
(243, 79, 74589)
(243, 177, 70192)
(243, 40, 8281)
(243, 94, 69307)
(243, 221, 56131)
(243, 109, 22303)
(243, 29, 40525)
(243, 199, 27018)
(243, 192, 40054)
(243, 150, 61395)
(243, 88, 18331)
(243, 73, 75686)
(243, 119, 25952)
(243, 233, 24611)
(243, 152, 7062)
(243, 58, 53669)
(243, 231, 20964)
(243, 210, 31864)
(243, 211, 75875)
(243, 234, 62662)
(243, 208, 46362)
(243, 133, 10313)
(243, 157, 65992)
(243, 52, 47453)
(243, 62, 31205)
(243, 5, 6729)
(243, 155, 65524)
(243, 56, 69586)
(243, 90, 4224)
(243, 44, 11314)
(243, 20, 16707)
(243, 26, 68382)
(243, 145, 3990)
(243, 57, 17024)
(243, 117, 6760)
(243, 45, 3951)
(243, 147, 76101)
(243, 173, 53802)
(243, 190, 26389)
(243, 241, 7841)
(243, 81, 22222)
(243, 3, 4311)
(243, 212, 32518)
(243, 85, 51443)
(243, 158, 58341)
(243, 183, 22617)
(243, 132, 758)
(243, 21, 27275)
(243, 99, 30298)
(243, 198, 31335)
(243, 186, 24399)
(243, 184, 53996)
(243, 232, 3382)
(243, 0, 42426)
(243, 220, 31600)
(243, 207, 62291)
(243, 54, 70211)
(243, 189, 60823)
(243, 182, 4159)
(243, 25, 27650)
(243, 202, 69260)
(243, 219, 12563)
(243, 103, 2874)
(243, 4, 33162)
(243, 239, 43697)
(243, 138, 55855)
(243, 11, 25160)
(243, 64, 55994)
(243, 13, 69927)
(243, 27, 3312)
(243, 187, 38675)
(243, 170, 35931)
(243, 167, 63394)
(243, 209, 67944)
(243, 31, 51520)
(243, 120, 42581)
(243, 12, 10290)
(243, 24, 19395)
(243, 82, 66144)
(243, 10, 44580)
(243, 96, 44542)
(243, 168, 28854)
(243, 14, 32470)
(243, 193, 17268)
(243, 16, 33850)
(243, 80, 14987)
(243, 181, 9973)
(243, 9, 42708)
(243, 166, 50899)
(243, 136, 56203)
(243, 30, 48947)
(243, 197, 36270)
(243, 124, 74133)
(243, 23, 48489)
(243, 37, 58154)
(243, 130, 18359)
(243, 110, 21730)
(243, 101, 65946)
(243, 84, 72324)
(243, 28, 27984)
(243, 34, 9162)
(243, 176, 52005)
(243, 6, 74431)
(243, 175, 46285)
(243, 92, 10921)
(243, 97, 9649)
(243, 156, 65692)
(243, 125, 10235)
(243, 61, 53261)
(243, 107, 22176)
(243, 8, 10340)
(243, 218, 8478)
(243, 131, 35781)
(243, 123, 43499)
(243, 238, 64205)
(243, 122, 34719)
(243, 225, 53567)
(243, 108, 35346)
(243, 215, 51967)
(243, 229, 12336)
(243, 2, 69438)
(243, 112, 59798)
(243, 169, 1035)
(243, 114, 39573)
(243, 134, 72828)
(243, 48, 52138)
(243, 60, 49693)
(243, 144, 55884)
(243, 86, 29912)
(243, 191, 12252)
(243, 32, 46176)
(243, 159, 64994)
(243, 15, 14030)
(243, 146, 54594)
(243, 35, 42699)
(243, 49, 28430)
(243, 227, 33347)
(243, 126, 55996)
(243, 143, 51764)
(243, 76, 43571)
(243, 98, 27329)
(243, 142, 54877)
(243, 195, 48129)
(243, 141, 45307)
(243, 121, 62400)
(243, 163, 22629)
(243, 106, 62215)
(243, 89, 64209)
(243, 22, 72753)
(243, 55, 31311)
(243, 36, 3647)
(243, 43, 54162)
(243, 222, 64780)
(243, 129, 28079)
(243, 178, 68177)
(244, 16, 73887)
(244, 7, 57405)
(244, 90, 63410)
(244, 239, 34827)
(244, 97, 27797)
(244, 144, 69444)
(244, 65, 47454)
(244, 38, 66636)
(244, 153, 71753)
(244, 87, 53047)
(244, 107, 29559)
(244, 33, 24539)
(244, 17, 60520)
(244, 154, 46097)
(244, 133, 63592)
(244, 143, 16265)
(244, 86, 27021)
(244, 207, 68003)
(244, 218, 44736)
(244, 141, 8683)
(244, 184, 29489)
(244, 170, 74035)
(244, 20, 6797)
(244, 18, 44664)
(244, 147, 41925)
(244, 40, 13022)
(244, 19, 15911)
(244, 208, 20292)
(244, 53, 74235)
(244, 31, 56882)
(244, 96, 5545)
(244, 151, 6280)
(244, 106, 2071)
(244, 124, 40914)
(244, 68, 70851)
(244, 235, 29510)
(244, 202, 44902)
(244, 8, 55675)
(244, 146, 20143)
(244, 61, 43)
(244, 32, 26346)
(244, 169, 28517)
(244, 29, 54280)
(244, 223, 31807)
(244, 167, 60747)
(244, 157, 32523)
(244, 168, 24531)
(244, 187, 1005)
(244, 45, 53536)
(244, 172, 30409)
(244, 132, 51767)
(244, 51, 43212)
(244, 3, 18592)
(244, 136, 23117)
(244, 57, 26156)
(244, 120, 7113)
(244, 39, 72209)
(244, 180, 53509)
(244, 1, 75231)
(244, 238, 66643)
(244, 215, 2102)
(244, 148, 54678)
(244, 226, 55203)
(244, 95, 15519)
(244, 128, 63009)
(244, 176, 16652)
(244, 67, 11440)
(244, 145, 15143)
(244, 152, 52449)
(244, 135, 21696)
(244, 212, 11030)
(244, 60, 65743)
(244, 196, 22336)
(244, 178, 34685)
(244, 156, 46971)
(244, 121, 65866)
(244, 159, 35200)
(244, 127, 51542)
(244, 209, 36913)
(244, 134, 9560)
(244, 214, 56848)
(244, 110, 57888)
(244, 186, 32480)
(244, 35, 29064)
(244, 191, 30786)
(244, 206, 38912)
(244, 84, 59702)
(244, 102, 37702)
(244, 4, 58783)
(244, 108, 14941)
(244, 58, 13720)
(244, 94, 51150)
(244, 10, 4297)
(244, 192, 66181)
(244, 130, 31287)
(244, 138, 72716)
(244, 201, 22384)
(244, 155, 724)
(244, 139, 20577)
(244, 52, 44973)
(244, 197, 5976)
(244, 241, 32793)
(244, 233, 72318)
(244, 26, 6800)
(244, 222, 69158)
(244, 203, 60126)
(244, 59, 8840)
(244, 113, 18174)
(244, 64, 51171)
(244, 185, 50239)
(244, 179, 42689)
(244, 240, 29124)
(244, 158, 62556)
(244, 193, 39163)
(244, 189, 55440)
(244, 23, 8287)
(244, 166, 69341)
(244, 74, 39846)
(244, 70, 4586)
(244, 161, 56329)
(244, 109, 58244)
(244, 5, 37965)
(244, 232, 49008)
(244, 211, 72885)
(244, 76, 161)
(244, 205, 17881)
(244, 11, 46414)
(244, 101, 55177)
(244, 47, 65564)
(244, 79, 12135)
(244, 114, 68166)
(244, 162, 56386)
(244, 142, 47622)
(244, 230, 30585)
(244, 149, 21297)
(244, 34, 8003)
(244, 77, 25195)
(244, 129, 52579)
(244, 188, 55696)
(244, 199, 69325)
(244, 103, 71136)
(244, 190, 61575)
(244, 55, 1782)
(244, 12, 38888)
(245, 48, 7759)
(245, 175, 67808)
(245, 230, 71170)
(245, 100, 48906)
(245, 177, 31064)
(245, 90, 50007)
(245, 119, 57356)
(245, 126, 20175)
(245, 37, 41535)
(245, 187, 18190)
(245, 87, 57269)
(245, 43, 73306)
(245, 154, 71111)
(245, 234, 73112)
(245, 146, 75350)
(245, 148, 70071)
(245, 71, 23223)
(245, 108, 9300)
(245, 59, 2989)
(245, 17, 66779)
(245, 130, 25839)
(245, 172, 51679)
(245, 110, 58797)
(245, 220, 467)
(245, 147, 43645)
(245, 198, 43931)
(245, 153, 73366)
(245, 54, 37396)
(245, 1, 20012)
(245, 105, 210)
(245, 94, 62075)
(245, 219, 68698)
(245, 165, 8566)
(245, 227, 26549)
(245, 30, 66245)
(245, 92, 8513)
(245, 40, 68204)
(245, 158, 56888)
(245, 0, 46042)
(245, 202, 12475)
(245, 65, 38567)
(245, 223, 19718)
(245, 228, 37182)
(245, 31, 24106)
(245, 38, 17191)
(245, 45, 51280)
(245, 221, 58872)
(245, 49, 26883)
(245, 24, 68829)
(245, 112, 16612)
(245, 3, 26446)
(245, 79, 69597)
(245, 231, 74168)
(245, 114, 38611)
(245, 19, 33455)
(245, 132, 48401)
(245, 166, 53600)
(245, 53, 56809)
(245, 183, 15997)
(245, 200, 41839)
(245, 101, 46631)
(245, 32, 20874)
(245, 211, 40826)
(245, 238, 4303)
(245, 155, 62349)
(245, 96, 24713)
(245, 74, 51619)
(245, 106, 24027)
(245, 127, 64713)
(245, 7, 63307)
(245, 113, 72918)
(245, 139, 73072)
(245, 173, 4719)
(245, 2, 61195)
(245, 213, 1492)
(245, 26, 12482)
(245, 194, 53922)
(245, 46, 59975)
(245, 195, 34508)
(245, 77, 53296)
(245, 83, 26126)
(245, 196, 942)
(245, 70, 25448)
(245, 116, 10428)
(245, 88, 8131)
(245, 118, 16255)
(245, 170, 28954)
(245, 236, 10443)
(245, 162, 40865)
(245, 102, 36910)
(245, 67, 52298)
(245, 41, 6679)
(245, 78, 36504)
(245, 149, 31870)
(245, 69, 62515)
(245, 237, 23078)
(245, 25, 37443)
(245, 164, 62967)
(245, 10, 48774)
(245, 171, 34128)
(245, 16, 32123)
(245, 241, 24598)
(245, 128, 64514)
(245, 115, 15265)
(245, 204, 5612)
(245, 222, 15193)
(245, 4, 67867)
(245, 229, 39315)
(245, 133, 9901)
(245, 203, 50950)
(245, 201, 5098)
(245, 157, 39849)
(245, 56, 12666)
(246, 152, 28151)
(246, 199, 16627)
(246, 59, 4736)
(246, 25, 32033)
(246, 83, 55191)
(246, 21, 18941)
(246, 198, 25796)
(246, 56, 13425)
(246, 45, 35899)
(246, 157, 73443)
(246, 104, 11706)
(246, 9, 18048)
(246, 70, 55036)
(246, 169, 49500)
(246, 139, 68848)
(246, 179, 60332)
(246, 225, 28508)
(246, 17, 46322)
(246, 165, 6965)
(246, 35, 6518)
(246, 48, 26029)
(246, 151, 1893)
(246, 112, 45029)
(246, 236, 68635)
(246, 90, 37559)
(246, 73, 69869)
(246, 132, 64465)
(246, 116, 49501)
(246, 101, 23174)
(246, 212, 68331)
(246, 52, 30429)
(246, 4, 70195)
(246, 8, 19360)
(246, 98, 71328)
(246, 60, 67920)
(246, 241, 72440)
(246, 215, 30795)
(246, 31, 55101)
(246, 100, 69695)
(246, 176, 51232)
(246, 240, 11006)
(246, 242, 44621)
(246, 108, 18923)
(246, 220, 40175)
(246, 163, 16228)
(246, 175, 23381)
(246, 218, 17993)
(246, 103, 10526)
(246, 86, 65355)
(246, 82, 61990)
(246, 53, 55587)
(246, 20, 15779)
(246, 222, 41978)
(246, 156, 44869)
(246, 49, 64431)
(246, 40, 54254)
(246, 12, 65942)
(246, 141, 13504)
(246, 182, 28194)
(246, 140, 23656)
(246, 13, 75092)
(246, 144, 15329)
(246, 153, 43518)
(246, 118, 49242)
(246, 39, 52091)
(246, 226, 13353)
(246, 234, 56960)
(246, 11, 12540)
(246, 72, 27895)
(246, 138, 51452)
(246, 231, 15353)
(246, 229, 375)
(246, 126, 46023)
(246, 228, 19963)
(246, 173, 16457)
(246, 43, 41477)
(246, 239, 22830)
(246, 3, 38302)
(246, 208, 55479)
(246, 207, 46915)
(246, 1, 41181)
(246, 41, 31049)
(246, 78, 63059)
(246, 84, 9383)
(246, 44, 26393)
(246, 192, 4296)
(246, 16, 60398)
(246, 15, 28624)
(246, 75, 26073)
(246, 46, 68463)
(246, 170, 30273)
(246, 106, 44665)
(246, 174, 54651)
(246, 171, 2598)
(246, 233, 15037)
(246, 115, 31471)
(246, 119, 7268)
(246, 155, 62783)
(246, 204, 41396)
(246, 145, 38372)
(247, 92, 10228)
(247, 111, 19416)
(247, 42, 43676)
(247, 223, 15914)
(247, 115, 47689)
(247, 242, 22206)
(247, 172, 29341)
(247, 232, 59355)
(248, 123, 17523)
(248, 26, 35331)
(248, 237, 19720)
(248, 121, 73404)
(248, 139, 53638)
(248, 156, 72096)
(248, 177, 19747)
(248, 98, 37272)
(248, 43, 14766)
(248, 176, 35563)
(248, 234, 37823)
(248, 178, 15045)
(248, 184, 16580)
(248, 224, 61439)
(248, 179, 21933)
(248, 17, 43593)
(248, 81, 55472)
(248, 76, 36496)
(248, 25, 53231)
(248, 149, 1098)
(248, 231, 59578)
(248, 79, 1049)
(248, 85, 44619)
(248, 106, 32511)
(248, 219, 75628)
(248, 214, 3615)
(248, 72, 42167)
(248, 162, 2924)
(248, 236, 60087)
(248, 38, 26462)
(248, 181, 69975)
(248, 107, 60163)
(248, 195, 5697)
(248, 3, 16833)
(248, 122, 14978)
(248, 223, 66076)
(248, 191, 73502)
(248, 35, 76094)
(248, 103, 23761)
(248, 20, 76022)
(248, 199, 7843)
(248, 164, 56261)
(248, 222, 64983)
(248, 217, 39492)
(248, 136, 16446)
(248, 151, 10156)
(248, 186, 40716)
(248, 196, 11693)
(248, 218, 57540)
(248, 62, 69315)
(248, 80, 65812)
(248, 9, 71520)
(248, 6, 22916)
(248, 163, 23474)
(248, 40, 43837)
(248, 227, 55089)
(248, 198, 40488)
(248, 141, 16025)
(248, 115, 17594)
(248, 189, 45470)
(248, 36, 3672)
(248, 230, 26390)
(248, 73, 15681)
(248, 90, 51684)
(248, 160, 63941)
(248, 220, 43445)
(248, 92, 48183)
(248, 113, 9423)
(248, 69, 46730)
(248, 245, 2204)
(248, 42, 34188)
(248, 169, 66579)
(248, 54, 28110)
(248, 31, 6563)
(248, 48, 71239)
(248, 82, 68654)
(248, 159, 23643)
(248, 140, 31534)
(248, 210, 72176)
(248, 201, 17633)
(248, 5, 58471)
(248, 134, 64536)
(248, 204, 60238)
(248, 142, 73301)
(248, 29, 49841)
(248, 55, 55736)
(248, 202, 59800)
(248, 233, 24805)
(248, 182, 34312)
(248, 190, 66196)
(248, 221, 39120)
(248, 172, 23623)
(248, 52, 671)
(248, 153, 30148)
(248, 135, 17183)
(248, 238, 9637)
(248, 183, 26684)
(248, 7, 33227)
(248, 197, 33084)
(248, 133, 63212)
(248, 108, 47683)
(248, 241, 67284)
(248, 66, 18170)
(248, 24, 8847)
(248, 180, 42143)
(248, 47, 23093)
(248, 56, 60616)
(248, 211, 51742)
(248, 8, 35962)
(248, 19, 43290)
(248, 95, 67614)
(248, 22, 37548)
(248, 216, 68023)
(248, 118, 30577)
(248, 67, 811)
(248, 124, 45223)
(248, 75, 46244)
(248, 49, 76165)
(248, 91, 11454)
(248, 88, 37705)
(248, 12, 35492)
(248, 130, 26899)
(248, 155, 74599)
(248, 192, 27124)
(248, 53, 3772)
(248, 70, 38424)
(249, 156, 50678)
(249, 53, 46373)
(249, 8, 35066)
(249, 19, 29690)
(249, 233, 4461)
(249, 174, 4408)
(249, 141, 64059)
(249, 161, 2818)
(249, 22, 2775)
(249, 139, 69938)
(249, 98, 14277)
(249, 64, 46793)
(249, 247, 76354)
(250, 140, 16006)
(250, 159, 49938)
(250, 183, 63546)
(250, 30, 48765)
(250, 23, 52663)
(250, 247, 57136)
(250, 139, 31989)
(250, 75, 9547)
(250, 228, 12047)
(250, 194, 31511)
(250, 108, 68903)
(250, 175, 4114)
(250, 136, 8834)
(250, 160, 58054)
(250, 245, 66821)
(250, 133, 41929)
(250, 64, 47652)
(250, 213, 75962)
(250, 42, 42100)
(250, 34, 50346)
(250, 207, 39109)
(250, 149, 25906)
(250, 2, 22779)
(250, 173, 11366)
(250, 142, 46590)
(250, 152, 54633)
(250, 27, 65028)
(250, 79, 37141)
(250, 137, 7410)
(250, 196, 1545)
(250, 177, 44719)
(250, 192, 18274)
(250, 221, 58149)
(250, 18, 64456)
(250, 24, 45321)
(250, 76, 47052)
(250, 214, 36713)
(250, 21, 49975)
(250, 236, 23147)
(250, 0, 23992)
(250, 169, 70638)
(250, 69, 42172)
(250, 170, 15335)
(250, 164, 11581)
(250, 179, 30774)
(250, 65, 34773)
(250, 123, 72316)
(250, 127, 16029)
(250, 156, 5265)
(250, 200, 72499)
(250, 209, 23096)
(250, 72, 34247)
(250, 144, 36133)
(250, 246, 66363)
(250, 130, 42853)
(250, 220, 53458)
(250, 110, 6585)
(250, 151, 55412)
(250, 4, 71195)
(250, 203, 48458)
(250, 85, 55322)
(250, 206, 56597)
(250, 102, 14268)
(250, 162, 56900)
(250, 122, 54265)
(250, 145, 32548)
(250, 57, 23083)
(250, 218, 34615)
(250, 167, 39531)
(250, 244, 57761)
(250, 53, 49677)
(250, 186, 3269)
(250, 35, 28084)
(250, 51, 10702)
(250, 97, 11135)
(250, 93, 57113)
(250, 172, 26274)
(250, 81, 72054)
(250, 174, 43488)
(250, 158, 43302)
(250, 129, 52219)
(250, 204, 39608)
(250, 92, 51333)
(250, 56, 1576)
(250, 28, 37383)
(250, 231, 53932)
(250, 153, 260)
(250, 238, 35300)
(250, 61, 23365)
(250, 1, 14559)
(250, 211, 7634)
(250, 58, 44553)
(250, 113, 6613)
(250, 7, 33792)
(251, 250, 11515)
(251, 51, 24008)
(251, 178, 39868)
(251, 121, 48793)
(251, 195, 4423)
(251, 55, 67260)
(251, 45, 62099)
(251, 176, 73473)
(251, 33, 20484)
(251, 60, 49390)
(251, 145, 52904)
(251, 147, 27612)
(251, 53, 3801)
(251, 15, 48694)
(251, 214, 38739)
(251, 230, 51795)
(251, 104, 8184)
(251, 127, 1597)
(251, 204, 21189)
(251, 209, 15233)
(251, 26, 32030)
(251, 246, 19409)
(251, 9, 51664)
(251, 171, 56039)
(251, 96, 27020)
(251, 115, 69131)
(251, 39, 50399)
(251, 212, 63711)
(251, 182, 21815)
(251, 111, 4828)
(251, 225, 33284)
(251, 44, 17559)
(251, 155, 69254)
(251, 125, 52101)
(251, 13, 47636)
(251, 133, 32917)
(251, 92, 20934)
(251, 103, 55782)
(251, 167, 62645)
(251, 80, 38509)
(251, 6, 50693)
(251, 183, 16000)
(251, 52, 10793)
(251, 42, 72899)
(251, 207, 23924)
(251, 112, 66152)
(251, 137, 61783)
(251, 130, 61806)
(251, 185, 10643)
(251, 219, 5528)
(251, 201, 42640)
(251, 0, 40522)
(251, 47, 63794)
(251, 102, 71733)
(251, 199, 17234)
(251, 166, 54445)
(251, 243, 46203)
(251, 184, 47529)
(251, 238, 26244)
(251, 235, 41960)
(251, 124, 35999)
(251, 129, 19271)
(251, 217, 60352)
(251, 193, 75971)
(251, 187, 5246)
(251, 35, 7347)
(251, 7, 31189)
(251, 174, 66140)
(251, 188, 40858)
(251, 128, 5834)
(251, 229, 19254)
(251, 192, 59318)
(251, 126, 31891)
(251, 177, 7969)
(251, 84, 71202)
(251, 100, 26905)
(251, 38, 47458)
(251, 241, 39219)
(251, 32, 75411)
(251, 152, 9833)
(251, 139, 33254)
(251, 162, 37538)
(251, 28, 1326)
(251, 150, 8312)
(251, 146, 54632)
(251, 216, 67629)
(251, 76, 57124)
(251, 249, 35521)
(251, 29, 29956)
(252, 22, 24328)
(252, 195, 18946)
(252, 48, 23525)
(252, 47, 17194)
(252, 57, 15053)
(252, 93, 49266)
(252, 39, 43873)
(252, 249, 36640)
(252, 132, 30520)
(252, 123, 1081)
(252, 95, 63821)
(252, 38, 47184)
(252, 240, 19667)
(252, 1, 29588)
(252, 188, 62991)
(252, 37, 21874)
(252, 142, 70121)
(252, 178, 16557)
(252, 133, 70225)
(252, 53, 46179)
(252, 28, 9978)
(252, 121, 2915)
(252, 216, 6476)
(252, 236, 54832)
(252, 120, 44379)
(252, 82, 60342)
(252, 161, 20451)
(252, 97, 72221)
(252, 109, 59379)
(252, 30, 26355)
(252, 114, 38825)
(252, 235, 60035)
(252, 171, 6881)
(252, 35, 57191)
(252, 180, 23353)
(252, 157, 45463)
(252, 183, 71861)
(252, 99, 25497)
(252, 244, 26379)
(252, 5, 58575)
(252, 66, 17785)
(252, 11, 8253)
(252, 207, 994)
(252, 223, 9869)
(252, 18, 40106)
(252, 153, 68154)
(252, 101, 31087)
(252, 205, 38485)
(252, 19, 15360)
(252, 229, 76179)
(252, 70, 46103)
(252, 149, 33043)
(252, 111, 9616)
(252, 177, 43467)
(252, 215, 10829)
(252, 16, 1206)
(252, 238, 13198)
(252, 25, 65601)
(252, 75, 63595)
(252, 96, 35509)
(252, 179, 61522)
(252, 74, 36317)
(252, 10, 15708)
(252, 151, 59979)
(252, 158, 7733)
(252, 49, 1183)
(252, 124, 17345)
(252, 32, 68881)
(252, 225, 40696)
(252, 115, 65362)
(252, 62, 52242)
(252, 192, 67883)
(252, 91, 52785)
(252, 200, 55902)
(252, 147, 39197)
(252, 55, 233)
(252, 136, 56959)
(252, 140, 51376)
(252, 98, 37143)
(252, 69, 42397)
(252, 232, 10288)
(252, 242, 72664)
(252, 184, 75325)
(252, 241, 8754)
(252, 20, 46279)
(252, 185, 14176)
(252, 46, 30438)
(252, 191, 19476)
(252, 156, 34377)
(252, 135, 70691)
(252, 83, 24221)
(252, 45, 6060)
(252, 40, 43844)
(252, 12, 6250)
(252, 164, 58357)
(252, 36, 29765)
(252, 9, 15412)
(252, 26, 12911)
(252, 190, 8563)
(252, 34, 30982)
(252, 27, 60684)
(252, 213, 2484)
(252, 226, 4529)
(252, 141, 22081)
(252, 6, 2525)
(252, 42, 55512)
(252, 167, 11741)
(252, 64, 66493)
(252, 230, 72505)
(252, 65, 74317)
(252, 144, 33782)
(252, 3, 47844)
(252, 222, 57936)
(252, 63, 59293)
(252, 105, 1544)
(252, 203, 48695)
(252, 59, 45102)
(252, 21, 13295)
(252, 210, 28820)
(252, 166, 58165)
(252, 130, 74001)
(252, 155, 1229)
(252, 56, 73099)
(252, 217, 68674)
(252, 72, 27454)
(252, 206, 38977)
(252, 194, 59701)
(252, 168, 25123)
(252, 162, 24088)
(252, 52, 46714)
(252, 182, 18669)
(252, 43, 71443)
(252, 81, 7880)
(252, 113, 8994)
(252, 137, 70944)
(252, 84, 4244)
(252, 104, 24044)
(252, 13, 55724)
(252, 41, 4208)
(252, 71, 21609)
(252, 208, 42155)
(252, 54, 65930)
(252, 181, 23219)
(252, 116, 68506)
(252, 211, 63294)
(252, 165, 50888)
(252, 143, 6894)
(252, 218, 55940)
(252, 88, 7466)
(252, 87, 60388)
(252, 198, 22775)
(252, 126, 41216)
(252, 239, 1269)
(252, 163, 28117)
(252, 148, 72577)
(252, 152, 68111)
(252, 199, 40789)
(252, 175, 19928)
(252, 78, 45020)
(252, 85, 9998)
(252, 250, 61657)
(252, 33, 48266)
(252, 228, 34940)
(252, 86, 57551)
(252, 251, 68279)
(252, 138, 20573)
(252, 204, 9933)
(252, 108, 34381)
(252, 29, 12601)
(252, 23, 36853)
(252, 15, 40290)
(252, 170, 13873)
(252, 154, 39778)
(252, 189, 16036)
(252, 202, 22714)
(252, 76, 48264)
(252, 24, 68299)
(252, 100, 18935)
(252, 119, 23711)
(252, 131, 5447)
(252, 245, 46467)
(252, 134, 35603)
(252, 169, 6690)
(252, 31, 25620)
(252, 145, 2576)
(252, 234, 48169)
(252, 61, 38189)
(252, 219, 20082)
(252, 58, 69997)
(252, 67, 17156)
(252, 14, 76195)
(252, 193, 23953)
(252, 176, 37959)
(252, 201, 54012)
(252, 243, 51518)
(252, 102, 48440)
(252, 186, 31219)
(252, 160, 47528)
(252, 112, 26200)
(252, 187, 43795)
(252, 150, 20137)
(252, 224, 56914)
(252, 231, 15669)
(252, 227, 43938)
(252, 125, 9351)
(252, 60, 44722)
(252, 50, 44269)
(252, 94, 72235)
(252, 214, 67605)
(252, 110, 69741)
(252, 79, 44645)
(252, 212, 75538)
(252, 139, 29087)
(252, 90, 47727)
(252, 106, 29858)
(252, 17, 30828)
(252, 146, 20783)
(252, 220, 43393)
(252, 172, 30186)
(252, 247, 9942)
(252, 77, 75251)
(252, 129, 40942)
(252, 173, 71602)
(252, 127, 3644)
(252, 92, 13743)
(252, 209, 21068)
(252, 122, 29797)
(252, 159, 7114)
(252, 233, 51490)
(252, 197, 27393)
(252, 80, 62861)
(252, 2, 31295)
(252, 51, 15879)
(252, 117, 4985)
(252, 103, 73229)
(252, 8, 24499)
(252, 248, 62159)
(252, 196, 5362)
(252, 0, 63357)
(252, 246, 60703)
(252, 68, 56364)
(253, 5, 60368)
(253, 207, 11481)
(253, 76, 3142)
(253, 177, 62552)
(253, 187, 12168)
(254, 127, 28670)
(254, 138, 821)
(254, 173, 15294)
(254, 13, 47938)
(254, 163, 52244)
(254, 238, 65116)
(254, 101, 11124)
(254, 60, 73852)
(254, 203, 42946)
(254, 172, 39140)
(254, 88, 28499)
(254, 27, 70266)
(254, 52, 16176)
(254, 241, 42336)
(254, 33, 43673)
(254, 229, 45659)
(254, 157, 28176)
(254, 139, 18690)
(254, 153, 22068)
(254, 65, 72063)
(254, 125, 15292)
(254, 193, 15835)
(254, 75, 36936)
(254, 129, 2163)
(254, 18, 8021)
(254, 248, 11025)
(254, 82, 3976)
(254, 233, 43285)
(254, 86, 23969)
(254, 195, 69061)
(254, 240, 25056)
(254, 51, 19175)
(254, 243, 30952)
(254, 38, 71387)
(254, 128, 12709)
(254, 70, 58969)
(254, 251, 45612)
(254, 140, 25376)
(254, 221, 20426)
(254, 164, 59065)
(254, 147, 36238)
(254, 73, 37582)
(254, 168, 62394)
(254, 249, 31136)
(254, 110, 21734)
(254, 132, 45959)
(254, 191, 1487)
(254, 216, 72250)
(254, 62, 40797)
(254, 25, 14603)
(254, 207, 2398)
(254, 250, 76346)
(254, 23, 51485)
(254, 95, 53590)
(254, 107, 920)
(254, 15, 66719)
(254, 40, 21688)
(254, 170, 21213)
(254, 118, 67574)
(254, 0, 20532)
(254, 99, 61951)
(254, 242, 37750)
(254, 159, 24451)
(254, 42, 36138)
(254, 28, 18422)
(254, 63, 65645)
(254, 174, 59277)
(254, 209, 32994)
(254, 137, 67079)
(254, 68, 65258)
(254, 104, 29888)
(254, 158, 50416)
(254, 204, 50030)
(254, 22, 63542)
(254, 247, 52903)
(254, 165, 52390)
(254, 57, 8452)
(254, 29, 27963)
(254, 9, 8817)
(254, 190, 50547)
(254, 111, 68980)
(254, 149, 64298)
(254, 155, 54945)
(254, 114, 62502)
(254, 189, 73649)
(254, 92, 57827)
(254, 50, 47499)
(254, 234, 65100)
(254, 30, 38902)
(254, 239, 2136)
(254, 224, 49137)
(254, 39, 36698)
(254, 183, 30161)
(254, 235, 9841)
(254, 230, 46336)
(254, 47, 25846)
(254, 43, 4068)
(254, 220, 53075)
(254, 199, 70571)
(254, 31, 47232)
(254, 5, 41079)
(254, 232, 7819)
(254, 115, 669)
(254, 121, 65918)
(254, 141, 35902)
(254, 44, 50080)
(254, 55, 23537)
(254, 102, 59713)
(254, 36, 39742)
(254, 20, 7863)
(254, 91, 68175)
(254, 135, 20524)
(254, 169, 66523)
(254, 45, 1918)
(254, 3, 49987)
(254, 188, 61209)
(254, 66, 57094)
(254, 194, 68679)
(254, 227, 44807)
(254, 59, 73818)
(254, 24, 24989)
(254, 100, 40790)
(254, 97, 29438)
(254, 202, 71913)
(254, 160, 26707)
(254, 196, 73970)
(254, 69, 17814)
(254, 34, 50790)
(254, 253, 30673)
(254, 152, 9192)
(254, 223, 59122)
(254, 187, 41403)
(254, 211, 25404)
(254, 106, 56087)
(254, 87, 49766)
(254, 151, 29265)
(254, 214, 50411)
(254, 206, 32225)
(254, 89, 61150)
(254, 84, 46432)
(254, 208, 830)
(254, 166, 60085)
(254, 177, 15951)
(254, 10, 60575)
(254, 8, 38290)
(254, 225, 73659)
(254, 78, 3923)
(254, 133, 49984)
(254, 167, 44626)
(254, 37, 38266)
(254, 122, 22055)
(254, 252, 31904)
(254, 210, 69664)
(254, 245, 53632)
(254, 181, 53268)
(254, 56, 47180)
(254, 61, 23468)
(254, 144, 14575)
(254, 130, 9730)
(254, 126, 60599)
(254, 94, 23712)
(254, 80, 30923)
(254, 219, 46028)
(254, 2, 43357)
(254, 72, 32951)
(254, 76, 43975)
(254, 182, 26656)
(254, 112, 40486)
(254, 236, 18113)
(254, 146, 65861)
(254, 103, 62807)
(254, 176, 70066)
(254, 237, 72061)
(254, 108, 30119)
(254, 184, 63323)
(254, 161, 58893)
(254, 17, 57627)
(254, 4, 15747)
(254, 185, 9890)
(254, 58, 38572)
(254, 11, 64947)
(254, 178, 59140)
(254, 12, 7322)
(254, 217, 67770)
(254, 142, 8443)
(254, 171, 30055)
(254, 228, 72049)
(254, 41, 29105)
(254, 212, 2260)
(254, 96, 32627)
(254, 175, 50031)
(254, 244, 37022)
(254, 79, 31450)
(254, 46, 30995)
(254, 109, 74310)
(254, 77, 13093)
(254, 105, 8743)
(254, 136, 74884)
(254, 218, 12767)
(254, 124, 24360)
(254, 93, 44265)
(254, 1, 71452)
(254, 226, 30988)
(254, 186, 9397)
(254, 85, 13375)
(254, 205, 25800)
(254, 117, 60259)
(254, 83, 45105)
(254, 119, 17910)
(254, 53, 25492)
(254, 180, 9530)
(254, 154, 45739)
(254, 98, 33117)
(254, 21, 13833)
(254, 116, 17218)
(254, 198, 10307)
(254, 26, 19769)
(254, 7, 74617)
(254, 14, 22697)
(254, 179, 44147)
(254, 143, 66178)
(254, 162, 19745)
(254, 81, 54043)
(254, 64, 11068)
(254, 19, 15321)
(255, 60, 10759)
(255, 241, 49846)
(255, 238, 46494)
(255, 252, 23214)
(255, 114, 2802)
(256, 183, 1458)
(256, 31, 62115)
(256, 211, 4007)
(256, 2, 47868)
(256, 65, 25162)
(256, 193, 75674)
(256, 37, 23868)
(256, 64, 65393)
(256, 184, 71060)
(256, 63, 36455)
(256, 21, 21372)
(256, 246, 16295)
(256, 103, 9299)
(256, 199, 6964)
(256, 132, 31115)
(256, 240, 3969)
(256, 196, 40615)
(256, 78, 1844)
(256, 192, 19265)
(256, 222, 36567)
(256, 22, 28318)
(256, 234, 20756)
(256, 197, 48849)
(256, 207, 75140)
(256, 69, 38186)
(256, 161, 58178)
(256, 112, 10587)
(256, 51, 55799)
(256, 91, 27891)
(256, 223, 54772)
(256, 67, 29947)
(256, 59, 8715)
(256, 116, 56126)
(256, 182, 5647)
(256, 154, 16016)
(256, 158, 61381)
(256, 241, 75992)
(256, 83, 42482)
(256, 128, 44347)
(256, 150, 14189)
(256, 85, 51230)
(256, 135, 11986)
(256, 58, 74872)
(256, 167, 20796)
(256, 151, 31343)
(256, 212, 5456)
(256, 123, 34962)
(256, 206, 45244)
(256, 209, 51007)
(256, 171, 61449)
(256, 200, 6242)
(256, 108, 75639)
(256, 253, 5266)
(256, 145, 53619)
(256, 160, 74668)
(256, 139, 23719)
(256, 86, 68458)
(256, 219, 50932)
(256, 127, 50238)
(256, 165, 42436)
(256, 122, 15876)
(256, 214, 61037)
(256, 32, 3717)
(256, 203, 73083)
(256, 141, 23102)
(256, 30, 52087)
(256, 245, 19556)
(256, 218, 57982)
(256, 166, 22099)
(256, 40, 14045)
(256, 254, 10930)
(256, 235, 34480)
(256, 42, 61034)
(256, 129, 21585)
(256, 117, 65901)
(256, 54, 68659)
(256, 121, 46565)
(256, 134, 59956)
(256, 92, 52406)
(256, 173, 13960)
(256, 99, 47032)
(256, 229, 11245)
(256, 255, 38334)
(256, 45, 23964)
(256, 62, 64941)
(256, 77, 16714)
(256, 137, 31752)
(256, 149, 41652)
(256, 1, 36094)
(256, 252, 14417)
(256, 159, 5944)
(256, 224, 31824)
(256, 49, 5160)
(256, 115, 73570)
(256, 0, 37245)
(256, 79, 4062)
(256, 188, 15798)
(256, 152, 18610)
(256, 9, 5821)
(256, 205, 12022)
(256, 19, 20629)
(256, 36, 3213)
(256, 131, 51)
(256, 80, 43053)
(256, 190, 29335)
(256, 97, 8182)
(256, 247, 75804)
(256, 100, 44161)
(256, 95, 10531)
(256, 202, 5510)
(256, 221, 28231)
(256, 126, 64102)
(256, 140, 20681)
(256, 90, 42480)
(256, 243, 33256)
(256, 130, 1740)
(256, 226, 9)
(256, 236, 34102)
(256, 210, 73968)
(256, 239, 62308)
(256, 4, 39922)
(256, 66, 38014)
(256, 195, 54307)
(256, 191, 60829)
(256, 124, 58965)
(256, 25, 57813)
(256, 23, 53961)
(256, 250, 38456)
(256, 106, 33378)
(256, 39, 48115)
(256, 180, 51976)
(256, 60, 64521)
(256, 53, 16166)
(256, 118, 37148)
(256, 170, 11467)
(256, 169, 28995)
(256, 178, 1065)
(257, 253, 66966)
(257, 149, 439)
(257, 166, 57721)
(257, 157, 67523)
(257, 8, 28312)
(257, 159, 40728)
(257, 138, 60522)
(257, 96, 61540)
(257, 94, 66255)
(257, 213, 48367)
(257, 16, 13937)
(257, 93, 26700)
(257, 35, 36287)
(257, 116, 4502)
(257, 59, 4302)
(257, 187, 57181)
(257, 55, 4010)
(257, 140, 25035)
(257, 195, 429)
(257, 212, 65815)
(257, 92, 50599)
(257, 228, 12876)
(257, 11, 23876)
(257, 164, 57268)
(257, 186, 32733)
(257, 31, 68521)
(257, 15, 23060)
(257, 17, 6079)
(257, 199, 53165)
(257, 137, 44267)
(257, 211, 60740)
(257, 151, 76167)
(257, 119, 30868)
(257, 123, 36887)
(257, 237, 17646)
(257, 125, 37812)
(257, 62, 45042)
(257, 215, 5911)
(257, 22, 13493)
(257, 23, 7656)
(257, 165, 52874)
(257, 18, 19039)
(257, 197, 63953)
(257, 246, 35075)
(257, 76, 64394)
(257, 87, 14365)
(257, 194, 95)
(257, 171, 43321)
(257, 3, 2690)
(257, 182, 40466)
(257, 131, 38400)
(257, 147, 75888)
(257, 107, 70403)
(257, 2, 59312)
(257, 251, 28544)
(257, 239, 57622)
(257, 234, 24416)
(257, 39, 4817)
(257, 64, 59537)
(257, 73, 5176)
(257, 32, 48435)
(257, 86, 66417)
(257, 179, 57127)
(257, 40, 9153)
(257, 78, 41595)
(257, 103, 45434)
(257, 33, 5955)
(257, 218, 47447)
(257, 89, 32503)
(257, 183, 25049)
(257, 75, 27786)
(257, 196, 60331)
(257, 224, 49797)
(257, 177, 28650)
(257, 27, 50037)
(257, 188, 74148)
(257, 245, 50170)
(257, 84, 7613)
(257, 6, 67090)
(257, 167, 5183)
(257, 67, 21333)
(257, 115, 9771)
(257, 219, 71054)
(257, 193, 30483)
(257, 53, 36932)
(257, 110, 61443)
(257, 249, 17432)
(257, 58, 47190)
(257, 132, 39098)
(257, 7, 58218)
(257, 255, 72575)
(257, 175, 41046)
(257, 69, 32002)
(257, 46, 29927)
(257, 68, 32649)
(257, 225, 12382)
(257, 222, 33891)
(257, 70, 17484)
(257, 202, 39136)
(257, 248, 3700)
(257, 80, 12863)
(257, 214, 12555)
(257, 229, 40498)
(257, 120, 55983)
(257, 184, 31750)
(257, 41, 5483)
(257, 203, 21888)
(257, 190, 38269)
(257, 154, 10890)
(257, 71, 31098)
(257, 144, 60594)
(257, 185, 24777)
(257, 43, 36132)
(257, 226, 8586)
(257, 21, 29065)
(257, 152, 50633)
(257, 36, 12150)
(257, 181, 53879)
(257, 30, 41064)
(257, 254, 5349)
(257, 230, 49485)
(257, 240, 56929)
(257, 160, 9506)
(257, 34, 15729)
(257, 85, 18509)
(257, 1, 41729)
(257, 57, 38681)
(257, 106, 49021)
(257, 189, 864)
(257, 56, 36113)
(257, 126, 54072)
(257, 24, 6422)
(257, 143, 45275)
(257, 236, 70946)
(257, 25, 40551)
(257, 95, 1745)
(257, 170, 54239)
(257, 145, 40033)
(257, 79, 65957)
(257, 256, 68806)
(257, 19, 61213)
(257, 178, 9367)
(257, 37, 9729)
(257, 233, 46696)
(257, 244, 26867)
(257, 102, 35213)
(257, 162, 70587)
(257, 38, 58070)
(257, 150, 32569)
(257, 146, 5863)
(257, 114, 58927)
(257, 153, 53622)
(257, 220, 15506)
(257, 242, 40859)
(257, 122, 46926)
(257, 99, 1704)
(257, 155, 6650)
(257, 247, 12347)
(257, 42, 39322)
(257, 127, 6165)
(257, 28, 15854)
(257, 192, 1068)
(257, 136, 15944)
(257, 135, 60502)
(257, 83, 39239)
(257, 54, 14207)
(257, 172, 62331)
(257, 198, 60428)
(257, 112, 21212)
(257, 74, 56270)
(257, 81, 19029)
(257, 14, 41047)
(257, 205, 65975)
(257, 4, 48423)
(257, 232, 75928)
(257, 180, 2629)
(257, 105, 29514)
(257, 9, 64001)
(257, 161, 1190)
(257, 121, 33073)
(257, 241, 63281)
(257, 130, 38700)
(257, 207, 61628)
(257, 65, 23354)
(257, 26, 60928)
(257, 156, 9003)
(257, 88, 70920)
(257, 176, 33377)
(257, 231, 4397)
(257, 200, 74254)
(257, 163, 6063)
(257, 13, 75632)
(257, 235, 58276)
(257, 216, 26250)
(257, 206, 75724)
(257, 63, 1831)
(257, 191, 14026)
(257, 100, 28291)
(257, 20, 3781)
(257, 0, 64003)
(257, 204, 51000)
(257, 221, 75279)
(257, 10, 52840)
(257, 44, 13884)
(257, 169, 63538)
(257, 49, 16254)
(257, 208, 35675)
(257, 5, 845)
(257, 45, 60710)
(257, 118, 31568)
(257, 133, 9997)
(257, 98, 5928)
(257, 12, 68058)
(257, 97, 38130)
(257, 113, 5287)
(257, 252, 24026)
(257, 238, 60966)
(257, 158, 2786)
(257, 201, 72551)
(257, 209, 45600)
(257, 91, 54641)
(257, 52, 17242)
(257, 148, 7294)
(257, 90, 34529)
(257, 77, 67226)
(257, 139, 47791)
(257, 117, 19575)
(257, 66, 59302)
(257, 128, 31392)
(257, 141, 11249)
(257, 134, 15724)
(257, 174, 71510)
(257, 142, 6943)
(257, 104, 68998)
(257, 173, 68533)
(257, 82, 45574)
(257, 223, 22394)
(257, 50, 72506)
(257, 61, 69350)
(257, 111, 58740)
(257, 48, 62230)
(257, 217, 37121)
(257, 51, 48672)
(257, 129, 34777)
(257, 109, 41870)
(257, 101, 51840)
(257, 72, 69481)
(257, 47, 35723)
(257, 124, 45608)
(258, 147, 71375)
(258, 194, 46153)
(258, 229, 75223)
(258, 169, 11744)
(258, 246, 9623)
(258, 192, 13538)
(258, 212, 46078)
(258, 146, 37433)
(258, 207, 9727)
(258, 201, 35976)
(258, 48, 8572)
(258, 101, 58202)
(258, 45, 44177)
(258, 205, 47715)
(258, 121, 4099)
(258, 123, 19623)
(258, 71, 57121)
(258, 225, 43019)
(258, 129, 50219)
(258, 124, 47397)
(258, 58, 45532)
(258, 253, 7291)
(258, 97, 24297)
(258, 231, 32253)
(258, 251, 14398)
(258, 96, 52658)
(258, 199, 1119)
(258, 20, 39844)
(258, 8, 43420)
(258, 99, 46164)
(258, 134, 74645)
(258, 172, 68362)
(258, 32, 13524)
(258, 24, 12380)
(258, 237, 21786)
(258, 38, 40824)
(258, 173, 9935)
(258, 25, 30917)
(258, 223, 58754)
(258, 77, 16148)
(258, 248, 18652)
(258, 106, 54180)
(258, 240, 57669)
(258, 181, 1838)
(258, 92, 29773)
(258, 216, 73612)
(258, 157, 62302)
(258, 195, 66862)
(258, 65, 68584)
(258, 69, 24147)
(258, 75, 52515)
(258, 103, 51250)
(258, 40, 8260)
(258, 37, 54961)
(258, 241, 31953)
(258, 67, 56220)
(258, 142, 62431)
(258, 93, 62378)
(258, 180, 10971)
(258, 78, 30495)
(258, 249, 8763)
(258, 127, 53994)
(258, 179, 24060)
(258, 247, 47556)
(258, 39, 44361)
(258, 235, 51438)
(258, 190, 46072)
(258, 94, 10292)
(258, 100, 55046)
(258, 233, 41429)
(258, 227, 48328)
(258, 126, 741)
(258, 16, 8799)
(258, 151, 40788)
(258, 49, 49737)
(258, 218, 56368)
(258, 178, 37703)
(258, 13, 45370)
(258, 131, 20025)
(258, 244, 34835)
(258, 109, 14002)
(258, 81, 67860)
(258, 4, 6180)
(258, 203, 55506)
(258, 107, 3924)
(258, 120, 12468)
(258, 174, 3989)
(258, 135, 29158)
(258, 14, 68016)
(258, 41, 4399)
(258, 154, 54465)
(258, 47, 63639)
(258, 26, 59826)
(258, 182, 44486)
(258, 210, 21097)
(258, 136, 940)
(258, 108, 46163)
(258, 44, 74071)
(258, 3, 10396)
(258, 105, 48299)
(258, 74, 31364)
(258, 159, 43598)
(258, 149, 16337)
(258, 114, 72148)
(258, 110, 62001)
(258, 42, 63549)
(258, 167, 59078)
(258, 89, 1841)
(258, 234, 29653)
(258, 191, 66187)
(258, 189, 38995)
(258, 104, 43580)
(258, 128, 33034)
(258, 139, 35267)
(258, 140, 2917)
(258, 170, 64371)
(258, 224, 52224)
(258, 12, 71955)
(258, 219, 62522)
(258, 137, 64680)
(258, 68, 71365)
(258, 160, 33846)
(258, 17, 521)
(258, 132, 69567)
(258, 197, 40657)
(258, 79, 44669)
(258, 228, 73216)
(258, 35, 64127)
(258, 150, 39717)
(258, 188, 13279)
(258, 214, 62107)
(258, 155, 16057)
(258, 76, 58469)
(258, 5, 45254)
(258, 200, 68767)
(258, 193, 63843)
(258, 148, 62972)
(258, 198, 72553)
(258, 141, 23848)
(258, 70, 61858)
(258, 11, 23220)
(258, 166, 32976)
(258, 56, 56682)
(258, 156, 19877)
(258, 18, 32365)
(258, 152, 23917)
(258, 86, 14814)
(258, 256, 3039)
(258, 19, 1675)
(258, 209, 23065)
(258, 88, 38827)
(258, 221, 62631)
(258, 112, 71544)
(258, 153, 8106)
(258, 215, 16263)
(258, 57, 42739)
(258, 162, 5352)
(258, 236, 74782)
(258, 82, 23630)
(258, 183, 40884)
(258, 64, 15012)
(258, 43, 50810)
(258, 51, 3591)
(258, 61, 29526)
(258, 217, 8538)
(258, 144, 65818)
(258, 2, 1564)
(258, 238, 33451)
(258, 115, 16420)
(258, 9, 52522)
(258, 63, 62909)
(258, 213, 53804)
(258, 245, 28388)
(258, 72, 32065)
(258, 95, 76080)
(258, 52, 60539)
(258, 143, 67644)
(258, 122, 60802)
(258, 6, 46007)
(258, 84, 67612)
(258, 66, 53650)
(258, 176, 38841)
(258, 250, 68715)
(258, 208, 11482)
(258, 55, 40262)
(258, 46, 33587)
(258, 98, 13378)
(258, 222, 35885)
(258, 54, 43188)
(258, 30, 16022)
(258, 59, 18740)
(258, 130, 67858)
(258, 164, 19845)
(258, 171, 38489)
(258, 168, 18066)
(258, 163, 74375)
(259, 124, 42439)
(259, 105, 6515)
(259, 78, 35784)
(259, 63, 52878)
(259, 71, 43953)
(259, 174, 18060)
(259, 206, 16694)
(259, 208, 15597)
(259, 151, 20144)
(259, 171, 15924)
(259, 200, 36311)
(259, 56, 23605)
(259, 114, 58787)
(259, 100, 33990)
(259, 15, 59587)
(259, 177, 47155)
(259, 139, 45181)
(259, 147, 50891)
(259, 257, 32383)
(259, 19, 15476)
(259, 52, 12285)
(259, 107, 16751)
(259, 166, 70358)
(259, 46, 33446)
(259, 258, 44235)
(259, 18, 67307)
(259, 190, 42129)
(259, 220, 19644)
(259, 43, 15013)
(259, 165, 21181)
(259, 212, 46575)
(259, 182, 30034)
(259, 133, 65067)
(259, 246, 26578)
(259, 209, 63309)
(259, 153, 63513)
(259, 32, 29996)
(259, 191, 37947)
(259, 140, 36672)
(259, 126, 53487)
(259, 64, 13942)
(259, 163, 24528)
(259, 145, 59660)
(259, 141, 35897)
(259, 88, 11552)
(259, 173, 72670)
(259, 116, 73748)
(259, 128, 17139)
(259, 31, 22082)
(259, 102, 12992)
(259, 170, 50127)
(259, 248, 9751)
(259, 36, 55040)
(259, 85, 52921)
(259, 95, 30129)
(259, 12, 75925)
(259, 197, 12817)
(259, 243, 24762)
(259, 241, 51769)
(259, 67, 34169)
(259, 188, 50679)
(259, 175, 51269)
(259, 47, 8286)
(259, 230, 8870)
(259, 184, 25271)
(259, 24, 22515)
(259, 110, 60242)
(259, 150, 825)
(259, 27, 1749)
(259, 11, 6995)
(259, 97, 46149)
(259, 240, 24040)
(260, 103, 73627)
(260, 140, 72149)
(260, 222, 72214)
(260, 23, 66215)
(260, 114, 71158)
(260, 162, 65213)
(260, 168, 43123)
(260, 90, 66611)
(260, 59, 48252)
(260, 182, 27633)
(260, 159, 23527)
(260, 55, 67509)
(260, 148, 67518)
(260, 240, 40242)
(260, 72, 34259)
(260, 89, 41694)
(260, 86, 32896)
(260, 172, 46483)
(260, 91, 58079)
(260, 197, 6166)
(260, 228, 68986)
(260, 221, 15009)
(260, 28, 37756)
(260, 178, 17587)
(260, 120, 18117)
(260, 106, 73937)
(260, 180, 45833)
(260, 230, 57311)
(260, 125, 60892)
(260, 144, 40539)
(260, 169, 43990)
(260, 176, 48134)
(260, 0, 34314)
(260, 229, 54247)
(260, 70, 53456)
(260, 167, 42051)
(260, 112, 28898)
(260, 146, 1051)
(260, 139, 29977)
(260, 116, 70751)
(260, 225, 2099)
(260, 212, 21893)
(260, 118, 26207)
(260, 209, 21978)
(260, 246, 45130)
(260, 216, 9806)
(260, 47, 71101)
(260, 217, 74008)
(260, 245, 53729)
(260, 99, 35299)
(260, 69, 69584)
(260, 3, 15902)
(260, 13, 75805)
(260, 29, 42726)
(260, 247, 69015)
(260, 251, 13270)
(260, 202, 47324)
(260, 54, 3169)
(260, 36, 21778)
(260, 110, 53247)
(260, 181, 27719)
(260, 173, 18529)
(260, 137, 6371)
(260, 256, 16688)
(260, 227, 48188)
(260, 201, 7774)
(260, 163, 45380)
(260, 241, 40857)
(260, 175, 22348)
(260, 157, 64786)
(260, 113, 71496)
(260, 1, 25603)
(260, 136, 7047)
(260, 77, 66446)
(260, 249, 4888)
(260, 206, 12590)
(260, 53, 31732)
(260, 196, 44958)
(260, 42, 3867)
(260, 108, 20032)
(260, 119, 64424)
(260, 210, 46605)
(260, 122, 74736)
(260, 200, 70914)
(260, 11, 56035)
(260, 219, 73487)
(260, 25, 30528)
(261, 51, 58315)
(261, 251, 31799)
(261, 57, 13342)
(261, 256, 30890)
(261, 54, 45928)
(261, 209, 22669)
(261, 163, 28745)
(261, 108, 27555)
(261, 40, 74441)
(261, 241, 21248)
(261, 7, 21266)
(261, 84, 20564)
(261, 128, 14652)
(261, 18, 21408)
(261, 203, 8052)
(261, 111, 61705)
(261, 185, 64821)
(261, 217, 31239)
(261, 66, 61595)
(261, 48, 33835)
(261, 81, 73936)
(261, 41, 63015)
(261, 94, 14647)
(261, 1, 32293)
(261, 227, 17778)
(261, 198, 11828)
(261, 50, 46992)
(261, 139, 38362)
(261, 8, 37197)
(261, 99, 19238)
(261, 75, 46434)
(261, 161, 9749)
(261, 12, 74384)
(261, 43, 504)
(261, 96, 25214)
(261, 239, 37253)
(261, 136, 29808)
(261, 35, 8936)
(261, 190, 32451)
(261, 174, 72586)
(261, 63, 37206)
(261, 223, 46092)
(261, 121, 25157)
(261, 92, 31281)
(261, 182, 29096)
(261, 104, 74726)
(261, 4, 62606)
(261, 117, 42078)
(261, 214, 60789)
(261, 175, 73053)
(261, 17, 16987)
(261, 3, 59297)
(261, 153, 2530)
(261, 259, 45807)
(261, 150, 36328)
(261, 103, 67414)
(261, 68, 47679)
(261, 154, 75434)
(261, 140, 38777)
(261, 147, 57772)
(261, 234, 28219)
(261, 228, 27421)
(261, 19, 61156)
(261, 138, 70171)
(261, 69, 1929)
(261, 213, 5332)
(261, 137, 56353)
(261, 183, 48160)
(261, 76, 75586)
(261, 189, 45565)
(261, 193, 21267)
(261, 122, 63792)
(261, 232, 71029)
(261, 126, 3310)
(261, 177, 69909)
(261, 87, 6775)
(261, 70, 48041)
(261, 246, 74823)
(261, 249, 26519)
(261, 156, 24966)
(261, 148, 54400)
(261, 93, 4997)
(261, 260, 19629)
(261, 181, 73224)
(261, 225, 65622)
(261, 247, 30874)
(261, 178, 4044)
(261, 77, 50281)
(261, 120, 31148)
(261, 188, 24308)
(261, 141, 52393)
(261, 142, 41588)
(261, 194, 65762)
(261, 82, 62384)
(261, 159, 18186)
(261, 169, 53701)
(261, 80, 41277)
(261, 220, 52017)
(261, 132, 35954)
(261, 167, 16585)
(261, 74, 34234)
(261, 85, 19613)
(261, 21, 50653)
(261, 187, 47743)
(261, 105, 52278)
(261, 215, 59987)
(261, 36, 58888)
(261, 186, 49777)
(261, 149, 42064)
(261, 192, 40923)
(261, 200, 65350)
(261, 143, 72370)
(261, 199, 68565)
(261, 45, 24417)
(261, 62, 2052)
(261, 61, 25325)
(261, 78, 70878)
(261, 236, 39629)
(261, 25, 54189)
(261, 210, 8004)
(261, 27, 63596)
(261, 14, 4058)
(261, 65, 31508)
(261, 47, 65820)
(261, 131, 70053)
(261, 91, 25481)
(261, 160, 28837)
(261, 170, 73549)
(261, 107, 28611)
(261, 226, 24992)
(261, 207, 6118)
(261, 133, 67126)
(261, 0, 11297)
(261, 2, 44443)
(261, 23, 28044)
(261, 44, 3340)
(261, 79, 15016)
(261, 71, 15874)
(261, 176, 26277)
(261, 258, 45953)
(261, 102, 12291)
(261, 98, 54277)
(261, 164, 15886)
(261, 32, 39091)
(261, 230, 73680)
(261, 115, 9241)
(261, 55, 10342)
(261, 38, 11880)
(261, 229, 21137)
(261, 171, 4734)
(261, 250, 2987)
(261, 151, 34938)
(261, 191, 63750)
(261, 184, 1340)
(261, 254, 44084)
(261, 10, 30485)
(261, 166, 74614)
(261, 245, 50504)
(261, 146, 541)
(261, 5, 53157)
(261, 124, 18662)
(261, 119, 48987)
(261, 113, 2746)
(261, 244, 15617)
(261, 243, 61374)
(261, 90, 28589)
(261, 86, 13528)
(261, 216, 15892)
(261, 110, 71169)
(261, 172, 73338)
(261, 33, 52205)
(261, 196, 29766)
(261, 255, 3055)
(261, 34, 54507)
(261, 83, 30181)
(261, 173, 9721)
(262, 130, 33919)
(262, 174, 16678)
(262, 85, 6308)
(262, 122, 24840)
(262, 183, 63574)
(262, 202, 29784)
(262, 90, 57447)
(262, 75, 10031)
(262, 169, 5179)
(262, 177, 27338)
(262, 108, 50721)
(262, 19, 57733)
(262, 48, 74970)
(262, 97, 58174)
(262, 193, 61906)
(262, 161, 21904)
(262, 54, 59671)
(262, 201, 22827)
(263, 139, 21614)
(263, 210, 52665)
(263, 180, 75254)
(263, 118, 15188)
(263, 207, 14534)
(263, 119, 75513)
(263, 52, 27511)
(263, 217, 35380)
(263, 239, 21487)
(263, 80, 2427)
(263, 225, 877)
(263, 54, 70198)
(263, 6, 41639)
(263, 178, 4475)
(263, 202, 55689)
(263, 136, 66141)
(263, 158, 21453)
(263, 95, 6350)
(263, 170, 73976)
(263, 33, 29492)
(263, 104, 48725)
(263, 44, 49598)
(263, 13, 46593)
(263, 213, 34581)
(263, 47, 16551)
(263, 197, 871)
(263, 148, 75860)
(263, 39, 7755)
(263, 176, 71055)
(263, 227, 75038)
(263, 237, 441)
(263, 257, 7106)
(263, 147, 1743)
(263, 63, 60058)
(263, 206, 55832)
(263, 35, 18897)
(263, 150, 17505)
(263, 12, 6992)
(263, 70, 21176)
(263, 5, 41690)
(263, 130, 54966)
(263, 143, 17556)
(263, 174, 49665)
(263, 223, 35739)
(263, 53, 37107)
(263, 105, 24341)
(263, 262, 59453)
(263, 127, 38892)
(263, 211, 13260)
(263, 209, 15853)
(263, 201, 59319)
(263, 181, 75243)
(263, 21, 8935)
(263, 26, 20971)
(263, 163, 70109)
(263, 233, 54515)
(263, 192, 19222)
(263, 182, 3822)
(263, 7, 63399)
(263, 42, 65359)
(263, 175, 57550)
(263, 140, 10857)
(263, 138, 37936)
(263, 184, 19453)
(263, 166, 13773)
(263, 154, 65084)
(263, 31, 34438)
(263, 194, 21641)
(263, 112, 70408)
(263, 58, 22759)
(263, 66, 38222)
(263, 188, 61353)
(263, 94, 41780)
(263, 28, 70508)
(263, 85, 34267)
(263, 116, 73373)
(263, 137, 3536)
(263, 219, 75089)
(263, 17, 55424)
(263, 109, 50300)
(263, 250, 64118)
(263, 255, 57754)
(263, 152, 72230)
(263, 43, 39651)
(263, 244, 35968)
(263, 97, 65415)
(263, 224, 62487)
(263, 117, 39452)
(263, 128, 32114)
(263, 220, 42782)
(263, 196, 7571)
(263, 125, 21869)
(263, 32, 14388)
(263, 96, 13415)
(263, 240, 30421)
(263, 251, 5762)
(263, 231, 74063)
(263, 160, 11785)
(263, 252, 18696)
(263, 48, 22664)
(263, 228, 1185)
(263, 40, 75985)
(263, 74, 63043)
(263, 195, 770)
(263, 172, 35582)
(263, 108, 32688)
(263, 67, 24477)
(263, 200, 58236)
(263, 134, 66583)
(263, 1, 61946)
(263, 144, 19018)
(263, 92, 63807)
(263, 215, 62094)
(263, 242, 55025)
(263, 259, 45636)
(263, 56, 14618)
(263, 222, 5801)
(263, 247, 20515)
(263, 171, 64043)
(263, 229, 47814)
(263, 37, 52810)
(263, 29, 13413)
(263, 248, 90)
(263, 90, 9585)
(263, 91, 31472)
(263, 71, 36905)
(263, 168, 6962)
(263, 226, 69330)
(263, 106, 68090)
(263, 78, 7422)
(263, 19, 9158)
(263, 22, 40679)
(263, 76, 73002)
(263, 146, 59913)
(263, 10, 44450)
(263, 153, 692)
(263, 57, 45294)
(263, 221, 20596)
(263, 87, 24869)
(263, 151, 36473)
(263, 103, 8263)
(263, 64, 48982)
(263, 88, 25009)
(263, 205, 8737)
(263, 238, 53682)
(263, 183, 64576)
(263, 132, 69511)
(263, 100, 73237)
(263, 241, 7905)
(263, 45, 41197)
(263, 115, 54274)
(263, 93, 24469)
(263, 232, 43927)
(263, 165, 50685)
(263, 145, 5230)
(263, 111, 75794)
(263, 149, 18981)
(263, 191, 15470)
(263, 27, 74157)
(263, 169, 67890)
(263, 212, 17453)
(263, 101, 9380)
(263, 113, 39779)
(263, 133, 23594)
(263, 254, 26663)
(263, 25, 29243)
(263, 9, 71089)
(263, 2, 49527)
(263, 141, 42079)
(263, 14, 36362)
(263, 199, 37581)
(263, 84, 49050)
(263, 102, 58449)
(263, 186, 5123)
(263, 120, 47818)
(263, 24, 338)
(263, 30, 26451)
(263, 245, 30215)
(263, 249, 57784)
(263, 256, 21728)
(263, 4, 30878)
(263, 65, 45685)
(263, 89, 52659)
(263, 98, 55350)
(263, 38, 9322)
(263, 3, 43275)
(263, 246, 49407)
(263, 179, 57344)
(263, 124, 24546)
(263, 23, 17632)
(263, 161, 33941)
(263, 46, 39975)
(263, 235, 31139)
(263, 36, 62561)
(263, 208, 44102)
(263, 230, 50728)
(263, 164, 19986)
(263, 75, 16288)
(263, 189, 5695)
(263, 15, 37160)
(263, 162, 67894)
(263, 20, 13906)
(263, 187, 39729)
(263, 83, 17256)
(263, 51, 10074)
(263, 214, 42598)
(263, 61, 3963)
(263, 123, 8056)
(263, 193, 43942)
(263, 79, 9435)
(263, 142, 76310)
(263, 73, 71182)
(263, 167, 48738)
(263, 190, 28212)
(263, 49, 12328)
(263, 114, 15758)
(263, 82, 6816)
(263, 72, 10736)
(263, 203, 26902)
(263, 126, 49437)
(263, 159, 5291)
(263, 121, 25051)
(263, 156, 18629)
(263, 155, 21923)
(263, 107, 65757)
(263, 68, 11485)
(263, 258, 58721)
(263, 236, 46662)
(263, 41, 72306)
(263, 173, 34687)
(263, 253, 22243)
(263, 135, 46453)
(263, 11, 25352)
(263, 260, 17936)
(263, 99, 17596)
(263, 0, 32364)
(264, 158, 48855)
(264, 71, 72689)
(264, 253, 7670)
(264, 260, 30514)
(264, 195, 75622)
(264, 194, 42105)
(264, 58, 25419)
(264, 187, 49317)
(264, 227, 37326)
(264, 54, 13495)
(264, 234, 8357)
(264, 245, 67073)
(264, 256, 65851)
(264, 200, 74827)
(264, 34, 12815)
(264, 48, 65169)
(264, 159, 17710)
(264, 163, 56248)
(264, 225, 7612)
(264, 63, 25137)
(264, 216, 8680)
(264, 57, 28742)
(264, 199, 13289)
(264, 36, 43504)
(264, 184, 52281)
(264, 8, 20236)
(264, 83, 69221)
(264, 53, 1729)
(264, 108, 62893)
(264, 204, 13408)
(264, 213, 64438)
(264, 95, 20471)
(264, 105, 1822)
(264, 147, 70543)
(264, 129, 51083)
(264, 218, 18926)
(264, 178, 72699)
(264, 75, 69788)
(264, 161, 71469)
(264, 144, 44877)
(264, 136, 33443)
(264, 247, 13011)
(264, 139, 44042)
(264, 106, 19601)
(264, 219, 4541)
(264, 185, 53866)
(264, 190, 6140)
(264, 89, 53294)
(264, 175, 64402)
(264, 12, 39931)
(264, 113, 26345)
(264, 2, 46622)
(264, 233, 52508)
(264, 15, 7887)
(264, 228, 76075)
(264, 170, 57140)
(264, 92, 28025)
(264, 146, 10414)
(264, 191, 16934)
(264, 214, 59771)
(264, 169, 26808)
(264, 154, 75823)
(264, 45, 20544)
(264, 66, 18373)
(264, 149, 54566)
(264, 43, 25705)
(264, 131, 62252)
(264, 252, 1160)
(264, 112, 8150)
(264, 123, 23119)
(264, 258, 49074)
(264, 17, 72226)
(264, 197, 33059)
(264, 81, 62415)
(264, 229, 10696)
(264, 240, 43312)
(264, 167, 5270)
(264, 142, 10719)
(264, 82, 40211)
(264, 226, 33742)
(264, 22, 28513)
(264, 51, 7395)
(264, 162, 52776)
(264, 42, 41244)
(264, 196, 22046)
(264, 59, 13726)
(264, 60, 46763)
(264, 49, 43159)
(264, 257, 32589)
(264, 217, 33662)
(264, 111, 75554)
(264, 18, 39458)
(264, 27, 23661)
(264, 138, 75675)
(264, 155, 7715)
(264, 201, 2128)
(264, 210, 35287)
(264, 114, 47326)
(264, 157, 64088)
(264, 243, 51705)
(264, 77, 48847)
(264, 126, 41736)
(264, 125, 2548)
(264, 46, 60955)
(264, 250, 67982)
(264, 263, 25898)
(265, 89, 56711)
(265, 190, 43224)
(265, 212, 68469)
(265, 148, 46547)
(265, 251, 11487)
(265, 118, 59368)
(265, 65, 22607)
(265, 223, 39803)
(265, 79, 16333)
(265, 189, 67991)
(265, 29, 43347)
(265, 97, 70426)
(265, 244, 56812)
(265, 124, 18950)
(265, 1, 3099)
(265, 249, 63664)
(265, 87, 8787)
(265, 243, 64643)
(265, 237, 19828)
(265, 170, 63721)
(265, 62, 37265)
(265, 149, 67606)
(265, 48, 16201)
(265, 217, 15559)
(265, 125, 22549)
(265, 240, 1292)
(265, 203, 42382)
(265, 241, 48682)
(265, 31, 22706)
(265, 259, 72496)
(265, 168, 25479)
(265, 49, 16680)
(265, 219, 12023)
(265, 127, 34392)
(265, 83, 5471)
(265, 214, 15269)
(265, 45, 16088)
(265, 230, 75009)
(265, 131, 43631)
(265, 100, 55894)
(265, 24, 27639)
(265, 184, 2892)
(265, 178, 31793)
(265, 199, 33448)
(265, 32, 52648)
(266, 88, 44541)
(266, 176, 38749)
(266, 60, 12013)
(266, 10, 63930)
(266, 95, 6552)
(266, 74, 11138)
(266, 15, 29589)
(266, 50, 37091)
(266, 41, 26597)
(266, 34, 5552)
(266, 224, 26049)
(266, 113, 35110)
(266, 239, 4682)
(266, 122, 6603)
(266, 210, 901)
(266, 58, 4142)
(266, 76, 20349)
(266, 156, 6764)
(266, 180, 61620)
(266, 106, 12138)
(266, 262, 50216)
(266, 134, 40269)
(266, 71, 25863)
(266, 77, 38494)
(267, 79, 69613)
(267, 145, 893)
(267, 111, 13964)
(267, 165, 4758)
(267, 78, 54147)
(267, 16, 73957)
(267, 246, 13068)
(267, 87, 57363)
(267, 171, 73512)
(267, 152, 17582)
(267, 209, 58767)
(267, 251, 38970)
(267, 3, 50780)
(267, 43, 48747)
(267, 230, 38531)
(267, 181, 42099)
(267, 107, 8695)
(267, 18, 33341)
(267, 29, 61299)
(267, 81, 31104)
(267, 234, 52529)
(267, 265, 26509)
(267, 75, 39582)
(267, 215, 17124)
(267, 100, 61309)
(267, 229, 35889)
(267, 77, 24877)
(267, 150, 69357)
(267, 240, 68141)
(267, 52, 31776)
(267, 138, 9546)
(267, 142, 1657)
(267, 13, 36320)
(267, 14, 61510)
(267, 96, 8108)
(267, 67, 13137)
(267, 102, 73597)
(267, 169, 55520)
(267, 85, 13708)
(267, 84, 70425)
(267, 244, 9959)
(267, 65, 33263)
(267, 56, 18133)
(267, 31, 54007)
(267, 203, 24725)
(267, 182, 47123)
(267, 233, 43074)
(267, 71, 24312)
(267, 231, 39789)
(267, 89, 5907)
(267, 57, 25403)
(267, 80, 35056)
(267, 186, 44618)
(267, 76, 58274)
(267, 127, 45515)
(267, 10, 9378)
(267, 92, 4825)
(267, 161, 59480)
(267, 106, 5088)
(267, 167, 47643)
(267, 187, 59121)
(267, 61, 4305)
(267, 221, 24917)
(267, 219, 48903)
(267, 101, 56720)
(267, 41, 40050)
(267, 237, 31160)
(267, 90, 52796)
(267, 114, 29630)
(267, 53, 46656)
(268, 13, 37741)
(268, 180, 3982)
(268, 208, 8246)
(268, 157, 67291)
(268, 232, 21720)
(268, 230, 29156)
(268, 34, 62853)
(268, 31, 73313)
(268, 266, 30848)
(268, 78, 44475)
(268, 55, 46896)
(268, 225, 50745)
(268, 94, 2737)
(268, 142, 26871)
(268, 267, 53917)
(268, 71, 43766)
(268, 108, 60218)
(268, 14, 54918)
(268, 53, 54285)
(268, 76, 69416)
(268, 186, 18403)
(268, 156, 56846)
(268, 52, 29776)
(268, 173, 23218)
(268, 107, 16236)
(268, 33, 23053)
(268, 63, 44929)
(268, 102, 40113)
(268, 176, 63579)
(268, 118, 6754)
(268, 248, 37314)
(268, 17, 18167)
(268, 104, 14657)
(268, 155, 65423)
(268, 4, 33391)
(268, 60, 17225)
(268, 202, 44658)
(268, 56, 75240)
(268, 88, 11055)
(268, 198, 61910)
(268, 160, 43380)
(268, 27, 47660)
(268, 196, 24689)
(268, 171, 70576)
(268, 79, 70334)
(268, 91, 72439)
(268, 131, 28237)
(268, 231, 56873)
(268, 92, 39205)
(268, 42, 57260)
(268, 240, 61394)
(268, 100, 6064)
(268, 133, 12451)
(268, 35, 50626)
(268, 86, 69646)
(268, 150, 63697)
(268, 233, 58055)
(268, 192, 3035)
(268, 262, 4191)
(268, 134, 49181)
(268, 0, 56176)
(268, 148, 59175)
(268, 24, 24769)
(268, 224, 74061)
(268, 9, 35038)
(268, 214, 61842)
(268, 218, 31095)
(268, 25, 35209)
(268, 46, 56996)
(268, 37, 65894)
(268, 90, 55457)
(268, 257, 76012)
(268, 20, 16256)
(268, 172, 62241)
(268, 64, 65319)
(268, 170, 43314)
(268, 174, 68054)
(268, 166, 67618)
(268, 258, 19473)
(268, 194, 39168)
(268, 204, 27447)
(268, 41, 42250)
(268, 184, 5432)
(268, 130, 65391)
(268, 125, 3871)
(268, 146, 13977)
(268, 120, 24795)
(268, 181, 59295)
(268, 256, 42614)
(268, 57, 39544)
(268, 80, 60177)
(268, 187, 29407)
(268, 128, 59025)
(268, 29, 16659)
(268, 113, 32186)
(268, 75, 19382)
(268, 207, 51350)
(268, 149, 31483)
(268, 62, 34895)
(268, 217, 4971)
(268, 159, 57508)
(268, 97, 170)
(268, 96, 73761)
(268, 19, 74002)
(268, 227, 32217)
(268, 236, 44190)
(268, 254, 33691)
(268, 195, 1766)
(268, 3, 33413)
(268, 109, 34944)
(268, 239, 57533)
(268, 165, 61028)
(268, 175, 11009)
(268, 147, 28618)
(268, 65, 17290)
(268, 203, 29671)
(268, 61, 636)
(268, 261, 52173)
(268, 45, 74307)
(268, 99, 47394)
(268, 126, 42677)
(268, 36, 69833)
(268, 6, 26396)
(268, 161, 27040)
(268, 183, 50701)
(268, 199, 52891)
(268, 163, 68270)
(268, 252, 31179)
(268, 22, 62160)
(268, 101, 67337)
(268, 84, 68943)
(268, 72, 16792)
(268, 114, 36545)
(268, 141, 35880)
(268, 206, 57680)
(268, 201, 50061)
(268, 73, 850)
(268, 253, 8832)
(268, 48, 63488)
(268, 212, 41821)
(268, 260, 33565)
(268, 144, 26265)
(268, 219, 53517)
(268, 51, 33195)
(268, 1, 65801)
(268, 182, 74708)
(268, 191, 29870)
(268, 216, 14606)
(268, 238, 24694)
(268, 106, 29857)
(268, 263, 47272)
(268, 89, 28104)
(268, 234, 66366)
(268, 69, 51068)
(268, 117, 66244)
(268, 68, 75909)
(268, 67, 53287)
(268, 140, 71441)
(268, 185, 75965)
(268, 82, 39380)
(268, 259, 34892)
(268, 177, 18384)
(268, 226, 1819)
(268, 137, 46186)
(268, 205, 35141)
(268, 145, 34018)
(268, 74, 9257)
(268, 229, 37651)
(268, 7, 69601)
(269, 153, 68297)
(269, 252, 67556)
(269, 166, 13402)
(269, 129, 14593)
(269, 45, 62823)
(269, 48, 22363)
(269, 147, 71141)
(269, 164, 67962)
(270, 88, 15433)
(270, 164, 71832)
(270, 100, 47097)
(270, 225, 73360)
(270, 199, 57650)
(270, 234, 38076)
(270, 266, 1566)
(270, 68, 55422)
(270, 62, 21838)
(270, 205, 5421)
(270, 176, 43279)
(270, 44, 71948)
(270, 16, 24183)
(270, 141, 42414)
(270, 236, 38676)
(270, 58, 27298)
(270, 171, 68647)
(270, 40, 28677)
(270, 215, 4183)
(270, 253, 40149)
(270, 193, 51511)
(270, 247, 16033)
(270, 119, 65661)
(270, 18, 21087)
(270, 66, 26738)
(270, 90, 9184)
(270, 82, 33480)
(270, 61, 50180)
(270, 73, 11281)
(270, 124, 71528)
(270, 64, 42276)
(270, 200, 38622)
(270, 217, 43042)
(270, 87, 19817)
(270, 218, 40239)
(270, 178, 154)
(270, 158, 5470)
(270, 222, 44598)
(270, 63, 36371)
(270, 239, 63075)
(270, 192, 10528)
(270, 97, 31100)
(270, 151, 22921)
(270, 188, 5787)
(270, 81, 4098)
(270, 140, 61664)
(270, 52, 41662)
(270, 258, 11854)
(270, 98, 22491)
(270, 128, 20616)
(270, 265, 74940)
(270, 190, 49035)
(270, 5, 73252)
(270, 224, 72574)
(270, 243, 71235)
(270, 168, 43153)
(270, 167, 2094)
(270, 0, 33123)
(270, 89, 70232)
(270, 202, 44976)
(270, 27, 55189)
(270, 220, 65729)
(270, 142, 21844)
(270, 114, 75514)
(270, 203, 32671)
(270, 22, 18287)
(270, 198, 59496)
(270, 113, 18912)
(270, 32, 37876)
(270, 33, 75964)
(270, 112, 30858)
(270, 54, 24409)
(270, 74, 35013)
(270, 135, 75523)
(270, 7, 26752)
(270, 189, 11387)
(270, 136, 21946)
(270, 134, 27150)
(270, 47, 67294)
(270, 36, 45678)
(270, 6, 30204)
(270, 86, 45837)
(270, 143, 48184)
(270, 71, 30024)
(270, 122, 30627)
(270, 223, 7059)
(270, 69, 9642)
(270, 211, 22377)
(270, 43, 49236)
(270, 187, 51119)
(270, 10, 14391)
(270, 50, 26727)
(270, 229, 61577)
(270, 12, 14232)
(270, 123, 12569)
(270, 92, 12665)
(270, 249, 55839)
(270, 14, 67232)
(270, 8, 12263)
(270, 152, 14156)
(270, 269, 34332)
(270, 77, 22918)
(270, 99, 22810)
(270, 159, 34789)
(270, 102, 17412)
(270, 105, 57088)
(270, 154, 19118)
(270, 172, 638)
(270, 48, 22004)
(270, 78, 66097)
(270, 201, 21301)
(270, 70, 25798)
(270, 19, 7532)
(270, 147, 14614)
(270, 25, 14564)
(270, 233, 24414)
(270, 194, 18138)
(270, 133, 2626)
(270, 80, 74464)
(270, 155, 64242)
(270, 139, 33881)
(270, 252, 3589)
(270, 263, 18597)
(270, 184, 44882)
(270, 179, 50896)
(270, 24, 59248)
(270, 4, 22531)
(270, 182, 63083)
(270, 38, 42693)
(270, 137, 23650)
(270, 175, 74452)
(270, 30, 20013)
(270, 212, 30877)
(270, 261, 55097)
(270, 34, 73400)
(270, 46, 73284)
(270, 251, 6397)
(270, 207, 42178)
(270, 181, 23921)
(270, 262, 324)
(270, 1, 26287)
(270, 153, 62399)
(270, 160, 67949)
(270, 195, 25038)
(270, 42, 222)
(271, 23, 10939)
(271, 168, 12091)
(271, 36, 48488)
(271, 56, 65055)
(271, 85, 60810)
(271, 119, 54968)
(271, 243, 54109)
(271, 69, 2918)
(271, 181, 67978)
(271, 116, 38228)
(271, 91, 20958)
(271, 211, 69242)
(271, 127, 33181)
(271, 137, 54951)
(271, 188, 70685)
(271, 115, 31789)
(271, 266, 48286)
(271, 165, 72078)
(271, 230, 31561)
(271, 152, 34628)
(271, 179, 22017)
(271, 29, 58586)
(271, 249, 74339)
(271, 32, 67327)
(271, 140, 19655)
(271, 169, 60321)
(271, 50, 46837)
(271, 214, 46148)
(271, 252, 59151)
(271, 200, 12578)
(271, 193, 17744)
(271, 263, 64105)
(271, 111, 11665)
(271, 43, 73281)
(271, 199, 46391)
(271, 121, 72362)
(271, 180, 12283)
(271, 164, 61242)
(271, 124, 34783)
(271, 210, 50815)
(271, 95, 41717)
(271, 238, 56640)
(271, 77, 46884)
(271, 182, 498)
(271, 72, 34776)
(271, 134, 22309)
(271, 195, 24883)
(271, 114, 53707)
(271, 70, 13464)
(271, 68, 46134)
(271, 130, 63514)
(271, 265, 71608)
(271, 217, 70185)
(271, 6, 73955)
(271, 52, 12965)
(271, 26, 3526)
(271, 198, 11209)
(271, 147, 52153)
(271, 93, 29496)
(271, 113, 14768)
(271, 128, 5766)
(271, 253, 49462)
(271, 97, 11241)
(271, 183, 2078)
(271, 232, 61916)
(271, 82, 38553)
(271, 18, 21837)
(271, 246, 36630)
(271, 120, 36793)
(271, 28, 12655)
(271, 100, 66776)
(271, 247, 11565)
(271, 239, 10337)
(271, 245, 15160)
(271, 250, 42158)
(271, 44, 69954)
(271, 141, 6983)
(271, 21, 26779)
(271, 213, 51637)
(271, 268, 31303)
(271, 190, 3157)
(271, 59, 65899)
(271, 110, 3694)
(271, 255, 17944)
(271, 8, 64232)
(271, 2, 45339)
(271, 84, 48590)
(272, 176, 33143)
(272, 2, 41774)
(273, 159, 24131)
(273, 235, 25284)
(273, 16, 36870)
(273, 251, 72472)
(273, 221, 65148)
(273, 268, 34000)
(273, 245, 55445)
(273, 93, 1853)
(273, 85, 57974)
(273, 95, 44336)
(273, 84, 61186)
(273, 152, 12006)
(273, 5, 60790)
(273, 150, 56535)
(274, 87, 29066)
(274, 132, 46863)
(274, 31, 22882)
(274, 180, 62485)
(274, 184, 4374)
(274, 39, 2591)
(274, 176, 33360)
(274, 46, 41926)
(274, 124, 5739)
(274, 193, 55841)
(274, 179, 75470)
(274, 106, 38982)
(274, 2, 29437)
(274, 34, 19398)
(274, 164, 46746)
(274, 79, 56025)
(274, 48, 50336)
(274, 206, 9185)
(274, 200, 13325)
(274, 213, 7836)
(274, 14, 67832)
(274, 209, 65510)
(274, 49, 71958)
(274, 85, 55865)
(274, 269, 25124)
(274, 116, 36119)
(274, 78, 28902)
(274, 188, 4522)
(274, 61, 40309)
(274, 103, 12938)
(274, 251, 54468)
(274, 117, 65134)
(274, 262, 47293)
(274, 11, 20546)
(274, 160, 52216)
(274, 3, 13185)
(274, 22, 20271)
(274, 233, 70821)
(274, 203, 20506)
(274, 37, 38393)
(274, 187, 1142)
(274, 140, 26571)
(274, 93, 32575)
(274, 225, 9584)
(274, 238, 69333)
(274, 62, 69719)
(274, 47, 5025)
(274, 18, 33611)
(274, 65, 25755)
(274, 152, 10477)
(274, 198, 50458)
(274, 24, 63917)
(274, 241, 15181)
(274, 109, 956)
(274, 91, 2065)
(274, 7, 15205)
(274, 153, 5604)
(274, 197, 32133)
(274, 29, 61676)
(274, 273, 59751)
(274, 19, 51067)
(274, 104, 15212)
(274, 105, 17202)
(274, 163, 56044)
(274, 234, 28977)
(274, 134, 35435)
(274, 99, 60583)
(274, 216, 50642)
(274, 192, 46543)
(274, 112, 74054)
(274, 204, 40629)
(274, 261, 74882)
(274, 114, 26422)
(274, 27, 28876)
(274, 240, 50432)
(274, 21, 23911)
(274, 75, 73946)
(274, 246, 2760)
(274, 211, 23182)
(274, 94, 15409)
(274, 101, 44356)
(274, 272, 6535)
(274, 137, 37240)
(274, 185, 28881)
(274, 90, 33379)
(274, 266, 3192)
(274, 232, 19786)
(274, 168, 5872)
(274, 236, 53511)
(274, 268, 42642)
(274, 96, 49530)
(274, 41, 20648)
(274, 169, 24419)
(274, 35, 53796)
(274, 133, 63067)
(274, 143, 73734)
(274, 77, 53437)
(274, 119, 45752)
(274, 26, 39376)
(274, 0, 23800)
(274, 57, 23331)
(274, 107, 36787)
(274, 141, 13515)
(274, 218, 19308)
(274, 229, 28641)
(274, 113, 74826)
(274, 148, 15039)
(274, 72, 62276)
(274, 130, 75403)
(274, 125, 61445)
(274, 244, 3609)
(274, 151, 29610)
(274, 76, 14024)
(274, 25, 21875)
(274, 42, 53734)
(274, 68, 12706)
(274, 97, 12988)
(274, 270, 72452)
(274, 255, 71026)
(274, 239, 52558)
(274, 196, 63369)
(274, 231, 22517)
(274, 182, 14835)
(274, 223, 9320)
(274, 58, 57065)
(274, 73, 69082)
(274, 265, 28236)
(274, 156, 19692)
(274, 201, 70319)
(274, 199, 42563)
(274, 83, 62500)
(274, 191, 10854)
(274, 43, 55113)
(274, 51, 32724)
(274, 227, 37653)
(274, 237, 61233)
(274, 23, 44505)
(274, 194, 40144)
(274, 82, 12868)
(274, 67, 53225)
(274, 36, 31490)
(274, 146, 10479)
(274, 172, 19563)
(274, 108, 38754)
(274, 253, 1590)
(274, 202, 47415)
(274, 212, 29024)
(274, 162, 75410)
(274, 12, 3229)
(274, 28, 74134)
(274, 260, 15267)
(274, 170, 1823)
(274, 155, 42125)
(274, 159, 50226)
(274, 205, 57114)
(274, 56, 37039)
(274, 121, 26988)
(274, 175, 215)
(274, 254, 45012)
(274, 1, 56922)
(274, 111, 9561)
(274, 131, 30882)
(274, 69, 60026)
(274, 98, 43435)
(274, 228, 17065)
(274, 271, 17975)
(274, 4, 24263)
(274, 190, 18881)
(274, 247, 45960)
(274, 220, 41092)
(274, 81, 63992)
(274, 30, 4915)
(274, 171, 11188)
(274, 144, 59448)
(274, 9, 13336)
(274, 257, 61556)
(274, 129, 48856)
(274, 74, 28808)
(274, 250, 24009)
(274, 173, 73179)
(275, 143, 59909)
(275, 1, 23657)
(275, 144, 20823)
(275, 15, 70349)
(275, 161, 66576)
(275, 188, 72119)
(275, 139, 35750)
(275, 113, 1256)
(275, 26, 37029)
(275, 214, 54435)
(275, 241, 57211)
(275, 115, 65105)
(275, 182, 76330)
(275, 65, 28269)
(275, 118, 34814)
(275, 150, 5995)
(275, 242, 38262)
(275, 123, 11787)
(275, 173, 61999)
(275, 174, 47320)
(275, 9, 65027)
(275, 102, 67660)
(275, 91, 14082)
(275, 117, 24041)
(275, 211, 71317)
(275, 98, 2741)
(275, 47, 57376)
(275, 67, 15604)
(275, 4, 59544)
(275, 17, 68526)
(275, 177, 70478)
(275, 79, 3686)
(275, 68, 54359)
(275, 251, 43226)
(275, 73, 50977)
(275, 244, 20434)
(275, 21, 31330)
(275, 12, 28484)
(275, 260, 24055)
(275, 270, 74069)
(275, 64, 18436)
(275, 238, 49440)
(275, 209, 66038)
(275, 193, 22702)
(275, 22, 7056)
(275, 126, 7031)
(275, 94, 36260)
(275, 148, 1016)
(275, 124, 69476)
(275, 107, 73277)
(275, 274, 42119)
(275, 159, 38864)
(275, 255, 40396)
(275, 42, 40698)
(275, 59, 24465)
(275, 88, 17416)
(275, 254, 13125)
(275, 176, 18809)
(275, 74, 15869)
(275, 20, 5803)
(275, 266, 28915)
(276, 273, 8556)
(276, 169, 47575)
(276, 190, 53398)
(276, 234, 69913)
(276, 114, 65731)
(276, 12, 46433)
(276, 232, 5169)
(276, 187, 27067)
(276, 118, 41583)
(276, 242, 69748)
(276, 126, 15222)
(276, 200, 71535)
(276, 143, 54428)
(276, 24, 63105)
(276, 66, 45021)
(276, 160, 46460)
(276, 129, 42291)
(276, 198, 46347)
(276, 209, 56924)
(276, 216, 73270)
(276, 3, 1848)
(276, 202, 70320)
(276, 186, 69729)
(276, 231, 61413)
(276, 140, 40571)
(276, 71, 71491)
(276, 267, 69323)
(276, 260, 33268)
(276, 175, 62904)
(276, 52, 40111)
(276, 142, 9030)
(276, 54, 39362)
(276, 119, 12956)
(276, 182, 56753)
(276, 138, 69667)
(276, 141, 15257)
(276, 120, 46015)
(276, 28, 55421)
(276, 35, 67683)
(276, 243, 17371)
(276, 51, 8327)
(276, 165, 54394)
(276, 258, 40352)
(276, 211, 68179)
(276, 203, 34728)
(276, 40, 28301)
(276, 36, 14456)
(276, 156, 69473)
(276, 245, 5795)
(276, 265, 3191)
(276, 171, 10559)
(276, 89, 73330)
(276, 167, 4281)
(276, 191, 61632)
(276, 261, 1277)
(276, 10, 37766)
(276, 176, 31881)
(276, 238, 46027)
(276, 257, 55611)
(276, 4, 49590)
(276, 72, 72965)
(276, 145, 64640)
(276, 254, 72545)
(276, 235, 31215)
(276, 214, 64421)
(276, 219, 51434)
(276, 195, 6590)
(276, 139, 18098)
(276, 112, 11700)
(276, 164, 16686)
(276, 97, 66182)
(276, 223, 6498)
(276, 74, 9897)
(276, 271, 49027)
(276, 197, 71395)
(276, 56, 31632)
(276, 109, 69986)
(276, 130, 4545)
(276, 57, 36803)
(276, 32, 17886)
(276, 135, 23666)
(276, 11, 62560)
(276, 20, 40135)
(276, 58, 30821)
(276, 115, 58615)
(276, 270, 5844)
(276, 237, 24704)
(276, 149, 15144)
(276, 88, 73431)
(276, 53, 9131)
(276, 99, 28098)
(276, 104, 59261)
(276, 218, 33738)
(276, 251, 20609)
(276, 79, 37000)
(276, 21, 10837)
(276, 158, 20233)
(276, 108, 52724)
(276, 67, 9872)
(276, 179, 68039)
(276, 31, 38794)
(276, 172, 34889)
(277, 242, 27101)
(277, 100, 51714)
(277, 265, 48446)
(277, 234, 14902)
(277, 259, 21300)
(277, 201, 32475)
(277, 218, 71713)
(277, 195, 68405)
(277, 39, 9134)
(277, 67, 19017)
(277, 157, 14178)
(277, 73, 60968)
(277, 220, 9487)
(277, 189, 11829)
(277, 172, 4104)
(277, 9, 4847)
(277, 180, 18203)
(277, 148, 20974)
(277, 161, 45692)
(277, 115, 45724)
(277, 216, 16832)
(277, 192, 23822)
(277, 5, 1262)
(277, 214, 41168)
(277, 4, 13203)
(277, 199, 48702)
(277, 124, 62838)
(277, 112, 26338)
(277, 74, 74840)
(277, 16, 7363)
(277, 178, 15788)
(277, 0, 45779)
(277, 141, 46390)
(277, 177, 23370)
(277, 106, 27450)
(277, 75, 23279)
(277, 271, 74564)
(277, 206, 5237)
(277, 207, 16743)
(277, 200, 51189)
(277, 65, 66114)
(277, 149, 1015)
(277, 164, 11413)
(277, 246, 14990)
(277, 140, 63000)
(277, 209, 22894)
(277, 230, 54797)
(277, 120, 48836)
(277, 236, 23002)
(277, 84, 65675)
(277, 174, 30489)
(277, 85, 350)
(277, 239, 66640)
(277, 104, 32319)
(277, 273, 44856)
(277, 31, 7706)
(277, 43, 40252)
(277, 256, 11559)
(277, 27, 16589)
(277, 139, 75847)
(277, 105, 50690)
(277, 188, 52313)
(277, 254, 68381)
(277, 103, 49981)
(277, 49, 42638)
(277, 170, 531)
(277, 159, 41325)
(277, 152, 54440)
(277, 126, 73483)
(277, 235, 40580)
(277, 76, 52098)
(277, 93, 43509)
(277, 221, 64171)
(277, 83, 43138)
(277, 248, 56324)
(277, 8, 574)
(277, 203, 42671)
(277, 19, 8039)
(277, 86, 71678)
(277, 70, 33408)
(277, 132, 23583)
(277, 153, 2849)
(277, 50, 32551)
(277, 13, 38381)
(277, 58, 1134)
(277, 129, 11530)
(277, 250, 14530)
(277, 264, 72969)
(277, 208, 46383)
(277, 156, 55751)
(277, 102, 1707)
(277, 182, 61769)
(277, 17, 24418)
(277, 22, 46064)
(277, 40, 71953)
(277, 151, 23602)
(277, 98, 32292)
(277, 204, 36149)
(277, 21, 873)
(277, 240, 46207)
(277, 184, 49356)
(277, 171, 30517)
(277, 251, 71594)
(277, 211, 63566)
(277, 155, 46562)
(277, 12, 47246)
(277, 228, 42967)
(277, 267, 47125)
(277, 227, 60633)
(277, 165, 36664)
(277, 158, 53064)
(277, 276, 41709)
(277, 146, 32096)
(277, 270, 67008)
(277, 168, 63227)
(277, 6, 27117)
(277, 205, 8610)
(277, 197, 15557)
(277, 225, 68257)
(277, 63, 50704)
(277, 257, 21149)
(277, 55, 25364)
(277, 119, 54258)
(277, 45, 57246)
(277, 222, 36196)
(277, 90, 64691)
(277, 46, 36272)
(277, 229, 22052)
(277, 144, 37275)
(277, 224, 20192)
(277, 3, 70203)
(277, 269, 62341)
(277, 30, 31693)
(277, 68, 42259)
(277, 89, 21203)
(277, 35, 54866)
(277, 33, 27472)
(277, 77, 1818)
(277, 202, 56103)
(277, 107, 62746)
(277, 191, 43103)
(277, 131, 37038)
(277, 123, 4891)
(277, 114, 22995)
(277, 175, 68255)
(277, 136, 43681)
(277, 29, 17051)
(277, 231, 71341)
(277, 143, 17755)
(277, 94, 25859)
(277, 109, 68011)
(277, 97, 12558)
(277, 37, 2244)
(277, 194, 64078)
(277, 127, 17295)
(277, 34, 10455)
(277, 261, 17898)
(277, 167, 31363)
(277, 15, 12777)
(277, 258, 41700)
(277, 166, 15026)
(277, 117, 67555)
(277, 275, 9061)
(277, 59, 62891)
(277, 260, 61317)
(277, 99, 36197)
(277, 2, 18797)
(277, 128, 32798)
(277, 47, 7301)
(277, 190, 12416)
(277, 198, 70901)
(277, 81, 3676)
(277, 210, 60754)
(277, 223, 66112)
(277, 7, 1567)
(277, 28, 30175)
(277, 147, 74581)
(277, 130, 19756)
(277, 24, 3275)
(277, 169, 40428)
(277, 54, 19057)
(277, 91, 201)
(277, 18, 47296)
(277, 245, 50422)
(277, 255, 46429)
(277, 138, 19411)
(277, 135, 28204)
(277, 247, 9278)
(277, 121, 23877)
(277, 118, 9980)
(277, 36, 1920)
(277, 244, 39457)
(277, 142, 62540)
(277, 268, 54554)
(277, 108, 36662)
(277, 10, 74529)
(277, 179, 51130)
(277, 41, 22853)
(277, 42, 67338)
(277, 274, 18821)
(277, 66, 5057)
(277, 71, 21261)
(277, 60, 22919)
(277, 252, 23796)
(277, 162, 50533)
(277, 51, 57326)
(277, 64, 37587)
(277, 122, 4668)
(277, 88, 74920)
(277, 262, 12629)
(277, 26, 11557)
(277, 134, 3964)
(277, 272, 25542)
(277, 56, 25442)
(277, 1, 6742)
(277, 215, 24784)
(277, 253, 15817)
(277, 213, 53465)
(277, 226, 37656)
(277, 241, 15782)
(277, 32, 739)
(277, 14, 32119)
(277, 193, 64271)
(277, 212, 25126)
(277, 20, 36408)
(277, 181, 70104)
(277, 113, 24459)
(277, 111, 60311)
(277, 11, 45435)
(278, 194, 40749)
(278, 71, 7275)
(278, 45, 58618)
(278, 157, 32982)
(278, 179, 42604)
(278, 200, 63373)
(278, 223, 12799)
(278, 183, 42568)
(278, 60, 71028)
(278, 273, 42749)
(278, 132, 65906)
(278, 118, 6546)
(278, 105, 14589)
(278, 168, 54801)
(278, 130, 13)
(278, 208, 39326)
(278, 195, 16051)
(278, 55, 67207)
(278, 109, 30222)
(278, 40, 59184)
(278, 235, 18182)
(278, 216, 5356)
(278, 96, 63895)
(278, 58, 70796)
(278, 26, 12010)
(278, 119, 55885)
(278, 150, 2717)
(278, 272, 45609)
(278, 268, 15185)
(278, 215, 72514)
(278, 68, 26444)
(278, 100, 51842)
(278, 205, 69770)
(278, 108, 18433)
(278, 212, 61197)
(278, 277, 65290)
(278, 175, 54568)
(278, 30, 57253)
(278, 255, 72719)
(278, 244, 4623)
(278, 44, 75744)
(278, 47, 71297)
(278, 29, 2660)
(278, 111, 2386)
(279, 91, 61834)
(279, 61, 59829)
(279, 184, 40136)
(279, 82, 52462)
(279, 15, 68836)
(279, 60, 10645)
(279, 115, 19872)
(279, 244, 73651)
(279, 202, 18361)
(279, 215, 11107)
(279, 94, 9928)
(279, 208, 14450)
(279, 236, 6503)
(279, 134, 7187)
(279, 4, 12651)
(279, 30, 3059)
(279, 152, 74253)
(279, 224, 49855)
(279, 6, 73625)
(279, 10, 53637)
(279, 149, 63221)
(279, 262, 37563)
(279, 19, 47747)
(279, 106, 38435)
(279, 20, 10598)
(279, 242, 42467)
(279, 45, 27428)
(279, 42, 31769)
(279, 275, 20800)
(279, 25, 40413)
(279, 178, 32526)
(279, 148, 55739)
(279, 86, 3719)
(279, 174, 52379)
(279, 170, 15958)
(279, 256, 11166)
(279, 114, 32789)
(279, 253, 41797)
(279, 258, 43243)
(279, 80, 46162)
(279, 111, 63340)
(279, 206, 69701)
(279, 128, 8019)
(279, 218, 38779)
(279, 95, 31113)
(279, 9, 7845)
(279, 160, 51647)
(279, 197, 10493)
(279, 84, 10481)
(279, 165, 49335)
(279, 32, 27384)
(279, 127, 59961)
(279, 158, 46228)
(279, 257, 12639)
(279, 212, 33386)
(279, 273, 65782)
(279, 132, 37846)
(279, 227, 72203)
(279, 271, 74189)
(279, 29, 55414)
(279, 276, 69841)
(279, 36, 42245)
(279, 11, 75716)
(279, 203, 57072)
(279, 234, 62946)
(279, 47, 44218)
(279, 18, 6717)
(279, 119, 24542)
(279, 69, 32440)
(279, 157, 14196)
(279, 164, 9454)
(279, 51, 43865)
(279, 54, 1817)
(279, 249, 62)
(279, 161, 50163)
(279, 104, 33393)
(279, 46, 34611)
(279, 240, 50343)
(279, 17, 33148)
(279, 183, 57898)
(279, 270, 173)
(279, 31, 68373)
(279, 112, 1036)
(279, 213, 20747)
(279, 16, 422)
(279, 76, 66081)
(279, 39, 26942)
(279, 219, 74198)
(279, 225, 726)
(279, 2, 41772)
(279, 220, 2148)
(279, 231, 13581)
(279, 72, 65917)
(279, 79, 2137)
(279, 243, 73771)
(279, 90, 61710)
(279, 272, 56388)
(279, 49, 61499)
(279, 87, 45078)
(279, 28, 66385)
(279, 85, 52543)
(279, 153, 251)
(279, 268, 26823)
(279, 163, 32076)
(279, 233, 24133)
(279, 81, 69108)
(279, 154, 29174)
(279, 192, 23580)
(279, 210, 32794)
(279, 131, 26406)
(279, 180, 75160)
(279, 74, 2872)
(279, 77, 70968)
(279, 117, 2272)
(279, 214, 51305)
(279, 66, 15657)
(279, 196, 46301)
(279, 263, 52781)
(279, 108, 41219)
(279, 63, 28568)
(279, 200, 55851)
(279, 221, 55673)
(279, 142, 10631)
(279, 21, 38507)
(279, 217, 43349)
(279, 241, 33942)
(279, 201, 26844)
(279, 53, 32974)
(279, 144, 17030)
(279, 238, 45461)
(279, 255, 5490)
(279, 146, 73996)
(279, 110, 3613)
(279, 265, 27788)
(279, 102, 30386)
(279, 27, 2599)
(279, 155, 22849)
(279, 7, 32771)
(279, 67, 52500)
(279, 126, 33996)
(279, 70, 44251)
(279, 177, 14319)
(279, 48, 39071)
(279, 68, 50720)
(279, 107, 54429)
(279, 230, 66556)
(279, 113, 47014)
(279, 223, 38129)
(279, 277, 56589)
(279, 22, 37016)
(279, 237, 38742)
(279, 207, 52793)
(279, 88, 25115)
(279, 105, 46037)
(279, 188, 47341)
(279, 189, 21675)
(279, 267, 15700)
(279, 199, 50334)
(279, 250, 54146)
(279, 168, 24092)
(279, 162, 52326)
(280, 235, 6175)
(280, 135, 71192)
(280, 170, 5908)
(280, 279, 50153)
(280, 257, 31418)
(280, 210, 39785)
(280, 151, 60984)
(280, 74, 40958)
(280, 139, 63435)
(280, 100, 13006)
(280, 42, 68089)
(280, 201, 54367)
(280, 162, 2193)
(280, 60, 25989)
(280, 230, 72637)
(280, 118, 18402)
(280, 28, 29081)
(280, 40, 73526)
(280, 15, 17866)
(280, 194, 3632)
(280, 54, 14095)
(280, 183, 16019)
(280, 30, 70371)
(280, 155, 4642)
(280, 227, 50962)
(280, 190, 14741)
(280, 254, 5930)
(280, 198, 40329)
(280, 266, 36914)
(280, 174, 52759)
(280, 48, 47589)
(280, 176, 4398)
(280, 115, 16492)
(280, 73, 64313)
(280, 158, 36864)
(280, 20, 55722)
(280, 238, 45338)
(280, 109, 67521)
(280, 70, 4960)
(280, 16, 56209)
(280, 88, 63300)
(280, 217, 49045)
(280, 93, 27794)
(280, 159, 15088)
(280, 178, 61778)
(280, 222, 57357)
(280, 214, 13816)
(280, 199, 44132)
(280, 29, 43804)
(280, 128, 55943)
(280, 39, 76186)
(280, 90, 58794)
(280, 96, 29621)
(280, 10, 9238)
(280, 5, 56951)
(280, 43, 16512)
(280, 129, 57728)
(280, 131, 57543)
(280, 148, 2432)
(280, 11, 13612)
(280, 203, 5836)
(280, 149, 42815)
(280, 262, 43076)
(280, 274, 66294)
(280, 160, 27330)
(280, 46, 44693)
(280, 161, 75892)
(280, 89, 63179)
(280, 241, 4683)
(280, 121, 11837)
(280, 240, 1570)
(280, 147, 17979)
(280, 47, 36017)
(280, 94, 26940)
(280, 261, 70087)
(280, 226, 1252)
(280, 78, 59750)
(280, 56, 25658)
(280, 157, 60527)
(280, 6, 8916)
(280, 53, 191)
(280, 251, 29504)
(280, 117, 62512)
(280, 125, 25147)
(280, 144, 23028)
(280, 181, 43724)
(280, 79, 68013)
(280, 223, 62011)
(280, 213, 73599)
(280, 91, 48952)
(280, 143, 54438)
(280, 59, 36409)
(280, 268, 3767)
(280, 50, 23032)
(280, 219, 25430)
(280, 23, 71295)
(280, 99, 40767)
(280, 180, 680)
(280, 8, 38445)
(280, 38, 49873)
(280, 13, 32414)
(280, 267, 69982)
(280, 80, 51298)
(280, 37, 16126)
(280, 86, 16008)
(280, 220, 43430)
(280, 85, 62412)
(280, 231, 10252)
(280, 83, 29592)
(280, 270, 40394)
(280, 25, 9857)
(280, 103, 61709)
(280, 232, 9306)
(280, 138, 67092)
(280, 27, 75891)
(280, 0, 24626)
(280, 167, 44548)
(280, 33, 28504)
(280, 3, 25927)
(280, 154, 71788)
(280, 164, 19758)
(280, 111, 29197)
(280, 63, 28059)
(280, 113, 28491)
(280, 182, 66519)
(280, 95, 23977)
(280, 243, 34215)
(280, 12, 75796)
(280, 221, 22692)
(280, 102, 35802)
(280, 156, 45136)
(280, 216, 13427)
(280, 142, 50494)
(280, 197, 31935)
(280, 84, 71931)
(280, 239, 35796)
(280, 173, 9066)
(280, 208, 46932)
(280, 81, 62953)
(280, 7, 22288)
(280, 259, 7085)
(280, 61, 73737)
(280, 87, 56615)
(280, 166, 4600)
(280, 75, 25782)
(280, 126, 35009)
(280, 196, 38415)
(280, 82, 62267)
(280, 249, 46963)
(280, 224, 29789)
(280, 265, 65552)
(280, 71, 15720)
(280, 184, 72073)
(280, 242, 40326)
(280, 247, 36588)
(281, 85, 43581)
(281, 30, 36072)
(281, 64, 73432)
(281, 72, 67229)
(281, 239, 16539)
(281, 61, 54431)
(281, 170, 61759)
(281, 25, 28909)
(281, 94, 30753)
(281, 18, 28486)
(281, 213, 30259)
(281, 129, 75307)
(281, 221, 4885)
(281, 270, 52320)
(281, 88, 29238)
(281, 231, 14291)
(281, 176, 48321)
(281, 152, 32103)
(281, 233, 18567)
(281, 59, 12082)
(281, 131, 43461)
(281, 215, 56352)
(281, 24, 7840)
(281, 106, 58699)
(281, 267, 15686)
(281, 185, 65886)
(281, 80, 75186)
(281, 159, 9289)
(281, 82, 48281)
(281, 250, 5724)
(281, 87, 5039)
(281, 280, 70617)
(281, 26, 22050)
(281, 124, 21015)
(281, 65, 2055)
(281, 223, 50991)
(281, 195, 3013)
(281, 70, 68566)
(281, 162, 21945)
(281, 31, 18753)
(281, 135, 333)
(281, 208, 18389)
(281, 22, 14974)
(281, 266, 20754)
(281, 275, 30450)
(281, 251, 15735)
(281, 147, 49409)
(281, 69, 60847)
(281, 4, 34352)
(281, 19, 57972)
(281, 36, 33166)
(281, 160, 37214)
(281, 254, 24057)
(281, 277, 20263)
(281, 148, 51752)
(281, 173, 37645)
(281, 217, 73189)
(281, 46, 15247)
(281, 259, 55660)
(281, 117, 32637)
(281, 228, 73709)
(281, 248, 31820)
(281, 190, 59158)
(281, 35, 59000)
(281, 134, 5889)
(281, 91, 60550)
(281, 27, 26723)
(281, 98, 9434)
(281, 151, 29023)
(281, 278, 12512)
(281, 210, 43805)
(281, 155, 12059)
(281, 158, 58463)
(281, 90, 53416)
(281, 149, 43714)
(281, 121, 66974)
(281, 41, 54266)
(281, 172, 7814)
(281, 120, 46051)
(281, 262, 36016)
(281, 235, 47371)
(281, 146, 58392)
(281, 174, 32404)
(281, 29, 68587)
(281, 186, 27473)
(281, 189, 51370)
(281, 218, 37924)
(281, 242, 7551)
(281, 274, 1408)
(281, 219, 27371)
(281, 255, 992)
(281, 258, 68562)
(281, 203, 21983)
(281, 101, 24763)
(281, 58, 53854)
(281, 161, 37363)
(281, 38, 20824)
(281, 127, 38436)
(281, 249, 51875)
(281, 73, 74535)
(281, 271, 4184)
(281, 51, 65759)
(281, 60, 44455)
(281, 265, 16747)
(281, 199, 23506)
(281, 227, 62971)
(281, 188, 58774)
(281, 128, 54540)
(281, 99, 20857)
(281, 40, 37152)
(281, 42, 57249)
(281, 13, 23720)
(281, 256, 51806)
(281, 33, 5020)
(281, 144, 30113)
(281, 17, 41141)
(281, 184, 61605)
(281, 143, 65646)
(281, 111, 58856)
(281, 180, 64415)
(281, 139, 61456)
(281, 179, 17113)
(281, 212, 54814)
(281, 260, 65685)
(281, 206, 22064)
(281, 257, 19100)
(281, 53, 5649)
(281, 245, 9092)
(281, 171, 46337)
(281, 269, 20508)
(281, 177, 57454)
(281, 156, 2387)
(281, 75, 54487)
(281, 110, 66867)
(281, 2, 38019)
(281, 224, 39318)
(281, 200, 72222)
(281, 83, 43256)
(281, 273, 66992)
(281, 81, 31331)
(281, 191, 10607)
(281, 157, 23745)
(281, 196, 14862)
(281, 1, 53400)
(281, 54, 18502)
(281, 76, 4863)
(281, 66, 16205)
(281, 137, 58523)
(281, 32, 16480)
(281, 74, 34918)
(281, 12, 52097)
(281, 209, 6245)
(281, 122, 56953)
(281, 34, 9417)
(281, 108, 31564)
(281, 193, 39741)
(281, 153, 26098)
(281, 204, 19882)
(281, 43, 61636)
(281, 89, 16574)
(281, 37, 64568)
(281, 7, 7495)
(281, 112, 44744)
(281, 183, 51470)
(281, 198, 28929)
(281, 145, 7698)
(281, 107, 17398)
(281, 230, 38513)
(281, 247, 32808)
(281, 9, 13086)
(281, 236, 38205)
(281, 211, 76382)
(281, 214, 45840)
(281, 175, 62630)
(281, 67, 63428)
(281, 56, 66428)
(281, 164, 20075)
(281, 187, 40966)
(282, 189, 3551)
(282, 177, 12394)
(282, 18, 49323)
(282, 192, 66191)
(282, 143, 75446)
(282, 202, 34168)
(282, 124, 20643)
(282, 229, 44328)
(282, 122, 19661)
(282, 90, 61158)
(282, 156, 52627)
(282, 172, 70609)
(282, 163, 37089)
(282, 46, 28181)
(282, 94, 39313)
(282, 74, 53003)
(282, 75, 36069)
(282, 32, 64135)
(282, 42, 65595)
(282, 200, 40414)
(282, 44, 33447)
(282, 34, 39356)
(282, 260, 49108)
(282, 99, 19743)
(282, 125, 9825)
(282, 176, 12286)
(282, 247, 23891)
(282, 170, 36648)
(282, 221, 11903)
(282, 243, 55880)
(282, 167, 1641)
(282, 40, 11290)
(282, 117, 17989)
(282, 114, 50643)
(282, 35, 4934)
(282, 41, 5557)
(282, 251, 17592)
(282, 153, 72048)
(282, 106, 15502)
(282, 267, 15647)
(282, 173, 18346)
(282, 45, 25728)
(282, 91, 51251)
(282, 277, 37302)
(282, 169, 42156)
(282, 175, 42406)
(282, 151, 12314)
(282, 178, 53153)
(282, 265, 70657)
(282, 250, 64177)
(282, 279, 67578)
(282, 85, 6790)
(282, 272, 66300)
(282, 84, 6718)
(282, 258, 58214)
(282, 87, 40366)
(282, 165, 21519)
(282, 26, 17192)
(282, 278, 7509)
(282, 56, 72423)
(282, 113, 2195)
(282, 28, 27397)
(282, 276, 30987)
(282, 244, 28963)
(282, 4, 4738)
(282, 59, 70016)
(282, 53, 27990)
(282, 236, 4314)
(282, 211, 49674)
(282, 209, 36651)
(282, 216, 44148)
(282, 93, 9943)
(282, 195, 70640)
(282, 240, 4999)
(282, 52, 68931)
(282, 51, 37446)
(282, 198, 59105)
(282, 149, 59876)
(282, 126, 12977)
(282, 255, 11087)
(282, 112, 28270)
(282, 104, 51849)
(282, 207, 48277)
(282, 230, 20759)
(282, 105, 55805)
(282, 215, 16775)
(282, 187, 21750)
(282, 107, 56326)
(282, 92, 45315)
(282, 253, 13240)
(282, 110, 20042)
(282, 0, 21423)
(282, 193, 56530)
(282, 212, 76151)
(282, 233, 26129)
(282, 63, 36435)
(282, 245, 57539)
(282, 95, 16927)
(282, 271, 4577)
(282, 29, 26403)
(282, 144, 76134)
(282, 97, 49779)
(282, 268, 44527)
(282, 204, 35819)
(282, 191, 70018)
(282, 213, 63730)
(282, 17, 44828)
(282, 162, 5813)
(282, 27, 33716)
(282, 82, 73059)
(282, 81, 36639)
(282, 68, 63625)
(282, 15, 475)
(282, 263, 26587)
(282, 8, 16764)
(282, 206, 63494)
(282, 225, 33168)
(282, 155, 60048)
(282, 218, 49466)
(282, 228, 18711)
(282, 38, 65466)
(282, 103, 6569)
(282, 128, 42348)
(282, 30, 53136)
(282, 77, 53397)
(282, 109, 4878)
(282, 121, 52561)
(282, 12, 54808)
(282, 70, 56115)
(282, 159, 75025)
(282, 237, 21683)
(282, 269, 66599)
(283, 238, 70138)
(283, 93, 11034)
(283, 208, 69956)
(283, 277, 14669)
(283, 42, 51502)
(283, 89, 58597)
(283, 49, 17589)
(283, 144, 60863)
(283, 67, 44133)
(283, 272, 41351)
(283, 176, 866)
(283, 72, 74611)
(283, 104, 66477)
(283, 245, 6209)
(283, 118, 8656)
(283, 207, 16370)
(283, 91, 51678)
(283, 84, 23226)
(283, 262, 8385)
(283, 241, 57522)
(283, 174, 28041)
(283, 215, 50938)
(283, 92, 60427)
(283, 33, 47721)
(283, 239, 43077)
(283, 132, 73669)
(283, 190, 7981)
(283, 212, 65849)
(283, 266, 31157)
(283, 25, 1898)
(283, 136, 45170)
(283, 214, 1038)
(283, 200, 53855)
(283, 155, 28581)
(283, 2, 73764)
(283, 20, 16368)
(283, 178, 27261)
(283, 95, 42545)
(283, 194, 14126)
(283, 276, 75406)
(283, 114, 51805)
(283, 150, 54161)
(283, 253, 67469)
(283, 165, 19282)
(283, 147, 29138)
(283, 96, 19846)
(283, 185, 73739)
(283, 94, 57189)
(283, 195, 3086)
(283, 235, 39820)
(283, 154, 9473)
(283, 83, 54098)
(283, 45, 40707)
(283, 263, 52564)
(283, 164, 48235)
(283, 203, 74569)
(283, 267, 32682)
(283, 88, 48926)
(283, 280, 21662)
(283, 217, 54768)
(283, 87, 2906)
(283, 90, 65244)
(283, 129, 56164)
(283, 105, 35793)
(283, 148, 37417)
(283, 120, 1789)
(283, 78, 60796)
(283, 109, 32929)
(283, 26, 2337)
(283, 232, 50468)
(283, 24, 42799)
(283, 146, 47287)
(283, 258, 26773)
(283, 227, 21772)
(283, 110, 11148)
(284, 57, 12834)
(284, 172, 71570)
(284, 51, 59938)
(284, 1, 62312)
(284, 256, 4223)
(284, 27, 44783)
(284, 152, 11648)
(284, 123, 3866)
(284, 207, 15359)
(284, 125, 37395)
(284, 210, 7119)
(284, 49, 69774)
(284, 229, 75820)
(284, 155, 64363)
(284, 234, 6646)
(284, 254, 58059)
(284, 115, 33583)
(284, 124, 12628)
(284, 132, 43289)
(284, 21, 16986)
(284, 233, 28091)
(284, 227, 24083)
(284, 139, 18762)
(284, 241, 70678)
(284, 126, 29637)
(284, 22, 46509)
(284, 42, 32499)
(284, 170, 39062)
(284, 24, 29578)
(284, 64, 28823)
(284, 272, 24017)
(284, 87, 10636)
(284, 136, 10773)
(284, 109, 66227)
(284, 174, 23016)
(284, 275, 2765)
(284, 176, 27167)
(284, 107, 30965)
(284, 133, 6776)
(284, 267, 58002)
(284, 103, 33598)
(284, 183, 66714)
(284, 163, 49281)
(284, 209, 54135)
(284, 81, 74373)
(284, 214, 2516)
(284, 148, 67109)
(284, 4, 33450)
(284, 70, 64189)
(284, 255, 6228)
(284, 78, 40245)
(284, 2, 14937)
(284, 228, 47178)
(284, 224, 35478)
(284, 270, 23305)
(284, 191, 59445)
(284, 245, 48898)
(284, 137, 75436)
(284, 185, 47978)
(284, 220, 40257)
(284, 199, 19837)
(284, 237, 5320)
(284, 240, 75257)
(284, 31, 39044)
(284, 167, 55139)
(284, 203, 40515)
(284, 194, 23989)
(284, 198, 54015)
(284, 118, 36285)
(284, 252, 68673)
(284, 171, 44600)
(284, 218, 17153)
(284, 263, 71211)
(284, 250, 58792)
(284, 26, 39986)
(284, 30, 14364)
(284, 173, 44702)
(284, 282, 13039)
(284, 144, 27982)
(284, 99, 2944)
(284, 157, 61423)
(284, 8, 48810)
(284, 41, 61384)
(284, 111, 40555)
(284, 271, 73266)
(284, 5, 815)
(284, 225, 61566)
(284, 18, 49121)
(284, 116, 30247)
(284, 146, 35912)
(284, 156, 72069)
(284, 3, 2150)
(284, 65, 3585)
(284, 17, 20027)
(284, 120, 18139)
(284, 77, 61107)
(284, 46, 13314)
(284, 216, 6249)
(284, 6, 13226)
(284, 235, 56305)
(284, 127, 37435)
(284, 160, 66607)
(284, 260, 73464)
(284, 226, 74997)
(284, 145, 9159)
(284, 55, 23855)
(284, 102, 31170)
(284, 261, 42990)
(284, 169, 14784)
(284, 230, 65659)
(284, 166, 54443)
(284, 130, 14347)
(284, 19, 13784)
(284, 10, 10565)
(284, 33, 52783)
(284, 140, 58706)
(284, 53, 12025)
(284, 9, 25498)
(284, 202, 37020)
(284, 29, 70527)
(284, 13, 18411)
(284, 0, 68466)
(284, 186, 62371)
(284, 28, 42667)
(284, 149, 16560)
(284, 195, 14375)
(284, 164, 45804)
(284, 150, 17973)
(284, 277, 74056)
(284, 159, 72602)
(284, 119, 38761)
(284, 196, 37172)
(284, 168, 69184)
(284, 265, 33509)
(284, 232, 15371)
(284, 66, 27449)
(284, 101, 45989)
(284, 14, 9051)
(284, 92, 22487)
(284, 180, 31050)
(284, 20, 9019)
(284, 129, 55892)
(284, 16, 68438)
(284, 182, 51346)
(284, 262, 36397)
(284, 197, 39366)
(284, 283, 40294)
(284, 15, 5617)
(284, 141, 49213)
(284, 221, 16507)
(284, 178, 54366)
(284, 247, 10620)
(284, 93, 12776)
(284, 278, 62813)
(284, 44, 10853)
(284, 192, 27793)
(284, 67, 9194)
(284, 219, 70092)
(284, 193, 32730)
(284, 95, 32344)
(284, 84, 5592)
(284, 40, 72160)
(284, 259, 51989)
(284, 249, 24271)
(284, 39, 225)
(284, 110, 4070)
(284, 98, 72674)
(284, 258, 37007)
(284, 190, 46874)
(284, 34, 24536)
(284, 208, 29191)
(284, 105, 38814)
(284, 162, 48279)
(284, 181, 18151)
(284, 91, 46733)
(284, 60, 49862)
(284, 175, 67420)
(284, 100, 13239)
(284, 88, 55961)
(284, 189, 39234)
(284, 35, 10551)
(284, 200, 21590)
(284, 281, 60202)
(284, 147, 32478)
(284, 45, 5321)
(284, 113, 55365)
(284, 23, 32986)
(284, 222, 44810)
(284, 71, 1261)
(284, 48, 29521)
(285, 92, 50041)
(285, 119, 16462)
(285, 133, 40887)
(285, 75, 74612)
(285, 161, 4457)
(285, 52, 76315)
(285, 123, 57313)
(285, 127, 2291)
(285, 46, 30036)
(285, 25, 55358)
(285, 275, 9545)
(285, 185, 22789)
(285, 230, 74547)
(285, 172, 38938)
(285, 112, 31156)
(285, 98, 8269)
(285, 156, 15314)
(285, 209, 29980)
(285, 40, 76061)
(285, 238, 9475)
(285, 130, 55337)
(285, 21, 42806)
(285, 171, 43463)
(285, 219, 48125)
(285, 37, 31543)
(285, 90, 20849)
(285, 266, 57846)
(285, 91, 27296)
(285, 256, 66923)
(285, 100, 34675)
(285, 283, 15066)
(285, 13, 20864)
(285, 244, 31757)
(285, 20, 19868)
(285, 80, 18867)
(285, 258, 10808)
(285, 210, 42822)
(285, 243, 64273)
(285, 233, 28756)
(285, 54, 15775)
(285, 141, 6024)
(285, 48, 38343)
(285, 181, 35113)
(285, 86, 19391)
(285, 11, 47602)
(285, 12, 33056)
(285, 279, 29005)
(285, 17, 28015)
(285, 65, 1970)
(285, 162, 27547)
(285, 33, 5605)
(285, 71, 69090)
(285, 121, 56958)
(285, 247, 28501)
(285, 146, 22829)
(285, 261, 2152)
(285, 246, 75681)
(285, 152, 63833)
(285, 218, 57640)
(285, 235, 46897)
(285, 215, 60978)
(285, 259, 43310)
(285, 42, 10552)
(285, 151, 16445)
(285, 154, 68547)
(285, 69, 68273)
(285, 228, 1319)
(285, 105, 15494)
(285, 94, 31603)
(285, 265, 6533)
(285, 129, 14134)
(285, 240, 28162)
(285, 53, 70625)
(285, 191, 48055)
(285, 260, 22219)
(285, 205, 70721)
(285, 169, 22)
(285, 200, 13802)
(285, 224, 38663)
(285, 77, 64607)
(285, 150, 22013)
(285, 113, 20063)
(285, 227, 26211)
(285, 31, 51457)
(285, 104, 70530)
(285, 3, 53941)
(285, 177, 62017)
(285, 122, 19699)
(285, 282, 4835)
(285, 118, 64280)
(285, 6, 46778)
(285, 34, 37976)
(285, 56, 59799)
(285, 61, 9269)
(285, 83, 21977)
(285, 145, 27858)
(285, 160, 64751)
(285, 184, 3396)
(285, 206, 50378)
(285, 214, 33366)
(285, 41, 26975)
(285, 180, 51963)
(285, 76, 70894)
(285, 32, 23618)
(285, 73, 64979)
(285, 186, 13420)
(285, 212, 10932)
(285, 188, 33369)
(285, 175, 33986)
(285, 201, 53390)
(285, 59, 27934)
(285, 4, 58046)
(285, 149, 40386)
(285, 117, 54876)
(285, 144, 16257)
(285, 62, 20642)
(285, 87, 61464)
(285, 176, 13593)
(285, 187, 6437)
(285, 277, 18708)
(285, 101, 38028)
(285, 111, 21942)
(286, 70, 34426)
(286, 198, 32083)
(286, 25, 34108)
(286, 107, 69152)
(286, 32, 6828)
(286, 263, 59689)
(286, 36, 25726)
(286, 93, 71266)
(286, 119, 74328)
(286, 33, 69248)
(286, 262, 45681)
(286, 248, 64100)
(286, 269, 28056)
(286, 159, 22749)
(286, 71, 17956)
(286, 222, 27953)
(286, 85, 36765)
(286, 166, 5728)
(286, 31, 62866)
(286, 20, 11748)
(286, 170, 77)
(286, 258, 42444)
(286, 117, 54081)
(286, 204, 999)
(286, 57, 53971)
(286, 218, 21076)
(286, 84, 75825)
(286, 139, 71184)
(286, 274, 57414)
(286, 146, 3331)
(286, 187, 9800)
(286, 122, 54967)
(286, 42, 62374)
(286, 150, 28006)
(286, 39, 18078)
(286, 191, 49173)
(286, 167, 51124)
(286, 213, 868)
(286, 193, 64537)
(286, 240, 24717)
(286, 164, 32150)
(286, 66, 6910)
(286, 110, 76372)
(286, 275, 69600)
(286, 162, 35487)
(286, 261, 69496)
(286, 233, 169)
(286, 211, 39273)
(286, 199, 1887)
(286, 260, 15975)
(286, 62, 43600)
(286, 37, 43117)
(286, 230, 20251)
(286, 265, 57683)
(286, 158, 63096)
(286, 272, 22888)
(286, 183, 10279)
(286, 268, 50580)
(286, 217, 40646)
(286, 1, 36907)
(286, 47, 51931)
(286, 138, 40267)
(286, 61, 3311)
(286, 284, 73656)
(286, 144, 9130)
(286, 250, 13804)
(286, 182, 74957)
(286, 142, 45723)
(286, 237, 35822)
(286, 209, 20321)
(286, 141, 53714)
(286, 203, 42714)
(286, 28, 41347)
(286, 18, 12384)
(286, 165, 32690)
(286, 118, 52189)
(286, 86, 46314)
(286, 202, 40909)
(286, 46, 35589)
(286, 124, 28531)
(286, 83, 71821)
(286, 196, 26641)
(286, 171, 51517)
(286, 210, 2889)
(286, 123, 55669)
(286, 153, 10727)
(286, 51, 39658)
(286, 74, 49684)
(286, 104, 32001)
(286, 29, 55844)
(286, 181, 52702)
(286, 282, 68501)
(286, 114, 68489)
(286, 205, 61350)
(286, 168, 60297)
(286, 229, 9441)
(286, 216, 56638)
(286, 120, 42033)
(286, 48, 72191)
(286, 270, 45719)
(286, 223, 49147)
(286, 26, 68804)
(286, 6, 42240)
(286, 176, 55672)
(286, 34, 53018)
(286, 180, 73426)
(286, 231, 68658)
(286, 189, 71872)
(286, 59, 63033)
(286, 277, 13780)
(286, 227, 36770)
(286, 244, 41527)
(286, 132, 23794)
(286, 73, 51114)
(286, 197, 52714)
(286, 115, 49212)
(286, 143, 58185)
(286, 137, 19203)
(286, 234, 52671)
(286, 169, 59100)
(286, 148, 19424)
(286, 24, 30918)
(286, 16, 39857)
(286, 207, 32449)
(286, 201, 31680)
(286, 113, 71372)
(286, 155, 22900)
(286, 106, 55575)
(286, 276, 11078)
(286, 100, 37455)
(286, 224, 3949)
(286, 241, 59130)
(286, 242, 42998)
(286, 111, 46197)
(286, 208, 32552)
(286, 103, 38695)
(286, 160, 22417)
(286, 54, 32659)
(286, 179, 71981)
(286, 235, 52161)
(286, 220, 2540)
(286, 245, 58403)
(286, 102, 10229)
(286, 186, 21515)
(286, 125, 19759)
(286, 243, 32351)
(286, 19, 48848)
(286, 58, 69707)
(286, 195, 42364)
(286, 88, 51656)
(286, 251, 45163)
(286, 89, 68542)
(286, 185, 74807)
(286, 82, 25101)
(286, 157, 71970)
(286, 252, 57002)
(286, 0, 32701)
(286, 184, 67033)
(286, 236, 20679)
(286, 173, 68753)
(286, 27, 73555)
(286, 109, 37442)
(286, 149, 17645)
(286, 130, 14464)
(286, 68, 10485)
(286, 278, 33538)
(286, 194, 19241)
(286, 134, 25256)
(286, 76, 6106)
(286, 63, 48505)
(286, 221, 50220)
(286, 256, 52307)
(286, 264, 53764)
(286, 13, 36558)
(286, 11, 36129)
(286, 215, 47085)
(286, 259, 6772)
(286, 151, 58857)
(286, 225, 56788)
(286, 283, 7490)
(286, 126, 37817)
(286, 14, 48014)
(286, 98, 69593)
(286, 65, 16646)
(286, 67, 43198)
(286, 178, 11973)
(286, 152, 25587)
(286, 161, 4870)
(286, 69, 22738)
(286, 64, 9341)
(286, 105, 40846)
(286, 55, 35616)
(286, 279, 13968)
(286, 21, 40723)
(286, 30, 6462)
(286, 97, 38642)
(286, 81, 53000)
(286, 271, 49815)
(286, 214, 6886)
(286, 99, 6030)
(286, 145, 35233)
(286, 128, 65126)
(286, 140, 60761)
(286, 129, 33505)
(286, 127, 7046)
(286, 90, 62198)
(286, 53, 16423)
(286, 190, 43384)
(286, 206, 2045)
(286, 254, 12734)
(286, 156, 14702)
(286, 246, 14897)
(286, 94, 28256)
(286, 136, 41937)
(286, 192, 15174)
(286, 108, 51929)
(286, 121, 32841)
(286, 281, 23849)
(286, 72, 39397)
(286, 133, 20743)
(286, 232, 11884)
(286, 273, 48875)
(286, 91, 71344)
(286, 12, 37375)
(286, 5, 20244)
(286, 163, 32598)
(286, 9, 22852)
(286, 226, 17185)
(286, 79, 1556)
(286, 253, 28651)
(286, 77, 51761)
(286, 56, 37728)
(286, 7, 50853)
(286, 96, 56422)
(286, 285, 12657)
(286, 257, 30347)
(286, 175, 61867)
(286, 131, 37377)
(286, 10, 17921)
(286, 41, 50622)
(286, 135, 64806)
(286, 80, 7092)
(286, 188, 56567)
(286, 44, 56498)
(286, 172, 57682)
(286, 40, 53228)
(286, 219, 53090)
(286, 17, 6)
(286, 23, 45446)
(286, 92, 1550)
(286, 4, 60186)
(287, 278, 55762)
(287, 194, 41534)
(287, 68, 29089)
(287, 131, 4472)
(287, 186, 58636)
(287, 279, 58157)
(287, 275, 58061)
(287, 26, 74694)
(287, 204, 8259)
(287, 182, 27477)
(287, 60, 50331)
(287, 115, 72870)
(287, 134, 25091)
(287, 67, 69585)
(287, 223, 50849)
(287, 154, 64055)
(287, 188, 73195)
(287, 213, 52937)
(287, 239, 58419)
(287, 2, 60957)
(287, 56, 48302)
(287, 124, 18764)
(287, 170, 30058)
(287, 162, 10543)
(287, 262, 69974)
(287, 215, 11310)
(287, 227, 75073)
(287, 167, 15325)
(287, 209, 62811)
(287, 122, 17792)
(287, 90, 63461)
(287, 242, 36486)
(287, 165, 71592)
(287, 257, 71965)
(287, 238, 71939)
(287, 280, 62987)
(287, 148, 54094)
(287, 53, 56503)
(287, 46, 30183)
(287, 282, 19302)
(287, 236, 7817)
(287, 118, 38181)
(287, 174, 59107)
(287, 180, 15047)
(287, 50, 3900)
(287, 266, 7998)
(287, 48, 4140)
(287, 57, 22204)
(287, 51, 33118)
(287, 86, 8176)
(287, 32, 27352)
(287, 168, 18965)
(287, 71, 3800)
(287, 244, 60360)
(287, 252, 62503)
(287, 42, 57565)
(287, 1, 73800)
(287, 205, 70865)
(287, 270, 17967)
(287, 247, 56719)
(287, 163, 59018)
(287, 140, 68209)
(287, 185, 6357)
(287, 263, 62884)
(287, 34, 11142)
(287, 176, 61238)
(287, 10, 53089)
(287, 212, 6059)
(287, 152, 61124)
(287, 139, 18659)
(287, 267, 26553)
(287, 157, 68216)
(287, 97, 11338)
(287, 199, 76048)
(287, 195, 63184)
(287, 192, 18778)
(287, 158, 51137)
(287, 159, 32147)
(287, 38, 39679)
(287, 15, 39178)
(287, 211, 2465)
(287, 144, 9277)
(287, 207, 21553)
(287, 88, 18570)
(287, 0, 73749)
(287, 133, 31067)
(287, 5, 43877)
(287, 3, 60862)
(287, 117, 61335)
(287, 75, 38355)
(287, 190, 26706)
(287, 260, 433)
(287, 161, 11578)
(287, 112, 45842)
(287, 96, 40088)
(287, 183, 73317)
(287, 19, 57352)
(287, 7, 11015)
(287, 198, 52357)
(287, 286, 30008)
(287, 272, 54473)
(287, 111, 60800)
(287, 35, 37309)
(287, 187, 6945)
(287, 243, 2133)
(287, 87, 13826)
(287, 65, 52585)
(287, 94, 59658)
(287, 78, 68577)
(287, 24, 5541)
(287, 218, 36471)
(287, 214, 49666)
(287, 22, 23946)
(287, 29, 48053)
(287, 113, 60779)
(287, 25, 36164)
(287, 283, 14854)
(287, 80, 74899)
(287, 269, 12029)
(287, 89, 3888)
(287, 193, 51537)
(287, 281, 30109)
(287, 81, 12175)
(287, 202, 61170)
(287, 128, 45282)
(287, 175, 7081)
(287, 6, 40469)
(287, 39, 7510)
(287, 196, 51010)
(287, 83, 3102)
(287, 220, 27602)
(287, 138, 10094)
(287, 155, 18298)
(287, 66, 40870)
(287, 121, 4890)
(287, 84, 68756)
(287, 254, 70978)
(287, 231, 14349)
(287, 253, 76005)
(287, 164, 25815)
(287, 136, 19562)
(287, 284, 18193)
(287, 160, 18326)
(287, 4, 48001)
(287, 54, 12607)
(287, 245, 18898)
(287, 277, 32376)
(287, 74, 44056)
(287, 233, 15918)
(287, 28, 76033)
(287, 59, 6721)
(287, 116, 5047)
(287, 82, 73846)
(288, 94, 30138)
(288, 155, 36671)
(288, 204, 908)
(288, 62, 56608)
(288, 169, 10124)
(288, 170, 14451)
(288, 190, 20626)
(288, 210, 1289)
(288, 96, 45572)
(288, 262, 69174)
(288, 6, 23359)
(288, 143, 52826)
(288, 1, 44358)
(288, 146, 43487)
(288, 227, 27792)
(288, 277, 49919)
(288, 162, 72121)
(288, 195, 66737)
(288, 130, 28447)
(288, 198, 9150)
(288, 178, 507)
(288, 261, 29796)
(288, 129, 45990)
(288, 48, 26410)
(288, 23, 2587)
(288, 274, 68950)
(288, 52, 20153)
(288, 8, 27748)
(288, 273, 4189)
(288, 68, 55373)
(288, 224, 17690)
(288, 39, 30414)
(288, 12, 57858)
(288, 287, 19423)
(288, 186, 46507)
(288, 237, 51918)
(288, 77, 49383)
(288, 140, 74256)
(288, 248, 63668)
(288, 191, 66147)
(288, 286, 17908)
(288, 136, 34410)
(288, 209, 63325)
(288, 192, 56804)
(288, 217, 72074)
(288, 164, 33226)
(288, 58, 70559)
(288, 206, 72152)
(288, 3, 33335)
(288, 57, 50020)
(288, 243, 21164)
(288, 88, 72956)
(288, 29, 52899)
(288, 134, 45201)
(288, 171, 12504)
(288, 166, 59545)
(288, 180, 64889)
(288, 85, 54932)
(288, 117, 7588)
(288, 165, 36323)
(288, 265, 66154)
(288, 2, 69575)
(288, 202, 16401)
(288, 223, 8424)
(288, 232, 35939)
(288, 93, 52311)
(288, 69, 59727)
(288, 101, 43680)
(288, 147, 43148)
(288, 45, 44738)
(288, 89, 43954)
(288, 275, 45209)
(288, 284, 70807)
(288, 228, 7860)
(288, 148, 72652)
(288, 257, 15189)
(288, 278, 19168)
(288, 5, 45325)
(288, 172, 20183)
(288, 234, 4014)
(288, 4, 55116)
(288, 207, 46212)
(288, 103, 73998)
(288, 78, 19389)
(288, 124, 62413)
(288, 158, 6697)
(288, 133, 62284)
(288, 229, 16948)
(288, 213, 53279)
(288, 251, 4601)
(288, 182, 42644)
(288, 54, 64049)
(288, 18, 59893)
(288, 81, 25848)
(288, 50, 55608)
(288, 238, 20468)
(288, 47, 63775)
(288, 26, 8120)
(288, 127, 75005)
(288, 76, 52389)
(288, 154, 2636)
(288, 157, 50478)
(288, 75, 48249)
(288, 235, 29955)
(288, 271, 30694)
(288, 28, 45229)
(288, 174, 62854)
(288, 268, 76313)
(288, 73, 71198)
(288, 239, 35276)
(288, 74, 36145)
(288, 64, 45856)
(288, 34, 47338)
(288, 185, 21791)
(288, 266, 65150)
(288, 30, 54301)
(288, 173, 23108)
(289, 98, 60514)
(289, 38, 62564)
(289, 15, 53453)
(289, 45, 1208)
(289, 218, 17280)
(289, 133, 1054)
(289, 116, 31527)
(289, 109, 74127)
(289, 20, 34374)
(289, 126, 33009)
(289, 246, 61342)
(289, 84, 20047)
(289, 134, 24754)
(289, 96, 12117)
(289, 283, 29020)
(289, 233, 29116)
(289, 137, 8441)
(289, 65, 67553)
(289, 167, 26951)
(289, 269, 56085)
(289, 26, 43258)
(289, 215, 35057)
(289, 253, 32633)
(289, 36, 45813)
(289, 197, 8701)
(289, 168, 59538)
(289, 74, 43986)
(289, 81, 5203)
(289, 102, 1143)
(289, 203, 4492)
(289, 196, 2442)
(289, 155, 38859)
(289, 174, 74294)
(289, 99, 27506)
(289, 230, 26814)
(289, 77, 69217)
(289, 1, 52081)
(289, 10, 49941)
(289, 149, 49025)
(289, 146, 17456)
(289, 284, 40017)
(289, 56, 70327)
(289, 244, 23056)
(289, 27, 43376)
(289, 160, 13372)
(289, 55, 56927)
(289, 229, 54077)
(289, 123, 62819)
(289, 204, 62775)
(289, 132, 15774)
(289, 286, 29357)
(289, 201, 29373)
(289, 260, 3790)
(289, 239, 45754)
(289, 185, 62758)
(289, 243, 22575)
(289, 163, 9242)
(289, 57, 63724)
(289, 157, 56956)
(289, 37, 69754)
(289, 83, 47102)
(289, 95, 72215)
(289, 164, 49745)
(289, 240, 48372)
(289, 39, 8673)
(289, 7, 26599)
(289, 67, 66463)
(289, 42, 44043)
(289, 247, 18694)
(289, 277, 4972)
(289, 156, 72859)
(289, 223, 34603)
(289, 41, 42485)
(289, 154, 59726)
(289, 221, 26505)
(289, 217, 10295)
(289, 52, 69855)
(289, 139, 34130)
(289, 135, 4557)
(289, 97, 70915)
(289, 178, 5588)
(289, 288, 7657)
(289, 49, 67155)
(289, 251, 12017)
(289, 103, 10323)
(289, 173, 72110)
(289, 258, 64090)
(289, 250, 11968)
(289, 32, 49065)
(289, 129, 47751)
(289, 238, 72644)
(289, 285, 70465)
(289, 125, 36877)
(289, 274, 60305)
(289, 73, 30977)
(289, 63, 11189)
(289, 275, 16758)
(289, 108, 60234)
(289, 183, 24240)
(289, 30, 59069)
(289, 143, 49194)
(289, 262, 44792)
(289, 114, 30192)
(289, 142, 33193)
(289, 94, 55966)
(289, 195, 51930)
(289, 179, 8979)
(289, 245, 57100)
(289, 272, 28386)
(289, 31, 17852)
(289, 276, 36184)
(289, 76, 23550)
(289, 138, 9462)
(290, 167, 70819)
(290, 230, 56219)
(290, 164, 48024)
(290, 93, 45044)
(290, 41, 9156)
(290, 189, 3802)
(290, 208, 40053)
(290, 16, 49374)
(290, 125, 52115)
(290, 256, 68429)
(290, 199, 49964)
(290, 86, 70449)
(290, 106, 44046)
(290, 82, 69458)
(290, 0, 68672)
(290, 225, 34391)
(290, 98, 4700)
(290, 255, 64620)
(290, 79, 49260)
(290, 286, 69345)
(290, 163, 52570)
(290, 119, 16485)
(290, 184, 68865)
(290, 242, 30500)
(290, 219, 63832)
(290, 109, 67595)
(290, 3, 54289)
(290, 248, 16946)
(290, 8, 60708)
(290, 110, 62793)
(290, 45, 66878)
(290, 75, 33913)
(290, 202, 66921)
(290, 232, 17424)
(290, 96, 57616)
(290, 285, 66793)
(290, 194, 35607)
(290, 152, 53644)
(290, 36, 53029)
(290, 162, 16774)
(290, 19, 36338)
(290, 284, 50866)
(290, 172, 6091)
(290, 34, 29032)
(290, 170, 10834)
(290, 228, 44423)
(290, 104, 12608)
(290, 62, 74883)
(290, 247, 19042)
(290, 85, 59732)
(290, 188, 14676)
(290, 60, 67549)
(290, 274, 34429)
(290, 147, 65823)
(290, 220, 62907)
(290, 204, 14345)
(290, 122, 74577)
(290, 168, 35316)
(290, 211, 3711)
(290, 100, 40140)
(290, 20, 12949)
(290, 215, 57479)
(290, 275, 14954)
(290, 250, 47785)
(290, 99, 48710)
(290, 277, 52769)
(290, 134, 12950)
(290, 35, 5093)
(290, 229, 1531)
(290, 155, 28142)
(290, 29, 3238)
(290, 244, 431)
(290, 84, 54579)
(290, 143, 72334)
(290, 6, 7709)
(290, 141, 43658)
(290, 78, 58912)
(290, 142, 66032)
(290, 71, 39633)
(290, 118, 54806)
(290, 268, 38407)
(290, 107, 71892)
(290, 283, 13410)
(290, 133, 19936)
(290, 22, 38031)
(290, 183, 36046)
(290, 30, 62229)
(290, 258, 34263)
(290, 124, 55088)
(290, 49, 24911)
(290, 146, 6241)
(290, 140, 29807)
(290, 111, 5199)
(290, 176, 23963)
(290, 116, 40355)
(290, 87, 782)
(290, 214, 50288)
(290, 171, 53329)
(290, 174, 6549)
(290, 165, 8378)
(290, 154, 3471)
(290, 80, 24406)
(290, 282, 13643)
(290, 243, 7707)
(290, 226, 60019)
(290, 238, 52104)
(290, 26, 71612)
(290, 48, 57526)
(290, 112, 19443)
(290, 182, 42404)
(290, 38, 9465)
(290, 166, 72570)
(290, 24, 60911)
(290, 278, 13016)
(290, 64, 24007)
(290, 130, 25121)
(290, 279, 40422)
(290, 2, 15095)
(290, 236, 67382)
(290, 260, 22610)
(290, 89, 22945)
(290, 51, 64863)
(290, 53, 21016)
(290, 23, 22102)
(290, 288, 20121)
(290, 266, 28066)
(290, 43, 56465)
(290, 65, 52121)
(290, 57, 43749)
(290, 190, 59102)
(291, 37, 9962)
(291, 27, 46386)
(291, 16, 76118)
(291, 197, 3131)
(291, 223, 12148)
(291, 115, 18564)
(291, 118, 1000)
(291, 286, 16327)
(291, 196, 1923)
(291, 15, 4090)
(291, 177, 66710)
(291, 209, 5195)
(291, 0, 45112)
(291, 8, 15527)
(291, 133, 11266)
(291, 64, 42898)
(291, 274, 23415)
(291, 24, 55436)
(291, 244, 38147)
(291, 32, 42507)
(291, 228, 32703)
(291, 147, 61706)
(291, 94, 27690)
(291, 102, 27630)
(291, 263, 4042)
(291, 14, 19493)
(291, 246, 75625)
(291, 185, 27930)
(291, 183, 71434)
(291, 231, 42205)
(291, 230, 3590)
(291, 151, 24069)
(291, 270, 22304)
(291, 186, 38358)
(291, 171, 31415)
(291, 257, 44583)
(291, 204, 46122)
(291, 1, 52442)
(291, 113, 70167)
(291, 60, 3764)
(291, 255, 2090)
(291, 220, 10673)
(291, 200, 3984)
(291, 110, 75575)
(291, 100, 31714)
(291, 22, 65024)
(291, 69, 69426)
(291, 116, 39578)
(291, 120, 37850)
(291, 39, 55494)
(291, 212, 34423)
(291, 259, 46706)
(291, 33, 10447)
(291, 21, 13151)
(291, 234, 62862)
(291, 252, 23487)
(291, 50, 32108)
(291, 41, 1808)
(291, 142, 62195)
(291, 74, 28566)
(291, 18, 36754)
(291, 265, 1981)
(291, 152, 15512)
(291, 25, 2383)
(291, 248, 61738)
(291, 206, 34606)
(291, 164, 35330)
(291, 174, 16562)
(291, 38, 55426)
(291, 9, 2884)
(291, 132, 59618)
(291, 26, 27168)
(291, 242, 32258)
(291, 218, 2832)
(291, 76, 53582)
(291, 129, 52491)
(291, 65, 35280)
(291, 63, 4343)
(292, 188, 10043)
(292, 88, 65194)
(292, 250, 75923)
(292, 23, 31441)
(292, 209, 461)
(292, 61, 8367)
(292, 280, 40074)
(292, 175, 58764)
(292, 176, 38551)
(292, 46, 18171)
(292, 227, 15517)
(292, 155, 44770)
(292, 286, 39497)
(292, 16, 33744)
(292, 251, 20980)
(292, 78, 5623)
(292, 225, 71831)
(292, 159, 17585)
(292, 62, 35004)
(292, 268, 2407)
(292, 34, 11850)
(293, 15, 67537)
(293, 77, 53217)
(293, 70, 32826)
(293, 147, 76254)
(293, 2, 68304)
(293, 155, 16010)
(293, 272, 42601)
(293, 69, 4190)
(293, 275, 56806)
(293, 100, 68882)
(293, 252, 56919)
(293, 17, 1052)
(293, 180, 61679)
(293, 203, 33674)
(293, 55, 56088)
(293, 197, 76438)
(293, 8, 12199)
(293, 161, 10096)
(293, 53, 9469)
(293, 258, 28625)
(293, 3, 51284)
(293, 191, 65956)
(293, 59, 61541)
(293, 26, 45497)
(293, 11, 27410)
(293, 31, 2035)
(293, 91, 71794)
(293, 271, 9706)
(293, 92, 21917)
(293, 98, 13839)
(293, 166, 70780)
(293, 74, 56493)
(293, 263, 30278)
(293, 131, 39432)
(293, 196, 16772)
(293, 133, 72272)
(293, 204, 44754)
(293, 212, 26471)
(293, 246, 18948)
(293, 116, 15683)
(293, 250, 11460)
(293, 119, 69093)
(293, 137, 63823)
(293, 1, 67661)
(293, 286, 75135)
(293, 218, 11538)
(293, 194, 29811)
(293, 240, 41422)
(293, 242, 22570)
(293, 169, 40563)
(293, 44, 38491)
(293, 138, 67580)
(293, 231, 12516)
(293, 278, 74053)
(293, 160, 50916)
(293, 290, 15753)
(293, 68, 21621)
(293, 167, 60280)
(293, 229, 23888)
(293, 220, 43683)
(293, 64, 49572)
(293, 46, 67552)
(293, 171, 48697)
(293, 18, 59462)
(293, 118, 39978)
(293, 227, 65182)
(293, 114, 63669)
(293, 186, 57684)
(293, 158, 28345)
(293, 192, 49644)
(293, 16, 68782)
(293, 7, 69844)
(293, 153, 6307)
(293, 49, 59891)
(293, 128, 54805)
(293, 152, 20375)
(293, 253, 25178)
(293, 101, 68107)
(293, 238, 6963)
(293, 141, 74194)
(293, 274, 30796)
(293, 65, 59108)
(293, 185, 39657)
(293, 223, 74065)
(293, 184, 76380)
(293, 127, 4540)
(293, 121, 17712)
(293, 292, 42849)
(293, 14, 67386)
(293, 226, 21140)
(294, 49, 51453)
(294, 214, 16590)
(294, 219, 52760)
(294, 253, 21597)
(294, 8, 48007)
(294, 168, 14414)
(294, 99, 2447)
(294, 244, 42304)
(294, 266, 18757)
(294, 0, 71706)
(294, 215, 50541)
(294, 84, 70423)
(294, 283, 69951)
(294, 280, 45100)
(294, 236, 64898)
(294, 173, 23187)
(294, 186, 49910)
(294, 57, 28385)
(294, 190, 74239)
(294, 159, 42251)
(294, 245, 42816)
(294, 196, 46454)
(294, 165, 32051)
(294, 30, 30164)
(294, 145, 28870)
(294, 85, 53710)
(294, 76, 28637)
(294, 101, 26809)
(294, 21, 25090)
(294, 171, 28573)
(294, 61, 11444)
(294, 164, 5810)
(294, 246, 39673)
(294, 29, 9776)
(294, 231, 4400)
(294, 23, 7682)
(294, 42, 48830)
(294, 124, 45536)
(294, 86, 58715)
(294, 221, 58354)
(294, 167, 63862)
(294, 259, 64433)
(294, 35, 61763)
(294, 46, 49032)
(294, 199, 31557)
(294, 102, 45556)
(294, 207, 62609)
(294, 16, 73719)
(294, 71, 76401)
(294, 166, 75677)
(294, 292, 29793)
(294, 232, 40286)
(294, 155, 24889)
(294, 136, 26724)
(294, 144, 19638)
(294, 91, 59429)
(294, 176, 12627)
(294, 121, 41165)
(294, 247, 17392)
(294, 255, 66727)
(294, 248, 17331)
(294, 240, 49509)
(294, 128, 7028)
(294, 127, 23391)
(294, 262, 70187)
(294, 226, 26543)
(294, 17, 62551)
(294, 233, 15927)
(294, 256, 63814)
(294, 39, 7700)
(294, 44, 17969)
(294, 204, 2596)
(294, 183, 53759)
(294, 189, 29228)
(294, 14, 47264)
(294, 72, 76427)
(294, 147, 59753)
(294, 28, 2705)
(294, 238, 11820)
(294, 95, 57752)
(294, 175, 13209)
(294, 257, 53615)
(294, 38, 23374)
(294, 140, 63897)
(294, 32, 33712)
(294, 156, 39317)
(294, 105, 38426)
(294, 161, 32602)
(294, 264, 8351)
(294, 78, 13656)
(295, 174, 43332)
(295, 138, 10518)
(295, 245, 67007)
(295, 4, 31986)
(295, 121, 21797)
(295, 93, 26753)
(295, 103, 9719)
(295, 171, 21197)
(295, 196, 58260)
(295, 239, 33382)
(295, 90, 11960)
(295, 219, 42334)
(295, 59, 17265)
(295, 149, 24325)
(295, 191, 65944)
(295, 75, 6519)
(295, 194, 57716)
(295, 152, 67388)
(295, 18, 44615)
(295, 126, 47786)
(295, 159, 3778)
(295, 286, 11253)
(295, 134, 51860)
(295, 139, 11322)
(295, 95, 10842)
(295, 230, 2617)
(295, 17, 26888)
(295, 259, 61405)
(295, 16, 24463)
(295, 180, 43904)
(295, 127, 2632)
(295, 156, 12024)
(295, 172, 60446)
(295, 57, 46379)
(295, 88, 49917)
(295, 269, 43437)
(295, 199, 6360)
(295, 153, 18368)
(295, 287, 14421)
(295, 40, 71252)
(295, 28, 32038)
(295, 63, 20764)
(295, 278, 37457)
(295, 11, 20064)
(295, 150, 71156)
(295, 133, 23929)
(295, 55, 5073)
(295, 78, 40596)
(295, 251, 16490)
(295, 233, 67482)
(295, 108, 26777)
(295, 268, 23510)
(295, 110, 11443)
(295, 248, 47196)
(295, 215, 34604)
(295, 117, 12870)
(295, 158, 70975)
(295, 5, 24562)
(295, 160, 57861)
(295, 270, 18598)
(295, 283, 40339)
(295, 51, 27549)
(295, 123, 7524)
(295, 58, 10347)
(295, 83, 15791)
(295, 170, 7590)
(295, 263, 17135)
(295, 113, 73407)
(295, 112, 58595)
(295, 12, 28740)
(295, 49, 9164)
(295, 30, 28087)
(295, 222, 3902)
(295, 162, 32607)
(295, 288, 42865)
(295, 120, 67199)
(295, 76, 43862)
(295, 206, 36975)
(295, 244, 20636)
(295, 50, 24635)
(295, 145, 69063)
(295, 177, 6235)
(295, 183, 17121)
(295, 86, 3750)
(295, 168, 39123)
(295, 243, 16015)
(295, 143, 2554)
(295, 212, 21949)
(295, 13, 35378)
(295, 155, 4613)
(295, 201, 16692)
(295, 164, 5738)
(295, 163, 19600)
(295, 62, 72988)
(295, 73, 29136)
(295, 89, 41011)
(295, 137, 7407)
(295, 280, 20310)
(295, 224, 34618)
(295, 167, 61245)
(295, 285, 69728)
(295, 129, 66221)
(295, 273, 10973)
(295, 60, 57969)
(295, 202, 62408)
(295, 165, 60012)
(295, 184, 73711)
(295, 274, 50322)
(295, 154, 25805)
(295, 181, 69446)
(295, 252, 28908)
(295, 77, 23577)
(295, 261, 75334)
(295, 20, 40757)
(295, 106, 68134)
(295, 178, 4859)
(295, 264, 62508)
(295, 208, 29508)
(295, 47, 35096)
(295, 173, 56111)
(295, 25, 41149)
(295, 238, 56833)
(295, 226, 55645)
(295, 107, 2131)
(295, 131, 58170)
(295, 231, 72231)
(295, 87, 61131)
(295, 68, 30915)
(295, 223, 30717)
(295, 99, 42403)
(295, 19, 39639)
(295, 38, 48150)
(295, 79, 29550)
(295, 282, 68321)
(295, 277, 46618)
(295, 33, 38545)
(295, 72, 35732)
(295, 118, 69775)
(295, 195, 50074)
(295, 211, 176)
(295, 207, 55891)
(295, 54, 19408)
(295, 279, 6386)
(295, 53, 75881)
(295, 2, 18184)
(295, 91, 46030)
(295, 69, 56692)
(295, 140, 20828)
(295, 292, 50715)
(295, 260, 73898)
(295, 70, 8101)
(295, 240, 60649)
(295, 65, 18940)
(295, 228, 71835)
(295, 254, 51552)
(295, 210, 59858)
(295, 141, 47236)
(295, 61, 58804)
(295, 15, 41806)
(295, 284, 56043)
(295, 66, 62464)
(295, 247, 48375)
(295, 67, 29270)
(295, 188, 52059)
(295, 182, 52135)
(295, 111, 20385)
(295, 203, 68161)
(295, 85, 47887)
(295, 236, 3654)
(295, 115, 48685)
(295, 101, 49768)
(295, 256, 45357)
(295, 82, 22387)
(295, 293, 51274)
(295, 193, 45343)
(295, 169, 75131)
(295, 237, 70729)
(295, 6, 68770)
(295, 217, 75855)
(295, 119, 13875)
(295, 272, 26258)
(295, 186, 21155)
(295, 205, 49513)
(295, 64, 33883)
(295, 166, 27039)
(295, 291, 49423)
(295, 124, 16913)
(295, 44, 62506)
(295, 14, 21303)
(295, 189, 9107)
(295, 289, 44571)
(295, 190, 44424)
(295, 185, 63335)
(295, 192, 47640)
(295, 175, 49631)
(295, 262, 55002)
(295, 179, 67369)
(295, 144, 13296)
(295, 281, 11938)
(295, 255, 59825)
(295, 98, 72887)
(295, 132, 20598)
(295, 257, 30013)
(295, 56, 45751)
(295, 104, 37166)
(295, 275, 20308)
(295, 200, 47172)
(295, 258, 73666)
(295, 37, 10008)
(295, 97, 3226)
(295, 52, 14004)
(295, 130, 12229)
(295, 198, 30038)
(295, 35, 57542)
(295, 36, 40675)
(296, 80, 20123)
(296, 208, 2134)
(296, 135, 34851)
(296, 168, 69999)
(296, 49, 35571)
(296, 87, 53605)
(296, 117, 32898)
(296, 220, 72179)
(296, 64, 51459)
(296, 0, 74137)
(296, 111, 73184)
(296, 83, 49640)
(296, 12, 2860)
(296, 251, 60097)
(296, 52, 18155)
(296, 74, 13441)
(296, 103, 2658)
(296, 95, 66963)
(296, 201, 22290)
(296, 223, 55262)
(296, 44, 64518)
(296, 31, 62814)
(296, 198, 4558)
(296, 295, 28371)
(296, 186, 14103)
(296, 126, 48322)
(296, 150, 13100)
(296, 249, 10697)
(296, 38, 27007)
(296, 72, 69142)
(296, 62, 39291)
(296, 18, 37808)
(296, 102, 23553)
(296, 190, 32181)
(296, 15, 73396)
(296, 163, 71049)
(296, 272, 7826)
(296, 8, 15150)
(296, 232, 31237)
(296, 242, 13470)
(296, 197, 11739)
(296, 268, 36577)
(296, 216, 46439)
(296, 187, 20402)
(296, 262, 71868)
(296, 256, 32302)
(296, 27, 24318)
(296, 273, 46137)
(296, 78, 50008)
(296, 290, 30898)
(296, 28, 65352)
(296, 53, 47551)
(296, 10, 61567)
(296, 48, 65059)
(296, 172, 68810)
(296, 267, 5952)
(296, 143, 17275)
(296, 121, 68414)
(296, 269, 36190)
(296, 6, 19347)
(296, 154, 32571)
(296, 185, 31623)
(296, 170, 70710)
(296, 45, 52397)
(296, 98, 9507)
(296, 99, 75701)
(296, 115, 22845)
(296, 199, 73919)
(296, 263, 73877)
(296, 217, 55385)
(296, 142, 52080)
(296, 26, 66661)
(296, 248, 66037)
(296, 109, 36076)
(296, 193, 31582)
(296, 85, 23258)
(296, 105, 50072)
(296, 230, 36594)
(296, 259, 21963)
(296, 130, 17720)
(296, 113, 59694)
(296, 293, 66263)
(296, 134, 1825)
(296, 50, 67511)
(296, 84, 7316)
(296, 140, 73740)
(296, 42, 35082)
(296, 280, 61029)
(296, 211, 8724)
(296, 125, 71628)
(296, 108, 57618)
(296, 81, 7139)
(296, 214, 23539)
(296, 22, 48181)
(296, 253, 68293)
(296, 243, 75460)
(296, 128, 21523)
(297, 110, 50431)
(297, 282, 46438)
(297, 179, 10621)
(297, 266, 13001)
(297, 222, 40663)
(297, 125, 46475)
(297, 63, 28660)
(297, 36, 14215)
(297, 277, 37934)
(297, 183, 19937)
(297, 227, 65160)
(297, 136, 63603)
(297, 158, 53457)
(297, 16, 22330)
(297, 121, 48021)
(297, 48, 39949)
(297, 280, 8951)
(297, 196, 73395)
(297, 126, 55523)
(297, 211, 60366)
(297, 101, 72293)
(297, 25, 21897)
(297, 86, 37474)
(297, 248, 28323)
(297, 0, 4085)
(297, 254, 6078)
(297, 150, 53987)
(297, 270, 73712)
(297, 77, 1146)
(297, 198, 21246)
(297, 22, 27530)
(297, 124, 16995)
(297, 72, 28750)
(297, 146, 48837)
(297, 134, 60981)
(297, 49, 44460)
(297, 173, 58838)
(297, 265, 7084)
(297, 235, 2708)
(297, 30, 22051)
(297, 12, 61346)
(297, 253, 67948)
(297, 215, 65898)
(297, 261, 36715)
(297, 184, 75986)
(297, 112, 23200)
(297, 133, 43039)
(297, 35, 55211)
(297, 260, 47020)
(297, 29, 43694)
(297, 118, 40959)
(297, 74, 66838)
(297, 139, 187)
(297, 31, 22597)
(297, 289, 1584)
(297, 262, 61490)
(297, 128, 75597)
(297, 67, 52544)
(297, 187, 56514)
(297, 202, 30503)
(297, 54, 34182)
(297, 108, 49894)
(297, 80, 3050)
(297, 240, 14089)
(297, 247, 9917)
(297, 287, 13250)
(297, 20, 13715)
(297, 14, 75357)
(297, 159, 40660)
(297, 40, 32737)
(297, 288, 21806)
(297, 84, 17411)
(297, 69, 1166)
(297, 224, 9452)
(297, 105, 24996)
(297, 65, 67156)
(297, 228, 51244)
(297, 95, 13028)
(297, 114, 18404)
(297, 169, 26974)
(297, 207, 37565)
(297, 104, 1312)
(297, 189, 38908)
(297, 172, 31107)
(297, 138, 22695)
(297, 259, 51675)
(297, 283, 28452)
(297, 267, 1416)
(297, 100, 48179)
(297, 141, 62710)
(297, 157, 53531)
(297, 244, 45613)
(297, 162, 11231)
(297, 232, 19558)
(297, 56, 55346)
(297, 164, 16434)
(297, 142, 2187)
(297, 107, 17126)
(297, 41, 60988)
(297, 18, 34954)
(297, 70, 5569)
(297, 255, 53336)
(297, 160, 10670)
(297, 116, 21430)
(297, 46, 37522)
(297, 239, 66093)
(297, 91, 33731)
(297, 251, 62186)
(297, 152, 65877)
(297, 8, 49400)
(297, 153, 11493)
(297, 209, 36182)
(297, 1, 7265)
(297, 278, 5022)
(297, 242, 11522)
(297, 83, 63516)
(297, 175, 43646)
(297, 4, 47723)
(297, 93, 19813)
(297, 176, 40924)
(297, 135, 36171)
(297, 2, 47112)
(297, 291, 15884)
(297, 92, 30075)
(297, 34, 55402)
(297, 66, 72184)
(297, 171, 30765)
(297, 210, 61956)
(297, 90, 16541)
(297, 117, 49796)
(297, 115, 1263)
(297, 269, 71354)
(297, 42, 53642)
(297, 19, 59959)
(297, 73, 60644)
(297, 281, 3558)
(297, 165, 37818)
(297, 263, 71840)
(297, 206, 73531)
(297, 293, 22747)
(297, 217, 8221)
(297, 28, 6908)
(297, 21, 58561)
(297, 131, 2366)
(297, 191, 56850)
(297, 168, 67282)
(297, 190, 61112)
(297, 256, 31619)
(298, 180, 2965)
(298, 150, 25440)
(298, 223, 37165)
(298, 28, 35806)
(298, 191, 58988)
(298, 99, 72609)
(298, 136, 61236)
(298, 53, 36582)
(298, 149, 13015)
(298, 137, 42370)
(298, 238, 54556)
(298, 0, 47480)
(298, 54, 3057)
(298, 204, 74481)
(298, 168, 33614)
(298, 102, 68200)
(298, 170, 32897)
(298, 193, 47241)
(298, 253, 17524)
(298, 109, 75289)
(298, 124, 52691)
(298, 74, 20621)
(298, 115, 54199)
(298, 126, 15552)
(298, 197, 32029)
(298, 101, 26204)
(298, 275, 51224)
(298, 47, 65435)
(298, 38, 34900)
(298, 148, 61725)
(298, 71, 20070)
(298, 192, 71230)
(298, 277, 54998)
(298, 147, 16404)
(298, 259, 16143)
(298, 60, 35087)
(298, 248, 50806)
(298, 188, 18003)
(298, 247, 34704)
(298, 262, 57632)
(298, 40, 7723)
(298, 78, 65132)
(298, 43, 43040)
(298, 80, 17343)
(298, 111, 3005)
(298, 209, 35539)
(298, 18, 54141)
(298, 295, 49254)
(298, 116, 45985)
(298, 32, 28897)
(298, 202, 59280)
(298, 1, 69533)
(298, 294, 30696)
(298, 256, 14105)
(298, 33, 16685)
(298, 198, 76041)
(298, 10, 18242)
(298, 182, 23609)
(298, 185, 58430)
(298, 93, 4538)
(298, 265, 64835)
(298, 280, 67888)
(298, 110, 36948)
(298, 216, 12503)
(298, 77, 45310)
(298, 167, 55297)
(298, 242, 35920)
(298, 186, 8058)
(298, 98, 19672)
(298, 177, 9124)
(298, 35, 5860)
(298, 239, 31198)
(298, 169, 31217)
(298, 190, 25167)
(298, 84, 27925)
(298, 296, 13417)
(298, 62, 18744)
(298, 55, 26079)
(298, 237, 33012)
(298, 88, 8681)
(298, 83, 44304)
(298, 250, 55625)
(298, 105, 46787)
(298, 285, 18814)
(298, 288, 45803)
(298, 119, 24379)
(298, 146, 26224)
(298, 86, 21414)
(298, 2, 6339)
(298, 244, 58324)
(298, 52, 41478)
(298, 240, 48553)
(298, 140, 24029)
(298, 224, 31413)
(298, 226, 1596)
(298, 143, 60518)
(298, 92, 47258)
(298, 81, 52077)
(298, 37, 38399)
(298, 131, 28713)
(298, 284, 40506)
(298, 257, 28626)
(298, 46, 42852)
(298, 208, 73249)
(298, 212, 41771)
(298, 23, 56155)
(298, 72, 17162)
(298, 199, 24176)
(298, 159, 19309)
(298, 48, 64228)
(298, 144, 54596)
(298, 15, 69676)
(298, 205, 15539)
(298, 274, 68431)
(298, 206, 53771)
(298, 260, 76116)
(298, 24, 73039)
(298, 195, 1070)
(298, 245, 18160)
(298, 73, 34796)
(298, 160, 55606)
(298, 91, 58192)
(298, 178, 53733)
(298, 266, 58955)
(298, 267, 49125)
(298, 41, 54886)
(298, 184, 58685)
(298, 30, 41612)
(298, 70, 40424)
(298, 263, 62129)
(298, 207, 36786)
(298, 251, 11407)
(298, 234, 55741)
(298, 268, 56331)
(298, 103, 66438)
(298, 246, 18507)
(298, 22, 17981)
(298, 218, 26526)
(298, 165, 47929)
(298, 227, 72656)
(298, 45, 44410)
(298, 200, 57040)
(298, 57, 51488)
(298, 142, 3443)
(298, 287, 26836)
(298, 25, 34733)
(298, 114, 23324)
(298, 36, 45832)
(298, 217, 75427)
(298, 27, 38765)
(298, 297, 40899)
(298, 187, 50857)
(298, 154, 66243)
(298, 90, 23827)
(298, 261, 52910)
(298, 20, 21930)
(298, 139, 51429)
(298, 63, 48282)
(298, 11, 50649)
(298, 108, 43219)
(298, 228, 25972)
(298, 59, 53770)
(298, 4, 40338)
(298, 183, 8938)
(298, 127, 44113)
(298, 214, 55289)
(298, 278, 68325)
(298, 279, 33385)
(298, 66, 54513)
(299, 144, 23968)
(299, 275, 8813)
(299, 214, 42554)
(299, 277, 19471)
(299, 288, 68688)
(299, 152, 31010)
(299, 181, 24504)
(299, 2, 13803)
(299, 203, 70598)
(299, 57, 8421)
(299, 146, 22804)
(299, 43, 11762)
(299, 27, 62483)
(299, 295, 73294)
(299, 38, 50102)
(299, 81, 36826)
(299, 122, 65950)
(299, 175, 7803)
(299, 240, 63780)
(299, 183, 62872)
(299, 15, 21279)
(299, 80, 5818)
(299, 219, 15507)
(299, 101, 51363)
(299, 250, 37729)
(299, 23, 57867)
(299, 217, 39723)
(299, 195, 12122)
(299, 5, 23562)
(299, 192, 30660)
(299, 147, 65870)
(299, 179, 67559)
(299, 281, 75429)
(299, 186, 1450)
(299, 51, 23361)
(299, 157, 38506)
(299, 244, 12726)
(299, 155, 45712)
(299, 190, 1686)
(299, 209, 64328)
(299, 6, 31516)
(299, 287, 12658)
(299, 162, 66694)
(299, 9, 49818)
(299, 10, 75468)
(299, 25, 17650)
(299, 268, 75418)
(299, 191, 15977)
(299, 39, 22485)
(299, 44, 65541)
(299, 100, 25795)
(299, 103, 57314)
(299, 90, 66198)
(299, 7, 58317)
(299, 254, 48772)
(299, 160, 1025)
(299, 85, 27129)
(299, 259, 66328)
(299, 266, 42779)
(300, 174, 46760)
(300, 128, 546)
(300, 20, 29938)
(300, 149, 32597)
(300, 188, 12392)
(300, 0, 51408)
(300, 161, 57781)
(300, 266, 7766)
(300, 120, 32559)
(300, 45, 21008)
(300, 19, 68662)
(300, 113, 73573)
(300, 107, 32191)
(300, 116, 30541)
(300, 83, 63510)
(300, 262, 22958)
(300, 197, 50051)
(300, 268, 51708)
(300, 217, 73506)
(300, 42, 7736)
(300, 282, 16273)
(300, 97, 57078)
(300, 25, 48354)
(300, 226, 41266)
(300, 54, 65581)
(300, 61, 66457)
(300, 209, 42657)
(300, 117, 4818)
(300, 133, 67666)
(300, 261, 43777)
(300, 191, 54865)
(300, 250, 64909)
(300, 238, 7603)
(300, 165, 28810)
(300, 211, 46947)
(300, 66, 9628)
(300, 106, 1102)
(300, 79, 7847)
(300, 124, 955)
(300, 68, 45662)
(300, 135, 9236)
(300, 177, 46359)
(300, 194, 25588)
(300, 180, 50311)
(300, 69, 76284)
(300, 259, 56549)
(300, 285, 49992)
(300, 247, 27577)
(300, 292, 32652)
(300, 105, 15192)
(300, 143, 4928)
(300, 173, 73720)
(300, 23, 36685)
(300, 31, 14888)
(300, 156, 12276)
(300, 281, 52788)
(300, 8, 65157)
(300, 155, 43278)
(300, 164, 32680)
(300, 78, 26917)
(300, 119, 5446)
(300, 13, 22154)
(300, 227, 37430)
(300, 70, 12636)
(300, 6, 23249)
(300, 298, 68603)
(300, 219, 47470)
(300, 127, 42663)
(300, 96, 55517)
(300, 200, 53621)
(300, 17, 23704)
(300, 28, 47708)
(300, 204, 43104)
(300, 236, 4439)
(300, 18, 58768)
(300, 176, 33479)
(300, 24, 24322)
(300, 5, 1186)
(300, 104, 46500)
(300, 130, 70719)
(300, 202, 38740)
(300, 283, 51456)
(300, 239, 3319)
(300, 27, 41334)
(300, 29, 56934)
(300, 153, 30726)
(300, 199, 47817)
(300, 252, 11332)
(300, 138, 21092)
(300, 99, 8774)
(300, 230, 68893)
(300, 242, 38087)
(300, 118, 5676)
(300, 212, 57652)
(300, 33, 9151)
(300, 121, 68484)
(300, 179, 64927)
(300, 210, 6387)
(300, 91, 26426)
(300, 58, 64988)
(300, 15, 43027)
(300, 103, 41057)
(300, 100, 8955)
(300, 10, 51533)
(300, 101, 65767)
(300, 192, 51281)
(300, 263, 60991)
(300, 265, 69472)
(300, 235, 20266)
(300, 84, 58986)
(300, 159, 13473)
(300, 56, 5893)
(300, 273, 53305)
(300, 272, 68752)
(300, 3, 50570)
(300, 166, 62126)
(300, 30, 61145)
(300, 251, 43162)
(300, 60, 5584)
(300, 49, 1854)
(300, 205, 26986)
(300, 269, 69939)
(300, 22, 58568)
(300, 35, 31494)
(300, 141, 6176)
(300, 170, 58719)
(300, 288, 20219)
(300, 86, 66012)
(300, 57, 59348)
(300, 195, 43469)
(300, 295, 34706)
(300, 74, 11226)
(300, 183, 61537)
(300, 157, 12095)
(300, 80, 26944)
(300, 4, 56565)
(300, 198, 20606)
(300, 274, 57996)
(300, 278, 20810)
(300, 160, 33152)
(300, 90, 65453)
(300, 162, 16436)
(300, 257, 71316)
(300, 59, 13401)
(300, 291, 3726)
(300, 221, 21993)
(300, 232, 42273)
(300, 98, 67922)
(300, 44, 15602)
(300, 144, 62980)
(300, 216, 42772)
(300, 246, 51051)
(300, 41, 28751)
(300, 297, 42290)
(300, 46, 46927)
(300, 152, 48403)
(300, 267, 54068)
(300, 182, 23430)
(300, 275, 7105)
(300, 167, 19418)
(300, 36, 11146)
(300, 122, 40333)
(300, 131, 25826)
(300, 12, 39750)
(300, 253, 50356)
(300, 185, 65072)
(300, 71, 48371)
(300, 243, 45543)
(300, 287, 75050)
(300, 26, 58220)
(300, 248, 21847)
(300, 76, 13466)
(300, 34, 72159)
(300, 154, 29301)
(300, 184, 28322)
(300, 89, 76019)
(300, 186, 65908)
(300, 169, 49188)
(300, 214, 43905)
(300, 38, 12061)
(300, 88, 55928)
(300, 21, 21966)
(300, 293, 58836)
(300, 222, 25098)
(300, 37, 74161)
(300, 111, 65125)
(300, 289, 74237)
(300, 190, 58310)
(300, 132, 45715)
(300, 114, 5561)
(300, 258, 41555)
(300, 145, 58921)
(300, 7, 10224)
(300, 148, 858)
(300, 11, 47314)
(300, 224, 55222)
(300, 207, 75168)
(300, 229, 32786)
(300, 32, 2421)
(300, 237, 41634)
(300, 9, 68754)
(300, 146, 41465)
(300, 294, 39152)
(300, 63, 57018)
(300, 290, 34582)
(300, 142, 76259)
(300, 102, 64154)
(300, 245, 40194)
(300, 43, 43189)
(300, 168, 1455)
(300, 112, 619)
(300, 47, 70770)
(300, 126, 75292)
(300, 189, 55326)
(300, 241, 8860)
(300, 50, 49229)
(300, 299, 34111)
(300, 52, 53954)
(300, 187, 25399)
(300, 92, 3140)
(300, 240, 54338)
(300, 151, 66527)
(300, 208, 53339)
(300, 77, 35197)
(300, 72, 74047)
(300, 62, 69039)
(300, 40, 20570)
(300, 279, 62387)
(300, 51, 71926)
(300, 108, 42774)
(300, 95, 31626)
(300, 53, 73994)
(300, 94, 2933)
(300, 231, 33258)
(300, 249, 31860)
(300, 81, 21599)
(300, 264, 50658)
(300, 276, 10892)
(300, 147, 68941)
(300, 150, 45737)
(300, 75, 72355)
(301, 87, 74518)
(301, 32, 23835)
(301, 73, 64263)
(301, 256, 65628)
(301, 228, 73616)
(301, 232, 10752)
(301, 57, 63846)
(301, 47, 38173)
(301, 41, 46917)
(301, 206, 14809)
(301, 20, 44436)
(301, 13, 24684)
(301, 246, 473)
(301, 179, 23189)
(301, 60, 71854)
(301, 222, 57323)
(301, 8, 25595)
(301, 0, 21682)
(301, 120, 31594)
(301, 266, 46345)
(301, 227, 68744)
(301, 210, 17145)
(301, 116, 22113)
(301, 71, 72411)
(301, 15, 56420)
(301, 128, 63062)
(301, 135, 36084)
(301, 165, 31668)
(301, 126, 27154)
(301, 218, 13492)
(301, 212, 46116)
(301, 123, 44232)
(301, 238, 40271)
(301, 104, 52587)
(301, 69, 68828)
(301, 161, 27978)
(301, 81, 66214)
(301, 236, 22883)
(301, 108, 11028)
(301, 257, 18866)
(301, 171, 39984)
(301, 294, 54850)
(301, 36, 47927)
(301, 175, 57686)
(301, 244, 63049)
(301, 195, 14462)
(301, 297, 39112)
(301, 207, 66116)
(301, 267, 2118)
(301, 148, 25310)
(301, 269, 67062)
(301, 180, 17171)
(301, 296, 43225)
(301, 258, 62006)
(301, 272, 49303)
(301, 39, 8407)
(301, 154, 31739)
(301, 44, 66552)
(301, 205, 18888)
(301, 101, 15989)
(301, 202, 27619)
(301, 96, 23461)
(301, 203, 68060)
(301, 293, 31029)
(301, 143, 34143)
(301, 168, 2830)
(301, 163, 25577)
(301, 167, 52352)
(301, 279, 51015)
(301, 9, 5594)
(301, 146, 4282)
(301, 137, 45983)
(301, 156, 44276)
(301, 10, 59951)
(301, 192, 53561)
(301, 145, 25661)
(301, 275, 58181)
(301, 134, 4578)
(301, 276, 2324)
(301, 204, 56061)
(301, 254, 50471)
(301, 172, 34831)
(301, 23, 1344)
(301, 122, 75930)
(301, 121, 24831)
(301, 59, 35271)
(301, 132, 50793)
(301, 229, 8786)
(301, 61, 43582)
(301, 6, 3728)
(301, 83, 63534)
(301, 127, 49844)
(301, 199, 72059)
(301, 162, 12086)
(301, 12, 46642)
(301, 140, 48075)
(301, 70, 40764)
(301, 208, 24492)
(301, 299, 56453)
(301, 285, 36290)
(301, 216, 23949)
(301, 27, 41261)
(301, 74, 13026)
(301, 174, 22788)
(301, 75, 70228)
(301, 43, 18390)
(301, 106, 53365)
(301, 187, 22087)
(301, 29, 46375)
(301, 64, 1066)
(301, 253, 39187)
(301, 211, 5472)
(301, 282, 889)
(301, 221, 39002)
(301, 197, 41617)
(301, 259, 68449)
(301, 97, 28744)
(301, 49, 9089)
(301, 286, 53151)
(301, 2, 68956)
(301, 125, 18381)
(301, 33, 72009)
(301, 21, 16059)
(301, 72, 52466)
(301, 287, 62787)
(301, 263, 48142)
(301, 37, 27574)
(301, 133, 62097)
(301, 242, 7539)
(301, 78, 73037)
(301, 191, 8449)
(301, 181, 42741)
(301, 298, 25519)
(301, 224, 18918)
(301, 54, 41176)
(301, 290, 17080)
(301, 173, 62550)
(301, 142, 54917)
(301, 239, 18539)
(301, 51, 57921)
(301, 214, 18674)
(301, 152, 47299)
(301, 68, 30043)
(301, 45, 16172)
(301, 3, 48260)
(301, 300, 3113)
(301, 283, 31500)
(301, 130, 31843)
(301, 16, 43713)
(301, 50, 20660)
(301, 209, 52074)
(301, 136, 4285)
(301, 114, 61760)
(301, 250, 31667)
(301, 98, 7943)
(301, 117, 35229)
(301, 100, 37479)
(301, 230, 11660)
(301, 223, 39507)
(301, 46, 69025)
(301, 88, 41226)
(301, 110, 45218)
(301, 249, 7948)
(301, 160, 23298)
(302, 61, 60767)
(302, 235, 67171)
(302, 285, 48381)
(302, 193, 29491)
(302, 244, 20622)
(302, 289, 40374)
(302, 81, 20438)
(302, 77, 74145)
(302, 176, 12906)
(302, 110, 32146)
(302, 47, 43964)
(302, 7, 39612)
(302, 145, 26926)
(302, 28, 46291)
(302, 174, 69391)
(302, 111, 37042)
(302, 252, 21043)
(302, 229, 40103)
(302, 8, 75338)
(302, 212, 26434)
(302, 36, 62424)
(302, 197, 35729)
(302, 78, 309)
(302, 186, 62397)
(302, 68, 41885)
(302, 109, 64381)
(302, 136, 21708)
(302, 97, 44590)
(302, 184, 10172)
(303, 52, 45877)
(303, 35, 35286)
(303, 59, 22319)
(303, 28, 43266)
(303, 90, 6536)
(303, 285, 7280)
(303, 162, 15418)
(303, 113, 70290)
(303, 171, 12523)
(303, 112, 29117)
(303, 268, 38792)
(303, 290, 59475)
(303, 179, 19141)
(303, 3, 4907)
(303, 182, 30396)
(303, 33, 35717)
(303, 276, 67911)
(303, 127, 53186)
(303, 77, 23183)
(303, 299, 15024)
(303, 220, 70504)
(303, 99, 11696)
(303, 281, 68267)
(303, 56, 11549)
(303, 37, 1541)
(303, 211, 51774)
(303, 54, 15429)
(303, 104, 34226)
(303, 185, 27174)
(303, 9, 61531)
(303, 29, 45147)
(303, 122, 1282)
(303, 44, 13614)
(303, 136, 64403)
(303, 1, 54412)
(303, 84, 57886)
(303, 148, 14474)
(303, 279, 3427)
(303, 199, 47871)
(303, 121, 22576)
(303, 149, 58071)
(303, 283, 7111)
(303, 14, 33586)
(303, 126, 56774)
(303, 134, 60866)
(303, 289, 27935)
(303, 20, 9005)
(303, 247, 67061)
(303, 137, 30713)
(303, 261, 67473)
(303, 92, 6793)
(303, 115, 70350)
(303, 239, 20000)
(303, 280, 27623)
(303, 200, 38208)
(303, 193, 22601)
(303, 252, 54369)
(303, 277, 30867)
(303, 50, 11232)
(303, 39, 43662)
(303, 151, 26874)
(303, 189, 36296)
(303, 214, 18486)
(303, 213, 73992)
(303, 184, 54462)
(303, 144, 28235)
(303, 254, 19625)
(303, 147, 6864)
(303, 293, 13851)
(303, 271, 63600)
(303, 288, 9689)
(303, 273, 63726)
(303, 192, 71498)
(303, 73, 6913)
(303, 292, 18241)
(303, 75, 14460)
(303, 107, 74692)
(303, 229, 35485)
(303, 154, 66879)
(303, 87, 26536)
(303, 243, 56401)
(303, 139, 29963)
(303, 188, 33404)
(303, 204, 2600)
(303, 111, 50584)
(303, 32, 15394)
(303, 152, 65385)
(303, 236, 56410)
(303, 71, 24296)
(303, 165, 2857)
(303, 302, 8594)
(303, 16, 1478)
(303, 206, 57012)
(303, 25, 54725)
(303, 22, 73826)
(303, 119, 21216)
(303, 269, 69961)
(303, 262, 52151)
(303, 242, 36992)
(303, 250, 59791)
(303, 61, 57077)
(303, 237, 67654)
(303, 129, 24279)
(303, 51, 54618)
(303, 120, 5956)
(303, 161, 27571)
(303, 300, 12922)
(303, 208, 607)
(303, 123, 44860)
(303, 260, 18477)
(303, 6, 76304)
(303, 102, 49195)
(303, 282, 8381)
(303, 246, 43823)
(303, 256, 24201)
(303, 40, 63437)
(303, 140, 47334)
(303, 257, 48165)
(303, 234, 10572)
(303, 31, 4266)
(303, 128, 13110)
(303, 253, 30014)
(303, 205, 32288)
(303, 265, 6268)
(303, 294, 20139)
(303, 18, 74628)
(303, 267, 19876)
(303, 180, 9328)
(303, 96, 60454)
(303, 57, 57071)
(303, 138, 72932)
(303, 2, 29905)
(304, 120, 72648)
(304, 30, 14102)
(304, 77, 72187)
(304, 167, 60434)
(304, 137, 50174)
(304, 46, 61466)
(304, 100, 53369)
(304, 19, 66553)
(304, 265, 46621)
(304, 288, 11363)
(304, 237, 50577)
(304, 50, 56551)
(304, 290, 58077)
(304, 262, 5506)
(304, 7, 41989)
(304, 279, 57198)
(304, 60, 72746)
(304, 118, 53260)
(304, 177, 34917)
(304, 198, 24489)
(304, 128, 37379)
(304, 84, 48845)
(304, 223, 17917)
(304, 109, 15995)
(304, 226, 11895)
(304, 63, 48059)
(304, 231, 66222)
(304, 157, 24)
(304, 156, 20736)
(304, 86, 72169)
(304, 294, 9254)
(304, 151, 4716)
(304, 39, 2085)
(304, 166, 34747)
(304, 199, 53512)
(304, 80, 26662)
(304, 28, 65222)
(304, 212, 18954)
(304, 202, 47907)
(304, 41, 6432)
(304, 277, 26851)
(304, 207, 1828)
(304, 211, 4777)
(304, 37, 27478)
(304, 99, 136)
(304, 52, 39701)
(304, 22, 51863)
(304, 34, 62715)
(304, 263, 29654)
(304, 159, 46155)
(304, 233, 59253)
(304, 171, 23764)
(304, 248, 42081)
(304, 35, 65361)
(304, 95, 15078)
(304, 18, 21278)
(304, 300, 9600)
(304, 210, 30403)
(304, 269, 54379)
(304, 64, 18260)
(304, 268, 3599)
(304, 90, 19162)
(304, 145, 17461)
(304, 127, 35937)
(304, 139, 36657)
(304, 114, 62100)
(304, 55, 45526)
(304, 82, 29833)
(304, 74, 30044)
(304, 260, 19137)
(304, 173, 39247)
(304, 245, 72998)
(304, 56, 27127)
(304, 176, 37381)
(304, 148, 31542)
(304, 11, 68773)
(304, 249, 13544)
(304, 284, 8463)
(304, 193, 40552)
(304, 121, 8236)
(304, 38, 44324)
(304, 16, 5394)
(304, 141, 73913)
(304, 135, 18250)
(304, 13, 25243)
(304, 256, 48777)
(304, 21, 16691)
(304, 0, 68784)
(304, 295, 70859)
(304, 143, 21223)
(304, 178, 63305)
(304, 196, 57835)
(304, 302, 74420)
(304, 70, 6263)
(304, 180, 73596)
(304, 240, 26790)
(304, 15, 21173)
(304, 182, 38288)
(304, 144, 59245)
(304, 138, 61433)
(304, 150, 53528)
(304, 122, 64179)
(305, 180, 44487)
(305, 272, 31432)
(305, 197, 22323)
(305, 119, 68426)
(305, 10, 16893)
(305, 232, 29662)
(305, 149, 17990)
(305, 222, 10259)
(305, 296, 56036)
(305, 101, 47695)
(305, 215, 34142)
(305, 103, 24984)
(305, 71, 19998)
(305, 303, 29908)
(305, 174, 36820)
(305, 112, 36654)
(305, 34, 28107)
(305, 29, 65322)
(305, 61, 28769)
(305, 237, 53163)
(305, 91, 17882)
(305, 220, 29350)
(305, 247, 52246)
(305, 274, 39117)
(305, 244, 64553)
(305, 46, 62696)
(305, 39, 15590)
(305, 221, 49914)
(305, 263, 988)
(305, 22, 7893)
(305, 170, 71334)
(305, 36, 8291)
(305, 14, 4630)
(305, 62, 6532)
(305, 217, 9514)
(305, 67, 26344)
(305, 177, 52764)
(305, 72, 73683)
(305, 173, 13208)
(305, 44, 75305)
(305, 256, 26628)
(305, 243, 53595)
(305, 260, 1023)
(305, 163, 30806)
(305, 143, 75730)
(305, 277, 54920)
(305, 159, 74809)
(305, 6, 16879)
(305, 167, 36293)
(305, 265, 60844)
(305, 15, 17607)
(305, 278, 61981)
(305, 109, 30023)
(305, 150, 30703)
(305, 41, 16724)
(305, 68, 45841)
(305, 294, 14580)
(305, 133, 43240)
(305, 26, 47989)
(305, 97, 68816)
(305, 202, 3685)
(305, 201, 41876)
(305, 90, 60286)
(305, 224, 68282)
(305, 94, 32171)
(305, 250, 45365)
(305, 124, 2500)
(305, 210, 30594)
(305, 304, 70116)
(305, 228, 57648)
(305, 145, 47686)
(305, 64, 12987)
(305, 77, 61803)
(305, 191, 29359)
(305, 40, 59576)
(305, 5, 69390)
(305, 125, 47362)
(305, 148, 153)
(305, 123, 66173)
(305, 134, 63025)
(305, 183, 2356)
(305, 80, 40808)
(305, 7, 58438)
(305, 59, 66631)
(305, 192, 74526)
(305, 128, 372)
(305, 126, 48782)
(305, 193, 32422)
(305, 122, 75400)
(305, 153, 68379)
(305, 21, 36419)
(305, 268, 57758)
(305, 23, 66319)
(305, 184, 32573)
(305, 70, 69957)
(305, 204, 61527)
(305, 73, 15308)
(305, 57, 74545)
(305, 131, 58275)
(305, 213, 9707)
(305, 179, 38991)
(305, 151, 64900)
(305, 27, 34627)
(305, 116, 12678)
(305, 297, 68225)
(305, 302, 20393)
(305, 208, 68997)
(305, 270, 14084)
(305, 289, 37131)
(305, 115, 4456)
(305, 190, 18531)
(305, 54, 57488)
(305, 53, 68735)
(305, 175, 31266)
(305, 290, 46319)
(305, 137, 46707)
(305, 287, 14513)
(305, 100, 36038)
(305, 63, 42778)
(305, 198, 14043)
(305, 58, 34069)
(305, 78, 16850)
(305, 85, 41157)
(305, 299, 67204)
(305, 138, 21676)
(305, 108, 49930)
(305, 207, 71331)
(305, 258, 67060)
(305, 169, 34434)
(305, 117, 48017)
(305, 187, 57046)
(305, 47, 58844)
(305, 35, 63148)
(305, 132, 32661)
(305, 95, 5182)
(305, 185, 33727)
(305, 69, 41362)
(305, 230, 73840)
(305, 96, 27742)
(305, 157, 59111)
(305, 147, 23363)
(305, 2, 8642)
(305, 267, 74295)
(306, 231, 4009)
(306, 98, 30661)
(306, 25, 31768)
(306, 129, 4687)
(306, 238, 12547)
(306, 124, 20140)
(306, 104, 10065)
(306, 27, 57042)
(306, 44, 24438)
(306, 123, 38281)
(306, 297, 7756)
(306, 303, 31263)
(306, 253, 38406)
(306, 180, 16243)
(306, 165, 28527)
(306, 234, 14895)
(306, 200, 66674)
(306, 188, 40032)
(306, 80, 3938)
(306, 133, 46084)
(306, 243, 48728)
(306, 274, 19959)
(306, 207, 52463)
(306, 18, 15403)
(306, 72, 5679)
(306, 169, 34966)
(306, 214, 17188)
(306, 125, 36392)
(306, 85, 62525)
(306, 246, 2761)
(306, 122, 47363)
(306, 88, 73557)
(306, 134, 63841)
(306, 49, 52603)
(306, 174, 18187)
(306, 86, 41280)
(306, 283, 45728)
(306, 59, 25261)
(306, 226, 19270)
(306, 229, 46250)
(306, 108, 51563)
(306, 277, 13552)
(306, 267, 3376)
(306, 271, 12929)
(306, 136, 55790)
(306, 116, 62770)
(306, 120, 43924)
(306, 52, 51710)
(306, 137, 47033)
(306, 258, 38828)
(306, 39, 49616)
(306, 172, 73700)
(306, 298, 43670)
(306, 177, 1637)
(306, 240, 60709)
(306, 22, 30809)
(306, 75, 8170)
(306, 113, 73357)
(306, 64, 55261)
(306, 111, 9676)
(306, 275, 24926)
(306, 58, 11090)
(306, 245, 52812)
(306, 295, 12729)
(306, 201, 13993)
(306, 225, 57692)
(306, 152, 25917)
(307, 26, 37742)
(307, 9, 26786)
(307, 100, 11329)
(307, 51, 44748)
(307, 232, 35535)
(307, 87, 32089)
(307, 95, 21646)
(307, 213, 11814)
(307, 49, 72212)
(307, 191, 69757)
(307, 97, 57685)
(307, 66, 20945)
(307, 196, 19697)
(307, 174, 29607)
(307, 124, 67685)
(307, 231, 24522)
(307, 31, 25389)
(307, 45, 36733)
(307, 265, 8340)
(307, 92, 38430)
(307, 276, 51672)
(307, 229, 49448)
(307, 217, 50778)
(307, 46, 36915)
(307, 183, 27913)
(307, 53, 62509)
(307, 145, 52037)
(307, 78, 17274)
(307, 255, 2015)
(307, 109, 38911)
(307, 207, 48432)
(307, 115, 29803)
(307, 34, 59285)
(307, 212, 76393)
(307, 55, 12365)
(307, 251, 72175)
(307, 76, 48549)
(307, 148, 40862)
(307, 11, 19791)
(307, 65, 66717)
(307, 250, 22860)
(307, 180, 38867)
(307, 273, 62603)
(307, 138, 39364)
(307, 63, 50278)
(307, 153, 43801)
(307, 284, 60656)
(307, 257, 3864)
(307, 285, 56056)
(307, 146, 19918)
(307, 37, 32285)
(307, 57, 37281)
(307, 209, 44123)
(307, 50, 4063)
(307, 25, 68957)
(307, 158, 65112)
(307, 131, 47593)
(307, 139, 27068)
(307, 188, 69926)
(307, 228, 18275)
(307, 111, 75725)
(307, 165, 41506)
(307, 289, 71436)
(307, 149, 1113)
(307, 3, 55074)
(307, 299, 55747)
(307, 125, 61465)
(307, 91, 33781)
(307, 263, 32295)
(307, 10, 44592)
(307, 199, 64211)
(307, 144, 36957)
(307, 254, 5987)
(307, 172, 45251)
(307, 106, 37280)
(307, 127, 40138)
(307, 47, 31323)
(307, 168, 4316)
(307, 238, 29454)
(307, 77, 55418)
(307, 198, 43736)
(307, 88, 42048)
(307, 230, 56933)
(307, 154, 10003)
(307, 295, 32978)
(307, 267, 33602)
(307, 270, 9421)
(307, 187, 68376)
(307, 161, 55466)
(307, 246, 8808)
(307, 142, 51626)
(307, 129, 26538)
(307, 59, 64086)
(307, 288, 58278)
(307, 275, 67704)
(307, 280, 75104)
(307, 236, 64914)
(307, 16, 67912)
(307, 82, 21907)
(307, 268, 71276)
(307, 286, 23162)
(307, 164, 57932)
(307, 278, 73411)
(307, 151, 72249)
(307, 94, 10781)
(307, 150, 51687)
(307, 42, 1328)
(307, 201, 64833)
(307, 5, 14316)
(307, 68, 37213)
(307, 184, 8805)
(307, 79, 75016)
(307, 89, 1852)
(307, 226, 6196)
(307, 182, 54418)
(307, 171, 46021)
(307, 122, 47133)
(307, 260, 42995)
(307, 192, 46764)
(307, 242, 19974)
(307, 264, 39259)
(307, 247, 52009)
(307, 24, 64589)
(307, 29, 42765)
(307, 186, 25903)
(307, 98, 9614)
(307, 277, 41129)
(307, 178, 11550)
(307, 4, 13555)
(307, 155, 27223)
(307, 301, 52126)
(307, 130, 27268)
(307, 15, 64130)
(307, 85, 56599)
(307, 282, 29172)
(307, 48, 38719)
(307, 206, 28383)
(307, 118, 22772)
(307, 13, 55624)
(307, 137, 71319)
(307, 261, 46111)
(307, 43, 9715)
(307, 245, 2960)
(307, 234, 71824)
(307, 70, 65161)
(307, 224, 41908)
(307, 128, 15057)
(307, 248, 71689)
(307, 181, 28294)
(307, 44, 62457)
(307, 126, 53624)
(307, 244, 8486)
(307, 52, 64334)
(307, 119, 53148)
(307, 83, 18165)
(307, 35, 49471)
(307, 114, 53555)
(307, 252, 68411)
(307, 170, 41482)
(307, 237, 29324)
(307, 296, 2276)
(307, 56, 443)
(307, 33, 61295)
(307, 243, 30527)
(307, 113, 7556)
(307, 21, 50161)
(307, 18, 58421)
(307, 60, 53688)
(307, 74, 63349)
(307, 162, 63224)
(307, 134, 46102)
(307, 216, 46797)
(307, 240, 48627)
(307, 302, 9446)
(307, 99, 7888)
(307, 39, 74555)
(307, 107, 61865)
(307, 220, 23544)
(307, 167, 56262)
(307, 306, 12905)
(307, 71, 46549)
(307, 185, 45485)
(307, 93, 10438)
(307, 203, 4278)
(307, 64, 42446)
(307, 208, 18445)
(307, 14, 74037)
(307, 132, 46960)
(307, 27, 21636)
(307, 120, 64644)
(307, 204, 2438)
(307, 62, 33983)
(307, 90, 50379)
(307, 157, 31079)
(307, 225, 37183)
(307, 84, 38879)
(307, 12, 25627)
(307, 136, 54295)
(307, 195, 34122)
(307, 194, 67186)
(307, 235, 2289)
(307, 274, 63861)
(307, 166, 18715)
(307, 211, 54050)
(307, 200, 1668)
(307, 160, 23063)
(307, 227, 24969)
(307, 159, 53763)
(307, 19, 36334)
(307, 30, 61383)
(307, 173, 41017)
(307, 23, 58879)
(307, 214, 36954)
(307, 110, 2899)
(307, 249, 38543)
(307, 81, 74842)
(307, 253, 12969)
(307, 2, 48554)
(307, 175, 7188)
(307, 197, 4231)
(307, 105, 14062)
(307, 215, 18041)
(307, 221, 11832)
(307, 1, 61180)
(307, 17, 68819)
(307, 304, 1514)
(307, 36, 27848)
(307, 41, 38180)
(307, 72, 63979)
(307, 305, 46858)
(307, 156, 66833)
(307, 291, 53943)
(307, 292, 49349)
(307, 300, 11213)
(307, 61, 12907)
(307, 202, 21608)
(307, 20, 11403)
(307, 96, 282)
(307, 189, 33678)
(307, 281, 188)
(307, 116, 49441)
(307, 28, 68441)
(307, 6, 73081)
(307, 69, 69849)
(307, 298, 70049)
(307, 287, 29190)
(307, 223, 73456)
(307, 121, 5368)
(307, 117, 45436)
(307, 177, 57706)
(307, 256, 15630)
(307, 297, 59632)
(307, 80, 20068)
(307, 38, 39047)
(307, 303, 25730)
(307, 218, 20755)
(307, 123, 16268)
(307, 258, 43165)
(307, 269, 27081)
(307, 102, 58959)
(307, 271, 36040)
(307, 262, 28872)
(307, 239, 44215)
(307, 112, 42025)
(308, 306, 12663)
(308, 266, 65273)
(308, 276, 11796)
(308, 87, 42740)
(308, 78, 4588)
(308, 66, 35698)
(308, 58, 39487)
(308, 101, 57927)
(308, 77, 68465)
(308, 128, 55982)
(308, 83, 72975)
(308, 98, 44367)
(308, 152, 38869)
(308, 92, 28196)
(308, 206, 15227)
(308, 167, 24159)
(308, 125, 49573)
(308, 280, 62124)
(308, 298, 23561)
(308, 32, 35262)
(308, 155, 40048)
(308, 165, 5567)
(308, 177, 53696)
(308, 133, 1554)
(308, 254, 2339)
(308, 233, 26328)
(308, 256, 76074)
(308, 293, 68607)
(308, 144, 72681)
(308, 103, 303)
(308, 304, 40550)
(308, 191, 6356)
(308, 65, 22029)
(308, 72, 74980)
(308, 17, 6032)
(308, 71, 25383)
(308, 194, 44556)
(308, 267, 76213)
(308, 190, 48484)
(308, 26, 68471)
(308, 79, 5000)
(308, 73, 22687)
(308, 235, 53379)
(308, 117, 35275)
(308, 274, 34209)
(308, 50, 48794)
(308, 251, 68074)
(308, 176, 46226)
(308, 187, 13280)
(308, 40, 7448)
(308, 22, 52243)
(308, 36, 34709)
(308, 181, 71143)
(308, 161, 50822)
(308, 5, 29794)
(308, 45, 52509)
(308, 138, 48048)
(308, 82, 13149)
(308, 115, 49909)
(308, 61, 35773)
(308, 239, 69409)
(308, 99, 48574)
(308, 303, 66000)
(308, 209, 47634)
(308, 291, 31329)
(308, 41, 66896)
(308, 237, 34708)
(308, 258, 27287)
(308, 34, 38594)
(308, 278, 61647)
(308, 205, 72538)
(308, 122, 15330)
(308, 241, 7837)
(308, 2, 39957)
(308, 260, 52328)
(308, 172, 22741)
(308, 249, 14131)
(308, 290, 51697)
(308, 216, 74928)
(308, 94, 41846)
(308, 10, 42215)
(308, 160, 18683)
(308, 229, 67384)
(308, 147, 72388)
(308, 164, 24766)
(308, 262, 3948)
(308, 76, 52400)
(308, 43, 69051)
(308, 283, 3448)
(308, 151, 61294)
(308, 224, 20226)
(308, 186, 48240)
(308, 37, 29109)
(308, 255, 29860)
(308, 102, 22085)
(308, 19, 22244)
(308, 142, 19205)
(308, 178, 20001)
(308, 14, 40731)
(308, 119, 16926)
(308, 228, 3998)
(308, 63, 55212)
(308, 60, 32492)
(308, 250, 74742)
(308, 114, 5235)
(308, 28, 28757)
(308, 289, 46237)
(308, 146, 14159)
(308, 134, 70546)
(308, 13, 48385)
(308, 20, 46194)
(308, 74, 5857)
(308, 24, 17385)
(308, 8, 6446)
(308, 153, 35691)
(308, 226, 3343)
(308, 148, 50497)
(309, 244, 41695)
(309, 93, 43586)
(309, 102, 43612)
(309, 242, 26545)
(309, 15, 44994)
(309, 289, 28593)
(309, 264, 33811)
(309, 198, 71667)
(309, 121, 18908)
(309, 189, 31631)
(309, 237, 7846)
(309, 141, 36147)
(309, 149, 64757)
(309, 54, 5750)
(309, 158, 50059)
(309, 67, 65492)
(309, 142, 23092)
(309, 139, 63790)
(309, 41, 12564)
(309, 157, 63889)
(309, 2, 30442)
(309, 123, 60132)
(309, 155, 28090)
(309, 23, 28931)
(309, 99, 34558)
(309, 95, 49207)
(309, 292, 47319)
(309, 247, 27062)
(309, 43, 75029)
(309, 185, 51210)
(309, 186, 7244)
(309, 94, 53392)
(309, 239, 64999)
(309, 188, 68114)
(309, 9, 60270)
(309, 18, 62181)
(309, 152, 52821)
(309, 147, 70472)
(309, 62, 76077)
(309, 154, 50268)
(309, 44, 13461)
(309, 96, 36792)
(309, 46, 61580)
(309, 291, 67157)
(309, 36, 63099)
(309, 55, 19659)
(309, 88, 40982)
(309, 119, 61086)
(309, 82, 64931)
(309, 265, 52269)
(309, 73, 49384)
(309, 160, 23029)
(309, 304, 31181)
(309, 100, 435)
(309, 206, 43653)
(309, 117, 55538)
(309, 37, 52166)
(309, 133, 49427)
(309, 293, 7387)
(309, 87, 42965)
(309, 85, 4831)
(309, 191, 68230)
(309, 109, 16592)
(309, 101, 70560)
(309, 5, 8085)
(309, 104, 30902)
(309, 274, 7398)
(309, 129, 11668)
(309, 235, 73905)
(309, 305, 32097)
(309, 90, 71133)
(309, 120, 22523)
(309, 296, 7870)
(309, 174, 33418)
(309, 263, 14827)
(310, 219, 72593)
(310, 167, 63840)
(310, 214, 31800)
(310, 224, 57139)
(310, 225, 62771)
(310, 12, 36598)
(310, 161, 10282)
(310, 298, 45132)
(310, 77, 24246)
(310, 228, 7982)
(310, 276, 2797)
(310, 232, 28474)
(310, 289, 20089)
(310, 238, 22547)
(310, 76, 1218)
(310, 150, 569)
(310, 27, 57469)
(310, 208, 32813)
(310, 160, 18889)
(310, 82, 38375)
(310, 63, 70869)
(310, 275, 23023)
(310, 104, 66151)
(310, 114, 48877)
(310, 211, 44926)
(310, 93, 18557)
(310, 191, 32971)
(310, 134, 49311)
(310, 290, 35842)
(310, 4, 71653)
(310, 241, 20595)
(310, 190, 54061)
(310, 19, 42784)
(310, 60, 21307)
(310, 86, 42044)
(310, 42, 61252)
(310, 156, 10302)
(310, 5, 39438)
(310, 180, 64181)
(310, 265, 29292)
(310, 295, 72079)
(310, 102, 74938)
(310, 94, 72058)
(310, 148, 38710)
(310, 209, 2391)
(310, 200, 42389)
(310, 30, 34620)
(310, 284, 48106)
(310, 133, 50953)
(310, 297, 37534)
(310, 181, 47647)
(310, 23, 58057)
(310, 277, 12611)
(310, 37, 454)
(310, 237, 68646)
(310, 0, 31592)
(310, 263, 18693)
(310, 47, 6163)
(310, 138, 63816)
(310, 80, 2601)
(310, 231, 17960)
(310, 32, 46070)
(310, 91, 34466)
(310, 164, 43233)
(310, 122, 22111)
(310, 257, 55450)
(310, 49, 5953)
(310, 55, 76100)
(310, 20, 71683)
(310, 123, 73716)
(310, 24, 22562)
(310, 222, 55156)
(310, 135, 25135)
(310, 236, 4307)
(310, 18, 72905)
(310, 158, 46603)
(310, 72, 45646)
(310, 306, 47322)
(310, 106, 48533)
(310, 242, 5080)
(310, 249, 56121)
(310, 270, 34677)
(310, 153, 65293)
(310, 90, 17680)
(310, 70, 21071)
(310, 244, 49657)
(310, 287, 56736)
(310, 62, 26398)
(310, 223, 48587)
(310, 79, 44103)
(310, 44, 74774)
(310, 26, 56135)
(310, 266, 22078)
(310, 46, 11262)
(310, 174, 60327)
(310, 207, 75419)
(310, 274, 8789)
(310, 145, 54489)
(310, 221, 42742)
(310, 6, 52997)
(310, 97, 65110)
(310, 140, 35515)
(310, 96, 29242)
(310, 143, 51491)
(310, 127, 56188)
(310, 155, 1075)
(310, 186, 17097)
(310, 179, 20949)
(310, 261, 15900)
(310, 75, 18816)
(310, 216, 42000)
(310, 267, 26769)
(310, 110, 3749)
(310, 259, 53498)
(310, 193, 17041)
(310, 130, 70132)
(310, 272, 13155)
(310, 185, 68531)
(310, 248, 53290)
(310, 195, 496)
(310, 13, 38685)
(310, 305, 29659)
(310, 178, 9725)
(310, 288, 6615)
(310, 217, 52512)
(310, 251, 61471)
(310, 196, 39059)
(310, 285, 32057)
(310, 7, 47692)
(310, 166, 38257)
(310, 240, 42619)
(310, 120, 814)
(310, 17, 68769)
(310, 28, 50814)
(310, 115, 12320)
(310, 254, 66754)
(310, 41, 48921)
(310, 8, 55194)
(310, 245, 8625)
(310, 304, 5005)
(310, 165, 40180)
(310, 281, 7667)
(310, 132, 13169)
(310, 227, 54271)
(310, 264, 62530)
(310, 203, 8971)
(310, 183, 38226)
(310, 121, 505)
(310, 168, 46233)
(310, 291, 41491)
(310, 88, 48571)
(310, 201, 6568)
(310, 212, 49347)
(310, 89, 67194)
(310, 2, 55998)
(310, 48, 6517)
(310, 52, 32019)
(310, 124, 17321)
(310, 175, 27881)
(310, 29, 48256)
(310, 307, 58648)
(310, 54, 19010)
(310, 157, 9122)
(310, 202, 7050)
(310, 100, 64968)
(310, 154, 34553)
(310, 68, 28437)
(310, 51, 34535)
(310, 10, 45628)
(310, 56, 36574)
(310, 198, 24034)
(310, 294, 43922)
(310, 35, 11980)
(310, 173, 7542)
(310, 103, 54677)
(310, 64, 57215)
(310, 73, 17026)
(310, 117, 40481)
(310, 220, 17636)
(310, 129, 19463)
(310, 255, 34255)
(310, 162, 7182)
(310, 31, 18410)
(310, 271, 36466)
(310, 95, 34542)
(310, 40, 45182)
(310, 151, 3469)
(310, 299, 42509)
(310, 36, 72891)
(310, 84, 51739)
(310, 16, 27785)
(310, 57, 54447)
(310, 53, 54686)
(310, 189, 58366)
(310, 99, 49676)
(310, 81, 46770)
(310, 105, 22097)
(310, 83, 63746)
(310, 192, 31171)
(310, 197, 31919)
(310, 142, 51887)
(310, 293, 16872)
(310, 282, 62533)
(310, 229, 18628)
(310, 218, 42249)
(310, 226, 11292)
(310, 87, 14344)
(310, 74, 56274)
(310, 43, 4245)
(310, 71, 23586)
(310, 128, 67305)
(310, 136, 12251)
(310, 59, 44459)
(310, 108, 9696)
(310, 45, 18441)
(310, 301, 29681)
(310, 199, 62486)
(310, 308, 56146)
(310, 239, 64761)
(310, 235, 11688)
(310, 109, 1968)
(310, 280, 50545)
(310, 3, 18419)
(310, 34, 44518)
(310, 67, 53440)
(310, 172, 41432)
(310, 170, 49528)
(310, 286, 50230)
(310, 119, 1175)
(310, 292, 14267)
(310, 283, 47169)
(310, 303, 4801)
(310, 11, 68427)
(310, 234, 18985)
(310, 246, 32054)
(310, 253, 56835)
(310, 1, 22425)
(310, 144, 39222)
(310, 177, 13450)
(310, 112, 63204)
(310, 268, 47835)
(310, 215, 36461)
(310, 69, 17137)
(310, 146, 42341)
(310, 258, 10679)
(310, 187, 40610)
(310, 78, 14396)
(310, 296, 43344)
(310, 25, 72067)
(310, 92, 72133)
(310, 126, 9104)
(310, 252, 57850)
(310, 262, 18755)
(310, 184, 17499)
(310, 233, 69344)
(310, 205, 1288)
(310, 300, 12253)
(310, 210, 52396)
(310, 147, 31613)
(310, 113, 58731)
(310, 38, 54047)
(310, 188, 11220)
(310, 85, 20911)
(310, 39, 76164)
(310, 204, 38627)
(310, 163, 65625)
(310, 116, 41102)
(310, 260, 48355)
(310, 206, 20813)
(310, 141, 39138)
(310, 131, 46152)
(310, 61, 30908)
(310, 194, 789)
(310, 107, 21886)
(310, 302, 39164)
(310, 65, 70252)
(310, 21, 41199)
(310, 213, 33953)
(310, 176, 47002)
(310, 243, 49580)
(310, 279, 39141)
(310, 9, 9912)
(310, 256, 31145)
(310, 149, 67690)
(310, 182, 49120)
(310, 125, 723)
(310, 15, 39277)
(311, 204, 37722)
(311, 10, 28646)
(311, 1, 51878)
(311, 266, 27754)
(311, 146, 48164)
(311, 50, 45938)
(311, 126, 54504)
(311, 245, 75851)
(311, 289, 36871)
(311, 283, 19136)
(311, 12, 36131)
(311, 57, 50452)
(311, 77, 64168)
(311, 80, 42944)
(311, 21, 9176)
(311, 248, 31229)
(311, 26, 22584)
(311, 290, 56208)
(311, 238, 17303)
(311, 203, 51513)
(311, 107, 47092)
(311, 73, 61586)
(311, 3, 3608)
(311, 108, 47117)
(311, 7, 74734)
(311, 64, 76249)
(311, 228, 10780)
(311, 48, 71522)
(311, 58, 38519)
(311, 214, 6010)
(311, 166, 34005)
(311, 241, 17298)
(311, 180, 25464)
(311, 258, 30365)
(311, 235, 26915)
(311, 273, 13059)
(311, 54, 71718)
(311, 210, 37966)
(311, 233, 47417)
(311, 247, 19614)
(311, 257, 37680)
(311, 285, 9909)
(311, 70, 34903)
(311, 96, 51667)
(311, 281, 58127)
(311, 261, 71862)
(311, 302, 4160)
(311, 139, 69568)
(311, 33, 9136)
(311, 61, 24939)
(311, 307, 29208)
(311, 47, 54474)
(311, 304, 36417)
(311, 206, 25695)
(311, 207, 45704)
(311, 93, 75209)
(311, 63, 60846)
(311, 106, 54826)
(311, 221, 48430)
(311, 308, 31054)
(311, 280, 47813)
(311, 101, 62407)
(311, 2, 68667)
(311, 71, 71525)
(311, 65, 54764)
(311, 100, 25831)
(311, 87, 31024)
(311, 55, 65378)
(311, 37, 47615)
(311, 95, 66622)
(311, 144, 25381)
(311, 249, 74558)
(311, 159, 39410)
(311, 133, 44488)
(311, 216, 14679)
(311, 225, 14338)
(311, 27, 39042)
(311, 209, 19911)
(311, 168, 40872)
(311, 200, 52111)
(311, 155, 30677)
(311, 193, 46553)
(311, 74, 63791)
(311, 272, 4953)
(311, 34, 2453)
(311, 194, 3596)
(311, 175, 2130)
(311, 0, 7592)
(311, 269, 7458)
(311, 99, 18634)
(311, 123, 45299)
(311, 185, 35634)
(311, 199, 72721)
(311, 224, 30813)
(311, 20, 30313)
(311, 41, 44018)
(311, 124, 41743)
(311, 236, 50149)
(311, 83, 46365)
(311, 24, 58120)
(311, 98, 34150)
(311, 132, 37088)
(311, 286, 61789)
(311, 171, 19953)
(311, 116, 4211)
(311, 178, 24532)
(311, 121, 42908)
(311, 197, 41389)
(311, 227, 18420)
(311, 86, 74059)
(311, 154, 74554)
(311, 211, 7615)
(311, 134, 10083)
(311, 215, 47496)
(311, 17, 12915)
(311, 125, 36088)
(311, 143, 14243)
(311, 66, 49733)
(311, 68, 70689)
(311, 5, 37873)
(311, 259, 34661)
(311, 239, 63095)
(311, 62, 39620)
(311, 60, 18588)
(311, 212, 48745)
(311, 114, 25163)
(311, 38, 10147)
(311, 111, 70860)
(311, 131, 65528)
(311, 305, 4041)
(311, 187, 44385)
(311, 231, 28841)
(311, 52, 60485)
(311, 160, 10924)
(311, 49, 28418)
(311, 191, 50403)
(311, 147, 40946)
(311, 177, 4973)
(311, 127, 13679)
(311, 230, 24957)
(311, 240, 39426)
(311, 14, 23651)
(311, 51, 565)
(311, 274, 54831)
(311, 84, 17992)
(311, 223, 24802)
(311, 253, 62192)
(311, 237, 68981)
(311, 119, 1214)
(311, 288, 47142)
(311, 16, 13301)
(311, 79, 4771)
(311, 94, 44397)
(311, 276, 44370)
(311, 295, 32042)
(311, 44, 63614)
(311, 43, 53735)
(311, 297, 43817)
(311, 158, 64074)
(311, 148, 43802)
(311, 105, 35476)
(311, 129, 23870)
(311, 271, 21577)
(311, 110, 39886)
(311, 275, 75181)
(311, 36, 36869)
(311, 181, 62694)
(311, 262, 49012)
(311, 279, 71656)
(311, 113, 7503)
(311, 243, 51403)
(311, 25, 29371)
(311, 205, 40084)
(311, 282, 40849)
(311, 170, 18360)
(311, 69, 14305)
(311, 102, 56636)
(311, 287, 65102)
(311, 277, 53693)
(311, 97, 48660)
(311, 264, 47748)
(311, 120, 1466)
(311, 103, 5028)
(311, 22, 15829)
(311, 56, 17129)
(311, 150, 26580)
(311, 201, 4765)
(311, 9, 49307)
(311, 90, 48289)
(311, 256, 10563)
(311, 59, 60362)
(311, 165, 60215)
(311, 278, 10378)
(311, 23, 50880)
(311, 174, 25829)
(311, 115, 15350)
(311, 149, 28557)
(311, 40, 26039)
(311, 260, 71359)
(311, 254, 58256)
(311, 179, 57011)
(311, 173, 56836)
(311, 244, 42346)
(311, 112, 47772)
(311, 268, 43833)
(311, 46, 74729)
(311, 242, 54283)
(311, 222, 36032)
(311, 270, 44535)
(311, 162, 52767)
(311, 198, 74662)
(311, 294, 61212)
(311, 284, 67921)
(311, 265, 14223)
(311, 298, 38421)
(311, 164, 33802)
(311, 138, 42839)
(311, 8, 15925)
(311, 30, 50076)
(311, 220, 24556)
(311, 167, 12161)
(311, 251, 57992)
(311, 75, 22259)
(311, 13, 51880)
(311, 28, 70985)
(311, 156, 8365)
(311, 195, 34120)
(311, 299, 16352)
(311, 226, 1493)
(311, 291, 52031)
(311, 45, 11699)
(311, 296, 69143)
(311, 91, 65519)
(311, 218, 53443)
(311, 183, 67182)
(311, 252, 73766)
(311, 72, 63155)
(311, 117, 7073)
(312, 24, 52625)
(312, 224, 8228)
(312, 249, 12397)
(312, 208, 40251)
(312, 292, 34463)
(312, 301, 24580)
(312, 64, 32867)
(312, 178, 10753)
(312, 304, 11178)
(312, 129, 1413)
(312, 27, 13282)
(312, 145, 61804)
(312, 33, 10101)
(312, 103, 21672)
(312, 12, 72771)
(312, 305, 31333)
(312, 126, 2844)
(312, 219, 35678)
(312, 242, 48516)
(312, 51, 9984)
(312, 155, 44227)
(312, 136, 21128)
(312, 97, 1805)
(312, 23, 71171)
(312, 282, 35921)
(312, 32, 21920)
(312, 84, 9502)
(312, 22, 55172)
(312, 85, 21741)
(312, 140, 53608)
(312, 152, 67914)
(312, 174, 47488)
(312, 237, 71018)
(312, 244, 20129)
(312, 123, 30415)
(312, 13, 30884)
(312, 5, 41659)
(312, 128, 27206)
(312, 175, 64899)
(312, 121, 34593)
(312, 93, 38188)
(312, 215, 53695)
(312, 57, 5144)
(312, 40, 27867)
(312, 264, 52339)
(312, 227, 24915)
(312, 105, 45225)
(312, 188, 34806)
(312, 298, 70364)
(312, 231, 25473)
(313, 116, 37659)
(313, 71, 13980)
(313, 129, 50353)
(313, 33, 47104)
(313, 77, 14948)
(313, 249, 16666)
(313, 226, 69241)
(313, 54, 2231)
(313, 237, 51463)
(313, 130, 40287)
(313, 271, 8373)
(313, 6, 7742)
(313, 199, 66315)
(313, 106, 31052)
(313, 213, 11520)
(313, 93, 64998)
(313, 290, 17229)
(313, 157, 3042)
(313, 291, 75722)
(313, 2, 47485)
(313, 126, 34174)
(313, 15, 42365)
(313, 234, 65204)
(313, 110, 7181)
(313, 25, 14753)
(313, 38, 41990)
(313, 8, 68254)
(313, 109, 35203)
(313, 273, 35958)
(313, 61, 58773)
(313, 183, 30423)
(313, 95, 34721)
(313, 44, 74953)
(313, 136, 24139)
(313, 138, 31627)
(313, 224, 53779)
(313, 99, 50697)
(313, 252, 68814)
(313, 279, 8266)
(313, 143, 319)
(313, 20, 37658)
(313, 294, 37622)
(313, 268, 48394)
(313, 118, 69543)
(313, 160, 74725)
(313, 82, 37596)
(313, 74, 61331)
(313, 204, 43299)
(313, 35, 45943)
(313, 225, 6929)
(313, 281, 12773)
(313, 31, 9789)
(313, 261, 20943)
(313, 263, 67957)
(313, 251, 34135)
(313, 168, 62678)
(313, 309, 27134)
(313, 87, 57513)
(313, 156, 31008)
(313, 288, 63445)
(313, 96, 64700)
(314, 82, 3831)
(314, 256, 62674)
(314, 99, 73462)
(314, 12, 42497)
(314, 87, 45586)
(314, 226, 59926)
(314, 163, 46986)
(314, 267, 57298)
(314, 249, 15084)
(314, 232, 51300)
(314, 78, 5124)
(314, 241, 63159)
(314, 242, 2273)
(314, 27, 38900)
(314, 148, 58513)
(314, 67, 73563)
(314, 47, 10848)
(314, 102, 22568)
(314, 15, 5556)
(314, 49, 56784)
(314, 157, 53)
(314, 264, 69343)
(314, 48, 24052)
(314, 18, 36227)
(314, 65, 42943)
(314, 21, 69436)
(314, 288, 1480)
(314, 306, 18037)
(314, 144, 55057)
(314, 272, 21638)
(315, 126, 11047)
(315, 51, 29110)
(315, 217, 3795)
(315, 184, 70841)
(315, 132, 44721)
(315, 194, 48726)
(315, 275, 64340)
(315, 145, 6248)
(315, 111, 36018)
(315, 278, 48905)
(315, 15, 20501)
(315, 44, 20108)
(315, 279, 7216)
(315, 36, 56487)
(315, 68, 66179)
(315, 248, 67505)
(315, 231, 24644)
(315, 82, 6262)
(315, 121, 56024)
(315, 87, 74171)
(315, 191, 52733)
(315, 203, 31748)
(315, 16, 19219)
(315, 63, 383)
(315, 196, 11293)
(315, 14, 73966)
(315, 24, 36721)
(315, 48, 36327)
(315, 109, 17266)
(315, 235, 34072)
(315, 91, 39516)
(315, 264, 48635)
(315, 289, 70234)
(315, 65, 46919)
(315, 119, 58231)
(315, 179, 72867)
(315, 102, 59483)
(315, 226, 29546)
(315, 151, 60266)
(315, 298, 69335)
(315, 7, 19920)
(315, 306, 27775)
(315, 43, 32062)
(315, 257, 66953)
(315, 228, 24787)
(315, 181, 76163)
(315, 219, 49245)
(315, 205, 43051)
(315, 296, 30572)
(315, 96, 21398)
(315, 314, 39106)
(315, 160, 36852)
(315, 90, 22366)
(315, 27, 27322)
(315, 206, 58567)
(315, 299, 2630)
(315, 164, 17984)
(315, 69, 69773)
(315, 86, 61354)
(315, 139, 4073)
(315, 288, 62035)
(315, 200, 47106)
(315, 204, 51996)
(315, 125, 25631)
(315, 128, 20920)
(315, 185, 26544)
(315, 308, 64798)
(315, 178, 38661)
(315, 249, 72997)
(315, 77, 55601)
(315, 221, 32109)
(315, 292, 27887)
(315, 124, 16115)
(315, 218, 27308)
(315, 135, 62593)
(315, 150, 43852)
(315, 127, 38118)
(315, 170, 69060)
(315, 70, 41886)
(315, 30, 13158)
(315, 209, 17083)
(315, 153, 50650)
(315, 54, 73559)
(315, 92, 69700)
(315, 265, 75784)
(315, 301, 34376)
(315, 312, 57625)
(315, 243, 21695)
(315, 254, 66451)
(315, 220, 46628)
(315, 120, 69172)
(315, 246, 12280)
(315, 122, 39571)
(315, 42, 44176)
(315, 98, 35404)
(315, 107, 40762)
(315, 93, 17306)
(315, 81, 47606)
(315, 166, 51965)
(315, 10, 33740)
(315, 272, 75385)
(315, 224, 22898)
(315, 116, 75003)
(315, 283, 8135)
(315, 19, 61351)
(315, 89, 45460)
(315, 104, 68862)
(315, 2, 52907)
(315, 38, 2992)
(315, 168, 74268)
(315, 216, 7830)
(315, 291, 27353)
(315, 173, 144)
(315, 95, 28139)
(315, 198, 63262)
(315, 247, 42763)
(315, 236, 18378)
(315, 229, 25287)
(315, 250, 70555)
(315, 280, 61688)
(315, 303, 68835)
(315, 155, 8404)
(315, 271, 6539)
(315, 281, 34166)
(315, 252, 25439)
(315, 269, 53960)
(315, 282, 14038)
(315, 149, 66192)
(315, 222, 48934)
(315, 167, 37463)
(315, 238, 62165)
(315, 215, 411)
(315, 28, 34039)
(315, 176, 17344)
(315, 144, 75327)
(315, 59, 42818)
(315, 113, 18563)
(315, 50, 60101)
(315, 0, 39289)
(315, 258, 3170)
(315, 286, 53790)
(315, 152, 63165)
(315, 223, 7049)
(315, 39, 25317)
(315, 76, 55269)
(315, 295, 42931)
(315, 297, 21840)
(315, 267, 56810)
(315, 21, 55434)
(315, 230, 58361)
(315, 143, 72900)
(315, 73, 18699)
(315, 169, 39193)
(315, 277, 58741)
(315, 83, 4942)
(315, 56, 49079)
(315, 115, 9539)
(315, 147, 53394)
(315, 78, 56752)
(315, 311, 13890)
(315, 294, 17353)
(315, 186, 48780)
(315, 9, 51636)
(315, 213, 41604)
(315, 85, 28120)
(315, 285, 72407)
(315, 253, 47451)
(315, 53, 19384)
(315, 171, 64803)
(315, 197, 14033)
(315, 241, 29649)
(315, 4, 9615)
(315, 242, 14622)
(315, 46, 48900)
(315, 182, 27394)
(315, 188, 49106)
(315, 57, 49436)
(315, 187, 49561)
(315, 305, 32242)
(315, 276, 60285)
(315, 18, 24094)
(315, 47, 57917)
(315, 31, 9655)
(315, 101, 51779)
(315, 74, 31073)
(315, 158, 57864)
(315, 270, 24974)
(315, 88, 75230)
(315, 293, 74123)
(315, 23, 43014)
(315, 6, 43396)
(315, 64, 62572)
(315, 60, 41418)
(315, 256, 17723)
(315, 273, 30025)
(316, 5, 24592)
(316, 198, 44750)
(316, 33, 742)
(316, 256, 72660)
(316, 107, 66337)
(316, 273, 38682)
(316, 150, 5526)
(316, 106, 44892)
(316, 8, 4065)
(316, 44, 7957)
(316, 301, 45064)
(316, 71, 58662)
(316, 246, 28432)
(316, 295, 72314)
(316, 11, 15523)
(316, 200, 17662)
(316, 120, 11635)
(316, 308, 70491)
(316, 156, 33253)
(316, 43, 43083)
(316, 2, 56387)
(316, 248, 75916)
(316, 62, 32618)
(316, 218, 52867)
(316, 172, 22508)
(316, 131, 66616)
(316, 15, 7511)
(316, 263, 72134)
(316, 219, 75835)
(316, 278, 49712)
(316, 310, 55014)
(316, 252, 46213)
(316, 41, 35875)
(316, 118, 51682)
(316, 296, 15190)
(316, 258, 42070)
(316, 127, 39347)
(316, 80, 40323)
(316, 108, 58700)
(316, 78, 42337)
(316, 25, 34838)
(316, 29, 7889)
(316, 204, 27609)
(316, 61, 42954)
(316, 163, 57760)
(316, 111, 1406)
(316, 138, 57786)
(316, 116, 54377)
(316, 104, 28307)
(316, 123, 32761)
(316, 7, 59204)
(316, 57, 70312)
(316, 112, 30009)
(316, 203, 60775)
(316, 26, 11933)
(316, 46, 47808)
(316, 65, 28348)
(316, 261, 19572)
(316, 255, 25475)
(316, 268, 71536)
(316, 97, 2120)
(316, 210, 67900)
(316, 50, 41234)
(316, 244, 60973)
(316, 72, 17118)
(316, 223, 74651)
(316, 3, 9609)
(316, 190, 44234)
(316, 146, 60613)
(316, 291, 42366)
(316, 193, 41619)
(316, 30, 26764)
(316, 19, 43879)
(316, 266, 34832)
(316, 152, 42026)
(316, 18, 50166)
(316, 82, 45935)
(316, 140, 12191)
(316, 119, 60872)
(316, 298, 17714)
(316, 54, 5807)
(316, 197, 14739)
(316, 142, 66150)
(316, 254, 65127)
(316, 134, 19554)
(316, 92, 12647)
(316, 173, 13592)
(316, 297, 2607)
(316, 149, 70688)
(316, 277, 44037)
(316, 69, 1867)
(316, 166, 45991)
(316, 292, 69194)
(316, 293, 65610)
(316, 279, 53161)
(316, 38, 22361)
(316, 289, 32277)
(316, 115, 65539)
(316, 17, 44699)
(316, 12, 59415)
(316, 48, 25590)
(316, 314, 45815)
(316, 53, 18519)
(316, 95, 30068)
(316, 130, 71924)
(316, 201, 43318)
(316, 47, 74900)
(316, 109, 12180)
(316, 231, 46177)
(316, 6, 51759)
(316, 52, 36436)
(316, 13, 9466)
(316, 186, 31944)
(316, 307, 34159)
(316, 34, 7283)
(316, 270, 48274)
(316, 125, 12532)
(316, 161, 40415)
(316, 281, 61937)
(316, 39, 38356)
(316, 168, 60077)
(316, 220, 8427)
(316, 135, 60114)
(316, 81, 49807)
(316, 247, 2257)
(316, 148, 46493)
(316, 240, 17781)
(316, 154, 49341)
(316, 299, 18749)
(316, 90, 66890)
(316, 265, 48510)
(316, 14, 17357)
(316, 188, 69838)
(316, 264, 4483)
(316, 64, 25326)
(316, 83, 76230)
(316, 272, 18750)
(316, 251, 61558)
(316, 285, 21193)
(316, 221, 13423)
(316, 199, 46812)
(316, 225, 24249)
(316, 181, 73952)
(316, 102, 794)
(316, 100, 28720)
(316, 237, 60786)
(316, 287, 26837)
(316, 76, 32755)
(316, 302, 41456)
(316, 77, 13877)
(316, 96, 21077)
(316, 151, 9353)
(316, 228, 67048)
(316, 275, 54605)
(316, 10, 19567)
(316, 21, 46125)
(316, 239, 8866)
(316, 257, 20053)
(316, 230, 39282)
(316, 157, 24753)
(316, 238, 17839)
(316, 128, 73403)
(316, 182, 62157)
(316, 137, 74345)
(316, 16, 54585)
(316, 162, 35463)
(316, 175, 18601)
(316, 202, 11856)
(316, 141, 13331)
(316, 89, 42082)
(316, 312, 66322)
(316, 234, 54048)
(316, 242, 36459)
(316, 27, 68423)
(316, 216, 36833)
(316, 169, 41425)
(316, 103, 70333)
(316, 40, 1435)
(316, 66, 26155)
(316, 63, 69923)
(316, 211, 66797)
(316, 93, 68905)
(316, 145, 67189)
(316, 75, 19713)
(316, 179, 58517)
(316, 213, 69783)
(316, 208, 54803)
(316, 170, 51529)
(316, 233, 14001)
(316, 31, 76125)
(316, 126, 72571)
(316, 59, 54467)
(316, 133, 25365)
(316, 73, 31773)
(316, 129, 54984)
(316, 232, 1878)
(316, 205, 22390)
(316, 288, 62452)
(316, 136, 7202)
(316, 117, 11569)
(316, 187, 34373)
(316, 206, 74557)
(316, 185, 39826)
(316, 42, 69425)
(316, 159, 17978)
(316, 177, 69697)
(316, 114, 12403)
(316, 105, 4030)
(316, 56, 51612)
(316, 164, 14780)
(316, 274, 68762)
(316, 283, 13020)
(316, 260, 50266)
(316, 212, 7938)
(316, 49, 41610)
(316, 262, 35325)
(316, 290, 1028)
(316, 4, 53102)
(316, 35, 45686)
(316, 23, 15756)
(316, 243, 73744)
(316, 55, 12883)
(316, 139, 24346)
(316, 143, 31248)
(316, 215, 46452)
(316, 286, 51121)
(316, 227, 53444)
(316, 284, 73398)
(316, 147, 38715)
(316, 58, 25343)
(316, 99, 44426)
(316, 282, 75997)
(316, 300, 35706)
(316, 167, 60548)
(316, 36, 59930)
(316, 87, 53386)
(316, 196, 57770)
(316, 85, 29899)
(316, 0, 20806)
(316, 313, 28598)
(316, 253, 41281)
(316, 37, 37555)
(316, 183, 6914)
(316, 250, 34117)
(316, 271, 57372)
(316, 222, 54508)
(316, 84, 62250)
(316, 70, 23483)
(316, 28, 51686)
(316, 306, 3063)
(316, 45, 34986)
(316, 180, 11639)
(316, 315, 41490)
(316, 98, 50620)
(316, 209, 15342)
(316, 121, 52438)
(316, 74, 11670)
(316, 79, 73556)
(316, 91, 46750)
(316, 51, 40452)
(316, 226, 37727)
(316, 153, 69766)
(316, 214, 26520)
(316, 101, 56276)
(316, 86, 16740)
(316, 191, 16628)
(316, 229, 15858)
(316, 1, 46145)
(316, 269, 12407)
(316, 224, 21098)
(316, 32, 38882)
(317, 133, 17339)
(317, 186, 60971)
(317, 58, 18243)
(317, 83, 27572)
(317, 0, 68252)
(317, 153, 21782)
(317, 301, 60013)
(317, 75, 52628)
(317, 94, 22646)
(317, 306, 48720)
(317, 256, 63020)
(317, 159, 51028)
(317, 124, 21765)
(317, 8, 43897)
(317, 177, 53033)
(317, 255, 47828)
(317, 246, 5216)
(317, 181, 52969)
(317, 44, 55582)
(317, 162, 16030)
(317, 148, 46998)
(317, 107, 47066)
(317, 48, 14693)
(317, 195, 27022)
(317, 5, 4935)
(317, 223, 72805)
(317, 225, 63363)
(317, 261, 31339)
(317, 73, 1922)
(317, 6, 34110)
(317, 185, 57793)
(317, 187, 10771)
(317, 163, 60721)
(317, 10, 14356)
(317, 309, 53860)
(317, 67, 24678)
(317, 171, 46)
(317, 108, 66690)
(317, 72, 14636)
(317, 193, 69434)
(317, 240, 15279)
(317, 93, 70006)
(317, 270, 11539)
(317, 114, 8964)
(317, 264, 38391)
(317, 273, 10989)
(317, 212, 35494)
(317, 4, 54375)
(317, 137, 14252)
(317, 79, 46688)
(317, 42, 20612)
(317, 241, 71558)
(317, 180, 32149)
(317, 49, 35469)
(317, 86, 12854)
(317, 232, 7072)
(317, 251, 20831)
(317, 229, 75336)
(317, 233, 51969)
(317, 31, 8324)
(317, 128, 60224)
(317, 267, 41837)
(317, 66, 36760)
(317, 105, 61087)
(317, 283, 74359)
(317, 175, 52668)
(317, 173, 50340)
(317, 32, 62482)
(317, 47, 59310)
(317, 80, 823)
(317, 36, 7638)
(317, 17, 56915)
(317, 15, 26145)
(317, 178, 51717)
(317, 91, 22821)
(317, 18, 9882)
(317, 263, 42791)
(317, 300, 65256)
(317, 222, 44323)
(317, 268, 2116)
(317, 69, 16193)
(317, 126, 28127)
(317, 238, 53626)
(317, 52, 36289)
(317, 100, 14611)
(317, 310, 63359)
(317, 206, 3235)
(317, 25, 36430)
(317, 221, 66894)
(317, 82, 42416)
(317, 26, 20193)
(317, 174, 69789)
(317, 29, 33830)
(317, 303, 53262)
(317, 54, 47744)
(317, 188, 69427)
(317, 97, 38110)
(317, 37, 60064)
(317, 203, 20030)
(317, 282, 37078)
(317, 165, 47710)
(317, 279, 60458)
(317, 21, 46828)
(317, 205, 74683)
(317, 313, 68545)
(317, 219, 42438)
(317, 289, 75444)
(317, 211, 51317)
(317, 164, 31261)
(317, 135, 70955)
(317, 192, 3330)
(317, 158, 3931)
(317, 152, 10315)
(317, 285, 45730)
(317, 198, 58409)
(317, 179, 67791)
(317, 243, 51259)
(317, 176, 5780)
(317, 252, 47526)
(317, 120, 33022)
(317, 292, 12000)
(317, 305, 57664)
(317, 287, 61997)
(317, 304, 23760)
(317, 92, 13108)
(317, 81, 36634)
(317, 161, 8318)
(317, 247, 28912)
(317, 13, 55377)
(317, 190, 19529)
(317, 53, 61393)
(317, 121, 34597)
(317, 33, 34724)
(317, 35, 2834)
(317, 7, 19522)
(317, 89, 9000)
(317, 242, 24188)
(317, 297, 31277)
(317, 281, 50554)
(317, 68, 47290)
(317, 116, 53584)
(317, 30, 43638)
(317, 23, 9518)
(317, 149, 37077)
(317, 200, 8105)
(317, 20, 72512)
(317, 172, 31164)
(317, 293, 31916)
(317, 132, 5343)
(317, 141, 65463)
(317, 202, 74609)
(317, 280, 61546)
(317, 296, 16192)
(317, 16, 52952)
(317, 253, 73678)
(317, 40, 61971)
(317, 99, 46017)
(317, 90, 40455)
(317, 60, 35064)
(317, 110, 39580)
(317, 199, 66646)
(317, 286, 31808)
(317, 218, 54702)
(317, 143, 55147)
(317, 260, 64839)
(317, 249, 61697)
(317, 109, 1722)
(317, 142, 42372)
(317, 230, 18045)
(317, 209, 61802)
(317, 182, 14074)
(317, 88, 3761)
(317, 140, 16484)
(317, 168, 19755)
(317, 138, 71974)
(317, 290, 6318)
(317, 166, 47273)
(317, 134, 54964)
(317, 278, 70736)
(317, 295, 62927)
(317, 234, 13012)
(317, 113, 30057)
(317, 227, 87)
(317, 157, 55226)
(317, 259, 24245)
(317, 62, 62148)
(317, 125, 56941)
(317, 38, 73929)
(317, 217, 24258)
(317, 59, 57951)
(317, 111, 23333)
(317, 77, 14617)
(317, 196, 33333)
(317, 228, 26297)
(317, 129, 45617)
(317, 216, 7974)
(317, 262, 72873)
(317, 144, 52122)
(317, 95, 35099)
(317, 51, 61926)
(317, 39, 73028)
(317, 1, 21038)
(317, 131, 63695)
(317, 194, 9375)
(317, 208, 63413)
(317, 127, 20553)
(317, 9, 8129)
(317, 122, 41321)
(317, 170, 48098)
(317, 85, 49235)
(318, 270, 56125)
(318, 55, 19643)
(318, 210, 39690)
(318, 26, 21444)
(318, 78, 13998)
(318, 188, 60020)
(318, 152, 8248)
(318, 206, 46644)
(318, 87, 39992)
(318, 260, 13812)
(318, 184, 74334)
(318, 3, 65129)
(318, 91, 63024)
(318, 64, 72263)
(318, 145, 72017)
(318, 72, 16479)
(318, 168, 9698)
(318, 94, 39921)
(318, 251, 39726)
(318, 276, 73934)
(318, 70, 58396)
(318, 119, 22166)
(318, 185, 72060)
(318, 204, 70422)
(318, 108, 58801)
(318, 245, 74402)
(318, 283, 51565)
(318, 48, 58222)
(318, 215, 26374)
(318, 12, 72935)
(318, 110, 40994)
(318, 5, 71671)
(318, 237, 39409)
(318, 73, 3480)
(318, 8, 3267)
(318, 22, 43808)
(318, 236, 42303)
(318, 97, 8659)
(318, 285, 60571)
(318, 249, 14395)
(318, 50, 66799)
(318, 36, 26104)
(318, 19, 22432)
(318, 308, 31670)
(318, 62, 18374)
(318, 303, 40898)
(318, 113, 26460)
(318, 164, 28970)
(318, 66, 8551)
(318, 216, 24785)
(318, 7, 76296)
(318, 272, 66016)
(318, 186, 36825)
(318, 295, 35855)
(318, 165, 3218)
(318, 277, 16475)
(318, 176, 45308)
(318, 241, 28981)
(318, 41, 45952)
(318, 218, 10169)
(318, 79, 16455)
(318, 86, 71865)
(318, 89, 40727)
(318, 264, 10902)
(319, 79, 14774)
(319, 181, 62473)
(319, 242, 9888)
(319, 126, 17467)
(319, 284, 55293)
(319, 131, 48113)
(319, 266, 32237)
(319, 255, 23757)
(319, 157, 1718)
(319, 84, 38102)
(319, 23, 28251)
(319, 89, 54381)
(319, 235, 41781)
(319, 188, 59094)
(319, 0, 8237)
(319, 218, 49731)
(319, 191, 39250)
(319, 139, 68573)
(319, 281, 45117)
(319, 294, 65520)
(319, 92, 2826)
(319, 287, 63055)
(319, 210, 27198)
(319, 269, 73889)
(319, 286, 3991)
(319, 283, 2867)
(319, 170, 21298)
(319, 142, 29856)
(319, 189, 42911)
(319, 35, 35980)
(319, 301, 3895)
(319, 169, 38476)
(319, 130, 36939)
(319, 211, 48442)
(319, 205, 2177)
(319, 37, 74066)
(319, 216, 27109)
(319, 136, 11104)
(319, 230, 20294)
(319, 275, 8524)
(319, 25, 14165)
(319, 124, 37440)
(319, 39, 40827)
(319, 260, 3602)
(319, 198, 61995)
(319, 43, 49887)
(319, 148, 31427)
(319, 290, 64212)
(319, 63, 49564)
(319, 13, 2023)
(319, 20, 30223)
(319, 141, 19892)
(319, 278, 17862)
(319, 271, 55543)
(319, 151, 73178)
(319, 15, 30690)
(319, 88, 61864)
(319, 219, 4193)
(319, 93, 29365)
(319, 261, 66964)
(319, 120, 33179)
(319, 112, 55159)
(320, 42, 58195)
(320, 262, 17474)
(320, 36, 37304)
(320, 270, 9683)
(320, 174, 65245)
(320, 266, 30435)
(320, 301, 32315)
(320, 66, 64225)
(320, 245, 22335)
(320, 287, 18590)
(320, 39, 56818)
(320, 317, 28953)
(320, 139, 3239)
(320, 2, 11605)
(320, 12, 36746)
(320, 159, 23937)
(320, 227, 38081)
(320, 153, 10836)
(320, 178, 16725)
(320, 7, 18074)
(320, 127, 14053)
(320, 48, 58030)
(320, 169, 37689)
(320, 176, 20045)
(320, 256, 39897)
(320, 88, 68010)
(320, 189, 7953)
(320, 144, 38013)
(320, 70, 70062)
(320, 183, 20709)
(320, 81, 67731)
(320, 172, 32561)
(320, 175, 21604)
(320, 82, 37290)
(320, 202, 68057)
(320, 180, 72695)
(320, 92, 6278)
(320, 69, 36649)
(320, 113, 37674)
(320, 22, 1561)
(320, 238, 5119)
(320, 215, 38303)
(320, 305, 57364)
(320, 128, 51984)
(320, 282, 69392)
(320, 38, 63476)
(320, 306, 2033)
(320, 119, 6680)
(320, 114, 44392)
(320, 233, 22609)
(320, 45, 35520)
(320, 253, 998)
(320, 108, 68714)
(320, 64, 37476)
(320, 234, 47224)
(320, 149, 58224)
(320, 126, 7525)
(320, 101, 1410)
(320, 54, 19462)
(320, 285, 44885)
(320, 83, 48891)
(320, 104, 66753)
(320, 1, 10365)
(320, 232, 17287)
(320, 292, 75391)
(320, 11, 29118)
(320, 156, 8229)
(320, 106, 36183)
(320, 242, 61370)
(320, 263, 63558)
(320, 173, 38708)
(320, 10, 75259)
(320, 267, 7068)
(320, 27, 34607)
(320, 200, 51339)
(320, 141, 32882)
(320, 235, 11483)
(320, 290, 73156)
(320, 192, 60999)
(320, 72, 33363)
(320, 107, 60739)
(320, 273, 47432)
(320, 85, 60338)
(320, 110, 12125)
(320, 96, 12288)
(320, 187, 54020)
(320, 309, 29432)
(320, 97, 32654)
(320, 52, 40943)
(320, 154, 15837)
(320, 211, 76321)
(320, 40, 68538)
(320, 100, 62293)
(320, 65, 50871)
(320, 25, 52336)
(320, 63, 15379)
(320, 300, 64922)
(320, 135, 51388)
(320, 164, 47460)
(320, 130, 15002)
(320, 181, 41401)
(320, 274, 28904)
(320, 75, 58111)
(320, 55, 50444)
(320, 239, 50103)
(320, 196, 28627)
(320, 171, 51218)
(320, 213, 52808)
(320, 29, 12302)
(320, 68, 9063)
(320, 195, 18844)
(320, 193, 71047)
(320, 30, 48186)
(320, 294, 35831)
(320, 222, 69312)
(320, 24, 57941)
(320, 297, 39279)
(320, 258, 29688)
(320, 313, 16673)
(320, 188, 27845)
(320, 221, 20763)
(320, 71, 15542)
(320, 291, 16496)
(320, 49, 76300)
(320, 276, 24197)
(320, 35, 62056)
(320, 87, 23235)
(320, 246, 20114)
(320, 15, 26537)
(320, 168, 15580)
(320, 79, 12247)
(320, 143, 75959)
(320, 47, 34743)
(320, 148, 36414)
(320, 61, 54195)
(320, 179, 17593)
(320, 167, 58312)
(320, 228, 1427)
(320, 14, 61338)
(320, 99, 72594)
(320, 73, 46357)
(320, 115, 62114)
(320, 268, 5149)
(320, 161, 52373)
(320, 184, 27207)
(320, 80, 59783)
(320, 133, 46537)
(320, 260, 5253)
(320, 77, 2499)
(320, 190, 68878)
(320, 185, 55375)
(320, 219, 20304)
(320, 134, 36123)
(320, 247, 23507)
(320, 94, 39605)
(320, 265, 4443)
(320, 56, 1223)
(320, 299, 11373)
(320, 277, 50419)
(320, 269, 57741)
(320, 62, 37701)
(321, 3, 45165)
(321, 207, 48843)
(321, 269, 2340)
(321, 54, 54392)
(321, 120, 19206)
(321, 283, 62151)
(321, 248, 50567)
(321, 125, 25693)
(321, 122, 26972)
(321, 98, 14760)
(321, 23, 32184)
(321, 115, 40721)
(321, 171, 6454)
(321, 244, 11628)
(321, 138, 74604)
(321, 77, 54240)
(321, 11, 72817)
(321, 67, 68049)
(321, 45, 66608)
(321, 319, 25605)
(321, 105, 73746)
(321, 149, 48688)
(321, 266, 32371)
(321, 97, 26664)
(321, 286, 5454)
(321, 47, 6108)
(321, 261, 55957)
(321, 214, 33355)
(321, 51, 50726)
(321, 313, 4195)
(321, 252, 61061)
(321, 201, 47804)
(321, 223, 51213)
(321, 129, 64850)
(321, 124, 10305)
(321, 144, 17397)
(321, 247, 27325)
(321, 217, 28905)
(321, 206, 18108)
(321, 224, 41830)
(321, 162, 34997)
(321, 21, 37679)
(321, 84, 26732)
(321, 289, 56663)
(321, 5, 71925)
(321, 95, 23825)
(321, 300, 65604)
(321, 246, 39515)
(321, 316, 45466)
(321, 255, 45345)
(321, 278, 72797)
(321, 13, 58036)
(321, 183, 69042)
(321, 163, 36862)
(321, 238, 23479)
(321, 198, 30558)
(321, 30, 24228)
(321, 225, 19066)
(321, 169, 56674)
(321, 87, 39227)
(321, 147, 480)
(321, 72, 52654)
(321, 181, 37482)
(321, 70, 43465)
(321, 265, 29209)
(321, 123, 28103)
(321, 222, 23375)
(321, 111, 36491)
(321, 188, 40442)
(321, 158, 60422)
(321, 4, 54663)
(321, 304, 49203)
(321, 233, 52096)
(321, 139, 11463)
(321, 231, 61539)
(321, 29, 52752)
(321, 308, 36045)
(321, 85, 44935)
(321, 165, 70830)
(321, 19, 75934)
(321, 69, 22613)
(321, 186, 10382)
(321, 179, 15490)
(321, 56, 59309)
(321, 180, 39670)
(321, 96, 30018)
(321, 114, 48673)
(321, 157, 69749)
(321, 148, 51535)
(321, 213, 1746)
(321, 109, 33372)
(321, 232, 58126)
(321, 293, 38112)
(321, 118, 22537)
(321, 212, 21736)
(321, 154, 21830)
(321, 203, 57799)
(321, 253, 57549)
(321, 226, 26005)
(321, 196, 8418)
(321, 14, 35907)
(321, 42, 28804)
(321, 31, 63425)
(321, 71, 7665)
(321, 279, 33183)
(321, 119, 42522)
(321, 200, 7053)
(321, 9, 31043)
(321, 303, 42826)
(321, 175, 63356)
(321, 20, 3425)
(321, 132, 27590)
(321, 16, 35151)
(321, 68, 6953)
(321, 78, 38169)
(321, 17, 25224)
(321, 27, 4479)
(321, 288, 51550)
(321, 199, 25819)
(321, 167, 59217)
(321, 262, 4467)
(321, 79, 23713)
(321, 104, 43090)
(321, 256, 47717)
(321, 35, 4105)
(321, 243, 2310)
(321, 237, 16663)
(321, 159, 17561)
(321, 155, 36622)
(321, 25, 3517)
(321, 249, 71145)
(321, 1, 70081)
(321, 46, 1434)
(321, 296, 41665)
(321, 106, 18885)
(321, 52, 12683)
(321, 150, 1225)
(321, 302, 52971)
(321, 58, 53661)
(321, 315, 3420)
(321, 117, 42727)
(321, 306, 23004)
(321, 161, 50109)
(321, 103, 29079)
(321, 15, 36175)
(321, 53, 15197)
(321, 37, 63102)
(321, 22, 16604)
(321, 38, 10361)
(321, 152, 60200)
(321, 275, 22061)
(321, 240, 45799)
(321, 274, 10566)
(321, 259, 66208)
(321, 258, 2674)
(321, 83, 73728)
(321, 205, 23823)
(321, 173, 6409)
(321, 153, 20539)
(321, 314, 33338)
(321, 61, 21037)
(321, 185, 14183)
(321, 177, 60673)
(321, 254, 55340)
(321, 285, 42320)
(321, 134, 59758)
(321, 166, 55870)
(321, 76, 46767)
(321, 146, 64782)
(321, 312, 36363)
(321, 121, 36099)
(321, 32, 43765)
(321, 195, 73811)
(321, 184, 2824)
(321, 257, 61622)
(321, 26, 24270)
(321, 295, 25128)
(321, 202, 43599)
(321, 251, 51326)
(321, 130, 34266)
(321, 239, 12937)
(321, 8, 28699)
(321, 160, 66750)
(321, 112, 69737)
(321, 49, 665)
(321, 191, 1529)
(321, 91, 56798)
(321, 287, 1883)
(321, 10, 55162)
(321, 260, 66034)
(321, 307, 37640)
(321, 301, 34297)
(321, 92, 25199)
(321, 234, 7171)
(321, 267, 50664)
(321, 310, 52708)
(321, 273, 28208)
(321, 218, 75533)
(321, 137, 45036)
(321, 116, 8219)
(321, 107, 1646)
(321, 102, 10955)
(321, 6, 20454)
(321, 209, 38669)
(321, 241, 30262)
(321, 164, 10644)
(321, 39, 40706)
(321, 44, 72180)
(321, 48, 37201)
(321, 73, 39307)
(321, 190, 67433)
(321, 2, 14213)
(321, 311, 59152)
(321, 88, 39404)
(321, 317, 66673)
(321, 80, 37229)
(321, 268, 53131)
(321, 182, 57494)
(321, 192, 17146)
(321, 41, 48103)
(321, 127, 58885)
(321, 280, 72702)
(321, 36, 36964)
(321, 270, 51228)
(321, 62, 66206)
(321, 24, 3574)
(321, 309, 39371)
(321, 75, 57577)
(321, 211, 18733)
(321, 34, 44076)
(321, 320, 39829)
(321, 281, 19399)
(321, 151, 272)
(321, 194, 22340)
(321, 145, 52868)
(322, 316, 35006)
(322, 213, 53713)
(322, 99, 13796)
(322, 267, 74469)
(322, 195, 24425)
(322, 115, 54491)
(322, 209, 15319)
(322, 191, 23350)
(322, 157, 34734)
(322, 294, 42648)
(322, 101, 69461)
(322, 194, 38672)
(322, 40, 19852)
(322, 56, 9892)
(322, 138, 31940)
(322, 244, 17535)
(322, 27, 63965)
(322, 68, 5562)
(322, 45, 47223)
(322, 70, 53965)
(322, 149, 56817)
(322, 21, 39693)
(322, 156, 33908)
(322, 185, 30624)
(322, 64, 47336)
(322, 302, 75027)
(322, 221, 69246)
(322, 78, 25974)
(322, 260, 59033)
(322, 266, 48650)
(322, 192, 7210)
(322, 304, 74956)
(322, 282, 29613)
(322, 79, 20149)
(322, 134, 40661)
(322, 178, 53822)
(322, 127, 76270)
(322, 229, 58900)
(322, 130, 70277)
(322, 265, 51191)
(322, 108, 7978)
(322, 19, 60326)
(322, 144, 15068)
(322, 177, 52144)
(323, 274, 38944)
(323, 128, 24198)
(323, 45, 15124)
(323, 151, 14795)
(323, 140, 18605)
(323, 271, 52229)
(323, 39, 16363)
(323, 40, 25696)
(323, 297, 41566)
(323, 206, 60220)
(323, 219, 63995)
(323, 68, 46554)
(323, 116, 10948)
(323, 196, 30457)
(323, 184, 4648)
(323, 138, 17120)
(323, 129, 56825)
(323, 27, 66587)
(323, 308, 75864)
(323, 66, 8333)
(323, 99, 46324)
(323, 168, 71818)
(323, 114, 52015)
(323, 197, 48946)
(323, 259, 10325)
(323, 137, 777)
(323, 289, 58686)
(323, 220, 45897)
(323, 193, 68960)
(323, 75, 41572)
(323, 257, 52143)
(323, 79, 45811)
(323, 70, 56596)
(323, 191, 65367)
(323, 165, 59617)
(323, 205, 30170)
(323, 94, 31965)
(323, 298, 31028)
(323, 318, 24964)
(323, 76, 3503)
(323, 216, 59620)
(323, 255, 69589)
(323, 30, 34569)
(323, 305, 7314)
(323, 321, 49237)
(323, 26, 71509)
(323, 113, 59668)
(323, 106, 5922)
(323, 315, 58025)
(323, 91, 33540)
(323, 204, 75440)
(323, 130, 30420)
(323, 163, 50038)
(323, 86, 45647)
(323, 203, 22273)
(323, 63, 35513)
(323, 211, 70446)
(323, 121, 5507)
(323, 21, 5621)
(323, 281, 3034)
(323, 103, 55341)
(323, 276, 27245)
(323, 262, 34046)
(323, 288, 52426)
(323, 241, 50231)
(323, 268, 33544)
(323, 172, 21833)
(323, 285, 55060)
(323, 147, 38952)
(323, 120, 33697)
(323, 22, 68750)
(323, 80, 59767)
(323, 92, 41791)
(323, 18, 10548)
(323, 182, 69207)
(323, 173, 14052)
(323, 319, 58728)
(323, 101, 47798)
(323, 82, 4992)
(323, 225, 52018)
(323, 52, 16199)
(323, 158, 13126)
(323, 238, 1751)
(323, 56, 29470)
(323, 60, 58935)
(323, 117, 12562)
(323, 46, 60030)
(323, 265, 22991)
(323, 283, 34548)
(323, 175, 33513)
(323, 300, 41155)
(323, 105, 47286)
(323, 154, 16313)
(323, 244, 39037)
(324, 101, 24823)
(324, 267, 12991)
(324, 311, 58898)
(324, 207, 33741)
(324, 157, 59993)
(324, 257, 49057)
(324, 225, 398)
(324, 210, 69908)
(324, 196, 66242)
(324, 112, 22201)
(324, 154, 45958)
(324, 158, 58680)
(324, 2, 69095)
(324, 183, 15916)
(324, 323, 57507)
(324, 150, 52568)
(324, 144, 17187)
(324, 114, 9821)
(324, 25, 50855)
(324, 174, 76428)
(324, 118, 59919)
(324, 240, 7246)
(324, 92, 18698)
(324, 55, 68887)
(324, 231, 37322)
(324, 314, 46198)
(324, 318, 47985)
(324, 224, 48852)
(324, 290, 70391)
(324, 98, 29195)
(324, 264, 46144)
(324, 134, 72537)
(324, 261, 10668)
(324, 49, 15439)
(324, 227, 3445)
(324, 48, 15870)
(324, 235, 40292)
(324, 147, 11283)
(324, 209, 69058)
(324, 236, 38386)
(324, 104, 8230)
(324, 137, 52171)
(324, 9, 25812)
(324, 145, 31096)
(324, 153, 10285)
(324, 66, 28716)
(324, 52, 59052)
(324, 208, 35614)
(324, 121, 29266)
(324, 187, 48936)
(324, 62, 55146)
(324, 131, 74337)
(324, 160, 56482)
(324, 274, 10283)
(324, 41, 22253)
(324, 38, 50929)
(324, 124, 26949)
(324, 111, 42807)
(324, 79, 3731)
(324, 200, 7185)
(324, 245, 98)
(324, 246, 73971)
(324, 31, 39774)
(324, 315, 59552)
(324, 306, 76307)
(324, 299, 33412)
(324, 123, 12617)
(324, 61, 50290)
(324, 17, 59954)
(324, 316, 34896)
(324, 73, 22709)
(324, 270, 70278)
(324, 89, 53712)
(324, 23, 46128)
(324, 244, 42417)
(324, 164, 24306)
(324, 247, 56871)
(324, 8, 69395)
(324, 136, 36156)
(324, 60, 48476)
(324, 171, 52043)
(324, 182, 43726)
(324, 250, 11750)
(324, 248, 50860)
(324, 97, 13739)
(324, 117, 72375)
(324, 302, 68990)
(324, 54, 62968)
(324, 218, 59579)
(324, 243, 47633)
(324, 116, 7911)
(324, 113, 40285)
(324, 143, 66092)
(324, 278, 63299)
(324, 125, 23302)
(324, 37, 60534)
(324, 265, 26160)
(324, 176, 74633)
(324, 80, 25466)
(324, 51, 67068)
(324, 194, 32914)
(324, 159, 42374)
(325, 32, 50941)
(325, 1, 35987)
(325, 68, 60841)
(325, 282, 59845)
(325, 148, 36415)
(325, 237, 22651)
(325, 268, 71476)
(325, 261, 59167)
(325, 69, 22058)
(325, 280, 41991)
(325, 50, 32439)
(325, 153, 57412)
(325, 167, 17519)
(325, 266, 72808)
(325, 250, 48984)
(325, 118, 59619)
(325, 53, 76326)
(325, 221, 34703)
(325, 241, 73090)
(325, 314, 74271)
(325, 228, 57007)
(325, 284, 14141)
(325, 229, 45629)
(325, 123, 53844)
(325, 146, 1335)
(325, 60, 640)
(325, 224, 16389)
(325, 322, 4813)
(325, 287, 44154)
(325, 166, 38943)
(325, 31, 6566)
(325, 73, 72045)
(325, 272, 42696)
(325, 320, 72108)
(325, 18, 45393)
(325, 134, 32839)
(325, 210, 68606)
(325, 291, 62111)
(325, 196, 68356)
(325, 12, 11758)
(325, 90, 38562)
(325, 160, 46401)
(325, 189, 35770)
(325, 26, 34955)
(325, 215, 15)
(325, 289, 59077)
(325, 244, 51381)
(325, 87, 47473)
(325, 54, 51252)
(325, 3, 38207)
(325, 301, 25251)
(325, 29, 36931)
(325, 306, 58116)
(325, 319, 46003)
(325, 253, 55449)
(325, 179, 64312)
(325, 67, 44217)
(325, 233, 15303)
(325, 286, 72924)
(325, 232, 30942)
(325, 206, 75290)
(325, 262, 57369)
(325, 11, 33984)
(325, 214, 54134)
(325, 85, 8299)
(325, 30, 26766)
(325, 15, 41472)
(325, 310, 1424)
(325, 245, 31892)
(325, 35, 66516)
(325, 16, 8331)
(325, 61, 61402)
(325, 149, 33923)
(325, 293, 71703)
(325, 40, 14190)
(325, 219, 36771)
(325, 127, 21594)
(325, 39, 70484)
(325, 230, 34538)
(325, 256, 17409)
(325, 216, 76054)
(325, 4, 28051)
(325, 285, 45420)
(325, 46, 31896)
(325, 6, 68989)
(325, 145, 58053)
(325, 8, 41798)
(325, 91, 59395)
(325, 317, 40120)
(325, 304, 21258)
(325, 203, 21089)
(325, 33, 21075)
(325, 99, 3353)
(325, 324, 71064)
(325, 88, 51024)
(325, 58, 33918)
(325, 177, 48194)
(325, 79, 64601)
(325, 154, 6762)
(325, 181, 22436)
(325, 114, 1158)
(325, 175, 7807)
(325, 185, 73774)
(325, 283, 6969)
(325, 22, 47071)
(325, 277, 43340)
(325, 269, 31119)
(325, 186, 919)
(325, 292, 34487)
(325, 204, 55085)
(325, 144, 68939)
(325, 242, 69958)
(325, 9, 72410)
(325, 218, 63672)
(325, 125, 39198)
(325, 276, 59053)
(325, 263, 10686)
(325, 200, 23892)
(325, 70, 66142)
(325, 89, 18874)
(325, 305, 16997)
(325, 65, 31786)
(325, 199, 38239)
(325, 222, 61066)
(325, 75, 37907)
(325, 76, 27369)
(325, 168, 64718)
(325, 150, 63289)
(325, 135, 38193)
(325, 37, 36004)
(325, 235, 74908)
(325, 62, 54364)
(325, 202, 50915)
(325, 72, 68032)
(325, 163, 45237)
(325, 104, 31356)
(326, 191, 47864)
(326, 177, 74832)
(326, 252, 32987)
(326, 197, 17429)
(326, 239, 16137)
(326, 301, 26660)
(326, 78, 59307)
(326, 116, 54057)
(326, 210, 18248)
(326, 299, 68447)
(326, 243, 26220)
(326, 148, 41294)
(326, 118, 47648)
(326, 43, 44974)
(326, 302, 450)
(326, 300, 4669)
(326, 7, 26831)
(326, 165, 48200)
(326, 199, 28882)
(326, 98, 57984)
(326, 312, 45072)
(326, 263, 51573)
(326, 54, 17476)
(326, 45, 44960)
(326, 88, 57030)
(326, 92, 67321)
(326, 250, 75)
(326, 117, 199)
(326, 155, 44753)
(326, 290, 44421)
(326, 24, 16548)
(326, 101, 60023)
(326, 42, 74031)
(326, 168, 63712)
(326, 23, 14822)
(326, 307, 38763)
(326, 192, 10073)
(326, 202, 36727)
(326, 315, 47375)
(326, 107, 72636)
(326, 97, 56048)
(326, 35, 24549)
(326, 215, 8677)
(326, 41, 10071)
(326, 158, 29339)
(326, 185, 1482)
(326, 264, 38091)
(326, 79, 12074)
(326, 114, 39413)
(326, 21, 23513)
(326, 194, 10762)
(326, 175, 9325)
(326, 286, 72619)
(326, 233, 674)
(326, 305, 18126)
(326, 132, 60210)
(326, 174, 10276)
(326, 262, 56011)
(326, 186, 59801)
(326, 201, 62578)
(326, 128, 25688)
(326, 139, 35207)
(326, 222, 3060)
(326, 34, 40948)
(326, 255, 38045)
(326, 127, 36986)
(326, 94, 57702)
(326, 160, 50682)
(326, 138, 73490)
(326, 80, 33188)
(326, 224, 19628)
(326, 113, 49033)
(326, 271, 29088)
(326, 119, 14940)
(326, 229, 49525)
(326, 37, 40456)
(326, 96, 56052)
(326, 49, 55279)
(326, 40, 52323)
(326, 122, 9878)
(326, 251, 35818)
(326, 74, 18543)
(326, 71, 72006)
(326, 91, 54536)
(326, 214, 65574)
(326, 226, 51649)
(326, 190, 52688)
(326, 19, 31397)
(326, 153, 67650)
(326, 30, 42703)
(326, 274, 28817)
(326, 253, 8172)
(326, 254, 37317)
(326, 72, 20380)
(326, 245, 70295)
(326, 313, 27744)
(326, 211, 4506)
(326, 95, 24723)
(326, 163, 63371)
(326, 223, 19679)
(326, 38, 70631)
(326, 213, 13542)
(326, 204, 10775)
(327, 140, 22132)
(327, 172, 31417)
(327, 27, 64194)
(327, 195, 27023)
(327, 168, 10257)
(327, 107, 27597)
(327, 193, 21900)
(327, 211, 71247)
(327, 76, 28890)
(327, 3, 50914)
(327, 204, 17136)
(327, 146, 16399)
(327, 65, 75237)
(327, 263, 52158)
(327, 221, 31436)
(327, 296, 27637)
(327, 315, 586)
(327, 314, 19650)
(327, 70, 43666)
(327, 238, 58461)
(327, 167, 12048)
(327, 15, 74414)
(327, 139, 6700)
(327, 264, 55920)
(327, 135, 9127)
(327, 300, 61624)
(327, 206, 57125)
(327, 267, 44314)
(327, 293, 65226)
(327, 33, 30700)
(327, 130, 50523)
(327, 276, 47617)
(327, 114, 45450)
(327, 120, 46597)
(327, 317, 19922)
(327, 205, 72822)
(327, 251, 29554)
(327, 61, 11759)
(327, 20, 71586)
(327, 34, 47210)
(327, 47, 16912)
(327, 14, 15213)
(327, 188, 58782)
(327, 304, 64887)
(327, 26, 49029)
(327, 40, 70181)
(327, 81, 37365)
(327, 176, 56874)
(327, 183, 15169)
(327, 181, 35281)
(327, 98, 25614)
(327, 77, 48466)
(327, 42, 25080)
(327, 214, 2353)
(327, 113, 56576)
(327, 94, 55574)
(327, 57, 2566)
(327, 122, 28233)
(327, 154, 16133)
(327, 192, 52851)
(327, 58, 62520)
(327, 274, 74214)
(327, 220, 19703)
(327, 249, 19239)
(327, 322, 55131)
(327, 151, 2036)
(327, 124, 17403)
(327, 209, 61715)
(327, 54, 40669)
(327, 318, 15101)
(327, 115, 1167)
(327, 6, 34336)
(327, 9, 69351)
(327, 266, 32572)
(327, 101, 8376)
(327, 256, 19405)
(327, 275, 45835)
(327, 129, 18643)
(327, 199, 63104)
(327, 126, 74688)
(327, 259, 2256)
(327, 49, 26954)
(327, 5, 64190)
(327, 313, 4087)
(327, 197, 51475)
(327, 241, 73454)
(327, 298, 13789)
(327, 215, 29368)
(327, 252, 40224)
(327, 118, 19508)
(327, 231, 3997)
(327, 64, 17703)
(327, 30, 22489)
(327, 128, 42506)
(327, 219, 12822)
(327, 157, 50765)
(327, 17, 4845)
(327, 145, 42106)
(327, 324, 54250)
(327, 132, 1267)
(327, 203, 70970)
(327, 48, 39130)
(327, 310, 49627)
(327, 59, 42455)
(327, 0, 32222)
(327, 186, 22118)
(327, 217, 63981)
(327, 91, 60674)
(327, 73, 68568)
(327, 63, 27234)
(327, 148, 37732)
(328, 253, 47840)
(328, 58, 56202)
(328, 66, 4856)
(328, 208, 5662)
(328, 241, 23785)
(328, 104, 59823)
(328, 293, 52107)
(328, 141, 8410)
(328, 247, 20892)
(328, 199, 36652)
(328, 204, 26564)
(328, 50, 13525)
(328, 68, 62300)
(328, 75, 39248)
(328, 150, 42127)
(328, 46, 23076)
(328, 169, 70089)
(328, 266, 31885)
(328, 214, 2214)
(328, 179, 45284)
(328, 194, 23372)
(328, 73, 38996)
(328, 304, 36268)
(328, 44, 38242)
(328, 86, 35042)
(328, 98, 40034)
(328, 246, 48153)
(328, 229, 180)
(328, 32, 29641)
(328, 147, 70088)
(328, 64, 1919)
(328, 273, 13338)
(328, 16, 47893)
(328, 99, 50703)
(328, 110, 63880)
(328, 108, 57005)
(328, 57, 69525)
(328, 117, 36447)
(328, 238, 30678)
(328, 244, 50350)
(328, 95, 1624)
(328, 146, 44889)
(328, 137, 54597)
(328, 142, 15540)
(329, 291, 60216)
(329, 27, 38835)
(329, 61, 3927)
(329, 237, 67224)
(329, 244, 29560)
(329, 8, 50308)
(329, 78, 14505)
(329, 135, 11251)
(329, 197, 53648)
(329, 307, 29142)
(329, 211, 20795)
(329, 200, 3683)
(329, 219, 74873)
(329, 80, 11267)
(329, 143, 26011)
(329, 283, 56980)
(329, 41, 53484)
(329, 254, 487)
(329, 13, 43898)
(329, 39, 42913)
(329, 20, 22459)
(329, 246, 20977)
(329, 99, 59690)
(329, 252, 67418)
(329, 269, 10792)
(329, 113, 35628)
(329, 276, 18878)
(329, 320, 7886)
(329, 10, 4770)
(329, 140, 42673)
(329, 304, 59982)
(329, 76, 56704)
(329, 46, 21842)
(329, 302, 74601)
(329, 142, 2769)
(329, 284, 66057)
(329, 110, 60214)
(329, 218, 12217)
(329, 145, 27279)
(329, 169, 47904)
(329, 107, 32314)
(329, 195, 1927)
(329, 260, 258)
(329, 97, 48406)
(329, 22, 30742)
(329, 154, 20982)
(329, 181, 66042)
(329, 72, 32563)
(329, 275, 74039)
(329, 163, 46811)
(329, 50, 38039)
(329, 221, 2335)
(329, 173, 64932)
(329, 174, 19740)
(329, 7, 17469)
(329, 164, 5625)
(329, 185, 5232)
(329, 51, 28470)
(329, 230, 19608)
(329, 295, 39093)
(329, 272, 6949)
(329, 236, 30473)
(329, 309, 37298)
(329, 25, 11061)
(329, 286, 28737)
(329, 224, 33800)
(329, 28, 11408)
(329, 52, 26749)
(329, 133, 71248)
(329, 157, 54046)
(329, 167, 51829)
(329, 234, 36240)
(329, 103, 1889)
(329, 178, 58454)
(329, 49, 13728)
(329, 67, 55428)
(329, 250, 51713)
(329, 149, 22089)
(329, 277, 69816)
(329, 158, 42541)
(329, 102, 35289)
(329, 192, 33679)
(329, 319, 75136)
(329, 29, 58647)
(329, 136, 76090)
(329, 54, 25817)
(329, 280, 72780)
(329, 128, 61035)
(329, 18, 52794)
(329, 91, 38253)
(329, 190, 5921)
(329, 12, 20002)
(329, 261, 61740)
(329, 90, 48105)
(329, 117, 22825)
(329, 208, 4136)
(329, 306, 10277)
(329, 83, 33400)
(329, 287, 2868)
(329, 9, 27264)
(329, 251, 71643)
(329, 79, 40699)
(329, 257, 9105)
(329, 198, 38442)
(329, 11, 30)
(329, 130, 50357)
(329, 327, 13915)
(329, 184, 63133)
(329, 256, 49295)
(329, 259, 2691)
(329, 191, 35543)
(329, 281, 22637)
(329, 323, 33648)
(329, 1, 51365)
(329, 92, 34303)
(329, 156, 28207)
(329, 175, 20435)
(329, 207, 69735)
(329, 26, 53673)
(329, 177, 15781)
(329, 152, 27001)
(329, 316, 26675)
(329, 233, 28125)
(329, 317, 5840)
(329, 24, 52022)
(329, 88, 50702)
(329, 104, 55186)
(329, 114, 60190)
(329, 109, 21912)
(329, 70, 55270)
(329, 273, 60232)
(329, 4, 20818)
(329, 183, 5074)
(329, 95, 60948)
(329, 137, 48407)
(329, 229, 5627)
(329, 98, 16780)
(329, 155, 37503)
(329, 105, 51830)
(329, 247, 48049)
(329, 2, 68397)
(329, 5, 52354)
(329, 245, 10327)
(329, 146, 56361)
(329, 231, 67218)
(329, 222, 59086)
(329, 249, 29785)
(329, 62, 27293)
(329, 308, 895)
(329, 310, 14158)
(329, 96, 66930)
(329, 19, 16977)
(329, 266, 50737)
(329, 298, 60471)
(329, 253, 49413)
(329, 241, 37364)
(329, 120, 38492)
(329, 60, 1089)
(329, 115, 66825)
(329, 42, 9074)
(329, 0, 11894)
(329, 213, 51898)
(329, 328, 38851)
(329, 274, 66403)
(329, 228, 20985)
(329, 187, 36501)
(329, 214, 43528)
(329, 301, 62804)
(329, 89, 6076)
(329, 47, 19680)
(329, 69, 18339)
(329, 34, 18364)
(329, 322, 22235)
(329, 282, 10544)
(329, 35, 7299)
(329, 267, 38143)
(329, 139, 56423)
(329, 131, 46321)
(329, 119, 21973)
(329, 210, 11431)
(329, 180, 20773)
(329, 44, 464)
(329, 205, 7616)
(329, 262, 34726)
(329, 264, 76376)
(329, 159, 3231)
(329, 121, 43987)
(329, 81, 41159)
(329, 168, 49729)
(329, 212, 50579)
(329, 220, 47587)
(329, 176, 7976)
(329, 202, 49504)
(329, 278, 47298)
(329, 258, 11415)
(329, 293, 63902)
(329, 17, 36816)
(329, 68, 71860)
(329, 75, 68164)
(329, 148, 49552)
(329, 321, 16282)
(329, 123, 8522)
(329, 305, 59645)
(329, 204, 28595)
(329, 58, 10995)
(329, 188, 58550)
(329, 66, 46343)
(329, 48, 10545)
(329, 101, 2529)
(329, 186, 13523)
(329, 162, 33702)
(329, 270, 66270)
(329, 141, 61986)
(329, 318, 20932)
(329, 172, 17281)
(329, 194, 10373)
(329, 38, 29838)
(329, 227, 29267)
(329, 215, 9875)
(329, 153, 33709)
(329, 87, 30547)
(329, 132, 2731)
(329, 297, 46878)
(329, 57, 30857)
(329, 32, 35436)
(329, 223, 3478)
(329, 290, 31347)
(329, 126, 73674)
(329, 71, 55029)
(329, 43, 33968)
(329, 65, 41847)
(329, 314, 49246)
(329, 303, 61138)
(329, 86, 21061)
(329, 166, 42181)
(329, 325, 14459)
(329, 116, 6672)
(329, 111, 5620)
(329, 74, 28188)
(329, 299, 16744)
(329, 151, 20704)
(329, 240, 74478)
(329, 112, 45929)
(329, 93, 3071)
(329, 147, 69497)
(329, 324, 27587)
(329, 171, 33474)
(329, 209, 15272)
(329, 235, 41823)
(329, 288, 44094)
(329, 265, 35333)
(329, 36, 14127)
(329, 82, 42970)
(329, 196, 56666)
(329, 108, 48663)
(329, 294, 69099)
(329, 85, 21623)
(329, 242, 2246)
(329, 144, 42442)
(329, 33, 33425)
(329, 100, 6824)
(329, 84, 6594)
(329, 271, 47426)
(329, 201, 19392)
(329, 238, 61474)
(329, 182, 14426)
(329, 232, 71268)
(329, 118, 135)
(329, 16, 6296)
(329, 300, 71275)
(329, 279, 52828)
(329, 106, 31775)
(329, 226, 74666)
(329, 134, 48473)
(329, 125, 40293)
(329, 315, 30522)
(329, 94, 59323)
(329, 313, 71042)
(329, 127, 20409)
(329, 64, 5832)
(329, 311, 30530)
(329, 206, 54001)
(329, 289, 64812)
(329, 203, 55941)
(329, 45, 7804)
(329, 326, 41332)
(329, 165, 26024)
(329, 199, 38914)
(330, 168, 397)
(330, 150, 35876)
(330, 91, 55992)
(330, 273, 33822)
(330, 327, 29986)
(330, 183, 73345)
(330, 151, 75015)
(330, 204, 50943)
(330, 49, 11833)
(330, 263, 61052)
(330, 288, 58849)
(330, 80, 66052)
(330, 64, 60553)
(330, 294, 68290)
(330, 238, 55100)
(330, 254, 41896)
(330, 147, 11324)
(330, 301, 51691)
(330, 74, 6367)
(330, 21, 62183)
(330, 116, 25744)
(330, 19, 25371)
(330, 245, 69135)
(330, 196, 26081)
(330, 325, 30875)
(330, 197, 2962)
(330, 255, 60301)
(330, 75, 3233)
(330, 6, 48070)
(330, 203, 66757)
(330, 253, 73630)
(330, 159, 4546)
(330, 234, 59949)
(330, 202, 29200)
(330, 20, 5498)
(330, 220, 16093)
(330, 18, 4469)
(330, 223, 74201)
(330, 272, 45232)
(330, 174, 49461)
(330, 76, 41170)
(330, 54, 19945)
(330, 287, 72315)
(330, 113, 9457)
(330, 158, 11429)
(330, 219, 73368)
(330, 274, 73286)
(330, 169, 20602)
(330, 17, 29378)
(330, 59, 72946)
(330, 15, 4505)
(330, 58, 8868)
(330, 222, 72996)
(330, 290, 30616)
(330, 8, 41166)
(330, 172, 9204)
(330, 70, 7375)
(330, 9, 38688)
(330, 30, 58143)
(330, 118, 59487)
(330, 41, 65057)
(330, 193, 56007)
(330, 11, 48618)
(330, 228, 43604)
(330, 90, 47474)
(330, 160, 69272)
(330, 102, 13861)
(330, 307, 57829)
(330, 194, 29307)
(330, 328, 68283)
(330, 185, 35664)
(330, 216, 23493)
(330, 286, 52238)
(330, 277, 21504)
(330, 292, 37434)
(330, 270, 69096)
(330, 211, 44298)
(330, 24, 38498)
(330, 43, 74934)
(330, 71, 22677)
(330, 265, 59148)
(330, 269, 57809)
(330, 28, 26788)
(330, 79, 25866)
(330, 251, 6980)
(330, 313, 67016)
(330, 2, 34782)
(330, 311, 70872)
(330, 142, 43168)
(330, 296, 68334)
(330, 225, 45800)
(330, 306, 27475)
(330, 256, 17588)
(330, 261, 23114)
(330, 320, 13954)
(330, 47, 70413)
(330, 25, 2176)
(330, 52, 15520)
(331, 59, 55052)
(331, 156, 4214)
(331, 22, 4413)
(331, 107, 45599)
(331, 101, 23469)
(331, 322, 57105)
(331, 320, 49458)
(331, 198, 65724)
(331, 183, 71517)
(331, 296, 42351)
(331, 213, 71066)
(331, 116, 41513)
(331, 223, 57393)
(331, 8, 27516)
(331, 212, 74211)
(331, 243, 59131)
(331, 324, 49338)
(331, 56, 42596)
(331, 179, 9686)
(331, 135, 20918)
(331, 131, 16020)
(331, 72, 12079)
(331, 227, 29760)
(331, 272, 48868)
(332, 235, 63466)
(332, 331, 44567)
(332, 272, 23536)
(332, 43, 50984)
(332, 211, 8413)
(332, 294, 27552)
(332, 218, 10749)
(332, 205, 36222)
(332, 260, 67214)
(332, 20, 19103)
(332, 44, 50182)
(332, 171, 75883)
(332, 58, 27053)
(332, 300, 25471)
(332, 328, 39983)
(332, 288, 489)
(332, 182, 74615)
(332, 40, 22404)
(332, 74, 55254)
(332, 45, 30482)
(332, 39, 58664)
(332, 71, 52391)
(332, 329, 75348)
(332, 228, 1710)
(332, 208, 6743)
(332, 120, 5692)
(332, 13, 23392)
(332, 268, 60515)
(332, 257, 66870)
(332, 98, 43260)
(332, 25, 5315)
(332, 306, 63088)
(332, 56, 51916)
(332, 50, 1892)
(332, 78, 9249)
(332, 204, 52078)
(333, 78, 63)
(333, 47, 23763)
(333, 21, 41731)
(333, 225, 7822)
(333, 52, 21656)
(333, 330, 27798)
(333, 206, 13077)
(333, 303, 21618)
(333, 150, 58918)
(333, 287, 19851)
(333, 58, 32629)
(333, 64, 25601)
(333, 198, 26861)
(333, 200, 11359)
(333, 305, 60065)
(333, 94, 45826)
(333, 266, 23686)
(333, 297, 3642)
(333, 321, 21441)
(333, 304, 22811)
(333, 30, 17002)
(333, 294, 40107)
(333, 228, 58037)
(333, 186, 10402)
(333, 316, 13365)
(333, 88, 19987)
(333, 230, 33279)
(333, 56, 38697)
(333, 75, 16966)
(333, 89, 39083)
(333, 127, 33439)
(333, 81, 2164)
(333, 284, 31072)
(333, 131, 43888)
(333, 286, 25593)
(333, 66, 50644)
(333, 108, 22946)
(333, 291, 67507)
(333, 315, 6652)
(333, 320, 23088)
(333, 117, 14674)
(333, 319, 35150)
(333, 258, 8081)
(333, 106, 25818)
(333, 327, 21552)
(333, 210, 70124)
(333, 250, 76004)
(333, 172, 23601)
(333, 213, 72990)
(333, 281, 8054)
(333, 15, 2638)
(333, 314, 23456)
(333, 302, 38164)
(333, 102, 52685)
(333, 12, 17226)
(333, 242, 59360)
(333, 257, 52259)
(333, 167, 6723)
(333, 211, 13903)
(333, 229, 3294)
(333, 14, 29694)
(333, 293, 18496)
(333, 227, 64969)
(333, 285, 40231)
(333, 295, 43151)
(333, 232, 63136)
(333, 145, 32151)
(333, 82, 19573)
(333, 36, 64749)
(333, 188, 53774)
(333, 273, 13908)
(333, 118, 14806)
(333, 221, 722)
(333, 48, 28858)
(333, 193, 37358)
(333, 223, 61837)
(333, 201, 40611)
(333, 101, 65891)
(333, 325, 45048)
(333, 19, 68641)
(333, 121, 61440)
(333, 57, 67679)
(333, 144, 31804)
(333, 142, 73707)
(333, 34, 74406)
(333, 143, 57408)
(333, 67, 15021)
(333, 128, 75174)
(333, 160, 60852)
(333, 196, 33102)
(333, 277, 30461)
(333, 70, 17178)
(333, 282, 73115)
(333, 309, 27966)
(333, 175, 14817)
(333, 166, 74244)
(333, 0, 62219)
(333, 276, 1525)
(333, 146, 49052)
(333, 244, 11908)
(333, 41, 70151)
(333, 219, 17078)
(333, 237, 1756)
(333, 233, 2314)
(333, 98, 71846)
(333, 274, 40543)
(333, 83, 28406)
(333, 260, 7386)
(333, 139, 49310)
(333, 126, 40457)
(333, 122, 46972)
(333, 25, 20585)
(333, 171, 34254)
(333, 182, 6014)
(333, 256, 29891)
(333, 54, 43962)
(333, 306, 33831)
(333, 73, 69422)
(333, 32, 6521)
(333, 246, 50087)
(333, 26, 39209)
(333, 197, 16245)
(333, 2, 76339)
(333, 312, 17427)
(333, 5, 13879)
(333, 16, 67727)
(333, 239, 49381)
(333, 7, 31873)
(333, 187, 18056)
(333, 63, 45108)
(333, 123, 53983)
(333, 28, 64265)
(333, 313, 70416)
(333, 283, 28000)
(333, 235, 29562)
(333, 104, 56765)
(333, 212, 72840)
(333, 154, 26602)
(333, 253, 22630)
(333, 275, 17938)
(333, 222, 67773)
(333, 259, 13936)
(333, 153, 27195)
(333, 39, 18065)
(333, 185, 30900)
(333, 252, 9598)
(333, 55, 44470)
(333, 331, 47094)
(333, 173, 3627)
(333, 151, 10445)
(333, 218, 48756)
(333, 27, 57516)
(333, 91, 44971)
(333, 100, 50630)
(333, 280, 35237)
(333, 50, 20179)
(333, 189, 5464)
(333, 311, 30422)
(333, 324, 9871)
(333, 247, 23802)
(333, 261, 15128)
(333, 162, 20697)
(333, 112, 45189)
(333, 177, 3128)
(333, 9, 48978)
(333, 42, 623)
(333, 137, 67873)
(333, 110, 75119)
(333, 184, 23400)
(333, 86, 24682)
(333, 97, 57831)
(333, 214, 34405)
(333, 292, 26394)
(333, 243, 437)
(333, 180, 11039)
(333, 155, 74005)
(333, 317, 67142)
(333, 329, 75767)
(333, 174, 20576)
(333, 269, 56440)
(333, 130, 41179)
(333, 44, 49367)
(333, 163, 61895)
(333, 271, 58221)
(333, 215, 41916)
(333, 226, 6257)
(333, 296, 14194)
(333, 300, 3904)
(333, 49, 39424)
(333, 158, 16238)
(333, 238, 55213)
(333, 190, 56272)
(333, 136, 57699)
(333, 290, 58908)
(333, 103, 66283)
(333, 11, 16070)
(333, 140, 11843)
(333, 135, 17503)
(333, 99, 31677)
(333, 322, 64562)
(333, 80, 73922)
(333, 178, 25550)
(333, 203, 12765)
(333, 65, 23805)
(333, 251, 75288)
(333, 1, 71258)
(333, 205, 43611)
(333, 134, 51029)
(333, 255, 75526)
(333, 93, 73679)
(333, 120, 21221)
(333, 267, 47982)
(333, 240, 7397)
(333, 24, 22157)
(333, 22, 57749)
(333, 105, 63386)
(333, 194, 64992)
(333, 84, 69870)
(333, 170, 47984)
(333, 124, 17352)
(333, 77, 2104)
(333, 169, 14222)
(333, 195, 11019)
(333, 133, 53659)
(333, 59, 48294)
(333, 20, 26639)
(334, 257, 51102)
(334, 84, 35334)
(334, 87, 74399)
(334, 8, 9544)
(334, 223, 67899)
(334, 295, 69837)
(334, 51, 49265)
(334, 261, 44941)
(334, 44, 50321)
(334, 216, 32586)
(334, 65, 20469)
(334, 40, 67932)
(334, 196, 26990)
(334, 64, 65939)
(334, 176, 43045)
(334, 148, 31826)
(334, 218, 45896)
(334, 179, 76030)
(334, 313, 40984)
(334, 78, 72242)
(334, 239, 4459)
(334, 202, 75291)
(334, 15, 37992)
(334, 331, 42377)
(334, 17, 71774)
(334, 24, 6661)
(334, 125, 61205)
(334, 155, 57151)
(334, 247, 61151)
(334, 197, 23169)
(334, 42, 69977)
(334, 153, 42097)
(334, 145, 9317)
(334, 291, 29531)
(334, 184, 67701)
(334, 298, 33241)
(334, 281, 69398)
(334, 204, 64678)
(334, 210, 33783)
(334, 89, 25707)
(334, 39, 75236)
(334, 92, 51556)
(334, 254, 58862)
(334, 275, 42597)
(334, 309, 55917)
(334, 326, 73080)
(334, 37, 30267)
(334, 300, 18272)
(334, 55, 16715)
(334, 206, 21428)
(334, 226, 38004)
(334, 241, 8174)
(334, 260, 43874)
(334, 304, 3188)
(334, 171, 12219)
(334, 114, 2581)
(334, 104, 37735)
(334, 207, 69075)
(334, 80, 76128)
(334, 112, 44540)
(334, 69, 46794)
(334, 2, 59119)
(334, 144, 36768)
(334, 240, 19664)
(334, 305, 32088)
(334, 132, 52274)
(334, 23, 14718)
(334, 175, 23503)
(334, 121, 53967)
(334, 134, 60424)
(334, 110, 66205)
(334, 162, 51750)
(334, 34, 1837)
(334, 182, 73322)
(334, 35, 65627)
(334, 103, 3148)
(334, 307, 10331)
(334, 168, 63313)
(334, 142, 412)
(334, 265, 54382)
(334, 178, 47159)
(334, 137, 13409)
(334, 147, 10940)
(334, 9, 4148)
(334, 19, 3285)
(334, 4, 5734)
(334, 245, 16544)
(334, 47, 18572)
(334, 259, 36345)
(334, 234, 4516)
(334, 165, 21318)
(334, 183, 6363)
(334, 230, 11162)
(334, 73, 29501)
(334, 94, 62310)
(334, 160, 27734)
(334, 221, 56429)
(334, 329, 65155)
(334, 310, 68745)
(334, 27, 14763)
(334, 312, 28673)
(334, 49, 52040)
(334, 292, 31950)
(334, 88, 65109)
(334, 185, 21316)
(334, 290, 2625)
(334, 273, 46522)
(334, 271, 42459)
(334, 149, 39107)
(334, 332, 65299)
(334, 30, 57245)
(334, 302, 70977)
(334, 68, 56701)
(334, 314, 38420)
(334, 81, 15743)
(334, 173, 45913)
(334, 190, 9916)
(334, 250, 74996)
(334, 330, 48542)
(334, 198, 54220)
(334, 60, 67896)
(334, 98, 47765)
(334, 102, 59989)
(334, 156, 14169)
(334, 113, 5723)
(334, 189, 69628)
(334, 14, 12281)
(334, 203, 44338)
(334, 249, 21770)
(334, 77, 42173)
(334, 225, 9985)
(334, 193, 26879)
(334, 126, 66494)
(334, 53, 44936)
(334, 115, 25216)
(334, 236, 73352)
(334, 22, 8411)
(334, 283, 35611)
(334, 13, 71910)
(334, 108, 8280)
(334, 74, 69125)
(334, 136, 67713)
(334, 224, 72459)
(334, 209, 7166)
(334, 118, 75941)
(334, 6, 66101)
(334, 86, 51138)
(334, 119, 64122)
(334, 31, 73646)
(334, 0, 25646)
(334, 317, 35541)
(334, 320, 64434)
(334, 293, 24907)
(334, 217, 33575)
(334, 187, 14297)
(334, 321, 40081)
(334, 316, 75818)
(334, 116, 74064)
(334, 16, 37578)
(334, 135, 11199)
(334, 72, 29967)
(334, 285, 10573)
(334, 10, 9581)
(334, 243, 55502)
(334, 128, 58536)
(334, 21, 69181)
(334, 56, 8231)
(334, 18, 27182)
(334, 256, 67877)
(334, 58, 58584)
(334, 28, 2156)
(334, 120, 32837)
(334, 233, 63147)
(334, 140, 24054)
(334, 161, 36348)
(334, 54, 65399)
(334, 131, 60124)
(334, 299, 60758)
(334, 180, 55419)
(334, 215, 69116)
(334, 158, 6902)
(334, 170, 3634)
(334, 50, 17155)
(334, 143, 56870)
(334, 181, 5353)
(334, 214, 10527)
(334, 278, 53045)
(334, 76, 39105)
(334, 46, 22539)
(334, 100, 17379)
(334, 66, 54755)
(334, 129, 47266)
(334, 266, 69296)
(334, 70, 29566)
(334, 228, 36523)
(334, 177, 41026)
(334, 308, 24294)
(334, 99, 67457)
(334, 322, 21895)
(334, 195, 52013)
(334, 91, 62109)
(334, 222, 19704)
(334, 32, 49144)
(334, 82, 66941)
(334, 169, 35561)
(334, 111, 42385)
(334, 41, 54388)
(334, 242, 51944)
(334, 276, 15310)
(334, 328, 21210)
(334, 57, 62890)
(334, 199, 48498)
(334, 157, 20498)
(334, 79, 28221)
(334, 174, 7994)
(334, 130, 57431)
(334, 154, 37699)
(334, 97, 43918)
(334, 263, 31836)
(334, 191, 75754)
(334, 61, 13554)
(334, 141, 73969)
(334, 67, 15556)
(334, 105, 75562)
(334, 194, 25368)
(334, 123, 11344)
(334, 26, 1088)
(334, 151, 46725)
(334, 323, 27924)
(334, 124, 45051)
(334, 211, 11900)
(334, 282, 19848)
(334, 25, 49710)
(334, 152, 21547)
(334, 235, 42075)
(334, 52, 71125)
(334, 159, 66604)
(334, 267, 8178)
(334, 255, 20862)
(335, 99, 72167)
(335, 129, 23511)
(335, 160, 41735)
(335, 253, 4510)
(335, 177, 68176)
(335, 314, 67513)
(335, 104, 51342)
(335, 152, 32779)
(335, 256, 54845)
(335, 90, 62978)
(335, 192, 66763)
(335, 291, 301)
(335, 24, 71514)
(335, 189, 49795)
(335, 277, 19314)
(335, 117, 49153)
(335, 21, 55411)
(335, 175, 32272)
(335, 247, 36488)
(335, 92, 40880)
(335, 98, 13173)
(335, 163, 72999)
(335, 123, 72591)
(335, 142, 37962)
(335, 188, 12037)
(335, 241, 8084)
(335, 114, 72509)
(335, 284, 37958)
(335, 18, 8944)
(335, 312, 17338)
(335, 331, 49622)
(335, 222, 34837)
(335, 102, 34978)
(335, 43, 35462)
(335, 13, 71246)
(335, 116, 68145)
(335, 237, 10242)
(335, 242, 23863)
(335, 198, 8718)
(335, 145, 54630)
(335, 322, 60725)
(335, 203, 56585)
(335, 151, 2392)
(335, 229, 41106)
(335, 6, 39108)
(335, 28, 13308)
(335, 35, 6877)
(335, 285, 36637)
(335, 71, 36033)
(335, 318, 34507)
(335, 301, 34290)
(335, 334, 21588)
(335, 190, 60698)
(335, 244, 13610)
(335, 15, 9505)
(335, 50, 27013)
(335, 243, 65471)
(335, 100, 9438)
(335, 58, 27146)
(335, 304, 44371)
(335, 110, 30165)
(335, 46, 31405)
(335, 19, 157)
(335, 262, 26278)
(335, 172, 32846)
(335, 42, 15522)
(335, 217, 38003)
(335, 258, 52411)
(335, 11, 48907)
(335, 250, 51382)
(335, 278, 52533)
(335, 236, 36375)
(335, 294, 5712)
(335, 279, 2034)
(335, 118, 49460)
(335, 173, 58319)
(335, 49, 75031)
(335, 10, 53798)
(335, 274, 64817)
(335, 81, 50606)
(335, 270, 51209)
(335, 78, 49709)
(335, 165, 5862)
(335, 207, 63389)
(335, 20, 33924)
(335, 297, 40358)
(335, 93, 67916)
(335, 273, 43490)
(335, 174, 40637)
(336, 117, 67496)
(336, 301, 17658)
(336, 15, 44400)
(336, 37, 21443)
(336, 220, 73238)
(336, 144, 29816)
(336, 191, 14439)
(336, 321, 14013)
(336, 153, 76176)
(336, 182, 2728)
(336, 328, 17122)
(336, 214, 54653)
(336, 33, 67593)
(336, 50, 68781)
(336, 293, 17025)
(336, 51, 56002)
(336, 126, 45109)
(336, 72, 48359)
(336, 309, 28506)
(336, 141, 73731)
(336, 205, 18775)
(336, 254, 61148)
(336, 38, 51591)
(336, 173, 27728)
(336, 116, 28704)
(336, 319, 33055)
(336, 222, 60657)
(336, 154, 40007)
(336, 183, 3491)
(336, 215, 38318)
(336, 26, 13655)
(336, 128, 12088)
(336, 217, 67806)
(336, 250, 26876)
(336, 99, 69264)
(336, 327, 51134)
(336, 34, 44135)
(336, 278, 59730)
(336, 168, 61050)
(336, 283, 3689)
(336, 115, 20984)
(336, 163, 10405)
(336, 69, 30610)
(336, 5, 6781)
(336, 56, 39423)
(336, 64, 32009)
(336, 122, 60261)
(336, 89, 69342)
(336, 256, 63781)
(336, 84, 8578)
(336, 91, 67278)
(336, 65, 55488)
(336, 2, 41480)
(336, 316, 24545)
(336, 296, 66559)
(336, 306, 16130)
(336, 312, 45909)
(336, 57, 15399)
(336, 45, 22260)
(336, 160, 58336)
(336, 76, 20708)
(336, 334, 59097)
(336, 332, 49340)
(336, 17, 10200)
(336, 185, 9011)
(336, 164, 60442)
(336, 42, 73351)
(336, 123, 29040)
(336, 8, 48614)
(336, 92, 19641)
(336, 108, 22564)
(336, 67, 67526)
(336, 3, 59136)
(336, 28, 52572)
(336, 282, 61601)
(336, 263, 65902)
(336, 180, 47740)
(336, 94, 17189)
(336, 155, 57665)
(336, 313, 61144)
(336, 307, 6618)
(336, 158, 22474)
(336, 211, 38113)
(336, 242, 61300)
(336, 61, 22840)
(336, 235, 76283)
(336, 134, 70467)
(336, 59, 15051)
(336, 109, 25897)
(336, 83, 42373)
(336, 206, 9286)
(336, 187, 37790)
(336, 266, 58456)
(336, 16, 46839)
(336, 226, 42684)
(336, 95, 66849)
(336, 18, 57329)
(336, 216, 65987)
(336, 23, 57948)
(336, 320, 8006)
(336, 107, 43821)
(336, 230, 15651)
(336, 181, 18868)
(336, 81, 58800)
(336, 9, 4868)
(336, 88, 9950)
(336, 276, 8226)
(336, 287, 43725)
(336, 248, 46740)
(336, 290, 51307)
(336, 253, 16979)
(336, 125, 8042)
(336, 175, 71084)
(336, 97, 46532)
(336, 184, 28342)
(336, 251, 7695)
(336, 288, 23048)
(336, 11, 64852)
(336, 40, 53053)
(336, 192, 17389)
(336, 74, 13531)
(336, 174, 18448)
(336, 323, 49273)
(336, 245, 37968)
(336, 275, 33793)
(336, 30, 9762)
(336, 35, 70641)
(336, 322, 31835)
(336, 151, 24005)
(336, 311, 13604)
(336, 60, 48506)
(336, 231, 34330)
(336, 127, 860)
(336, 120, 71695)
(336, 137, 54999)
(336, 308, 63113)
(336, 143, 2403)
(336, 62, 45828)
(336, 209, 18958)
(336, 162, 2663)
(336, 224, 21028)
(336, 147, 52348)
(336, 7, 39928)
(336, 156, 51155)
(336, 295, 45742)
(336, 196, 39431)
(336, 186, 16783)
(336, 210, 38674)
(336, 82, 2292)
(336, 20, 58346)
(336, 105, 49594)
(336, 298, 38840)
(336, 264, 61515)
(336, 223, 15894)
(336, 326, 31577)
(336, 85, 35371)
(336, 148, 65629)
(336, 36, 38210)
(336, 86, 40794)
(336, 314, 7293)
(336, 146, 2883)
(336, 32, 5140)
(336, 284, 45588)
(336, 165, 28286)
(336, 103, 7361)
(336, 133, 70434)
(336, 335, 57451)
(336, 166, 19170)
(336, 47, 32236)
(336, 208, 53288)
(336, 90, 52476)
(336, 302, 71500)
(336, 202, 49908)
(336, 87, 66540)
(336, 152, 2222)
(336, 310, 13754)
(336, 285, 44713)
(336, 303, 40207)
(336, 331, 30646)
(336, 252, 9251)
(336, 299, 45480)
(336, 171, 19696)
(336, 119, 45652)
(336, 271, 40829)
(336, 305, 44711)
(336, 44, 38122)
(336, 0, 58948)
(336, 268, 13187)
(336, 233, 8388)
(336, 289, 63918)
(336, 25, 38305)
(336, 6, 58851)
(336, 279, 1259)
(336, 243, 13034)
(336, 315, 13571)
(336, 58, 17786)
(336, 291, 74238)
(336, 247, 15938)
(336, 280, 21810)
(336, 257, 325)
(337, 17, 27104)
(337, 276, 16168)
(337, 101, 19784)
(337, 328, 42984)
(337, 264, 70987)
(337, 260, 41113)
(337, 99, 9572)
(337, 330, 74327)
(337, 123, 8687)
(337, 111, 56680)
(337, 48, 43067)
(337, 162, 45322)
(337, 75, 69767)
(337, 91, 17502)
(337, 108, 14740)
(337, 291, 74696)
(337, 149, 69555)
(337, 332, 33458)
(337, 59, 28966)
(337, 268, 1306)
(337, 86, 26568)
(337, 294, 42593)
(337, 144, 36274)
(337, 336, 59034)
(337, 193, 49828)
(337, 275, 50851)
(337, 36, 27518)
(337, 199, 15096)
(337, 237, 41035)
(337, 19, 15533)
(337, 54, 26159)
(337, 244, 45984)
(337, 1, 17000)
(337, 236, 4966)
(337, 171, 21166)
(337, 62, 33533)
(337, 252, 14533)
(337, 168, 9744)
(337, 197, 58378)
(337, 63, 9526)
(337, 136, 30873)
(337, 282, 48462)
(337, 185, 72446)
(337, 134, 46916)
(337, 39, 14550)
(337, 81, 20922)
(337, 255, 57995)
(337, 13, 8446)
(337, 154, 47609)
(337, 80, 14908)
(337, 159, 21315)
(337, 124, 59488)
(337, 183, 58082)
(337, 247, 17291)
(337, 139, 4909)
(337, 202, 36893)
(337, 320, 42503)
(337, 23, 1755)
(337, 251, 29523)
(337, 256, 66536)
(337, 313, 49883)
(337, 44, 73305)
(337, 15, 33759)
(337, 286, 44104)
(337, 166, 66230)
(337, 87, 66582)
(337, 325, 65771)
(337, 85, 56193)
(337, 172, 21284)
(337, 308, 46604)
(337, 238, 66537)
(337, 271, 896)
(337, 212, 35870)
(337, 229, 6581)
(337, 3, 26456)
(337, 214, 76057)
(337, 96, 40369)
(337, 104, 168)
(337, 84, 3843)
(337, 137, 60288)
(337, 281, 64815)
(337, 292, 11219)
(337, 270, 63887)
(337, 170, 42895)
(337, 33, 28397)
(337, 195, 30311)
(337, 41, 37394)
(337, 334, 37412)
(337, 49, 69832)
(337, 25, 69886)
(337, 125, 17899)
(337, 26, 6313)
(337, 106, 28408)
(337, 133, 13509)
(337, 79, 73152)
(337, 254, 41377)
(337, 164, 40650)
(337, 333, 1611)
(337, 147, 3836)
(337, 296, 49624)
(337, 285, 30486)
(337, 302, 8181)
(337, 290, 15254)
(337, 314, 37321)
(337, 126, 46335)
(337, 45, 59012)
(337, 92, 47173)
(337, 272, 211)
(337, 94, 44771)
(337, 42, 5868)
(337, 200, 10)
(337, 263, 1462)
(337, 196, 7239)
(337, 61, 42084)
(337, 280, 64196)
(337, 266, 28039)
(337, 228, 61755)
(337, 4, 70886)
(337, 304, 66272)
(337, 16, 41917)
(337, 98, 45797)
(337, 213, 3768)
(337, 141, 57842)
(337, 220, 24165)
(337, 158, 25024)
(337, 160, 27869)
(337, 132, 66817)
(337, 151, 45133)
(337, 116, 66439)
(337, 76, 8637)
(337, 277, 73186)
(337, 181, 47769)
(337, 22, 45101)
(337, 331, 67210)
(337, 66, 4968)
(337, 20, 1682)
(337, 109, 14487)
(337, 12, 29012)
(337, 110, 53164)
(337, 78, 29194)
(337, 319, 17530)
(337, 115, 24826)
(337, 316, 35106)
(337, 74, 8905)
(337, 288, 72072)
(337, 113, 42335)
(337, 35, 14738)
(337, 318, 15833)
(337, 225, 13049)
(337, 169, 33361)
(337, 56, 41299)
(337, 230, 12638)
(337, 53, 45140)
(337, 55, 18173)
(337, 9, 63462)
(337, 72, 41069)
(337, 114, 10858)
(337, 46, 59230)
(337, 233, 23721)
(337, 73, 41776)
(337, 240, 20792)
(337, 121, 12163)
(337, 24, 41950)
(337, 243, 16153)
(337, 194, 66632)
(337, 140, 34800)
(337, 21, 10720)
(337, 70, 36554)
(337, 198, 61240)
(337, 0, 20825)
(337, 129, 64628)
(337, 82, 22948)
(337, 11, 66746)
(337, 117, 5596)
(337, 301, 34930)
(337, 14, 3369)
(337, 107, 35018)
(337, 258, 9807)
(337, 146, 41824)
(337, 203, 12732)
(337, 127, 22281)
(337, 100, 38516)
(337, 219, 20652)
(337, 323, 72790)
(337, 309, 49753)
(337, 178, 34015)
(337, 177, 34879)
(337, 182, 12444)
(337, 156, 33747)
(337, 30, 8906)
(337, 324, 52819)
(337, 52, 60378)
(337, 298, 61132)
(337, 71, 53235)
(337, 176, 10198)
(337, 303, 8345)
(337, 138, 32164)
(337, 184, 52888)
(337, 248, 24348)
(337, 58, 33103)
(337, 209, 59667)
(337, 167, 7174)
(337, 32, 8529)
(337, 283, 55854)
(337, 103, 27888)
(337, 327, 60870)
(337, 262, 72444)
(337, 297, 17079)
(337, 40, 36923)
(337, 267, 70026)
(337, 67, 57997)
(337, 47, 68727)
(337, 265, 27157)
(337, 245, 18318)
(337, 217, 4337)
(337, 119, 54582)
(337, 88, 55778)
(337, 261, 34208)
(337, 89, 31275)
(337, 155, 39382)
(337, 201, 29827)
(337, 287, 1587)
(337, 226, 21737)
(337, 242, 38270)
(337, 222, 826)
(337, 189, 12008)
(337, 215, 23810)
(337, 180, 47124)
(337, 65, 18335)
(337, 145, 17698)
(337, 148, 27343)
(337, 208, 61707)
(337, 278, 22895)
(337, 300, 9297)
(337, 326, 72739)
(337, 135, 40379)
(337, 152, 53337)
(337, 210, 7947)
(337, 305, 38976)
(337, 335, 66814)
(337, 259, 43476)
(337, 105, 42113)
(337, 321, 25111)
(337, 95, 67771)
(337, 31, 33423)
(337, 68, 9445)
(337, 204, 35974)
(337, 64, 12409)
(337, 235, 36192)
(337, 112, 40392)
(337, 27, 9644)
(337, 118, 22464)
(337, 163, 30455)
(337, 232, 36632)
(337, 284, 56625)
(337, 257, 63391)
(337, 211, 18358)
(337, 8, 66266)
(337, 150, 14931)
(337, 306, 31269)
(337, 143, 72580)
(337, 175, 13201)
(337, 161, 73727)
(337, 29, 9773)
(337, 50, 73695)
(337, 310, 17661)
(338, 105, 27327)
(338, 223, 58533)
(338, 118, 41646)
(338, 125, 54680)
(338, 281, 69651)
(338, 114, 70622)
(338, 247, 46206)
(338, 292, 6973)
(338, 280, 50987)
(338, 68, 30140)
(338, 213, 17752)
(338, 40, 75082)
(338, 159, 75295)
(338, 263, 64305)
(338, 62, 71815)
(338, 162, 65201)
(338, 191, 53746)
(338, 107, 74814)
(338, 245, 56489)
(338, 254, 26673)
(338, 325, 49477)
(338, 257, 34257)
(338, 258, 25142)
(338, 276, 12986)
(338, 2, 63570)
(338, 272, 31388)
(338, 210, 30116)
(338, 93, 50441)
(338, 165, 29383)
(338, 39, 60102)
(338, 153, 31708)
(338, 252, 11535)
(338, 220, 32815)
(338, 100, 14705)
(338, 81, 19394)
(338, 175, 56501)
(338, 323, 69121)
(338, 34, 22713)
(338, 94, 1536)
(338, 326, 53749)
(338, 178, 19818)
(338, 224, 35566)
(338, 262, 64784)
(338, 52, 38896)
(338, 189, 57657)
(338, 233, 68464)
(338, 216, 74413)
(338, 228, 159)
(338, 75, 28288)
(338, 17, 21044)
(338, 305, 8856)
(338, 260, 19564)
(338, 231, 52644)
(338, 138, 73170)
(338, 296, 16822)
(338, 163, 43043)
(338, 195, 43672)
(338, 291, 10498)
(338, 121, 37969)
(338, 98, 72186)
(338, 74, 22594)
(338, 25, 26607)
(338, 321, 23584)
(338, 337, 26083)
(338, 293, 58737)
(338, 186, 366)
(338, 284, 16654)
(338, 315, 45794)
(338, 302, 5213)
(338, 307, 47764)
(338, 56, 34716)
(338, 187, 9247)
(338, 182, 19269)
(338, 122, 22721)
(338, 15, 71554)
(338, 141, 45887)
(338, 134, 61823)
(338, 22, 51380)
(338, 41, 44048)
(338, 308, 14458)
(338, 314, 675)
(338, 259, 9217)
(338, 184, 68002)
(338, 200, 73228)
(338, 101, 3302)
(338, 89, 56554)
(338, 211, 31819)
(338, 150, 67682)
(338, 221, 57675)
(338, 33, 36851)
(338, 203, 71076)
(338, 306, 3347)
(338, 173, 3041)
(338, 253, 73292)
(338, 242, 55687)
(338, 158, 7950)
(338, 283, 60060)
(338, 127, 8179)
(338, 278, 3580)
(338, 312, 44395)
(338, 77, 47490)
(338, 249, 15422)
(338, 243, 45349)
(338, 179, 24850)
(338, 156, 64393)
(338, 61, 65314)
(338, 54, 37092)
(338, 226, 55190)
(338, 265, 54126)
(338, 32, 62416)
(338, 170, 22341)
(338, 70, 57225)
(338, 235, 67534)
(338, 73, 74246)
(338, 37, 59968)
(338, 237, 23481)
(338, 181, 15920)
(338, 8, 13477)
(338, 63, 43244)
(338, 208, 68455)
(338, 205, 67589)
(338, 318, 25944)
(338, 313, 68958)
(338, 26, 45274)
(338, 304, 51999)
(338, 322, 1872)
(338, 309, 26718)
(338, 31, 73045)
(338, 130, 6223)
(338, 10, 47832)
(338, 232, 12479)
(338, 129, 38865)
(338, 48, 32741)
(338, 176, 53133)
(338, 59, 18240)
(338, 327, 38526)
(338, 317, 10856)
(338, 18, 56042)
(338, 207, 69554)
(338, 279, 5367)
(338, 23, 18034)
(338, 218, 76045)
(338, 124, 21023)
(338, 4, 25093)
(338, 267, 43963)
(338, 27, 73444)
(338, 248, 56392)
(338, 286, 62764)
(338, 103, 67208)
(338, 71, 9816)
(338, 225, 69166)
(338, 80, 49662)
(338, 29, 7582)
(338, 19, 28665)
(338, 135, 15223)
(338, 96, 2863)
(338, 229, 31466)
(338, 311, 18363)
(338, 164, 63968)
(338, 334, 57328)
(338, 149, 73960)
(338, 183, 73620)
(338, 102, 62928)
(338, 277, 45713)
(338, 128, 64949)
(338, 11, 67392)
(338, 46, 21985)
(338, 142, 25267)
(338, 86, 8949)
(338, 111, 7446)
(338, 13, 21863)
(338, 28, 37135)
(338, 330, 46676)
(338, 14, 58300)
(338, 196, 2847)
(338, 131, 32854)
(338, 171, 61286)
(338, 119, 50994)
(338, 139, 14361)
(338, 160, 21957)
(338, 120, 63216)
(338, 295, 20278)
(338, 227, 23781)
(338, 51, 11510)
(338, 282, 21733)
(338, 332, 29002)
(338, 21, 2092)
(338, 222, 54354)
(338, 212, 55456)
(338, 268, 75085)
(338, 20, 28799)
(338, 35, 7076)
(338, 174, 26151)
(338, 53, 9033)
(338, 219, 54070)
(338, 301, 58172)
(338, 1, 41322)
(338, 333, 62634)
(338, 57, 54008)
(338, 106, 41298)
(338, 133, 46088)
(338, 194, 35700)
(338, 145, 25242)
(338, 328, 68065)
(338, 234, 60351)
(338, 113, 63379)
(338, 146, 40036)
(338, 82, 24510)
(338, 289, 24541)
(338, 155, 74250)
(338, 88, 67378)
(338, 167, 40839)
(338, 288, 14093)
(338, 147, 5606)
(339, 114, 11041)
(339, 258, 37860)
(339, 219, 33203)
(339, 184, 45504)
(339, 78, 64031)
(339, 161, 43973)
(339, 330, 27492)
(339, 55, 72715)
(339, 316, 44134)
(339, 202, 42592)
(339, 217, 32172)
(339, 252, 5608)
(339, 8, 74714)
(339, 155, 47858)
(339, 14, 70297)
(339, 86, 6103)
(339, 113, 21025)
(339, 34, 59519)
(339, 204, 43762)
(339, 89, 49854)
(339, 62, 53777)
(339, 126, 67326)
(339, 173, 28040)
(339, 326, 41909)
(339, 274, 60817)
(339, 36, 49837)
(339, 3, 59763)
(339, 297, 25902)
(339, 102, 55015)
(339, 290, 63279)
(339, 321, 56626)
(339, 81, 30177)
(339, 243, 62587)
(339, 179, 18468)
(339, 139, 21074)
(339, 216, 12456)
(339, 65, 15551)
(339, 137, 60151)
(339, 41, 1130)
(339, 293, 54730)
(339, 27, 8741)
(339, 157, 37073)
(339, 16, 22667)
(339, 104, 48461)
(339, 295, 56749)
(339, 262, 47311)
(339, 87, 22351)
(339, 79, 31488)
(339, 192, 52364)
(339, 44, 19053)
(339, 207, 49331)
(339, 296, 72668)
(339, 283, 43705)
(339, 225, 30100)
(339, 268, 63297)
(339, 105, 64019)
(339, 197, 41190)
(339, 246, 38402)
(339, 230, 26616)
(339, 22, 34419)
(339, 209, 14242)
(339, 28, 22371)
(339, 118, 68895)
(339, 276, 52270)
(339, 135, 69219)
(339, 159, 57365)
(339, 325, 21192)
(339, 250, 40633)
(339, 285, 8320)
(339, 277, 20924)
(339, 83, 30157)
(339, 50, 7933)
(339, 133, 21380)
(339, 120, 50611)
(339, 228, 4704)
(339, 18, 7940)
(339, 310, 6692)
(339, 58, 71650)
(339, 206, 44558)
(339, 54, 25074)
(339, 238, 47170)
(339, 178, 61475)
(339, 136, 75445)
(339, 329, 9690)
(339, 272, 50590)
(339, 288, 40897)
(339, 2, 7078)
(339, 280, 64579)
(339, 171, 52217)
(339, 189, 30240)
(339, 47, 54138)
(339, 80, 70162)
(339, 177, 705)
(339, 31, 15441)
(339, 99, 54374)
(339, 336, 65448)
(339, 333, 5345)
(339, 227, 24738)
(339, 30, 52961)
(339, 271, 24210)
(339, 174, 6711)
(339, 208, 27901)
(339, 226, 25891)
(339, 212, 62036)
(339, 307, 18903)
(339, 141, 44264)
(339, 19, 5259)
(339, 96, 40164)
(339, 97, 44943)
(339, 324, 27826)
(339, 263, 9007)
(339, 235, 45931)
(339, 259, 19594)
(339, 115, 60528)
(339, 170, 22805)
(339, 254, 25194)
(339, 32, 67074)
(339, 181, 75697)
(339, 106, 70761)
(339, 213, 19980)
(339, 240, 73874)
(339, 229, 67774)
(339, 256, 63236)
(339, 195, 49953)
(339, 318, 27408)
(339, 187, 66046)
(339, 311, 25036)
(339, 66, 5619)
(339, 73, 23341)
(339, 52, 48135)
(339, 299, 16890)
(339, 57, 6789)
(339, 248, 6312)
(339, 13, 64973)
(339, 183, 64032)
(339, 128, 24548)
(339, 172, 9395)
(339, 180, 65210)
(339, 94, 44363)
(339, 38, 24521)
(339, 306, 18099)
(339, 194, 3378)
(339, 156, 12685)
(339, 294, 63002)
(339, 247, 41303)
(339, 91, 68559)
(339, 266, 50409)
(339, 322, 29031)
(339, 129, 3278)
(339, 305, 40423)
(339, 74, 57462)
(339, 255, 13806)
(339, 265, 22879)
(339, 222, 8113)
(339, 281, 41363)
(339, 6, 52735)
(339, 43, 29677)
(339, 110, 25811)
(339, 143, 55946)
(339, 20, 5957)
(339, 40, 23492)
(339, 46, 25141)
(339, 253, 18936)
(339, 267, 62346)
(339, 168, 67681)
(339, 269, 56210)
(339, 51, 67989)
(339, 234, 34096)
(339, 42, 53913)
(339, 298, 33988)
(339, 215, 63557)
(339, 45, 47456)
(339, 249, 70182)
(339, 214, 35143)
(339, 145, 32918)
(339, 176, 55474)
(339, 33, 72661)
(339, 335, 3163)
(339, 334, 11735)
(339, 63, 46451)
(339, 302, 68076)
(339, 198, 35222)
(339, 61, 50247)
(339, 175, 2733)
(339, 191, 30099)
(339, 165, 69805)
(339, 153, 22453)
(339, 205, 26865)
(339, 150, 66550)
(339, 287, 193)
(339, 72, 42451)
(339, 245, 26650)
(339, 93, 29906)
(339, 260, 41682)
(339, 59, 3205)
(339, 75, 16470)
(339, 67, 1946)
(339, 275, 24421)
(339, 84, 68985)
(339, 236, 9793)
(339, 160, 61409)
(339, 312, 66958)
(339, 138, 53345)
(339, 90, 10941)
(339, 282, 55970)
(339, 98, 5434)
(339, 92, 23633)
(339, 224, 52261)
(339, 56, 41402)
(339, 261, 62232)
(339, 166, 9172)
(339, 193, 67740)
(339, 251, 5060)
(339, 264, 48867)
(339, 313, 71281)
(339, 88, 50227)
(339, 39, 39401)
(339, 117, 16372)
(339, 200, 21194)
(339, 223, 8942)
(339, 148, 29094)
(339, 309, 69407)
(339, 167, 40840)
(339, 317, 62852)
(339, 71, 36732)
(339, 237, 38598)
(339, 23, 28262)
(339, 221, 9315)
(339, 119, 28224)
(339, 82, 40122)
(339, 29, 69835)
(339, 278, 20125)
(339, 163, 34562)
(339, 64, 69255)
(339, 162, 69396)
(339, 158, 35874)
(339, 185, 16941)
(339, 147, 44587)
(339, 10, 62279)
(339, 109, 11714)
(339, 186, 61340)
(339, 233, 73385)
(339, 116, 73261)
(339, 241, 55545)
(339, 273, 70709)
(339, 123, 27262)
(339, 291, 23196)
(339, 142, 458)
(339, 210, 34141)
(339, 131, 28836)
(339, 107, 69265)
(339, 85, 41099)
(339, 103, 57153)
(339, 125, 20341)
(339, 220, 45687)
(339, 24, 66831)
(339, 337, 41605)
(339, 279, 64917)
(339, 201, 22195)
(339, 308, 31853)
(339, 338, 30081)
(339, 1, 31978)
(339, 25, 45384)
(339, 130, 21247)
(339, 144, 58806)
(339, 304, 26802)
(339, 60, 73788)
(339, 327, 16439)
(339, 151, 57925)
(339, 332, 8380)
(339, 188, 70289)
(339, 203, 10787)
(339, 239, 29309)
(339, 270, 7640)
(339, 49, 44966)
(339, 12, 38053)
(339, 7, 18892)
(339, 100, 5680)
(339, 140, 68059)
(339, 108, 68928)
(339, 146, 4562)
(339, 196, 49268)
(339, 300, 17887)
(339, 112, 15029)
(339, 26, 50510)
(339, 77, 25999)
(339, 53, 18030)
(339, 76, 9907)
(339, 154, 59009)
(339, 232, 45876)
(339, 37, 11038)
(339, 35, 27644)
(339, 121, 66402)
(339, 211, 952)
(339, 286, 32609)
(339, 9, 74759)
(339, 284, 22715)
(339, 15, 34172)
(339, 292, 62729)
(339, 4, 6659)
(339, 11, 74834)
(339, 315, 25188)
(339, 164, 47107)
(339, 323, 6633)
(339, 301, 19439)
(339, 319, 5572)
(339, 182, 37002)
(339, 124, 15769)
(339, 303, 52164)
(339, 122, 55072)
(339, 21, 69706)
(339, 68, 41497)
(339, 5, 33773)
(339, 149, 28089)
(339, 69, 71782)
(340, 154, 10465)
(340, 188, 59320)
(340, 50, 49294)
(340, 211, 73690)
(340, 216, 7052)
(340, 260, 14354)
(340, 64, 34502)
(340, 127, 75359)
(340, 303, 46891)
(340, 337, 54292)
(340, 34, 968)
(340, 132, 73900)
(340, 218, 68349)
(340, 138, 23125)
(340, 65, 54589)
(340, 43, 32471)
(340, 97, 10035)
(340, 84, 20707)
(340, 275, 34825)
(340, 213, 70397)
(340, 339, 8419)
(340, 110, 62623)
(340, 190, 50799)
(340, 231, 56200)
(340, 11, 25236)
(340, 234, 67160)
(340, 94, 11046)
(340, 237, 50171)
(340, 73, 45696)
(340, 175, 71915)
(340, 191, 41319)
(340, 259, 19637)
(340, 13, 56509)
(340, 309, 13752)
(340, 133, 31454)
(340, 317, 11525)
(340, 267, 6273)
(340, 251, 59555)
(340, 75, 58422)
(340, 287, 35245)
(340, 102, 18135)
(340, 324, 52029)
(340, 166, 70498)
(340, 22, 59514)
(340, 271, 12084)
(340, 246, 33518)
(340, 195, 67902)
(340, 76, 73077)
(340, 312, 32425)
(340, 330, 7432)
(340, 202, 20201)
(340, 109, 35029)
(340, 98, 58977)
(340, 164, 22722)
(340, 172, 2352)
(340, 193, 11447)
(340, 221, 73658)
(340, 196, 28419)
(340, 151, 59757)
(340, 241, 32804)
(340, 152, 42974)
(340, 163, 39619)
(340, 304, 73008)
(340, 108, 68139)
(340, 328, 33317)
(340, 63, 38872)
(340, 18, 9168)
(340, 226, 62589)
(340, 307, 23462)
(340, 256, 39433)
(340, 278, 12432)
(340, 3, 75539)
(340, 122, 44448)
(340, 86, 71403)
(340, 305, 53782)
(340, 51, 9994)
(340, 250, 2562)
(340, 90, 68772)
(340, 302, 50070)
(340, 140, 17471)
(340, 144, 30747)
(340, 315, 14905)
(340, 129, 51942)
(340, 208, 70454)
(340, 263, 73498)
(340, 333, 73704)
(340, 327, 13429)
(340, 27, 58508)
(340, 323, 13680)
(340, 74, 37917)
(340, 220, 30814)
(340, 146, 54517)
(340, 57, 30344)
(340, 257, 55330)
(340, 4, 12342)
(340, 289, 51461)
(340, 203, 71541)
(340, 5, 61673)
(340, 141, 49889)
(340, 262, 29513)
(340, 20, 7854)
(340, 225, 25186)
(340, 181, 28166)
(340, 88, 44296)
(340, 167, 70406)
(340, 253, 38673)
(340, 52, 53890)
(340, 82, 39011)
(340, 143, 51011)
(340, 248, 40324)
(340, 0, 57517)
(340, 245, 8957)
(340, 124, 59193)
(340, 142, 19361)
(340, 189, 31810)
(340, 58, 36506)
(340, 219, 2305)
(340, 77, 8655)
(340, 334, 12727)
(340, 69, 74794)
(340, 232, 74315)
(340, 261, 34075)
(340, 297, 7547)
(340, 272, 65233)
(340, 252, 25408)
(340, 281, 68158)
(340, 59, 33545)
(340, 118, 29006)
(340, 161, 71629)
(340, 168, 719)
(340, 8, 26610)
(340, 147, 33964)
(340, 93, 19070)
(340, 298, 44937)
(340, 326, 54157)
(340, 283, 14926)
(340, 285, 12953)
(340, 270, 543)
(340, 238, 40933)
(340, 243, 60705)
(340, 162, 11060)
(340, 148, 51701)
(340, 115, 19944)
(340, 209, 75731)
(340, 217, 69452)
(340, 29, 47357)
(340, 212, 65590)
(340, 35, 60782)
(340, 121, 45844)
(340, 70, 40514)
(340, 47, 23101)
(340, 42, 29619)
(340, 55, 26937)
(340, 258, 66762)
(340, 273, 28933)
(340, 111, 42400)
(340, 85, 69048)
(340, 235, 13702)
(340, 101, 3639)
(340, 80, 21190)
(340, 32, 15801)
(340, 240, 1250)
(340, 125, 12016)
(340, 282, 73598)
(340, 116, 18723)
(340, 311, 8199)
(340, 335, 17567)
(340, 179, 38049)
(340, 155, 18969)
(340, 268, 35084)
(340, 279, 28428)
(340, 288, 65419)
(340, 205, 34722)
(340, 12, 55486)
(340, 233, 31088)
(340, 295, 66109)
(340, 36, 65741)
(340, 24, 38637)
(340, 46, 71888)
(340, 183, 57908)
(340, 28, 71022)
(340, 171, 50665)
(340, 153, 27926)
(340, 301, 41101)
(340, 149, 31838)
(340, 332, 43543)
(340, 165, 44028)
(340, 185, 8692)
(340, 145, 46546)
(340, 322, 56891)
(340, 37, 56370)
(340, 294, 44242)
(340, 79, 8115)
(340, 6, 63517)
(340, 1, 831)
(340, 134, 31345)
(340, 314, 39913)
(341, 226, 69352)
(341, 315, 33991)
(341, 146, 54089)
(341, 77, 61005)
(341, 33, 2543)
(341, 230, 48345)
(341, 269, 33551)
(341, 263, 11192)
(341, 198, 73066)
(341, 299, 62945)
(341, 181, 47004)
(341, 254, 54030)
(341, 72, 1117)
(341, 132, 1097)
(341, 59, 1517)
(341, 291, 55354)
(341, 162, 59901)
(341, 320, 45701)
(341, 177, 28349)
(341, 38, 16882)
(341, 182, 51079)
(341, 45, 27009)
(341, 318, 38364)
(341, 103, 73276)
(341, 17, 9673)
(341, 322, 71508)
(341, 176, 55910)
(341, 37, 54646)
(341, 201, 61379)
(341, 340, 1069)
(341, 272, 67358)
(341, 289, 13403)
(341, 247, 63092)
(341, 39, 49924)
(341, 134, 9903)
(341, 256, 47516)
(341, 15, 23120)
(341, 282, 54310)
(341, 165, 9243)
(341, 42, 21450)
(341, 211, 10500)
(341, 49, 13676)
(341, 60, 33843)
(341, 293, 32802)
(341, 156, 28042)
(341, 194, 14687)
(341, 258, 4895)
(341, 139, 15871)
(341, 148, 55539)
(341, 110, 21542)
(341, 69, 68127)
(341, 277, 31637)
(341, 21, 50688)
(341, 97, 69266)
(341, 265, 47698)
(341, 220, 23272)
(341, 50, 26154)
(341, 331, 35863)
(341, 178, 13677)
(341, 278, 53155)
(341, 106, 38300)
(341, 313, 35699)
(341, 200, 56661)
(341, 312, 50803)
(341, 91, 62422)
(341, 121, 72455)
(341, 311, 69228)
(341, 240, 50393)
(341, 234, 42253)
(341, 316, 57960)
(341, 308, 16116)
(341, 86, 52454)
(341, 125, 71392)
(341, 243, 19324)
(341, 92, 4037)
(341, 213, 60683)
(341, 153, 36564)
(341, 25, 12396)
(341, 100, 57142)
(341, 95, 54535)
(341, 29, 67041)
(341, 337, 12208)
(341, 167, 73576)
(341, 85, 60348)
(341, 266, 39338)
(341, 249, 19426)
(341, 7, 67438)
(341, 319, 30886)
(341, 6, 9887)
(341, 259, 13834)
(341, 338, 74793)
(341, 187, 70971)
(341, 142, 30458)
(341, 175, 13371)
(341, 11, 9710)
(341, 30, 8963)
(341, 129, 67139)
(341, 89, 19221)
(341, 242, 33471)
(341, 260, 5651)
(341, 126, 557)
(341, 68, 54887)
(341, 3, 50177)
(341, 119, 21630)
(341, 303, 57913)
(341, 307, 49348)
(341, 166, 67797)
(341, 188, 71394)
(341, 298, 37286)
(341, 334, 45750)
(341, 157, 2586)
(341, 158, 69031)
(341, 47, 40337)
(341, 290, 75271)
(341, 35, 55019)
(341, 239, 28752)
(341, 323, 20095)
(341, 218, 27771)
(341, 183, 2127)
(341, 286, 70811)
(341, 116, 10270)
(341, 161, 23271)
(341, 58, 71464)
(341, 73, 62497)
(341, 207, 44633)
(341, 209, 25834)
(341, 304, 37340)
(341, 28, 47937)
(341, 248, 55021)
(341, 225, 60624)
(341, 144, 45104)
(341, 295, 27203)
(341, 84, 9693)
(341, 253, 1373)
(341, 44, 52012)
(341, 90, 75676)
(341, 332, 60239)
(341, 8, 17251)
(341, 262, 7454)
(341, 244, 41553)
(341, 114, 38704)
(341, 149, 4327)
(341, 135, 1501)
(341, 19, 25219)
(341, 137, 9449)
(341, 335, 31947)
(341, 170, 28748)
(341, 80, 64292)
(341, 325, 20528)
(341, 63, 27083)
(341, 88, 21774)
(341, 210, 48499)
(341, 309, 20846)
(341, 324, 66254)
(341, 51, 70136)
(341, 120, 66275)
(341, 241, 30326)
(341, 276, 28824)
(341, 16, 10463)
(341, 57, 3186)
(341, 189, 39592)
(341, 23, 41741)
(341, 150, 29328)
(341, 281, 66733)
(341, 250, 67667)
(341, 301, 29078)
(341, 228, 48085)
(341, 122, 32582)
(341, 296, 51824)
(341, 229, 17413)
(341, 133, 34483)
(341, 13, 58387)
(341, 192, 45464)
(341, 270, 25213)
(341, 274, 2001)
(341, 159, 30315)
(341, 193, 24596)
(341, 18, 11383)
(341, 4, 58092)
(341, 245, 62880)
(341, 196, 417)
(341, 9, 67931)
(341, 67, 7097)
(341, 102, 57300)
(341, 54, 42859)
(341, 140, 32279)
(341, 235, 57878)
(341, 20, 2763)
(341, 96, 4575)
(341, 280, 54660)
(341, 98, 17050)
(341, 27, 25685)
(341, 101, 45762)
(341, 208, 65726)
(341, 232, 26357)
(341, 105, 13756)
(341, 204, 70921)
(341, 283, 26190)
(341, 275, 49022)
(341, 246, 74521)
(341, 56, 8973)
(341, 61, 75476)
(341, 52, 15846)
(341, 172, 2983)
(341, 112, 31727)
(341, 32, 11779)
(341, 145, 9804)
(341, 115, 62018)
(341, 180, 17953)
(341, 147, 18115)
(341, 216, 2225)
(341, 79, 63483)
(341, 78, 3143)
(341, 10, 42676)
(341, 107, 49298)
(341, 257, 18842)
(341, 104, 64174)
(341, 154, 47831)
(341, 328, 56382)
(341, 41, 66361)
(341, 34, 5393)
(341, 131, 11529)
(341, 173, 64091)
(341, 75, 74225)
(341, 292, 12431)
(341, 127, 14850)
(341, 184, 9822)
(341, 155, 15923)
(341, 171, 64728)
(341, 310, 34612)
(341, 302, 61830)
(341, 130, 68780)
(341, 255, 3941)
(341, 336, 20334)
(341, 136, 1350)
(341, 321, 67876)
(341, 76, 37886)
(341, 237, 3061)
(341, 203, 26054)
(341, 128, 3031)
(341, 2, 34596)
(342, 264, 25032)
(342, 235, 47469)
(342, 329, 51022)
(342, 97, 36521)
(342, 260, 50086)
(342, 156, 30114)
(342, 60, 57163)
(342, 62, 22302)
(342, 309, 74876)
(342, 322, 64554)
(342, 271, 51055)
(342, 66, 27131)
(342, 255, 16584)
(342, 65, 37301)
(342, 332, 5559)
(342, 78, 59244)
(342, 148, 43991)
(342, 82, 70368)
(342, 215, 27456)
(342, 99, 64508)
(342, 131, 21224)
(342, 274, 25420)
(342, 276, 67742)
(342, 29, 8227)
(342, 50, 5461)
(342, 192, 35598)
(342, 251, 34375)
(342, 81, 5173)
(342, 234, 71129)
(342, 219, 8008)
(342, 213, 70021)
(342, 334, 3221)
(342, 2, 49961)
(342, 94, 70722)
(342, 337, 43326)
(342, 16, 75914)
(342, 338, 70524)
(342, 54, 43377)
(342, 175, 71917)
(342, 74, 63090)
(342, 229, 28482)
(342, 48, 70196)
(342, 191, 42771)
(342, 84, 7228)
(342, 253, 65955)
(342, 52, 59734)
(342, 315, 38256)
(342, 169, 73543)
(342, 57, 52639)
(342, 21, 42448)
(342, 305, 61588)
(342, 170, 27438)
(342, 58, 54903)
(342, 55, 6162)
(342, 324, 9149)
(342, 303, 13030)
(342, 9, 2159)
(342, 224, 61583)
(342, 150, 17784)
(342, 177, 50282)
(342, 184, 57544)
(342, 273, 57006)
(342, 136, 37584)
(342, 67, 10022)
(342, 298, 63958)
(342, 137, 71417)
(342, 292, 75182)
(342, 236, 52620)
(342, 214, 41213)
(342, 173, 25)
(342, 75, 10377)
(342, 318, 42785)
(342, 252, 47910)
(342, 199, 13830)
(342, 161, 17942)
(342, 10, 35523)
(342, 287, 38151)
(342, 216, 37852)
(342, 8, 69777)
(342, 63, 50397)
(342, 77, 13543)
(342, 174, 2277)
(342, 95, 19387)
(342, 165, 35759)
(342, 98, 63948)
(342, 185, 7388)
(342, 321, 51868)
(342, 275, 23775)
(342, 225, 47087)
(342, 49, 6354)
(342, 154, 15666)
(342, 294, 61104)
(342, 6, 38065)
(342, 15, 38898)
(342, 176, 53333)
(342, 325, 53124)
(342, 17, 30118)
(342, 24, 8857)
(342, 217, 5550)
(342, 244, 62839)
(342, 124, 8727)
(342, 168, 63296)
(342, 328, 15773)
(342, 291, 68972)
(342, 311, 19014)
(342, 112, 54519)
(342, 129, 24946)
(342, 46, 13999)
(342, 172, 13018)
(342, 259, 16335)
(342, 254, 13475)
(342, 127, 35116)
(342, 242, 5438)
(342, 114, 16379)
(342, 299, 46065)
(342, 109, 59840)
(342, 249, 67168)
(342, 209, 28314)
(342, 139, 7396)
(342, 246, 28473)
(342, 23, 42803)
(342, 289, 66919)
(342, 68, 60836)
(342, 19, 14928)
(342, 28, 26702)
(342, 5, 50500)
(342, 92, 64790)
(342, 118, 60110)
(342, 203, 13088)
(342, 149, 52231)
(342, 269, 37683)
(342, 286, 20786)
(342, 91, 13881)
(342, 116, 1299)
(342, 333, 12026)
(342, 166, 35830)
(342, 12, 14370)
(342, 133, 23321)
(342, 233, 47741)
(342, 202, 25525)
(342, 301, 35401)
(342, 283, 64934)
(342, 71, 27481)
(342, 11, 68995)
(343, 334, 17998)
(343, 86, 49511)
(343, 287, 12533)
(343, 148, 23332)
(343, 313, 49993)
(343, 9, 12490)
(343, 171, 4504)
(343, 256, 22780)
(343, 261, 64248)
(343, 31, 62122)
(343, 117, 31242)
(343, 146, 56356)
(343, 195, 18044)
(343, 80, 29953)
(343, 119, 58459)
(343, 337, 24503)
(343, 131, 69665)
(343, 77, 33242)
(343, 75, 44683)
(343, 310, 56872)
(343, 258, 62585)
(343, 57, 17310)
(343, 162, 58655)
(343, 283, 63824)
(343, 302, 9769)
(343, 280, 11902)
(343, 42, 66333)
(343, 91, 62906)
(343, 7, 53559)
(343, 82, 68508)
(343, 73, 74962)
(343, 26, 6469)
(343, 214, 8050)
(343, 61, 43900)
(343, 139, 23348)
(343, 189, 35320)
(343, 174, 74874)
(343, 248, 24999)
(343, 238, 21524)
(343, 198, 932)
(343, 232, 8930)
(343, 274, 24095)
(343, 1, 4196)
(343, 323, 8092)
(343, 0, 27175)
(343, 292, 9884)
(343, 6, 31012)
(343, 187, 66434)
(343, 206, 50117)
(343, 188, 50313)
(343, 285, 26472)
(343, 204, 28483)
(343, 115, 17905)
(343, 123, 63613)
(343, 300, 29892)
(343, 296, 50867)
(343, 301, 19420)
(343, 190, 64367)
(343, 63, 48949)
(343, 37, 71091)
(343, 168, 35676)
(343, 169, 5054)
(343, 66, 2657)
(343, 153, 48383)
(343, 331, 72282)
(343, 35, 15986)
(343, 222, 26806)
(343, 43, 37928)
(343, 14, 58180)
(343, 158, 42928)
(343, 273, 50818)
(343, 32, 2166)
(343, 141, 2191)
(343, 177, 11930)
(343, 304, 3320)
(343, 282, 7131)
(343, 89, 16244)
(343, 221, 66117)
(343, 17, 30674)
(343, 13, 8603)
(343, 207, 72123)
(343, 170, 1310)
(343, 133, 63362)
(343, 29, 17494)
(343, 279, 16917)
(343, 107, 48570)
(343, 45, 25269)
(343, 209, 48100)
(343, 53, 24886)
(343, 101, 67604)
(343, 88, 11265)
(343, 147, 3115)
(343, 194, 47898)
(343, 257, 23095)
(343, 284, 57973)
(343, 263, 16993)
(343, 332, 7812)
(343, 324, 62871)
(343, 327, 65228)
(343, 116, 29730)
(343, 36, 14161)
(343, 145, 29475)
(343, 137, 35060)
(343, 259, 62043)
(343, 11, 1630)
(343, 108, 71615)
(343, 30, 55544)
(343, 71, 54788)
(343, 149, 69007)
(343, 165, 8067)
(343, 22, 46332)
(343, 79, 69400)
(343, 328, 63060)
(343, 225, 65115)
(343, 76, 52211)
(343, 140, 22934)
(343, 130, 17252)
(343, 223, 18351)
(343, 200, 76067)
(343, 59, 43768)
(343, 2, 26927)
(343, 58, 33280)
(343, 202, 51198)
(343, 60, 17657)
(343, 321, 40527)
(343, 245, 7020)
(343, 179, 14336)
(343, 288, 50521)
(343, 122, 19362)
(343, 172, 75141)
(343, 333, 53950)
(343, 99, 51254)
(343, 203, 28826)
(343, 340, 54358)
(343, 322, 64397)
(343, 28, 55201)
(343, 253, 7654)
(343, 228, 64257)
(343, 255, 2096)
(343, 317, 75679)
(343, 241, 44108)
(343, 306, 71277)
(343, 211, 22264)
(343, 72, 42683)
(343, 305, 3940)
(343, 173, 3088)
(343, 196, 17377)
(343, 164, 66891)
(343, 24, 69276)
(343, 52, 36410)
(343, 4, 70)
(343, 218, 9336)
(343, 290, 28179)
(343, 56, 18218)
(343, 336, 869)
(343, 39, 13488)
(343, 15, 18195)
(343, 335, 22513)
(343, 316, 19084)
(343, 227, 66197)
(343, 67, 61753)
(343, 84, 72308)
(343, 175, 45624)
(344, 111, 61678)
(344, 257, 45227)
(344, 154, 2558)
(344, 59, 22815)
(344, 270, 51949)
(344, 199, 12348)
(344, 339, 55875)
(344, 292, 17622)
(344, 179, 33498)
(344, 60, 29455)
(344, 341, 12379)
(344, 331, 43988)
(344, 76, 43853)
(344, 149, 6687)
(344, 306, 68732)
(344, 28, 51574)
(344, 248, 3741)
(344, 167, 2373)
(344, 103, 1855)
(344, 258, 36949)
(344, 243, 38479)
(344, 207, 13261)
(344, 291, 74830)
(344, 11, 49291)
(344, 97, 70101)
(344, 48, 35484)
(344, 49, 27739)
(344, 265, 23267)
(344, 71, 42461)
(344, 106, 35159)
(344, 287, 2395)
(344, 64, 8235)
(344, 219, 26643)
(344, 1, 2101)
(344, 255, 28639)
(344, 10, 73514)
(344, 330, 34355)
(344, 7, 18341)
(344, 91, 25046)
(344, 203, 31927)
(344, 119, 37746)
(344, 316, 4542)
(344, 289, 64150)
(344, 88, 27578)
(345, 215, 60443)
(345, 181, 41060)
(345, 206, 31672)
(345, 99, 40480)
(345, 196, 5466)
(345, 301, 66513)
(345, 168, 50027)
(345, 166, 38636)
(345, 72, 12080)
(345, 249, 61248)
(345, 129, 41171)
(345, 302, 6509)
(345, 120, 23865)
(345, 271, 54323)
(345, 329, 74115)
(345, 272, 51719)
(345, 194, 46842)
(345, 10, 63484)
(345, 126, 37950)
(345, 12, 76420)
(345, 332, 29052)
(345, 152, 27855)
(345, 254, 47940)
(345, 160, 63894)
(345, 315, 29740)
(345, 314, 24353)
(345, 213, 24495)
(345, 266, 49553)
(345, 105, 75285)
(345, 138, 25328)
(345, 1, 2358)
(345, 153, 61056)
(345, 80, 74395)
(345, 108, 44222)
(345, 130, 1118)
(345, 88, 19161)
(345, 69, 50273)
(345, 265, 24921)
(345, 90, 18409)
(345, 280, 48640)
(345, 336, 19279)
(345, 247, 51390)
(345, 119, 61857)
(345, 45, 51110)
(345, 342, 7704)
(345, 297, 46906)
(345, 174, 29821)
(345, 229, 7605)
(345, 188, 28372)
(345, 182, 50277)
(345, 175, 27713)
(345, 31, 74319)
(345, 190, 44876)
(345, 26, 72493)
(345, 286, 59426)
(345, 155, 38790)
(345, 290, 27063)
(345, 122, 49470)
(345, 132, 10027)
(345, 70, 53480)
(345, 38, 15525)
(345, 5, 70174)
(345, 211, 36351)
(345, 107, 26213)
(345, 77, 48144)
(345, 6, 17572)
(345, 339, 76027)
(345, 225, 22446)
(345, 24, 53355)
(345, 238, 36261)
(345, 178, 55750)
(345, 218, 29382)
(345, 295, 35081)
(345, 208, 48839)
(345, 145, 37614)
(345, 106, 50141)
(345, 142, 51304)
(345, 83, 62897)
(345, 300, 75426)
(345, 49, 49565)
(345, 125, 20414)
(345, 326, 37819)
(345, 323, 32157)
(345, 257, 20543)
(345, 179, 17029)
(345, 171, 11453)
(345, 98, 59216)
(345, 222, 14175)
(345, 103, 53062)
(345, 53, 37344)
(345, 41, 44290)
(345, 4, 3707)
(345, 207, 36716)
(345, 164, 50563)
(345, 236, 73991)
(345, 325, 19261)
(345, 156, 1900)
(345, 101, 14276)
(345, 201, 7527)
(345, 341, 22242)
(345, 305, 36333)
(345, 204, 76301)
(345, 217, 38326)
(345, 294, 76413)
(345, 19, 26561)
(345, 28, 38714)
(345, 283, 69823)
(345, 163, 38511)
(345, 79, 29099)
(345, 313, 49327)
(345, 322, 15018)
(345, 54, 35857)
(345, 330, 66618)
(345, 216, 67497)
(345, 61, 69318)
(345, 169, 72640)
(345, 131, 51586)
(345, 227, 58189)
(345, 91, 18671)
(345, 255, 1594)
(345, 9, 34567)
(345, 20, 58085)
(345, 311, 46280)
(345, 116, 24573)
(345, 262, 12110)
(345, 200, 5914)
(345, 149, 28859)
(345, 34, 29374)
(345, 167, 42441)
(345, 85, 43220)
(345, 0, 56772)
(345, 331, 73239)
(345, 148, 68264)
(345, 306, 34198)
(345, 66, 50164)
(345, 312, 31823)
(345, 154, 71837)
(345, 134, 2311)
(345, 3, 71746)
(345, 303, 51306)
(345, 256, 32229)
(345, 7, 62366)
(345, 165, 58448)
(345, 157, 74658)
(345, 27, 27712)
(345, 173, 44438)
(345, 308, 7894)
(345, 292, 64279)
(345, 176, 2075)
(345, 60, 36060)
(345, 35, 50503)
(345, 267, 27468)
(345, 333, 35078)
(345, 30, 4889)
(345, 335, 34362)
(345, 42, 56976)
(345, 81, 32247)
(345, 253, 221)
(345, 202, 15789)
(345, 172, 13878)
(345, 319, 46404)
(345, 258, 31259)
(345, 231, 56930)
(345, 184, 11729)
(345, 78, 55622)
(345, 270, 26371)
(345, 84, 61352)
(345, 151, 69410)
(345, 109, 72401)
(345, 320, 57196)
(345, 16, 76122)
(345, 135, 59286)
(345, 56, 45309)
(345, 203, 26760)
(345, 317, 55907)
(345, 221, 12588)
(345, 39, 61852)
(345, 210, 61075)
(345, 33, 33212)
(345, 293, 70846)
(345, 251, 19466)
(345, 248, 44115)
(345, 212, 4134)
(345, 118, 29338)
(345, 58, 72560)
(345, 276, 54341)
(345, 86, 15776)
(345, 260, 28543)
(345, 177, 61057)
(345, 140, 19469)
(345, 343, 40913)
(345, 277, 20686)
(345, 150, 51994)
(345, 82, 70337)
(345, 235, 20915)
(345, 114, 51558)
(345, 161, 16351)
(345, 191, 31970)
(345, 192, 10349)
(345, 197, 27404)
(345, 123, 9742)
(345, 241, 69159)
(345, 232, 10457)
(345, 29, 29321)
(345, 63, 59226)
(345, 334, 10880)
(345, 112, 13897)
(345, 124, 69524)
(345, 170, 13095)
(345, 242, 62870)
(345, 275, 29021)
(345, 189, 57688)
(345, 224, 14524)
(345, 310, 6525)
(345, 139, 20209)
(345, 22, 23943)
(345, 259, 55692)
(345, 198, 57029)
(345, 14, 68123)
(345, 95, 58441)
(345, 279, 3251)
(345, 117, 35343)
(345, 223, 58701)
(345, 113, 37832)
(345, 23, 45032)
(345, 309, 17685)
(345, 195, 42616)
(345, 65, 46408)
(345, 234, 61030)
(345, 25, 49078)
(345, 92, 72783)
(345, 48, 51947)
(345, 289, 56820)
(345, 205, 63495)
(345, 110, 46518)
(345, 21, 66193)
(345, 252, 12769)
(345, 13, 60195)
(345, 62, 13062)
(345, 273, 21878)
(346, 138, 23411)
(346, 298, 47924)
(346, 52, 28585)
(346, 144, 4787)
(346, 82, 1431)
(346, 120, 41328)
(346, 9, 65974)
(346, 133, 58690)
(346, 291, 22278)
(346, 126, 45122)
(346, 281, 6441)
(346, 137, 41018)
(346, 308, 9477)
(346, 209, 57484)
(346, 4, 59693)
(346, 329, 58397)
(346, 189, 2742)
(346, 167, 44250)
(346, 184, 32540)
(346, 324, 61219)
(346, 114, 7420)
(346, 194, 71267)
(346, 48, 27273)
(346, 323, 50802)
(346, 161, 4757)
(346, 63, 50739)
(346, 21, 25821)
(346, 65, 51293)
(346, 159, 70686)
(346, 301, 15069)
(346, 160, 54103)
(346, 282, 58197)
(346, 307, 12055)
(346, 284, 39135)
(346, 35, 66084)
(346, 188, 34499)
(346, 336, 21941)
(346, 263, 44849)
(346, 222, 75543)
(346, 241, 67714)
(346, 20, 10136)
(346, 49, 4182)
(346, 110, 1436)
(346, 311, 32327)
(346, 2, 27912)
(346, 261, 18759)
(346, 207, 12277)
(346, 252, 27556)
(346, 162, 38291)
(346, 327, 11026)
(346, 70, 75363)
(346, 319, 49591)
(346, 8, 39063)
(346, 115, 57167)
(346, 157, 15531)
(346, 230, 12720)
(346, 164, 1144)
(346, 277, 51412)
(346, 11, 68946)
(346, 330, 26343)
(346, 185, 60371)
(346, 211, 453)
(346, 97, 48815)
(346, 248, 6451)
(346, 289, 26257)
(346, 294, 27932)
(346, 102, 14382)
(346, 197, 76021)
(346, 192, 50371)
(346, 118, 64679)
(346, 233, 26450)
(346, 46, 9664)
(346, 1, 27490)
(346, 333, 41120)
(346, 67, 38322)
(346, 288, 56629)
(346, 96, 20305)
(346, 99, 60556)
(346, 45, 16209)
(346, 135, 44334)
(346, 93, 15784)
(346, 24, 9221)
(346, 171, 8208)
(346, 195, 24567)
(346, 142, 48477)
(346, 111, 36635)
(346, 34, 47987)
(346, 340, 31859)
(346, 302, 59397)
(346, 175, 63045)
(346, 212, 44781)
(346, 3, 54873)
(346, 36, 21200)
(346, 258, 53040)
(346, 174, 3015)
(346, 41, 38999)
(346, 79, 52675)
(346, 300, 45993)
(346, 328, 22022)
(346, 68, 70595)
(346, 238, 58657)
(346, 56, 12081)
(346, 73, 20659)
(346, 190, 51835)
(346, 235, 3619)
(346, 146, 6366)
(346, 269, 70010)
(346, 259, 17977)
(346, 12, 41993)
(346, 180, 11300)
(346, 132, 72177)
(346, 203, 14151)
(346, 69, 45581)
(346, 55, 56281)
(346, 332, 20705)
(346, 299, 48208)
(346, 33, 56500)
(346, 84, 58146)
(346, 201, 62444)
(346, 268, 30145)
(346, 51, 68131)
(346, 338, 69702)
(346, 295, 39184)
(346, 266, 20649)
(346, 283, 38981)
(346, 121, 17854)
(346, 183, 60513)
(346, 264, 61873)
(346, 290, 50973)
(346, 89, 64743)
(346, 306, 71567)
(346, 25, 6696)
(346, 85, 21151)
(346, 317, 6582)
(346, 128, 53204)
(346, 176, 10692)
(346, 43, 12967)
(346, 335, 67853)
(346, 297, 57055)
(346, 106, 66903)
(346, 123, 9883)
(346, 81, 61414)
(346, 156, 56173)
(346, 86, 18973)
(346, 251, 15749)
(346, 196, 20370)
(346, 109, 56107)
(346, 218, 13613)
(346, 173, 2976)
(346, 145, 73325)
(346, 76, 48712)
(346, 225, 19790)
(346, 343, 27946)
(346, 29, 53055)
(346, 223, 49811)
(346, 98, 232)
(346, 285, 36319)
(346, 104, 30411)
(346, 214, 17629)
(346, 26, 7417)
(346, 163, 60540)
(346, 309, 22627)
(346, 280, 39685)
(346, 125, 71833)
(346, 321, 11065)
(346, 271, 34176)
(346, 187, 48555)
(346, 18, 73785)
(346, 292, 19155)
(346, 287, 2685)
(346, 272, 21569)
(346, 112, 44070)
(346, 276, 70577)
(346, 279, 31834)
(346, 312, 19719)
(346, 278, 69796)
(346, 50, 74541)
(346, 127, 45342)
(346, 249, 64426)
(346, 253, 9849)
(346, 274, 65509)
(346, 166, 67804)
(346, 221, 70974)
(346, 107, 1760)
(346, 5, 49053)
(346, 139, 65236)
(346, 206, 43820)
(346, 337, 39589)
(346, 47, 41551)
(346, 199, 16034)
(346, 130, 23944)
(346, 119, 16491)
(346, 215, 9368)
(346, 310, 27192)
(346, 229, 49581)
(346, 345, 50345)
(346, 331, 2998)
(346, 30, 45059)
(346, 216, 30716)
(346, 103, 74314)
(346, 228, 29990)
(346, 7, 35883)
(346, 32, 15032)
(346, 304, 53350)
(346, 88, 41111)
(346, 172, 19741)
(346, 193, 33452)
(346, 83, 29642)
(346, 124, 42918)
(346, 236, 43152)
(346, 75, 20989)
(346, 342, 40748)
(346, 94, 3979)
(346, 148, 11897)
(346, 168, 12406)
(346, 237, 45622)
(346, 152, 12259)
(346, 129, 37342)
(346, 14, 75397)
(346, 151, 40526)
(346, 140, 4464)
(346, 242, 27217)
(346, 131, 55103)
(346, 322, 35148)
(346, 66, 67266)
(346, 100, 44416)
(346, 208, 8995)
(346, 141, 23540)
(346, 147, 55134)
(346, 227, 34797)
(346, 210, 64513)
(346, 213, 8699)
(346, 204, 61397)
(346, 224, 40093)
(346, 243, 21825)
(347, 90, 71585)
(347, 184, 24524)
(347, 150, 72919)
(347, 155, 20905)
(347, 80, 7338)
(347, 76, 50447)
(347, 196, 40666)
(347, 161, 57623)
(347, 310, 45220)
(347, 299, 43934)
(347, 284, 22410)
(347, 113, 25253)
(347, 236, 38429)
(347, 272, 50819)
(347, 56, 64702)
(347, 103, 58755)
(347, 5, 15471)
(347, 191, 42147)
(347, 138, 9937)
(347, 17, 32714)
(347, 324, 19910)
(347, 329, 50349)
(347, 331, 68916)
(347, 252, 41066)
(347, 293, 12376)
(347, 95, 23277)
(347, 188, 1694)
(347, 190, 49126)
(347, 100, 60824)
(347, 294, 14254)
(347, 38, 48681)
(347, 47, 5718)
(347, 189, 40655)
(347, 1, 74898)
(347, 3, 47584)
(347, 87, 4170)
(347, 315, 24361)
(347, 239, 9015)
(347, 125, 42479)
(347, 255, 66455)
(347, 99, 3298)
(347, 257, 21022)
(347, 245, 59881)
(347, 45, 63478)
(347, 307, 8526)
(347, 163, 40606)
(347, 337, 24132)
(347, 146, 70699)
(347, 220, 39584)
(347, 86, 55932)
(347, 33, 54776)
(347, 139, 74707)
(347, 108, 1857)
(347, 330, 14840)
(347, 185, 50824)
(347, 156, 8095)
(347, 305, 23769)
(347, 165, 28177)
(347, 242, 12494)
(347, 93, 28789)
(347, 316, 55119)
(347, 154, 14379)
(347, 278, 70591)
(347, 22, 46958)
(347, 327, 65390)
(347, 6, 75546)
(347, 174, 27524)
(347, 140, 44038)
(347, 13, 76008)
(347, 15, 4715)
(347, 144, 51141)
(347, 312, 72303)
(347, 77, 33701)
(347, 70, 55096)
(347, 42, 54649)
(347, 153, 3810)
(347, 175, 32626)
(347, 214, 30586)
(347, 134, 16063)
(347, 78, 60662)
(347, 291, 75201)
(347, 71, 20769)
(347, 317, 60469)
(347, 82, 34976)
(347, 122, 65006)
(347, 308, 11222)
(347, 131, 30746)
(347, 244, 33058)
(347, 304, 39396)
(347, 338, 49881)
(347, 229, 12542)
(347, 262, 13573)
(347, 109, 18773)
(347, 270, 19583)
(347, 130, 24703)
(347, 326, 139)
(347, 118, 47999)
(347, 318, 50456)
(347, 57, 1059)
(347, 81, 36776)
(347, 256, 69011)
(347, 151, 62287)
(347, 336, 33462)
(347, 247, 73583)
(347, 26, 57670)
(347, 211, 58060)
(347, 210, 70874)
(347, 237, 28410)
(347, 296, 42862)
(347, 266, 3006)
(347, 148, 18482)
(347, 205, 21866)
(347, 24, 50329)
(347, 50, 65841)
(347, 124, 39249)
(347, 285, 75068)
(347, 149, 9230)
(347, 193, 8097)
(347, 52, 27709)
(347, 25, 21161)
(347, 110, 36361)
(347, 219, 26433)
(347, 194, 70341)
(347, 94, 42016)
(347, 141, 14981)
(347, 44, 57755)
(347, 119, 58943)
(347, 170, 24778)
(347, 227, 917)
(347, 311, 70260)
(347, 166, 39799)
(347, 84, 40460)
(347, 334, 14933)
(347, 290, 8188)
(347, 36, 30280)
(347, 213, 73442)
(347, 97, 2039)
(347, 19, 56177)
(347, 204, 35927)
(347, 114, 57630)
(347, 39, 59525)
(347, 246, 2571)
(347, 297, 73492)
(347, 260, 48346)
(347, 58, 61506)
(347, 162, 16141)
(347, 120, 72776)
(347, 102, 67864)
(347, 258, 24395)
(347, 225, 33323)
(347, 286, 28891)
(347, 233, 20365)
(347, 251, 37706)
(347, 121, 56622)
(347, 75, 3968)
(347, 53, 70773)
(347, 169, 75203)
(347, 55, 12224)
(347, 343, 52356)
(347, 112, 37754)
(347, 73, 53926)
(347, 34, 33937)
(347, 35, 41512)
(347, 223, 21386)
(347, 274, 1560)
(347, 340, 28315)
(347, 217, 27130)
(347, 345, 5304)
(347, 137, 10728)
(347, 179, 42747)
(347, 152, 35068)
(347, 37, 18633)
(347, 2, 66188)
(347, 301, 73577)
(347, 281, 822)
(347, 259, 20706)
(347, 197, 37198)
(347, 275, 32665)
(347, 64, 66475)
(347, 136, 59994)
(347, 91, 69752)
(347, 63, 55597)
(347, 72, 37120)
(347, 23, 13947)
(347, 14, 42808)
(347, 176, 74147)
(347, 61, 61077)
(347, 98, 55831)
(347, 40, 18443)
(347, 66, 14600)
(347, 159, 40537)
(347, 177, 14452)
(347, 319, 46800)
(347, 147, 62649)
(347, 172, 59227)
(347, 31, 49820)
(347, 333, 40724)
(347, 231, 22179)
(347, 341, 46046)
(347, 96, 60324)
(347, 164, 24253)
(347, 224, 33596)
(347, 89, 23057)
(347, 322, 745)
(347, 282, 64092)
(347, 254, 24424)
(347, 115, 38234)
(347, 287, 23612)
(347, 325, 35531)
(347, 250, 36748)
(347, 32, 7641)
(347, 226, 70505)
(347, 206, 24894)
(347, 309, 46399)
(347, 9, 2173)
(347, 48, 28465)
(347, 46, 42610)
(347, 232, 65723)
(347, 171, 68987)
(347, 202, 69692)
(347, 183, 64056)
(347, 60, 35887)
(347, 126, 33463)
(347, 279, 25580)
(347, 158, 59182)
(347, 203, 24955)
(347, 228, 14125)
(347, 208, 58288)
(347, 289, 59784)
(347, 29, 17675)
(347, 51, 20281)
(347, 253, 45204)
(347, 20, 17172)
(347, 83, 9205)
(347, 222, 55076)
(347, 92, 34054)
(347, 105, 3835)
(347, 167, 38367)
(347, 249, 6638)
(347, 62, 9323)
(347, 74, 37453)
(347, 69, 43502)
(347, 16, 9008)
(347, 268, 14849)
(347, 49, 19373)
(347, 107, 28608)
(347, 200, 60206)
(347, 30, 8352)
(347, 0, 33683)
(347, 332, 5771)
(347, 178, 62930)
(347, 298, 74298)
(347, 328, 5632)
(347, 104, 71352)
(347, 28, 1148)
(347, 186, 68196)
(347, 264, 21812)
(347, 280, 70854)
(347, 12, 25975)
(347, 230, 11365)
(347, 43, 68212)
(347, 54, 45758)
(347, 111, 42711)
(347, 198, 22693)
(347, 339, 56458)
(347, 248, 14828)
(347, 212, 27979)
(347, 271, 3889)
(347, 65, 56507)
(347, 335, 13721)
(347, 313, 652)
(347, 321, 24101)
(347, 295, 71640)
(347, 276, 21637)
(347, 132, 13249)
(347, 314, 17766)
(347, 21, 59437)
(347, 306, 2377)
(347, 277, 51804)
(347, 143, 34328)
(347, 4, 36886)
(347, 135, 66785)
(347, 195, 33516)
(347, 215, 38810)
(347, 182, 34958)
(347, 116, 35226)
(347, 181, 70667)
(347, 145, 60025)
(347, 234, 40298)
(348, 27, 19917)
(348, 197, 71709)
(348, 108, 60255)
(348, 162, 70325)
(348, 260, 8355)
(348, 336, 40086)
(348, 130, 43282)
(348, 51, 6132)
(348, 168, 54800)
(348, 96, 64192)
(348, 105, 55405)
(348, 269, 21004)
(348, 189, 19075)
(348, 157, 36982)
(348, 107, 11153)
(348, 120, 37744)
(348, 313, 58008)
(348, 88, 71661)
(348, 195, 42456)
(348, 109, 65346)
(348, 206, 33392)
(348, 273, 37609)
(348, 232, 17161)
(348, 339, 72581)
(348, 91, 35696)
(348, 169, 24748)
(348, 315, 44607)
(348, 150, 28018)
(348, 193, 32931)
(348, 190, 64561)
(348, 136, 48534)
(348, 227, 1498)
(348, 71, 10609)
(348, 301, 75274)
(348, 321, 25608)
(348, 167, 65890)
(348, 22, 51718)
(348, 18, 19052)
(348, 183, 47675)
(348, 255, 16095)
(348, 282, 36717)
(348, 101, 37261)
(348, 210, 27616)
(348, 303, 53467)
(348, 97, 74643)
(348, 32, 25045)
(348, 40, 59114)
(348, 0, 72368)
(348, 53, 33671)
(348, 69, 36804)
(348, 209, 23176)
(348, 263, 29924)
(348, 287, 22301)
(348, 31, 41607)
(348, 77, 19858)
(348, 191, 59813)
(348, 217, 47186)
(348, 49, 9575)
(348, 81, 29837)
(348, 345, 59602)
(348, 284, 65443)
(348, 257, 45264)
(348, 106, 65270)
(348, 141, 16575)
(348, 211, 72494)
(348, 165, 6528)
(348, 318, 58045)
(348, 271, 39125)
(348, 342, 12899)
(348, 242, 46110)
(348, 335, 27183)
(348, 219, 6136)
(348, 29, 16181)
(348, 21, 19588)
(348, 290, 47459)
(348, 194, 63612)
(348, 299, 47653)
(348, 246, 36884)
(348, 90, 25505)
(348, 146, 48943)
(348, 346, 52852)
(348, 58, 72254)
(348, 213, 72767)
(348, 147, 16529)
(348, 264, 34299)
(348, 230, 36411)
(348, 135, 46608)
(348, 337, 63108)
(348, 45, 68475)
(348, 80, 37407)
(348, 289, 15777)
(348, 286, 1317)
(348, 202, 28547)
(348, 291, 943)
(348, 3, 12182)
(348, 166, 27231)
(348, 86, 24050)
(348, 182, 18106)
(348, 52, 7227)
(348, 305, 45593)
(348, 25, 53845)
(348, 340, 67627)
(348, 311, 20611)
(348, 261, 31705)
(348, 126, 70671)
(348, 292, 41883)
(348, 65, 32923)
(348, 4, 57220)
(348, 329, 30028)
(348, 113, 31736)
(348, 63, 52747)
(348, 228, 49560)
(348, 121, 55756)
(348, 117, 66062)
(348, 266, 46041)
(348, 294, 27227)
(348, 47, 6291)
(348, 172, 8865)
(348, 149, 72403)
(348, 235, 73278)
(348, 152, 14830)
(348, 14, 12460)
(348, 332, 33169)
(348, 347, 9840)
(348, 17, 40963)
(348, 132, 25615)
(348, 196, 9510)
(348, 308, 46805)
(348, 198, 2375)
(348, 137, 47475)
(348, 59, 30519)
(348, 330, 51021)
(348, 274, 59325)
(348, 128, 66036)
(348, 173, 53737)
(348, 214, 58470)
(348, 192, 18827)
(348, 344, 40470)
(348, 24, 72712)
(348, 278, 21607)
(348, 89, 34972)
(348, 237, 48089)
(348, 92, 20752)
(348, 309, 59991)
(348, 250, 4906)
(348, 103, 72629)
(348, 249, 31857)
(348, 1, 1385)
(348, 74, 668)
(348, 245, 66593)
(348, 33, 16582)
(348, 145, 74475)
(348, 30, 45674)
(348, 5, 8207)
(348, 133, 49495)
(348, 11, 60463)
(348, 12, 57035)
(348, 200, 65089)
(348, 9, 17102)
(348, 70, 74669)
(348, 46, 76426)
(348, 75, 5637)
(348, 181, 37164)
(348, 296, 72820)
(348, 111, 57233)
(348, 204, 39554)
(348, 231, 31127)
(348, 267, 62727)
(348, 36, 72717)
(348, 280, 3850)
(348, 95, 26859)
(348, 314, 29313)
(348, 262, 58557)
(348, 19, 66772)
(348, 218, 3432)
(348, 277, 42369)
(348, 300, 75831)
(348, 333, 69008)
(348, 41, 67136)
(348, 297, 51312)
(348, 48, 36802)
(348, 158, 45598)
(348, 73, 75765)
(348, 177, 44303)
(348, 13, 71204)
(348, 79, 59197)
(348, 341, 45615)
(348, 215, 545)
(348, 139, 72287)
(348, 302, 70500)
(348, 226, 35970)
(348, 316, 59627)
(348, 256, 68909)
(348, 159, 73240)
(348, 83, 47152)
(348, 243, 72803)
(348, 10, 74755)
(348, 175, 15204)
(348, 43, 36947)
(348, 123, 11977)
(348, 186, 8729)
(348, 176, 32658)
(348, 100, 63870)
(348, 134, 20051)
(348, 244, 6947)
(348, 87, 75743)
(348, 6, 23732)
(348, 155, 41371)
(348, 7, 72474)
(348, 253, 56481)
(348, 179, 54376)
(348, 50, 7508)
(348, 234, 72349)
(348, 281, 49720)
(348, 285, 31279)
(348, 114, 42551)
(348, 93, 2047)
(348, 67, 43886)
(348, 16, 50450)
(348, 15, 32021)
(348, 142, 24845)
(348, 20, 57456)
(348, 62, 26425)
(348, 68, 31300)
(348, 307, 52483)
(348, 54, 68472)
(348, 212, 6123)
(348, 110, 14921)
(348, 119, 28701)
(348, 328, 48449)
(348, 94, 11537)
(348, 84, 48081)
(348, 125, 12452)
(348, 259, 39429)
(348, 2, 29728)
(348, 72, 29758)
(348, 26, 39384)
(348, 254, 64520)
(348, 127, 62246)
(348, 208, 70526)
(348, 252, 33720)
(348, 225, 2774)
(348, 163, 65207)
(348, 171, 38232)
(348, 320, 62055)
(348, 118, 22524)
(348, 221, 36848)
(348, 270, 28916)
(348, 180, 1916)
(348, 34, 12498)
(348, 338, 45271)
(348, 151, 37798)
(348, 238, 16695)
(348, 276, 45562)
(348, 64, 26131)
(348, 326, 8533)
(348, 82, 75989)
(348, 161, 41174)
(348, 129, 59016)
(348, 185, 4487)
(348, 239, 2811)
(348, 66, 43107)
(348, 56, 51530)
(348, 61, 46643)
(348, 251, 73767)
(348, 310, 39033)
(348, 143, 49389)
(348, 178, 6421)
(348, 98, 37444)
(348, 170, 24601)
(348, 37, 49567)
(348, 148, 2280)
(348, 184, 38692)
(348, 241, 66708)
(348, 35, 27519)
(348, 275, 56083)
(348, 122, 42192)
(348, 55, 33090)
(348, 160, 49316)
(348, 295, 57368)
(348, 144, 14163)
(348, 207, 63939)
(348, 324, 23477)
(348, 304, 52230)
(348, 57, 76138)
(348, 116, 27961)
(348, 288, 54211)
(348, 306, 17603)
(348, 42, 70551)
(348, 222, 75133)
(348, 268, 35054)
(348, 293, 47916)
(348, 187, 51978)
(348, 153, 57681)
(348, 115, 72508)
(348, 233, 58425)
(349, 96, 5069)
(349, 62, 48959)
(349, 42, 70105)
(349, 296, 12760)
(349, 143, 33234)
(349, 292, 60400)
(349, 148, 35055)
(349, 69, 25833)
(349, 116, 27306)
(349, 22, 10450)
(349, 18, 19257)
(349, 85, 50155)
(349, 146, 75670)
(349, 243, 44819)
(349, 301, 67055)
(349, 317, 42272)
(349, 130, 37487)
(349, 125, 42004)
(349, 25, 5915)
(349, 115, 20716)
(349, 194, 46160)
(349, 72, 68743)
(349, 6, 20722)
(349, 97, 34591)
(349, 314, 15302)
(349, 230, 54302)
(349, 198, 11651)
(349, 343, 50335)
(349, 131, 36159)
(349, 54, 53354)
(349, 17, 31173)
(349, 192, 43669)
(349, 235, 41515)
(349, 4, 61752)
(349, 339, 16677)
(349, 223, 69196)
(349, 237, 65791)
(349, 219, 49851)
(349, 86, 34055)
(349, 147, 53438)
(349, 91, 4874)
(349, 202, 19592)
(349, 83, 72857)
(349, 57, 14727)
(349, 336, 72850)
(349, 157, 11426)
(349, 246, 3133)
(349, 315, 36452)
(349, 112, 65464)
(349, 240, 52699)
(349, 74, 21545)
(349, 199, 74232)
(349, 61, 69389)
(349, 318, 24185)
(349, 187, 63629)
(349, 218, 3564)
(349, 92, 53234)
(349, 52, 58024)
(349, 231, 61847)
(349, 123, 54454)
(349, 1, 19268)
(349, 228, 16346)
(349, 295, 71707)
(349, 180, 39253)
(349, 191, 19127)
(349, 304, 37271)
(349, 145, 67913)
(349, 101, 9098)
(349, 24, 46266)
(349, 160, 15827)
(349, 9, 59283)
(349, 224, 54656)
(349, 60, 65217)
(349, 325, 21971)
(349, 298, 67973)
(349, 32, 69465)
(349, 39, 19000)
(349, 324, 36738)
(349, 108, 7908)
(349, 222, 26533)
(349, 327, 55530)
(349, 311, 36457)
(349, 7, 14573)
(349, 172, 69985)
(349, 316, 35817)
(349, 10, 50837)
(349, 287, 70630)
(349, 2, 46600)
(349, 274, 37274)
(349, 55, 64622)
(349, 200, 61970)
(349, 175, 22836)
(349, 334, 70966)
(349, 319, 45424)
(349, 329, 52485)
(349, 259, 7287)
(349, 45, 11847)
(349, 75, 44484)
(349, 29, 60263)
(349, 37, 40939)
(349, 183, 17327)
(349, 165, 2942)
(349, 106, 67309)
(349, 174, 53970)
(349, 73, 69903)
(349, 337, 28390)
(349, 331, 38877)
(349, 14, 8895)
(349, 216, 35730)
(349, 100, 43955)
(349, 169, 18276)
(349, 330, 40393)
(349, 244, 67540)
(349, 258, 64918)
(349, 209, 16813)
(349, 170, 21789)
(349, 109, 71767)
(349, 103, 22190)
(349, 225, 27983)
(349, 47, 13479)
(349, 253, 47935)
(349, 179, 20359)
(349, 98, 30207)
(349, 27, 22040)
(349, 236, 39935)
(349, 302, 26784)
(349, 171, 19480)
(349, 158, 39654)
(349, 283, 62465)
(349, 197, 7221)
(349, 53, 40010)
(349, 284, 17631)
(349, 340, 51956)
(349, 346, 25241)
(349, 255, 42633)
(349, 266, 49140)
(349, 48, 68886)
(349, 77, 39999)
(349, 144, 9486)
(349, 238, 3595)
(349, 117, 74825)
(349, 129, 61098)
(349, 344, 20517)
(349, 30, 18928)
(349, 35, 33030)
(349, 177, 24617)
(349, 141, 36266)
(349, 201, 67996)
(349, 3, 15818)
(349, 321, 65536)
(349, 227, 67659)
(349, 46, 63820)
(349, 182, 41713)
(349, 207, 2064)
(349, 265, 55638)
(349, 80, 71752)
(349, 95, 67803)
(349, 239, 38941)
(349, 124, 39235)
(349, 118, 62741)
(349, 142, 12945)
(349, 294, 26285)
(349, 166, 33608)
(349, 164, 69378)
(349, 308, 66900)
(349, 195, 16608)
(349, 26, 40055)
(349, 162, 73447)
(349, 257, 21254)
(349, 68, 29918)
(349, 132, 11295)
(349, 163, 48973)
(349, 293, 61900)
(349, 49, 16142)
(349, 126, 45316)
(349, 312, 45514)
(349, 188, 70539)
(349, 176, 17922)
(349, 41, 71638)
(349, 38, 22544)
(349, 151, 31992)
(349, 326, 49272)
(349, 291, 43443)
(349, 88, 75026)
(349, 273, 64961)
(349, 241, 67038)
(349, 270, 43771)
(349, 56, 75260)
(349, 341, 74847)
(349, 279, 51446)
(349, 184, 9047)
(349, 12, 11836)
(349, 76, 1468)
(349, 161, 71730)
(349, 196, 32007)
(349, 140, 59336)
(349, 120, 66383)
(349, 208, 32953)
(349, 110, 68953)
(349, 229, 65136)
(349, 19, 40981)
(349, 128, 20822)
(349, 247, 73862)
(349, 152, 16753)
(349, 193, 26856)
(349, 300, 730)
(349, 159, 35071)
(349, 310, 38499)
(349, 79, 24733)
(349, 210, 29632)
(349, 136, 35032)
(349, 205, 30088)
(349, 135, 56964)
(349, 249, 39929)
(349, 167, 28874)
(349, 21, 13794)
(349, 333, 35984)
(349, 149, 33639)
(349, 286, 43587)
(349, 285, 49395)
(349, 299, 39478)
(349, 138, 41169)
(349, 267, 53412)
(349, 168, 22522)
(349, 89, 63455)
(349, 150, 46712)
(349, 178, 56138)
(349, 5, 20079)
(349, 44, 53872)
(349, 206, 70740)
(349, 34, 57629)
(349, 16, 28411)
(349, 71, 33627)
(349, 282, 26348)
(349, 215, 50807)
(349, 272, 50712)
(349, 87, 65609)
(349, 134, 51648)
(349, 313, 67315)
(349, 84, 39737)
(349, 64, 12514)
(349, 305, 16023)
(349, 275, 65296)
(349, 121, 22785)
(349, 70, 64425)
(349, 252, 63232)
(349, 40, 1580)
(349, 51, 49826)
(349, 278, 2509)
(349, 105, 27398)
(349, 50, 30402)
(349, 271, 14759)
(350, 65, 4706)
(350, 63, 66256)
(350, 110, 72830)
(350, 343, 40927)
(350, 14, 59435)
(350, 120, 17987)
(350, 53, 40607)
(350, 23, 68863)
(350, 295, 21198)
(350, 45, 18068)
(350, 99, 8314)
(350, 314, 2119)
(350, 38, 39236)
(350, 6, 4424)
(350, 170, 35811)
(350, 283, 55552)
(350, 116, 18393)
(350, 1, 45360)
(350, 337, 5089)
(350, 200, 5985)
(350, 113, 30064)
(350, 318, 52829)
(350, 287, 41143)
(350, 25, 13863)
(350, 97, 17686)
(350, 157, 10835)
(350, 219, 69353)
(350, 155, 40137)
(350, 105, 29149)
(350, 300, 70115)
(350, 214, 12104)
(350, 260, 7069)
(350, 181, 73958)
(350, 114, 14595)
(351, 273, 43566)
(351, 254, 51334)
(351, 313, 31503)
(351, 317, 47959)
(351, 16, 57727)
(351, 166, 23797)
(351, 67, 1572)
(351, 229, 40528)
(351, 349, 18197)
(351, 114, 55056)
(351, 162, 65364)
(351, 287, 26508)
(351, 81, 43119)
(351, 105, 33424)
(351, 253, 37185)
(351, 226, 34711)
(351, 76, 72827)
(351, 80, 72042)
(351, 344, 68250)
(351, 82, 38480)
(351, 272, 33121)
(351, 327, 62141)
(351, 335, 17324)
(351, 265, 19331)
(351, 161, 2462)
(351, 239, 50016)
(351, 57, 19380)
(351, 90, 61958)
(351, 289, 11733)
(351, 25, 32257)
(351, 331, 15795)
(351, 147, 76437)
(351, 72, 64830)
(351, 246, 8844)
(351, 27, 56424)
(351, 198, 4604)
(351, 96, 60159)
(351, 192, 72555)
(351, 84, 8815)
(351, 56, 54942)
(351, 15, 62079)
(351, 188, 19712)
(351, 77, 27012)
(351, 51, 21326)
(351, 85, 67503)
(351, 294, 50279)
(351, 325, 46229)
(351, 278, 44052)
(351, 106, 26115)
(351, 141, 46339)
(351, 206, 72147)
(351, 247, 61387)
(351, 189, 60895)
(351, 270, 38750)
(351, 95, 16323)
(351, 308, 19683)
(351, 260, 21144)
(351, 18, 37981)
(351, 219, 22337)
(351, 148, 21017)
(351, 119, 51925)
(351, 259, 29446)
(351, 169, 44374)
(351, 230, 71200)
(351, 224, 60198)
(351, 334, 37403)
(351, 261, 25664)
(351, 197, 20205)
(351, 284, 22818)
(351, 209, 60763)
(351, 107, 24326)
(351, 339, 6804)
(351, 68, 64318)
(351, 312, 11246)
(351, 24, 3553)
(351, 303, 67441)
(351, 64, 51964)
(351, 110, 34934)
(351, 225, 15650)
(351, 29, 6944)
(351, 213, 6722)
(351, 93, 72832)
(351, 305, 22226)
(351, 180, 38272)
(351, 10, 54689)
(351, 220, 73650)
(351, 50, 56095)
(351, 301, 11437)
(351, 255, 56703)
(351, 205, 44504)
(351, 98, 38469)
(351, 304, 27406)
(351, 36, 6848)
(351, 252, 60952)
(351, 281, 49292)
(351, 120, 16573)
(351, 94, 15435)
(351, 306, 4326)
(351, 242, 38884)
(351, 3, 36426)
(351, 329, 69643)
(351, 310, 13695)
(351, 133, 35642)
(351, 240, 41712)
(351, 295, 66613)
(351, 131, 10091)
(351, 323, 74977)
(351, 282, 21783)
(351, 8, 19095)
(351, 140, 62058)
(351, 285, 75756)
(351, 108, 29009)
(351, 92, 289)
(351, 42, 53849)
(351, 211, 44152)
(351, 279, 579)
(351, 236, 49453)
(351, 185, 938)
(351, 70, 55090)
(351, 122, 17576)
(351, 22, 34916)
(351, 6, 37367)
(351, 121, 8066)
(351, 296, 48923)
(351, 347, 3240)
(351, 208, 53786)
(351, 158, 44855)
(351, 326, 1977)
(351, 274, 18904)
(351, 117, 52347)
(351, 346, 54550)
(351, 88, 33777)
(351, 4, 26483)
(351, 134, 7297)
(351, 145, 10312)
(351, 175, 67657)
(351, 315, 48377)
(351, 257, 61955)
(351, 132, 66146)
(351, 69, 25779)
(351, 157, 36750)
(351, 264, 2301)
(351, 217, 22224)
(351, 178, 65180)
(351, 276, 13762)
(352, 272, 61630)
(352, 73, 23315)
(352, 101, 36194)
(352, 179, 74109)
(352, 282, 63473)
(352, 97, 57169)
(352, 213, 43807)
(352, 174, 49539)
(352, 44, 44538)
(352, 313, 17754)
(352, 118, 75110)
(352, 291, 53348)
(352, 60, 32965)
(352, 151, 50922)
(352, 275, 12650)
(352, 37, 26235)
(352, 65, 56109)
(352, 136, 60279)
(352, 134, 62363)
(352, 267, 4798)
(352, 149, 18166)
(352, 245, 66843)
(352, 43, 36355)
(352, 201, 65635)
(352, 139, 6201)
(352, 177, 73981)
(352, 85, 48166)
(352, 236, 43796)
(352, 344, 62123)
(352, 197, 13640)
(352, 324, 54078)
(352, 64, 15082)
(352, 207, 12197)
(352, 146, 36976)
(352, 330, 14612)
(352, 39, 74486)
(352, 341, 21578)
(352, 215, 63377)
(352, 257, 65855)
(352, 279, 26312)
(352, 281, 1627)
(352, 241, 9088)
(352, 229, 25445)
(352, 286, 75097)
(352, 342, 26018)
(352, 78, 51001)
(352, 183, 70424)
(352, 19, 39861)
(352, 188, 65410)
(352, 351, 58349)
(352, 111, 6167)
(352, 274, 35916)
(352, 334, 71439)
(352, 18, 25760)
(352, 10, 61313)
(352, 110, 42324)
(352, 195, 41911)
(352, 227, 50359)
(352, 116, 17541)
(352, 166, 44559)
(352, 222, 57210)
(352, 323, 57475)
(352, 113, 3834)
(353, 283, 63103)
(353, 299, 72092)
(353, 118, 10919)
(353, 143, 56623)
(353, 224, 54272)
(353, 121, 63291)
(353, 96, 35613)
(353, 175, 21159)
(353, 111, 21304)
(353, 25, 50934)
(353, 97, 7833)
(353, 31, 66435)
(353, 166, 7195)
(353, 150, 22098)
(353, 221, 76162)
(353, 267, 30619)
(353, 263, 37033)
(353, 351, 44342)
(353, 220, 7173)
(353, 139, 68214)
(353, 110, 20264)
(353, 112, 12634)
(353, 244, 34658)
(353, 318, 39320)
(353, 285, 31161)
(353, 154, 31062)
(353, 201, 71568)
(353, 125, 42214)
(353, 313, 31962)
(353, 94, 10521)
(353, 288, 9531)
(353, 268, 70623)
(353, 295, 42864)
(353, 208, 71102)
(353, 173, 1647)
(353, 335, 20218)
(353, 330, 440)
(353, 352, 12801)
(353, 105, 17681)
(353, 205, 57062)
(353, 169, 58145)
(353, 146, 59644)
(353, 158, 44688)
(353, 71, 32884)
(353, 251, 24128)
(353, 103, 4924)
(353, 1, 10177)
(353, 131, 41904)
(353, 275, 30645)
(353, 41, 43596)
(353, 315, 48642)
(353, 92, 57283)
(353, 122, 4614)
(353, 217, 51757)
(353, 276, 72351)
(353, 213, 65592)
(353, 104, 8474)
(353, 23, 74915)
(353, 344, 5050)
(353, 231, 59149)
(353, 195, 76040)
(353, 240, 38107)
(353, 26, 42393)
(353, 304, 20247)
(353, 44, 58559)
(353, 245, 36243)
(353, 151, 56618)
(353, 32, 51094)
(353, 348, 26583)
(353, 168, 47070)
(353, 46, 45915)
(353, 269, 6217)
(353, 223, 66716)
(353, 274, 59651)
(353, 80, 65713)
(353, 329, 30377)
(353, 28, 34790)
(353, 198, 28449)
(353, 188, 73303)
(353, 300, 16794)
(353, 49, 43164)
(353, 286, 28344)
(353, 189, 60951)
(353, 284, 43589)
(353, 216, 39924)
(353, 138, 5654)
(353, 210, 53278)
(353, 236, 3209)
(353, 12, 44794)
(353, 135, 44817)
(353, 203, 29119)
(353, 164, 59423)
(353, 85, 60672)
(353, 323, 28952)
(353, 86, 46368)
(353, 167, 51643)
(353, 30, 75924)
(353, 19, 20229)
(353, 137, 21796)
(353, 339, 35636)
(353, 343, 62985)
(353, 287, 3196)
(353, 170, 76189)
(354, 187, 69238)
(354, 55, 31166)
(354, 267, 34885)
(354, 157, 23515)
(354, 74, 69822)
(354, 129, 42230)
(354, 13, 38529)
(354, 351, 24983)
(354, 34, 51977)
(354, 278, 2929)
(354, 304, 16392)
(354, 277, 16275)
(354, 215, 48116)
(354, 189, 9965)
(354, 101, 42991)
(354, 307, 20797)
(354, 166, 69370)
(354, 306, 35710)
(354, 11, 21808)
(354, 250, 66589)
(354, 139, 63784)
(354, 344, 7102)
(354, 232, 31319)
(354, 325, 52930)
(354, 271, 29416)
(354, 100, 24329)
(354, 85, 60678)
(354, 150, 20029)
(354, 329, 22826)
(354, 79, 3793)
(354, 173, 73109)
(354, 117, 64076)
(354, 192, 41030)
(354, 216, 52582)
(354, 77, 69041)
(354, 72, 52099)
(354, 76, 24903)
(354, 202, 43867)
(354, 295, 58776)
(354, 188, 16953)
(354, 273, 17796)
(354, 194, 71014)
(354, 116, 61376)
(354, 17, 37711)
(354, 27, 53787)
(354, 198, 9765)
(354, 29, 70144)
(354, 230, 24702)
(354, 287, 62089)
(354, 1, 20835)
(354, 126, 12393)
(354, 159, 62683)
(354, 171, 34421)
(354, 12, 24036)
(354, 181, 69551)
(354, 240, 46074)
(354, 226, 32807)
(354, 262, 59844)
(354, 105, 12371)
(354, 71, 59610)
(354, 25, 53049)
(354, 258, 40815)
(354, 252, 71769)
(354, 67, 68736)
(354, 111, 38237)
(354, 227, 33833)
(354, 270, 62454)
(354, 123, 56932)
(354, 254, 73661)
(354, 332, 21932)
(354, 349, 6434)
(354, 185, 50249)
(354, 158, 48229)
(354, 341, 69642)
(354, 58, 70401)
(354, 208, 40479)
(354, 319, 8878)
(354, 290, 24519)
(354, 165, 10910)
(354, 217, 52292)
(354, 298, 5145)
(354, 224, 63402)
(354, 268, 75853)
(354, 246, 69857)
(354, 62, 18635)
(354, 147, 72198)
(354, 168, 48118)
(354, 256, 9999)
(354, 259, 65482)
(354, 231, 48806)
(354, 336, 32156)
(354, 339, 38327)
(354, 210, 65320)
(354, 81, 14288)
(354, 163, 15073)
(354, 220, 37752)
(354, 131, 26887)
(354, 54, 42039)
(354, 61, 59834)
(354, 221, 53404)
(354, 148, 38776)
(354, 119, 49681)
(354, 9, 72466)
(354, 46, 27937)
(354, 135, 22376)
(354, 6, 45449)
(355, 7, 42061)
(355, 138, 8146)
(355, 289, 63157)
(355, 262, 51219)
(355, 184, 24751)
(355, 212, 9009)
(355, 141, 16411)
(355, 173, 69798)
(355, 196, 32223)
(355, 132, 50672)
(355, 311, 55031)
(355, 63, 12850)
(355, 176, 2290)
(355, 66, 56895)
(355, 165, 41692)
(355, 133, 35097)
(355, 30, 25994)
(355, 297, 294)
(355, 5, 49394)
(355, 328, 24358)
(355, 325, 55627)
(355, 270, 67102)
(355, 12, 70230)
(355, 62, 25336)
(355, 220, 63444)
(355, 27, 2424)
(355, 186, 24622)
(355, 349, 47709)
(355, 345, 58807)
(355, 239, 3030)
(355, 60, 24716)
(355, 333, 20390)
(355, 96, 53873)
(355, 139, 45638)
(355, 61, 64567)
(355, 320, 75609)
(355, 185, 45731)
(355, 309, 58424)
(355, 228, 44337)
(355, 92, 63708)
(355, 254, 10590)
(355, 8, 28887)
(355, 107, 1652)
(355, 118, 68867)
(355, 54, 54213)
(355, 2, 71623)
(355, 272, 35158)
(355, 218, 38581)
(355, 255, 58614)
(355, 9, 18247)
(355, 300, 40877)
(355, 296, 12890)
(355, 245, 24791)
(355, 258, 68336)
(355, 283, 28729)
(355, 235, 68130)
(355, 124, 69690)
(355, 335, 53266)
(355, 13, 34317)
(355, 211, 27335)
(355, 234, 34586)
(355, 287, 27119)
(355, 146, 5811)
(355, 222, 74382)
(355, 148, 44848)
(355, 57, 48357)
(355, 3, 68945)
(355, 111, 70738)
(355, 353, 53338)
(355, 305, 72543)
(355, 126, 29957)
(355, 348, 13818)
(355, 33, 64195)
(356, 134, 33804)
(356, 291, 66412)
(356, 133, 20406)
(356, 23, 53915)
(356, 62, 45056)
(356, 287, 24232)
(356, 38, 51585)
(356, 165, 44207)
(356, 332, 35856)
(356, 199, 65447)
(356, 289, 63352)
(356, 198, 3145)
(356, 174, 25663)
(356, 247, 41856)
(356, 151, 1020)
(356, 2, 52204)
(356, 206, 59966)
(356, 283, 4670)
(356, 321, 30788)
(356, 307, 40110)
(356, 103, 64924)
(356, 279, 35623)
(356, 250, 3019)
(356, 115, 11942)
(356, 107, 21491)
(356, 72, 17364)
(356, 274, 36829)
(356, 312, 56572)
(356, 105, 51625)
(356, 326, 62171)
(356, 195, 72945)
(356, 147, 57468)
(356, 349, 5511)
(356, 152, 41881)
(356, 257, 38116)
(356, 309, 51639)
(356, 354, 63082)
(356, 219, 62350)
(356, 329, 28155)
(356, 77, 23599)
(356, 311, 41520)
(356, 51, 71271)
(356, 351, 75323)
(356, 160, 57176)
(356, 161, 51807)
(356, 266, 55989)
(356, 49, 15027)
(356, 222, 23833)
(356, 278, 33774)
(356, 156, 25912)
(356, 116, 69826)
(356, 42, 26617)
(356, 355, 60495)
(356, 139, 9411)
(356, 302, 6598)
(356, 317, 31444)
(356, 192, 20836)
(356, 93, 53691)
(356, 19, 17771)
(356, 92, 64457)
(356, 238, 18808)
(356, 0, 74833)
(356, 148, 37898)
(356, 221, 20702)
(356, 252, 27313)
(356, 284, 53014)
(356, 118, 20333)
(356, 233, 25070)
(356, 66, 11575)
(356, 99, 30723)
(356, 87, 74534)
(356, 225, 39740)
(357, 3, 22512)
(357, 209, 58871)
(357, 7, 63632)
(357, 326, 34366)
(357, 214, 68738)
(357, 188, 71324)
(357, 91, 52112)
(357, 86, 66159)
(357, 47, 45195)
(357, 10, 53387)
(357, 269, 64200)
(357, 185, 32130)
(357, 335, 66470)
(357, 177, 50073)
(357, 317, 43831)
(357, 201, 28380)
(357, 193, 10138)
(357, 300, 27229)
(357, 213, 41750)
(357, 119, 25725)
(357, 232, 10754)
(357, 134, 44224)
(357, 116, 37230)
(357, 334, 7853)
(357, 228, 38736)
(357, 339, 48217)
(357, 348, 70862)
(357, 144, 52820)
(357, 85, 16767)
(357, 220, 18067)
(357, 157, 33770)
(357, 243, 11056)
(357, 82, 42027)
(357, 233, 63168)
(357, 286, 25409)
(357, 35, 66023)
(357, 279, 19775)
(357, 105, 49364)
(357, 211, 7549)
(357, 256, 18647)
(357, 327, 72865)
(357, 196, 67970)
(357, 169, 35397)
(357, 0, 1453)
(357, 303, 68932)
(357, 14, 41002)
(357, 310, 15856)
(357, 32, 69801)
(357, 227, 36749)
(357, 4, 16134)
(357, 25, 63921)
(357, 239, 2217)
(357, 262, 69040)
(357, 299, 44202)
(357, 151, 21336)
(357, 189, 36856)
(357, 135, 41175)
(357, 246, 53052)
(357, 202, 23519)
(357, 42, 59669)
(357, 277, 14044)
(357, 122, 44451)
(357, 55, 73144)
(357, 195, 42)
(357, 170, 22744)
(357, 182, 14663)
(357, 117, 62158)
(357, 231, 64026)
(357, 205, 35757)
(357, 180, 71236)
(357, 77, 26848)
(357, 140, 69232)
(357, 197, 1163)
(357, 129, 67709)
(357, 316, 38078)
(357, 247, 16658)
(357, 29, 30487)
(357, 312, 44907)
(357, 156, 15497)
(357, 27, 69428)
(357, 248, 35406)
(357, 22, 12652)
(357, 210, 29894)
(357, 145, 69282)
(357, 261, 57976)
(357, 343, 3679)
(357, 314, 37336)
(357, 68, 17919)
(357, 41, 76113)
(357, 320, 15307)
(357, 349, 31221)
(357, 26, 57287)
(357, 136, 12126)
(357, 44, 22463)
(357, 132, 65281)
(357, 281, 70281)
(357, 24, 15268)
(357, 65, 1982)
(357, 194, 15521)
(357, 60, 68037)
(357, 222, 19656)
(357, 88, 20090)
(357, 59, 58203)
(357, 50, 8114)
(357, 257, 62618)
(357, 244, 40903)
(357, 127, 41105)
(357, 301, 1348)
(357, 179, 74288)
(357, 208, 5710)
(357, 89, 581)
(357, 84, 55227)
(357, 297, 15624)
(357, 130, 20647)
(357, 271, 68546)
(357, 120, 9270)
(357, 28, 27407)
(357, 158, 4579)
(357, 253, 20614)
(357, 332, 67711)
(357, 318, 74887)
(357, 238, 23131)
(357, 263, 23576)
(357, 346, 22771)
(357, 154, 39712)
(357, 330, 22618)
(357, 48, 14625)
(357, 290, 6768)
(357, 224, 76098)
(357, 36, 60755)
(357, 97, 43715)
(357, 291, 40709)
(357, 63, 60315)
(357, 241, 788)
(357, 264, 51581)
(357, 155, 42811)
(357, 138, 55464)
(357, 280, 18087)
(357, 142, 35095)
(357, 80, 75149)
(357, 304, 17788)
(357, 16, 55980)
(357, 161, 40397)
(357, 336, 67391)
(357, 181, 8804)
(357, 160, 70662)
(357, 17, 23776)
(357, 344, 69976)
(357, 126, 13991)
(357, 178, 53008)
(357, 163, 33515)
(357, 255, 42981)
(357, 254, 38434)
(357, 1, 27927)
(357, 118, 26805)
(357, 298, 65970)
(357, 204, 413)
(357, 99, 14342)
(357, 121, 23409)
(357, 275, 24657)
(357, 106, 24935)
(357, 347, 48648)
(357, 331, 3304)
(357, 337, 10869)
(357, 200, 2865)
(357, 53, 56910)
(357, 167, 13840)
(357, 229, 3567)
(357, 236, 49840)
(357, 309, 68900)
(357, 109, 40418)
(357, 164, 53020)
(357, 2, 33951)
(357, 273, 48878)
(357, 96, 25143)
(357, 133, 22864)
(357, 184, 4006)
(357, 215, 31022)
(357, 81, 26791)
(357, 329, 30193)
(357, 295, 36701)
(357, 308, 20859)
(357, 90, 5215)
(357, 294, 18886)
(357, 128, 39772)
(357, 49, 20724)
(357, 51, 71934)
(357, 152, 49599)
(357, 159, 16802)
(357, 66, 56939)
(357, 153, 73779)
(357, 287, 46568)
(357, 62, 23377)
(357, 225, 50367)
(357, 292, 13841)
(357, 190, 58854)
(357, 267, 36548)
(357, 76, 12226)
(357, 324, 46664)
(357, 293, 39252)
(357, 245, 49179)
(357, 237, 34897)
(357, 23, 14193)
(357, 21, 22688)
(357, 165, 14076)
(357, 206, 36687)
(357, 93, 67166)
(357, 56, 14856)
(357, 288, 41177)
(357, 289, 2221)
(357, 139, 46294)
(357, 270, 50771)
(357, 113, 67023)
(357, 276, 59006)
(357, 278, 11610)
(357, 30, 22624)
(357, 38, 1116)
(357, 107, 41268)
(357, 328, 14789)
(357, 284, 9861)
(357, 325, 8180)
(357, 54, 53628)
(357, 74, 61307)
(357, 219, 51257)
(357, 150, 44031)
(357, 166, 17793)
(357, 302, 57775)
(357, 149, 20195)
(357, 251, 63770)
(357, 175, 19354)
(357, 57, 34454)
(357, 173, 4584)
(357, 108, 61326)
(357, 6, 33327)
(357, 101, 21615)
(357, 272, 53620)
(357, 45, 4454)
(357, 306, 41255)
(357, 102, 65708)
(357, 355, 24239)
(357, 19, 36146)
(357, 46, 15461)
(357, 235, 32861)
(357, 192, 60837)
(357, 321, 74853)
(357, 39, 75484)
(357, 87, 19275)
(357, 61, 68371)
(357, 218, 54035)
(357, 98, 20279)
(358, 206, 48800)
(358, 316, 39875)
(358, 194, 56139)
(358, 54, 40230)
(358, 170, 26372)
(358, 46, 23290)
(358, 26, 21919)
(358, 222, 37288)
(358, 300, 63421)
(358, 249, 9732)
(358, 19, 47610)
(358, 55, 26108)
(358, 197, 13632)
(358, 346, 69562)
(358, 161, 36056)
(358, 14, 67905)
(358, 108, 29436)
(358, 121, 70839)
(358, 31, 26868)
(358, 3, 27691)
(358, 99, 56797)
(358, 188, 8714)
(358, 41, 11011)
(358, 288, 16901)
(358, 168, 39721)
(358, 187, 37769)
(358, 163, 15357)
(358, 242, 29768)
(358, 210, 15363)
(358, 208, 52892)
(358, 312, 14583)
(358, 219, 64389)
(358, 131, 72436)
(358, 267, 60050)
(358, 302, 7731)
(358, 266, 47920)
(358, 245, 63485)
(358, 181, 52795)
(358, 192, 19657)
(358, 110, 42534)
(358, 147, 37977)
(358, 162, 7764)
(358, 24, 34933)
(358, 313, 16354)
(358, 141, 25086)
(358, 261, 108)
(358, 25, 69716)
(358, 306, 3065)
(358, 140, 16873)
(358, 138, 56898)
(358, 38, 54163)
(358, 207, 50892)
(358, 50, 68207)
(358, 238, 62328)
(358, 78, 53482)
(358, 56, 31386)
(358, 328, 45009)
(358, 72, 48684)
(358, 159, 62827)
(358, 5, 42561)
(358, 248, 26099)
(358, 191, 68217)
(358, 223, 72745)
(358, 63, 42879)
(358, 51, 75273)
(358, 102, 47131)
(358, 12, 44883)
(358, 142, 10568)
(358, 123, 650)
(358, 215, 74689)
(358, 101, 31945)
(358, 16, 28351)
(358, 286, 29213)
(358, 154, 29576)
(358, 164, 25734)
(358, 198, 40190)
(358, 20, 68357)
(358, 357, 58160)
(358, 129, 17501)
(358, 62, 26674)
(358, 178, 4595)
(358, 295, 8328)
(358, 122, 72607)
(358, 265, 14553)
(358, 146, 65086)
(358, 137, 75062)
(358, 258, 30269)
(358, 244, 51374)
(358, 150, 29322)
(358, 80, 40146)
(358, 259, 54115)
(358, 119, 6275)
(358, 282, 41762)
(358, 9, 51955)
(358, 174, 4486)
(358, 216, 52514)
(358, 151, 2515)
(358, 120, 30020)
(358, 167, 19764)
(358, 34, 2684)
(358, 85, 58163)
(358, 149, 52979)
(358, 239, 58313)
(358, 293, 38368)
(358, 87, 75988)
(358, 173, 13231)
(358, 179, 66035)
(358, 180, 25346)
(358, 112, 44982)
(358, 351, 28081)
(358, 310, 45776)
(358, 100, 477)
(358, 48, 30685)
(358, 166, 52409)
(358, 183, 51741)
(358, 263, 64792)
(358, 204, 2307)
(358, 59, 70258)
(358, 45, 75457)
(358, 237, 36762)
(358, 349, 57076)
(358, 67, 30975)
(358, 337, 71626)
(358, 139, 61488)
(358, 118, 71524)
(358, 15, 25485)
(358, 79, 5707)
(358, 84, 65402)
(358, 58, 65575)
(358, 251, 21712)
(358, 175, 3944)
(358, 57, 68854)
(358, 136, 42203)
(358, 338, 23600)
(358, 49, 72241)
(358, 307, 36710)
(358, 268, 12144)
(358, 143, 57411)
(358, 241, 69369)
(358, 182, 61685)
(358, 128, 19805)
(358, 42, 62717)
(358, 7, 15921)
(358, 280, 12530)
(358, 43, 53923)
(358, 77, 1997)
(358, 88, 59948)
(358, 320, 18290)
(358, 165, 22652)
(358, 269, 4509)
(358, 103, 43088)
(358, 325, 45710)
(358, 111, 59592)
(358, 35, 59026)
(358, 355, 55984)
(358, 218, 18741)
(358, 335, 57291)
(358, 33, 45113)
(358, 284, 35771)
(358, 83, 52086)
(358, 327, 31374)
(358, 76, 63562)
(358, 22, 40743)
(358, 272, 30097)
(358, 260, 203)
(358, 342, 59768)
(358, 130, 32581)
(358, 287, 5263)
(358, 117, 33481)
(358, 330, 31154)
(358, 71, 47877)
(358, 200, 64303)
(358, 221, 54591)
(358, 225, 34700)
(358, 321, 56605)
(358, 94, 57128)
(358, 44, 44216)
(358, 105, 25729)
(358, 311, 15619)
(358, 11, 63673)
(358, 343, 8447)
(358, 240, 76039)
(358, 106, 31871)
(358, 0, 43709)
(358, 126, 65403)
(358, 329, 74040)
(358, 65, 76338)
(358, 326, 26930)
(358, 97, 52949)
(358, 193, 60423)
(358, 186, 62881)
(358, 199, 38538)
(358, 144, 39416)
(358, 319, 2123)
(358, 6, 35448)
(358, 190, 51046)
(358, 211, 49991)
(358, 17, 17844)
(358, 257, 25483)
(358, 213, 74739)
(358, 309, 60566)
(358, 348, 56496)
(358, 275, 24015)
(358, 189, 35375)
(358, 341, 49535)
(358, 107, 70680)
(358, 212, 47995)
(358, 228, 6896)
(358, 116, 69520)
(358, 23, 56880)
(358, 113, 64201)
(358, 220, 2664)
(358, 278, 21689)
(358, 115, 24688)
(358, 314, 73865)
(358, 156, 15566)
(358, 53, 7925)
(358, 171, 37910)
(358, 202, 46002)
(358, 125, 4711)
(358, 98, 65242)
(358, 8, 21009)
(358, 37, 69619)
(358, 356, 74761)
(358, 109, 31649)
(358, 299, 38547)
(358, 352, 36859)
(358, 281, 11040)
(358, 304, 12367)
(358, 195, 65252)
(358, 339, 28829)
(358, 124, 68944)
(358, 155, 63056)
(358, 160, 65735)
(358, 247, 37870)
(358, 226, 45486)
(358, 36, 1885)
(358, 227, 59061)
(358, 301, 3916)
(358, 253, 13180)
(358, 334, 28958)
(358, 69, 75471)
(358, 82, 54449)
(358, 152, 69795)
(358, 93, 72081)
(358, 104, 24357)
(358, 323, 28122)
(358, 47, 45625)
(358, 196, 35783)
(358, 81, 18459)
(358, 324, 38647)
(358, 205, 28755)
(358, 246, 38308)
(358, 336, 16968)
(358, 252, 29935)
(358, 236, 2146)
(358, 60, 64404)
(358, 289, 54009)
(358, 61, 36111)
(358, 345, 45217)
(358, 158, 3774)
(358, 70, 18602)
(358, 4, 67268)
(358, 145, 57575)
(358, 347, 13065)
(358, 52, 51032)
(358, 332, 63685)
(358, 92, 50261)
(358, 344, 76356)
(358, 279, 65696)
(358, 271, 5998)
(358, 134, 48349)
(358, 231, 23671)
(358, 291, 2671)
(358, 315, 61794)
(358, 350, 74914)
(358, 292, 72317)
(358, 294, 7163)
(358, 127, 25756)
(358, 305, 9120)
(358, 172, 64928)
(359, 120, 53083)
(359, 298, 12032)
(359, 46, 56741)
(359, 126, 50988)
(359, 219, 19460)
(359, 291, 76362)
(359, 98, 2814)
(359, 276, 10635)
(359, 273, 15535)
(359, 65, 50667)
(359, 155, 1390)
(359, 35, 16397)
(359, 266, 52784)
(359, 93, 37839)
(359, 346, 57800)
(359, 324, 56614)
(359, 142, 24602)
(359, 182, 63856)
(359, 279, 75929)
(359, 207, 7217)
(359, 107, 13946)
(359, 343, 3554)
(359, 217, 39133)
(359, 22, 7147)
(359, 21, 72031)
(359, 288, 8437)
(359, 151, 31045)
(359, 198, 12755)
(359, 240, 3477)
(359, 118, 56967)
(359, 63, 3325)
(359, 299, 42905)
(359, 255, 69259)
(359, 222, 65838)
(359, 292, 28174)
(359, 351, 67093)
(359, 145, 15052)
(359, 339, 23356)
(359, 254, 964)
(359, 85, 28796)
(359, 51, 46119)
(359, 112, 56520)
(359, 157, 26717)
(359, 96, 28075)
(359, 133, 23109)
(359, 55, 37266)
(359, 6, 3104)
(359, 301, 65805)
(359, 188, 26991)
(359, 1, 43253)
(359, 164, 66194)
(359, 49, 17807)
(359, 57, 23588)
(359, 196, 30587)
(359, 173, 68473)
(359, 166, 71036)
(359, 272, 13982)
(359, 20, 43744)
(359, 333, 54148)
(359, 70, 18052)
(359, 9, 67091)
(359, 129, 10111)
(359, 187, 52312)
(359, 56, 12136)
(359, 233, 18979)
(359, 250, 32273)
(359, 18, 45131)
(359, 224, 41469)
(359, 17, 43367)
(359, 174, 35960)
(359, 24, 22635)
(359, 202, 39471)
(359, 0, 47668)
(359, 83, 23229)
(359, 237, 10404)
(359, 50, 23482)
(359, 259, 25704)
(359, 327, 5096)
(359, 261, 28303)
(359, 323, 8166)
(359, 183, 71238)
(359, 218, 16079)
(359, 308, 29121)
(359, 260, 69189)
(359, 104, 59454)
(359, 331, 65586)
(359, 268, 66561)
(359, 139, 62475)
(359, 336, 68962)
(359, 147, 7979)
(359, 345, 15486)
(359, 73, 21511)
(359, 194, 41126)
(359, 87, 19116)
(359, 110, 72939)
(359, 26, 47147)
(359, 67, 40011)
(359, 184, 11186)
(359, 123, 56903)
(359, 201, 5042)
(359, 286, 21537)
(359, 176, 25878)
(359, 111, 40254)
(359, 311, 69028)
(359, 232, 15937)
(359, 303, 68706)
(359, 61, 17832)
(359, 312, 5148)
(359, 103, 32044)
(359, 108, 43515)
(359, 244, 7538)
(359, 234, 4730)
(359, 319, 74679)
(359, 297, 62332)
(359, 161, 33675)
(359, 95, 39246)
(359, 179, 16488)
(359, 47, 20725)
(359, 4, 71320)
(359, 15, 41380)
(359, 246, 41948)
(359, 205, 25852)
(359, 125, 40400)
(359, 334, 36736)
(359, 192, 17241)
(359, 134, 12602)
(359, 262, 17305)
(359, 13, 18163)
(359, 114, 9160)
(359, 25, 26670)
(359, 199, 36589)
(359, 342, 44888)
(359, 317, 68070)
(359, 271, 64013)
(359, 74, 51016)
(359, 72, 45670)
(359, 160, 56001)
(359, 253, 68288)
(359, 146, 5330)
(359, 59, 26912)
(359, 52, 28511)
(359, 322, 42679)
(359, 5, 15529)
(359, 81, 27943)
(359, 296, 13078)
(359, 14, 13139)
(359, 195, 51387)
(359, 39, 55253)
(359, 326, 824)
(359, 121, 22234)
(359, 269, 52652)
(359, 158, 16937)
(359, 340, 25413)
(359, 252, 539)
(359, 239, 4978)
(359, 200, 25327)
(359, 204, 12968)
(359, 328, 36821)
(359, 256, 11776)
(359, 241, 5132)
(359, 132, 56508)
(359, 60, 70158)
(359, 280, 6325)
(359, 168, 42538)
(359, 293, 57262)
(359, 223, 47306)
(359, 29, 70439)
(359, 318, 40746)
(359, 210, 1327)
(359, 344, 52124)
(359, 170, 72573)
(359, 71, 67180)
(359, 113, 28232)
(359, 175, 31224)
(359, 309, 42756)
(359, 2, 3746)
(359, 335, 9110)
(359, 245, 25272)
(359, 337, 59692)
(359, 152, 4969)
(359, 313, 36942)
(359, 348, 71430)
(359, 163, 53645)
(359, 115, 9668)
(359, 122, 57491)
(359, 197, 55927)
(359, 16, 12674)
(359, 265, 24169)
(360, 295, 47918)
(360, 84, 34655)
(360, 233, 21175)
(360, 73, 911)
(360, 82, 65440)
(360, 257, 69324)
(360, 179, 15764)
(360, 279, 31659)
(360, 137, 34244)
(360, 270, 22368)
(360, 345, 38473)
(360, 353, 8940)
(360, 286, 42255)
(360, 291, 43247)
(360, 142, 46071)
(360, 63, 8470)
(360, 74, 52130)
(360, 52, 35546)
(360, 114, 67465)
(360, 117, 3530)
(360, 44, 71121)
(360, 113, 19083)
(360, 65, 51214)
(360, 58, 48796)
(360, 261, 53846)
(360, 271, 51772)
(360, 322, 60798)
(360, 318, 67968)
(360, 149, 11364)
(360, 40, 46745)
(360, 190, 72671)
(360, 204, 46829)
(360, 243, 41237)
(360, 313, 19960)
(360, 331, 55176)
(360, 140, 70355)
(360, 109, 37695)
(360, 30, 73821)
(360, 276, 18226)
(360, 163, 13009)
(360, 218, 34996)
(360, 29, 963)
(360, 5, 67019)
(360, 143, 51123)
(360, 205, 18442)
(360, 118, 6153)
(360, 27, 55524)
(360, 285, 23642)
(360, 227, 54041)
(360, 110, 36815)
(360, 145, 36462)
(360, 250, 59419)
(360, 186, 26249)
(360, 225, 45890)
(360, 284, 74765)
(360, 106, 37004)
(360, 359, 363)
(360, 123, 67117)
(360, 308, 8211)
(360, 278, 72709)
(360, 136, 31080)
(360, 274, 55825)
(360, 354, 64901)
(360, 320, 6803)
(360, 18, 24335)
(360, 3, 9396)
(360, 348, 21908)
(360, 223, 57037)
(360, 130, 52493)
(360, 176, 6787)
(360, 329, 54437)
(360, 335, 41516)
(360, 11, 70398)
(360, 96, 69641)
(360, 206, 9304)
(360, 339, 1945)
(360, 9, 65556)
(360, 59, 16524)
(360, 303, 33173)
(360, 16, 63477)
(360, 47, 50246)
(360, 316, 16741)
(360, 95, 52530)
(360, 262, 38366)
(360, 357, 18323)
(360, 315, 37940)
(360, 208, 10927)
(360, 57, 43899)
(360, 187, 55949)
(360, 287, 44039)
(360, 275, 8398)
(360, 290, 16437)
(360, 330, 47988)
(360, 222, 40145)
(360, 54, 60312)
(360, 89, 24652)
(360, 267, 25083)
(360, 256, 66427)
(360, 309, 18729)
(360, 97, 57054)
(360, 356, 22633)
(360, 115, 39530)
(360, 180, 6239)
(360, 198, 24613)
(360, 183, 8624)
(360, 263, 59192)
(360, 268, 31589)
(360, 50, 53542)
(360, 23, 25708)
(360, 167, 11862)
(360, 211, 60070)
(360, 56, 48368)
(360, 346, 13563)
(360, 168, 62125)
(360, 111, 19442)
(360, 146, 27015)
(360, 33, 6115)
(360, 173, 9117)
(360, 235, 75324)
(360, 226, 8086)
(360, 77, 30048)
(360, 155, 43979)
(360, 158, 34345)
(360, 247, 51580)
(360, 20, 75439)
(360, 172, 51582)
(360, 349, 26713)
(360, 61, 25113)
(360, 1, 15276)
(360, 236, 12857)
(360, 14, 18766)
(360, 80, 15283)
(360, 301, 9385)
(360, 51, 5947)
(360, 289, 65997)
(360, 85, 30133)
(360, 68, 43060)
(360, 251, 3127)
(360, 71, 4283)
(360, 92, 62613)
(360, 238, 73721)
(360, 107, 52697)
(360, 228, 20489)
(360, 277, 9543)
(360, 160, 65683)
(360, 188, 31574)
(360, 210, 72158)
(360, 43, 49378)
(360, 272, 41811)
(360, 216, 68232)
(360, 260, 54106)
(360, 325, 16545)
(360, 64, 61100)
(360, 32, 35619)
(360, 10, 46961)
(360, 48, 38459)
(360, 76, 1430)
(360, 8, 23404)
(360, 307, 36283)
(360, 245, 46914)
(360, 66, 64986)
(360, 288, 66018)
(360, 119, 41468)
(360, 17, 17401)
(360, 259, 13918)
(360, 19, 26870)
(360, 37, 8795)
(360, 41, 14665)
(360, 49, 71457)
(360, 249, 486)
(360, 344, 43811)
(360, 6, 70567)
(360, 282, 68513)
(360, 87, 51285)
(360, 166, 55121)
(360, 174, 35235)
(360, 189, 65408)
(360, 195, 8191)
(360, 281, 37338)
(360, 148, 68734)
(360, 196, 14797)
(360, 328, 12345)
(360, 93, 44420)
(360, 283, 36917)
(360, 101, 5711)
(360, 292, 47973)
(360, 265, 54621)
(360, 81, 27337)
(360, 12, 18329)
(360, 162, 60547)
(360, 127, 19714)
(360, 55, 49230)
(360, 105, 24138)
(360, 35, 37467)
(360, 239, 56800)
(360, 327, 75772)
(360, 135, 9101)
(360, 237, 58015)
(360, 192, 11896)
(361, 93, 11658)
(361, 310, 65824)
(361, 84, 39293)
(361, 329, 10416)
(361, 309, 9734)
(361, 286, 58308)
(361, 103, 32868)
(361, 0, 61869)
(361, 250, 11175)
(361, 112, 47947)
(361, 157, 47572)
(361, 218, 67762)
(361, 140, 20351)
(361, 359, 12637)
(361, 20, 28414)
(361, 74, 36174)
(361, 166, 36321)
(361, 338, 65497)
(361, 209, 74560)
(361, 99, 37168)
(361, 274, 125)
(361, 39, 23792)
(361, 46, 15182)
(361, 185, 18672)
(361, 354, 8602)
(361, 325, 8571)
(361, 150, 33232)
(361, 154, 376)
(361, 32, 6937)
(361, 147, 42960)
(361, 126, 41573)
(361, 255, 57731)
(361, 184, 8710)
(361, 19, 9272)
(361, 51, 42220)
(361, 301, 49061)
(361, 170, 65009)
(361, 298, 49791)
(361, 321, 3955)
(361, 353, 58510)
(361, 348, 76103)
(361, 215, 66645)
(361, 96, 24415)
(361, 110, 59561)
(361, 224, 15811)
(361, 162, 52338)
(361, 124, 68418)
(361, 287, 59605)
(361, 324, 31126)
(361, 283, 22439)
(361, 273, 55780)
(361, 56, 64419)
(361, 222, 17286)
(361, 289, 50062)
(361, 290, 62734)
(361, 247, 16543)
(361, 119, 73513)
(361, 165, 30086)
(361, 237, 15896)
(361, 3, 74110)
(361, 346, 4122)
(361, 345, 62365)
(361, 272, 34118)
(361, 27, 25850)
(361, 239, 70575)
(361, 80, 68620)
(361, 254, 14650)
(361, 101, 69069)
(361, 52, 50773)
(361, 173, 73509)
(361, 198, 58551)
(361, 336, 62202)
(361, 308, 54190)
(361, 12, 34498)
(361, 90, 55535)
(361, 24, 25089)
(361, 293, 50348)
(361, 332, 54893)
(361, 323, 5698)
(361, 102, 73212)
(361, 327, 12604)
(361, 83, 76096)
(361, 75, 64489)
(361, 113, 46512)
(361, 180, 74438)
(361, 164, 38002)
(361, 194, 50126)
(361, 227, 60024)
(361, 35, 69983)
(361, 195, 25257)
(361, 1, 13945)
(361, 305, 47098)
(361, 245, 51991)
(361, 355, 23566)
(361, 238, 60930)
(361, 40, 13565)
(361, 228, 11390)
(361, 211, 1502)
(361, 189, 14378)
(361, 64, 24993)
(361, 212, 63818)
(361, 201, 46782)
(361, 97, 23190)
(361, 169, 14295)
(361, 143, 72961)
(361, 33, 28619)
(361, 111, 58485)
(361, 304, 70193)
(361, 175, 32593)
(361, 188, 33189)
(361, 281, 51865)
(361, 181, 59895)
(361, 76, 36446)
(361, 278, 38342)
(361, 136, 48586)
(361, 243, 25480)
(361, 351, 16999)
(361, 232, 53778)
(361, 337, 69383)
(361, 288, 35951)
(361, 235, 52799)
(361, 294, 52444)
(361, 334, 2216)
(361, 312, 9259)
(361, 114, 51716)
(361, 344, 72111)
(361, 268, 12948)
(361, 262, 74261)
(361, 63, 75326)
(361, 28, 10715)
(361, 303, 1002)
(361, 14, 24765)
(362, 316, 68061)
(362, 263, 64808)
(362, 347, 66157)
(362, 151, 11899)
(362, 350, 63211)
(362, 20, 57174)
(362, 7, 23505)
(362, 121, 5666)
(362, 248, 65995)
(362, 135, 49095)
(362, 215, 21804)
(362, 174, 60033)
(362, 128, 38395)
(362, 280, 34315)
(362, 216, 59577)
(362, 22, 64506)
(362, 227, 9621)
(363, 118, 70064)
(363, 285, 34316)
(363, 218, 42997)
(363, 94, 53129)
(363, 267, 7519)
(363, 7, 46591)
(363, 90, 35966)
(363, 207, 74398)
(363, 152, 2680)
(363, 313, 22177)
(363, 76, 21091)
(363, 336, 45298)
(363, 85, 2835)
(363, 116, 16895)
(363, 305, 55027)
(363, 97, 44445)
(363, 320, 6282)
(363, 314, 45510)
(363, 261, 26534)
(363, 260, 38866)
(363, 249, 60857)
(363, 120, 886)
(363, 349, 63537)
(363, 358, 67875)
(363, 252, 46728)
(363, 290, 24551)
(363, 351, 38403)
(363, 137, 4076)
(363, 10, 4808)
(363, 189, 12260)
(363, 78, 46308)
(363, 159, 47595)
(363, 276, 43180)
(363, 38, 36994)
(363, 204, 49210)
(363, 15, 44465)
(363, 331, 45870)
(363, 307, 57149)
(363, 272, 2946)
(363, 240, 67935)
(363, 242, 29068)
(363, 361, 50120)
(363, 34, 17991)
(363, 227, 69531)
(363, 141, 65872)
(363, 192, 33364)
(363, 206, 27008)
(363, 61, 29062)
(363, 199, 58503)
(363, 21, 57441)
(363, 109, 50798)
(363, 328, 51579)
(363, 196, 8406)
(363, 108, 69029)
(363, 345, 42005)
(363, 230, 68191)
(363, 195, 68720)
(363, 63, 62571)
(363, 231, 69934)
(363, 362, 13889)
(363, 46, 32270)
(363, 117, 24393)
(363, 73, 39682)
(363, 77, 1307)
(363, 45, 46726)
(363, 42, 63848)
(363, 106, 55329)
(363, 221, 75185)
(363, 309, 71291)
(363, 280, 31622)
(363, 318, 45973)
(363, 208, 32443)
(363, 271, 40226)
(363, 88, 41691)
(363, 246, 48182)
(363, 183, 19410)
(363, 67, 7137)
(363, 186, 62380)
(363, 215, 30665)
(363, 83, 72914)
(363, 122, 40283)
(363, 145, 68406)
(363, 92, 61984)
(363, 36, 61202)
(363, 301, 66006)
(363, 162, 41240)
(363, 49, 36807)
(363, 257, 67296)
(363, 334, 13003)
(363, 264, 14713)
(363, 161, 49744)
(363, 107, 2020)
(363, 178, 12165)
(363, 52, 27658)
(363, 324, 69005)
(363, 319, 20550)
(363, 176, 52540)
(363, 258, 25640)
(363, 287, 3656)
(363, 153, 26445)
(363, 298, 66578)
(363, 168, 51098)
(363, 138, 60669)
(363, 180, 20429)
(363, 279, 23263)
(363, 113, 44970)
(363, 17, 39500)
(363, 62, 5067)
(363, 82, 18490)
(363, 103, 51870)
(363, 135, 50196)
(363, 81, 5388)
(363, 48, 69666)
(363, 31, 24193)
(363, 132, 39495)
(363, 9, 16443)
(363, 25, 16428)
(363, 354, 69199)
(363, 115, 38200)
(363, 266, 43063)
(363, 205, 12594)
(363, 332, 75960)
(363, 131, 45443)
(363, 160, 66158)
(363, 315, 2843)
(363, 1, 35221)
(363, 119, 6171)
(363, 128, 3860)
(363, 155, 20978)
(363, 237, 70279)
(363, 219, 63584)
(363, 220, 6920)
(363, 188, 16837)
(363, 0, 25606)
(363, 263, 47548)
(363, 329, 27553)
(363, 235, 32238)
(363, 226, 70940)
(363, 297, 18417)
(363, 55, 25883)
(363, 72, 4272)
(363, 27, 20633)
(363, 158, 12339)
(363, 44, 74805)
(363, 57, 36264)
(363, 359, 76135)
(363, 295, 46202)
(363, 256, 63458)
(363, 248, 34515)
(363, 194, 32328)
(363, 114, 56803)
(363, 343, 42792)
(363, 13, 52897)
(363, 14, 71922)
(363, 337, 30706)
(363, 299, 33074)
(363, 184, 30910)
(363, 156, 56997)
(363, 59, 75155)
(363, 174, 51286)
(363, 269, 35663)
(363, 344, 42759)
(363, 202, 60499)
(363, 143, 46005)
(363, 79, 63991)
(363, 338, 49089)
(363, 341, 32368)
(363, 225, 46062)
(363, 212, 40965)
(363, 201, 19912)
(363, 304, 31640)
(363, 216, 65760)
(363, 69, 31946)
(363, 224, 15467)
(363, 29, 40218)
(363, 289, 29420)
(363, 356, 51972)
(363, 259, 33877)
(363, 130, 63149)
(363, 60, 36346)
(363, 223, 44543)
(363, 28, 65929)
(363, 2, 33025)
(363, 32, 11766)
(363, 255, 19855)
(363, 86, 27403)
(363, 112, 1670)
(363, 33, 18765)
(363, 51, 41150)
(363, 95, 74527)
(363, 91, 71538)
(363, 37, 14732)
(363, 84, 28497)
(363, 350, 52033)
(363, 134, 12772)
(363, 58, 57367)
(363, 254, 36379)
(363, 340, 5015)
(363, 284, 75958)
(363, 18, 23206)
(363, 157, 46004)
(363, 244, 42969)
(363, 8, 7901)
(363, 150, 63256)
(363, 24, 66340)
(363, 166, 56523)
(363, 39, 24755)
(363, 151, 75504)
(363, 326, 45291)
(363, 96, 45545)
(363, 169, 10999)
(363, 4, 63803)
(363, 232, 30093)
(363, 288, 45583)
(363, 191, 41323)
(363, 3, 63452)
(363, 339, 19673)
(363, 312, 67999)
(363, 346, 26686)
(363, 241, 73897)
(363, 136, 10079)
(363, 236, 17740)
(363, 291, 54167)
(363, 342, 72004)
(363, 101, 1676)
(363, 140, 50291)
(363, 234, 43150)
(363, 270, 16861)
(363, 327, 53842)
(363, 360, 50687)
(363, 104, 63601)
(363, 352, 60602)
(363, 148, 57869)
(363, 164, 42274)
(363, 64, 71449)
(363, 43, 9656)
(363, 303, 42486)
(363, 323, 59054)
(363, 262, 20919)
(363, 228, 17841)
(363, 147, 73040)
(363, 65, 15355)
(363, 171, 49559)
(363, 210, 55187)
(363, 99, 59270)
(363, 53, 65881)
(363, 111, 59797)
(363, 193, 10818)
(363, 40, 24882)
(363, 330, 34557)
(363, 333, 62777)
(363, 179, 48524)
(363, 209, 71233)
(363, 181, 57668)
(363, 355, 49062)
(363, 54, 4290)
(363, 56, 5359)
(363, 110, 66138)
(363, 146, 24856)
(363, 185, 57848)
(363, 100, 32790)
(363, 265, 58993)
(363, 239, 21865)
(363, 321, 13459)
(363, 68, 61597)
(363, 187, 10442)
(363, 306, 62060)
(363, 87, 36364)
(363, 173, 46520)
(364, 151, 71369)
(364, 149, 42171)
(364, 130, 28797)
(364, 241, 60788)
(364, 323, 39213)
(364, 143, 38465)
(364, 144, 20412)
(364, 76, 29582)
(364, 237, 62498)
(364, 294, 72604)
(364, 267, 62748)
(364, 188, 27539)
(364, 148, 50121)
(364, 359, 43094)
(364, 209, 22312)
(364, 262, 34812)
(364, 228, 70207)
(364, 325, 29282)
(364, 162, 42028)
(364, 202, 38734)
(364, 21, 70154)
(364, 356, 313)
(364, 63, 62633)
(364, 14, 75854)
(364, 120, 9426)
(364, 311, 54986)
(364, 276, 27235)
(364, 108, 9348)
(364, 24, 63849)
(364, 123, 45063)
(364, 72, 66420)
(364, 99, 61866)
(364, 147, 47797)
(364, 27, 75353)
(364, 110, 74989)
(364, 205, 9119)
(364, 201, 65954)
(364, 126, 23236)
(364, 77, 10470)
(364, 4, 34644)
(364, 105, 45067)
(364, 348, 73061)
(364, 119, 47693)
(364, 129, 75741)
(364, 50, 42549)
(364, 58, 58259)
(364, 297, 26748)
(364, 23, 24962)
(364, 349, 60752)
(364, 44, 42017)
(364, 255, 18515)
(364, 290, 29714)
(364, 178, 49116)
(364, 215, 5478)
(364, 214, 33710)
(364, 218, 35945)
(364, 16, 17464)
(364, 293, 51160)
(364, 185, 43830)
(364, 346, 40567)
(364, 106, 66787)
(364, 219, 34660)
(364, 198, 39195)
(364, 337, 20853)
(364, 9, 52266)
(364, 102, 4410)
(364, 132, 34203)
(364, 81, 9363)
(364, 127, 7816)
(364, 354, 34761)
(364, 190, 8558)
(364, 89, 36277)
(364, 154, 51297)
(364, 98, 16840)
(364, 167, 66875)
(364, 155, 50009)
(364, 172, 47500)
(364, 78, 47377)
(364, 334, 68751)
(364, 321, 38481)
(364, 15, 72413)
(364, 175, 73220)
(364, 363, 35488)
(364, 82, 13133)
(364, 128, 37943)
(364, 85, 69169)
(364, 207, 3219)
(364, 168, 22985)
(364, 36, 13630)
(364, 352, 60607)
(364, 115, 16160)
(364, 338, 30449)
(364, 47, 49728)
(364, 41, 10399)
(364, 174, 36390)
(364, 303, 70973)
(364, 117, 2408)
(364, 141, 19188)
(364, 94, 61092)
(364, 31, 75584)
(364, 95, 358)
(364, 118, 51400)
(364, 261, 23311)
(364, 68, 4657)
(364, 253, 27707)
(364, 157, 12213)
(364, 254, 14991)
(364, 220, 62372)
(364, 176, 1511)
(364, 246, 50176)
(364, 79, 15487)
(365, 306, 71758)
(365, 344, 38373)
(365, 270, 22299)
(365, 216, 22383)
(365, 212, 62467)
(365, 303, 55219)
(365, 258, 28067)
(365, 31, 33429)
(365, 79, 49542)
(365, 295, 14058)
(365, 67, 67400)
(365, 19, 38213)
(365, 177, 13435)
(365, 183, 60099)
(365, 56, 53824)
(365, 77, 58188)
(365, 38, 1988)
(365, 37, 29878)
(365, 134, 57459)
(365, 51, 24986)
(365, 277, 5409)
(365, 150, 12880)
(365, 225, 34077)
(365, 188, 49916)
(365, 156, 51126)
(365, 6, 1940)
(365, 110, 54153)
(365, 214, 41760)
(365, 310, 36813)
(365, 141, 30799)
(365, 315, 14781)
(365, 322, 33688)
(365, 39, 24985)
(365, 47, 71896)
(365, 298, 45004)
(365, 8, 61095)
(365, 329, 76240)
(365, 115, 48362)
(365, 172, 38988)
(365, 242, 61493)
(365, 320, 17451)
(365, 347, 44522)
(365, 125, 27625)
(365, 259, 35118)
(365, 267, 45228)
(365, 112, 44080)
(365, 202, 17434)
(365, 42, 76260)
(365, 256, 48569)
(365, 354, 53948)
(365, 98, 43379)
(365, 152, 21520)
(365, 300, 15546)
(365, 191, 69916)
(365, 155, 44002)
(365, 60, 62995)
(365, 289, 70831)
(365, 335, 51049)
(365, 278, 15973)
(365, 33, 8175)
(365, 167, 33630)
(365, 301, 6178)
(365, 314, 31301)
(365, 68, 59420)
(365, 0, 53627)
(365, 207, 57787)
(365, 213, 65441)
(365, 55, 2454)
(365, 210, 28086)
(365, 279, 57123)
(365, 252, 72352)
(365, 271, 5174)
(365, 349, 23364)
(365, 309, 15641)
(365, 157, 7627)
(365, 88, 57221)
(365, 64, 39781)
(365, 318, 10801)
(365, 316, 68496)
(365, 209, 75262)
(365, 139, 17728)
(365, 336, 72178)
(365, 137, 52954)
(365, 304, 11747)
(365, 63, 64331)
(365, 120, 46151)
(365, 184, 65193)
(365, 132, 29565)
(365, 219, 65351)
(365, 159, 61079)
(365, 190, 5593)
(365, 251, 36843)
(365, 164, 63647)
(365, 9, 19184)
(365, 353, 26010)
(365, 61, 47746)
(365, 350, 44208)
(365, 135, 8953)
(365, 185, 37692)
(365, 263, 60544)
(365, 111, 61627)
(365, 145, 23014)
(365, 81, 56538)
(366, 158, 26140)
(366, 43, 9179)
(366, 288, 39677)
(366, 146, 28247)
(366, 51, 44097)
(366, 37, 7650)
(366, 310, 9388)
(366, 152, 70861)
(366, 174, 14012)
(366, 291, 28778)
(366, 126, 39392)
(366, 17, 59717)
(366, 301, 42146)
(366, 135, 9736)
(366, 198, 27102)
(366, 49, 18914)
(366, 343, 18668)
(366, 22, 71407)
(366, 358, 61784)
(366, 19, 42781)
(366, 67, 70411)
(366, 269, 24121)
(366, 278, 25909)
(366, 356, 16869)
(366, 54, 24229)
(366, 79, 12410)
(366, 124, 27122)
(366, 169, 9753)
(366, 319, 5626)
(366, 170, 23450)
(366, 207, 58799)
(366, 75, 62902)
(366, 260, 43693)
(366, 353, 33303)
(366, 202, 50540)
(366, 247, 48393)
(366, 340, 57966)
(366, 208, 56328)
(366, 166, 16682)
(366, 228, 36010)
(366, 63, 2597)
(366, 178, 47400)
(366, 114, 75662)
(366, 209, 41845)
(366, 337, 33616)
(366, 332, 57909)
(366, 81, 47031)
(366, 276, 48864)
(366, 218, 10992)
(366, 326, 44896)
(366, 348, 45698)
(366, 309, 32352)
(366, 5, 70603)
(366, 110, 31355)
(366, 254, 56367)
(366, 219, 53431)
(366, 99, 52814)
(366, 189, 38645)
(366, 7, 12119)
(366, 58, 54750)
(366, 38, 23933)
(366, 190, 27668)
(366, 275, 1236)
(366, 302, 9904)
(366, 313, 2570)
(366, 47, 25512)
(366, 128, 7687)
(366, 153, 45110)
(366, 104, 14714)
(366, 109, 37184)
(366, 306, 19547)
(366, 188, 9617)
(366, 56, 2198)
(366, 4, 4313)
(366, 296, 67592)
(366, 335, 42757)
(366, 70, 10690)
(366, 150, 23254)
(366, 255, 66996)
(366, 107, 46781)
(366, 364, 35256)
(366, 1, 538)
(366, 334, 76358)
(366, 338, 48439)
(366, 6, 74786)
(366, 122, 50623)
(366, 92, 18492)
(366, 181, 56729)
(366, 71, 6074)
(366, 26, 51048)
(366, 193, 3598)
(366, 24, 65465)
(366, 281, 69021)
(366, 85, 46105)
(366, 136, 35879)
(366, 35, 20033)
(366, 130, 6701)
(366, 172, 35020)
(366, 108, 43665)
(366, 308, 34494)
(366, 161, 15040)
(366, 295, 46883)
(366, 286, 36943)
(366, 25, 7591)
(366, 346, 66562)
(366, 45, 43081)
(366, 265, 2326)
(366, 257, 73893)
(366, 68, 45865)
(366, 210, 32317)
(366, 89, 16700)
(366, 93, 3756)
(366, 12, 18095)
(366, 141, 70183)
(366, 272, 6830)
(366, 95, 56430)
(366, 283, 2699)
(366, 270, 53706)
(366, 280, 58679)
(366, 325, 1850)
(366, 41, 47742)
(366, 285, 36965)
(366, 76, 70903)
(366, 230, 70257)
(366, 248, 4227)
(366, 211, 41561)
(366, 263, 36339)
(366, 118, 27000)
(366, 131, 36103)
(366, 13, 8698)
(366, 192, 8891)
(366, 330, 14683)
(366, 15, 56821)
(366, 307, 9041)
(366, 274, 38590)
(366, 271, 20300)
(366, 201, 32528)
(366, 159, 73199)
(366, 352, 49691)
(366, 194, 28827)
(366, 30, 8216)
(366, 206, 5538)
(366, 324, 12828)
(366, 253, 4203)
(366, 50, 64126)
(366, 237, 42166)
(366, 231, 74810)
(366, 249, 15638)
(366, 9, 51782)
(366, 36, 58833)
(366, 94, 63908)
(366, 73, 20927)
(366, 140, 24870)
(366, 250, 63137)
(366, 98, 23512)
(366, 241, 56239)
(366, 235, 61677)
(366, 217, 42841)
(366, 232, 22656)
(366, 336, 66105)
(366, 294, 19291)
(366, 129, 12046)
(366, 116, 55759)
(366, 259, 29978)
(366, 88, 56763)
(366, 191, 73323)
(366, 299, 11256)
(366, 42, 5092)
(366, 80, 75194)
(366, 214, 24145)
(366, 314, 73153)
(366, 268, 44244)
(366, 156, 4112)
(366, 187, 72592)
(366, 243, 23369)
(366, 304, 26783)
(366, 83, 12749)
(366, 143, 41382)
(366, 157, 64575)
(366, 21, 34318)
(366, 165, 49315)
(366, 160, 69508)
(366, 205, 27282)
(366, 177, 8661)
(366, 117, 2338)
(366, 173, 62962)
(366, 363, 30563)
(366, 180, 37207)
(366, 321, 50718)
(366, 344, 5708)
(366, 123, 8518)
(366, 322, 69331)
(366, 40, 28050)
(366, 279, 42973)
(366, 52, 30702)
(366, 199, 20935)
(366, 90, 37960)
(366, 289, 1551)
(366, 229, 73097)
(366, 74, 63185)
(366, 185, 52513)
(366, 267, 16271)
(366, 48, 20737)
(366, 27, 33071)
(366, 134, 73259)
(366, 86, 18847)
(366, 318, 59159)
(366, 360, 53158)
(366, 261, 55282)
(366, 183, 30231)
(366, 200, 27116)
(366, 84, 18504)
(366, 20, 8890)
(366, 252, 26469)
(366, 87, 52156)
(366, 195, 74309)
(366, 341, 37978)
(366, 31, 28565)
(366, 233, 41355)
(366, 82, 27465)
(366, 168, 74058)
(366, 96, 42929)
(366, 347, 39512)
(366, 11, 18007)
(366, 303, 62538)
(366, 258, 76252)
(366, 245, 33262)
(366, 125, 48455)
(367, 245, 35232)
(367, 36, 4755)
(367, 54, 30516)
(367, 221, 57585)
(367, 37, 43624)
(367, 6, 52763)
(367, 280, 34680)
(367, 307, 19929)
(367, 304, 59129)
(367, 149, 22026)
(367, 343, 46200)
(367, 254, 44454)
(367, 298, 26231)
(367, 130, 32360)
(367, 265, 9211)
(367, 242, 3797)
(367, 30, 62805)
(367, 91, 47420)
(367, 318, 8159)
(367, 12, 69630)
(367, 157, 39624)
(367, 39, 38574)
(367, 24, 3198)
(367, 173, 48646)
(367, 248, 40375)
(367, 49, 49185)
(367, 286, 19975)
(367, 234, 68947)
(367, 228, 25691)
(367, 357, 71280)
(367, 103, 63234)
(367, 287, 44415)
(367, 324, 24872)
(367, 216, 53059)
(368, 98, 24729)
(368, 169, 59790)
(368, 103, 39155)
(368, 275, 17253)
(368, 354, 7)
(368, 79, 7060)
(368, 72, 29220)
(368, 258, 31390)
(368, 140, 11014)
(368, 297, 62259)
(368, 149, 44144)
(368, 158, 65632)
(368, 127, 30960)
(368, 43, 5355)
(368, 53, 68326)
(368, 10, 60942)
(368, 198, 35119)
(368, 167, 63686)
(368, 60, 25814)
(368, 309, 69493)
(368, 32, 49146)
(368, 218, 24445)
(368, 296, 32700)
(368, 250, 45286)
(368, 262, 47493)
(368, 63, 17925)
(368, 119, 34823)
(368, 11, 36675)
(368, 347, 13769)
(368, 38, 54026)
(368, 225, 63050)
(368, 205, 64346)
(368, 186, 64085)
(368, 291, 6345)
(368, 338, 62010)
(368, 17, 48191)
(368, 48, 45577)
(368, 175, 75591)
(368, 333, 14351)
(368, 171, 31747)
(368, 6, 32777)
(368, 156, 5611)
(368, 188, 2911)
(368, 128, 17904)
(368, 19, 20912)
(368, 216, 65793)
(368, 90, 39704)
(368, 114, 23636)
(368, 146, 42093)
(368, 228, 43136)
(368, 121, 46668)
(368, 1, 18670)
(368, 33, 74329)
(368, 69, 65308)
(368, 352, 75863)
(368, 86, 47534)
(368, 52, 51310)
(368, 320, 13245)
(368, 315, 2531)
(368, 31, 6172)
(368, 365, 37113)
(368, 348, 46727)
(368, 324, 31930)
(368, 299, 61062)
(368, 152, 39493)
(368, 222, 51054)
(368, 331, 29979)
(368, 272, 43071)
(368, 7, 49798)
(368, 132, 60349)
(368, 283, 3651)
(368, 180, 15825)
(368, 80, 38580)
(368, 349, 20953)
(368, 159, 65261)
(368, 235, 5888)
(368, 288, 55378)
(368, 77, 57892)
(368, 242, 21518)
(368, 41, 7882)
(368, 113, 38845)
(368, 24, 9805)
(368, 174, 68287)
(368, 200, 36681)
(368, 50, 11544)
(368, 232, 44608)
(368, 267, 53614)
(368, 325, 7058)
(368, 109, 12810)
(368, 155, 20085)
(368, 298, 40189)
(368, 261, 73004)
(368, 362, 20540)
(368, 30, 74607)
(368, 226, 48145)
(368, 202, 41752)
(368, 265, 47897)
(368, 112, 14528)
(368, 173, 67856)
(368, 191, 30146)
(368, 78, 26238)
(368, 157, 27409)
(368, 39, 50981)
(368, 106, 5243)
(368, 229, 46181)
(368, 8, 25217)
(368, 270, 12287)
(368, 56, 32716)
(368, 212, 25244)
(368, 366, 43708)
(368, 260, 54544)
(368, 268, 11873)
(368, 88, 55728)
(368, 36, 50439)
(368, 249, 51818)
(368, 208, 37325)
(368, 259, 5566)
(368, 99, 39328)
(368, 179, 73337)
(368, 342, 2345)
(368, 35, 3426)
(368, 21, 64060)
(368, 176, 4981)
(368, 135, 19189)
(368, 117, 10541)
(368, 358, 48226)
(368, 5, 4011)
(368, 95, 50887)
(368, 271, 10393)
(368, 120, 12212)
(368, 64, 4549)
(368, 97, 25295)
(368, 253, 1122)
(368, 65, 27199)
(368, 300, 12405)
(368, 332, 56378)
(368, 224, 51910)
(368, 310, 6935)
(368, 142, 59028)
(368, 192, 16094)
(368, 68, 30474)
(368, 73, 21064)
(368, 44, 42773)
(368, 27, 21938)
(368, 87, 31151)
(368, 144, 51650)
(368, 227, 68486)
(368, 14, 2994)
(368, 305, 75368)
(368, 252, 38924)
(368, 118, 70798)
(368, 110, 61284)
(368, 195, 30327)
(368, 197, 39541)
(368, 57, 71633)
(368, 245, 37093)
(368, 84, 16340)
(368, 257, 57899)
(368, 274, 61871)
(368, 122, 29877)
(368, 340, 20781)
(368, 287, 47941)
(368, 107, 19750)
(368, 190, 49727)
(368, 116, 27075)
(368, 323, 22533)
(368, 0, 11384)
(368, 239, 33613)
(368, 319, 67181)
(368, 217, 47690)
(368, 308, 8769)
(368, 47, 21179)
(368, 104, 7204)
(368, 246, 76408)
(368, 337, 54655)
(368, 238, 66261)
(368, 3, 32677)
(368, 359, 66257)
(368, 306, 2412)
(368, 165, 74642)
(368, 67, 49191)
(368, 363, 15028)
(368, 29, 59867)
(368, 82, 632)
(368, 182, 51184)
(368, 307, 32696)
(368, 326, 34192)
(368, 143, 33791)
(368, 193, 5008)
(368, 42, 34094)
(368, 185, 62810)
(368, 83, 6004)
(368, 255, 47954)
(368, 23, 64745)
(368, 221, 25370)
(368, 241, 56526)
(368, 211, 28206)
(368, 187, 26268)
(368, 61, 32927)
(368, 276, 37478)
(368, 138, 58293)
(368, 209, 22889)
(368, 244, 73342)
(368, 281, 66624)
(368, 292, 44799)
(368, 279, 29874)
(368, 350, 604)
(368, 154, 21335)
(368, 55, 6050)
(368, 343, 37707)
(368, 111, 13316)
(368, 280, 35878)
(368, 302, 38829)
(368, 360, 13892)
(368, 75, 72016)
(368, 115, 18130)
(368, 93, 22164)
(368, 204, 19065)
(368, 133, 14201)
(368, 13, 71023)
(368, 51, 30633)
(368, 162, 33506)
(368, 254, 64930)
(368, 62, 38024)
(368, 311, 32560)
(368, 364, 38517)
(368, 213, 23662)
(368, 136, 25393)
(368, 215, 529)
(368, 76, 57624)
(368, 148, 39013)
(368, 91, 72888)
(368, 304, 51467)
(368, 66, 30974)
(368, 178, 65377)
(368, 45, 18137)
(368, 266, 5670)
(368, 141, 38265)
(368, 181, 29849)
(368, 273, 64523)
(368, 234, 41868)
(368, 231, 355)
(368, 294, 21528)
(368, 322, 44520)
(368, 301, 18895)
(368, 164, 9346)
(368, 335, 44253)
(368, 9, 65500)
(368, 256, 12156)
(368, 160, 29269)
(368, 317, 52150)
(368, 230, 5535)
(368, 89, 14877)
(368, 247, 4187)
(368, 100, 29205)
(368, 150, 43914)
(368, 336, 72852)
(368, 194, 50835)
(368, 15, 5312)
(368, 327, 48676)
(368, 46, 17546)
(368, 233, 63586)
(368, 303, 18334)
(368, 131, 30840)
(368, 92, 75022)
(368, 314, 8579)
(368, 20, 16522)
(368, 105, 41427)
(368, 184, 28249)
(368, 147, 34490)
(368, 351, 10786)
(368, 367, 68789)
(368, 269, 75953)
(368, 277, 56256)
(368, 356, 14742)
(368, 248, 9941)
(368, 137, 27427)
(368, 49, 31662)
(368, 289, 21381)
(368, 357, 63993)
(368, 199, 52923)
(368, 237, 6265)
(368, 330, 5614)
(368, 161, 14944)
(368, 94, 499)
(368, 125, 71897)
(368, 123, 16502)
(368, 223, 18865)
(368, 329, 547)
(368, 130, 56504)
(368, 28, 31066)
(368, 201, 55196)
(368, 151, 52277)
(368, 284, 2312)
(368, 12, 11339)
(368, 22, 13307)
(368, 334, 10882)
(368, 34, 39301)
(368, 278, 7671)
(368, 54, 47308)
(368, 85, 40868)
(368, 166, 13701)
(368, 37, 50312)
(368, 282, 14237)
(368, 321, 55123)
(368, 207, 28607)
(368, 134, 59636)
(368, 139, 32116)
(368, 328, 57214)
(368, 318, 30361)
(368, 71, 38773)
(368, 240, 71140)
(368, 361, 29234)
(368, 341, 14521)
(368, 286, 74385)
(368, 220, 69710)
(368, 345, 76263)
(368, 236, 12449)
(368, 170, 4484)
(369, 158, 25342)
(369, 27, 23608)
(369, 359, 49043)
(369, 234, 65868)
(369, 117, 13971)
(369, 190, 59417)
(369, 353, 37254)
(369, 244, 33739)
(369, 247, 62217)
(369, 291, 57905)
(369, 214, 17301)
(369, 289, 41687)
(369, 39, 28425)
(369, 240, 67231)
(369, 346, 46143)
(369, 249, 24790)
(369, 224, 13152)
(369, 92, 34242)
(369, 104, 4028)
(369, 132, 59706)
(369, 213, 67466)
(369, 222, 1136)
(369, 351, 10629)
(369, 183, 51401)
(369, 99, 64864)
(369, 60, 31455)
(369, 208, 66926)
(369, 271, 56760)
(369, 14, 26507)
(369, 198, 21002)
(369, 18, 72724)
(369, 118, 50546)
(369, 43, 33743)
(369, 23, 74631)
(369, 170, 68446)
(369, 281, 1858)
(369, 216, 1241)
(369, 8, 17760)
(369, 203, 56004)
(369, 312, 70168)
(369, 93, 3531)
(369, 169, 44078)
(369, 54, 7080)
(369, 276, 24324)
(369, 71, 73565)
(369, 320, 72708)
(369, 111, 6274)
(369, 365, 43005)
(369, 96, 67407)
(369, 368, 16082)
(369, 76, 19111)
(369, 20, 51872)
(369, 322, 36294)
(369, 232, 39177)
(369, 17, 53974)
(369, 204, 74243)
(369, 63, 27342)
(369, 61, 55332)
(369, 22, 64528)
(369, 245, 66001)
(369, 226, 30602)
(369, 338, 25879)
(369, 91, 21497)
(369, 278, 10060)
(369, 304, 28027)
(369, 194, 13455)
(369, 308, 58516)
(369, 166, 5085)
(369, 231, 10179)
(369, 211, 73297)
(369, 98, 49103)
(369, 65, 19337)
(369, 266, 40529)
(369, 156, 27737)
(369, 6, 63701)
(369, 177, 54639)
(369, 280, 63295)
(369, 311, 31084)
(369, 40, 6135)
(369, 288, 44835)
(369, 3, 15264)
(369, 9, 37568)
(369, 217, 52249)
(369, 67, 73067)
(369, 58, 16598)
(369, 130, 58759)
(369, 10, 53370)
(369, 286, 34459)
(369, 84, 17206)
(369, 97, 12820)
(369, 297, 21168)
(369, 51, 64161)
(369, 73, 62851)
(369, 125, 21500)
(369, 268, 70287)
(369, 215, 8992)
(369, 95, 73401)
(369, 66, 11867)
(369, 56, 18189)
(369, 174, 19875)
(369, 273, 27035)
(369, 257, 37833)
(369, 305, 45654)
(369, 176, 53998)
(369, 253, 53383)
(369, 171, 74022)
(369, 279, 60504)
(369, 87, 47022)
(369, 100, 41314)
(369, 265, 2667)
(369, 205, 44732)
(369, 362, 60549)
(369, 13, 39521)
(369, 298, 49589)
(369, 267, 11705)
(369, 299, 22806)
(369, 77, 51815)
(369, 342, 50118)
(369, 142, 7281)
(369, 323, 54547)
(369, 316, 44404)
(369, 115, 42462)
(369, 38, 69192)
(369, 128, 20)
(369, 155, 69340)
(369, 33, 3155)
(370, 12, 34313)
(370, 133, 22472)
(370, 47, 23918)
(370, 21, 5212)
(370, 328, 13322)
(370, 169, 62647)
(370, 64, 73133)
(370, 119, 22385)
(370, 223, 13172)
(370, 187, 34329)
(370, 247, 49377)
(370, 51, 10828)
(370, 349, 38077)
(370, 209, 55827)
(370, 322, 67002)
(370, 297, 267)
(370, 310, 21095)
(370, 118, 9076)
(370, 296, 73048)
(370, 97, 54616)
(370, 330, 52877)
(370, 49, 41644)
(370, 45, 66)
(370, 309, 4452)
(370, 292, 67004)
(370, 185, 74531)
(370, 115, 23971)
(370, 57, 69147)
(370, 126, 68454)
(370, 225, 75234)
(370, 141, 64955)
(370, 158, 62208)
(370, 43, 46772)
(370, 33, 4002)
(371, 201, 29636)
(371, 24, 21581)
(371, 94, 54027)
(371, 60, 20518)
(371, 309, 29463)
(371, 231, 24927)
(371, 68, 62809)
(371, 69, 42237)
(371, 16, 48821)
(371, 216, 24944)
(371, 75, 29360)
(371, 153, 18395)
(371, 22, 48558)
(371, 137, 69873)
(371, 38, 49447)
(371, 4, 64753)
(371, 54, 53564)
(371, 5, 54738)
(371, 300, 41782)
(371, 237, 28150)
(371, 217, 60818)
(371, 156, 61952)
(371, 227, 34841)
(371, 143, 26147)
(371, 46, 39759)
(371, 334, 147)
(371, 97, 33962)
(371, 172, 35510)
(371, 161, 9349)
(371, 268, 38416)
(371, 228, 44854)
(371, 324, 47674)
(371, 320, 62936)
(371, 155, 18185)
(371, 337, 26577)
(371, 109, 48628)
(371, 151, 26772)
(371, 141, 19035)
(371, 290, 13175)
(371, 222, 8053)
(371, 246, 22105)
(371, 185, 41123)
(371, 175, 384)
(371, 39, 13807)
(371, 0, 48968)
(371, 134, 30869)
(371, 86, 43977)
(371, 206, 24533)
(371, 310, 71859)
(371, 112, 20339)
(371, 31, 50531)
(371, 236, 76143)
(371, 53, 44425)
(371, 105, 42234)
(371, 323, 67371)
(371, 78, 35800)
(371, 354, 17142)
(371, 281, 75812)
(371, 286, 21820)
(371, 270, 1910)
(371, 192, 51946)
(371, 277, 72292)
(371, 254, 3230)
(371, 274, 21727)
(371, 330, 11531)
(371, 163, 33016)
(371, 315, 8613)
(371, 58, 39837)
(371, 164, 18975)
(371, 211, 46838)
(371, 311, 71183)
(371, 13, 23443)
(371, 160, 58640)
(371, 358, 34364)
(371, 336, 71197)
(371, 42, 30003)
(371, 249, 24690)
(371, 196, 19639)
(371, 56, 55830)
(371, 61, 71790)
(371, 265, 50342)
(371, 147, 59271)
(371, 198, 16657)
(371, 275, 24288)
(371, 123, 56149)
(371, 238, 4462)
(371, 357, 44278)
(371, 365, 67924)
(371, 107, 44898)
(371, 43, 29585)
(371, 242, 29233)
(371, 369, 61578)
(371, 135, 20591)
(371, 66, 22573)
(371, 301, 29969)
(371, 256, 73654)
(371, 20, 1138)
(371, 62, 8835)
(371, 110, 22227)
(371, 167, 10118)
(371, 232, 65993)
(371, 316, 17428)
(371, 295, 26036)
(371, 104, 4728)
(371, 342, 71368)
(371, 313, 36322)
(371, 331, 62000)
(371, 176, 64477)
(371, 190, 13238)
(371, 203, 32048)
(371, 328, 57610)
(371, 266, 71668)
(371, 188, 61214)
(371, 6, 52000)
(371, 166, 56053)
(371, 65, 56391)
(371, 120, 59941)
(371, 207, 63499)
(371, 184, 9685)
(371, 189, 18829)
(371, 178, 29720)
(371, 136, 30206)
(371, 356, 22980)
(371, 145, 67609)
(371, 165, 61949)
(371, 99, 31576)
(371, 322, 47029)
(371, 218, 39292)
(371, 84, 15175)
(371, 351, 33381)
(371, 152, 62053)
(371, 148, 14453)
(371, 89, 59657)
(371, 52, 33979)
(371, 27, 19978)
(371, 85, 62922)
(371, 299, 38094)
(371, 199, 46574)
(371, 106, 42265)
(371, 102, 49167)
(371, 312, 49143)
(371, 157, 22777)
(371, 12, 41671)
(371, 233, 33723)
(371, 271, 24298)
(371, 276, 7701)
(371, 325, 64332)
(371, 321, 56558)
(371, 159, 75158)
(371, 57, 2457)
(371, 221, 30583)
(371, 287, 24553)
(371, 87, 55619)
(371, 250, 48759)
(371, 19, 48716)
(371, 361, 63977)
(371, 182, 32801)
(371, 25, 10846)
(371, 26, 25005)
(371, 186, 39278)
(371, 170, 27185)
(371, 130, 51096)
(371, 177, 70674)
(371, 174, 70147)
(371, 225, 55409)
(371, 317, 34541)
(371, 248, 67719)
(371, 353, 8322)
(371, 63, 64623)
(371, 124, 75014)
(371, 90, 21784)
(371, 344, 19252)
(371, 345, 47600)
(371, 1, 46124)
(371, 285, 58564)
(371, 17, 3150)
(371, 45, 20280)
(371, 289, 8627)
(371, 179, 38890)
(371, 360, 7043)
(371, 367, 19297)
(371, 79, 46445)
(372, 46, 52600)
(372, 239, 7876)
(372, 225, 52223)
(372, 166, 57446)
(372, 171, 15480)
(372, 275, 73956)
(372, 312, 32416)
(372, 125, 65044)
(372, 363, 74470)
(372, 43, 27662)
(372, 218, 49974)
(372, 250, 70379)
(372, 256, 64360)
(372, 338, 46849)
(372, 237, 62658)
(372, 209, 62342)
(372, 336, 5341)
(372, 52, 34729)
(372, 91, 17449)
(372, 357, 10819)
(372, 181, 51294)
(372, 165, 33089)
(372, 107, 62275)
(372, 305, 64926)
(372, 54, 60432)
(372, 24, 2896)
(372, 6, 3335)
(372, 123, 63766)
(372, 151, 33503)
(372, 162, 43301)
(372, 193, 69685)
(372, 104, 69018)
(372, 55, 31753)
(372, 82, 1297)
(372, 148, 7708)
(372, 277, 1085)
(372, 16, 63327)
(372, 187, 44199)
(372, 23, 39477)
(372, 42, 63777)
(372, 131, 24507)
(372, 360, 40320)
(372, 249, 61555)
(372, 22, 68897)
(372, 207, 22694)
(372, 0, 28554)
(372, 164, 58254)
(372, 295, 23006)
(372, 159, 29104)
(372, 65, 13063)
(372, 252, 34645)
(372, 129, 19456)
(372, 75, 37174)
(372, 145, 22940)
(372, 212, 35292)
(372, 100, 7566)
(372, 45, 55006)
(372, 130, 15135)
(372, 206, 17235)
(372, 27, 31581)
(372, 190, 71584)
(372, 184, 26363)
(372, 349, 22903)
(372, 48, 24990)
(372, 198, 10960)
(372, 342, 14824)
(372, 93, 66828)
(372, 224, 27497)
(372, 191, 3734)
(372, 97, 39043)
(372, 35, 42300)
(372, 283, 21259)
(372, 119, 9700)
(372, 9, 31831)
(372, 348, 59332)
(372, 369, 27567)
(372, 153, 71889)
(372, 204, 51747)
(372, 195, 31957)
(372, 231, 2459)
(372, 103, 54602)
(372, 72, 37405)
(372, 292, 58873)
(372, 29, 15575)
(372, 361, 3358)
(372, 189, 34012)
(372, 213, 24179)
(372, 243, 6042)
(372, 94, 59795)
(372, 111, 19545)
(372, 174, 34219)
(372, 74, 65329)
(372, 263, 22548)
(372, 248, 30395)
(372, 269, 53773)
(372, 67, 20812)
(372, 89, 9774)
(372, 284, 67972)
(372, 370, 8026)
(372, 335, 33266)
(372, 214, 10687)
(372, 32, 32300)
(372, 7, 63679)
(372, 101, 63867)
(372, 247, 36365)
(372, 34, 28468)
(372, 364, 58538)
(372, 66, 14139)
(372, 208, 24172)
(372, 172, 7955)
(372, 78, 68240)
(372, 304, 72130)
(372, 201, 39858)
(372, 334, 55427)
(372, 227, 25149)
(372, 169, 68086)
(372, 84, 8392)
(372, 77, 16297)
(372, 115, 15295)
(372, 326, 51743)
(372, 124, 65311)
(372, 58, 13599)
(372, 116, 14769)
(372, 140, 7514)
(372, 197, 56725)
(372, 141, 35560)
(372, 367, 25460)
(372, 299, 75974)
(372, 25, 73660)
(372, 279, 11702)
(372, 33, 13348)
(372, 175, 1706)
(372, 163, 9578)
(372, 321, 15897)
(372, 182, 19109)
(372, 238, 37499)
(372, 240, 18751)
(372, 271, 40085)
(372, 70, 50609)
(372, 331, 17152)
(372, 110, 12228)
(372, 330, 25799)
(372, 61, 10933)
(372, 118, 64578)
(372, 30, 32491)
(372, 302, 41086)
(372, 296, 41696)
(372, 3, 67881)
(372, 220, 72500)
(372, 322, 16745)
(372, 158, 44277)
(372, 339, 20601)
(372, 366, 46990)
(372, 229, 55592)
(372, 126, 58652)
(372, 352, 71555)
(372, 31, 10391)
(372, 253, 36385)
(372, 320, 43422)
(372, 274, 37698)
(372, 170, 64010)
(372, 15, 27551)
(372, 138, 4806)
(372, 69, 27582)
(372, 215, 34765)
(372, 28, 31285)
(372, 324, 2378)
(372, 5, 61801)
(372, 294, 50578)
(372, 157, 6435)
(372, 270, 19526)
(372, 109, 38220)
(372, 327, 56124)
(372, 276, 63370)
(372, 79, 7103)
(372, 246, 34070)
(372, 154, 35994)
(372, 306, 67415)
(372, 167, 66108)
(372, 228, 13585)
(372, 21, 75565)
(372, 203, 61659)
(372, 337, 4802)
(372, 146, 76187)
(372, 178, 64104)
(372, 267, 36861)
(372, 344, 17663)
(372, 98, 25753)
(372, 95, 58790)
(372, 83, 18416)
(372, 219, 37921)
(372, 41, 58105)
(372, 51, 10805)
(372, 44, 47523)
(372, 317, 72902)
(372, 199, 9245)
(372, 300, 18159)
(372, 112, 21041)
(372, 161, 35433)
(372, 298, 65343)
(372, 132, 66336)
(372, 365, 40454)
(372, 258, 11919)
(372, 71, 66642)
(372, 127, 22120)
(372, 244, 71361)
(372, 354, 42651)
(372, 281, 66250)
(372, 87, 27165)
(372, 323, 37542)
(372, 92, 63873)
(372, 150, 75837)
(372, 134, 62655)
(372, 10, 19902)
(372, 196, 74460)
(372, 105, 60061)
(372, 318, 4995)
(372, 63, 31566)
(372, 289, 14369)
(372, 57, 73470)
(372, 160, 61339)
(372, 102, 32944)
(372, 179, 52657)
(372, 293, 68390)
(372, 265, 54879)
(373, 231, 48519)
(373, 128, 55562)
(373, 254, 61174)
(373, 37, 22904)
(373, 219, 52721)
(373, 265, 11805)
(373, 279, 51474)
(373, 185, 24649)
(373, 298, 15765)
(373, 111, 56461)
(373, 192, 34342)
(373, 318, 48173)
(373, 28, 68316)
(373, 182, 13436)
(373, 259, 14337)
(373, 249, 14239)
(373, 50, 67882)
(373, 199, 55291)
(373, 0, 15832)
(373, 316, 53194)
(373, 214, 8168)
(373, 252, 52525)
(373, 54, 48259)
(373, 213, 18767)
(373, 207, 30531)
(373, 276, 50935)
(373, 69, 16207)
(373, 336, 63447)
(373, 338, 4172)
(373, 257, 66195)
(373, 125, 72007)
(373, 166, 50817)
(373, 280, 7284)
(373, 232, 49270)
(373, 320, 30210)
(373, 22, 56488)
(373, 216, 13422)
(373, 302, 38782)
(373, 217, 67831)
(373, 194, 35640)
(373, 228, 54512)
(373, 85, 60546)
(373, 188, 58227)
(373, 287, 24217)
(373, 331, 36679)
(373, 317, 31377)
(373, 237, 18483)
(373, 9, 556)
(373, 62, 8550)
(373, 99, 3184)
(373, 98, 39325)
(373, 150, 14616)
(373, 43, 59691)
(373, 269, 52612)
(373, 87, 1040)
(373, 369, 29571)
(373, 303, 9634)
(373, 135, 6029)
(373, 121, 34224)
(373, 345, 59115)
(373, 49, 2724)
(373, 307, 73006)
(373, 323, 22760)
(373, 312, 36680)
(373, 210, 38705)
(373, 245, 23213)
(373, 342, 73380)
(373, 186, 43492)
(373, 221, 70256)
(373, 229, 34238)
(373, 81, 15584)
(373, 251, 44995)
(373, 357, 57097)
(373, 6, 25956)
(373, 67, 68401)
(373, 60, 50933)
(373, 179, 16787)
(373, 17, 3410)
(373, 33, 53959)
(373, 177, 74160)
(373, 321, 11422)
(373, 107, 14658)
(373, 296, 13929)
(373, 292, 39496)
(373, 290, 12184)
(373, 325, 25280)
(373, 273, 1785)
(373, 234, 66312)
(373, 122, 21429)
(373, 301, 33624)
(373, 159, 2771)
(373, 143, 5975)
(373, 45, 22343)
(373, 178, 63722)
(373, 11, 48922)
(373, 160, 20811)
(373, 79, 36105)
(373, 171, 65016)
(373, 359, 60832)
(373, 196, 68416)
(373, 283, 37156)
(373, 300, 44891)
(373, 240, 8444)
(373, 326, 7767)
(373, 266, 75764)
(373, 129, 46486)
(373, 282, 41398)
(373, 230, 75199)
(373, 356, 45679)
(373, 344, 28771)
(373, 102, 20316)
(373, 291, 63382)
(373, 105, 10586)
(373, 264, 48977)
(373, 314, 75500)
(373, 250, 41354)
(373, 181, 57866)
(373, 162, 14180)
(373, 324, 39009)
(373, 2, 63146)
(373, 263, 12316)
(373, 274, 42390)
(373, 363, 74507)
(373, 204, 2226)
(373, 244, 67506)
(373, 142, 17877)
(373, 170, 2560)
(373, 354, 22726)
(373, 115, 75464)
(373, 197, 66410)
(373, 189, 16881)
(373, 154, 76432)
(373, 38, 34633)
(373, 322, 7635)
(373, 349, 47347)
(373, 215, 13146)
(373, 183, 20871)
(373, 56, 70375)
(373, 309, 65071)
(373, 268, 19464)
(373, 55, 57956)
(373, 144, 57017)
(373, 295, 15348)
(373, 332, 39290)
(373, 310, 37232)
(373, 126, 22498)
(373, 187, 74200)
(373, 75, 25075)
(373, 340, 9292)
(373, 261, 7233)
(373, 224, 66384)
(373, 165, 21370)
(373, 74, 57579)
(373, 24, 8541)
(373, 16, 61463)
(373, 315, 60947)
(373, 339, 63551)
(373, 337, 10210)
(373, 44, 43486)
(373, 137, 73692)
(373, 235, 8313)
(373, 108, 13404)
(373, 31, 2236)
(373, 370, 14331)
(373, 48, 3151)
(373, 140, 56667)
(373, 278, 31180)
(373, 218, 1418)
(373, 335, 27880)
(373, 201, 74418)
(373, 198, 39472)
(373, 89, 20163)
(373, 275, 62065)
(374, 167, 9708)
(374, 354, 64944)
(374, 43, 61467)
(374, 60, 42842)
(374, 113, 3282)
(374, 345, 34712)
(374, 252, 25379)
(374, 289, 34294)
(374, 127, 7877)
(374, 237, 74358)
(374, 63, 49973)
(374, 9, 28444)
(374, 241, 33469)
(374, 65, 15845)
(374, 332, 38760)
(374, 97, 43483)
(374, 175, 61259)
(374, 243, 31167)
(374, 95, 58722)
(374, 44, 47406)
(374, 301, 52601)
(374, 176, 53792)
(374, 144, 59624)
(374, 165, 4867)
(374, 19, 65)
(374, 61, 4962)
(374, 293, 27059)
(374, 344, 68040)
(374, 340, 30266)
(374, 186, 24844)
(374, 182, 25354)
(374, 100, 62916)
(374, 341, 8909)
(374, 133, 30738)
(374, 27, 5)
(374, 372, 43716)
(374, 17, 62781)
(374, 137, 32086)
(374, 134, 74259)
(374, 160, 37871)
(374, 72, 55128)
(374, 205, 19856)
(374, 86, 16467)
(374, 258, 75700)
(374, 42, 13472)
(374, 118, 70339)
(374, 272, 63829)
(374, 59, 66497)
(374, 174, 5233)
(374, 156, 53479)
(374, 32, 19579)
(374, 128, 64400)
(374, 326, 34641)
(374, 124, 8364)
(374, 38, 7827)
(374, 314, 23767)
(374, 220, 45882)
(374, 126, 47434)
(374, 282, 63027)
(374, 246, 17177)
(374, 346, 60995)
(374, 147, 75821)
(374, 361, 74144)
(374, 322, 66801)
(374, 327, 50067)
(374, 215, 67355)
(374, 211, 37990)
(374, 200, 9161)
(374, 298, 21740)
(374, 157, 29122)
(374, 36, 19871)
(374, 337, 73210)
(374, 261, 52806)
(374, 2, 38063)
(374, 320, 40087)
(374, 76, 49770)
(374, 231, 24071)
(374, 110, 15006)
(374, 202, 53378)
(374, 16, 56756)
(374, 14, 21853)
(374, 163, 75310)
(374, 232, 15112)
(374, 265, 39597)
(374, 296, 33849)
(374, 184, 1110)
(374, 35, 39933)
(374, 273, 22444)
(374, 107, 57201)
(374, 319, 7123)
(374, 238, 46087)
(374, 146, 67910)
(374, 188, 44494)
(374, 11, 42947)
(374, 223, 10164)
(374, 135, 25337)
(374, 120, 35995)
(374, 122, 35956)
(374, 297, 69339)
(374, 108, 14274)
(374, 263, 62821)
(374, 1, 59017)
(374, 105, 22225)
(374, 74, 24213)
(374, 285, 22378)
(374, 350, 36288)
(374, 207, 26558)
(374, 194, 40812)
(374, 317, 26022)
(374, 208, 48278)
(374, 111, 11773)
(374, 371, 64111)
(374, 210, 36401)
(374, 106, 26737)
(374, 15, 47850)
(374, 271, 3826)
(374, 240, 42344)
(374, 131, 73158)
(374, 112, 8827)
(374, 235, 72525)
(374, 329, 72796)
(374, 130, 75004)
(374, 185, 46921)
(374, 58, 28849)
(374, 303, 41494)
(374, 259, 14325)
(374, 87, 23020)
(374, 226, 73126)
(374, 143, 39126)
(374, 47, 26091)
(374, 221, 31222)
(374, 364, 11723)
(374, 57, 5938)
(374, 336, 68009)
(374, 172, 1979)
(374, 233, 58088)
(374, 267, 38583)
(374, 46, 21209)
(374, 342, 61161)
(374, 123, 29462)
(374, 339, 71020)
(374, 331, 74799)
(374, 92, 54601)
(374, 230, 11252)
(374, 132, 71373)
(374, 3, 29248)
(374, 355, 67522)
(374, 34, 74630)
(374, 191, 35981)
(374, 51, 68231)
(374, 12, 3581)
(374, 166, 25017)
(374, 309, 755)
(374, 274, 35023)
(374, 101, 48925)
(374, 37, 500)
(374, 148, 38216)
(374, 242, 55798)
(374, 236, 4251)
(374, 367, 8534)
(374, 145, 24715)
(374, 183, 32306)
(374, 328, 20882)
(374, 270, 16729)
(374, 275, 36225)
(374, 54, 49190)
(374, 310, 74850)
(374, 325, 33122)
(374, 279, 59501)
(374, 229, 30417)
(374, 370, 71743)
(374, 40, 54029)
(374, 56, 21489)
(374, 75, 24332)
(374, 251, 52789)
(374, 203, 73168)
(374, 164, 60011)
(374, 178, 45118)
(374, 170, 37806)
(374, 21, 38012)
(374, 31, 37423)
(374, 299, 21671)
(374, 71, 38826)
(374, 312, 53925)
(374, 300, 990)
(374, 102, 74125)
(374, 85, 71698)
(374, 335, 67154)
(374, 278, 45099)
(374, 284, 73435)
(374, 255, 354)
(374, 358, 55343)
(374, 260, 2851)
(374, 28, 56418)
(374, 119, 27365)
(374, 68, 74416)
(374, 307, 30930)
(374, 84, 17575)
(374, 250, 66478)
(374, 45, 57165)
(374, 20, 24413)
(374, 291, 67021)
(374, 302, 72807)
(374, 353, 17082)
(374, 294, 33278)
(374, 305, 75943)
(374, 292, 14273)
(374, 348, 117)
(374, 4, 46013)
(374, 228, 24333)
(374, 22, 46887)
(374, 196, 48976)
(374, 109, 24345)
(374, 245, 27620)
(374, 153, 15419)
(374, 264, 20376)
(374, 288, 1518)
(374, 155, 71329)
(374, 227, 49759)
(374, 30, 30232)
(374, 365, 53188)
(374, 224, 40474)
(374, 8, 8412)
(374, 104, 54406)
(374, 254, 21823)
(374, 177, 10420)
(374, 82, 3605)
(374, 41, 10929)
(374, 173, 5675)
(374, 368, 49888)
(374, 67, 41034)
(374, 142, 42384)
(374, 257, 29103)
(374, 62, 54033)
(374, 195, 26391)
(374, 179, 25499)
(374, 161, 19954)
(374, 318, 1291)
(374, 10, 76290)
(374, 151, 18527)
(374, 249, 25650)
(374, 90, 59511)
(374, 213, 76403)
(374, 6, 75178)
(374, 357, 47065)
(374, 204, 73872)
(374, 234, 75227)
(374, 193, 14087)
(374, 304, 11171)
(374, 79, 74741)
(374, 199, 62119)
(374, 115, 53653)
(374, 49, 27378)
(374, 129, 8902)
(374, 93, 19809)
(374, 33, 46795)
(374, 121, 31256)
(374, 192, 41390)
(374, 244, 5765)
(374, 181, 13745)
(374, 138, 73921)
(374, 369, 49562)
(374, 52, 68737)
(374, 26, 6921)
(374, 280, 5383)
(374, 338, 67280)
(374, 225, 63610)
(374, 80, 62535)
(374, 140, 47067)
(374, 222, 25476)
(374, 313, 28959)
(374, 216, 25002)
(374, 7, 33947)
(374, 248, 39127)
(374, 356, 8640)
(374, 13, 24107)
(374, 268, 23675)
(374, 333, 46462)
(374, 306, 69943)
(374, 214, 38510)
(374, 25, 34942)
(374, 330, 11643)
(374, 50, 24019)
(374, 89, 26248)
(374, 158, 66601)
(374, 290, 68068)
(374, 39, 15910)
(374, 321, 75036)
(374, 217, 7801)
(374, 218, 32161)
(375, 334, 4120)
(375, 30, 36653)
(375, 173, 57556)
(375, 181, 72860)
(375, 208, 6051)
(375, 147, 58623)
(375, 323, 19298)
(375, 356, 2206)
(375, 174, 68495)
(375, 13, 64538)
(375, 288, 63512)
(375, 161, 41313)
(375, 235, 929)
(375, 166, 45850)
(375, 170, 71286)
(375, 277, 39684)
(375, 61, 7622)
(375, 256, 32228)
(375, 359, 35622)
(375, 9, 23542)
(375, 276, 66087)
(375, 197, 56957)
(375, 196, 65349)
(375, 345, 76002)
(375, 293, 68793)
(375, 202, 73167)
(375, 316, 58639)
(375, 365, 25407)
(375, 310, 39172)
(375, 250, 46899)
(375, 285, 167)
(375, 223, 36191)
(375, 40, 42705)
(375, 262, 31607)
(375, 366, 10265)
(375, 265, 11799)
(375, 123, 66602)
(375, 191, 12735)
(375, 228, 30861)
(375, 131, 38438)
(375, 219, 55555)
(375, 18, 51577)
(375, 185, 53510)
(375, 320, 29113)
(375, 152, 28033)
(375, 307, 33621)
(375, 4, 26821)
(375, 236, 57235)
(375, 346, 27055)
(375, 257, 74672)
(375, 283, 36298)
(375, 344, 63035)
(375, 205, 33673)
(375, 47, 30005)
(375, 311, 30979)
(375, 299, 43231)
(375, 66, 55313)
(375, 101, 24266)
(375, 53, 283)
(375, 227, 64149)
(375, 270, 48701)
(375, 294, 4121)
(375, 231, 55877)
(375, 140, 71296)
(375, 19, 7134)
(375, 244, 30293)
(375, 89, 64767)
(375, 64, 65357)
(375, 84, 61692)
(375, 143, 32984)
(375, 176, 13194)
(375, 324, 12216)
(375, 67, 59343)
(375, 115, 58886)
(375, 281, 46983)
(375, 109, 3119)
(375, 14, 20910)
(375, 287, 76157)
(375, 50, 39420)
(375, 156, 40978)
(375, 220, 65638)
(375, 199, 72762)
(375, 36, 5361)
(375, 210, 67525)
(375, 248, 47277)
(375, 308, 43797)
(375, 218, 37514)
(375, 150, 2713)
(375, 295, 13958)
(375, 303, 43311)
(375, 168, 48091)
(375, 39, 12375)
(375, 355, 71172)
(375, 178, 2451)
(375, 136, 47498)
(375, 102, 53862)
(375, 34, 11579)
(375, 329, 23116)
(375, 171, 51722)
(375, 278, 54176)
(375, 192, 2854)
(375, 63, 29515)
(375, 22, 36015)
(375, 224, 51169)
(375, 272, 69224)
(375, 42, 48293)
(375, 318, 25667)
(375, 48, 51120)
(375, 21, 6640)
(375, 60, 54042)
(375, 216, 71378)
(375, 78, 23592)
(375, 212, 58598)
(375, 211, 30539)
(375, 188, 38680)
(375, 77, 68839)
(375, 358, 56399)
(375, 12, 53172)
(375, 207, 59749)
(375, 70, 1649)
(375, 254, 52036)
(375, 146, 14488)
(375, 57, 16760)
(375, 330, 37415)
(375, 93, 22434)
(375, 234, 31412)
(375, 182, 68172)
(375, 76, 57133)
(375, 80, 24314)
(375, 172, 32763)
(375, 193, 43176)
(375, 297, 7127)
(375, 282, 15696)
(375, 73, 54246)
(375, 17, 26172)
(375, 360, 42433)
(375, 332, 31510)
(375, 8, 4761)
(375, 88, 64876)
(375, 96, 5300)
(375, 85, 62844)
(375, 252, 56733)
(375, 45, 57192)
(376, 184, 67184)
(376, 6, 50417)
(376, 24, 18516)
(376, 63, 27090)
(376, 154, 67474)
(376, 178, 25887)
(376, 186, 51278)
(376, 297, 27429)
(376, 263, 67841)
(376, 214, 12477)
(376, 209, 51754)
(376, 309, 26361)
(376, 221, 22002)
(376, 34, 60412)
(376, 49, 57897)
(376, 323, 60589)
(376, 115, 73011)
(376, 348, 39989)
(376, 236, 6005)
(376, 87, 1378)
(376, 100, 69418)
(376, 346, 58238)
(376, 288, 65274)
(376, 82, 28510)
(376, 101, 31059)
(376, 29, 19617)
(376, 227, 45851)
(376, 71, 56742)
(376, 36, 14942)
(376, 166, 64975)
(376, 268, 11197)
(376, 264, 42054)
(376, 193, 16790)
(376, 157, 40904)
(376, 216, 12501)
(376, 41, 18280)
(376, 318, 22125)
(376, 222, 56607)
(376, 99, 33003)
(376, 118, 58210)
(376, 282, 17448)
(376, 361, 7339)
(376, 255, 74797)
(376, 238, 28914)
(376, 337, 34748)
(376, 340, 6125)
(376, 152, 50647)
(376, 369, 4539)
(376, 14, 10045)
(376, 59, 29719)
(376, 208, 2411)
(376, 240, 46361)
(376, 97, 26725)
(376, 326, 20307)
(376, 243, 65704)
(376, 300, 38769)
(376, 138, 68312)
(376, 104, 12089)
(376, 93, 40546)
(376, 304, 6200)
(376, 266, 1021)
(376, 134, 10494)
(376, 245, 14607)
(376, 342, 12550)
(376, 283, 72521)
(376, 229, 27652)
(376, 144, 61884)
(376, 343, 56321)
(376, 202, 11057)
(376, 25, 76212)
(376, 40, 60300)
(376, 299, 40208)
(376, 311, 46752)
(376, 46, 9740)
(376, 168, 12383)
(376, 329, 47061)
(376, 0, 50404)
(376, 163, 9369)
(376, 65, 75720)
(376, 112, 32634)
(376, 4, 22956)
(376, 314, 39797)
(376, 359, 19603)
(376, 274, 69856)
(376, 291, 51971)
(376, 197, 11990)
(376, 287, 63996)
(376, 92, 61017)
(376, 333, 23177)
(376, 146, 49611)
(376, 53, 27843)
(376, 313, 35336)
(376, 191, 47053)
(376, 248, 56345)
(376, 156, 62537)
(376, 358, 69572)
(376, 145, 8759)
(376, 242, 76016)
(376, 2, 51378)
(376, 19, 27488)
(376, 10, 11765)
(376, 165, 70732)
(376, 344, 7545)
(376, 261, 68163)
(376, 127, 38741)
(376, 206, 52492)
(376, 364, 35007)
(376, 80, 4268)
(376, 325, 11395)
(376, 217, 37591)
(376, 256, 69386)
(376, 259, 20188)
(376, 330, 1280)
(376, 173, 61749)
(376, 234, 25232)
(376, 78, 62188)
(376, 61, 55834)
(376, 232, 21373)
(376, 148, 4714)
(376, 113, 34482)
(376, 267, 4620)
(376, 179, 39101)
(376, 276, 36353)
(376, 226, 58576)
(376, 35, 28727)
(376, 228, 9191)
(376, 254, 3874)
(376, 98, 63783)
(376, 183, 26741)
(376, 170, 62682)
(376, 196, 15176)
(376, 23, 52880)
(376, 247, 22529)
(376, 327, 58452)
(376, 334, 38105)
(376, 302, 10333)
(376, 355, 76220)
(376, 357, 12770)
(376, 210, 68110)
(376, 90, 72197)
(376, 83, 34809)
(376, 354, 19484)
(376, 153, 32549)
(376, 95, 25175)
(376, 30, 5444)
(376, 239, 17056)
(376, 117, 63261)
(376, 218, 21291)
(376, 353, 6601)
(376, 79, 48207)
(376, 296, 5316)
(376, 137, 18435)
(376, 338, 43789)
(376, 280, 9608)
(376, 38, 13586)
(376, 37, 16224)
(376, 190, 46824)
(376, 252, 40573)
(376, 12, 18505)
(376, 28, 21034)
(376, 158, 43155)
(376, 277, 4321)
(376, 21, 910)
(376, 131, 8548)
(376, 305, 6109)
(376, 368, 56581)
(376, 324, 25908)
(376, 55, 72692)
(376, 319, 45405)
(376, 180, 24691)
(376, 128, 14922)
(376, 271, 54925)
(376, 102, 60621)
(376, 91, 61184)
(376, 160, 57021)
(376, 200, 58622)
(376, 60, 45469)
(376, 345, 37890)
(376, 201, 3323)
(376, 350, 5429)
(377, 363, 27232)
(377, 165, 1658)
(377, 196, 3640)
(377, 231, 17195)
(377, 276, 43667)
(377, 162, 46521)
(377, 132, 61329)
(377, 176, 70758)
(377, 180, 13054)
(377, 142, 33524)
(377, 316, 70564)
(377, 278, 9945)
(377, 61, 71213)
(377, 44, 3160)
(377, 139, 58139)
(377, 223, 45589)
(377, 259, 61887)
(377, 301, 63759)
(377, 16, 34473)
(377, 111, 14568)
(377, 120, 52552)
(377, 87, 13091)
(377, 214, 42302)
(377, 118, 14418)
(377, 113, 67716)
(377, 257, 1018)
(377, 135, 27969)
(377, 76, 58352)
(377, 229, 74223)
(377, 248, 17722)
(377, 202, 19931)
(377, 36, 59156)
(377, 195, 69604)
(377, 299, 7639)
(377, 343, 38847)
(377, 37, 43374)
(377, 35, 689)
(377, 90, 21384)
(377, 361, 63696)
(377, 225, 66987)
(377, 144, 12043)
(377, 8, 49155)
(377, 237, 19903)
(377, 0, 46629)
(377, 158, 44900)
(377, 376, 75651)
(377, 73, 74033)
(377, 33, 15313)
(377, 105, 53525)
(377, 134, 51183)
(377, 175, 14478)
(377, 243, 73280)
(377, 106, 6351)
(377, 91, 57572)
(377, 318, 56670)
(377, 152, 54558)
(377, 315, 13668)
(377, 205, 17404)
(377, 51, 58158)
(377, 68, 76140)
(377, 47, 48929)
(377, 94, 46729)
(377, 21, 4470)
(377, 203, 41499)
(377, 339, 3069)
(377, 72, 67066)
(377, 236, 1956)
(377, 1, 39395)
(377, 60, 8339)
(377, 324, 27437)
(377, 28, 62730)
(377, 18, 27386)
(377, 149, 44348)
(377, 136, 56516)
(377, 193, 58225)
(377, 373, 61767)
(377, 358, 3592)
(377, 38, 53660)
(377, 2, 25784)
(377, 357, 6952)
(377, 338, 5519)
(377, 192, 7041)
(377, 168, 29945)
(377, 332, 2278)
(377, 14, 67602)
(377, 374, 45280)
(377, 6, 75506)
(377, 325, 10845)
(377, 146, 23734)
(377, 370, 70890)
(377, 131, 33643)
(377, 70, 46955)
(377, 59, 65900)
(377, 163, 8791)
(377, 157, 64216)
(377, 284, 39607)
(377, 140, 72046)
(377, 263, 5909)
(377, 372, 54841)
(377, 245, 76115)
(377, 308, 46588)
(377, 207, 49558)
(377, 310, 61330)
(377, 317, 35538)
(377, 272, 52)
(377, 288, 33631)
(377, 58, 53073)
(377, 40, 48305)
(377, 336, 40406)
(377, 340, 32275)
(377, 186, 33916)
(377, 127, 31202)
(377, 268, 16571)
(377, 71, 28255)
(377, 81, 5027)
(377, 227, 16944)
(377, 375, 26678)
(377, 82, 28412)
(377, 34, 624)
(377, 266, 62829)
(377, 56, 25276)
(377, 362, 54234)
(377, 220, 18656)
(377, 279, 35410)
(377, 313, 40160)
(377, 75, 69252)
(377, 27, 1599)
(377, 267, 38260)
(377, 67, 33422)
(377, 335, 52035)
(377, 250, 23167)
(377, 160, 10782)
(377, 128, 76126)
(377, 369, 31089)
(377, 3, 69138)
(377, 137, 11806)
(377, 213, 68885)
(377, 177, 42011)
(377, 264, 56070)
(377, 148, 47558)
(377, 102, 59812)
(377, 92, 7409)
(377, 25, 49474)
(377, 306, 18514)
(377, 219, 36154)
(377, 305, 62200)
(377, 101, 26878)
(377, 109, 54099)
(377, 260, 58903)
(377, 116, 64261)
(377, 371, 60080)
(377, 20, 65462)
(377, 302, 53721)
(377, 133, 18880)
(377, 159, 43246)
(377, 258, 67809)
(377, 199, 70488)
(377, 326, 68590)
(377, 274, 60068)
(377, 97, 62739)
(377, 293, 70100)
(377, 230, 48983)
(377, 333, 30754)
(377, 287, 6331)
(377, 98, 25539)
(377, 215, 29959)
(377, 356, 3384)
(377, 216, 4537)
(377, 285, 26948)
(377, 104, 29045)
(377, 271, 3950)
(377, 138, 14174)
(377, 184, 38861)
(377, 244, 69645)
(377, 247, 30854)
(377, 228, 29017)
(377, 351, 330)
(377, 77, 43210)
(377, 239, 33878)
(377, 178, 58022)
(377, 331, 10230)
(377, 63, 1763)
(377, 201, 8822)
(377, 262, 72145)
(377, 322, 69384)
(377, 32, 48577)
(377, 107, 30864)
(377, 281, 7780)
(377, 171, 67015)
(377, 52, 35269)
(377, 41, 33634)
(377, 297, 23899)
(377, 22, 30997)
(377, 280, 1907)
(377, 270, 55605)
(377, 218, 18202)
(377, 117, 60635)
(377, 130, 6909)
(377, 327, 54503)
(377, 300, 37210)
(377, 141, 27239)
(377, 348, 62579)
(377, 346, 11860)
(377, 54, 44764)
(377, 103, 49285)
(377, 344, 69522)
(377, 151, 62760)
(377, 43, 23654)
(377, 255, 46818)
(377, 277, 70711)
(377, 286, 48887)
(377, 366, 71560)
(377, 235, 69652)
(377, 232, 66343)
(377, 150, 60521)
(377, 50, 21158)
(377, 252, 51462)
(377, 88, 8731)
(377, 238, 23573)
(377, 78, 44440)
(377, 337, 61693)
(377, 291, 45226)
(377, 26, 11172)
(377, 9, 46504)
(377, 208, 852)
(377, 48, 73430)
(377, 7, 33826)
(377, 183, 55655)
(377, 170, 40742)
(377, 65, 74854)
(377, 221, 18614)
(377, 126, 49112)
(377, 39, 40072)
(377, 321, 49806)
(377, 330, 51074)
(377, 292, 49357)
(377, 211, 14770)
(377, 23, 30209)
(377, 222, 31900)
(377, 354, 73172)
(377, 314, 28363)
(377, 251, 42502)
(377, 119, 67127)
(377, 241, 58727)
(377, 246, 36711)
(377, 349, 29718)
(377, 74, 37411)
(377, 256, 35742)
(377, 125, 58395)
(377, 164, 46650)
(377, 153, 4989)
(377, 209, 55968)
(377, 45, 17299)
(377, 17, 8505)
(377, 329, 48132)
(377, 83, 8102)
(377, 161, 76351)
(377, 253, 18710)
(377, 323, 20898)
(377, 80, 1931)
(377, 341, 61175)
(377, 185, 22421)
(377, 182, 22763)
(377, 53, 12203)
(377, 181, 61944)
(377, 84, 48192)
(377, 46, 36601)
(377, 224, 59213)
(377, 233, 33134)
(377, 355, 37862)
(377, 249, 70106)
(377, 217, 58720)
(377, 110, 47304)
(377, 62, 6414)
(377, 191, 29597)
(377, 129, 59357)
(377, 123, 75994)
(377, 368, 33557)
(378, 89, 10594)
(378, 32, 24575)
(378, 336, 4611)
(378, 206, 42030)
(378, 36, 72144)
(378, 77, 50265)
(378, 234, 13005)
(378, 317, 57801)
(378, 377, 53748)
(378, 56, 5954)
(378, 299, 72874)
(378, 148, 68894)
(378, 196, 43097)
(378, 28, 22952)
(378, 229, 68269)
(378, 100, 2010)
(378, 331, 56764)
(378, 44, 60475)
(378, 179, 36257)
(378, 305, 21873)
(378, 76, 24168)
(378, 55, 12534)
(378, 325, 19627)
(378, 69, 69564)
(378, 192, 10211)
(378, 343, 51221)
(378, 118, 74961)
(378, 285, 49071)
(378, 298, 39045)
(378, 143, 46599)
(378, 124, 3512)
(378, 103, 37)
(378, 176, 30228)
(378, 1, 55387)
(378, 228, 60508)
(378, 233, 13736)
(378, 177, 43118)
(378, 201, 63314)
(378, 218, 52725)
(378, 308, 10268)
(378, 53, 59516)
(378, 184, 52519)
(378, 288, 40503)
(378, 51, 11573)
(378, 93, 15017)
(378, 165, 54613)
(378, 159, 12343)
(378, 75, 10309)
(378, 99, 33930)
(378, 291, 42232)
(378, 171, 71823)
(378, 367, 31182)
(378, 78, 70274)
(378, 278, 67446)
(378, 376, 13291)
(378, 314, 47318)
(378, 90, 61768)
(378, 142, 3544)
(378, 334, 9330)
(378, 110, 14912)
(378, 231, 341)
(378, 104, 27670)
(378, 70, 7818)
(378, 87, 68278)
(378, 15, 60274)
(378, 243, 74965)
(378, 30, 58748)
(378, 31, 31232)
(378, 290, 106)
(378, 175, 15578)
(378, 205, 9538)
(378, 335, 43523)
(378, 126, 35379)
(378, 330, 56350)
(378, 72, 2328)
(378, 74, 2038)
(378, 352, 49312)
(378, 242, 5396)
(378, 342, 64615)
(378, 252, 28364)
(378, 210, 14579)
(378, 58, 37013)
(378, 68, 71108)
(378, 202, 25304)
(378, 71, 8939)
(378, 43, 510)
(378, 239, 55102)
(378, 318, 4274)
(378, 286, 68581)
(378, 235, 54751)
(378, 345, 73418)
(378, 139, 68704)
(378, 200, 21979)
(378, 254, 75248)
(378, 322, 45756)
(378, 316, 47997)
(378, 326, 31434)
(378, 198, 59378)
(378, 5, 65277)
(378, 351, 39659)
(378, 156, 37758)
(378, 60, 18846)
(378, 363, 9054)
(378, 146, 11680)
(378, 6, 25436)
(379, 312, 49109)
(379, 302, 17986)
(379, 132, 54600)
(379, 208, 4664)
(379, 12, 68284)
(379, 210, 10051)
(379, 93, 9646)
(379, 218, 34847)
(379, 140, 20319)
(379, 102, 59099)
(379, 27, 20110)
(379, 285, 21115)
(379, 328, 56519)
(379, 355, 9273)
(379, 303, 17583)
(379, 60, 5455)
(379, 365, 1388)
(379, 216, 52448)
(379, 129, 69178)
(379, 80, 60014)
(379, 377, 52680)
(379, 314, 43270)
(379, 139, 32851)
(379, 50, 3670)
(379, 68, 41580)
(379, 33, 36481)
(379, 363, 4152)
(379, 376, 5226)
(379, 56, 74949)
(379, 296, 45005)
(379, 153, 67435)
(379, 44, 76335)
(379, 282, 22506)
(379, 137, 39147)
(379, 359, 34853)
(379, 330, 1001)
(379, 51, 52007)
(379, 350, 64963)
(379, 371, 50453)
(379, 161, 34764)
(379, 250, 35328)
(379, 86, 43338)
(379, 245, 48218)
(379, 284, 26765)
(379, 178, 8900)
(379, 203, 19774)
(379, 277, 66629)
(379, 305, 49070)
(379, 293, 64218)
(379, 71, 40886)
(379, 333, 31868)
(379, 362, 66074)
(379, 74, 29457)
(379, 180, 17715)
(379, 133, 33813)
(379, 16, 39087)
(379, 114, 64469)
(379, 186, 60358)
(379, 19, 14793)
(379, 258, 61169)
(379, 315, 63472)
(379, 157, 52254)
(379, 108, 74205)
(379, 300, 51510)
(379, 75, 50852)
(379, 70, 27292)
(379, 144, 24874)
(379, 225, 25724)
(379, 163, 19976)
(379, 304, 40472)
(379, 106, 24636)
(379, 213, 9843)
(379, 200, 26680)
(379, 263, 48398)
(379, 343, 62041)
(379, 28, 75859)
(379, 148, 53027)
(379, 34, 33185)
(379, 335, 18110)
(379, 221, 22036)
(379, 22, 24982)
(379, 248, 53884)
(379, 352, 21854)
(379, 230, 16980)
(379, 116, 61927)
(379, 334, 14975)
(379, 360, 27334)
(379, 7, 46854)
(379, 189, 32588)
(379, 54, 68100)
(379, 331, 44299)
(379, 103, 14154)
(379, 229, 21396)
(379, 110, 52905)
(379, 90, 16049)
(379, 169, 6256)
(379, 159, 54231)
(379, 97, 75123)
(379, 65, 74381)
(379, 337, 39373)
(379, 298, 15015)
(379, 48, 69846)
(379, 224, 18177)
(379, 77, 55874)
(379, 273, 41341)
(379, 270, 53156)
(379, 128, 45635)
(379, 85, 60201)
(379, 233, 51914)
(379, 192, 73192)
(379, 156, 35941)
(379, 113, 56991)
(379, 135, 35846)
(379, 370, 56468)
(379, 264, 72979)
(379, 63, 8647)
(379, 188, 69115)
(379, 98, 55640)
(379, 43, 48736)
(379, 81, 63882)
(379, 30, 17537)
(379, 4, 68599)
(379, 345, 59485)
(379, 278, 68955)
(379, 143, 25666)
(379, 164, 16884)
(379, 297, 57003)
(379, 346, 20048)
(379, 306, 45682)
(379, 193, 11893)
(379, 18, 39255)
(379, 134, 31457)
(379, 78, 71523)
(379, 268, 11381)
(379, 234, 53656)
(379, 72, 72688)
(379, 6, 35967)
(379, 321, 24187)
(379, 214, 37878)
(379, 272, 70229)
(379, 39, 42827)
(379, 252, 6977)
(379, 249, 2798)
(379, 111, 10945)
(379, 347, 61071)
(379, 256, 42621)
(379, 32, 67024)
(379, 265, 49326)
(379, 286, 43473)
(379, 317, 22437)
(379, 275, 19145)
(379, 118, 53474)
(379, 251, 65742)
(379, 336, 43474)
(379, 358, 27047)
(379, 69, 14783)
(379, 327, 34221)
(379, 316, 18811)
(379, 356, 44384)
(379, 23, 37485)
(379, 207, 75106)
(379, 55, 39622)
(379, 29, 69089)
(379, 172, 59198)
(379, 226, 27877)
(379, 94, 7918)
(379, 141, 70690)
(379, 329, 9756)
(379, 261, 73985)
(379, 176, 9116)
(379, 259, 27681)
(379, 209, 71680)
(379, 190, 49699)
(379, 353, 45951)
(379, 83, 19586)
(379, 201, 64224)
(379, 76, 8258)
(379, 239, 22922)
(379, 196, 46204)
(379, 262, 29334)
(379, 354, 5314)
(379, 220, 35307)
(379, 127, 8568)
(379, 227, 4717)
(379, 89, 65511)
(379, 88, 58033)
(379, 14, 23466)
(379, 319, 54203)
(379, 344, 66989)
(379, 274, 5618)
(379, 255, 16821)
(379, 46, 15436)
(379, 66, 3851)
(379, 154, 2647)
(379, 191, 58497)
(379, 131, 60066)
(379, 147, 43448)
(379, 155, 11301)
(379, 206, 21434)
(379, 338, 46173)
(379, 276, 53121)
(379, 109, 70744)
(379, 179, 19105)
(379, 130, 42620)
(379, 26, 73866)
(379, 21, 69627)
(379, 9, 11671)
(379, 236, 25023)
(379, 123, 41365)
(379, 15, 52879)
(379, 57, 55670)
(379, 322, 48596)
(379, 5, 54695)
(379, 238, 52195)
(379, 241, 5440)
(379, 283, 63776)
(379, 61, 2743)
(379, 266, 65967)
(379, 122, 64337)
(379, 187, 25415)
(379, 150, 28923)
(379, 1, 75996)
(379, 136, 10661)
(379, 243, 35768)
(379, 198, 42661)
(379, 368, 35240)
(379, 181, 36030)
(379, 120, 76006)
(379, 17, 35089)
(379, 36, 8122)
(379, 240, 59847)
(379, 99, 62318)
(379, 10, 54236)
(379, 310, 20527)
(379, 117, 40494)
(379, 342, 39052)
(379, 182, 59526)
(379, 146, 40248)
(379, 366, 4447)
(379, 291, 5500)
(379, 223, 1609)
(379, 96, 33314)
(379, 235, 34906)
(379, 64, 29273)
(379, 53, 27433)
(379, 254, 5457)
(379, 194, 74667)
(379, 231, 56318)
(379, 325, 45930)
(379, 101, 12884)
(379, 247, 46428)
(379, 215, 39160)
(379, 320, 28605)
(379, 58, 50272)
(379, 145, 47684)
(379, 49, 12615)
(379, 349, 34717)
(379, 160, 33571)
(379, 166, 51841)
(379, 197, 24365)
(379, 125, 4619)
(379, 152, 19172)
(379, 162, 61853)
(379, 173, 43554)
(379, 199, 39365)
(379, 13, 41611)
(379, 309, 76191)
(379, 185, 14901)
(379, 294, 50901)
(379, 20, 69161)
(379, 271, 61572)
(379, 2, 27084)
(379, 149, 18646)
(379, 290, 36494)
(379, 323, 23156)
(379, 311, 52986)
(379, 138, 65313)
(379, 373, 6053)
(379, 47, 39215)
(379, 31, 41613)
(379, 158, 67946)
(379, 170, 43034)
(379, 112, 1712)
(379, 246, 5767)
(379, 104, 8772)
(379, 288, 73759)
(379, 91, 58228)
(379, 205, 2014)
(379, 281, 72005)
(379, 372, 70923)
(379, 228, 15725)
(379, 35, 1404)
(379, 237, 15035)
(379, 67, 15711)
(379, 142, 27854)
(379, 24, 57724)
(379, 348, 44730)
(379, 45, 64226)
(379, 361, 19767)
(379, 151, 64658)
(379, 257, 65792)
(379, 100, 17612)
(379, 92, 20775)
(379, 313, 73784)
(379, 25, 50337)
(379, 267, 22415)
(379, 40, 66163)
(379, 279, 66644)
(379, 295, 75384)
(379, 253, 67839)
(379, 175, 46416)
(379, 287, 75781)
(379, 204, 984)
(379, 324, 34768)
(379, 37, 14286)
(379, 87, 11736)
(379, 375, 15622)
(379, 119, 52193)
(379, 8, 48121)
(379, 339, 50429)
(379, 73, 9860)
(379, 340, 74500)
(379, 115, 58074)
(379, 318, 60461)
(379, 211, 42492)
(379, 168, 30039)
(379, 364, 24605)
(379, 41, 56689)
(379, 184, 31014)
(379, 105, 31011)
(379, 232, 1452)
(379, 95, 60693)
(379, 378, 30160)
(379, 326, 61935)
(379, 202, 37561)
(379, 177, 50902)
(379, 260, 74649)
(379, 11, 44322)
(379, 357, 8694)
(379, 59, 47852)
(379, 171, 30314)
(379, 367, 47089)
(379, 351, 53359)
(379, 341, 53675)
(380, 249, 7016)
(380, 178, 27463)
(380, 114, 25918)
(380, 83, 50175)
(380, 253, 58930)
(380, 243, 17114)
(380, 333, 62702)
(380, 34, 42800)
(380, 67, 31925)
(380, 192, 49557)
(380, 39, 40810)
(380, 0, 58123)
(380, 256, 53812)
(380, 364, 51632)
(380, 307, 10122)
(380, 367, 54059)
(380, 171, 10925)
(380, 346, 23759)
(380, 228, 30012)
(380, 50, 42872)
(380, 123, 261)
(380, 215, 28984)
(380, 172, 51952)
(380, 325, 48655)
(380, 52, 64167)
(380, 332, 44604)
(380, 274, 62269)
(380, 313, 1757)
(380, 99, 71162)
(380, 58, 58416)
(380, 282, 41496)
(380, 85, 28185)
(380, 259, 16117)
(380, 60, 28899)
(380, 155, 72485)
(380, 21, 6305)
(380, 176, 54197)
(380, 95, 68924)
(380, 146, 3463)
(380, 308, 43079)
(380, 179, 54201)
(380, 269, 45997)
(380, 219, 69650)
(380, 37, 68926)
(380, 126, 37098)
(380, 109, 73986)
(380, 120, 13535)
(380, 340, 71742)
(380, 158, 28184)
(380, 183, 19587)
(380, 31, 14406)
(380, 49, 28359)
(380, 4, 68624)
(380, 357, 34476)
(380, 44, 30256)
(380, 45, 49419)
(380, 63, 39966)
(380, 339, 35156)
(380, 214, 12333)
(380, 23, 52586)
(380, 236, 42915)
(380, 124, 4077)
(380, 305, 49329)
(380, 182, 68171)
(380, 169, 63069)
(380, 118, 39153)
(380, 212, 21580)
(380, 194, 29519)
(380, 300, 14858)
(380, 370, 51341)
(380, 28, 28164)
(380, 164, 986)
(380, 326, 52068)
(380, 298, 6514)
(380, 242, 44381)
(380, 329, 46019)
(380, 68, 38621)
(380, 299, 68277)
(380, 162, 4036)
(380, 266, 15285)
(380, 358, 65023)
(380, 224, 67778)
(380, 275, 20557)
(380, 14, 15425)
(380, 209, 44399)
(380, 80, 10710)
(380, 154, 34588)
(380, 318, 47438)
(380, 311, 21125)
(380, 297, 69971)
(380, 129, 385)
(380, 202, 32388)
(380, 82, 38775)
(380, 11, 16648)
(380, 223, 6065)
(380, 371, 54607)
(380, 147, 56012)
(380, 252, 72938)
(380, 230, 75287)
(380, 62, 8747)
(380, 102, 20894)
(380, 173, 11572)
(380, 227, 62541)
(380, 10, 74308)
(380, 283, 2368)
(380, 263, 57022)
(380, 281, 842)
(380, 3, 52695)
(380, 97, 10889)
(380, 137, 2876)
(380, 366, 39720)
(380, 27, 74070)
(380, 64, 60116)
(380, 343, 46426)
(380, 265, 14634)
(380, 271, 69179)
(380, 226, 35810)
(380, 210, 52428)
(380, 372, 5899)
(380, 260, 49534)
(380, 53, 31101)
(380, 349, 72722)
(380, 317, 28918)
(380, 268, 26486)
(380, 285, 55914)
(380, 217, 67933)
(380, 165, 5084)
(380, 267, 33167)
(380, 159, 62705)
(380, 132, 11288)
(380, 16, 23524)
(380, 262, 12429)
(380, 91, 35957)
(380, 229, 36720)
(380, 136, 43416)
(380, 360, 41343)
(380, 157, 43313)
(380, 220, 43054)
(380, 70, 55148)
(380, 320, 33999)
(380, 301, 63565)
(380, 341, 46190)
(380, 54, 24349)
(380, 328, 41119)
(380, 191, 33175)
(380, 140, 21999)
(380, 65, 67460)
(380, 131, 43560)
(380, 5, 64319)
(380, 149, 63036)
(380, 213, 73035)
(380, 117, 57660)
(380, 294, 27923)
(380, 354, 19857)
(380, 270, 56574)
(380, 81, 6463)
(380, 106, 31020)
(380, 347, 53587)
(380, 190, 57461)
(380, 352, 63656)
(380, 315, 34465)
(380, 151, 28108)
(380, 348, 46437)
(380, 356, 20258)
(380, 206, 22479)
(380, 42, 64219)
(380, 237, 2839)
(380, 254, 19525)
(380, 90, 74350)
(380, 13, 48429)
(380, 51, 24603)
(380, 198, 6875)
(380, 250, 41677)
(380, 355, 63670)
(380, 35, 59744)
(380, 314, 47216)
(380, 115, 60396)
(380, 96, 43385)
(380, 197, 39696)
(380, 350, 10785)
(380, 365, 2243)
(380, 59, 28389)
(380, 322, 4336)
(380, 238, 67892)
(380, 125, 69573)
(380, 239, 76058)
(380, 141, 33192)
(380, 361, 10714)
(380, 296, 66185)
(380, 306, 7463)
(380, 46, 8934)
(380, 18, 28009)
(380, 161, 38849)
(380, 77, 9659)
(380, 78, 68996)
(380, 288, 33388)
(380, 186, 57387)
(380, 108, 13029)
(380, 185, 62737)
(380, 363, 25740)
(380, 116, 62352)
(380, 375, 41609)
(380, 231, 68136)
(380, 205, 51954)
(380, 246, 52206)
(380, 216, 32028)
(380, 79, 35847)
(380, 128, 66262)
(380, 57, 51615)
(380, 17, 13940)
(380, 107, 16373)
(380, 309, 7659)
(380, 201, 15038)
(380, 334, 53060)
(380, 110, 44219)
(380, 150, 57109)
(380, 187, 2557)
(380, 29, 36444)
(380, 148, 69367)
(380, 71, 62190)
(380, 143, 19962)
(380, 174, 73718)
(380, 15, 44919)
(380, 368, 59939)
(380, 225, 63927)
(380, 122, 2304)
(380, 211, 60585)
(380, 2, 61310)
(380, 207, 23259)
(380, 304, 38060)
(380, 89, 36301)
(380, 286, 46814)
(380, 19, 25962)
(380, 208, 59296)
(380, 127, 22976)
(380, 189, 415)
(380, 196, 25312)
(380, 40, 39915)
(380, 199, 30771)
(380, 121, 20031)
(380, 74, 18506)
(380, 295, 52237)
(380, 112, 11725)
(380, 316, 12196)
(380, 200, 52765)
(380, 359, 35277)
(380, 153, 58117)
(380, 323, 21432)
(380, 222, 63552)
(380, 258, 44975)
(380, 9, 35443)
(380, 337, 59232)
(380, 330, 50876)
(380, 248, 59191)
(380, 86, 3808)
(380, 138, 66039)
(380, 30, 31141)
(380, 378, 20135)
(380, 319, 63500)
(380, 111, 9472)
(380, 290, 74846)
(380, 232, 64262)
(380, 142, 14939)
(380, 369, 49018)
(380, 101, 34151)
(380, 245, 347)
(380, 152, 45312)
(380, 25, 34264)
(380, 12, 71791)
(380, 344, 22183)
(380, 234, 2168)
(380, 272, 47134)
(380, 87, 41587)
(380, 93, 43109)
(380, 255, 68896)
(380, 145, 73424)
(380, 100, 73339)
(380, 168, 57044)
(380, 26, 36838)
(380, 338, 26012)
(380, 374, 41754)
(380, 160, 50095)
(380, 342, 67013)
(380, 233, 65507)
(380, 257, 63334)
(380, 113, 44620)
(380, 72, 26001)
(380, 177, 23105)
(380, 218, 3245)
(380, 166, 48755)
(380, 98, 30689)
(380, 376, 11190)
(380, 203, 13533)
(380, 88, 31975)
(380, 181, 40371)
(380, 303, 69046)
(380, 20, 9407)
(380, 276, 4358)
(380, 188, 67655)
(380, 241, 69821)
(380, 264, 41615)
(380, 7, 74324)
(380, 48, 33834)
(380, 335, 73123)
(380, 139, 36729)
(380, 321, 11882)
(380, 167, 47113)
(380, 345, 58029)
(380, 292, 59344)
(380, 133, 52142)
(380, 287, 56945)
(380, 244, 28320)
(380, 130, 56456)
(380, 184, 18677)
(380, 204, 12361)
(381, 44, 39015)
(381, 218, 7714)
(381, 197, 17437)
(381, 276, 61545)
(381, 126, 27839)
(381, 213, 14392)
(381, 186, 47950)
(381, 198, 24292)
(381, 31, 14255)
(381, 150, 8360)
(381, 97, 58243)
(381, 185, 36479)
(381, 90, 59762)
(381, 23, 1761)
(381, 378, 5091)
(381, 205, 70003)
(381, 74, 13432)
(381, 376, 66893)
(381, 119, 38747)
(381, 104, 27554)
(381, 98, 43171)
(381, 142, 25491)
(381, 49, 24259)
(381, 354, 43919)
(381, 140, 37620)
(381, 194, 72384)
(381, 177, 22605)
(381, 95, 24808)
(381, 247, 68451)
(381, 333, 54269)
(381, 226, 63006)
(381, 67, 1227)
(381, 343, 30680)
(381, 270, 64845)
(381, 214, 50077)
(381, 297, 56030)
(381, 24, 41810)
(381, 360, 16042)
(381, 169, 70976)
(381, 110, 56529)
(381, 262, 70961)
(381, 47, 41558)
(381, 105, 27479)
(381, 370, 14402)
(381, 36, 55757)
(381, 250, 2175)
(381, 55, 39073)
(381, 88, 72208)
(381, 246, 64913)
(381, 65, 43268)
(381, 59, 32928)
(381, 14, 10922)
(381, 255, 68380)
(381, 293, 12856)
(381, 9, 24953)
(381, 68, 18924)
(381, 237, 72723)
(381, 285, 23941)
(381, 62, 48665)
(381, 339, 45015)
(381, 221, 65817)
(381, 240, 41246)
(381, 87, 39776)
(381, 201, 74867)
(381, 80, 44444)
(381, 225, 17802)
(381, 148, 25447)
(381, 367, 20172)
(381, 173, 23052)
(381, 172, 48336)
(381, 57, 20366)
(381, 259, 46174)
(381, 181, 63735)
(381, 139, 71438)
(381, 284, 27253)
(381, 56, 20908)
(381, 100, 18002)
(381, 123, 30772)
(381, 364, 41071)
(381, 48, 42854)
(381, 379, 21392)
(381, 167, 34081)
(381, 82, 4124)
(381, 283, 59269)
(381, 39, 73100)
(381, 0, 28413)
(381, 243, 64843)
(381, 210, 46114)
(381, 265, 15541)
(381, 304, 55408)
(381, 306, 30735)
(381, 18, 46791)
(381, 301, 10366)
(381, 338, 43498)
(381, 61, 32192)
(381, 115, 29812)
(381, 58, 24770)
(381, 103, 72464)
(381, 238, 63560)
(381, 347, 74270)
(381, 202, 34539)
(381, 143, 40094)
(381, 325, 16305)
(381, 86, 69545)
(381, 353, 3165)
(381, 352, 71100)
(381, 176, 34998)
(381, 288, 44117)
(381, 280, 16613)
(381, 85, 32885)
(381, 144, 15219)
(381, 275, 21667)
(381, 73, 53492)
(381, 239, 34417)
(381, 357, 28271)
(381, 188, 30658)
(381, 212, 62273)
(381, 332, 7523)
(381, 122, 64818)
(381, 26, 9963)
(381, 281, 1635)
(381, 371, 46695)
(381, 38, 56917)
(381, 253, 46860)
(381, 53, 73208)
(381, 227, 71114)
(381, 191, 46673)
(381, 25, 28519)
(381, 287, 48325)
(381, 278, 1507)
(381, 236, 5284)
(381, 111, 1055)
(381, 63, 60264)
(381, 154, 36747)
(381, 182, 19212)
(381, 315, 45206)
(381, 299, 15885)
(381, 35, 2649)
(381, 125, 59735)
(381, 374, 6440)
(381, 70, 64783)
(381, 358, 15710)
(381, 203, 38052)
(381, 318, 75777)
(381, 175, 74720)
(381, 365, 10055)
(381, 377, 74106)
(381, 163, 73755)
(381, 22, 23773)
(381, 106, 11889)
(381, 153, 65768)
(382, 156, 3289)
(382, 261, 50597)
(382, 211, 49166)
(382, 133, 3952)
(382, 86, 24243)
(382, 209, 11788)
(382, 224, 12518)
(382, 360, 70790)
(382, 246, 5729)
(382, 371, 27756)
(382, 368, 3105)
(382, 218, 46700)
(382, 307, 17334)
(382, 33, 48128)
(382, 150, 70932)
(382, 111, 16190)
(382, 80, 40492)
(382, 59, 65802)
(382, 0, 15216)
(382, 320, 54371)
(382, 8, 27721)
(382, 257, 63331)
(382, 182, 75955)
(382, 274, 10674)
(382, 327, 14985)
(382, 56, 45306)
(382, 145, 5369)
(382, 106, 23619)
(382, 24, 41666)
(382, 252, 8889)
(382, 331, 61109)
(382, 134, 56171)
(382, 71, 18992)
(382, 92, 24364)
(382, 263, 71462)
(382, 212, 44390)
(382, 105, 14758)
(382, 297, 61500)
(382, 342, 31318)
(382, 49, 75830)
(382, 305, 67042)
(382, 255, 54687)
(382, 299, 32496)
(382, 311, 69085)
(382, 12, 71419)
(382, 154, 45721)
(382, 167, 34471)
(382, 37, 14302)
(382, 101, 20929)
(382, 9, 65945)
(382, 366, 70328)
(382, 123, 57415)
(382, 82, 37899)
(382, 372, 13290)
(382, 161, 8024)
(382, 31, 35762)
(382, 95, 61579)
(382, 357, 45241)
(382, 62, 59)
(382, 15, 48415)
(382, 338, 8959)
(382, 16, 72103)
(382, 42, 14339)
(382, 67, 12589)
(382, 144, 38577)
(382, 259, 7402)
(382, 227, 451)
(382, 21, 30718)
(382, 237, 21642)
(382, 250, 17400)
(382, 289, 43026)
(382, 198, 11554)
(382, 362, 57981)
(382, 365, 74889)
(382, 175, 10010)
(382, 377, 4752)
(382, 91, 13196)
(382, 63, 11374)
(382, 287, 68532)
(382, 159, 69460)
(382, 11, 17563)
(382, 238, 75572)
(382, 233, 18937)
(382, 267, 73057)
(382, 354, 71942)
(382, 229, 1322)
(382, 231, 45986)
(382, 217, 28456)
(382, 353, 41733)
(382, 121, 6408)
(382, 94, 30515)
(382, 130, 19886)
(382, 166, 38487)
(382, 51, 19677)
(382, 39, 69910)
(382, 138, 74207)
(382, 278, 74188)
(382, 234, 28220)
(382, 93, 31526)
(382, 168, 70201)
(382, 355, 66947)
(382, 329, 61805)
(382, 85, 61888)
(382, 191, 41007)
(382, 273, 55909)
(382, 222, 73825)
(382, 306, 31058)
(382, 268, 72600)
(382, 379, 10154)
(382, 66, 45783)
(382, 201, 19247)
(382, 40, 74523)
(382, 118, 60335)
(382, 46, 61366)
(382, 296, 8455)
(383, 381, 46894)
(383, 231, 16144)
(383, 307, 48418)
(383, 37, 65788)
(383, 15, 44984)
(383, 90, 63310)
(383, 250, 21374)
(383, 217, 48717)
(383, 378, 70731)
(383, 267, 64132)
(383, 103, 19668)
(383, 42, 29308)
(383, 263, 15945)
(383, 236, 66845)
(383, 55, 14149)
(383, 203, 43608)
(383, 262, 45049)
(383, 244, 11614)
(383, 152, 53026)
(383, 77, 70233)
(383, 159, 5820)
(383, 306, 35120)
(383, 33, 1653)
(383, 249, 66297)
(383, 111, 23071)
(383, 288, 46242)
(383, 302, 50789)
(383, 72, 68413)
(383, 78, 3187)
(383, 308, 73312)
(383, 114, 57394)
(383, 232, 52523)
(383, 155, 5643)
(383, 96, 51642)
(383, 346, 25105)
(383, 326, 76208)
(383, 102, 3328)
(383, 68, 10250)
(383, 213, 3147)
(383, 220, 39731)
(383, 313, 53078)
(383, 104, 46446)
(384, 345, 61875)
(384, 163, 6131)
(384, 361, 57975)
(384, 203, 13164)
(384, 321, 64016)
(384, 40, 64655)
(384, 254, 76088)
(384, 10, 16870)
(384, 320, 57026)
(384, 349, 60053)
(384, 308, 62446)
(384, 18, 53837)
(384, 286, 23912)
(384, 366, 14885)
(384, 78, 44581)
(384, 304, 2815)
(384, 311, 35516)
(384, 55, 8781)
(384, 148, 55430)
(384, 63, 15620)
(384, 341, 38633)
(384, 47, 20083)
(384, 72, 115)
(384, 31, 57152)
(384, 357, 1363)
(384, 68, 43141)
(384, 340, 44025)
(384, 232, 8245)
(384, 126, 11264)
(384, 284, 66075)
(384, 86, 19748)
(384, 37, 11404)
(384, 216, 59704)
(384, 243, 30188)
(384, 297, 9442)
(384, 242, 68528)
(384, 182, 26895)
(384, 107, 48397)
(384, 84, 32672)
(384, 295, 27045)
(384, 14, 32620)
(384, 278, 36961)
(384, 317, 51223)
(384, 220, 75834)
(384, 51, 30060)
(384, 330, 50518)
(384, 306, 19964)
(384, 136, 12364)
(384, 249, 20479)
(384, 263, 69718)
(384, 171, 45937)
(384, 90, 23166)
(384, 245, 40325)
(384, 156, 29279)
(384, 382, 51740)
(384, 59, 12215)
(384, 251, 39927)
(384, 178, 24474)
(384, 371, 17600)
(384, 32, 423)
(384, 110, 26952)
(384, 315, 20925)
(384, 157, 24837)
(384, 19, 47795)
(384, 293, 74386)
(384, 144, 65449)
(384, 316, 45801)
(384, 87, 52472)
(384, 2, 57712)
(384, 127, 37946)
(384, 334, 70950)
(384, 291, 61665)
(384, 132, 41633)
(384, 116, 4312)
(384, 231, 14111)
(384, 120, 9091)
(384, 210, 58889)
(384, 149, 50746)
(384, 342, 14982)
(384, 134, 63797)
(384, 325, 3785)
(384, 292, 18161)
(384, 290, 35975)
(384, 196, 44047)
(384, 337, 3047)
(384, 164, 14660)
(384, 20, 27607)
(384, 28, 9865)
(384, 269, 3370)
(384, 336, 58450)
(384, 267, 9671)
(384, 294, 32505)
(384, 146, 29767)
(384, 319, 48399)
(384, 367, 71839)
(384, 236, 9495)
(384, 266, 45838)
(384, 143, 32175)
(384, 348, 23129)
(384, 70, 17132)
(384, 76, 42228)
(384, 140, 8020)
(384, 12, 53166)
(384, 54, 7993)
(384, 175, 630)
(384, 331, 1323)
(384, 139, 30363)
(384, 276, 25788)
(384, 265, 54096)
(384, 83, 58359)
(384, 124, 50792)
(384, 379, 42219)
(384, 118, 8091)
(384, 288, 55882)
(384, 46, 18313)
(384, 154, 53836)
(384, 75, 60960)
(384, 305, 40639)
(384, 378, 49813)
(384, 309, 12644)
(384, 224, 45604)
(384, 93, 725)
(384, 48, 4153)
(384, 67, 13486)
(384, 218, 67314)
(384, 165, 39653)
(384, 88, 74085)
(384, 185, 13595)
(384, 6, 71952)
(384, 358, 40772)
(384, 250, 37095)
(384, 0, 72926)
(384, 313, 19231)
(384, 206, 62319)
(384, 204, 9919)
(384, 26, 76218)
(384, 111, 19032)
(384, 11, 2850)
(384, 260, 74013)
(384, 191, 61432)
(384, 122, 10784)
(384, 283, 71792)
(384, 298, 46371)
(384, 34, 6433)
(384, 17, 36083)
(384, 94, 11147)
(384, 256, 41675)
(384, 194, 2355)
(384, 352, 18517)
(384, 356, 65117)
(384, 208, 29579)
(384, 141, 37932)
(384, 375, 66370)
(384, 310, 8721)
(384, 100, 15465)
(384, 151, 15671)
(384, 176, 68403)
(384, 359, 54770)
(384, 258, 28002)
(384, 173, 23007)
(384, 360, 15358)
(384, 160, 62045)
(384, 221, 5072)
(384, 192, 16570)
(384, 239, 28240)
(384, 233, 1800)
(384, 271, 9513)
(384, 281, 31200)
(384, 335, 68837)
(384, 23, 5106)
(384, 299, 40542)
(384, 197, 65187)
(384, 209, 6267)
(384, 61, 127)
(384, 318, 75480)
(384, 168, 9938)
(384, 329, 9537)
(384, 314, 73723)
(384, 150, 26918)
(384, 22, 24591)
(384, 270, 30112)
(384, 214, 75753)
(384, 142, 11169)
(384, 80, 58578)
(384, 115, 32369)
(384, 71, 26067)
(384, 43, 65819)
(384, 159, 18307)
(384, 227, 22160)
(384, 167, 7150)
(384, 117, 58793)
(384, 50, 59031)
(384, 188, 31830)
(384, 13, 57421)
(384, 277, 63068)
(384, 35, 66675)
(384, 346, 35285)
(384, 219, 54356)
(384, 287, 40253)
(384, 328, 58216)
(384, 280, 16419)
(384, 370, 38733)
(384, 65, 39891)
(384, 211, 72173)
(384, 247, 45337)
(384, 195, 64416)
(384, 255, 70964)
(384, 205, 21718)
(384, 240, 62442)
(384, 92, 3435)
(384, 137, 32113)
(384, 300, 48013)
(384, 131, 36001)
(384, 103, 13246)
(384, 307, 35102)
(384, 129, 22270)
(384, 60, 69023)
(384, 190, 34878)
(384, 362, 33807)
(384, 105, 39777)
(384, 152, 66375)
(384, 169, 27695)
(384, 45, 58464)
(384, 29, 48828)
(384, 66, 45314)
(384, 244, 27580)
(384, 274, 66659)
(384, 381, 28801)
(384, 253, 63946)
(384, 201, 28300)
(384, 113, 17349)
(384, 198, 2317)
(384, 207, 43738)
(384, 91, 56062)
(384, 82, 72129)
(384, 49, 59931)
(384, 98, 75901)
(384, 21, 23394)
(384, 101, 16525)
(384, 252, 58785)
(384, 364, 837)
(384, 226, 47018)
(384, 350, 40206)
(385, 40, 4132)
(385, 5, 60277)
(385, 94, 53143)
(385, 352, 6691)
(385, 322, 73020)
(385, 185, 43534)
(385, 149, 47876)
(385, 35, 34387)
(385, 305, 28535)
(385, 230, 53470)
(385, 128, 51320)
(385, 202, 6893)
(385, 267, 1417)
(385, 312, 15449)
(385, 375, 18263)
(385, 321, 32484)
(385, 129, 47047)
(385, 158, 15646)
(385, 168, 25072)
(385, 334, 20423)
(385, 14, 55368)
(385, 127, 10996)
(385, 257, 24396)
(385, 148, 20362)
(385, 72, 64410)
(385, 44, 39912)
(385, 251, 34961)
(386, 234, 27347)
(386, 321, 66190)
(386, 51, 48593)
(386, 228, 7917)
(386, 254, 27173)
(386, 63, 71074)
(386, 379, 25904)
(387, 72, 5382)
(387, 364, 33293)
(387, 298, 53639)
(387, 309, 73019)
(387, 357, 23042)
(387, 106, 56022)
(387, 240, 57320)
(387, 360, 2559)
(387, 93, 1695)
(387, 239, 69244)
(387, 375, 33578)
(387, 192, 68398)
(387, 347, 67)
(387, 362, 25477)
(387, 145, 2855)
(387, 252, 60552)
(387, 31, 40786)
(387, 237, 6755)
(387, 294, 7067)
(387, 85, 66861)
(387, 24, 752)
(387, 256, 63275)
(387, 344, 19030)
(387, 293, 51473)
(387, 152, 39529)
(387, 236, 59112)
(387, 147, 45791)
(387, 195, 45175)
(387, 349, 5307)
(387, 253, 39562)
(387, 176, 34464)
(387, 73, 26939)
(387, 19, 55348)
(387, 281, 43365)
(387, 196, 51101)
(387, 170, 19027)
(387, 374, 60287)
(387, 377, 72312)
(387, 228, 55184)
(387, 270, 33753)
(387, 206, 11663)
(387, 56, 7426)
(387, 186, 52816)
(387, 6, 56021)
(387, 342, 75019)
(387, 142, 56273)
(387, 23, 52546)
(387, 278, 19553)
(387, 57, 22169)
(387, 0, 40236)
(387, 34, 28754)
(387, 91, 33265)
(387, 62, 71013)
(387, 315, 33636)
(387, 135, 51721)
(387, 317, 35352)
(387, 47, 13305)
(387, 125, 53271)
(387, 211, 32963)
(387, 324, 12903)
(387, 173, 13927)
(387, 179, 37225)
(387, 39, 75322)
(387, 295, 46690)
(387, 250, 42246)
(387, 30, 32653)
(387, 232, 35449)
(387, 311, 24114)
(387, 104, 66892)
(387, 318, 44497)
(387, 138, 18228)
(387, 242, 36699)
(387, 181, 61840)
(387, 22, 36502)
(387, 116, 15481)
(387, 199, 34623)
(387, 2, 37418)
(387, 98, 11587)
(387, 304, 28920)
(387, 231, 51177)
(387, 168, 69698)
(387, 84, 68574)
(387, 261, 59125)
(387, 140, 64432)
(387, 182, 59643)
(387, 367, 913)
(387, 17, 12963)
(387, 327, 50766)
(387, 9, 11049)
(387, 383, 76399)
(387, 359, 3297)
(387, 254, 68596)
(387, 183, 14561)
(387, 207, 22320)
(387, 58, 18234)
(387, 180, 26820)
(387, 202, 29319)
(387, 20, 69686)
(387, 300, 43772)
(387, 188, 33357)
(387, 326, 59558)
(387, 65, 48417)
(387, 282, 36568)
(387, 121, 59898)
(387, 40, 54895)
(387, 136, 16165)
(387, 297, 27160)
(387, 18, 51303)
(387, 204, 6529)
(387, 33, 67283)
(387, 36, 8504)
(387, 337, 3430)
(387, 351, 28376)
(387, 35, 19435)
(387, 238, 46225)
(387, 143, 3930)
(387, 316, 20512)
(387, 139, 42797)
(387, 153, 19728)
(387, 306, 44061)
(387, 249, 16998)
(387, 244, 40957)
(387, 8, 67872)
(387, 11, 70216)
(387, 329, 20877)
(387, 97, 69466)
(387, 272, 4432)
(387, 332, 37359)
(387, 54, 3211)
(387, 100, 38709)
(387, 132, 58207)
(387, 372, 50986)
(387, 46, 75698)
(387, 246, 70354)
(387, 334, 71648)
(387, 133, 7808)
(387, 111, 30759)
(387, 354, 6080)
(387, 247, 54685)
(387, 68, 17013)
(387, 169, 19487)
(387, 308, 29014)
(387, 101, 17878)
(387, 69, 16620)
(387, 210, 29041)
(387, 64, 48860)
(387, 371, 71305)
(387, 191, 10446)
(387, 366, 47793)
(387, 55, 24858)
(387, 63, 57079)
(387, 48, 68541)
(387, 117, 34112)
(387, 251, 29713)
(387, 172, 2485)
(387, 108, 69004)
(387, 266, 5553)
(387, 358, 1989)
(387, 141, 44709)
(387, 87, 37530)
(387, 279, 64605)
(387, 225, 14643)
(387, 129, 46682)
(387, 379, 52555)
(387, 276, 32631)
(387, 95, 52255)
(387, 365, 28828)
(387, 77, 3181)
(387, 226, 55403)
(387, 185, 63012)
(387, 80, 38357)
(387, 96, 17892)
(387, 328, 2784)
(387, 167, 5204)
(387, 131, 13995)
(387, 105, 36696)
(387, 227, 15609)
(387, 75, 54343)
(387, 193, 34674)
(387, 52, 59565)
(387, 292, 58003)
(387, 127, 42452)
(387, 10, 69033)
(387, 114, 64486)
(387, 230, 34321)
(387, 356, 22755)
(387, 103, 49967)
(387, 5, 61713)
(387, 82, 28069)
(387, 386, 51645)
(387, 29, 57759)
(387, 330, 55912)
(387, 335, 70231)
(387, 319, 19142)
(387, 338, 57778)
(387, 128, 42945)
(387, 175, 33812)
(387, 134, 10042)
(387, 339, 42527)
(387, 86, 71130)
(387, 158, 7546)
(387, 320, 57659)
(387, 378, 4861)
(387, 348, 48051)
(387, 126, 15102)
(387, 368, 2534)
(387, 352, 49157)
(387, 323, 56434)
(387, 45, 68552)
(387, 115, 22896)
(387, 67, 73626)
(387, 267, 12587)
(387, 159, 30329)
(387, 310, 11414)
(387, 235, 49808)
(387, 205, 22973)
(387, 233, 59944)
(387, 38, 56009)
(387, 284, 37063)
(387, 148, 40769)
(387, 123, 51053)
(387, 156, 43426)
(387, 341, 44677)
(387, 222, 74812)
(387, 184, 71540)
(387, 265, 64447)
(387, 299, 21981)
(387, 78, 14281)
(387, 119, 27156)
(387, 218, 27354)
(387, 74, 24339)
(387, 248, 32966)
(387, 88, 68742)
(387, 28, 45863)
(387, 322, 58492)
(387, 264, 73215)
(387, 177, 887)
(387, 200, 43794)
(387, 60, 39143)
(387, 269, 33340)
(387, 155, 23843)
(387, 385, 72883)
(387, 194, 75672)
(387, 303, 61083)
(387, 71, 37219)
(387, 313, 59562)
(387, 223, 60650)
(387, 164, 60071)
(387, 102, 3701)
(387, 333, 44816)
(387, 174, 558)
(387, 346, 4499)
(387, 113, 14271)
(387, 321, 73169)
(387, 13, 44765)
(387, 130, 16806)
(387, 157, 74316)
(387, 287, 42003)
(387, 92, 42488)
(387, 216, 9207)
(387, 209, 37048)
(387, 258, 19604)
(387, 350, 51688)
(387, 146, 71501)
(387, 151, 35128)
(387, 4, 11964)
(387, 99, 70956)
(387, 150, 27643)
(387, 376, 65844)
(387, 53, 8792)
(387, 229, 46188)
(387, 50, 35136)
(387, 83, 9867)
(387, 384, 15836)
(387, 363, 38575)
(387, 289, 931)
(387, 271, 62721)
(387, 198, 59389)
(387, 234, 12782)
(387, 137, 50996)
(387, 189, 7237)
(387, 286, 65254)
(387, 255, 32764)
(387, 201, 9485)
(387, 32, 75188)
(387, 285, 39953)
(387, 21, 47607)
(387, 118, 26008)
(387, 280, 26429)
(387, 165, 47730)
(387, 302, 39003)
(387, 161, 33269)
(387, 259, 25152)
(387, 27, 34514)
(387, 144, 62439)
(387, 61, 47677)
(387, 89, 3776)
(387, 314, 8082)
(387, 37, 13658)
(387, 241, 23726)
(387, 26, 27215)
(387, 215, 3108)
(387, 81, 34949)
(387, 163, 62780)
(387, 212, 45250)
(387, 340, 1494)
(387, 3, 28289)
(387, 44, 51149)
(387, 268, 31423)
(387, 15, 62142)
(387, 381, 51544)
(387, 369, 49431)
(387, 301, 54378)
(387, 51, 49672)
(387, 166, 37217)
(387, 296, 53601)
(388, 243, 54758)
(388, 187, 859)
(388, 88, 63079)
(388, 336, 64642)
(388, 109, 2487)
(388, 291, 17460)
(388, 295, 33211)
(388, 55, 48865)
(388, 10, 41067)
(388, 286, 3422)
(388, 220, 16633)
(388, 387, 74716)
(388, 157, 33860)
(388, 235, 72113)
(388, 297, 53679)
(388, 280, 45979)
(388, 377, 48547)
(388, 165, 50709)
(388, 253, 2777)
(388, 104, 50005)
(388, 254, 45707)
(388, 171, 72733)
(388, 137, 24597)
(388, 190, 12469)
(388, 54, 71724)
(388, 91, 13587)
(388, 309, 26382)
(388, 363, 66747)
(388, 259, 16212)
(388, 41, 32201)
(388, 276, 11274)
(388, 339, 30407)
(388, 332, 58039)
(388, 321, 43069)
(388, 241, 27278)
(388, 385, 28759)
(388, 175, 72056)
(388, 48, 69918)
(388, 81, 39734)
(388, 369, 70145)
(388, 177, 39881)
(388, 262, 2143)
(388, 142, 3018)
(388, 384, 4139)
(388, 197, 24914)
(388, 34, 20504)
(388, 372, 7572)
(388, 85, 8273)
(388, 314, 41059)
(388, 201, 56790)
(388, 108, 64289)
(388, 198, 25659)
(388, 132, 39709)
(388, 242, 75693)
(388, 135, 3552)
(388, 350, 30883)
(388, 217, 67941)
(388, 74, 30079)
(388, 167, 44295)
(388, 222, 29111)
(388, 63, 36104)
(388, 38, 29971)
(388, 214, 8597)
(388, 316, 5400)
(388, 70, 39060)
(388, 1, 5418)
(388, 155, 68709)
(388, 36, 50586)
(388, 272, 74975)
(388, 75, 17036)
(388, 244, 20744)
(388, 87, 57240)
(388, 228, 35580)
(388, 12, 35721)
(388, 106, 58747)
(388, 240, 13107)
(388, 282, 16272)
(388, 326, 17804)
(388, 59, 5950)
(388, 318, 59361)
(388, 182, 51492)
(388, 311, 39051)
(388, 319, 50183)
(388, 210, 73358)
(388, 290, 33928)
(388, 128, 73438)
(388, 152, 10462)
(388, 355, 22416)
(388, 62, 29401)
(388, 193, 30704)
(388, 227, 71241)
(388, 204, 6147)
(388, 131, 2758)
(388, 32, 63689)
(388, 80, 26299)
(388, 357, 32003)
(388, 341, 50386)
(388, 50, 48799)
(388, 315, 54699)
(388, 154, 70217)
(388, 140, 68643)
(388, 145, 10723)
(388, 147, 65779)
(388, 78, 58810)
(388, 95, 64462)
(388, 330, 8535)
(388, 359, 33139)
(388, 322, 54950)
(388, 31, 41757)
(388, 352, 71600)
(388, 358, 25749)
(388, 83, 25013)
(388, 378, 27259)
(388, 14, 27693)
(388, 126, 54391)
(388, 232, 8240)
(388, 224, 11617)
(389, 131, 76279)
(389, 44, 16713)
(389, 291, 64075)
(389, 329, 61234)
(389, 168, 65847)
(390, 13, 40967)
(390, 335, 17173)
(390, 329, 42422)
(390, 59, 37948)
(390, 125, 1420)
(390, 101, 72705)
(390, 149, 59128)
(390, 143, 59856)
(390, 186, 2201)
(390, 135, 63085)
(390, 209, 49496)
(390, 177, 2220)
(390, 292, 28675)
(390, 54, 13910)
(390, 66, 37613)
(390, 291, 61911)
(390, 313, 3087)
(390, 9, 67387)
(390, 342, 24236)
(390, 163, 31744)
(390, 293, 2474)
(390, 35, 50414)
(390, 178, 17028)
(390, 233, 54840)
(390, 3, 43105)
(390, 365, 21282)
(390, 76, 516)
(390, 375, 34525)
(390, 332, 32347)
(390, 356, 39304)
(390, 353, 49678)
(390, 16, 43144)
(390, 126, 30072)
(390, 301, 63646)
(390, 40, 8119)
(390, 52, 734)
(390, 234, 12106)
(390, 33, 14919)
(390, 90, 71819)
(390, 48, 48527)
(390, 97, 13856)
(390, 222, 67346)
(390, 243, 13556)
(390, 366, 68424)
(390, 296, 7376)
(390, 213, 64965)
(390, 308, 63959)
(390, 310, 15787)
(390, 374, 44875)
(390, 212, 22318)
(390, 207, 56697)
(390, 29, 11661)
(390, 175, 42424)
(390, 285, 34692)
(390, 108, 5846)
(390, 91, 28730)
(390, 338, 37743)
(390, 130, 12124)
(390, 235, 14157)
(390, 128, 31075)
(390, 147, 61277)
(390, 17, 57947)
(390, 157, 39514)
(390, 221, 56065)
(390, 346, 57333)
(390, 277, 33656)
(390, 246, 52310)
(390, 183, 66549)
(390, 69, 2878)
(390, 322, 16994)
(390, 173, 30671)
(390, 236, 23997)
(390, 138, 63768)
(390, 78, 32916)
(390, 341, 52076)
(390, 316, 19884)
(390, 275, 42080)
(390, 63, 66560)
(390, 154, 12717)
(390, 31, 24269)
(390, 286, 754)
(390, 8, 12573)
(390, 37, 32074)
(390, 148, 1123)
(390, 334, 46407)
(390, 41, 65825)
(390, 19, 66807)
(390, 133, 32173)
(390, 32, 33956)
(390, 105, 971)
(390, 218, 18856)
(390, 343, 74890)
(390, 144, 9355)
(390, 368, 57854)
(390, 262, 35772)
(390, 129, 10815)
(390, 139, 15654)
(390, 169, 11846)
(390, 220, 13216)
(390, 311, 10108)
(390, 214, 64238)
(390, 1, 27586)
(390, 328, 40620)
(390, 55, 71376)
(390, 141, 29648)
(390, 367, 69316)
(390, 239, 20449)
(390, 51, 64569)
(390, 15, 56944)
(390, 145, 28990)
(390, 230, 71412)
(390, 249, 65017)
(390, 281, 17884)
(390, 93, 46254)
(390, 240, 71756)
(390, 224, 46709)
(390, 307, 34929)
(390, 268, 60925)
(390, 320, 52701)
(390, 193, 23770)
(390, 255, 11589)
(390, 116, 53791)
(390, 87, 22149)
(390, 161, 73924)
(390, 77, 19961)
(390, 10, 27903)
(390, 103, 9961)
(390, 153, 42855)
(390, 68, 31676)
(390, 166, 43620)
(390, 280, 43553)
(390, 257, 23568)
(390, 21, 53077)
(390, 109, 15262)
(390, 223, 7811)
(390, 84, 42728)
(390, 201, 4747)
(390, 11, 8588)
(390, 385, 22471)
(390, 200, 43632)
(390, 381, 46671)
(390, 79, 30670)
(390, 36, 26586)
(390, 323, 35775)
(390, 228, 14756)
(390, 270, 64066)
(390, 256, 36173)
