298
(1, 0, 30624)
(2, 1, 4534)
(3, 1, 17986)
(3, 2, 34232)
(3, 0, 16253)
(4, 2, 10534)
(4, 0, 24174)
(4, 3, 29757)
(5, 2, 34934)
(6, 0, 9877)
(6, 4, 41118)
(6, 3, 14707)
(6, 2, 35825)
(7, 6, 39907)
(7, 3, 28008)
(8, 5, 21538)
(8, 1, 21378)
(9, 0, 38669)
(9, 7, 21320)
(9, 1, 27725)
(10, 0, 7998)
(10, 1, 2194)
(10, 6, 17638)
(10, 5, 362)
(10, 8, 9442)
(10, 2, 6893)
(10, 9, 19223)
(10, 3, 19764)
(10, 7, 37469)
(11, 5, 23685)
(11, 6, 18036)
(12, 3, 39065)
(12, 6, 14440)
(13, 0, 6933)
(14, 4, 8922)
(14, 1, 4760)
(15, 7, 40139)
(15, 5, 39271)
(15, 0, 28088)
(15, 6, 31753)
(15, 8, 4260)
(15, 10, 1670)
(15, 12, 5591)
(15, 1, 14420)
(15, 4, 30266)
(15, 9, 16411)
(15, 11, 29895)
(15, 3, 43200)
(16, 14, 28337)
(16, 8, 18141)
(16, 3, 12200)
(16, 12, 36963)
(16, 13, 13929)
(16, 5, 7930)
(17, 6, 20931)
(17, 12, 183)
(17, 0, 2632)
(17, 10, 16074)
(17, 5, 34998)
(17, 16, 23316)
(17, 8, 25604)
(17, 1, 4739)
(17, 13, 9006)
(17, 2, 31091)
(17, 7, 35259)
(17, 14, 10224)
(17, 3, 22479)
(18, 15, 20843)
(18, 14, 12253)
(18, 1, 9596)
(18, 17, 217)
(18, 0, 2818)
(18, 16, 24587)
(18, 5, 14656)
(18, 4, 27872)
(19, 0, 40026)
(19, 10, 7437)
(19, 16, 20264)
(19, 17, 39703)
(19, 8, 41682)
(19, 11, 2206)
(19, 14, 21957)
(19, 3, 22309)
(19, 12, 19461)
(19, 5, 13545)
(19, 6, 29843)
(19, 18, 6043)
(20, 5, 7684)
(20, 2, 9241)
(20, 19, 14074)
(20, 18, 21542)
(20, 12, 36973)
(20, 10, 26866)
(20, 8, 20945)
(20, 13, 20758)
(20, 6, 21813)
(20, 15, 12197)
(20, 0, 26651)
(21, 19, 23788)
(21, 5, 15824)
(21, 1, 5466)
(21, 2, 7693)
(21, 14, 9044)
(21, 16, 2455)
(21, 6, 6038)
(21, 13, 1504)
(21, 15, 23686)
(21, 7, 41804)
(21, 20, 26245)
(22, 20, 34095)
(22, 8, 18160)
(22, 0, 28316)
(22, 1, 14413)
(22, 5, 26252)
(22, 12, 32751)
(22, 4, 6691)
(22, 14, 2623)
(22, 2, 37280)
(22, 21, 29664)
(22, 3, 20556)
(22, 10, 43590)
(22, 11, 40193)
(22, 18, 23332)
(22, 17, 19501)
(22, 9, 22844)
(22, 15, 25628)
(22, 7, 27134)
(22, 13, 28056)
(23, 22, 23407)
(23, 20, 12240)
(23, 9, 38988)
(23, 15, 36573)
(23, 7, 3579)
(23, 0, 25278)
(23, 14, 42434)
(23, 5, 25844)
(23, 12, 42315)
(23, 6, 28834)
(23, 4, 3659)
(23, 16, 26065)
(23, 2, 38937)
(23, 13, 41985)
(23, 10, 40826)
(23, 11, 26686)
(23, 19, 12034)
(23, 18, 40616)
(23, 17, 7217)
(24, 5, 27119)
(24, 20, 37036)
(24, 6, 33532)
(24, 14, 3794)
(24, 8, 16266)
(24, 15, 8808)
(24, 9, 4401)
(24, 7, 7101)
(24, 0, 21471)
(24, 18, 6312)
(24, 11, 10151)
(24, 3, 26086)
(24, 4, 30483)
(24, 12, 16477)
(24, 13, 36639)
(24, 16, 11451)
(24, 17, 9522)
(25, 5, 35567)
(25, 24, 23889)
(25, 4, 27958)
(25, 1, 19)
(25, 0, 18778)
(25, 22, 43619)
(25, 8, 18716)
(25, 15, 29905)
(26, 24, 25262)
(26, 25, 19750)
(26, 4, 25834)
(26, 8, 11434)
(26, 15, 38320)
(27, 0, 42655)
(27, 18, 26226)
(27, 24, 11067)
(27, 10, 13766)
(27, 11, 17535)
(27, 2, 36262)
(27, 26, 37408)
(27, 12, 21929)
(27, 14, 43153)
(27, 21, 7074)
(27, 23, 17154)
(27, 5, 8783)
(27, 8, 11385)
(27, 22, 16781)
(27, 7, 14211)
(27, 6, 24515)
(27, 15, 20696)
(27, 9, 19777)
(27, 4, 34366)
(27, 3, 14058)
(27, 13, 19305)
(28, 10, 960)
(28, 22, 3888)
(28, 16, 4794)
(28, 15, 26625)
(28, 14, 28382)
(28, 25, 8168)
(28, 19, 33654)
(28, 13, 37140)
(28, 4, 28695)
(28, 12, 41129)
(28, 1, 10120)
(28, 5, 40457)
(28, 20, 43906)
(28, 17, 27874)
(28, 2, 12008)
(28, 9, 4582)
(28, 18, 1677)
(28, 23, 31398)
(28, 7, 40246)
(28, 0, 30999)
(29, 7, 21867)
(29, 20, 38040)
(29, 25, 42232)
(29, 23, 33855)
(29, 22, 42986)
(29, 9, 12675)
(29, 26, 30002)
(29, 14, 13595)
(29, 11, 14048)
(29, 16, 32172)
(30, 10, 39748)
(30, 0, 36134)
(30, 14, 5293)
(31, 4, 41494)
(31, 12, 39759)
(31, 3, 10943)
(31, 13, 17844)
(31, 27, 36516)
(31, 20, 23273)
(31, 28, 19700)
(31, 30, 30443)
(31, 29, 21841)
(31, 11, 43146)
(31, 5, 19301)
(31, 14, 2676)
(31, 15, 25930)
(31, 0, 36765)
(31, 7, 2125)
(31, 26, 18997)
(31, 21, 7014)
(31, 2, 21642)
(31, 6, 4480)
(31, 17, 34829)
(31, 9, 5215)
(31, 1, 13281)
(31, 23, 3328)
(31, 16, 28144)
(31, 18, 6132)
(32, 20, 9157)
(32, 7, 22413)
(32, 24, 3133)
(32, 19, 13308)
(32, 12, 37440)
(32, 16, 43263)
(32, 8, 1258)
(32, 29, 4884)
(32, 14, 11729)
(32, 0, 24828)
(32, 11, 26288)
(32, 28, 15616)
(32, 6, 5059)
(32, 5, 32698)
(32, 31, 1789)
(32, 9, 18896)
(32, 30, 7626)
(32, 4, 9206)
(32, 25, 27710)
(32, 13, 27033)
(32, 3, 28414)
(32, 23, 32306)
(32, 22, 12638)
(32, 21, 5279)
(32, 18, 13096)
(33, 11, 27745)
(33, 24, 861)
(33, 22, 19699)
(33, 16, 24206)
(33, 2, 39817)
(33, 30, 5867)
(33, 28, 15803)
(33, 32, 22062)
(33, 12, 358)
(33, 25, 6328)
(33, 1, 19353)
(33, 31, 38881)
(33, 23, 34742)
(33, 14, 29440)
(33, 10, 8049)
(33, 13, 1252)
(33, 4, 30000)
(33, 9, 32370)
(33, 6, 15503)
(33, 19, 7023)
(33, 3, 5189)
(33, 7, 2478)
(33, 0, 20661)
(33, 5, 41387)
(33, 29, 20879)
(33, 26, 6346)
(34, 2, 23977)
(34, 29, 34183)
(34, 7, 25673)
(34, 27, 27325)
(34, 8, 24027)
(34, 13, 32998)
(34, 20, 13796)
(34, 4, 25660)
(34, 26, 26058)
(34, 30, 3745)
(34, 0, 33599)
(35, 17, 15066)
(35, 34, 20490)
(35, 30, 42560)
(35, 29, 26019)
(35, 23, 5213)
(35, 21, 16015)
(35, 11, 32924)
(35, 16, 27916)
(35, 2, 43764)
(35, 19, 40120)
(35, 14, 16069)
(35, 5, 36705)
(35, 33, 10621)
(35, 26, 12360)
(35, 15, 37696)
(35, 25, 25577)
(35, 28, 9029)
(35, 20, 42023)
(35, 18, 26105)
(35, 8, 5238)
(35, 9, 38235)
(35, 22, 32893)
(35, 13, 16334)
(35, 4, 25741)
(35, 27, 31524)
(35, 1, 34667)
(35, 0, 32305)
(35, 10, 6068)
(35, 3, 16528)
(35, 6, 11841)
(35, 12, 31896)
(35, 31, 2036)
(35, 7, 42855)
(36, 14, 743)
(36, 18, 7716)
(36, 0, 27371)
(36, 27, 21075)
(36, 1, 31619)
(36, 6, 18596)
(36, 33, 8298)
(36, 11, 25291)
(36, 12, 6781)
(36, 20, 12013)
(36, 17, 32013)
(36, 30, 23533)
(36, 8, 12899)
(36, 28, 16665)
(36, 31, 21981)
(36, 29, 11979)
(36, 15, 17846)
(36, 22, 33952)
(36, 19, 41820)
(36, 5, 14498)
(36, 3, 29912)
(36, 21, 22141)
(36, 10, 27799)
(36, 25, 37562)
(37, 5, 5598)
(37, 8, 28763)
(37, 2, 24309)
(37, 1, 40064)
(37, 21, 18555)
(37, 15, 19383)
(37, 34, 39153)
(37, 27, 27606)
(37, 23, 34680)
(37, 9, 40545)
(37, 6, 4509)
(37, 16, 27017)
(37, 30, 31223)
(37, 17, 19108)
(37, 0, 32313)
(38, 36, 8686)
(38, 32, 37827)
(38, 7, 39607)
(38, 8, 4597)
(38, 20, 9789)
(38, 19, 13883)
(38, 13, 35700)
(38, 27, 26508)
(38, 35, 3819)
(38, 29, 22358)
(38, 30, 27430)
(38, 28, 11970)
(38, 0, 39439)
(38, 21, 43065)
(38, 37, 42068)
(38, 3, 24348)
(38, 16, 30621)
(38, 5, 3132)
(38, 23, 34763)
(38, 1, 33039)
(38, 31, 21293)
(38, 26, 40895)
(38, 14, 20862)
(38, 10, 30048)
(38, 24, 40809)
(38, 6, 15935)
(39, 10, 20710)
(39, 18, 16856)
(39, 15, 44189)
(39, 0, 22542)
(39, 33, 19048)
(39, 17, 30417)
(39, 9, 3872)
(39, 35, 40973)
(39, 37, 13206)
(39, 28, 27503)
(39, 25, 2647)
(39, 2, 32162)
(39, 30, 8231)
(39, 8, 11234)
(39, 23, 14735)
(39, 4, 41939)
(39, 19, 33797)
(39, 31, 40672)
(39, 1, 13556)
(39, 6, 12072)
(39, 14, 2321)
(39, 29, 40170)
(39, 5, 14395)
(39, 21, 26256)
(39, 36, 36188)
(39, 7, 29607)
(39, 34, 23974)
(39, 3, 37797)
(39, 22, 38718)
(39, 24, 3187)
(39, 20, 18506)
(39, 16, 15655)
(39, 26, 11962)
(39, 11, 31037)
(39, 12, 33450)
(39, 13, 39479)
(39, 32, 43117)
(40, 28, 39780)
(40, 10, 6984)
(40, 15, 22159)
(40, 35, 35186)
(40, 5, 3074)
(40, 12, 4443)
(40, 25, 2697)
(40, 29, 19855)
(40, 34, 8759)
(40, 39, 41349)
(40, 3, 2968)
(40, 14, 10803)
(40, 4, 22756)
(40, 6, 34323)
(40, 38, 16163)
(40, 20, 33134)
(40, 2, 1445)
(40, 30, 28227)
(40, 13, 33701)
(41, 7, 18137)
(41, 4, 10718)
(41, 9, 17131)
(41, 26, 2890)
(41, 39, 26890)
(41, 3, 30781)
(41, 6, 39140)
(41, 22, 43282)
(41, 16, 8331)
(41, 24, 7112)
(41, 2, 9688)
(41, 12, 30146)
(41, 17, 704)
(41, 8, 14289)
(41, 30, 6248)
(41, 14, 36492)
(41, 27, 15251)
(41, 34, 993)
(41, 13, 4113)
(41, 18, 11259)
(41, 10, 9737)
(42, 22, 26093)
(42, 36, 36115)
(42, 30, 24017)
(42, 41, 19490)
(42, 31, 22803)
(42, 27, 44020)
(42, 39, 42710)
(42, 11, 40106)
(43, 39, 13651)
(43, 10, 14926)
(43, 3, 5302)
(43, 8, 9310)
(43, 6, 29927)
(43, 26, 27582)
(43, 28, 25221)
(43, 12, 1913)
(43, 7, 34275)
(43, 9, 17732)
(43, 37, 18308)
(43, 21, 6983)
(43, 38, 41410)
(43, 23, 8278)
(43, 27, 338)
(43, 19, 25631)
(43, 15, 40548)
(43, 0, 37923)
(43, 30, 6051)
(43, 29, 35006)
(43, 35, 14344)
(43, 42, 14971)
(43, 13, 20437)
(43, 20, 39456)
(43, 11, 17487)
(43, 31, 10812)
(43, 34, 2101)
(43, 22, 32546)
(43, 18, 28206)
(43, 41, 38575)
(43, 32, 16097)
(43, 36, 1996)
(43, 1, 32831)
(43, 17, 7923)
(43, 33, 33230)
(44, 37, 7542)
(44, 1, 12744)
(44, 6, 13632)
(44, 5, 23306)
(44, 16, 1676)
(44, 32, 43917)
(44, 27, 34779)
(44, 21, 33767)
(44, 41, 890)
(44, 3, 14644)
(44, 38, 14808)
(44, 15, 32610)
(44, 24, 24475)
(44, 7, 21240)
(44, 20, 22271)
(44, 10, 31379)
(44, 22, 22182)
(44, 9, 24604)
(44, 39, 32435)
(44, 28, 14014)
(44, 23, 6163)
(44, 19, 12520)
(45, 38, 7986)
(45, 16, 24941)
(45, 26, 26572)
(45, 2, 38488)
(45, 39, 40642)
(45, 25, 35263)
(45, 18, 35803)
(45, 0, 77)
(45, 6, 41541)
(45, 37, 41553)
(45, 27, 23411)
(45, 14, 28400)
(45, 17, 16222)
(45, 3, 17070)
(45, 8, 31058)
(45, 10, 24682)
(45, 11, 7816)
(46, 33, 33026)
(46, 35, 19115)
(46, 21, 32672)
(46, 42, 3211)
(46, 15, 5660)
(46, 24, 6001)
(46, 19, 2845)
(46, 44, 1524)
(46, 5, 19218)
(46, 13, 20091)
(46, 18, 16207)
(46, 2, 42268)
(46, 10, 39648)
(46, 27, 1186)
(46, 12, 4339)
(46, 26, 43056)
(47, 35, 35107)
(47, 18, 21412)
(47, 16, 37184)
(47, 12, 35407)
(47, 30, 42819)
(47, 41, 37764)
(47, 43, 733)
(47, 23, 40104)
(47, 38, 88)
(48, 42, 9729)
(49, 26, 39430)
(49, 34, 6902)
(49, 23, 41059)
(49, 4, 5333)
(49, 38, 30726)
(49, 30, 28494)
(49, 36, 6067)
(49, 11, 1912)
(49, 12, 40305)
(49, 6, 5751)
(49, 33, 16407)
(49, 19, 43510)
(49, 5, 10166)
(49, 8, 15687)
(49, 28, 13522)
(49, 21, 25479)
(49, 3, 43029)
(49, 13, 37530)
(49, 47, 39332)
(49, 16, 6165)
(49, 18, 4508)
(49, 9, 26741)
(49, 10, 41284)
(49, 2, 30098)
(49, 45, 10279)
(49, 24, 33119)
(49, 0, 42912)
(49, 39, 15534)
(49, 35, 40255)
(49, 15, 40439)
(49, 14, 19921)
(49, 44, 19368)
(49, 29, 27949)
(49, 22, 6665)
(49, 43, 29461)
(49, 7, 13000)
(49, 41, 32923)
(49, 25, 42288)
(49, 31, 30559)
(49, 37, 12050)
(49, 48, 14351)
(49, 32, 8496)
(49, 27, 17085)
(49, 20, 30105)
(49, 42, 1231)
(50, 14, 17258)
(50, 7, 7657)
(50, 15, 24007)
(50, 38, 19302)
(50, 17, 26339)
(50, 24, 31362)
(50, 27, 20147)
(50, 1, 18242)
(50, 0, 37340)
(50, 5, 29594)
(50, 6, 32636)
(50, 25, 40692)
(50, 11, 6525)
(50, 16, 19136)
(50, 41, 17148)
(50, 10, 7388)
(50, 9, 28406)
(50, 33, 35099)
(50, 3, 41690)
(50, 30, 43101)
(50, 44, 22557)
(50, 37, 2325)
(50, 48, 43824)
(50, 26, 17027)
(50, 46, 6956)
(50, 12, 15153)
(50, 39, 41395)
(50, 23, 35646)
(50, 40, 42089)
(50, 45, 4894)
(50, 34, 20297)
(50, 8, 13)
(50, 21, 43940)
(50, 35, 32901)
(50, 28, 11954)
(50, 31, 26661)
(51, 25, 21218)
(51, 41, 29174)
(51, 2, 38729)
(51, 14, 7046)
(51, 3, 39733)
(51, 42, 18611)
(51, 15, 146)
(51, 31, 10257)
(51, 33, 44343)
(51, 46, 18748)
(51, 9, 42555)
(51, 24, 22596)
(51, 0, 13718)
(51, 17, 4308)
(51, 30, 20307)
(51, 4, 3401)
(51, 21, 38726)
(51, 26, 22388)
(51, 20, 6527)
(51, 39, 16917)
(51, 8, 10413)
(51, 16, 16563)
(51, 49, 21758)
(51, 19, 4684)
(51, 22, 38924)
(51, 37, 29852)
(51, 38, 9638)
(51, 7, 40875)
(51, 35, 19911)
(51, 1, 21724)
(51, 27, 39698)
(51, 5, 11592)
(51, 34, 33312)
(52, 12, 17213)
(52, 29, 13360)
(52, 20, 35212)
(52, 25, 12456)
(52, 51, 21683)
(52, 4, 28107)
(52, 37, 33409)
(52, 6, 41485)
(52, 50, 35668)
(52, 24, 42712)
(52, 44, 27575)
(52, 31, 41048)
(52, 0, 41661)
(52, 23, 24422)
(52, 30, 33029)
(52, 34, 31728)
(52, 33, 31121)
(52, 28, 12313)
(52, 1, 41350)
(52, 3, 42772)
(52, 15, 30186)
(52, 35, 42545)
(52, 10, 41794)
(52, 39, 13995)
(52, 18, 27907)
(52, 27, 15508)
(52, 14, 22507)
(52, 48, 15343)
(52, 2, 42619)
(52, 49, 949)
(52, 9, 6420)
(52, 19, 41812)
(52, 17, 40237)
(52, 11, 39180)
(52, 43, 34842)
(52, 32, 21807)
(52, 47, 36871)
(52, 5, 18254)
(52, 13, 25651)
(52, 7, 10289)
(52, 42, 16602)
(52, 16, 28768)
(52, 21, 6018)
(52, 8, 28606)
(53, 51, 24997)
(53, 19, 38005)
(53, 11, 5602)
(53, 41, 21603)
(53, 26, 31786)
(53, 42, 28662)
(53, 48, 1935)
(53, 45, 39420)
(53, 36, 20587)
(53, 15, 42943)
(53, 12, 8052)
(53, 23, 36367)
(53, 25, 601)
(53, 40, 40216)
(53, 32, 40085)
(53, 47, 28012)
(53, 9, 22462)
(53, 20, 35580)
(53, 0, 16970)
(53, 24, 32935)
(53, 22, 19338)
(53, 27, 15746)
(53, 50, 27067)
(53, 35, 21377)
(53, 6, 20094)
(53, 44, 43375)
(53, 18, 40097)
(53, 29, 39172)
(53, 31, 24533)
(53, 37, 24773)
(53, 46, 38393)
(53, 4, 10458)
(53, 43, 16982)
(53, 5, 15313)
(54, 34, 32568)
(54, 39, 25614)
(54, 32, 33284)
(54, 18, 27062)
(54, 4, 42879)
(54, 52, 22997)
(54, 23, 5399)
(54, 33, 9381)
(54, 41, 4663)
(54, 48, 24023)
(54, 22, 16261)
(54, 8, 29604)
(54, 21, 24585)
(54, 15, 7448)
(54, 25, 40475)
(54, 43, 32488)
(54, 5, 7016)
(54, 44, 2363)
(54, 6, 18881)
(54, 45, 1970)
(54, 16, 24844)
(54, 30, 5365)
(54, 1, 13211)
(54, 40, 1978)
(54, 47, 35151)
(54, 24, 24745)
(54, 2, 22150)
(54, 42, 29626)
(54, 36, 17996)
(54, 27, 13230)
(54, 0, 20684)
(54, 28, 25669)
(54, 10, 10637)
(54, 37, 36094)
(54, 46, 28186)
(54, 51, 42341)
(54, 12, 28308)
(54, 20, 15030)
(54, 19, 9547)
(54, 29, 42153)
(54, 50, 26797)
(54, 38, 43094)
(54, 9, 39000)
(54, 14, 42496)
(54, 31, 42402)
(55, 46, 16101)
(55, 6, 18776)
(55, 35, 36814)
(55, 1, 23610)
(55, 23, 23773)
(55, 41, 40582)
(55, 11, 15743)
(55, 8, 11007)
(55, 25, 6853)
(55, 28, 23171)
(55, 51, 23961)
(55, 0, 30970)
(55, 48, 7323)
(55, 21, 7995)
(55, 16, 25658)
(55, 47, 12812)
(55, 19, 12221)
(55, 37, 16978)
(55, 45, 12660)
(55, 4, 12933)
(55, 12, 32940)
(55, 53, 3779)
(55, 20, 35013)
(55, 15, 6341)
(55, 44, 8656)
(56, 48, 13991)
(56, 12, 7421)
(56, 0, 43221)
(56, 20, 19653)
(56, 31, 34549)
(56, 15, 21070)
(56, 49, 3123)
(56, 41, 18194)
(56, 42, 27574)
(56, 37, 1747)
(56, 45, 4089)
(56, 21, 2537)
(56, 13, 12670)
(56, 18, 8439)
(56, 29, 23828)
(56, 1, 35275)
(56, 23, 35615)
(56, 26, 33868)
(56, 55, 2129)
(56, 28, 36605)
(57, 5, 4550)
(57, 16, 24082)
(57, 9, 31886)
(57, 49, 12102)
(57, 17, 7177)
(57, 7, 16188)
(57, 25, 3625)
(57, 28, 2460)
(57, 10, 43729)
(57, 31, 30853)
(57, 14, 40677)
(57, 48, 40586)
(57, 45, 36843)
(57, 33, 43010)
(57, 0, 33613)
(57, 23, 41260)
(57, 26, 40129)
(57, 47, 28408)
(57, 46, 8203)
(57, 53, 25557)
(57, 3, 43506)
(57, 50, 27641)
(57, 18, 24310)
(57, 20, 40816)
(57, 37, 24958)
(57, 13, 1744)
(57, 41, 10221)
(57, 21, 21020)
(57, 11, 8564)
(57, 55, 5491)
(57, 29, 7760)
(57, 32, 27585)
(57, 15, 20481)
(58, 29, 2963)
(58, 9, 16430)
(58, 35, 38115)
(58, 47, 7708)
(59, 25, 5517)
(59, 24, 25068)
(59, 58, 13349)
(59, 20, 15780)
(59, 42, 43401)
(59, 22, 16585)
(59, 1, 11467)
(59, 2, 19580)
(59, 14, 38888)
(59, 46, 1279)
(59, 28, 18788)
(59, 23, 35950)
(59, 5, 36596)
(59, 32, 12306)
(59, 10, 28602)
(59, 18, 39500)
(59, 50, 34246)
(59, 19, 21161)
(59, 52, 33985)
(59, 13, 8004)
(59, 44, 19434)
(59, 37, 37682)
(59, 49, 19019)
(59, 15, 9683)
(59, 9, 52)
(59, 4, 43288)
(59, 3, 40036)
(59, 34, 18144)
(59, 0, 22773)
(59, 57, 27611)
(59, 36, 6879)
(59, 51, 24167)
(59, 33, 18511)
(59, 16, 8283)
(59, 53, 12850)
(59, 41, 20260)
(59, 55, 35999)
(59, 29, 2764)
(59, 35, 41647)
(59, 54, 29589)
(59, 7, 31529)
(60, 59, 20961)
(60, 5, 9138)
(60, 8, 18233)
(60, 50, 5190)
(60, 15, 36897)
(60, 25, 20910)
(60, 7, 3800)
(60, 45, 42110)
(60, 58, 21361)
(60, 26, 19912)
(60, 14, 14108)
(60, 47, 31096)
(60, 13, 37951)
(60, 9, 29573)
(60, 36, 7658)
(60, 17, 44350)
(60, 39, 6389)
(60, 31, 43442)
(60, 33, 38917)
(60, 19, 8966)
(60, 21, 25824)
(60, 0, 26408)
(60, 24, 18930)
(60, 43, 25679)
(60, 38, 34337)
(60, 55, 8790)
(60, 42, 18307)
(60, 41, 33550)
(60, 4, 17427)
(60, 12, 18056)
(60, 30, 17018)
(60, 10, 7356)
(60, 6, 30809)
(60, 48, 17878)
(60, 18, 9471)
(60, 27, 43684)
(60, 22, 6508)
(60, 49, 26752)
(61, 35, 36448)
(61, 60, 25020)
(61, 33, 43042)
(61, 2, 6758)
(61, 34, 6909)
(61, 43, 37024)
(61, 52, 12813)
(61, 36, 6627)
(61, 27, 5612)
(61, 37, 22007)
(61, 12, 24408)
(61, 3, 24498)
(61, 17, 31990)
(61, 11, 23421)
(61, 18, 37701)
(61, 21, 24148)
(61, 13, 17378)
(61, 7, 43862)
(61, 0, 14982)
(62, 25, 8226)
(62, 50, 41330)
(62, 23, 34602)
(62, 32, 29940)
(62, 0, 41264)
(62, 38, 35254)
(62, 49, 39333)
(62, 22, 32598)
(62, 54, 14721)
(62, 11, 1056)
(62, 46, 26976)
(62, 37, 11525)
(62, 51, 2300)
(62, 9, 21709)
(62, 40, 10540)
(62, 6, 43901)
(62, 1, 13878)
(62, 39, 20657)
(62, 28, 3512)
(62, 24, 1116)
(62, 30, 11183)
(62, 42, 32974)
(62, 12, 3969)
(62, 58, 33760)
(62, 10, 8042)
(62, 52, 38650)
(62, 31, 18223)
(62, 7, 3339)
(62, 61, 23071)
(62, 26, 7229)
(62, 53, 8525)
(62, 48, 9383)
(62, 21, 42478)
(62, 29, 36185)
(62, 2, 3114)
(62, 17, 41437)
(62, 4, 12105)
(62, 8, 12766)
(62, 20, 1411)
(62, 45, 39742)
(62, 44, 44146)
(62, 60, 6251)
(62, 16, 24908)
(62, 35, 18827)
(62, 43, 17029)
(62, 14, 27568)
(62, 18, 16245)
(62, 47, 8848)
(62, 27, 6334)
(62, 5, 25486)
(62, 33, 18952)
(62, 13, 28113)
(62, 55, 26544)
(62, 41, 15104)
(62, 34, 30700)
(62, 56, 26772)
(62, 36, 29704)
(62, 19, 25868)
(63, 10, 36435)
(63, 41, 36644)
(63, 23, 4835)
(63, 4, 8641)
(63, 15, 26783)
(63, 2, 2395)
(63, 43, 14537)
(63, 59, 3316)
(63, 36, 16531)
(63, 13, 14230)
(63, 61, 12595)
(63, 34, 32897)
(63, 51, 42353)
(63, 47, 1138)
(63, 32, 43614)
(63, 0, 35035)
(63, 38, 7624)
(63, 35, 41577)
(63, 37, 23046)
(63, 33, 21988)
(63, 19, 34894)
(63, 24, 5328)
(63, 25, 16329)
(63, 53, 41445)
(64, 47, 31079)
(64, 25, 37200)
(64, 10, 4563)
(64, 35, 42375)
(64, 14, 34973)
(64, 36, 36832)
(64, 34, 31033)
(64, 31, 26097)
(64, 60, 13432)
(64, 12, 21260)
(64, 45, 41479)
(64, 24, 6514)
(64, 28, 15180)
(64, 29, 31818)
(64, 17, 15951)
(64, 46, 41775)
(64, 5, 4696)
(64, 6, 8167)
(64, 0, 17510)
(64, 16, 7617)
(64, 32, 32688)
(64, 48, 26428)
(65, 51, 9216)
(65, 23, 21834)
(65, 27, 30745)
(66, 2, 27236)
(66, 5, 6005)
(66, 55, 5853)
(66, 36, 19770)
(66, 25, 2381)
(66, 22, 41766)
(66, 45, 16315)
(66, 23, 39422)
(66, 4, 31174)
(66, 16, 4186)
(66, 64, 26620)
(66, 40, 23556)
(66, 11, 11823)
(66, 12, 23907)
(66, 38, 24394)
(66, 3, 30156)
(66, 0, 28615)
(66, 32, 19464)
(66, 34, 26251)
(66, 46, 23009)
(66, 19, 19409)
(66, 39, 29510)
(66, 13, 23901)
(66, 61, 38720)
(66, 1, 27346)
(66, 63, 13143)
(66, 43, 43024)
(66, 49, 69)
(66, 35, 24993)
(66, 56, 19449)
(66, 60, 40498)
(66, 53, 12273)
(66, 30, 31024)
(66, 18, 36947)
(67, 23, 40704)
(67, 45, 14189)
(67, 30, 11131)
(67, 39, 34480)
(67, 40, 29131)
(67, 12, 21752)
(67, 46, 33442)
(67, 42, 43950)
(67, 36, 39062)
(67, 41, 40030)
(67, 13, 5889)
(67, 24, 43964)
(67, 9, 14683)
(67, 53, 19615)
(67, 49, 29075)
(67, 48, 24869)
(67, 60, 37924)
(68, 67, 19397)
(68, 48, 28734)
(68, 44, 14345)
(68, 35, 30724)
(68, 60, 1453)
(68, 43, 37349)
(68, 63, 19541)
(68, 6, 23894)
(68, 54, 9339)
(68, 37, 1271)
(68, 59, 30330)
(68, 7, 27824)
(68, 15, 37643)
(68, 56, 30899)
(68, 16, 11834)
(68, 23, 23814)
(68, 1, 31235)
(68, 5, 29514)
(68, 52, 22133)
(68, 2, 1200)
(68, 14, 3545)
(68, 62, 6285)
(68, 41, 16706)
(68, 32, 36019)
(68, 22, 11547)
(68, 25, 7840)
(68, 55, 43163)
(68, 31, 5324)
(68, 20, 28332)
(68, 3, 20865)
(68, 50, 21472)
(68, 0, 36689)
(68, 18, 11993)
(68, 8, 9152)
(68, 39, 42395)
(68, 64, 43016)
(68, 51, 39662)
(68, 65, 29328)
(69, 15, 9847)
(69, 33, 18317)
(69, 62, 34287)
(69, 22, 11958)
(69, 25, 36452)
(69, 59, 33324)
(69, 13, 8768)
(69, 18, 25897)
(69, 67, 41400)
(69, 4, 39099)
(69, 46, 15571)
(69, 32, 40948)
(69, 24, 42754)
(69, 12, 43944)
(69, 29, 4621)
(69, 47, 35312)
(69, 60, 31996)
(69, 48, 17186)
(69, 21, 13673)
(69, 42, 25138)
(69, 14, 42127)
(69, 68, 38559)
(69, 66, 30065)
(69, 61, 16984)
(69, 8, 12478)
(69, 43, 13121)
(69, 17, 40741)
(69, 20, 8998)
(69, 0, 41698)
(69, 41, 37640)
(69, 35, 4233)
(69, 19, 40465)
(70, 48, 30719)
(70, 47, 28236)
(70, 3, 43320)
(70, 34, 6484)
(70, 68, 29943)
(70, 14, 44159)
(70, 51, 23190)
(70, 18, 21388)
(70, 2, 5057)
(70, 11, 31525)
(70, 53, 3284)
(70, 65, 895)
(70, 35, 8665)
(70, 32, 31253)
(70, 58, 18089)
(70, 60, 34705)
(70, 69, 12556)
(70, 17, 19057)
(70, 27, 41259)
(70, 9, 37620)
(70, 24, 10317)
(70, 52, 3826)
(70, 15, 11375)
(70, 40, 35828)
(70, 59, 16543)
(70, 44, 15994)
(70, 37, 30544)
(70, 29, 24179)
(70, 4, 20682)
(70, 26, 8157)
(70, 12, 9561)
(70, 36, 38052)
(70, 43, 6488)
(70, 31, 37862)
(70, 5, 1597)
(70, 30, 1979)
(70, 10, 38432)
(70, 61, 17374)
(70, 19, 38259)
(70, 55, 2661)
(70, 23, 1250)
(70, 57, 19866)
(70, 54, 31420)
(70, 6, 35336)
(70, 8, 24727)
(70, 67, 13564)
(70, 50, 40742)
(70, 49, 42568)
(70, 1, 476)
(70, 22, 3440)
(70, 0, 35719)
(70, 13, 6)
(70, 64, 27951)
(70, 39, 16226)
(70, 41, 38971)
(70, 42, 9169)
(70, 63, 31673)
(70, 7, 40188)
(70, 28, 23498)
(70, 66, 36292)
(70, 56, 33689)
(70, 25, 3406)
(71, 23, 5642)
(71, 19, 39094)
(71, 44, 3409)
(71, 4, 21831)
(71, 49, 5296)
(71, 29, 15092)
(71, 2, 24049)
(71, 13, 37914)
(71, 9, 42664)
(71, 63, 32961)
(71, 1, 15072)
(71, 67, 10787)
(71, 52, 44112)
(71, 50, 28203)
(71, 61, 2045)
(71, 35, 11898)
(71, 20, 2528)
(71, 7, 3665)
(72, 22, 37803)
(72, 17, 6120)
(72, 8, 27420)
(72, 51, 6742)
(72, 59, 10746)
(72, 33, 34655)
(72, 65, 32571)
(72, 1, 25962)
(72, 30, 30720)
(72, 24, 14582)
(72, 40, 41681)
(72, 3, 7214)
(72, 38, 32176)
(72, 5, 41253)
(72, 54, 19562)
(72, 11, 13786)
(72, 16, 27237)
(72, 57, 5904)
(73, 40, 23402)
(73, 19, 33358)
(73, 7, 20942)
(73, 27, 24688)
(73, 22, 7203)
(73, 11, 15867)
(73, 33, 17753)
(73, 30, 33930)
(74, 62, 24615)
(74, 15, 31190)
(74, 6, 26550)
(74, 36, 21537)
(74, 40, 14885)
(74, 1, 2501)
(74, 31, 31699)
(74, 55, 18454)
(74, 65, 6259)
(74, 59, 17650)
(74, 22, 24947)
(74, 44, 40352)
(74, 4, 15914)
(74, 21, 13210)
(74, 27, 2784)
(74, 8, 31573)
(74, 18, 21485)
(74, 2, 18792)
(74, 47, 41336)
(74, 30, 29327)
(74, 45, 18177)
(74, 3, 36193)
(74, 46, 42265)
(74, 12, 18256)
(74, 72, 5481)
(74, 7, 18379)
(74, 60, 4482)
(74, 63, 13267)
(74, 41, 40107)
(74, 73, 30198)
(74, 57, 16825)
(74, 38, 18356)
(74, 50, 661)
(74, 43, 44321)
(74, 54, 37966)
(74, 26, 24354)
(74, 23, 6485)
(74, 56, 40664)
(74, 33, 20154)
(74, 13, 38865)
(74, 11, 22132)
(74, 0, 41762)
(74, 17, 20004)
(74, 28, 20041)
(74, 68, 16791)
(74, 24, 12481)
(74, 32, 11042)
(74, 67, 20273)
(74, 37, 9468)
(74, 20, 16724)
(74, 29, 14486)
(74, 14, 29705)
(74, 16, 39386)
(74, 35, 38694)
(74, 69, 27238)
(74, 25, 38433)
(74, 39, 32722)
(74, 61, 9447)
(74, 58, 43092)
(74, 5, 43705)
(75, 54, 35067)
(75, 31, 7342)
(75, 55, 16182)
(75, 6, 14686)
(75, 62, 41728)
(75, 52, 3924)
(75, 10, 24015)
(75, 12, 42062)
(75, 5, 38186)
(75, 20, 4014)
(75, 30, 30215)
(75, 44, 38248)
(75, 38, 35185)
(75, 7, 26471)
(75, 40, 25637)
(75, 51, 11942)
(75, 63, 35957)
(75, 18, 4117)
(75, 43, 19939)
(75, 70, 38764)
(75, 61, 4973)
(75, 58, 23064)
(75, 14, 34640)
(76, 7, 41297)
(76, 37, 37590)
(76, 12, 6982)
(76, 68, 37507)
(76, 43, 6668)
(76, 44, 11262)
(76, 18, 21781)
(76, 45, 5283)
(76, 25, 38541)
(76, 6, 16458)
(76, 29, 38414)
(76, 55, 8375)
(76, 67, 36158)
(76, 72, 11914)
(76, 38, 35329)
(76, 40, 26696)
(76, 65, 4538)
(76, 14, 24677)
(76, 24, 4379)
(76, 56, 30742)
(76, 54, 4053)
(77, 67, 11813)
(77, 46, 12723)
(77, 13, 32631)
(77, 14, 15145)
(77, 17, 1418)
(77, 58, 22423)
(77, 2, 35703)
(77, 29, 16095)
(77, 34, 29255)
(77, 75, 26356)
(77, 16, 23468)
(77, 20, 40319)
(77, 39, 44288)
(77, 43, 12055)
(77, 35, 8155)
(77, 19, 15670)
(77, 74, 4984)
(77, 63, 35611)
(77, 6, 4005)
(77, 53, 6698)
(77, 55, 2037)
(77, 10, 37635)
(77, 30, 35702)
(77, 23, 33737)
(77, 62, 27504)
(77, 57, 28073)
(77, 52, 21974)
(77, 36, 40086)
(77, 56, 319)
(77, 73, 28600)
(77, 40, 13403)
(77, 69, 4747)
(77, 64, 18440)
(77, 59, 17932)
(77, 47, 12331)
(77, 15, 29609)
(77, 38, 21751)
(77, 51, 31907)
(77, 4, 42722)
(77, 42, 21390)
(77, 1, 351)
(77, 72, 15048)
(77, 24, 13880)
(77, 66, 25693)
(77, 76, 30907)
(77, 50, 35562)
(77, 33, 11041)
(77, 71, 3380)
(77, 11, 11722)
(77, 68, 2933)
(77, 48, 7987)
(77, 70, 13750)
(77, 31, 638)
(77, 32, 29179)
(78, 27, 18889)
(78, 2, 42305)
(78, 21, 20364)
(78, 59, 2554)
(78, 1, 20864)
(78, 72, 25467)
(78, 60, 24929)
(78, 77, 3968)
(78, 55, 1332)
(78, 37, 28890)
(78, 18, 12343)
(78, 70, 31039)
(78, 74, 37779)
(78, 39, 21013)
(78, 65, 19171)
(78, 50, 14704)
(78, 41, 19233)
(78, 14, 28108)
(78, 31, 36117)
(78, 46, 1108)
(78, 53, 1826)
(78, 36, 6297)
(78, 17, 16052)
(78, 43, 6540)
(78, 22, 42821)
(78, 19, 36819)
(78, 58, 43779)
(78, 32, 34304)
(78, 6, 41930)
(78, 35, 16482)
(78, 75, 31679)
(78, 4, 21071)
(78, 76, 35470)
(78, 8, 32008)
(78, 20, 23820)
(78, 62, 32241)
(78, 11, 17613)
(78, 54, 23175)
(78, 7, 5574)
(78, 16, 10190)
(78, 51, 15170)
(78, 9, 4418)
(78, 29, 10780)
(78, 73, 9002)
(78, 23, 336)
(78, 68, 3485)
(78, 44, 2334)
(78, 5, 42262)
(78, 52, 35777)
(78, 64, 10927)
(78, 49, 14386)
(78, 61, 41574)
(78, 69, 43358)
(78, 47, 5415)
(78, 33, 13866)
(78, 48, 10390)
(79, 2, 5831)
(79, 52, 1199)
(79, 31, 23720)
(79, 77, 15544)
(79, 11, 9841)
(79, 33, 840)
(79, 39, 3815)
(79, 36, 39602)
(79, 27, 19957)
(79, 72, 16906)
(79, 9, 1184)
(79, 14, 31305)
(79, 21, 24041)
(79, 4, 36602)
(79, 48, 5329)
(79, 38, 43246)
(79, 64, 4198)
(79, 68, 33656)
(79, 59, 38318)
(79, 47, 8517)
(79, 18, 5599)
(79, 19, 29063)
(79, 7, 1966)
(79, 15, 6880)
(79, 26, 4037)
(79, 73, 26261)
(79, 32, 29734)
(79, 37, 28511)
(79, 74, 30458)
(79, 76, 11589)
(79, 44, 8625)
(79, 50, 29531)
(79, 78, 22266)
(79, 49, 29077)
(79, 3, 35948)
(79, 34, 799)
(79, 12, 39462)
(79, 57, 11469)
(79, 8, 13325)
(79, 42, 31774)
(79, 75, 36024)
(79, 1, 11445)
(79, 70, 11648)
(79, 16, 24473)
(79, 62, 21578)
(79, 66, 6026)
(79, 61, 4858)
(79, 63, 3834)
(79, 0, 5693)
(79, 46, 34029)
(79, 30, 16218)
(79, 20, 28672)
(79, 45, 31297)
(79, 22, 37916)
(79, 23, 42278)
(79, 41, 10695)
(80, 15, 31036)
(80, 9, 13896)
(80, 55, 8574)
(80, 17, 29241)
(80, 32, 12103)
(80, 35, 18119)
(80, 25, 30582)
(80, 62, 15659)
(80, 78, 12900)
(80, 65, 44142)
(80, 77, 241)
(80, 10, 13705)
(80, 4, 24334)
(80, 61, 36709)
(80, 41, 24056)
(80, 59, 18376)
(80, 38, 17049)
(80, 8, 30732)
(80, 49, 17964)
(80, 31, 16178)
(80, 7, 25189)
(80, 18, 40533)
(80, 52, 29334)
(80, 37, 8380)
(80, 36, 40785)
(80, 19, 9544)
(80, 72, 35555)
(80, 46, 29777)
(81, 39, 24886)
(81, 23, 26293)
(81, 35, 13958)
(81, 7, 34805)
(81, 41, 6271)
(81, 55, 27791)
(81, 14, 22881)
(81, 0, 43529)
(81, 44, 34850)
(81, 52, 40648)
(81, 80, 17136)
(81, 63, 7670)
(81, 57, 20022)
(81, 69, 6077)
(81, 27, 2108)
(81, 19, 44338)
(81, 3, 36338)
(81, 4, 38374)
(81, 47, 31404)
(81, 38, 25999)
(81, 65, 39828)
(81, 77, 22751)
(81, 46, 11265)
(81, 34, 17675)
(81, 31, 953)
(81, 24, 19387)
(81, 79, 40427)
(81, 62, 30482)
(81, 72, 31857)
(81, 9, 8184)
(81, 71, 3153)
(81, 15, 31683)
(81, 59, 32588)
(81, 49, 37954)
(81, 1, 37720)
(81, 78, 7340)
(81, 29, 30471)
(81, 60, 40706)
(81, 25, 42000)
(81, 10, 12248)
(81, 70, 9398)
(81, 50, 12720)
(81, 5, 3300)
(81, 45, 41225)
(81, 43, 3690)
(81, 74, 17903)
(81, 48, 7317)
(81, 28, 24564)
(81, 18, 4926)
(81, 54, 499)
(81, 16, 11247)
(81, 40, 43743)
(81, 37, 39196)
(81, 68, 15193)
(81, 56, 33971)
(81, 12, 3116)
(81, 42, 15090)
(81, 32, 35413)
(81, 36, 318)
(81, 6, 31752)
(81, 75, 10249)
(81, 61, 2576)
(82, 27, 27892)
(82, 42, 12816)
(82, 57, 25825)
(82, 6, 40590)
(82, 35, 23232)
(82, 51, 20387)
(82, 24, 6907)
(82, 75, 28836)
(82, 21, 25298)
(82, 15, 6387)
(82, 9, 20472)
(82, 47, 38992)
(82, 49, 21422)
(82, 81, 19410)
(82, 4, 12557)
(82, 74, 27540)
(82, 64, 23911)
(82, 60, 24443)
(82, 55, 36815)
(82, 56, 32465)
(82, 8, 27719)
(82, 34, 38709)
(82, 14, 1915)
(82, 20, 5989)
(82, 63, 11285)
(82, 12, 17739)
(82, 68, 30985)
(82, 16, 41776)
(82, 66, 43574)
(82, 25, 12385)
(82, 11, 15692)
(82, 48, 28635)
(82, 31, 6538)
(82, 10, 36349)
(82, 41, 14476)
(82, 46, 40904)
(82, 50, 5984)
(82, 78, 42913)
(82, 54, 18058)
(82, 3, 34306)
(82, 7, 7610)
(82, 26, 35650)
(82, 77, 13976)
(82, 22, 3889)
(82, 52, 30627)
(82, 67, 2229)
(82, 29, 39925)
(82, 0, 16962)
(82, 13, 25346)
(82, 65, 10313)
(83, 12, 14424)
(83, 0, 28579)
(83, 6, 31359)
(83, 24, 23139)
(83, 80, 5560)
(83, 73, 34457)
(83, 63, 40041)
(83, 5, 9291)
(83, 65, 7423)
(83, 54, 31865)
(83, 82, 1136)
(83, 77, 24977)
(83, 13, 10819)
(83, 31, 6826)
(83, 23, 3438)
(83, 62, 40502)
(83, 60, 17850)
(83, 35, 6519)
(83, 47, 20937)
(83, 74, 7736)
(83, 56, 23829)
(83, 61, 12646)
(83, 38, 35525)
(83, 1, 30407)
(83, 48, 34262)
(83, 76, 3248)
(83, 58, 5277)
(83, 78, 20439)
(83, 64, 12030)
(83, 10, 15860)
(83, 29, 17977)
(83, 9, 18526)
(83, 37, 7123)
(83, 4, 19656)
(83, 33, 25863)
(83, 52, 39989)
(83, 34, 17045)
(83, 17, 32111)
(83, 27, 20448)
(83, 19, 28223)
(83, 53, 29375)
(83, 44, 14444)
(83, 7, 33555)
(83, 49, 28869)
(83, 22, 22109)
(83, 55, 42150)
(83, 15, 5268)
(83, 57, 1993)
(83, 71, 11587)
(83, 46, 4058)
(83, 41, 295)
(84, 50, 31240)
(84, 19, 10187)
(84, 4, 21476)
(84, 28, 16705)
(84, 0, 18711)
(84, 72, 28386)
(84, 57, 39491)
(84, 83, 29717)
(84, 61, 32561)
(84, 59, 34028)
(84, 49, 2461)
(84, 25, 15507)
(84, 2, 36630)
(84, 39, 41168)
(84, 24, 33506)
(84, 48, 16965)
(84, 62, 38579)
(84, 52, 10761)
(84, 74, 7981)
(84, 60, 43603)
(85, 26, 30247)
(85, 28, 10996)
(85, 57, 21162)
(85, 56, 304)
(85, 54, 9858)
(85, 7, 26418)
(85, 81, 8569)
(85, 41, 20971)
(85, 6, 4845)
(85, 58, 9036)
(85, 73, 2689)
(85, 66, 36406)
(85, 61, 21242)
(85, 59, 23015)
(85, 33, 32739)
(85, 65, 30201)
(85, 36, 16577)
(85, 3, 20211)
(85, 38, 32904)
(85, 11, 35690)
(85, 52, 26350)
(85, 46, 3143)
(85, 80, 23919)
(85, 82, 22012)
(85, 18, 10161)
(85, 70, 6778)
(85, 22, 16741)
(85, 84, 41764)
(85, 29, 31787)
(85, 5, 10037)
(85, 75, 23957)
(85, 64, 35172)
(85, 76, 14202)
(85, 1, 8233)
(85, 4, 22193)
(85, 68, 39582)
(85, 9, 10708)
(85, 35, 17471)
(85, 45, 17618)
(85, 60, 2427)
(85, 16, 42817)
(85, 21, 23265)
(85, 53, 36811)
(86, 27, 21678)
(86, 31, 16463)
(86, 76, 41927)
(86, 37, 12328)
(86, 57, 18435)
(86, 73, 40946)
(86, 69, 41427)
(86, 5, 27857)
(86, 74, 14475)
(86, 63, 4003)
(86, 29, 32214)
(86, 42, 3856)
(86, 15, 3159)
(86, 2, 41003)
(86, 46, 38929)
(86, 40, 20821)
(86, 58, 8670)
(86, 1, 42761)
(86, 36, 6641)
(86, 38, 34108)
(87, 1, 18196)
(87, 63, 34443)
(87, 58, 13323)
(87, 26, 38583)
(87, 34, 27507)
(87, 81, 19975)
(87, 70, 8926)
(87, 45, 4639)
(87, 77, 23883)
(87, 51, 30824)
(87, 3, 29855)
(87, 20, 16205)
(87, 62, 15404)
(87, 10, 42367)
(87, 75, 31791)
(87, 27, 40994)
(87, 64, 22310)
(87, 36, 14965)
(87, 38, 8151)
(87, 46, 43550)
(87, 0, 31993)
(87, 66, 31045)
(87, 21, 21559)
(87, 31, 44003)
(87, 12, 23182)
(87, 37, 5759)
(87, 82, 5645)
(87, 2, 7462)
(87, 79, 25193)
(87, 65, 40261)
(87, 17, 5814)
(87, 49, 10103)
(87, 72, 38933)
(87, 86, 9378)
(87, 35, 7514)
(87, 57, 31942)
(87, 5, 3323)
(87, 19, 26739)
(87, 69, 24650)
(87, 43, 22951)
(87, 76, 12773)
(87, 60, 15932)
(87, 61, 27935)
(87, 4, 36720)
(87, 8, 23107)
(87, 52, 3246)
(87, 53, 24674)
(87, 25, 14279)
(87, 50, 7932)
(87, 48, 15218)
(87, 24, 27529)
(87, 56, 37012)
(87, 22, 10327)
(87, 71, 36052)
(87, 14, 32711)
(87, 30, 9016)
(87, 44, 38212)
(87, 33, 5806)
(87, 42, 26921)
(87, 83, 12169)
(87, 74, 11865)
(87, 84, 11988)
(87, 7, 20351)
(87, 16, 26629)
(87, 73, 34827)
(87, 11, 12639)
(87, 47, 18899)
(87, 41, 2775)
(87, 85, 28395)
(87, 32, 39808)
(87, 67, 21459)
(87, 29, 41887)
(87, 13, 41321)
(88, 11, 9374)
(88, 17, 7765)
(88, 7, 15107)
(88, 75, 14195)
(88, 25, 11578)
(88, 64, 34100)
(88, 85, 11404)
(88, 81, 30679)
(88, 2, 38671)
(88, 14, 39310)
(88, 73, 25465)
(88, 68, 12436)
(88, 65, 33919)
(88, 28, 25923)
(88, 79, 38450)
(88, 67, 28181)
(88, 8, 32514)
(88, 74, 12688)
(88, 39, 11308)
(88, 72, 36021)
(88, 13, 16431)
(88, 40, 17897)
(88, 49, 21452)
(88, 6, 24526)
(88, 5, 3312)
(88, 3, 4323)
(88, 66, 28268)
(88, 1, 3140)
(88, 69, 32010)
(88, 77, 6722)
(88, 35, 27277)
(88, 12, 26140)
(88, 54, 16677)
(88, 34, 37897)
(88, 30, 19343)
(88, 56, 39003)
(88, 58, 21255)
(88, 36, 8124)
(88, 60, 18114)
(88, 52, 7714)
(88, 26, 12260)
(88, 76, 16194)
(88, 10, 13288)
(88, 44, 8056)
(88, 57, 8332)
(88, 43, 16000)
(89, 59, 25058)
(89, 23, 26819)
(89, 32, 572)
(89, 47, 19953)
(89, 12, 36895)
(89, 43, 28582)
(89, 17, 40141)
(89, 14, 34065)
(89, 86, 14405)
(89, 44, 30691)
(89, 45, 32537)
(89, 4, 27967)
(89, 72, 19324)
(89, 82, 3574)
(89, 11, 29297)
(89, 7, 26435)
(89, 5, 30028)
(89, 62, 8961)
(89, 69, 35243)
(89, 28, 8011)
(89, 67, 36640)
(89, 56, 5625)
(89, 6, 40422)
(90, 31, 24343)
(90, 63, 22013)
(90, 70, 20717)
(90, 69, 17867)
(90, 18, 15071)
(90, 73, 33600)
(90, 67, 26632)
(90, 26, 1802)
(90, 55, 26694)
(90, 42, 38350)
(90, 44, 5243)
(90, 5, 16152)
(90, 3, 3029)
(90, 66, 723)
(90, 39, 35972)
(90, 7, 14390)
(90, 54, 18204)
(90, 14, 28762)
(90, 56, 16854)
(90, 29, 15678)
(90, 86, 1519)
(90, 88, 37418)
(90, 83, 14415)
(90, 37, 12959)
(90, 77, 20140)
(90, 23, 14604)
(90, 82, 39380)
(90, 59, 29707)
(90, 89, 35120)
(90, 6, 16573)
(90, 50, 31372)
(90, 2, 4055)
(90, 1, 26678)
(90, 12, 31575)
(90, 4, 9649)
(90, 24, 29836)
(90, 79, 9323)
(90, 19, 27626)
(90, 52, 33235)
(90, 75, 42236)
(90, 81, 21899)
(90, 71, 14364)
(90, 80, 9820)
(90, 10, 15583)
(90, 46, 37043)
(90, 51, 22344)
(90, 41, 21047)
(90, 43, 30594)
(90, 61, 15345)
(90, 38, 28781)
(90, 64, 17961)
(90, 34, 40935)
(90, 40, 9651)
(90, 53, 36595)
(90, 48, 28623)
(90, 57, 22614)
(90, 74, 8419)
(90, 22, 36972)
(90, 78, 19801)
(90, 0, 10489)
(90, 68, 35550)
(91, 50, 21979)
(91, 39, 6317)
(91, 49, 10251)
(91, 90, 42923)
(91, 6, 26757)
(91, 53, 37693)
(91, 57, 6496)
(91, 89, 3906)
(91, 15, 40028)
(91, 47, 24108)
(91, 66, 13869)
(91, 29, 6159)
(91, 65, 22814)
(91, 13, 21721)
(91, 8, 9280)
(91, 35, 30863)
(91, 67, 37405)
(91, 51, 29648)
(91, 27, 40963)
(91, 41, 31834)
(91, 60, 23582)
(91, 23, 15921)
(91, 37, 17276)
(91, 36, 12420)
(91, 82, 14285)
(91, 22, 43936)
(91, 33, 4129)
(91, 40, 43464)
(91, 4, 43846)
(91, 55, 14666)
(91, 19, 24917)
(91, 71, 17674)
(91, 56, 6770)
(91, 77, 43304)
(91, 5, 34060)
(91, 38, 34679)
(91, 64, 20300)
(91, 43, 33449)
(91, 24, 40637)
(91, 7, 11853)
(91, 63, 21691)
(91, 28, 40014)
(91, 18, 16352)
(91, 14, 10060)
(91, 42, 2893)
(91, 72, 40266)
(91, 58, 35856)
(91, 12, 30453)
(91, 11, 10931)
(91, 30, 44187)
(91, 31, 41955)
(91, 83, 27846)
(91, 87, 7209)
(91, 44, 37450)
(91, 79, 37911)
(91, 68, 19067)
(91, 78, 7084)
(91, 46, 18286)
(91, 0, 7310)
(91, 59, 6912)
(92, 5, 15515)
(92, 29, 2789)
(92, 74, 36352)
(92, 13, 31995)
(92, 12, 26340)
(92, 19, 13128)
(92, 56, 4447)
(92, 63, 24061)
(92, 73, 2009)
(92, 14, 38470)
(92, 35, 17875)
(92, 65, 26359)
(92, 1, 40357)
(92, 28, 36043)
(92, 77, 41136)
(92, 70, 18348)
(92, 89, 40448)
(92, 61, 30124)
(92, 54, 30462)
(92, 42, 22653)
(92, 83, 33438)
(92, 26, 29496)
(92, 52, 11987)
(92, 11, 3583)
(92, 3, 10004)
(92, 82, 14595)
(92, 53, 29700)
(92, 24, 12778)
(92, 9, 26560)
(92, 30, 16698)
(93, 86, 34140)
(93, 60, 22319)
(93, 43, 4613)
(93, 23, 30399)
(93, 48, 43758)
(93, 1, 31750)
(93, 39, 31101)
(93, 34, 2892)
(93, 36, 6589)
(93, 45, 10235)
(93, 41, 7274)
(93, 77, 35591)
(93, 74, 18492)
(93, 5, 32270)
(93, 32, 1356)
(93, 30, 16753)
(93, 85, 28897)
(93, 64, 12406)
(93, 53, 17820)
(93, 15, 3654)
(93, 73, 19276)
(93, 81, 41161)
(93, 0, 8832)
(93, 68, 44063)
(93, 8, 22378)
(93, 52, 35542)
(93, 50, 747)
(93, 89, 14)
(93, 72, 12956)
(93, 71, 17477)
(93, 6, 4644)
(93, 87, 33295)
(93, 3, 20603)
(93, 57, 34609)
(93, 83, 26601)
(93, 90, 16312)
(93, 84, 33244)
(93, 51, 36766)
(93, 16, 22208)
(93, 49, 13955)
(93, 9, 12824)
(93, 11, 25638)
(93, 19, 24047)
(93, 59, 23994)
(93, 65, 3541)
(93, 88, 2496)
(93, 54, 26142)
(93, 80, 42562)
(93, 47, 14831)
(93, 46, 41767)
(93, 44, 8536)
(93, 67, 42229)
(93, 31, 23295)
(93, 92, 40269)
(93, 58, 24833)
(93, 69, 31046)
(93, 25, 3058)
(93, 55, 25120)
(93, 40, 8418)
(93, 24, 963)
(93, 42, 42237)
(93, 26, 21064)
(94, 48, 29007)
(94, 87, 14657)
(94, 72, 18187)
(94, 45, 18628)
(94, 74, 13373)
(94, 61, 3587)
(94, 22, 24114)
(94, 73, 22725)
(94, 8, 10697)
(94, 15, 11429)
(94, 7, 2097)
(94, 83, 23061)
(94, 50, 9711)
(94, 11, 3832)
(94, 70, 1984)
(94, 77, 41403)
(94, 54, 33400)
(94, 59, 39063)
(94, 86, 434)
(94, 25, 2573)
(94, 44, 5654)
(94, 90, 17416)
(94, 34, 6386)
(94, 68, 15358)
(94, 40, 19710)
(94, 52, 38190)
(94, 43, 9414)
(94, 28, 2820)
(94, 55, 17384)
(94, 92, 6096)
(94, 31, 12800)
(94, 26, 14615)
(94, 84, 19378)
(94, 80, 15005)
(94, 1, 3062)
(94, 5, 21381)
(94, 63, 33821)
(94, 6, 9304)
(94, 82, 33722)
(94, 71, 13344)
(94, 30, 23359)
(94, 89, 11700)
(94, 79, 21619)
(94, 67, 13272)
(94, 33, 10730)
(94, 93, 8122)
(94, 85, 10834)
(94, 24, 21874)
(94, 51, 17260)
(94, 10, 36496)
(94, 42, 4567)
(94, 41, 31569)
(94, 3, 16439)
(94, 19, 29506)
(94, 91, 28788)
(94, 37, 11168)
(94, 66, 18280)
(94, 36, 9760)
(94, 53, 25901)
(94, 46, 1911)
(94, 78, 30517)
(94, 65, 27918)
(94, 9, 34158)
(94, 17, 2652)
(94, 23, 16044)
(94, 13, 41525)
(95, 66, 14383)
(95, 65, 12392)
(95, 53, 19448)
(95, 26, 10136)
(95, 20, 14988)
(95, 88, 34231)
(95, 51, 23677)
(95, 29, 41674)
(95, 93, 16502)
(95, 27, 13975)
(95, 8, 15502)
(95, 16, 807)
(95, 3, 4291)
(95, 36, 38828)
(95, 80, 24462)
(95, 32, 14878)
(95, 2, 9281)
(96, 3, 11072)
(96, 89, 29032)
(96, 4, 30380)
(96, 84, 6263)
(96, 92, 26266)
(96, 55, 17797)
(96, 19, 6710)
(96, 45, 22808)
(96, 68, 31029)
(96, 21, 11792)
(96, 71, 21083)
(96, 57, 11349)
(96, 61, 19830)
(96, 17, 760)
(96, 28, 36127)
(96, 9, 43136)
(96, 43, 39887)
(96, 63, 18911)
(96, 87, 10833)
(96, 62, 38587)
(96, 5, 37886)
(96, 0, 32799)
(96, 93, 19727)
(96, 24, 44163)
(96, 11, 3200)
(96, 70, 41392)
(96, 8, 31604)
(96, 50, 32028)
(96, 94, 39795)
(96, 86, 22003)
(96, 48, 23173)
(96, 79, 20726)
(96, 69, 22469)
(96, 66, 15603)
(96, 18, 2824)
(96, 20, 10150)
(96, 10, 15505)
(96, 81, 14577)
(96, 7, 28813)
(96, 73, 36509)
(96, 13, 35975)
(96, 80, 534)
(96, 2, 1295)
(96, 1, 42494)
(96, 56, 4604)
(96, 14, 20201)
(96, 60, 15804)
(96, 83, 7167)
(96, 44, 40661)
(96, 40, 5990)
(96, 58, 35574)
(96, 59, 13324)
(96, 29, 11444)
(96, 37, 34753)
(96, 85, 14540)
(96, 75, 35744)
(96, 72, 39155)
(96, 53, 22288)
(96, 35, 19654)
(96, 67, 8674)
(96, 74, 12695)
(96, 32, 7460)
(96, 54, 26344)
(96, 78, 31218)
(96, 41, 34150)
(96, 91, 31238)
(96, 36, 10529)
(96, 64, 19164)
(96, 16, 39234)
(96, 25, 1583)
(97, 0, 11209)
(97, 54, 2488)
(97, 9, 18591)
(97, 59, 5643)
(97, 39, 23779)
(97, 93, 659)
(97, 3, 4500)
(97, 12, 41007)
(97, 21, 24599)
(97, 79, 27131)
(97, 58, 8221)
(97, 80, 13623)
(97, 90, 37297)
(97, 11, 600)
(97, 92, 16570)
(97, 76, 32389)
(97, 8, 34717)
(97, 34, 7210)
(97, 65, 27680)
(97, 96, 22068)
(97, 88, 19844)
(97, 55, 8704)
(97, 5, 19992)
(97, 60, 21902)
(97, 89, 7951)
(97, 40, 37445)
(97, 95, 32988)
(97, 15, 8392)
(97, 71, 16153)
(97, 69, 28062)
(97, 62, 8435)
(97, 61, 18467)
(97, 53, 28131)
(97, 14, 42990)
(97, 13, 19692)
(97, 75, 35343)
(97, 50, 39118)
(97, 45, 18844)
(97, 4, 7971)
(97, 56, 15757)
(97, 82, 28508)
(97, 1, 2433)
(97, 86, 26068)
(97, 74, 1500)
(97, 66, 34128)
(97, 10, 22307)
(97, 6, 20665)
(97, 68, 39214)
(97, 44, 36180)
(97, 91, 12966)
(97, 7, 10406)
(97, 46, 9295)
(97, 41, 30448)
(97, 67, 26802)
(97, 38, 17354)
(97, 52, 18751)
(98, 33, 21594)
(98, 7, 29587)
(98, 18, 17680)
(98, 23, 7207)
(98, 65, 3046)
(98, 36, 5533)
(98, 61, 11556)
(98, 80, 6812)
(98, 27, 7945)
(98, 20, 41177)
(98, 90, 3681)
(98, 19, 4885)
(98, 48, 17230)
(98, 22, 5830)
(98, 67, 31254)
(98, 81, 36805)
(98, 70, 19901)
(98, 34, 22076)
(98, 59, 28568)
(98, 8, 39361)
(98, 73, 10069)
(98, 3, 14095)
(98, 82, 39944)
(98, 71, 7520)
(98, 16, 12252)
(98, 30, 25214)
(99, 52, 29781)
(99, 27, 27494)
(99, 9, 25845)
(99, 2, 22649)
(99, 84, 34129)
(99, 83, 5539)
(99, 53, 37249)
(99, 65, 33976)
(99, 59, 28182)
(99, 95, 39107)
(99, 5, 28641)
(99, 49, 14680)
(99, 23, 5273)
(99, 90, 37488)
(99, 64, 33435)
(99, 97, 17832)
(99, 78, 37285)
(99, 30, 2044)
(99, 3, 22796)
(99, 16, 18699)
(99, 47, 12445)
(99, 21, 4838)
(99, 10, 26376)
(99, 44, 31296)
(99, 75, 6366)
(99, 6, 32099)
(99, 93, 15620)
(99, 51, 29472)
(99, 62, 12177)
(99, 12, 23767)
(99, 63, 20955)
(99, 79, 9609)
(99, 41, 6960)
(99, 17, 33766)
(99, 34, 13566)
(99, 74, 41372)
(99, 29, 38410)
(99, 31, 21324)
(99, 50, 29618)
(99, 35, 19402)
(99, 39, 36980)
(99, 61, 30031)
(99, 94, 28306)
(99, 88, 27674)
(99, 67, 23749)
(99, 96, 9459)
(99, 57, 6625)
(99, 22, 36736)
(99, 24, 25340)
(99, 15, 37457)
(99, 87, 37106)
(99, 7, 41730)
(99, 42, 17019)
(99, 68, 15364)
(99, 13, 10749)
(99, 19, 35213)
(99, 18, 41084)
(99, 4, 14177)
(99, 46, 33483)
(99, 8, 34099)
(99, 37, 18407)
(99, 45, 19520)
(99, 91, 27349)
(99, 81, 18217)
(99, 32, 29258)
(99, 80, 12032)
(99, 43, 27551)
(99, 73, 1009)
(99, 48, 29342)
(99, 60, 40110)
(99, 86, 30168)
(99, 71, 30034)
(99, 40, 40243)
(99, 70, 3939)
(99, 89, 32433)
(99, 85, 23201)
(99, 20, 946)
(99, 82, 10400)
(99, 77, 1797)
(99, 0, 4436)
(99, 66, 23287)
(99, 98, 15700)
(99, 14, 29884)
(99, 58, 22142)
(99, 33, 7887)
(100, 27, 22946)
(100, 2, 35502)
(100, 67, 1646)
(100, 91, 22874)
(100, 0, 3621)
(100, 60, 19052)
(100, 82, 11985)
(100, 98, 39553)
(100, 63, 11767)
(100, 41, 4521)
(100, 4, 40122)
(100, 33, 27412)
(100, 49, 33638)
(100, 99, 19934)
(100, 9, 27917)
(100, 54, 23414)
(100, 26, 34688)
(100, 24, 42281)
(100, 79, 376)
(100, 70, 27875)
(100, 14, 10875)
(100, 92, 15551)
(100, 72, 13759)
(100, 97, 12157)
(100, 43, 26705)
(100, 51, 40219)
(100, 53, 28773)
(100, 95, 10888)
(100, 52, 31811)
(100, 19, 15753)
(100, 56, 36921)
(100, 35, 41461)
(100, 89, 10124)
(100, 96, 719)
(100, 32, 42104)
(100, 21, 30486)
(100, 16, 10003)
(100, 58, 6175)
(101, 97, 15156)
(101, 29, 7346)
(101, 78, 29819)
(101, 63, 42055)
(101, 80, 39562)
(101, 79, 26738)
(102, 29, 21276)
(102, 34, 28098)
(102, 46, 16692)
(102, 81, 18469)
(102, 52, 30088)
(102, 0, 38893)
(102, 17, 5607)
(102, 49, 42476)
(102, 33, 4954)
(102, 82, 7466)
(102, 98, 33776)
(102, 91, 6808)
(102, 41, 39477)
(102, 21, 34263)
(102, 15, 31418)
(102, 50, 28713)
(102, 5, 33113)
(102, 90, 13108)
(102, 87, 31477)
(102, 31, 8035)
(102, 27, 16950)
(102, 92, 34171)
(102, 88, 35258)
(102, 8, 25292)
(102, 36, 41044)
(102, 60, 38750)
(102, 48, 4468)
(102, 95, 21056)
(102, 28, 35894)
(102, 69, 28063)
(102, 79, 21038)
(102, 97, 15046)
(102, 40, 23861)
(102, 84, 710)
(102, 62, 33669)
(102, 61, 508)
(102, 19, 17532)
(102, 86, 11929)
(102, 57, 22426)
(102, 70, 672)
(102, 65, 40610)
(102, 6, 38444)
(103, 96, 16428)
(104, 24, 43878)
(104, 52, 35047)
(104, 84, 4224)
(104, 92, 30779)
(104, 13, 32752)
(104, 79, 3976)
(104, 102, 37584)
(104, 9, 39564)
(104, 37, 41327)
(104, 86, 19006)
(104, 96, 13450)
(104, 31, 20213)
(104, 32, 5085)
(104, 45, 35451)
(104, 57, 15947)
(104, 50, 6041)
(104, 85, 32937)
(104, 81, 3908)
(104, 64, 23275)
(104, 11, 21983)
(104, 101, 37606)
(104, 88, 9075)
(105, 70, 19578)
(105, 22, 36087)
(105, 48, 35711)
(105, 35, 18269)
(105, 39, 36840)
(105, 101, 1083)
(105, 19, 33515)
(105, 60, 17489)
(105, 27, 614)
(105, 46, 35769)
(105, 34, 37129)
(105, 97, 34235)
(105, 80, 16126)
(105, 87, 27048)
(105, 10, 7838)
(105, 66, 42547)
(105, 26, 20031)
(105, 55, 31715)
(105, 7, 28124)
(105, 63, 23245)
(105, 102, 42988)
(105, 65, 16830)
(105, 20, 479)
(105, 103, 42313)
(105, 5, 4385)
(105, 98, 33346)
(105, 95, 1092)
(105, 57, 38662)
(105, 31, 7856)
(105, 78, 13366)
(105, 17, 2971)
(105, 15, 43986)
(105, 33, 39087)
(105, 54, 19879)
(105, 16, 30278)
(105, 41, 23147)
(105, 104, 35464)
(105, 29, 41755)
(105, 58, 28750)
(105, 1, 14175)
(105, 18, 8934)
(105, 86, 25354)
(105, 12, 7197)
(105, 51, 4671)
(105, 76, 39074)
(105, 96, 20809)
(105, 32, 27752)
(105, 14, 6399)
(105, 2, 35573)
(105, 25, 39182)
(105, 38, 32242)
(105, 4, 40383)
(105, 90, 1247)
(105, 23, 6885)
(105, 69, 12346)
(105, 6, 7338)
(105, 0, 22821)
(105, 11, 3156)
(105, 85, 21595)
(105, 47, 25050)
(105, 84, 27944)
(105, 50, 12451)
(106, 102, 27023)
(106, 89, 39461)
(106, 22, 30016)
(106, 53, 29559)
(106, 99, 3922)
(106, 33, 19163)
(106, 79, 20934)
(106, 4, 22163)
(106, 54, 17406)
(106, 85, 29228)
(106, 59, 15350)
(106, 66, 35491)
(106, 0, 17516)
(106, 105, 15809)
(106, 95, 40836)
(106, 10, 13338)
(106, 71, 30886)
(106, 75, 23910)
(106, 101, 7601)
(106, 84, 41083)
(106, 37, 35985)
(107, 8, 27638)
(107, 15, 2207)
(107, 43, 18727)
(107, 70, 42183)
(107, 31, 28038)
(107, 13, 40856)
(107, 98, 33252)
(107, 86, 38001)
(107, 47, 5473)
(107, 18, 25435)
(107, 37, 991)
(107, 80, 26480)
(107, 82, 40378)
(107, 7, 42133)
(107, 19, 20452)
(107, 69, 16889)
(107, 46, 6133)
(107, 99, 12547)
(107, 45, 34260)
(107, 103, 7786)
(107, 67, 7213)
(108, 53, 2186)
(108, 95, 33886)
(108, 13, 23566)
(108, 86, 7358)
(108, 26, 12980)
(108, 52, 19191)
(108, 79, 21772)
(108, 30, 8413)
(108, 63, 11689)
(108, 75, 32699)
(108, 58, 16857)
(108, 43, 10778)
(108, 106, 20833)
(108, 42, 42409)
(108, 104, 11857)
(108, 81, 28127)
(108, 12, 9869)
(108, 11, 32258)
(108, 48, 5575)
(108, 7, 3945)
(108, 47, 38799)
(108, 84, 39419)
(108, 36, 5146)
(108, 85, 14017)
(109, 75, 17838)
(109, 97, 4405)
(109, 105, 7385)
(109, 69, 37358)
(109, 67, 30511)
(109, 31, 41714)
(109, 82, 35104)
(109, 72, 6714)
(109, 95, 1449)
(109, 80, 43032)
(109, 4, 41841)
(109, 59, 41314)
(109, 5, 41581)
(109, 62, 20610)
(109, 36, 12182)
(109, 23, 34782)
(109, 38, 781)
(109, 40, 34322)
(109, 25, 29317)
(109, 107, 7245)
(109, 21, 13680)
(109, 58, 33177)
(109, 12, 32649)
(109, 26, 36568)
(109, 78, 10571)
(109, 42, 20721)
(109, 47, 38209)
(109, 100, 15854)
(109, 76, 12047)
(109, 73, 34889)
(109, 102, 3210)
(109, 14, 42306)
(109, 13, 11637)
(109, 103, 30610)
(109, 20, 6240)
(109, 49, 3602)
(109, 81, 20972)
(109, 8, 15158)
(109, 86, 26141)
(109, 9, 24171)
(109, 108, 43837)
(109, 28, 25766)
(109, 89, 30252)
(109, 53, 16092)
(109, 85, 27860)
(109, 41, 27580)
(109, 70, 34598)
(109, 34, 16707)
(109, 50, 40595)
(109, 30, 31783)
(109, 22, 17571)
(109, 1, 32347)
(109, 51, 25451)
(109, 54, 5696)
(109, 92, 6820)
(109, 60, 19049)
(109, 16, 30971)
(109, 91, 28875)
(109, 7, 15662)
(109, 101, 11069)
(109, 93, 22491)
(110, 52, 33745)
(110, 107, 41270)
(110, 76, 4027)
(110, 25, 31044)
(110, 73, 340)
(110, 31, 25091)
(110, 7, 24345)
(110, 51, 5338)
(110, 83, 131)
(110, 4, 13120)
(110, 3, 11339)
(110, 100, 6171)
(110, 28, 15587)
(110, 2, 26726)
(110, 99, 44116)
(110, 108, 25332)
(110, 62, 6011)
(110, 65, 16583)
(110, 74, 12464)
(110, 69, 22611)
(110, 91, 39603)
(110, 41, 17482)
(110, 44, 2412)
(110, 58, 39267)
(110, 24, 24497)
(110, 45, 37240)
(110, 66, 35469)
(110, 47, 40651)
(110, 9, 35218)
(110, 15, 23973)
(110, 82, 10929)
(110, 54, 10350)
(110, 37, 11402)
(111, 14, 18098)
(111, 93, 1723)
(111, 84, 32619)
(111, 2, 9220)
(111, 10, 44125)
(111, 32, 16394)
(111, 12, 29646)
(111, 71, 38597)
(111, 63, 9795)
(111, 59, 26871)
(111, 31, 3275)
(112, 111, 18202)
(112, 24, 21627)
(112, 13, 18509)
(112, 107, 30801)
(113, 74, 30701)
(113, 0, 36)
(113, 76, 15598)
(113, 104, 15026)
(113, 85, 5021)
(113, 8, 27201)
(113, 13, 37610)
(113, 71, 24699)
(113, 112, 19545)
(113, 107, 15016)
(113, 17, 32651)
(113, 109, 24158)
(113, 43, 11479)
(113, 1, 19498)
(113, 45, 19726)
(113, 53, 13644)
(113, 100, 42391)
(113, 29, 22605)
(113, 55, 13981)
(113, 73, 11317)
(113, 2, 11243)
(113, 86, 19203)
(113, 14, 39739)
(113, 4, 18603)
(113, 96, 2287)
(113, 38, 2774)
(113, 56, 7965)
(113, 79, 16582)
(113, 58, 31866)
(113, 7, 38078)
(113, 54, 13540)
(113, 22, 2853)
(113, 84, 21857)
(113, 80, 11839)
(113, 94, 7827)
(113, 44, 4832)
(113, 18, 33364)
(113, 88, 7442)
(113, 19, 9506)
(113, 48, 37685)
(113, 41, 17031)
(113, 23, 26593)
(113, 50, 18940)
(113, 101, 5726)
(113, 97, 4904)
(114, 46, 17696)
(114, 72, 35954)
(114, 99, 33096)
(115, 18, 3456)
(115, 86, 35046)
(115, 51, 13176)
(115, 59, 29351)
(115, 110, 1765)
(115, 92, 13407)
(115, 61, 35141)
(115, 64, 15268)
(115, 71, 16747)
(115, 36, 12851)
(115, 8, 4118)
(115, 1, 3151)
(115, 85, 12463)
(115, 112, 22276)
(115, 54, 26307)
(115, 56, 28389)
(115, 55, 27432)
(115, 72, 28204)
(115, 89, 6834)
(115, 79, 34672)
(115, 68, 31055)
(115, 5, 24588)
(115, 24, 38218)
(115, 74, 23108)
(115, 100, 22466)
(115, 39, 8576)
(115, 23, 19241)
(115, 37, 21246)
(115, 7, 32052)
(115, 77, 12497)
(115, 57, 11450)
(115, 33, 255)
(115, 87, 7051)
(115, 76, 2298)
(115, 30, 33546)
(115, 31, 20459)
(115, 66, 1522)
(115, 97, 23658)
(115, 10, 41790)
(115, 75, 24208)
(115, 13, 28458)
(115, 22, 7284)
(115, 73, 37377)
(115, 113, 41594)
(115, 19, 43312)
(115, 83, 20561)
(115, 6, 40450)
(115, 93, 8080)
(115, 104, 33137)
(115, 109, 28601)
(115, 58, 31795)
(115, 40, 19440)
(115, 95, 11161)
(115, 3, 103)
(115, 101, 35111)
(115, 90, 33627)
(115, 62, 9078)
(115, 16, 41234)
(115, 14, 33990)
(115, 49, 5409)
(115, 29, 40046)
(115, 35, 9665)
(115, 11, 15054)
(115, 94, 44365)
(115, 46, 28795)
(115, 78, 20789)
(115, 111, 44178)
(115, 34, 2147)
(115, 2, 27252)
(115, 42, 2153)
(115, 45, 14722)
(115, 41, 18086)
(115, 25, 29232)
(115, 114, 30718)
(115, 108, 18520)
(115, 103, 32328)
(115, 52, 28435)
(115, 17, 2133)
(115, 47, 1529)
(115, 67, 18370)
(115, 82, 43554)
(115, 65, 29645)
(115, 48, 41893)
(115, 27, 17277)
(115, 107, 3202)
(115, 28, 9244)
(115, 26, 19711)
(115, 43, 21067)
(115, 38, 14549)
(115, 70, 20996)
(115, 0, 34068)
(115, 99, 10373)
(115, 69, 38803)
(115, 91, 1315)
(115, 105, 23704)
(115, 96, 14103)
(115, 12, 342)
(115, 84, 14682)
(115, 32, 26733)
(115, 15, 21599)
(115, 20, 17666)
(115, 53, 36672)
(115, 9, 33775)
(115, 88, 7836)
(116, 104, 28475)
(116, 27, 15079)
(116, 91, 21400)
(116, 14, 25092)
(116, 49, 9628)
(116, 78, 16381)
(116, 5, 13733)
(116, 51, 2701)
(116, 98, 24739)
(116, 111, 40358)
(116, 95, 42254)
(116, 45, 16)
(116, 0, 43402)
(116, 53, 19444)
(116, 54, 40848)
(116, 74, 28349)
(116, 13, 7223)
(116, 101, 20334)
(116, 24, 15294)
(116, 52, 3756)
(116, 12, 31913)
(116, 29, 36003)
(116, 38, 31184)
(116, 34, 9751)
(116, 37, 43058)
(116, 106, 38792)
(116, 39, 32854)
(116, 69, 6971)
(116, 105, 29422)
(116, 19, 25336)
(116, 48, 33882)
(116, 41, 30523)
(116, 84, 15326)
(116, 114, 17237)
(116, 88, 34195)
(116, 97, 19514)
(116, 25, 31113)
(116, 96, 19012)
(116, 20, 41404)
(116, 79, 33171)
(116, 26, 36561)
(116, 60, 37553)
(116, 4, 10832)
(116, 43, 4944)
(116, 56, 37868)
(116, 28, 41029)
(116, 82, 3635)
(116, 33, 1592)
(116, 1, 8475)
(116, 77, 1225)
(116, 110, 42275)
(116, 100, 37568)
(117, 20, 3785)
(118, 81, 36728)
(118, 39, 19805)
(118, 17, 10982)
(118, 21, 17743)
(118, 101, 30518)
(118, 73, 31766)
(118, 53, 3367)
(118, 54, 26166)
(118, 7, 42736)
(118, 117, 4808)
(118, 86, 29853)
(118, 82, 20683)
(118, 48, 1672)
(118, 108, 10192)
(118, 76, 20416)
(119, 22, 19065)
(119, 16, 13748)
(119, 43, 32411)
(119, 58, 13256)
(119, 89, 4060)
(119, 55, 12155)
(119, 27, 11687)
(119, 23, 39710)
(119, 77, 39408)
(119, 47, 671)
(119, 116, 30936)
(119, 92, 26874)
(119, 81, 13006)
(119, 33, 43924)
(119, 61, 4916)
(119, 68, 6512)
(119, 96, 23960)
(119, 93, 36032)
(119, 67, 38281)
(119, 100, 10203)
(119, 35, 13037)
(119, 70, 32164)
(119, 74, 13588)
(119, 110, 6530)
(119, 118, 41696)
(119, 21, 21460)
(119, 82, 16693)
(119, 106, 43181)
(119, 103, 36254)
(119, 5, 9542)
(119, 63, 6476)
(119, 112, 8170)
(119, 60, 39594)
(119, 44, 6394)
(119, 57, 22429)
(119, 0, 19599)
(119, 69, 18553)
(119, 72, 37111)
(119, 2, 29996)
(119, 94, 9921)
(119, 65, 37244)
(119, 24, 28640)
(119, 97, 15482)
(119, 71, 9513)
(119, 1, 3657)
(119, 99, 29588)
(120, 0, 18845)
(120, 92, 8869)
(120, 34, 3909)
(120, 19, 36072)
(120, 82, 5255)
(120, 15, 29825)
(120, 95, 17882)
(120, 107, 18312)
(120, 102, 43708)
(120, 23, 1992)
(120, 66, 38339)
(120, 116, 21711)
(120, 94, 32694)
(120, 112, 35487)
(120, 91, 10578)
(120, 6, 37810)
(120, 53, 27928)
(120, 49, 9990)
(120, 99, 30616)
(120, 73, 41937)
(120, 46, 24909)
(120, 56, 18394)
(120, 30, 4640)
(120, 87, 35326)
(121, 61, 40368)
(121, 47, 8384)
(121, 69, 43581)
(121, 44, 2001)
(121, 26, 3461)
(121, 74, 3286)
(121, 86, 40012)
(121, 75, 35789)
(121, 34, 38442)
(121, 101, 9377)
(121, 102, 6776)
(121, 43, 11845)
(121, 109, 41516)
(121, 54, 23241)
(121, 45, 22403)
(121, 13, 16256)
(121, 12, 39280)
(121, 94, 8106)
(121, 6, 36777)
(121, 42, 16440)
(121, 110, 9385)
(121, 27, 25204)
(121, 8, 43418)
(121, 62, 2431)
(121, 97, 35481)
(121, 93, 37110)
(121, 79, 8578)
(121, 119, 38347)
(121, 5, 11266)
(121, 105, 33757)
(121, 4, 40113)
(121, 32, 33362)
(121, 71, 2640)
(121, 59, 29394)
(121, 22, 29981)
(121, 24, 19811)
(121, 52, 25792)
(121, 70, 11552)
(121, 80, 43491)
(121, 10, 14295)
(121, 40, 25342)
(121, 35, 27255)
(121, 106, 31697)
(121, 50, 15592)
(121, 57, 18937)
(121, 108, 34053)
(121, 38, 7558)
(121, 55, 41774)
(121, 95, 29620)
(121, 60, 16026)
(121, 120, 35826)
(121, 118, 37787)
(121, 19, 40773)
(121, 112, 32035)
(121, 77, 21286)
(121, 117, 28937)
(121, 114, 13164)
(121, 72, 33587)
(121, 92, 29355)
(121, 33, 44074)
(121, 113, 39080)
(121, 36, 29566)
(121, 83, 16332)
(121, 111, 13615)
(121, 41, 22600)
(121, 116, 16337)
(121, 85, 37583)
(121, 16, 40589)
(121, 14, 23047)
(121, 96, 41073)
(121, 68, 15825)
(121, 3, 32931)
(121, 104, 9188)
(121, 73, 32307)
(121, 15, 13094)
(121, 91, 1321)
(121, 82, 22561)
(121, 28, 19785)
(121, 67, 18465)
(121, 49, 2943)
(121, 46, 27755)
(121, 56, 36397)
(121, 53, 8700)
(121, 89, 8911)
(121, 76, 35714)
(121, 81, 14891)
(121, 29, 38887)
(121, 21, 22718)
(121, 87, 19762)
(121, 65, 15547)
(121, 64, 31822)
(121, 17, 1722)
(121, 48, 14684)
(121, 103, 42544)
(121, 78, 36555)
(121, 20, 6805)
(121, 58, 43886)
(121, 63, 19462)
(121, 88, 24221)
(121, 66, 39117)
(121, 25, 5899)
(121, 18, 24825)
(121, 2, 31946)
(121, 7, 42218)
(121, 23, 15832)
(121, 30, 29655)
(121, 98, 34975)
(121, 100, 40070)
(121, 51, 8995)
(121, 90, 22532)
(121, 99, 2332)
(121, 84, 20947)
(121, 9, 22090)
(121, 39, 1212)
(121, 0, 8804)
(121, 107, 14193)
(121, 37, 37775)
(121, 115, 41529)
(121, 31, 42697)
(122, 51, 9275)
(122, 66, 15552)
(122, 97, 15144)
(122, 59, 29431)
(122, 107, 12510)
(122, 41, 20165)
(122, 103, 2293)
(122, 67, 4163)
(122, 57, 17362)
(122, 77, 8611)
(122, 40, 31060)
(122, 90, 13421)
(122, 111, 24537)
(122, 112, 10242)
(122, 120, 29339)
(122, 49, 20572)
(122, 84, 18322)
(122, 80, 16887)
(122, 96, 32797)
(122, 108, 6788)
(122, 38, 42519)
(122, 100, 17951)
(122, 42, 4596)
(122, 118, 7707)
(122, 114, 182)
(122, 115, 41722)
(122, 89, 31620)
(122, 48, 44040)
(122, 69, 11427)
(122, 113, 4883)
(122, 20, 33781)
(122, 104, 31775)
(122, 91, 11595)
(122, 62, 7050)
(122, 27, 24689)
(122, 34, 4579)
(122, 87, 35936)
(122, 18, 22395)
(122, 13, 22652)
(122, 65, 16635)
(122, 4, 6568)
(122, 28, 17641)
(122, 79, 29955)
(122, 61, 31104)
(122, 54, 39033)
(122, 64, 18259)
(122, 14, 609)
(122, 53, 310)
(122, 58, 36782)
(122, 74, 42578)
(122, 81, 40346)
(122, 31, 4406)
(122, 19, 4190)
(122, 7, 38703)
(122, 88, 16466)
(122, 29, 30421)
(122, 24, 42421)
(122, 2, 134)
(122, 25, 7899)
(122, 110, 11670)
(122, 45, 41826)
(122, 93, 16375)
(122, 75, 33359)
(122, 70, 35723)
(122, 63, 2256)
(122, 11, 28853)
(122, 55, 888)
(123, 34, 11778)
(123, 111, 32264)
(123, 117, 4133)
(123, 108, 39437)
(123, 76, 2299)
(123, 45, 821)
(123, 29, 900)
(123, 19, 40724)
(123, 81, 35325)
(123, 4, 23734)
(123, 37, 19297)
(123, 104, 16898)
(123, 88, 32581)
(123, 16, 6013)
(123, 105, 9051)
(123, 107, 42295)
(123, 26, 38228)
(123, 57, 8640)
(123, 70, 6465)
(123, 83, 23781)
(123, 84, 22591)
(123, 17, 2482)
(123, 116, 15151)
(123, 9, 32263)
(123, 89, 27086)
(123, 31, 17162)
(123, 13, 12159)
(123, 72, 28397)
(123, 110, 13924)
(123, 106, 34502)
(123, 120, 24880)
(123, 27, 20026)
(123, 101, 3400)
(123, 96, 40445)
(123, 77, 32510)
(123, 103, 6204)
(123, 121, 11134)
(123, 46, 6949)
(123, 21, 25147)
(123, 68, 34826)
(123, 0, 34561)
(123, 35, 33041)
(123, 59, 28322)
(123, 80, 33782)
(123, 40, 12296)
(123, 51, 27352)
(123, 71, 31300)
(123, 22, 43164)
(123, 99, 25256)
(123, 53, 11652)
(123, 18, 38280)
(123, 82, 42593)
(123, 14, 38476)
(123, 56, 33228)
(123, 62, 7405)
(123, 69, 3150)
(123, 28, 15807)
(123, 6, 29945)
(123, 2, 16274)
(123, 38, 11133)
(123, 7, 436)
(123, 32, 7486)
(123, 90, 42696)
(123, 74, 42933)
(123, 30, 26563)
(123, 109, 10288)
(123, 102, 12633)
(123, 33, 14173)
(123, 23, 35342)
(124, 98, 33385)
(124, 103, 20900)
(124, 108, 19457)
(124, 5, 14266)
(124, 86, 22775)
(124, 25, 2821)
(124, 88, 4512)
(124, 60, 23967)
(124, 42, 24002)
(124, 83, 22551)
(124, 11, 17588)
(124, 105, 10584)
(124, 37, 18152)
(124, 61, 33837)
(124, 47, 5398)
(124, 45, 6078)
(124, 9, 21023)
(124, 31, 18478)
(124, 7, 34471)
(124, 30, 43982)
(124, 24, 42201)
(124, 112, 38493)
(124, 74, 38851)
(124, 27, 37983)
(124, 44, 4210)
(124, 49, 40976)
(124, 19, 39152)
(124, 107, 17107)
(124, 81, 14738)
(124, 2, 14714)
(124, 117, 21170)
(124, 77, 31445)
(124, 70, 23729)
(124, 54, 31011)
(124, 123, 30841)
(124, 21, 16316)
(124, 87, 39322)
(125, 124, 36943)
(125, 56, 9710)
(125, 102, 4425)
(125, 61, 18401)
(125, 99, 36443)
(125, 93, 29126)
(125, 113, 23045)
(125, 3, 33270)
(125, 36, 2779)
(125, 66, 28046)
(125, 51, 4041)
(125, 62, 27698)
(125, 15, 16298)
(126, 9, 27729)
(126, 26, 16062)
(126, 84, 10270)
(126, 4, 1570)
(126, 89, 17580)
(126, 32, 5571)
(126, 67, 42938)
(126, 99, 14622)
(126, 83, 13902)
(126, 27, 41149)
(126, 55, 4340)
(126, 28, 11439)
(126, 24, 35707)
(126, 17, 38796)
(126, 119, 34976)
(126, 23, 43319)
(126, 45, 28273)
(126, 88, 16553)
(126, 78, 15677)
(126, 112, 5772)
(126, 57, 27919)
(126, 13, 18125)
(126, 35, 9401)
(126, 39, 2544)
(126, 72, 12412)
(126, 93, 9890)
(126, 92, 11316)
(126, 34, 22059)
(126, 107, 13684)
(126, 53, 5020)
(126, 42, 23191)
(126, 77, 26450)
(126, 14, 13825)
(126, 100, 29184)
(126, 21, 17043)
(126, 48, 9143)
(126, 11, 6921)
(126, 114, 15916)
(126, 30, 10984)
(126, 108, 13081)
(126, 3, 31690)
(126, 29, 30149)
(126, 31, 13536)
(126, 25, 28718)
(126, 68, 39423)
(126, 86, 38735)
(126, 110, 5276)
(126, 33, 7512)
(126, 10, 18922)
(126, 73, 34888)
(126, 36, 15210)
(126, 46, 23608)
(126, 124, 29745)
(126, 66, 16816)
(126, 61, 28953)
(126, 12, 40508)
(126, 63, 1651)
(126, 121, 27914)
(126, 65, 20633)
(126, 22, 11201)
(126, 103, 28894)
(126, 74, 33948)
(126, 125, 25328)
(126, 6, 1844)
(126, 71, 10706)
(126, 79, 4362)
(126, 122, 40271)
(126, 116, 11275)
(126, 0, 801)
(126, 105, 42179)
(126, 40, 6134)
(126, 15, 32918)
(126, 111, 26906)
(126, 20, 14718)
(126, 38, 22418)
(126, 87, 15409)
(126, 123, 21991)
(126, 18, 4363)
(126, 109, 42973)
(126, 94, 8559)
(126, 43, 25307)
(126, 118, 44119)
(126, 62, 34419)
(126, 51, 18281)
(126, 101, 25692)
(126, 37, 44092)
(126, 98, 40201)
(126, 59, 40792)
(127, 123, 32853)
(127, 46, 34987)
(127, 57, 41074)
(127, 124, 27965)
(127, 97, 2090)
(127, 92, 4485)
(127, 14, 1702)
(127, 23, 14786)
(127, 66, 21770)
(127, 52, 23077)
(127, 73, 6258)
(127, 0, 41873)
(127, 13, 297)
(127, 16, 32410)
(127, 30, 6198)
(127, 21, 17101)
(127, 104, 13446)
(127, 96, 9393)
(127, 79, 1951)
(127, 126, 34706)
(127, 94, 13408)
(127, 122, 3534)
(127, 100, 39779)
(127, 109, 31341)
(127, 117, 17523)
(127, 6, 41227)
(127, 41, 34855)
(127, 86, 22660)
(127, 28, 10449)
(127, 80, 23180)
(127, 105, 44266)
(127, 75, 36662)
(127, 59, 35943)
(127, 3, 30989)
(127, 17, 37056)
(127, 32, 14158)
(127, 110, 7155)
(127, 50, 34489)
(127, 70, 3115)
(127, 53, 40579)
(127, 119, 10002)
(127, 45, 28)
(128, 34, 31982)
(128, 2, 42036)
(128, 16, 10018)
(128, 99, 20066)
(128, 119, 7820)
(128, 118, 25095)
(128, 116, 22232)
(128, 113, 42480)
(128, 7, 23496)
(128, 27, 11458)
(128, 90, 18576)
(128, 3, 18812)
(128, 124, 34841)
(128, 71, 354)
(128, 26, 37305)
(128, 48, 10344)
(128, 79, 21204)
(128, 65, 32744)
(128, 61, 27471)
(128, 50, 14941)
(128, 44, 23036)
(128, 10, 22886)
(128, 11, 1229)
(128, 14, 29668)
(128, 105, 23204)
(128, 92, 3055)
(128, 97, 21456)
(128, 13, 24957)
(128, 39, 19125)
(128, 41, 4828)
(128, 103, 44084)
(128, 87, 24327)
(129, 34, 29329)
(129, 50, 20044)
(129, 15, 34884)
(129, 113, 16973)
(129, 4, 16238)
(129, 11, 22828)
(129, 126, 252)
(129, 101, 43251)
(129, 26, 32059)
(129, 63, 12220)
(129, 40, 4676)
(129, 31, 18580)
(129, 37, 14541)
(129, 33, 17554)
(129, 75, 40300)
(129, 23, 22633)
(129, 17, 27275)
(129, 3, 5170)
(129, 29, 25543)
(129, 1, 16779)
(129, 2, 9276)
(129, 98, 25958)
(129, 65, 35579)
(129, 91, 12955)
(129, 48, 4827)
(129, 79, 19005)
(129, 32, 33779)
(129, 99, 22663)
(129, 94, 22705)
(129, 123, 19234)
(129, 96, 35175)
(129, 112, 20259)
(129, 55, 14804)
(129, 18, 40451)
(129, 51, 14964)
(129, 30, 6205)
(129, 124, 15382)
(129, 28, 42350)
(129, 80, 28226)
(129, 68, 35543)
(129, 90, 40546)
(129, 58, 23313)
(129, 22, 1864)
(129, 82, 23367)
(129, 46, 40957)
(129, 125, 15141)
(129, 93, 23475)
(129, 110, 20963)
(129, 77, 19256)
(129, 106, 1675)
(129, 100, 43608)
(129, 81, 35203)
(129, 49, 29977)
(129, 109, 5749)
(129, 103, 25483)
(129, 5, 17969)
(129, 114, 22391)
(129, 14, 43493)
(129, 108, 19965)
(129, 41, 5809)
(129, 27, 14944)
(129, 107, 18472)
(129, 24, 853)
(129, 120, 13208)
(129, 83, 39102)
(129, 84, 9862)
(129, 67, 42799)
(129, 57, 29016)
(129, 71, 33864)
(129, 73, 39837)
(129, 66, 26126)
(129, 43, 32823)
(129, 56, 32506)
(129, 105, 19422)
(129, 111, 4822)
(129, 64, 407)
(129, 35, 16529)
(129, 119, 31874)
(130, 72, 31141)
(130, 54, 9855)
(130, 55, 34628)
(130, 18, 6194)
(130, 28, 17340)
(130, 129, 37927)
(130, 118, 3693)
(130, 87, 10741)
(130, 94, 8979)
(130, 48, 7538)
(130, 12, 14184)
(130, 126, 17543)
(131, 74, 21152)
(131, 49, 41425)
(131, 88, 42621)
(131, 95, 36414)
(131, 125, 35327)
(131, 28, 4382)
(131, 58, 16004)
(131, 63, 13988)
(131, 61, 13027)
(131, 127, 34769)
(131, 43, 12336)
(131, 64, 28141)
(131, 90, 17130)
(131, 5, 43780)
(131, 86, 20344)
(131, 112, 42146)
(131, 9, 15029)
(131, 114, 16952)
(131, 13, 15154)
(131, 23, 14815)
(131, 47, 7589)
(131, 33, 29259)
(131, 65, 21540)
(131, 113, 38717)
(131, 100, 38641)
(131, 108, 27484)
(131, 42, 16424)
(131, 24, 6564)
(131, 106, 18846)
(131, 117, 39957)
(131, 46, 36078)
(131, 45, 22545)
(131, 53, 34955)
(131, 22, 24999)
(131, 16, 39106)
(131, 104, 44310)
(131, 62, 25223)
(131, 92, 43183)
(131, 99, 8371)
(131, 52, 4921)
(131, 120, 36311)
(131, 4, 42704)
(131, 81, 15209)
(131, 39, 25665)
(131, 3, 10424)
(131, 98, 10920)
(131, 129, 8952)
(132, 37, 10944)
(132, 130, 34010)
(132, 34, 39560)
(132, 92, 9270)
(132, 82, 15369)
(132, 5, 44038)
(132, 73, 40962)
(132, 40, 14137)
(132, 87, 25875)
(132, 27, 33960)
(132, 24, 12869)
(132, 126, 17017)
(132, 53, 21839)
(132, 31, 9402)
(132, 72, 3808)
(132, 52, 9344)
(132, 84, 31075)
(132, 61, 24140)
(132, 115, 24026)
(132, 3, 19798)
(132, 107, 43869)
(132, 65, 35162)
(133, 54, 4797)
(133, 11, 41657)
(133, 80, 16571)
(133, 31, 16727)
(133, 61, 9441)
(133, 108, 7169)
(133, 91, 42217)
(133, 25, 38360)
(133, 21, 11923)
(133, 6, 43234)
(133, 64, 21411)
(133, 29, 1502)
(133, 15, 12772)
(133, 99, 41572)
(133, 48, 40900)
(133, 119, 1007)
(133, 13, 32246)
(133, 95, 28655)
(133, 8, 23366)
(133, 93, 31739)
(133, 20, 34912)
(133, 60, 7332)
(133, 45, 2227)
(133, 10, 5648)
(133, 131, 28143)
(133, 5, 35023)
(133, 37, 34014)
(133, 59, 32518)
(133, 113, 28507)
(133, 112, 39451)
(133, 89, 31504)
(133, 52, 30813)
(133, 126, 19373)
(133, 103, 8468)
(133, 84, 33326)
(133, 127, 27251)
(133, 85, 8058)
(133, 124, 28596)
(133, 98, 11024)
(133, 51, 9172)
(133, 73, 5360)
(133, 24, 33339)
(133, 50, 31726)
(133, 23, 12110)
(133, 71, 37920)
(133, 43, 36264)
(133, 129, 24089)
(133, 65, 27793)
(133, 18, 31380)
(133, 81, 37357)
(133, 69, 9306)
(133, 109, 36678)
(133, 78, 15044)
(133, 123, 41747)
(133, 33, 19636)
(133, 88, 14674)
(133, 118, 43446)
(133, 39, 7013)
(133, 76, 21924)
(133, 7, 44019)
(133, 92, 25808)
(133, 19, 838)
(133, 106, 36455)
(133, 38, 12765)
(133, 110, 37580)
(133, 68, 39244)
(133, 34, 35858)
(133, 9, 40882)
(133, 53, 19543)
(133, 4, 5951)
(133, 3, 39634)
(133, 100, 37001)
(133, 130, 33907)
(133, 49, 32402)
(133, 46, 33734)
(133, 104, 9983)
(133, 17, 1947)
(133, 114, 24504)
(133, 36, 41134)
(133, 66, 25051)
(133, 27, 5109)
(133, 22, 21318)
(133, 16, 14515)
(133, 122, 15186)
(133, 75, 14521)
(133, 44, 10142)
(133, 132, 35537)
(133, 26, 36408)
(134, 129, 23905)
(134, 5, 5480)
(134, 109, 43683)
(134, 46, 30217)
(134, 78, 25446)
(134, 77, 3852)
(134, 30, 36548)
(134, 66, 3139)
(135, 121, 12465)
(135, 65, 37420)
(135, 129, 41130)
(135, 114, 21646)
(135, 43, 26282)
(135, 75, 24390)
(135, 88, 36096)
(135, 117, 1270)
(135, 111, 3715)
(135, 107, 36036)
(135, 119, 7921)
(135, 120, 31496)
(135, 62, 35587)
(135, 108, 24192)
(135, 0, 33498)
(135, 90, 26022)
(135, 20, 12693)
(135, 93, 16584)
(135, 99, 28786)
(135, 39, 6079)
(135, 91, 25721)
(135, 133, 8953)
(135, 4, 18667)
(135, 73, 11948)
(135, 9, 6475)
(135, 100, 33383)
(135, 18, 44030)
(135, 44, 40977)
(135, 87, 32157)
(135, 86, 1135)
(135, 29, 28530)
(135, 11, 10717)
(135, 60, 25040)
(135, 70, 5978)
(135, 31, 36588)
(135, 23, 21699)
(135, 8, 19856)
(135, 79, 43793)
(135, 40, 5400)
(135, 92, 35911)
(135, 19, 39999)
(135, 14, 260)
(135, 124, 13165)
(135, 116, 43623)
(135, 42, 19661)
(135, 59, 7497)
(135, 26, 20027)
(135, 101, 28933)
(135, 35, 18417)
(135, 17, 24356)
(135, 32, 2916)
(135, 113, 15953)
(135, 5, 29583)
(135, 74, 20335)
(135, 46, 11515)
(135, 2, 8173)
(135, 25, 43217)
(135, 105, 18197)
(135, 30, 31927)
(135, 48, 42331)
(135, 126, 11144)
(135, 16, 13150)
(135, 66, 41268)
(135, 77, 22748)
(135, 57, 27623)
(135, 53, 21072)
(136, 29, 2040)
(136, 23, 10942)
(136, 134, 7090)
(136, 118, 22972)
(136, 69, 4494)
(136, 41, 33059)
(136, 43, 852)
(136, 51, 34098)
(136, 102, 13085)
(136, 78, 33935)
(136, 9, 20780)
(136, 72, 11490)
(136, 122, 37819)
(136, 31, 16564)
(136, 87, 20887)
(136, 45, 43515)
(136, 7, 4120)
(136, 68, 39806)
(136, 20, 41435)
(137, 65, 17108)
(137, 85, 38968)
(137, 109, 6883)
(137, 129, 31422)
(137, 49, 10772)
(137, 29, 44069)
(137, 52, 5206)
(137, 25, 34593)
(137, 110, 33848)
(137, 98, 6675)
(137, 45, 22754)
(137, 11, 4930)
(137, 56, 6070)
(137, 28, 17084)
(137, 118, 7187)
(137, 88, 10129)
(137, 66, 21487)
(137, 3, 30205)
(137, 76, 42446)
(137, 127, 36567)
(137, 136, 38572)
(137, 68, 11752)
(137, 82, 30538)
(137, 63, 51)
(137, 89, 16415)
(137, 58, 10445)
(137, 72, 27292)
(137, 36, 32827)
(137, 1, 44028)
(137, 123, 12991)
(137, 24, 18707)
(137, 83, 27520)
(137, 120, 20042)
(137, 47, 18658)
(137, 23, 9996)
(137, 12, 33441)
(137, 124, 3576)
(137, 94, 12299)
(137, 74, 3613)
(137, 37, 21608)
(137, 114, 21086)
(137, 73, 40650)
(137, 13, 22643)
(137, 7, 28265)
(137, 111, 19437)
(137, 133, 5568)
(137, 34, 38868)
(137, 104, 38600)
(137, 67, 6369)
(137, 115, 30568)
(137, 5, 34255)
(137, 81, 32045)
(137, 93, 38827)
(137, 122, 22743)
(137, 8, 31199)
(137, 125, 33271)
(137, 16, 37211)
(137, 57, 10849)
(137, 30, 1964)
(137, 14, 35576)
(137, 60, 41692)
(137, 77, 26799)
(137, 100, 40355)
(137, 32, 30664)
(137, 130, 1025)
(137, 10, 42464)
(137, 69, 38873)
(137, 87, 16116)
(137, 62, 42085)
(138, 91, 22083)
(138, 42, 22030)
(138, 55, 22713)
(138, 134, 23834)
(138, 70, 30840)
(138, 49, 13221)
(138, 67, 17852)
(138, 32, 4200)
(138, 9, 43228)
(138, 29, 30532)
(138, 119, 8561)
(138, 57, 38821)
(138, 24, 21309)
(138, 81, 43806)
(138, 89, 3482)
(138, 84, 11002)
(138, 14, 18906)
(138, 26, 37515)
(138, 78, 18981)
(138, 95, 41798)
(138, 6, 23338)
(138, 117, 33073)
(138, 132, 17316)
(138, 118, 34858)
(138, 83, 2681)
(138, 65, 4179)
(138, 30, 2471)
(138, 124, 23270)
(138, 52, 35384)
(138, 109, 18631)
(138, 18, 22300)
(138, 87, 10239)
(138, 106, 33296)
(138, 71, 38434)
(138, 1, 30267)
(138, 60, 40067)
(138, 90, 37324)
(138, 103, 33304)
(138, 92, 35148)
(138, 3, 22425)
(138, 86, 43682)
(138, 0, 21491)
(138, 5, 1458)
(138, 36, 5000)
(138, 61, 9851)
(138, 116, 32390)
(138, 105, 3799)
(138, 19, 41289)
(138, 12, 25827)
(138, 4, 39327)
(138, 45, 38950)
(138, 128, 17496)
(138, 125, 38009)
(138, 41, 21079)
(138, 112, 34482)
(138, 131, 5948)
(138, 8, 23373)
(138, 126, 5355)
(138, 13, 33575)
(138, 21, 5565)
(138, 111, 36170)
(138, 16, 44269)
(138, 62, 18908)
(138, 108, 4810)
(138, 129, 13939)
(138, 10, 2770)
(138, 79, 36374)
(138, 73, 33115)
(138, 93, 7517)
(138, 77, 15797)
(138, 110, 31551)
(138, 15, 12153)
(138, 96, 37461)
(138, 37, 33516)
(138, 85, 6000)
(138, 68, 9161)
(138, 122, 39725)
(138, 43, 24920)
(138, 74, 37577)
(138, 28, 10226)
(138, 102, 9911)
(138, 114, 11924)
(138, 39, 8111)
(138, 107, 18165)
(138, 76, 19253)
(138, 38, 44400)
(138, 82, 35515)
(138, 75, 31495)
(138, 120, 286)
(138, 11, 16399)
(138, 137, 18931)
(138, 46, 22800)
(138, 25, 26417)
(138, 98, 26121)
(138, 48, 37555)
(138, 53, 35134)
(138, 80, 9564)
(138, 127, 15334)
(138, 101, 39747)
(138, 94, 28006)
(138, 59, 36323)
(138, 97, 36151)
(138, 34, 41586)
(138, 133, 13038)
(138, 33, 36883)
(138, 7, 4239)
(138, 104, 8915)
(138, 72, 12496)
(138, 88, 23511)
(138, 2, 28429)
(139, 98, 28491)
(139, 2, 3078)
(139, 108, 4285)
(139, 11, 24923)
(139, 137, 40435)
(139, 49, 7079)
(139, 111, 38400)
(139, 9, 35815)
(139, 115, 29649)
(139, 113, 42888)
(139, 93, 27145)
(139, 19, 6010)
(139, 29, 15629)
(139, 70, 12407)
(139, 77, 28085)
(139, 117, 382)
(139, 86, 41505)
(139, 62, 13501)
(139, 114, 32960)
(139, 79, 25231)
(139, 66, 26684)
(139, 30, 22269)
(139, 28, 21003)
(139, 34, 7857)
(139, 94, 42600)
(139, 81, 18679)
(139, 83, 13186)
(139, 50, 15213)
(139, 12, 23689)
(139, 45, 32547)
(139, 39, 13820)
(139, 26, 9743)
(139, 72, 13560)
(139, 6, 43341)
(139, 119, 27653)
(139, 15, 41489)
(139, 17, 36733)
(139, 60, 8659)
(139, 102, 10692)
(139, 135, 9842)
(139, 55, 20467)
(139, 71, 35012)
(139, 42, 6900)
(139, 87, 28179)
(139, 41, 23506)
(139, 32, 37388)
(139, 97, 7573)
(139, 18, 24075)
(139, 10, 28090)
(139, 4, 24197)
(139, 63, 36841)
(139, 136, 15428)
(139, 16, 34719)
(139, 85, 35875)
(139, 20, 21568)
(139, 129, 19391)
(139, 120, 35614)
(139, 1, 27699)
(139, 31, 14514)
(139, 122, 37998)
(139, 76, 566)
(139, 69, 17341)
(139, 0, 35076)
(139, 73, 18774)
(139, 47, 40562)
(139, 48, 39300)
(139, 75, 41193)
(139, 134, 36748)
(139, 99, 24567)
(139, 14, 39174)
(139, 90, 31938)
(139, 3, 40391)
(139, 23, 22786)
(139, 5, 5332)
(139, 67, 768)
(139, 35, 4941)
(139, 110, 40173)
(139, 13, 37783)
(139, 125, 21641)
(139, 127, 32297)
(139, 131, 29871)
(139, 7, 8724)
(139, 130, 17772)
(139, 121, 14003)
(139, 54, 20750)
(139, 44, 9084)
(139, 105, 15057)
(139, 64, 41470)
(139, 104, 9209)
(139, 40, 36433)
(139, 22, 39885)
(139, 51, 22706)
(139, 53, 3873)
(139, 100, 1158)
(139, 123, 19800)
(139, 59, 42208)
(139, 84, 6342)
(139, 78, 39043)
(139, 68, 27479)
(139, 92, 43173)
(139, 133, 11167)
(139, 24, 18950)
(139, 103, 8769)
(139, 25, 5757)
(139, 109, 14997)
(139, 37, 7172)
(139, 112, 12210)
(139, 61, 35190)
(139, 58, 7400)
(139, 80, 3006)
(139, 95, 39358)
(139, 21, 25239)
(139, 56, 12146)
(139, 38, 23213)
(139, 128, 37475)
(139, 33, 23188)
(139, 101, 42035)
(139, 65, 21977)
(139, 52, 3385)
(139, 46, 30308)
(139, 43, 2601)
(139, 132, 18624)
(139, 126, 34571)
(139, 91, 20161)
(139, 36, 21735)
(139, 8, 5670)
(139, 118, 12929)
(139, 124, 38468)
(139, 27, 19621)
(139, 57, 19429)
(139, 89, 26146)
(139, 74, 18433)
(139, 82, 26295)
(139, 107, 33807)
(139, 138, 34248)
(139, 96, 11499)
(139, 106, 35790)
(140, 110, 10590)
(140, 37, 34375)
(140, 50, 9605)
(140, 22, 7322)
(140, 72, 21261)
(140, 108, 30874)
(140, 0, 39042)
(140, 44, 7746)
(140, 107, 7076)
(140, 91, 11538)
(140, 120, 9395)
(140, 28, 27135)
(140, 5, 39629)
(140, 61, 18007)
(140, 68, 9569)
(140, 47, 33841)
(140, 8, 36239)
(140, 116, 5734)
(140, 86, 30983)
(140, 24, 33931)
(140, 70, 32903)
(140, 112, 4624)
(140, 139, 22534)
(140, 111, 2913)
(140, 35, 1339)
(140, 77, 26531)
(140, 51, 24417)
(140, 125, 33738)
(140, 48, 709)
(140, 7, 1820)
(140, 114, 37286)
(140, 15, 3436)
(140, 30, 43441)
(140, 131, 25365)
(140, 96, 19333)
(140, 53, 38075)
(140, 60, 4720)
(140, 1, 27318)
(140, 43, 39557)
(140, 118, 33212)
(140, 134, 5698)
(140, 80, 2436)
(140, 14, 5490)
(140, 33, 8772)
(140, 88, 23825)
(140, 115, 34393)
(140, 74, 31248)
(140, 126, 38089)
(140, 16, 33446)
(140, 137, 28801)
(140, 87, 37307)
(140, 78, 37250)
(140, 65, 6268)
(140, 119, 27524)
(140, 19, 36527)
(140, 49, 27295)
(140, 57, 1838)
(140, 127, 16160)
(140, 62, 17092)
(140, 13, 27363)
(140, 132, 13061)
(140, 9, 33104)
(140, 75, 35505)
(140, 55, 7485)
(140, 32, 6208)
(140, 2, 35108)
(140, 97, 18258)
(140, 34, 27327)
(140, 104, 25550)
(140, 52, 21768)
(140, 41, 18735)
(140, 3, 1144)
(140, 123, 43224)
(140, 106, 9499)
(140, 64, 41419)
(140, 6, 4067)
(140, 92, 7640)
(140, 135, 34556)
(140, 46, 35870)
(140, 89, 23918)
(140, 18, 29567)
(140, 58, 5523)
(140, 138, 12516)
(140, 84, 41406)
(141, 135, 29828)
(141, 90, 1234)
(141, 97, 5837)
(141, 80, 12612)
(141, 113, 21394)
(141, 39, 24692)
(141, 82, 31364)
(141, 12, 18028)
(141, 34, 4889)
(141, 23, 30025)
(141, 78, 43792)
(141, 76, 37636)
(141, 70, 35947)
(141, 79, 13795)
(141, 96, 866)
(141, 83, 31051)
(141, 104, 38542)
(141, 58, 32109)
(141, 122, 20924)
(141, 117, 24764)
(141, 119, 26951)
(141, 57, 15134)
(141, 47, 9047)
(141, 81, 10774)
(141, 27, 26276)
(141, 54, 24970)
(141, 129, 3508)
(141, 5, 33310)
(141, 3, 26409)
(141, 108, 28359)
(141, 131, 7211)
(141, 109, 38376)
(141, 120, 21649)
(141, 115, 7992)
(141, 24, 22348)
(141, 41, 25436)
(141, 118, 36317)
(141, 73, 38333)
(141, 139, 22438)
(141, 11, 1049)
(141, 84, 39170)
(141, 136, 19685)
(141, 121, 15363)
(141, 95, 8903)
(141, 106, 13711)
(141, 22, 15323)
(141, 111, 1159)
(141, 42, 41341)
(141, 64, 36289)
(141, 46, 2663)
(141, 20, 43189)
(141, 0, 12500)
(141, 63, 34456)
(141, 138, 16650)
(141, 55, 17720)
(141, 8, 20979)
(141, 15, 12269)
(141, 132, 2128)
(141, 71, 11398)
(141, 69, 35906)
(141, 32, 35350)
(141, 99, 40119)
(141, 30, 24812)
(141, 45, 39686)
(141, 89, 7276)
(141, 21, 27487)
(141, 125, 40370)
(141, 72, 15751)
(141, 112, 4872)
(141, 75, 44060)
(141, 62, 33158)
(141, 13, 22521)
(141, 19, 1370)
(141, 37, 5717)
(141, 103, 19310)
(141, 134, 12071)
(141, 98, 17020)
(141, 28, 8235)
(141, 110, 2307)
(141, 127, 17697)
(141, 7, 41504)
(141, 4, 36974)
(141, 133, 13712)
(141, 86, 42556)
(141, 137, 34252)
(141, 1, 35647)
(141, 100, 1052)
(142, 58, 9846)
(142, 42, 34800)
(142, 60, 40606)
(142, 35, 43372)
(142, 49, 20948)
(142, 129, 16718)
(142, 64, 13059)
(142, 34, 26758)
(142, 119, 28808)
(142, 3, 11379)
(142, 29, 41723)
(142, 33, 1077)
(142, 83, 21213)
(142, 38, 13533)
(142, 40, 31347)
(142, 12, 2465)
(142, 139, 6887)
(142, 10, 22956)
(142, 123, 17174)
(142, 105, 25779)
(142, 1, 39472)
(142, 27, 28689)
(142, 57, 6267)
(142, 124, 4167)
(142, 89, 27518)
(142, 47, 19896)
(142, 112, 31815)
(142, 11, 23881)
(142, 32, 2197)
(142, 68, 27782)
(142, 130, 32267)
(142, 99, 39319)
(142, 22, 41943)
(142, 100, 37520)
(142, 37, 33620)
(142, 117, 24177)
(142, 137, 37849)
(142, 86, 32575)
(142, 71, 18386)
(142, 0, 41905)
(142, 87, 14190)
(142, 84, 5161)
(142, 20, 25167)
(142, 126, 24147)
(142, 98, 10206)
(142, 67, 11616)
(142, 138, 39119)
(142, 103, 34493)
(142, 115, 13987)
(142, 75, 17314)
(142, 69, 44254)
(142, 55, 7582)
(142, 136, 7888)
(142, 28, 44013)
(142, 93, 2432)
(142, 96, 8694)
(142, 102, 1261)
(142, 125, 34776)
(142, 141, 22245)
(142, 41, 32083)
(142, 62, 12419)
(142, 85, 37128)
(142, 31, 12526)
(142, 26, 30615)
(142, 50, 15833)
(142, 94, 38420)
(142, 45, 41725)
(142, 7, 17703)
(142, 121, 20010)
(142, 17, 7220)
(142, 39, 15937)
(142, 54, 10539)
(142, 66, 23721)
(142, 74, 17933)
(142, 88, 41062)
(142, 48, 40154)
(142, 14, 20993)
(142, 140, 14371)
(142, 133, 21193)
(142, 4, 25990)
(142, 8, 18714)
(142, 80, 43742)
(142, 65, 18294)
(142, 21, 31167)
(142, 113, 22257)
(142, 92, 19672)
(142, 127, 28039)
(142, 134, 39471)
(142, 30, 16498)
(142, 108, 313)
(142, 110, 20425)
(142, 13, 12529)
(142, 82, 20723)
(142, 114, 21930)
(142, 91, 19917)
(142, 70, 37679)
(142, 44, 29951)
(142, 107, 19995)
(142, 51, 25945)
(142, 120, 2935)
(142, 19, 30852)
(142, 81, 27309)
(142, 18, 22817)
(142, 104, 28766)
(142, 106, 11879)
(142, 76, 40479)
(142, 122, 27211)
(142, 63, 7807)
(142, 36, 4254)
(142, 132, 17059)
(142, 59, 14046)
(142, 128, 39245)
(142, 43, 18235)
(142, 46, 369)
(142, 111, 10336)
(142, 73, 19874)
(142, 53, 43625)
(142, 118, 3186)
(142, 116, 7858)
(142, 72, 40635)
(142, 61, 27282)
(142, 78, 13029)
(142, 52, 41186)
(142, 25, 18652)
(142, 109, 36901)
(142, 101, 18364)
(143, 86, 22093)
(143, 117, 25252)
(143, 55, 5519)
(143, 84, 11368)
(143, 88, 20965)
(143, 106, 18279)
(143, 91, 42456)
(143, 25, 3001)
(143, 67, 24658)
(143, 54, 44224)
(143, 39, 12796)
(143, 2, 27329)
(143, 20, 33243)
(143, 97, 5100)
(143, 21, 8756)
(143, 105, 21539)
(143, 33, 18730)
(143, 26, 20291)
(143, 74, 39128)
(143, 38, 32552)
(143, 102, 33464)
(143, 73, 4511)
(143, 14, 32136)
(143, 53, 20511)
(143, 87, 11136)
(143, 0, 41802)
(143, 22, 8062)
(143, 77, 5419)
(143, 110, 41423)
(143, 4, 11193)
(143, 45, 24076)
(143, 137, 16971)
(143, 130, 21453)
(143, 112, 26565)
(143, 94, 24801)
(143, 9, 42718)
(143, 128, 18085)
(143, 95, 28663)
(143, 3, 14524)
(143, 17, 37545)
(143, 27, 17329)
(143, 79, 27235)
(143, 43, 20061)
(143, 52, 31134)
(143, 122, 24926)
(143, 138, 20236)
(143, 12, 26405)
(143, 136, 16558)
(143, 114, 1528)
(143, 32, 2168)
(143, 28, 15992)
(143, 83, 36183)
(143, 134, 23087)
(143, 62, 23869)
(143, 96, 22856)
(143, 98, 25856)
(143, 35, 19096)
(143, 101, 41229)
(143, 127, 34315)
(143, 46, 33652)
(143, 42, 44263)
(143, 49, 29107)
(143, 71, 37717)
(143, 72, 8434)
(143, 34, 38256)
(143, 13, 25002)
(143, 99, 12435)
(143, 47, 26784)
(143, 10, 8646)
(143, 82, 20177)
(143, 133, 38130)
(143, 123, 15509)
(143, 68, 23532)
(143, 24, 35169)
(143, 58, 19094)
(143, 78, 22354)
(143, 65, 16420)
(143, 113, 29724)
(143, 124, 23131)
(143, 1, 40645)
(143, 37, 27369)
(143, 51, 26387)
(143, 30, 979)
(143, 118, 29302)
(143, 126, 36675)
(143, 70, 4985)
(143, 131, 42784)
(143, 111, 36173)
(143, 41, 26178)
(143, 109, 24959)
(143, 61, 23753)
(143, 100, 14489)
(143, 64, 21993)
(143, 56, 4432)
(143, 140, 639)
(143, 11, 36107)
(143, 63, 23762)
(143, 23, 17736)
(144, 68, 21992)
(144, 50, 3011)
(144, 72, 19450)
(144, 63, 34890)
(144, 47, 4373)
(144, 115, 23836)
(144, 31, 22022)
(144, 44, 30937)
(144, 106, 13619)
(144, 84, 2919)
(144, 46, 13042)
(144, 141, 33906)
(144, 134, 9474)
(144, 130, 34151)
(144, 66, 4779)
(144, 109, 19141)
(144, 21, 34412)
(144, 53, 8703)
(144, 139, 4966)
(144, 95, 32678)
(144, 82, 31740)
(144, 0, 36952)
(144, 51, 23599)
(144, 7, 34320)
(144, 90, 28377)
(145, 63, 42139)
(145, 14, 37573)
(145, 124, 27242)
(145, 13, 43992)
(145, 67, 28581)
(145, 120, 39411)
(145, 98, 1733)
(145, 86, 14517)
(145, 49, 12309)
(145, 123, 36226)
(145, 141, 6320)
(145, 29, 4132)
(145, 129, 29533)
(145, 2, 8365)
(145, 45, 12636)
(145, 55, 21767)
(145, 91, 25551)
(145, 84, 37684)
(145, 74, 42931)
(145, 143, 8140)
(145, 11, 29804)
(145, 90, 43734)
(145, 60, 17501)
(145, 92, 24712)
(145, 80, 43066)
(145, 85, 2944)
(145, 138, 32337)
(145, 117, 35639)
(145, 125, 43121)
(145, 97, 6771)
(145, 59, 16387)
(145, 105, 165)
(145, 64, 32082)
(145, 101, 17721)
(145, 103, 15795)
(145, 35, 22562)
(145, 79, 2625)
(145, 56, 12126)
(145, 21, 16351)
(145, 40, 483)
(145, 53, 18703)
(145, 112, 30445)
(145, 108, 7266)
(145, 130, 14352)
(145, 4, 6200)
(145, 102, 40626)
(145, 95, 18617)
(145, 19, 13689)
(145, 7, 40730)
(145, 15, 43447)
(145, 99, 4300)
(145, 104, 39340)
(145, 27, 41935)
(145, 20, 4628)
(145, 131, 30051)
(145, 94, 14728)
(145, 9, 34996)
(145, 87, 22771)
(145, 118, 12170)
(145, 1, 21756)
(145, 126, 2458)
(145, 16, 1961)
(145, 30, 31711)
(145, 137, 36276)
(145, 109, 14291)
(145, 68, 27658)
(145, 62, 3362)
(145, 36, 9287)
(145, 43, 15600)
(145, 110, 19900)
(145, 77, 40618)
(145, 128, 29932)
(145, 31, 34699)
(145, 44, 30301)
(145, 10, 28893)
(145, 139, 263)
(145, 66, 38598)
(145, 72, 26674)
(145, 24, 34681)
(145, 37, 24043)
(145, 76, 9624)
(145, 140, 38677)
(145, 69, 24035)
(145, 57, 16936)
(145, 51, 36856)
(145, 75, 36501)
(145, 6, 29750)
(145, 106, 28410)
(145, 71, 28846)
(145, 41, 24690)
(145, 34, 20080)
(145, 133, 2953)
(145, 88, 10067)
(145, 39, 15227)
(145, 81, 30158)
(145, 114, 41638)
(145, 8, 15263)
(145, 119, 9248)
(145, 5, 579)
(145, 47, 10102)
(145, 121, 19596)
(145, 22, 35200)
(145, 100, 2371)
(145, 33, 32644)
(145, 142, 43046)
(145, 32, 4573)
(145, 65, 234)
(145, 12, 14649)
(145, 52, 43962)
(145, 50, 10861)
(145, 28, 38285)
(145, 144, 8830)
(145, 89, 35863)
(145, 122, 42463)
(145, 136, 30759)
(145, 46, 26724)
(145, 115, 6838)
(145, 26, 31816)
(145, 54, 44194)
(145, 73, 19978)
(145, 18, 30904)
(145, 134, 5482)
(145, 25, 27347)
(146, 52, 25643)
(146, 90, 36319)
(146, 53, 34944)
(146, 16, 33194)
(146, 95, 24288)
(146, 115, 9902)
(146, 79, 15822)
(146, 44, 1415)
(146, 112, 42583)
(146, 13, 9092)
(146, 123, 11473)
(146, 32, 30014)
(146, 145, 150)
(146, 29, 42164)
(146, 22, 42081)
(146, 35, 10602)
(146, 102, 9317)
(146, 133, 30060)
(146, 43, 4155)
(146, 100, 14408)
(146, 75, 5615)
(146, 107, 27379)
(146, 63, 39045)
(146, 81, 34980)
(146, 65, 40285)
(146, 14, 2610)
(146, 57, 28126)
(146, 141, 8520)
(146, 118, 41997)
(146, 73, 27396)
(146, 130, 37581)
(146, 128, 12906)
(146, 86, 5664)
(146, 72, 2356)
(146, 49, 29000)
(146, 108, 12231)
(146, 17, 11505)
(146, 20, 5795)
(146, 33, 41235)
(146, 26, 44162)
(146, 134, 35633)
(146, 116, 19345)
(146, 101, 18583)
(146, 60, 32629)
(146, 51, 10462)
(146, 46, 41042)
(146, 62, 40225)
(146, 2, 12768)
(146, 106, 2904)
(146, 110, 17900)
(146, 68, 37831)
(146, 25, 12270)
(146, 84, 7162)
(146, 31, 39738)
(146, 143, 29476)
(146, 136, 18218)
(146, 97, 8309)
(146, 109, 37561)
(146, 40, 31382)
(146, 1, 33478)
(146, 104, 951)
(146, 59, 8110)
(146, 93, 23846)
(146, 8, 40512)
(146, 119, 37915)
(146, 71, 14957)
(146, 37, 19717)
(146, 89, 20378)
(146, 54, 40003)
(146, 82, 32353)
(146, 135, 23445)
(146, 94, 39719)
(146, 23, 32621)
(146, 122, 10933)
(146, 24, 34344)
(146, 66, 41932)
(146, 138, 9343)
(146, 64, 36119)
(146, 131, 7960)
(146, 140, 15325)
(146, 85, 21475)
(146, 3, 22173)
(146, 21, 21943)
(146, 92, 4746)
(146, 139, 8817)
(146, 132, 8446)
(146, 10, 9680)
(146, 126, 13513)
(146, 98, 4369)
(146, 61, 27804)
(147, 133, 5727)
(147, 134, 19055)
(147, 137, 37495)
(147, 18, 23493)
(147, 128, 23789)
(147, 76, 9859)
(147, 100, 24137)
(147, 124, 13258)
(147, 72, 36904)
(147, 145, 21825)
(147, 55, 12341)
(147, 59, 23842)
(147, 43, 34294)
(147, 28, 15850)
(147, 80, 8016)
(147, 146, 14038)
(147, 130, 12939)
(147, 26, 12587)
(147, 110, 31781)
(147, 144, 5888)
(148, 1, 24620)
(148, 146, 23423)
(148, 133, 12913)
(148, 141, 37977)
(148, 83, 28271)
(149, 93, 25864)
(149, 66, 6400)
(149, 59, 30550)
(149, 7, 17760)
(149, 24, 24307)
(149, 102, 17906)
(149, 38, 23370)
(149, 33, 21341)
(149, 98, 2899)
(149, 55, 30835)
(149, 18, 13457)
(149, 31, 11605)
(149, 15, 20471)
(149, 2, 13491)
(149, 106, 43453)
(149, 47, 37935)
(149, 0, 24057)
(149, 143, 8092)
(149, 19, 30808)
(149, 12, 30959)
(149, 48, 17630)
(149, 120, 34960)
(149, 119, 37159)
(149, 96, 43297)
(149, 88, 27589)
(149, 79, 19123)
(149, 134, 43257)
(150, 106, 19374)
(150, 4, 25736)
(150, 58, 5638)
(150, 11, 37882)
(150, 98, 1308)
(150, 122, 8531)
(150, 107, 6449)
(150, 119, 19272)
(150, 41, 40758)
(150, 31, 26424)
(150, 57, 4634)
(150, 9, 10544)
(150, 70, 34146)
(150, 49, 11610)
(150, 38, 40844)
(150, 133, 26077)
(150, 85, 25210)
(150, 131, 41616)
(150, 90, 37511)
(150, 114, 6735)
(150, 44, 37256)
(150, 148, 36152)
(150, 36, 32723)
(150, 46, 33500)
(150, 146, 14578)
(150, 112, 16709)
(150, 40, 30571)
(150, 76, 34102)
(150, 37, 18866)
(150, 72, 27361)
(150, 134, 24737)
(150, 26, 31209)
(150, 19, 36236)
(150, 24, 15957)
(150, 25, 43014)
(150, 79, 30782)
(150, 16, 4897)
(150, 135, 38265)
(150, 0, 12058)
(150, 20, 11917)
(150, 35, 10447)
(150, 147, 19467)
(150, 56, 22330)
(150, 65, 28117)
(150, 71, 16810)
(150, 18, 21007)
(150, 129, 5334)
(150, 54, 18728)
(150, 69, 15684)
(150, 55, 23847)
(150, 23, 28816)
(150, 3, 36483)
(150, 15, 7165)
(150, 7, 28733)
(150, 81, 12748)
(150, 125, 21088)
(150, 94, 14024)
(150, 92, 28570)
(150, 137, 25734)
(150, 110, 28608)
(150, 144, 38016)
(150, 149, 10325)
(150, 47, 26382)
(150, 45, 29868)
(150, 97, 11116)
(150, 141, 9828)
(150, 68, 15393)
(150, 118, 40954)
(150, 66, 38011)
(150, 80, 39139)
(150, 102, 36049)
(150, 86, 20740)
(150, 60, 24851)
(150, 12, 36258)
(150, 17, 33347)
(150, 83, 32481)
(150, 128, 24948)
(150, 113, 39261)
(150, 123, 43486)
(150, 77, 31863)
(150, 140, 29281)
(150, 75, 43660)
(150, 61, 21762)
(150, 73, 34588)
(150, 121, 2056)
(151, 34, 7383)
(151, 76, 20641)
(151, 128, 13245)
(151, 108, 37202)
(151, 113, 21002)
(151, 142, 14973)
(151, 57, 36727)
(151, 107, 37312)
(151, 96, 11513)
(151, 12, 16327)
(151, 26, 34614)
(151, 146, 28116)
(151, 5, 23766)
(151, 31, 16345)
(151, 58, 23975)
(151, 67, 32355)
(151, 95, 20340)
(151, 15, 4775)
(151, 148, 41715)
(151, 144, 28222)
(151, 11, 402)
(151, 55, 2649)
(151, 110, 41207)
(151, 116, 39784)
(151, 129, 43415)
(151, 59, 16957)
(151, 85, 35811)
(151, 106, 14747)
(151, 43, 43222)
(151, 84, 16393)
(151, 100, 1950)
(151, 8, 35747)
(151, 66, 21267)
(151, 32, 11046)
(151, 125, 31953)
(151, 14, 13420)
(151, 6, 25081)
(151, 119, 1998)
(151, 139, 27059)
(151, 40, 18189)
(151, 135, 4497)
(151, 22, 25756)
(151, 1, 42423)
(151, 3, 30981)
(151, 90, 16645)
(151, 4, 1678)
(151, 13, 15475)
(151, 120, 32067)
(151, 17, 29222)
(151, 19, 9495)
(151, 102, 39142)
(151, 132, 12083)
(151, 44, 19629)
(151, 150, 2367)
(151, 53, 44043)
(151, 71, 41)
(151, 138, 13650)
(151, 103, 18324)
(151, 50, 7753)
(151, 49, 24087)
(151, 143, 25807)
(151, 0, 28318)
(151, 23, 1986)
(151, 136, 30325)
(151, 2, 9373)
(151, 127, 19062)
(151, 117, 11135)
(151, 118, 5993)
(151, 78, 35058)
(151, 27, 8850)
(151, 147, 28642)
(151, 62, 25398)
(151, 131, 21653)
(151, 10, 16151)
(151, 92, 30233)
(151, 141, 230)
(151, 60, 30652)
(151, 74, 1112)
(151, 134, 40737)
(151, 115, 12068)
(151, 121, 41837)
(151, 130, 3867)
(151, 20, 25548)
(151, 104, 41195)
(151, 47, 11204)
(151, 80, 18299)
(151, 89, 11786)
(151, 91, 24871)
(151, 114, 78)
(151, 122, 39919)
(151, 70, 42797)
(151, 73, 19460)
(151, 124, 17621)
(151, 98, 10641)
(151, 41, 39022)
(151, 29, 12632)
(151, 109, 24777)
(151, 24, 28033)
(151, 16, 23592)
(151, 133, 9307)
(151, 111, 26403)
(151, 45, 42072)
(151, 81, 31327)
(151, 30, 4877)
(151, 105, 4023)
(151, 25, 37478)
(151, 137, 30931)
(151, 77, 6939)
(151, 37, 15526)
(151, 94, 9033)
(151, 56, 9068)
(151, 83, 2166)
(151, 18, 38745)
(151, 38, 3372)
(151, 93, 42932)
(151, 97, 25553)
(151, 52, 36064)
(151, 140, 33091)
(151, 79, 33282)
(151, 9, 294)
(151, 36, 17485)
(151, 112, 44108)
(151, 61, 29727)
(151, 21, 10633)
(151, 99, 7147)
(151, 28, 16998)
(151, 42, 5558)
(151, 88, 18384)
(151, 46, 5087)
(151, 87, 24127)
(151, 7, 37172)
(151, 82, 29878)
(151, 65, 19951)
(151, 48, 4742)
(151, 39, 17723)
(151, 54, 20484)
(151, 63, 22757)
(151, 69, 23651)
(151, 75, 9379)
(151, 149, 9914)
(151, 126, 21922)
(151, 72, 25510)
(151, 101, 7900)
(151, 35, 22181)
(151, 86, 17426)
(152, 20, 21694)
(152, 80, 19731)
(152, 93, 7195)
(152, 12, 15562)
(152, 125, 30951)
(152, 98, 25835)
(152, 96, 10735)
(152, 124, 43531)
(152, 68, 8555)
(152, 42, 7503)
(152, 78, 8809)
(152, 25, 9027)
(152, 71, 26604)
(152, 51, 17810)
(152, 9, 18534)
(152, 149, 28469)
(152, 126, 21339)
(152, 13, 6968)
(152, 15, 41424)
(152, 121, 18653)
(152, 108, 15201)
(152, 130, 30089)
(152, 66, 34542)
(152, 87, 28930)
(152, 22, 5202)
(152, 99, 36344)
(152, 67, 38208)
(152, 29, 19267)
(152, 57, 2331)
(152, 58, 15102)
(152, 140, 37197)
(152, 11, 43722)
(152, 55, 23145)
(152, 62, 37282)
(152, 41, 13039)
(152, 30, 24396)
(152, 37, 12272)
(152, 102, 21317)
(152, 116, 31660)
(152, 110, 44223)
(152, 48, 5589)
(152, 72, 32042)
(152, 45, 28461)
(152, 148, 1658)
(152, 76, 13524)
(152, 104, 41752)
(152, 0, 26843)
(153, 20, 5163)
(153, 116, 6941)
(153, 114, 4651)
(153, 150, 3959)
(153, 51, 37343)
(153, 42, 16453)
(153, 122, 42398)
(153, 105, 29296)
(153, 110, 8422)
(153, 81, 37870)
(153, 5, 39123)
(153, 76, 1333)
(153, 79, 3067)
(153, 6, 1897)
(153, 69, 29147)
(153, 41, 21356)
(153, 66, 22867)
(153, 136, 906)
(153, 83, 9229)
(153, 138, 15283)
(153, 145, 18993)
(153, 35, 3190)
(153, 112, 2437)
(153, 151, 23238)
(153, 23, 1286)
(153, 38, 636)
(153, 14, 1976)
(153, 18, 35482)
(153, 149, 7668)
(153, 24, 14029)
(153, 90, 14933)
(153, 96, 2530)
(153, 85, 19677)
(153, 132, 12356)
(153, 30, 29513)
(153, 21, 29154)
(153, 93, 39374)
(153, 137, 6571)
(153, 141, 41412)
(153, 82, 5022)
(153, 73, 42430)
(153, 0, 20618)
(153, 74, 17785)
(153, 27, 39670)
(153, 111, 19828)
(153, 89, 27774)
(153, 123, 21638)
(154, 88, 23450)
(154, 113, 38832)
(154, 148, 7789)
(154, 8, 37732)
(154, 84, 4741)
(154, 87, 8034)
(154, 7, 10429)
(154, 32, 4649)
(154, 98, 4974)
(154, 44, 18770)
(154, 28, 25886)
(154, 132, 14917)
(154, 126, 31314)
(154, 4, 35893)
(154, 102, 11481)
(154, 82, 42074)
(154, 10, 2517)
(154, 92, 23307)
(154, 99, 36785)
(154, 123, 28018)
(154, 121, 42820)
(154, 43, 31859)
(154, 116, 36316)
(154, 153, 6648)
(154, 69, 16149)
(154, 142, 28153)
(154, 129, 30385)
(154, 131, 37029)
(154, 101, 36903)
(154, 30, 41818)
(154, 52, 31490)
(154, 136, 22496)
(154, 110, 44131)
(154, 66, 13279)
(154, 6, 20464)
(154, 120, 10902)
(154, 138, 1697)
(154, 53, 10669)
(154, 133, 7413)
(154, 86, 22765)
(154, 119, 28195)
(154, 93, 11794)
(154, 94, 32951)
(154, 140, 8710)
(154, 16, 15047)
(154, 39, 11779)
(154, 146, 11822)
(154, 74, 936)
(154, 46, 41069)
(154, 71, 41467)
(154, 57, 9727)
(154, 38, 24199)
(154, 141, 2637)
(154, 67, 33989)
(154, 70, 15654)
(154, 152, 14705)
(154, 130, 44243)
(154, 97, 32671)
(154, 134, 81)
(154, 75, 2731)
(154, 58, 28130)
(154, 117, 18807)
(154, 29, 18047)
(154, 33, 8234)
(154, 47, 880)
(154, 51, 25613)
(154, 72, 17620)
(154, 143, 2172)
(154, 35, 8612)
(154, 37, 12806)
(154, 108, 36454)
(154, 61, 924)
(154, 41, 31315)
(154, 79, 5367)
(154, 25, 13401)
(154, 20, 35154)
(154, 13, 40463)
(154, 12, 16699)
(154, 127, 265)
(154, 2, 23913)
(154, 73, 8896)
(154, 24, 25009)
(154, 26, 36497)
(154, 54, 12262)
(154, 112, 18559)
(154, 90, 32143)
(154, 42, 34823)
(154, 23, 37634)
(154, 19, 19205)
(154, 85, 39633)
(154, 114, 44330)
(154, 68, 34816)
(154, 77, 26586)
(154, 50, 25605)
(154, 137, 38982)
(154, 15, 37060)
(154, 135, 16981)
(154, 91, 24203)
(154, 147, 16872)
(154, 45, 4101)
(154, 149, 8296)
(154, 64, 18941)
(154, 105, 14876)
(154, 49, 34940)
(154, 40, 34097)
(154, 78, 28995)
(154, 0, 28280)
(154, 34, 21363)
(154, 104, 14671)
(154, 124, 17672)
(154, 14, 11465)
(154, 63, 17315)
(154, 144, 36627)
(154, 118, 36879)
(154, 103, 34654)
(154, 48, 27092)
(154, 111, 19598)
(154, 62, 6470)
(154, 107, 33944)
(154, 11, 42090)
(154, 145, 26243)
(154, 36, 24436)
(154, 139, 10183)
(154, 21, 44107)
(154, 83, 30152)
(154, 115, 13195)
(154, 122, 6831)
(154, 125, 16086)
(154, 89, 37359)
(154, 95, 12476)
(154, 96, 26655)
(154, 3, 27215)
(154, 150, 36310)
(154, 56, 17534)
(155, 54, 20619)
(155, 106, 10121)
(155, 7, 12573)
(155, 21, 10844)
(155, 87, 31819)
(155, 3, 31826)
(155, 77, 33740)
(155, 97, 25541)
(155, 4, 10528)
(155, 65, 27557)
(155, 78, 35497)
(155, 41, 24562)
(155, 129, 30768)
(155, 76, 2669)
(155, 32, 37978)
(155, 145, 21149)
(155, 151, 33241)
(155, 30, 4548)
(155, 47, 31143)
(155, 14, 14597)
(155, 71, 18266)
(155, 36, 13054)
(155, 15, 11522)
(155, 25, 25843)
(155, 120, 40311)
(155, 2, 8182)
(155, 109, 31571)
(155, 19, 5168)
(155, 24, 2196)
(155, 81, 36409)
(155, 98, 7126)
(155, 33, 5527)
(155, 94, 16933)
(155, 59, 40017)
(155, 103, 1299)
(155, 51, 16262)
(155, 143, 36162)
(155, 46, 40180)
(155, 101, 34043)
(155, 31, 3859)
(155, 0, 18414)
(155, 45, 41564)
(155, 63, 23312)
(155, 58, 15686)
(155, 57, 44156)
(155, 100, 27909)
(156, 111, 23480)
(156, 143, 33217)
(156, 42, 8271)
(156, 81, 41159)
(156, 85, 11230)
(156, 51, 18787)
(156, 101, 8816)
(156, 27, 29048)
(156, 61, 25621)
(156, 74, 4086)
(156, 2, 33811)
(156, 72, 2834)
(156, 113, 18813)
(156, 66, 4580)
(156, 34, 44180)
(156, 127, 15480)
(156, 76, 13134)
(156, 43, 16410)
(156, 145, 6787)
(156, 53, 43651)
(156, 24, 41540)
(156, 119, 27785)
(156, 78, 25057)
(156, 55, 2429)
(156, 116, 36098)
(156, 132, 41021)
(156, 9, 35637)
(156, 146, 14564)
(156, 155, 4949)
(156, 35, 39930)
(156, 108, 1388)
(156, 91, 18466)
(156, 126, 22389)
(156, 147, 13984)
(156, 82, 39979)
(156, 5, 35963)
(156, 140, 7729)
(156, 122, 4530)
(156, 120, 15802)
(156, 21, 15119)
(156, 48, 8739)
(156, 4, 40940)
(156, 18, 25855)
(156, 25, 26320)
(156, 97, 8079)
(156, 14, 35330)
(156, 137, 14357)
(156, 54, 28023)
(156, 152, 41993)
(156, 13, 43160)
(156, 70, 43488)
(156, 149, 10981)
(156, 44, 26665)
(156, 151, 14462)
(156, 71, 8051)
(156, 10, 15439)
(156, 77, 15649)
(156, 47, 37436)
(156, 114, 12666)
(156, 60, 25362)
(156, 93, 33961)
(156, 68, 37559)
(156, 29, 27505)
(156, 103, 3217)
(156, 134, 17087)
(156, 58, 10354)
(156, 39, 19478)
(156, 110, 38967)
(156, 141, 30890)
(156, 144, 758)
(156, 63, 18199)
(156, 69, 32522)
(156, 94, 32808)
(156, 37, 25459)
(156, 96, 30239)
(156, 100, 13148)
(156, 11, 34288)
(156, 148, 33239)
(156, 28, 18572)
(156, 123, 22155)
(156, 57, 17390)
(156, 33, 40557)
(156, 15, 44007)
(156, 115, 3821)
(156, 117, 36413)
(156, 41, 12838)
(156, 87, 9915)
(156, 40, 24377)
(156, 124, 27814)
(156, 32, 26844)
(156, 128, 33622)
(156, 22, 34718)
(156, 79, 31908)
(156, 73, 164)
(156, 118, 40118)
(156, 130, 41733)
(156, 23, 2859)
(156, 109, 38081)
(157, 1, 9250)
(157, 108, 21609)
(157, 97, 19663)
(157, 23, 15449)
(157, 155, 29674)
(157, 13, 14312)
(157, 109, 39036)
(157, 123, 14035)
(157, 36, 10056)
(157, 114, 4143)
(157, 140, 31809)
(157, 133, 24792)
(157, 27, 42159)
(157, 85, 19988)
(157, 149, 27254)
(157, 122, 36958)
(157, 102, 17741)
(157, 86, 8400)
(157, 7, 43148)
(157, 136, 32224)
(157, 91, 28882)
(157, 16, 35705)
(157, 45, 7092)
(157, 110, 35652)
(157, 120, 26458)
(157, 37, 19020)
(157, 73, 42625)
(157, 49, 12599)
(157, 138, 35691)
(157, 4, 8530)
(157, 88, 22482)
(157, 148, 22262)
(157, 38, 10617)
(157, 66, 9773)
(157, 39, 510)
(157, 143, 1087)
(157, 98, 39868)
(157, 96, 15533)
(158, 93, 40938)
(158, 1, 18458)
(158, 66, 39197)
(158, 53, 8818)
(158, 124, 13666)
(158, 63, 31833)
(158, 43, 37449)
(158, 35, 33191)
(158, 23, 32994)
(158, 70, 14243)
(158, 153, 28970)
(158, 27, 4039)
(158, 136, 11223)
(158, 40, 7876)
(158, 75, 34032)
(158, 0, 7145)
(158, 119, 26248)
(158, 96, 64)
(158, 22, 16812)
(158, 65, 23189)
(158, 5, 5492)
(158, 102, 23229)
(158, 9, 23917)
(158, 127, 16067)
(158, 151, 15861)
(158, 48, 33539)
(158, 31, 36585)
(158, 30, 38918)
(158, 85, 22922)
(158, 15, 15590)
(158, 39, 19217)
(158, 98, 8241)
(158, 11, 26094)
(158, 92, 18316)
(158, 112, 26853)
(158, 67, 2100)
(158, 108, 5378)
(158, 17, 34319)
(158, 36, 28512)
(158, 41, 30191)
(158, 110, 37008)
(158, 122, 41176)
(158, 18, 27464)
(158, 104, 6659)
(158, 42, 5637)
(158, 144, 2054)
(158, 81, 15279)
(158, 149, 18902)
(158, 154, 33482)
(158, 56, 8118)
(158, 150, 37057)
(158, 135, 30857)
(158, 145, 11788)
(158, 45, 30591)
(158, 121, 8005)
(158, 61, 29726)
(158, 19, 7735)
(158, 142, 9533)
(158, 50, 30310)
(158, 141, 44231)
(158, 74, 11139)
(158, 133, 15847)
(158, 131, 35734)
(158, 115, 28551)
(158, 7, 26033)
(158, 156, 19124)
(158, 82, 11252)
(158, 73, 37291)
(158, 111, 36040)
(158, 101, 6764)
(158, 140, 13694)
(158, 21, 32526)
(158, 118, 32830)
(158, 152, 38413)
(158, 8, 14823)
(158, 33, 3767)
(158, 12, 8857)
(159, 102, 25682)
(159, 131, 27864)
(159, 149, 40818)
(159, 93, 24378)
(159, 40, 7504)
(159, 26, 5403)
(159, 15, 34229)
(159, 157, 28660)
(159, 151, 42757)
(159, 132, 39843)
(159, 9, 40079)
(159, 74, 28531)
(159, 123, 21174)
(159, 120, 38222)
(159, 148, 42676)
(159, 95, 27094)
(160, 96, 38132)
(160, 129, 35155)
(160, 43, 41407)
(160, 27, 16286)
(160, 156, 44218)
(160, 65, 41160)
(160, 73, 29849)
(160, 30, 9289)
(160, 132, 29389)
(160, 114, 30706)
(160, 71, 23216)
(160, 48, 7878)
(160, 86, 19510)
(160, 93, 12787)
(160, 157, 5555)
(160, 14, 26426)
(160, 118, 8156)
(160, 35, 31778)
(160, 151, 19350)
(160, 26, 40147)
(160, 94, 11495)
(160, 88, 26225)
(160, 105, 22916)
(160, 103, 43039)
(160, 46, 8010)
(160, 120, 35084)
(160, 76, 9429)
(160, 92, 40410)
(160, 81, 3081)
(160, 138, 39538)
(160, 44, 20565)
(160, 158, 34939)
(160, 146, 18803)
(160, 107, 12570)
(160, 123, 24731)
(160, 4, 20913)
(160, 32, 20738)
(160, 141, 40172)
(160, 133, 39086)
(160, 24, 39655)
(160, 16, 28134)
(160, 98, 823)
(160, 64, 43505)
(160, 31, 22563)
(160, 21, 16384)
(160, 134, 25074)
(160, 150, 15928)
(160, 142, 41649)
(160, 84, 22770)
(161, 46, 28446)
(161, 109, 33413)
(161, 28, 18200)
(161, 63, 38581)
(161, 10, 39971)
(161, 12, 3230)
(161, 85, 36342)
(161, 43, 29568)
(161, 47, 3413)
(161, 130, 25587)
(161, 77, 24971)
(161, 146, 33925)
(161, 88, 8615)
(161, 79, 13487)
(161, 90, 30008)
(161, 70, 36891)
(161, 3, 13374)
(161, 48, 40386)
(161, 113, 42884)
(161, 137, 38692)
(161, 36, 20139)
(161, 126, 6494)
(161, 13, 8349)
(161, 98, 42630)
(161, 57, 26249)
(161, 80, 2082)
(161, 92, 5913)
(161, 58, 24160)
(161, 150, 14568)
(161, 122, 36559)
(161, 19, 10265)
(161, 155, 31328)
(161, 34, 32767)
(161, 134, 31293)
(161, 4, 37334)
(161, 136, 44181)
(161, 32, 9454)
(161, 97, 10898)
(161, 151, 25245)
(161, 117, 26887)
(161, 110, 12958)
(161, 149, 40507)
(161, 37, 31108)
(161, 8, 21391)
(161, 7, 16444)
(161, 6, 5965)
(161, 42, 29340)
(161, 111, 25466)
(162, 72, 29369)
(162, 139, 33487)
(162, 56, 30382)
(162, 9, 29733)
(162, 41, 12461)
(162, 66, 26683)
(162, 152, 11640)
(162, 88, 25112)
(162, 134, 32780)
(162, 58, 1760)
(162, 81, 38406)
(162, 6, 33132)
(162, 91, 2574)
(162, 28, 11432)
(162, 160, 37574)
(162, 156, 919)
(162, 112, 5231)
(162, 99, 7302)
(162, 148, 31853)
(162, 121, 21668)
(162, 155, 29911)
(162, 27, 23448)
(162, 14, 15976)
(162, 143, 1180)
(162, 53, 41304)
(162, 141, 1206)
(162, 146, 40336)
(162, 103, 9608)
(162, 17, 17348)
(162, 46, 39691)
(162, 119, 6418)
(162, 97, 19698)
(162, 127, 20148)
(162, 60, 35304)
(162, 93, 31835)
(162, 5, 36358)
(162, 34, 43839)
(162, 124, 39425)
(162, 101, 13656)
(162, 44, 31043)
(162, 55, 37205)
(162, 62, 42025)
(162, 40, 21008)
(162, 157, 7097)
(162, 52, 1294)
(162, 114, 7851)
(162, 140, 33610)
(162, 159, 21373)
(162, 98, 11413)
(162, 59, 3592)
(162, 69, 11601)
(162, 108, 23835)
(162, 102, 19354)
(162, 13, 26693)
(162, 116, 40532)
(162, 76, 14528)
(162, 113, 33080)
(162, 39, 11344)
(162, 67, 39558)
(162, 85, 32785)
(162, 115, 44315)
(162, 12, 12342)
(162, 80, 18352)
(162, 94, 8344)
(162, 75, 41272)
(162, 7, 6857)
(162, 142, 19412)
(162, 126, 3861)
(162, 118, 18655)
(162, 100, 2068)
(162, 104, 10088)
(162, 10, 20824)
(162, 21, 31520)
(162, 105, 43953)
(162, 71, 35631)
(162, 48, 11090)
(162, 147, 5834)
(162, 161, 7944)
(162, 43, 1902)
(162, 3, 38708)
(162, 30, 18565)
(162, 137, 39723)
(162, 92, 42039)
(162, 37, 17859)
(162, 15, 36278)
(162, 95, 12491)
(162, 25, 28917)
(162, 47, 42823)
(162, 109, 25377)
(162, 64, 35276)
(162, 86, 4137)
(162, 54, 31008)
(162, 138, 41528)
(162, 29, 13692)
(162, 90, 17063)
(162, 107, 6850)
(162, 111, 19249)
(162, 110, 29361)
(162, 74, 11128)
(162, 4, 17752)
(162, 129, 7390)
(162, 61, 29601)
(162, 136, 27830)
(162, 131, 8938)
(162, 35, 36432)
(162, 151, 31435)
(162, 23, 14665)
(162, 149, 28542)
(162, 122, 14041)
(162, 144, 7794)
(162, 24, 3975)
(162, 153, 29870)
(162, 20, 36331)
(162, 38, 4419)
(162, 125, 44213)
(162, 82, 9739)
(162, 63, 14576)
(162, 132, 10598)
(162, 84, 17801)
(162, 36, 13918)
(162, 70, 30063)
(162, 32, 19231)
(162, 78, 17749)
(162, 65, 34381)
(162, 73, 36526)
(162, 50, 28281)
(162, 130, 14349)
(162, 1, 15223)
(162, 79, 29101)
(162, 154, 34927)
(162, 145, 30075)
(162, 49, 11033)
(162, 83, 25794)
(162, 33, 29430)
(162, 128, 8672)
(162, 158, 4809)
(162, 150, 38510)
(162, 0, 6899)
(162, 135, 38905)
(162, 45, 11273)
(162, 77, 7350)
(162, 8, 7292)
(162, 18, 16772)
(162, 106, 16801)
(162, 19, 17387)
(162, 87, 23545)
(162, 11, 37241)
(162, 68, 18253)
(162, 89, 11333)
(162, 57, 42785)
(162, 22, 9266)
(162, 133, 1895)
(163, 150, 37841)
(163, 82, 12475)
(163, 10, 38855)
(163, 161, 13069)
(163, 101, 10262)
(163, 29, 38287)
(163, 104, 36231)
(163, 1, 43122)
(163, 125, 40777)
(163, 108, 3397)
(163, 83, 11477)
(163, 95, 36271)
(163, 57, 7782)
(163, 66, 8847)
(163, 97, 10563)
(163, 33, 12979)
(163, 112, 35321)
(163, 67, 4581)
(163, 155, 8881)
(163, 74, 21731)
(163, 88, 13264)
(163, 139, 25111)
(163, 119, 39690)
(163, 3, 26204)
(163, 17, 32259)
(163, 55, 9469)
(163, 148, 7487)
(163, 142, 1685)
(163, 30, 27060)
(163, 58, 17975)
(163, 85, 38226)
(163, 50, 23988)
(163, 90, 29816)
(163, 105, 4178)
(163, 59, 27932)
(163, 68, 2900)
(163, 116, 1113)
(163, 47, 7510)
(163, 93, 843)
(163, 22, 6590)
(163, 31, 277)
(163, 130, 14401)
(163, 136, 29902)
(163, 27, 21679)
(163, 156, 36383)
(163, 115, 24796)
(163, 126, 42751)
(163, 84, 22514)
(163, 56, 37754)
(163, 42, 12827)
(163, 45, 16946)
(163, 35, 14123)
(163, 153, 9146)
(163, 70, 25507)
(163, 103, 21719)
(163, 75, 33016)
(163, 159, 36241)
(163, 106, 33025)
(163, 98, 1310)
(163, 80, 24656)
(163, 53, 13597)
(163, 5, 10337)
(163, 9, 5459)
(163, 100, 22167)
(163, 65, 40377)
(163, 79, 4353)
(163, 76, 40054)
(163, 129, 34145)
(163, 127, 13753)
(163, 18, 10542)
(163, 52, 12470)
(163, 146, 40577)
(163, 154, 29310)
(163, 131, 19987)
(163, 162, 1647)
(163, 143, 21323)
(163, 110, 12256)
(163, 25, 9124)
(163, 151, 8969)
(163, 44, 33202)
(163, 138, 7702)
(163, 19, 19329)
(163, 12, 37477)
(163, 69, 10029)
(163, 24, 15826)
(163, 61, 834)
(163, 147, 26469)
(163, 114, 10210)
(163, 87, 40189)
(163, 102, 3301)
(163, 28, 18343)
(163, 51, 11555)
(163, 121, 16690)
(163, 107, 8805)
(163, 0, 30229)
(163, 89, 33493)
(163, 135, 26398)
(163, 134, 5261)
(163, 128, 28794)
(163, 91, 43281)
(163, 124, 3418)
(163, 123, 23317)
(163, 133, 13730)
(163, 117, 14385)
(163, 39, 38653)
(163, 71, 10726)
(163, 41, 24555)
(163, 81, 29079)
(163, 46, 35841)
(163, 8, 10168)
(163, 43, 31092)
(163, 64, 30358)
(163, 14, 13353)
(163, 77, 29883)
(163, 48, 13422)
(163, 92, 36566)
(163, 160, 44155)
(163, 94, 13577)
(163, 16, 6486)
(163, 13, 16405)
(163, 23, 5049)
(163, 118, 37426)
(163, 20, 39749)
(163, 109, 40473)
(163, 4, 37801)
(163, 132, 12935)
(163, 36, 10667)
(163, 2, 35452)
(163, 54, 18388)
(163, 113, 39776)
(163, 6, 40241)
(163, 111, 501)
(163, 120, 22792)
(163, 73, 35895)
(163, 32, 19089)
(164, 3, 8638)
(164, 32, 6422)
(164, 57, 20432)
(164, 100, 22631)
(164, 124, 13337)
(164, 68, 10014)
(164, 74, 30770)
(164, 64, 6438)
(164, 81, 25652)
(164, 163, 10252)
(164, 31, 22860)
(164, 143, 11326)
(164, 40, 11011)
(164, 99, 41399)
(164, 93, 22744)
(164, 108, 3662)
(164, 92, 1142)
(164, 21, 7370)
(164, 128, 1836)
(164, 8, 42756)
(164, 110, 32602)
(164, 61, 25914)
(164, 80, 30940)
(164, 49, 32754)
(164, 78, 27400)
(164, 47, 23555)
(164, 141, 7598)
(164, 4, 3296)
(164, 103, 935)
(164, 27, 37995)
(164, 152, 6928)
(164, 140, 5635)
(164, 75, 37937)
(164, 114, 15459)
(164, 125, 19419)
(164, 65, 36124)
(164, 36, 17645)
(164, 89, 26895)
(164, 7, 20070)
(164, 149, 18412)
(164, 66, 15400)
(164, 18, 32745)
(164, 95, 29414)
(164, 132, 7201)
(164, 70, 8282)
(164, 97, 20505)
(164, 158, 29477)
(164, 85, 21640)
(164, 107, 22811)
(164, 60, 19611)
(164, 15, 37395)
(164, 50, 29165)
(164, 22, 28209)
(164, 139, 11142)
(164, 24, 2311)
(164, 104, 5177)
(164, 72, 15683)
(164, 160, 30833)
(164, 115, 3309)
(164, 94, 29803)
(164, 155, 39743)
(164, 46, 36623)
(164, 106, 42067)
(164, 96, 21258)
(164, 17, 705)
(164, 14, 35401)
(164, 48, 19001)
(164, 12, 4740)
(164, 79, 8705)
(164, 136, 39314)
(164, 120, 26148)
(164, 43, 23092)
(164, 45, 16704)
(164, 56, 14379)
(164, 91, 42397)
(164, 150, 28972)
(164, 58, 20470)
(164, 144, 20599)
(164, 151, 17440)
(164, 138, 10228)
(164, 90, 28307)
(164, 119, 6220)
(164, 51, 20380)
(164, 23, 18240)
(164, 25, 31894)
(164, 54, 39001)
(164, 116, 5907)
(164, 28, 42540)
(164, 113, 29033)
(164, 127, 13914)
(164, 112, 24029)
(164, 157, 22697)
(164, 62, 41566)
(164, 147, 14508)
(164, 101, 30639)
(164, 19, 29915)
(164, 162, 15256)
(164, 5, 18215)
(164, 11, 22295)
(164, 59, 35391)
(165, 6, 6185)
(165, 149, 29350)
(165, 92, 25440)
(165, 125, 13841)
(165, 142, 16672)
(165, 52, 14951)
(165, 30, 5771)
(165, 107, 19652)
(165, 50, 25527)
(165, 72, 21865)
(165, 44, 21393)
(165, 56, 7671)
(165, 132, 33102)
(165, 119, 35232)
(165, 139, 21550)
(165, 70, 23382)
(165, 31, 4661)
(165, 133, 27231)
(165, 22, 22275)
(165, 20, 25206)
(165, 150, 16214)
(165, 122, 1829)
(165, 163, 39476)
(165, 94, 31732)
(165, 137, 21554)
(165, 39, 33197)
(165, 19, 31712)
(165, 104, 39450)
(165, 51, 30015)
(165, 138, 5486)
(165, 4, 33894)
(165, 131, 41956)
(165, 8, 32340)
(165, 28, 6567)
(165, 62, 39796)
(165, 32, 31518)
(165, 117, 41398)
(165, 69, 41699)
(165, 49, 27891)
(165, 161, 23361)
(165, 152, 20131)
(165, 84, 39992)
(165, 153, 29444)
(165, 13, 22444)
(165, 129, 33747)
(165, 59, 29106)
(165, 12, 27868)
(165, 93, 23981)
(165, 57, 31261)
(165, 54, 4948)
(165, 55, 21723)
(165, 33, 34648)
(165, 23, 34330)
(165, 143, 9404)
(165, 164, 7579)
(165, 38, 22476)
(165, 24, 42077)
(165, 111, 8266)
(165, 34, 42873)
(165, 128, 18781)
(165, 7, 9610)
(165, 99, 43711)
(165, 3, 11110)
(165, 58, 9527)
(165, 82, 23413)
(165, 120, 8585)
(165, 123, 12098)
(165, 77, 29151)
(165, 42, 19793)
(165, 109, 30752)
(165, 118, 39195)
(165, 53, 24452)
(165, 158, 39277)
(165, 67, 26122)
(165, 65, 2836)
(165, 40, 37875)
(165, 156, 16641)
(166, 19, 6563)
(166, 137, 10904)
(166, 58, 40436)
(166, 108, 23406)
(166, 105, 3360)
(166, 18, 1585)
(166, 126, 17353)
(166, 95, 13510)
(166, 97, 10341)
(166, 25, 20673)
(167, 105, 20850)
(167, 39, 20857)
(167, 75, 20347)
(167, 144, 9966)
(167, 6, 37627)
(167, 101, 28679)
(167, 66, 21901)
(167, 163, 41346)
(167, 9, 36809)
(167, 63, 31579)
(167, 115, 61)
(167, 140, 23594)
(167, 71, 15726)
(167, 72, 18392)
(167, 96, 18303)
(167, 109, 44333)
(167, 89, 24024)
(167, 70, 26748)
(167, 110, 8177)
(167, 129, 25012)
(167, 12, 10745)
(168, 69, 28916)
(168, 141, 2895)
(168, 52, 14625)
(168, 21, 31586)
(168, 114, 23269)
(168, 152, 23395)
(168, 120, 5843)
(168, 102, 7830)
(168, 60, 8471)
(168, 161, 42627)
(168, 97, 20090)
(168, 163, 33711)
(168, 51, 15770)
(168, 153, 35586)
(168, 115, 43284)
(168, 123, 21115)
(168, 14, 28087)
(168, 154, 43928)
(168, 112, 25254)
(168, 89, 37062)
(168, 125, 35808)
(168, 65, 1969)
(168, 111, 33012)
(168, 158, 9224)
(168, 48, 26501)
(168, 70, 3205)
(168, 44, 21666)
(168, 126, 20986)
(168, 28, 23777)
(168, 31, 30136)
(168, 64, 18855)
(168, 74, 36979)
(168, 132, 10711)
(168, 25, 3410)
(168, 62, 18383)
(168, 166, 21533)
(168, 76, 514)
(168, 36, 11307)
(168, 16, 38957)
(168, 61, 5518)
(168, 57, 36946)
(168, 39, 32508)
(168, 136, 18195)
(168, 137, 19156)
(168, 11, 29229)
(168, 93, 39883)
(168, 6, 13241)
(168, 113, 1016)
(168, 34, 27217)
(168, 43, 27634)
(168, 104, 9922)
(168, 83, 26104)
(168, 99, 12499)
(168, 55, 38176)
(168, 63, 4576)
(168, 54, 13463)
(168, 110, 25145)
(168, 145, 22548)
(168, 45, 23676)
(168, 81, 14192)
(168, 24, 4439)
(168, 147, 1595)
(168, 150, 21898)
(168, 72, 13431)
(168, 38, 25187)
(168, 107, 13053)
(168, 4, 8381)
(168, 135, 24578)
(168, 41, 30633)
(168, 5, 39820)
(168, 133, 36131)
(168, 9, 25562)
(168, 1, 24102)
(168, 77, 35622)
(168, 49, 24740)
(168, 88, 21179)
(168, 27, 30130)
(168, 40, 14599)
(168, 75, 11517)
(168, 29, 9283)
(168, 103, 42359)
(168, 109, 28167)
(168, 90, 2010)
(168, 157, 31317)
(168, 91, 14233)
(168, 164, 12415)
(168, 155, 18298)
(168, 19, 43817)
(168, 17, 21057)
(168, 108, 17757)
(168, 32, 1123)
(168, 140, 36229)
(168, 56, 3744)
(168, 47, 40404)
(168, 118, 16524)
(168, 101, 6739)
(168, 146, 27297)
(168, 12, 24964)
(168, 82, 26612)
(168, 98, 6182)
(168, 67, 32131)
(168, 10, 27974)
(168, 128, 35546)
(168, 129, 35872)
(168, 85, 28412)
(168, 130, 6603)
(168, 84, 36632)
(168, 139, 33255)
(168, 46, 20122)
(168, 95, 11545)
(168, 92, 13249)
(168, 15, 245)
(168, 94, 14715)
(168, 23, 43519)
(168, 58, 2840)
(168, 159, 34437)
(168, 106, 19665)
(168, 79, 43195)
(168, 165, 17168)
(168, 18, 16743)
(168, 35, 29933)
(168, 124, 15395)
(168, 66, 36563)
(168, 144, 33316)
(168, 105, 43244)
(168, 53, 14716)
(168, 100, 41381)
(168, 131, 32693)
(168, 3, 23716)
(168, 13, 18999)
(168, 59, 32529)
(169, 30, 15781)
(169, 146, 18335)
(169, 121, 35523)
(169, 15, 32458)
(169, 44, 39490)
(169, 157, 42558)
(169, 5, 26119)
(169, 153, 29478)
(169, 161, 17003)
(169, 141, 43110)
(169, 40, 34382)
(169, 116, 20208)
(169, 74, 39904)
(169, 98, 718)
(169, 94, 18523)
(169, 100, 41510)
(169, 163, 28565)
(169, 39, 21275)
(169, 105, 41975)
(169, 149, 25125)
(169, 60, 16350)
(169, 4, 18597)
(169, 14, 7798)
(169, 158, 33095)
(169, 35, 20295)
(169, 131, 684)
(169, 41, 7068)
(169, 103, 37776)
(169, 61, 20917)
(169, 114, 17849)
(169, 133, 15292)
(169, 84, 43000)
(169, 19, 21482)
(169, 147, 2839)
(169, 16, 39789)
(169, 2, 29840)
(169, 51, 12616)
(169, 79, 42536)
(169, 96, 34846)
(169, 46, 18979)
(169, 0, 19768)
(169, 20, 7458)
(169, 144, 32004)
(169, 11, 33173)
(169, 65, 27502)
(169, 150, 20255)
(169, 49, 31880)
(169, 128, 15155)
(169, 25, 13859)
(169, 24, 18528)
(169, 57, 29230)
(169, 106, 42181)
(169, 130, 39506)
(169, 152, 16862)
(169, 115, 24803)
(169, 86, 13970)
(169, 122, 24025)
(169, 127, 11304)
(169, 140, 11607)
(169, 48, 12673)
(169, 22, 11149)
(169, 81, 35270)
(169, 123, 2996)
(169, 108, 31501)
(169, 12, 13215)
(169, 95, 4076)
(169, 6, 14794)
(169, 77, 1781)
(169, 69, 6272)
(169, 85, 29805)
(169, 168, 35979)
(169, 18, 11109)
(169, 142, 32003)
(169, 101, 35896)
(169, 134, 7983)
(169, 136, 22242)
(169, 36, 26274)
(169, 160, 32589)
(169, 83, 39410)
(169, 33, 23923)
(169, 17, 42489)
(169, 117, 12577)
(169, 151, 43721)
(169, 13, 5194)
(169, 71, 32781)
(169, 156, 37308)
(169, 125, 15040)
(169, 124, 8376)
(169, 107, 28104)
(169, 8, 19014)
(169, 64, 2462)
(169, 104, 14270)
(169, 9, 3208)
(169, 135, 25753)
(169, 93, 32653)
(169, 68, 7811)
(169, 165, 11858)
(170, 32, 21060)
(170, 97, 14861)
(170, 71, 42102)
(170, 132, 38959)
(170, 93, 2297)
(170, 90, 24922)
(170, 35, 612)
(170, 156, 21116)
(170, 81, 54)
(170, 103, 33492)
(170, 4, 6663)
(170, 118, 10829)
(170, 48, 10117)
(170, 44, 4507)
(170, 104, 2019)
(170, 138, 36370)
(170, 25, 11367)
(170, 76, 25472)
(170, 13, 1551)
(170, 115, 35450)
(170, 88, 37195)
(170, 164, 15339)
(170, 30, 35091)
(170, 20, 34915)
(170, 99, 19031)
(170, 26, 12811)
(170, 123, 33366)
(170, 108, 2920)
(170, 64, 10722)
(170, 43, 12621)
(170, 160, 13616)
(170, 120, 14883)
(170, 151, 4093)
(170, 45, 14929)
(170, 92, 31749)
(170, 53, 28790)
(170, 51, 15152)
(170, 6, 38166)
(170, 15, 35820)
(170, 85, 19427)
(170, 57, 38624)
(170, 140, 2271)
(170, 101, 5199)
(170, 133, 34279)
(170, 17, 18272)
(170, 77, 9545)
(170, 10, 33189)
(170, 119, 41356)
(170, 110, 11660)
(170, 95, 9175)
(170, 18, 19015)
(170, 136, 27208)
(170, 27, 23761)
(170, 62, 30388)
(170, 141, 19508)
(170, 54, 31343)
(170, 24, 7168)
(170, 5, 16648)
(170, 55, 37375)
(170, 107, 7103)
(170, 145, 3806)
(170, 159, 41365)
(170, 128, 37900)
(170, 66, 30939)
(170, 61, 32630)
(170, 58, 16487)
(170, 167, 44103)
(170, 34, 15589)
(170, 19, 42574)
(170, 59, 38822)
(170, 143, 39666)
(170, 137, 596)
(170, 11, 27845)
(170, 124, 4574)
(171, 45, 43539)
(171, 98, 25088)
(171, 26, 20761)
(171, 129, 20485)
(171, 156, 4283)
(171, 120, 4315)
(171, 65, 25047)
(171, 25, 1029)
(171, 85, 33995)
(171, 92, 44120)
(171, 149, 42529)
(171, 141, 16587)
(171, 53, 27660)
(171, 157, 2559)
(171, 154, 39807)
(171, 170, 13004)
(171, 12, 33465)
(171, 148, 18789)
(171, 59, 773)
(171, 57, 28966)
(171, 5, 6066)
(171, 4, 35986)
(171, 125, 12602)
(171, 75, 26894)
(171, 159, 30674)
(171, 153, 32933)
(171, 68, 28566)
(171, 150, 16426)
(171, 111, 7049)
(171, 3, 16604)
(171, 114, 15438)
(171, 24, 40931)
(171, 169, 33538)
(171, 13, 12661)
(171, 91, 6015)
(171, 101, 10836)
(171, 102, 19315)
(171, 132, 21308)
(171, 19, 11062)
(171, 105, 13318)
(171, 123, 7316)
(171, 67, 15748)
(171, 21, 42644)
(171, 99, 17717)
(171, 136, 7884)
(171, 104, 41926)
(171, 155, 41739)
(171, 58, 72)
(171, 88, 32127)
(171, 73, 23221)
(171, 147, 3049)
(171, 145, 32318)
(171, 62, 36486)
(171, 103, 22830)
(171, 43, 35439)
(171, 112, 4711)
(171, 140, 30592)
(171, 82, 18974)
(171, 79, 21786)
(171, 28, 16309)
(171, 93, 29114)
(171, 38, 13197)
(171, 40, 3030)
(171, 10, 7768)
(171, 74, 14775)
(171, 52, 33519)
(171, 122, 36641)
(171, 32, 19044)
(171, 37, 38895)
(171, 9, 17466)
(171, 77, 18456)
(171, 87, 12739)
(171, 41, 30744)
(171, 152, 21192)
(171, 95, 39712)
(171, 44, 53)
(171, 60, 16958)
(171, 158, 4095)
(171, 142, 27029)
(171, 116, 6629)
(171, 134, 39163)
(171, 83, 7297)
(171, 128, 1698)
(171, 119, 40656)
(171, 33, 39818)
(171, 94, 23993)
(171, 131, 6866)
(171, 100, 19739)
(171, 30, 16075)
(171, 15, 25116)
(171, 6, 24994)
(171, 162, 37017)
(171, 118, 41945)
(171, 46, 18659)
(171, 35, 13612)
(171, 160, 38233)
(171, 107, 41838)
(171, 47, 24125)
(171, 90, 4598)
(171, 48, 2587)
(171, 168, 35818)
(171, 97, 7819)
(171, 166, 19903)
(171, 42, 34399)
(171, 161, 19748)
(171, 117, 42057)
(171, 143, 42002)
(171, 17, 31544)
(171, 61, 43369)
(171, 86, 1291)
(171, 54, 34313)
(171, 2, 18044)
(171, 16, 7166)
(171, 113, 3776)
(171, 27, 11207)
(171, 139, 8154)
(171, 31, 27962)
(171, 20, 22853)
(171, 71, 18213)
(171, 63, 11591)
(171, 115, 12640)
(171, 69, 25162)
(171, 7, 6502)
(171, 130, 41885)
(171, 164, 16662)
(171, 55, 10605)
(171, 56, 15346)
(171, 124, 29005)
(171, 137, 41614)
(171, 78, 32075)
(171, 49, 20908)
(171, 11, 21342)
(171, 96, 18766)
(171, 23, 33673)
(171, 80, 33998)
(171, 146, 8410)
(171, 50, 43322)
(171, 151, 6761)
(171, 126, 21285)
(171, 0, 20510)
(171, 110, 4096)
(172, 159, 3481)
(172, 94, 15179)
(172, 153, 5975)
(172, 64, 32782)
(172, 101, 9328)
(172, 125, 32970)
(172, 107, 475)
(172, 85, 1483)
(172, 166, 30359)
(172, 124, 33015)
(172, 119, 5181)
(172, 139, 12908)
(172, 100, 28081)
(172, 0, 36965)
(172, 23, 33897)
(172, 67, 18946)
(172, 10, 25762)
(172, 162, 32647)
(172, 123, 42298)
(172, 137, 8537)
(172, 28, 37642)
(172, 114, 27316)
(172, 37, 44221)
(172, 127, 41039)
(172, 132, 23938)
(172, 129, 34843)
(172, 126, 4943)
(172, 160, 17267)
(172, 43, 13701)
(172, 53, 9928)
(172, 72, 14950)
(172, 148, 39620)
(172, 41, 37045)
(172, 58, 17359)
(172, 165, 10021)
(172, 52, 2065)
(172, 77, 40500)
(172, 120, 11927)
(172, 149, 32912)
(172, 169, 2305)
(172, 49, 43484)
(172, 12, 1160)
(172, 6, 37006)
(172, 71, 4057)
(172, 35, 38345)
(172, 93, 15377)
(172, 13, 40770)
(172, 105, 41595)
(172, 88, 550)
(172, 9, 2087)
(172, 102, 26465)
(172, 24, 6908)
(172, 29, 33972)
(172, 157, 14442)
(172, 154, 12291)
(172, 56, 5428)
(172, 82, 31999)
(172, 104, 34630)
(172, 11, 2411)
(172, 156, 40993)
(172, 19, 20709)
(172, 116, 34631)
(172, 164, 34723)
(172, 140, 8389)
(172, 48, 25441)
(172, 76, 26280)
(172, 60, 8367)
(172, 65, 12100)
(172, 83, 37373)
(172, 138, 12605)
(172, 55, 31532)
(172, 143, 11827)
(172, 34, 28336)
(172, 78, 3858)
(172, 44, 8352)
(172, 170, 4825)
(172, 136, 37313)
(172, 62, 35851)
(172, 86, 39018)
(172, 95, 25788)
(172, 111, 43564)
(172, 97, 42908)
(172, 109, 34425)
(172, 151, 21136)
(172, 75, 7546)
(172, 50, 9060)
(172, 79, 9516)
(172, 80, 41628)
(172, 2, 25395)
(172, 40, 41803)
(172, 163, 497)
(172, 147, 21853)
(172, 96, 25699)
(172, 108, 25341)
(172, 117, 18068)
(172, 57, 12163)
(172, 5, 31093)
(172, 158, 3778)
(172, 51, 40390)
(172, 152, 26354)
(172, 168, 32234)
(172, 30, 9251)
(172, 90, 12852)
(172, 161, 44349)
(172, 91, 37210)
(172, 134, 12247)
(172, 141, 23579)
(172, 63, 24324)
(172, 121, 31513)
(172, 22, 6050)
(172, 69, 5876)
(172, 128, 25096)
(172, 99, 30030)
(172, 89, 12782)
(172, 26, 34077)
(172, 103, 35383)
(172, 4, 35282)
(172, 142, 18539)
(172, 21, 21773)
(172, 68, 12751)
(172, 115, 23601)
(172, 18, 28441)
(172, 39, 12909)
(172, 92, 42151)
(172, 45, 36252)
(172, 144, 261)
(172, 113, 24753)
(172, 15, 38527)
(172, 1, 29030)
(172, 47, 1849)
(172, 146, 14618)
(172, 130, 25474)
(172, 122, 27091)
(172, 131, 31311)
(172, 87, 9272)
(172, 38, 23002)
(172, 74, 5423)
(172, 8, 13983)
(172, 7, 1195)
(172, 135, 561)
(172, 25, 18260)
(172, 17, 11359)
(172, 171, 41232)
(172, 81, 7482)
(172, 20, 37742)
(172, 16, 42686)
(172, 36, 39053)
(172, 118, 39948)
(172, 61, 31169)
(172, 66, 27028)
(172, 46, 36544)
(172, 27, 6560)
(172, 145, 22781)
(172, 14, 25237)
(172, 32, 9131)
(172, 167, 36137)
(172, 150, 10670)
(172, 155, 15510)
(172, 133, 12790)
(172, 73, 796)
(172, 59, 36744)
(172, 106, 10201)
(172, 70, 39039)
(172, 3, 33827)
(172, 98, 27695)
(172, 42, 28133)
(172, 112, 18420)
(172, 84, 17647)
(172, 110, 14129)
(173, 131, 23502)
(173, 88, 32038)
(173, 147, 42471)
(173, 152, 28172)
(173, 132, 42546)
(173, 67, 12814)
(173, 165, 41386)
(173, 139, 28907)
(174, 63, 13071)
(174, 43, 30969)
(174, 124, 29400)
(174, 143, 830)
(174, 27, 30311)
(174, 45, 13757)
(174, 22, 13782)
(174, 140, 5872)
(174, 21, 19803)
(174, 38, 42877)
(174, 87, 11138)
(174, 96, 7176)
(174, 111, 28564)
(174, 84, 35098)
(174, 148, 44085)
(174, 18, 1580)
(174, 156, 40687)
(174, 5, 28481)
(174, 91, 28355)
(174, 131, 4081)
(174, 168, 5033)
(174, 40, 14503)
(174, 67, 9333)
(174, 93, 14167)
(174, 73, 16358)
(174, 65, 28365)
(174, 59, 4022)
(174, 128, 35885)
(174, 161, 44298)
(174, 17, 38956)
(174, 46, 34595)
(174, 159, 10581)
(174, 33, 35345)
(174, 11, 1682)
(174, 110, 12550)
(174, 30, 12136)
(174, 71, 43129)
(174, 145, 41593)
(174, 36, 42293)
(174, 34, 23815)
(174, 166, 17968)
(174, 113, 11810)
(174, 41, 10830)
(174, 137, 6814)
(174, 1, 21150)
(174, 122, 8179)
(174, 112, 10511)
(174, 97, 24449)
(174, 89, 30827)
(174, 123, 31769)
(174, 142, 34935)
(174, 114, 27778)
(174, 150, 2510)
(174, 24, 27934)
(174, 158, 37976)
(174, 106, 1021)
(174, 77, 19729)
(174, 26, 13838)
(174, 58, 41420)
(174, 69, 17391)
(174, 117, 22453)
(174, 95, 38447)
(174, 72, 7522)
(174, 74, 23112)
(174, 119, 42910)
(174, 56, 13316)
(174, 149, 12091)
(174, 163, 6314)
(174, 146, 30567)
(174, 9, 24756)
(174, 99, 29800)
(174, 12, 6331)
(174, 102, 7958)
(174, 32, 32702)
(174, 14, 38689)
(174, 49, 486)
(174, 54, 31196)
(174, 29, 31771)
(174, 83, 21847)
(174, 167, 24524)
(174, 151, 21298)
(174, 94, 25384)
(174, 37, 5794)
(174, 139, 37044)
(174, 103, 40596)
(174, 62, 19385)
(174, 133, 26112)
(174, 125, 37611)
(174, 98, 1105)
(174, 121, 36569)
(174, 57, 14685)
(174, 16, 9698)
(174, 126, 40788)
(174, 78, 40887)
(174, 64, 11753)
(174, 35, 13490)
(174, 47, 44395)
(174, 160, 28967)
(174, 82, 27300)
(174, 10, 39717)
(174, 75, 35307)
(174, 155, 9486)
(174, 136, 42995)
(174, 68, 14598)
(174, 15, 9142)
(174, 80, 22490)
(174, 20, 16091)
(174, 147, 43976)
(174, 107, 35048)
(174, 132, 14240)
(174, 169, 32128)
(174, 101, 23358)
(174, 13, 25803)
(174, 23, 42106)
(174, 138, 21093)
(174, 85, 16122)
(174, 52, 38219)
(174, 109, 43256)
(174, 127, 5014)
(174, 55, 30460)
(174, 115, 12482)
(174, 53, 14134)
(174, 48, 35600)
(174, 104, 17602)
(174, 92, 28242)
(174, 28, 20800)
(174, 129, 3719)
(174, 81, 9634)
(174, 79, 2719)
(174, 88, 18626)
(174, 108, 5101)
(174, 152, 406)
(174, 90, 20014)
(174, 6, 14913)
(174, 70, 24719)
(174, 61, 30620)
(174, 3, 22387)
(174, 7, 4048)
(174, 144, 8130)
(174, 76, 10393)
(174, 0, 21410)
(174, 116, 8289)
(174, 157, 15858)
(174, 120, 43161)
(174, 4, 327)
(174, 172, 3675)
(174, 153, 28699)
(174, 51, 6495)
(174, 118, 13026)
(174, 105, 14141)
(174, 2, 22327)
(174, 44, 30495)
(174, 130, 35239)
(174, 173, 40907)
(174, 141, 44363)
(174, 134, 9764)
(174, 60, 41536)
(174, 154, 14601)
(174, 135, 21143)
(174, 171, 1721)
(174, 8, 21465)
(174, 25, 34512)
(174, 165, 415)
(174, 162, 26755)
(174, 66, 9812)
(175, 93, 11897)
(175, 15, 4121)
(175, 68, 37792)
(175, 99, 35945)
(175, 29, 30344)
(175, 172, 38975)
(175, 170, 7721)
(175, 145, 36634)
(175, 139, 21126)
(175, 61, 42373)
(175, 75, 13268)
(175, 119, 2928)
(175, 135, 40184)
(175, 38, 29547)
(175, 163, 33336)
(175, 66, 1045)
(175, 107, 41091)
(175, 141, 35601)
(175, 136, 31332)
(175, 123, 11711)
(175, 95, 43314)
(175, 166, 13552)
(175, 26, 7630)
(175, 71, 32885)
(175, 165, 40794)
(175, 23, 33505)
(175, 41, 10554)
(175, 9, 34173)
(175, 1, 4001)
(175, 87, 19189)
(175, 120, 22807)
(175, 159, 34404)
(175, 85, 20085)
(175, 137, 19869)
(175, 105, 24992)
(175, 161, 16599)
(175, 21, 29846)
(175, 52, 37252)
(175, 144, 39370)
(175, 60, 19684)
(175, 77, 6424)
(175, 64, 32366)
(175, 94, 36686)
(175, 31, 20766)
(175, 103, 7577)
(175, 164, 37404)
(175, 39, 31018)
(175, 112, 29673)
(175, 34, 12833)
(175, 82, 38193)
(175, 108, 881)
(175, 158, 34345)
(175, 58, 34054)
(175, 109, 3527)
(175, 117, 15601)
(175, 42, 17424)
(175, 50, 3335)
(175, 36, 7903)
(175, 134, 31161)
(175, 46, 734)
(175, 143, 10311)
(175, 142, 7759)
(175, 86, 1391)
(175, 140, 27441)
(175, 167, 15215)
(175, 132, 2886)
(175, 32, 19852)
(175, 129, 18944)
(175, 10, 10596)
(175, 122, 42001)
(175, 92, 27644)
(175, 148, 42587)
(175, 22, 5942)
(175, 133, 35174)
(175, 54, 28231)
(175, 100, 38101)
(175, 53, 41710)
(175, 111, 37638)
(175, 130, 16464)
(175, 79, 13772)
(175, 152, 11283)
(175, 67, 4273)
(175, 12, 15388)
(175, 91, 33248)
(175, 125, 42918)
(175, 126, 18615)
(176, 126, 19796)
(176, 86, 19755)
(176, 113, 6417)
(176, 8, 12631)
(176, 110, 30289)
(176, 104, 7636)
(176, 95, 34731)
(176, 2, 28954)
(176, 98, 15934)
(176, 162, 28745)
(176, 124, 20398)
(176, 164, 12964)
(176, 117, 26237)
(176, 15, 32341)
(176, 43, 2221)
(176, 125, 13765)
(176, 52, 11461)
(176, 0, 6657)
(176, 24, 3430)
(176, 149, 1467)
(176, 26, 35740)
(176, 5, 1451)
(176, 36, 40678)
(176, 23, 37996)
(176, 17, 42851)
(176, 79, 31158)
(176, 107, 23703)
(176, 121, 15871)
(176, 137, 3447)
(176, 170, 28128)
(176, 96, 28080)
(176, 77, 28684)
(176, 147, 26020)
(176, 120, 6961)
(176, 51, 17278)
(176, 118, 8132)
(176, 59, 21777)
(176, 148, 11449)
(176, 19, 17837)
(176, 90, 34697)
(176, 34, 4678)
(176, 13, 42186)
(176, 50, 4016)
(176, 168, 6566)
(176, 145, 16929)
(177, 150, 20760)
(177, 64, 14763)
(177, 120, 39038)
(177, 63, 21987)
(177, 95, 23479)
(177, 128, 21220)
(177, 73, 5995)
(177, 176, 15811)
(177, 154, 15693)
(177, 163, 39766)
(177, 66, 31344)
(177, 72, 12946)
(177, 74, 9518)
(177, 134, 5105)
(177, 36, 11306)
(177, 13, 34409)
(177, 44, 34400)
(177, 45, 4751)
(177, 81, 36976)
(177, 41, 842)
(177, 42, 14101)
(177, 119, 28678)
(177, 104, 30398)
(177, 99, 42069)
(177, 132, 4972)
(177, 106, 23661)
(177, 11, 30306)
(177, 94, 35437)
(177, 20, 8821)
(177, 139, 23832)
(177, 31, 2170)
(177, 160, 20386)
(177, 71, 33597)
(177, 141, 32544)
(177, 98, 545)
(177, 146, 29062)
(177, 28, 42485)
(177, 162, 43804)
(177, 121, 14897)
(177, 6, 17497)
(177, 117, 7580)
(177, 151, 2452)
(177, 147, 41944)
(177, 78, 17472)
(177, 137, 32934)
(177, 26, 4956)
(177, 100, 4826)
(177, 110, 3732)
(177, 165, 10951)
(177, 61, 16517)
(177, 103, 2378)
(177, 89, 977)
(177, 167, 35594)
(177, 170, 40769)
(177, 115, 25364)
(177, 161, 24925)
(177, 118, 43638)
(177, 19, 2718)
(177, 53, 20108)
(177, 113, 4484)
(177, 48, 15940)
(177, 34, 35226)
(177, 145, 3322)
(177, 32, 5455)
(177, 158, 33146)
(177, 43, 25119)
(177, 15, 29944)
(177, 60, 13732)
(177, 4, 22778)
(177, 22, 1807)
(177, 169, 32309)
(177, 16, 43377)
(177, 135, 13219)
(177, 65, 10980)
(177, 155, 7461)
(177, 90, 41005)
(177, 129, 8970)
(177, 122, 10660)
(177, 97, 1667)
(177, 18, 8461)
(177, 144, 18841)
(177, 136, 26123)
(177, 127, 21315)
(177, 0, 20749)
(177, 156, 24931)
(177, 52, 5810)
(177, 68, 11037)
(177, 35, 1011)
(177, 75, 6694)
(177, 108, 7192)
(177, 79, 7495)
(177, 39, 28867)
(177, 152, 37547)
(177, 59, 21172)
(177, 112, 21942)
(177, 85, 43210)
(177, 62, 2315)
(177, 55, 20774)
(177, 157, 17574)
(177, 166, 35645)
(177, 91, 26034)
(177, 102, 44352)
(177, 142, 19167)
(177, 171, 43781)
(177, 92, 19438)
(177, 148, 14104)
(177, 109, 10864)
(177, 175, 37020)
(177, 168, 44334)
(177, 123, 21955)
(177, 51, 1171)
(177, 96, 41449)
(177, 126, 4030)
(177, 143, 3601)
(177, 40, 33051)
(177, 159, 26664)
(177, 14, 13250)
(177, 29, 28751)
(177, 87, 1253)
(177, 23, 20285)
(178, 134, 43646)
(178, 130, 14051)
(178, 159, 9388)
(178, 25, 23694)
(178, 67, 34427)
(178, 162, 35910)
(178, 139, 24098)
(178, 83, 4737)
(178, 81, 41102)
(178, 105, 20935)
(178, 6, 14596)
(178, 89, 28419)
(178, 34, 40703)
(178, 86, 10213)
(178, 28, 1904)
(178, 29, 26026)
(178, 38, 41948)
(178, 112, 44140)
(178, 58, 3933)
(178, 170, 13191)
(178, 8, 34190)
(178, 136, 43853)
(178, 169, 6247)
(178, 93, 38515)
(178, 132, 36398)
(178, 166, 1527)
(178, 144, 12754)
(178, 151, 17160)
(178, 152, 43657)
(178, 73, 19955)
(178, 78, 24676)
(178, 82, 17167)
(178, 60, 8280)
(178, 126, 1980)
(178, 150, 24297)
(178, 111, 23603)
(178, 15, 20338)
(178, 37, 41057)
(178, 23, 16759)
(178, 59, 43690)
(178, 177, 12876)
(178, 2, 24472)
(178, 92, 5828)
(178, 48, 26101)
(178, 12, 29866)
(178, 98, 40991)
(178, 50, 4937)
(178, 153, 13978)
(178, 161, 39716)
(178, 61, 11790)
(178, 101, 40004)
(178, 62, 14100)
(178, 164, 33122)
(178, 20, 350)
(178, 0, 28708)
(178, 116, 37465)
(178, 24, 35552)
(178, 114, 23330)
(178, 95, 6172)
(178, 66, 12308)
(178, 10, 17241)
(178, 121, 28362)
(178, 117, 37967)
(178, 39, 13745)
(178, 43, 35230)
(178, 41, 25718)
(178, 171, 26957)
(178, 22, 5487)
(178, 104, 9912)
(178, 32, 36285)
(178, 110, 32130)
(178, 42, 13764)
(178, 173, 20597)
(178, 124, 6230)
(178, 158, 38560)
(179, 58, 11282)
(179, 144, 8428)
(179, 91, 13514)
(179, 172, 39736)
(179, 39, 1140)
(179, 46, 22797)
(179, 157, 29897)
(179, 143, 9814)
(179, 132, 2586)
(179, 52, 36707)
(179, 153, 10785)
(179, 19, 31602)
(179, 68, 29027)
(179, 59, 28591)
(179, 99, 29428)
(179, 35, 8767)
(179, 170, 10072)
(179, 146, 4569)
(179, 14, 36948)
(179, 18, 44148)
(179, 147, 8733)
(179, 96, 9397)
(179, 103, 19321)
(179, 16, 11850)
(179, 3, 24687)
(180, 81, 33475)
(180, 163, 14389)
(181, 159, 33846)
(181, 125, 25491)
(181, 140, 26052)
(181, 10, 41166)
(181, 82, 271)
(181, 136, 10294)
(181, 117, 43704)
(181, 4, 9080)
(181, 86, 30180)
(181, 100, 21084)
(181, 69, 23455)
(181, 54, 33943)
(181, 141, 9083)
(181, 53, 21995)
(181, 114, 38712)
(181, 2, 29071)
(181, 175, 39238)
(181, 148, 22883)
(181, 23, 10349)
(181, 1, 14114)
(181, 142, 20825)
(181, 151, 37532)
(181, 85, 41249)
(181, 149, 29555)
(181, 21, 14781)
(181, 170, 30680)
(181, 58, 27910)
(181, 48, 4918)
(181, 133, 685)
(181, 126, 4510)
(181, 40, 38397)
(181, 147, 13424)
(181, 79, 32125)
(181, 51, 41871)
(181, 116, 22033)
(181, 6, 41150)
(181, 115, 33494)
(181, 163, 21610)
(181, 13, 267)
(181, 62, 4638)
(181, 162, 7170)
(181, 72, 32765)
(181, 124, 22967)
(181, 12, 40099)
(181, 73, 14551)
(181, 109, 25247)
(181, 14, 16574)
(181, 29, 42243)
(181, 161, 6218)
(181, 39, 17871)
(181, 176, 18549)
(181, 30, 25128)
(181, 118, 10345)
(181, 101, 26936)
(181, 120, 19169)
(181, 96, 2707)
(181, 43, 31762)
(181, 17, 12320)
(181, 76, 20223)
(181, 104, 21134)
(181, 20, 29344)
(181, 146, 15373)
(181, 49, 41066)
(181, 57, 7614)
(181, 26, 3090)
(181, 134, 36327)
(181, 80, 21514)
(181, 0, 31112)
(181, 34, 8185)
(181, 156, 6750)
(181, 35, 12243)
(181, 167, 27977)
(181, 135, 2639)
(181, 179, 30822)
(181, 108, 35448)
(181, 88, 41488)
(181, 9, 28292)
(181, 7, 36176)
(181, 55, 23706)
(181, 63, 39096)
(181, 36, 31708)
(181, 165, 13362)
(181, 106, 39432)
(181, 67, 35480)
(181, 77, 2292)
(181, 164, 20371)
(181, 31, 5891)
(181, 127, 1830)
(181, 8, 16277)
(181, 11, 975)
(181, 139, 4449)
(181, 177, 11946)
(181, 25, 27178)
(181, 74, 29295)
(181, 157, 35074)
(181, 65, 36845)
(181, 61, 12039)
(181, 92, 13234)
(181, 70, 18610)
(181, 113, 20672)
(181, 152, 6325)
(181, 102, 3591)
(181, 81, 2786)
(181, 89, 24080)
(181, 64, 5080)
(181, 105, 16104)
(181, 37, 20698)
(181, 112, 32443)
(181, 71, 4773)
(181, 158, 12261)
(181, 153, 43703)
(181, 32, 7956)
(181, 60, 7845)
(181, 38, 3793)
(181, 93, 8775)
(181, 75, 5445)
(181, 28, 10391)
(181, 95, 7440)
(181, 56, 31720)
(181, 46, 23023)
(181, 78, 17756)
(181, 166, 31831)
(181, 16, 14115)
(181, 42, 19841)
(181, 27, 42514)
(181, 121, 9009)
(181, 169, 19846)
(181, 174, 5509)
(181, 172, 394)
(181, 132, 36593)
(181, 66, 10675)
(181, 154, 18548)
(181, 150, 29253)
(181, 145, 26701)
(181, 168, 2138)
(181, 3, 19120)
(181, 59, 3206)
(181, 129, 42650)
(181, 180, 36189)
(181, 119, 41367)
(181, 83, 39349)
(181, 138, 1558)
(181, 15, 39600)
(181, 41, 19323)
(181, 178, 16490)
(181, 45, 41544)
(181, 171, 15682)
(181, 144, 1652)
(182, 24, 6265)
(182, 177, 43487)
(182, 82, 3571)
(182, 163, 34253)
(182, 62, 9612)
(182, 103, 35679)
(182, 131, 40399)
(182, 89, 27128)
(182, 0, 12127)
(182, 91, 27613)
(182, 58, 24843)
(182, 72, 10033)
(182, 53, 21746)
(182, 181, 15703)
(182, 160, 14144)
(182, 132, 44389)
(182, 12, 41246)
(182, 157, 21230)
(182, 48, 31925)
(182, 74, 28097)
(182, 73, 1738)
(183, 174, 3698)
(183, 95, 15157)
(183, 122, 5397)
(183, 108, 15741)
(183, 1, 15644)
(183, 88, 34515)
(183, 42, 28296)
(183, 34, 29379)
(183, 178, 40609)
(183, 163, 32419)
(183, 180, 1222)
(183, 96, 21237)
(183, 107, 24246)
(183, 158, 6559)
(183, 48, 18826)
(183, 138, 9761)
(183, 18, 33476)
(183, 144, 43175)
(183, 120, 21429)
(183, 75, 32117)
(183, 152, 31581)
(183, 89, 40539)
(183, 155, 41562)
(183, 101, 29434)
(183, 82, 27997)
(183, 20, 38412)
(183, 150, 21504)
(183, 47, 23833)
(183, 71, 1764)
(183, 172, 25981)
(183, 97, 14727)
(183, 93, 28938)
(183, 127, 5031)
(183, 182, 33190)
(183, 79, 43809)
(183, 173, 20555)
(183, 63, 43064)
(183, 170, 40968)
(183, 0, 16072)
(183, 151, 31609)
(183, 131, 1485)
(183, 38, 23494)
(183, 146, 17851)
(183, 24, 5838)
(183, 91, 9217)
(183, 7, 32659)
(183, 30, 5366)
(183, 165, 28152)
(183, 177, 24867)
(183, 130, 9158)
(183, 132, 2094)
(183, 164, 21222)
(183, 142, 5028)
(183, 94, 12855)
(183, 149, 34597)
(183, 133, 9052)
(183, 44, 32494)
(183, 2, 14905)
(183, 10, 30688)
(183, 17, 31402)
(183, 52, 2081)
(183, 8, 9713)
(183, 117, 34516)
(183, 78, 9579)
(183, 15, 21985)
(183, 140, 17305)
(183, 57, 29294)
(183, 77, 35320)
(183, 114, 38528)
(183, 162, 40924)
(183, 135, 23769)
(183, 45, 44311)
(183, 28, 22887)
(183, 37, 33169)
(183, 80, 36025)
(183, 67, 9014)
(183, 166, 39937)
(183, 176, 9041)
(183, 50, 31089)
(183, 154, 2613)
(183, 46, 16808)
(183, 55, 40010)
(183, 136, 4170)
(183, 129, 36799)
(183, 16, 6216)
(183, 9, 4450)
(183, 5, 32001)
(183, 66, 29356)
(183, 69, 37028)
(183, 157, 41909)
(183, 169, 40721)
(183, 121, 43068)
(183, 64, 38882)
(183, 145, 25188)
(183, 74, 3320)
(183, 43, 5912)
(183, 76, 33477)
(183, 123, 13507)
(183, 70, 9445)
(183, 26, 16084)
(183, 167, 33625)
(183, 181, 27229)
(183, 98, 30912)
(183, 65, 31354)
(183, 105, 3097)
(183, 12, 22648)
(183, 13, 1214)
(183, 148, 16860)
(183, 73, 26476)
(183, 128, 36970)
(183, 3, 11990)
(183, 113, 1642)
(183, 39, 8575)
(183, 99, 7380)
(183, 84, 17462)
(183, 106, 29771)
(183, 32, 29095)
(183, 60, 13787)
(183, 53, 28559)
(183, 35, 23098)
(183, 85, 27320)
(183, 159, 6358)
(183, 104, 20652)
(183, 119, 9689)
(183, 54, 40403)
(183, 171, 40493)
(183, 4, 42118)
(183, 59, 12614)
(183, 56, 14856)
(183, 36, 41879)
(183, 19, 2329)
(183, 115, 1245)
(183, 168, 16963)
(183, 29, 39575)
(183, 153, 38153)
(183, 25, 9182)
(183, 143, 17046)
(183, 160, 30017)
(183, 110, 13391)
(183, 103, 8366)
(183, 125, 33786)
(183, 22, 7095)
(183, 27, 8573)
(183, 126, 37934)
(183, 109, 14655)
(183, 139, 38939)
(183, 21, 27753)
(183, 100, 7925)
(183, 102, 11805)
(183, 6, 7622)
(184, 30, 33584)
(184, 91, 23841)
(184, 156, 11706)
(184, 182, 16618)
(184, 7, 34418)
(184, 25, 42114)
(184, 111, 925)
(184, 36, 26281)
(184, 145, 24193)
(184, 60, 9113)
(184, 107, 4829)
(184, 109, 38603)
(184, 54, 4892)
(184, 183, 37759)
(184, 160, 22948)
(184, 75, 32784)
(184, 26, 4703)
(184, 39, 21624)
(184, 4, 6842)
(184, 96, 43983)
(184, 154, 11999)
(184, 165, 2777)
(184, 67, 7489)
(184, 104, 18147)
(184, 17, 20852)
(184, 172, 10630)
(184, 86, 43449)
(184, 66, 28666)
(184, 56, 17111)
(184, 77, 5939)
(184, 129, 17343)
(184, 140, 32027)
(184, 41, 32462)
(184, 23, 11602)
(184, 149, 3612)
(184, 99, 42598)
(184, 98, 37798)
(184, 105, 11583)
(184, 128, 35159)
(184, 181, 1033)
(184, 100, 41756)
(184, 59, 24527)
(184, 73, 26916)
(184, 138, 11397)
(184, 157, 26301)
(184, 147, 7996)
(184, 6, 39563)
(184, 121, 32757)
(184, 48, 36465)
(184, 33, 20628)
(184, 57, 13668)
(184, 19, 16392)
(184, 115, 14835)
(184, 76, 1094)
(184, 132, 4781)
(184, 14, 37059)
(184, 108, 14904)
(184, 112, 27908)
(184, 20, 37607)
(184, 92, 16096)
(184, 44, 9350)
(184, 74, 24990)
(184, 124, 44261)
(184, 80, 15374)
(184, 65, 19538)
(184, 84, 15333)
(184, 103, 28194)
(184, 10, 18274)
(184, 178, 43521)
(184, 130, 24453)
(184, 146, 1057)
(184, 153, 17619)
(184, 106, 1815)
(184, 34, 38147)
(184, 158, 14522)
(184, 2, 4465)
(184, 61, 1082)
(184, 131, 8250)
(184, 142, 31313)
(184, 114, 11716)
(184, 141, 3978)
(184, 117, 22303)
(184, 37, 10047)
(184, 164, 24645)
(184, 176, 41175)
(184, 58, 37735)
(184, 120, 1870)
(184, 16, 44210)
(184, 89, 43188)
(184, 13, 43414)
(184, 143, 7844)
(184, 167, 5785)
(184, 152, 29454)
(184, 43, 38336)
(184, 97, 41507)
(184, 62, 35860)
(184, 179, 19558)
(184, 118, 3882)
(184, 150, 44127)
(184, 155, 7712)
(184, 18, 12826)
(184, 8, 7834)
(184, 9, 5184)
(184, 175, 24877)
(184, 126, 4025)
(184, 27, 40496)
(184, 0, 41452)
(184, 83, 26600)
(184, 163, 14698)
(184, 87, 8325)
(184, 53, 35385)
(184, 168, 28659)
(184, 180, 42142)
(184, 52, 33384)
(184, 144, 15070)
(184, 24, 337)
(184, 46, 10298)
(184, 127, 7595)
(184, 113, 41245)
(184, 94, 22570)
(184, 125, 14467)
(184, 166, 29006)
(184, 70, 36076)
(184, 81, 21477)
(184, 11, 40840)
(184, 72, 25704)
(184, 148, 16882)
(184, 88, 11847)
(184, 93, 33259)
(184, 135, 23580)
(184, 174, 24782)
(184, 12, 28618)
(184, 85, 32603)
(184, 1, 6989)
(184, 169, 38238)
(184, 47, 9022)
(184, 173, 620)
(184, 28, 36371)
(184, 22, 2380)
(184, 3, 12711)
(184, 31, 694)
(184, 170, 26111)
(184, 64, 39012)
(184, 38, 8623)
(184, 49, 27570)
(184, 123, 30347)
(184, 71, 34123)
(184, 50, 33421)
(184, 5, 43193)
(184, 45, 24781)
(184, 162, 38534)
(184, 32, 20115)
(184, 151, 20911)
(184, 40, 6695)
(184, 137, 17164)
(184, 35, 15901)
(184, 90, 36006)
(184, 177, 11893)
(184, 116, 28923)
(184, 133, 39847)
(184, 42, 20607)
(184, 110, 36297)
(184, 122, 17030)
(184, 79, 20813)
(184, 101, 44327)
(184, 69, 11082)
(184, 119, 20495)
(184, 51, 4128)
(184, 15, 27842)
(184, 63, 25639)
(184, 171, 9977)
(184, 134, 43797)
(185, 44, 40799)
(185, 16, 4601)
(185, 130, 17916)
(185, 152, 30635)
(185, 114, 41430)
(185, 165, 18622)
(185, 4, 16471)
(185, 87, 2106)
(185, 14, 35377)
(185, 166, 23058)
(185, 123, 22685)
(185, 140, 28984)
(185, 101, 380)
(185, 183, 36244)
(185, 40, 16155)
(185, 0, 14354)
(185, 108, 36700)
(185, 176, 7536)
(185, 63, 17763)
(185, 150, 17707)
(185, 110, 17129)
(185, 126, 6028)
(185, 73, 13638)
(185, 107, 25222)
(185, 154, 18368)
(185, 51, 43178)
(185, 144, 21155)
(185, 147, 28709)
(185, 3, 28676)
(185, 25, 18689)
(185, 78, 37186)
(185, 136, 13636)
(185, 162, 32211)
(185, 60, 35431)
(185, 50, 10668)
(185, 125, 9750)
(185, 148, 29942)
(185, 68, 30479)
(185, 100, 13112)
(185, 158, 3953)
(185, 69, 36521)
(185, 164, 5406)
(185, 177, 23899)
(185, 81, 16722)
(185, 70, 33794)
(185, 146, 30418)
(185, 91, 1013)
(185, 80, 25949)
(185, 88, 23323)
(185, 132, 35749)
(185, 28, 6281)
(185, 116, 39592)
(185, 180, 34444)
(185, 117, 19733)
(185, 121, 11468)
(185, 124, 18609)
(185, 29, 41866)
(185, 82, 14092)
(185, 34, 2247)
(185, 84, 2581)
(185, 135, 11278)
(185, 2, 34369)
(185, 169, 38099)
(185, 56, 12995)
(185, 151, 32796)
(185, 12, 17022)
(185, 179, 43093)
(185, 8, 21335)
(185, 104, 36061)
(185, 55, 34637)
(185, 105, 35830)
(185, 90, 3445)
(185, 57, 24874)
(185, 96, 33460)
(185, 31, 26542)
(185, 22, 26095)
(185, 42, 28503)
(185, 5, 36118)
(185, 1, 27480)
(185, 89, 27723)
(185, 59, 3823)
(185, 122, 20922)
(185, 142, 14602)
(185, 92, 17576)
(185, 95, 22516)
(185, 120, 38902)
(185, 58, 3486)
(185, 35, 25142)
(185, 23, 31957)
(185, 155, 10405)
(185, 79, 16729)
(185, 170, 32286)
(185, 163, 264)
(185, 173, 11980)
(185, 46, 32792)
(185, 15, 15162)
(185, 33, 17051)
(185, 143, 8261)
(185, 26, 33857)
(185, 141, 39705)
(185, 38, 8119)
(185, 61, 32761)
(185, 64, 37326)
(185, 30, 11789)
(185, 129, 40733)
(185, 172, 23056)
(185, 128, 42042)
(185, 17, 29910)
(185, 174, 19872)
(185, 19, 32855)
(185, 97, 12691)
(185, 115, 19831)
(185, 48, 39554)
(185, 71, 27064)
(185, 21, 15617)
(185, 24, 28839)
(185, 53, 37678)
(185, 13, 14661)
(185, 65, 33389)
(185, 160, 3841)
(185, 41, 16066)
(185, 32, 27426)
(185, 102, 32344)
(185, 98, 7655)
(185, 157, 38106)
(185, 127, 43959)
(185, 7, 36199)
(185, 184, 34327)
(185, 74, 35540)
(185, 76, 41976)
(185, 175, 31608)
(185, 27, 19126)
(185, 171, 28474)
(185, 39, 31959)
(185, 43, 31440)
(185, 54, 9781)
(185, 86, 35253)
(185, 66, 25010)
(185, 153, 43405)
(185, 11, 2998)
(185, 131, 3930)
(185, 6, 6975)
(185, 47, 15891)
(185, 67, 24960)
(185, 167, 14636)
(185, 118, 10770)
(185, 9, 7810)
(185, 62, 17901)
(185, 72, 8044)
(185, 83, 15964)
(185, 156, 24709)
(185, 182, 2201)
(185, 85, 34961)
(185, 112, 26808)
(185, 149, 20515)
(185, 99, 11703)
(185, 145, 6713)
(185, 36, 13525)
(185, 138, 18237)
(185, 103, 17350)
(185, 75, 16082)
(185, 77, 12236)
(185, 178, 26704)
(185, 113, 945)
(185, 168, 28290)
(185, 161, 30302)
(185, 52, 11811)
(185, 137, 12683)
(185, 111, 17370)
(186, 91, 5418)
(186, 92, 29650)
(186, 98, 38786)
(186, 59, 19379)
(186, 85, 28785)
(186, 138, 19868)
(186, 175, 8747)
(186, 15, 26648)
(186, 106, 18739)
(186, 118, 18590)
(186, 40, 39899)
(186, 71, 7988)
(186, 88, 5753)
(186, 58, 24036)
(186, 74, 22220)
(186, 20, 19572)
(186, 184, 44182)
(186, 72, 9889)
(186, 37, 32032)
(186, 130, 24972)
(186, 137, 9796)
(186, 29, 42949)
(186, 67, 9096)
(186, 134, 33028)
(186, 34, 25697)
(186, 164, 29001)
(186, 47, 37556)
(186, 171, 40182)
(186, 109, 20838)
(186, 30, 8586)
(186, 154, 5454)
(186, 57, 35742)
(186, 32, 39005)
(186, 163, 487)
(186, 168, 10253)
(186, 33, 2670)
(186, 35, 6083)
(186, 44, 31557)
(186, 145, 4357)
(186, 36, 24240)
(186, 84, 30883)
(186, 181, 7910)
(186, 159, 10762)
(186, 21, 2874)
(186, 124, 37048)
(186, 115, 32551)
(186, 150, 33661)
(186, 6, 19356)
(186, 73, 2419)
(186, 66, 41857)
(186, 55, 24528)
(186, 113, 39184)
(186, 107, 28338)
(186, 97, 22343)
(186, 94, 1604)
(186, 132, 14939)
(186, 81, 26270)
(186, 14, 42917)
(186, 165, 35908)
(186, 129, 10012)
(186, 62, 33606)
(186, 116, 27466)
(186, 93, 2802)
(186, 18, 44076)
(186, 177, 24592)
(186, 160, 7674)
(186, 87, 40682)
(186, 51, 176)
(186, 180, 35037)
(186, 161, 23318)
(186, 162, 29028)
(186, 16, 5534)
(186, 5, 19610)
(186, 123, 6924)
(186, 7, 3727)
(186, 155, 3233)
(186, 108, 15017)
(186, 24, 19046)
(186, 133, 25072)
(186, 1, 8087)
(186, 149, 36328)
(186, 152, 41208)
(186, 178, 38517)
(186, 0, 12404)
(186, 39, 32293)
(186, 102, 43174)
(186, 70, 7949)
(186, 172, 10891)
(186, 26, 21297)
(186, 179, 9214)
(186, 25, 8852)
(186, 48, 37523)
(186, 49, 23757)
(186, 77, 40614)
(186, 185, 30011)
(186, 76, 14143)
(186, 125, 33602)
(186, 96, 27609)
(186, 10, 33153)
(186, 111, 36372)
(186, 79, 41653)
(186, 110, 35823)
(186, 52, 26553)
(186, 41, 35508)
(186, 128, 25297)
(187, 168, 38558)
(187, 48, 40168)
(187, 13, 4537)
(187, 14, 6823)
(187, 137, 5620)
(187, 121, 29417)
(187, 25, 32364)
(187, 161, 33591)
(187, 19, 28850)
(187, 165, 2964)
(187, 99, 9754)
(187, 86, 16907)
(187, 141, 31264)
(187, 160, 1017)
(187, 180, 17813)
(187, 91, 4514)
(187, 155, 35264)
(187, 118, 31198)
(187, 30, 12961)
(187, 79, 8737)
(187, 81, 35938)
(187, 156, 36791)
(187, 181, 26060)
(187, 158, 1319)
(187, 62, 29248)
(187, 95, 5188)
(187, 41, 11320)
(187, 134, 29415)
(187, 130, 41255)
(187, 177, 19183)
(187, 50, 1264)
(187, 151, 20278)
(187, 106, 43185)
(187, 24, 10788)
(187, 85, 32369)
(187, 56, 8347)
(187, 92, 24729)
(187, 5, 20851)
(187, 16, 7029)
(187, 107, 12487)
(187, 153, 19517)
(187, 145, 16147)
(187, 175, 35618)
(187, 1, 36293)
(187, 132, 26530)
(187, 12, 2869)
(187, 71, 39354)
(187, 90, 17783)
(187, 70, 8927)
(187, 3, 19961)
(187, 104, 40888)
(187, 164, 2245)
(187, 157, 5420)
(187, 109, 17153)
(187, 23, 36937)
(187, 7, 16038)
(187, 119, 14593)
(187, 89, 14384)
(187, 75, 8820)
(187, 154, 10130)
(187, 138, 6635)
(187, 32, 22119)
(187, 57, 17117)
(187, 34, 18970)
(187, 126, 3421)
(187, 120, 4821)
(187, 80, 26631)
(187, 42, 36755)
(187, 15, 20686)
(187, 29, 5253)
(187, 36, 14252)
(187, 10, 2783)
(187, 167, 23236)
(187, 159, 6599)
(187, 40, 25872)
(187, 9, 36001)
(187, 88, 40854)
(187, 152, 36318)
(187, 66, 32560)
(187, 169, 8191)
(187, 76, 17814)
(187, 144, 9775)
(187, 110, 36572)
(187, 27, 35507)
(187, 69, 1097)
(187, 162, 8527)
(187, 45, 24079)
(187, 116, 25573)
(187, 122, 21365)
(187, 176, 32053)
(187, 65, 177)
(188, 5, 15271)
(188, 134, 32563)
(188, 33, 38711)
(188, 138, 37300)
(188, 86, 5779)
(188, 45, 40442)
(188, 10, 23403)
(188, 160, 21439)
(188, 22, 15033)
(188, 75, 444)
(188, 128, 39212)
(188, 9, 26677)
(188, 145, 16525)
(188, 35, 22966)
(188, 17, 42602)
(188, 16, 20389)
(188, 171, 6207)
(188, 168, 38365)
(188, 87, 18328)
(188, 44, 18868)
(188, 158, 14378)
(188, 118, 35558)
(188, 51, 20015)
(188, 74, 37273)
(188, 79, 17356)
(188, 71, 16013)
(188, 185, 4919)
(188, 29, 35117)
(188, 177, 4938)
(188, 82, 29721)
(188, 99, 31171)
(188, 135, 29219)
(188, 150, 30175)
(188, 72, 5713)
(188, 11, 3868)
(188, 94, 11071)
(188, 152, 35168)
(188, 32, 32163)
(188, 4, 7125)
(188, 47, 28585)
(188, 107, 44229)
(188, 156, 14438)
(188, 8, 22895)
(188, 178, 3736)
(188, 164, 40354)
(188, 24, 15810)
(188, 43, 36337)
(188, 60, 24503)
(188, 13, 38844)
(188, 77, 3680)
(188, 187, 22644)
(188, 70, 40739)
(188, 109, 43422)
(188, 62, 4989)
(188, 83, 23195)
(188, 175, 42467)
(188, 173, 6867)
(188, 95, 28920)
(188, 179, 16999)
(188, 172, 27816)
(188, 58, 34007)
(188, 34, 32025)
(188, 90, 10157)
(188, 122, 42595)
(188, 127, 19325)
(188, 57, 4750)
(188, 155, 38674)
(188, 53, 28333)
(188, 154, 5310)
(188, 28, 25471)
(188, 125, 1354)
(188, 111, 38816)
(188, 149, 1359)
(188, 88, 19582)
(188, 30, 36703)
(188, 133, 4592)
(188, 67, 17138)
(188, 54, 34675)
(188, 78, 42443)
(189, 153, 28963)
(189, 166, 10658)
(189, 80, 37112)
(189, 130, 11655)
(189, 126, 11384)
(189, 143, 24280)
(189, 125, 24618)
(189, 64, 4070)
(189, 142, 44296)
(189, 26, 43894)
(189, 160, 9559)
(189, 21, 12562)
(189, 180, 25080)
(189, 138, 11031)
(189, 59, 33099)
(189, 24, 30986)
(189, 79, 29536)
(189, 31, 32805)
(189, 149, 1889)
(189, 162, 9860)
(189, 124, 7625)
(189, 76, 41015)
(189, 173, 28327)
(189, 5, 31298)
(189, 2, 16320)
(189, 188, 42046)
(189, 69, 29345)
(189, 86, 8350)
(189, 102, 29554)
(189, 6, 39293)
(189, 65, 40515)
(189, 136, 588)
(189, 87, 44151)
(189, 177, 44042)
(189, 127, 38407)
(189, 163, 9948)
(189, 133, 11812)
(189, 104, 37722)
(189, 29, 16826)
(189, 37, 23982)
(189, 28, 24862)
(189, 156, 11203)
(189, 184, 13363)
(189, 68, 5979)
(189, 16, 11194)
(189, 62, 14810)
(189, 71, 16615)
(189, 55, 30626)
(189, 182, 16242)
(189, 70, 25117)
(189, 165, 3752)
(189, 33, 34986)
(189, 107, 17355)
(189, 15, 42996)
(189, 169, 17606)
(189, 47, 10880)
(189, 148, 10419)
(189, 25, 44376)
(189, 157, 21510)
(189, 48, 530)
(189, 89, 22092)
(189, 116, 42815)
(189, 63, 14204)
(189, 84, 14212)
(189, 174, 33739)
(189, 50, 18823)
(189, 112, 2218)
(189, 94, 14182)
(189, 40, 23020)
(189, 186, 32459)
(189, 90, 11196)
(189, 49, 16293)
(189, 10, 38055)
(189, 82, 18452)
(189, 147, 38613)
(189, 85, 12839)
(189, 151, 20441)
(189, 129, 21231)
(189, 134, 6402)
(189, 121, 15285)
(189, 106, 27168)
(190, 104, 9355)
(190, 3, 1572)
(190, 63, 16209)
(190, 54, 32541)
(190, 97, 17010)
(190, 70, 36599)
(190, 103, 8757)
(190, 159, 12028)
(190, 93, 30333)
(190, 30, 28832)
(190, 91, 16493)
(190, 105, 22746)
(190, 53, 15188)
(190, 57, 41239)
(190, 29, 3111)
(190, 129, 11784)
(190, 8, 40943)
(190, 111, 19296)
(190, 162, 10149)
(190, 74, 6851)
(190, 77, 40525)
(190, 102, 28254)
(190, 137, 805)
(190, 145, 30848)
(190, 44, 39720)
(190, 130, 16968)
(190, 96, 21761)
(190, 185, 35109)
(190, 127, 12970)
(190, 48, 1434)
(190, 168, 31592)
(190, 56, 27195)
(190, 5, 13699)
(190, 132, 12444)
(190, 174, 19816)
(190, 51, 5450)
(190, 37, 44308)
(190, 124, 5132)
(190, 173, 11809)
(190, 158, 34658)
(190, 166, 30179)
(190, 164, 1174)
(190, 140, 32187)
(190, 38, 30717)
(190, 58, 9723)
(190, 92, 23012)
(190, 6, 32891)
(190, 110, 13809)
(190, 170, 12070)
(190, 85, 40911)
(190, 81, 14761)
(190, 172, 14246)
(190, 49, 14877)
(190, 176, 18984)
(190, 26, 17960)
(190, 72, 3263)
(190, 86, 13498)
(190, 161, 31824)
(190, 34, 13634)
(190, 188, 518)
(190, 131, 41156)
(190, 78, 6187)
(190, 112, 27093)
(190, 24, 31239)
(190, 175, 42346)
(190, 99, 24290)
(190, 149, 40932)
(190, 35, 27096)
(190, 32, 6621)
(190, 169, 17492)
(190, 125, 28648)
(190, 90, 22634)
(190, 2, 43119)
(190, 13, 14461)
(190, 116, 19746)
(190, 148, 33276)
(190, 43, 2328)
(190, 143, 24653)
(190, 146, 39588)
(190, 177, 31178)
(190, 15, 43629)
(190, 171, 13387)
(190, 50, 41643)
(190, 12, 6611)
(190, 119, 17176)
(190, 120, 42700)
(190, 182, 33160)
(190, 47, 7505)
(190, 181, 44379)
(190, 76, 37223)
(190, 66, 44056)
(190, 128, 19642)
(190, 7, 21133)
(190, 115, 17834)
(190, 65, 39618)
(190, 46, 38815)
(190, 126, 30515)
(190, 14, 1704)
(190, 11, 28658)
(190, 179, 4277)
(190, 27, 5631)
(190, 68, 35792)
(190, 98, 14987)
(190, 144, 25955)
(190, 45, 18777)
(190, 17, 26067)
(190, 121, 15874)
(190, 107, 14650)
(190, 133, 32870)
(190, 165, 25431)
(190, 22, 26180)
(190, 154, 8214)
(190, 89, 24545)
(190, 1, 21294)
(190, 61, 23474)
(190, 114, 2642)
(190, 36, 25932)
(190, 19, 5782)
(190, 108, 15096)
(190, 10, 39987)
(190, 0, 37835)
(190, 21, 5718)
(190, 109, 14937)
(190, 20, 35595)
(190, 142, 15830)
(190, 141, 14241)
(190, 122, 2950)
(190, 67, 20253)
(190, 88, 13661)
(190, 62, 31004)
(190, 118, 29299)
(190, 100, 10216)
(190, 152, 12289)
(190, 187, 9696)
(190, 39, 32783)
(190, 157, 19154)
(190, 184, 36708)
(190, 178, 27181)
(190, 84, 40)
(190, 186, 17947)
(190, 155, 20005)
(190, 153, 40226)
(190, 180, 520)
(190, 138, 37306)
(190, 117, 21516)
(190, 151, 35855)
(190, 83, 31221)
(190, 183, 16723)
(190, 31, 18471)
(190, 147, 27053)
(190, 123, 10371)
(190, 42, 33412)
(190, 23, 23845)
(190, 71, 19083)
(190, 75, 15585)
(190, 41, 14776)
(190, 163, 43941)
(190, 150, 25124)
(190, 82, 35441)
(190, 139, 18192)
(190, 16, 6807)
(190, 189, 1900)
(190, 4, 2809)
(190, 160, 21219)
(190, 94, 19180)
(190, 25, 9767)
(190, 9, 17439)
(190, 59, 27436)
(190, 69, 17781)
(190, 52, 38972)
(190, 28, 37839)
(190, 135, 19962)
(190, 95, 39070)
(190, 55, 36838)
(190, 40, 42895)
(190, 79, 17812)
(190, 167, 8652)
(190, 113, 7362)
(190, 64, 6832)
(191, 137, 15658)
(191, 28, 7690)
(191, 149, 35847)
(191, 190, 25767)
(191, 69, 12398)
(191, 184, 15725)
(191, 0, 36280)
(191, 64, 24721)
(191, 177, 8443)
(191, 76, 4293)
(191, 21, 2743)
(191, 75, 5134)
(191, 91, 38610)
(191, 166, 26203)
(191, 119, 14751)
(191, 13, 10872)
(192, 1, 26028)
(192, 66, 2741)
(192, 87, 37315)
(192, 14, 13834)
(192, 144, 4407)
(192, 172, 19931)
(192, 18, 36601)
(192, 153, 15023)
(192, 23, 18986)
(192, 119, 15252)
(192, 59, 35052)
(192, 68, 21187)
(192, 152, 4724)
(192, 80, 35919)
(192, 83, 21855)
(192, 171, 37784)
(192, 86, 6174)
(192, 183, 24342)
(192, 32, 36346)
(192, 162, 34127)
(192, 35, 39641)
(192, 189, 40156)
(192, 160, 4338)
(192, 94, 5314)
(192, 96, 14606)
(192, 98, 16639)
(192, 77, 868)
(192, 8, 17002)
(192, 9, 16696)
(192, 148, 8978)
(192, 102, 6085)
(192, 24, 972)
(192, 74, 2715)
(192, 178, 32255)
(192, 174, 6871)
(192, 10, 8697)
(192, 191, 24795)
(192, 112, 25004)
(192, 52, 31386)
(192, 110, 10497)
(192, 0, 18087)
(192, 60, 9118)
(192, 130, 28504)
(192, 91, 39133)
(192, 28, 25310)
(192, 31, 339)
(192, 56, 39911)
(192, 69, 30994)
(192, 22, 34758)
(192, 95, 14428)
(192, 25, 24794)
(192, 71, 32919)
(192, 79, 18763)
(192, 100, 79)
(192, 37, 3599)
(192, 149, 17011)
(192, 30, 21444)
(192, 64, 20959)
(192, 15, 42112)
(192, 16, 20536)
(192, 186, 26893)
(192, 134, 22298)
(192, 166, 22424)
(192, 114, 12536)
(192, 103, 31779)
(192, 165, 38682)
(192, 177, 7008)
(192, 132, 24965)
(192, 133, 1990)
(192, 54, 25085)
(192, 104, 33817)
(192, 109, 3192)
(192, 157, 36645)
(192, 125, 20241)
(192, 146, 21168)
(192, 36, 17935)
(192, 82, 44262)
(192, 176, 38543)
(192, 99, 13888)
(192, 76, 28767)
(192, 33, 9066)
(192, 121, 6286)
(192, 78, 24749)
(192, 70, 13789)
(192, 46, 19540)
(192, 42, 34578)
(192, 49, 28775)
(192, 169, 8199)
(192, 105, 14828)
(192, 145, 39057)
(192, 182, 20074)
(192, 161, 33852)
(192, 101, 5688)
(192, 85, 11319)
(192, 190, 30884)
(192, 126, 2417)
(192, 63, 18247)
(192, 127, 29367)
(192, 55, 3649)
(192, 175, 16403)
(192, 84, 43930)
(192, 154, 20234)
(192, 57, 12986)
(192, 147, 24962)
(192, 184, 18677)
(192, 113, 20589)
(192, 47, 14911)
(192, 3, 329)
(193, 132, 29891)
(193, 123, 41875)
(193, 71, 20476)
(193, 106, 42184)
(193, 32, 30291)
(193, 20, 6865)
(193, 150, 30354)
(193, 29, 37665)
(193, 163, 2470)
(193, 145, 2085)
(193, 178, 39397)
(193, 177, 4268)
(193, 40, 13012)
(193, 99, 24225)
(193, 22, 24314)
(193, 176, 43662)
(193, 60, 43293)
(193, 184, 4126)
(193, 4, 6972)
(193, 98, 8552)
(193, 138, 1226)
(193, 39, 19613)
(193, 49, 18255)
(193, 95, 26189)
(193, 113, 19147)
(193, 121, 43351)
(193, 102, 35156)
(193, 129, 16138)
(194, 110, 37987)
(194, 153, 519)
(194, 12, 16048)
(194, 47, 6782)
(194, 115, 10753)
(194, 127, 31704)
(194, 171, 15784)
(194, 98, 15913)
(194, 134, 42590)
(194, 39, 39953)
(194, 139, 7839)
(194, 142, 18849)
(194, 21, 37909)
(194, 40, 25022)
(194, 185, 5755)
(194, 169, 26169)
(194, 102, 39546)
(194, 143, 26728)
(194, 96, 4135)
(194, 68, 9770)
(194, 20, 26318)
(194, 118, 22749)
(194, 109, 44377)
(194, 18, 35609)
(194, 24, 20870)
(194, 179, 6127)
(194, 190, 13179)
(194, 120, 4645)
(194, 129, 20974)
(194, 66, 1172)
(194, 45, 15375)
(194, 159, 28324)
(194, 79, 31716)
(194, 2, 5005)
(194, 88, 43946)
(194, 59, 15972)
(194, 25, 23328)
(194, 175, 31034)
(194, 63, 15039)
(194, 28, 38748)
(194, 35, 18824)
(194, 184, 32837)
(194, 121, 15967)
(194, 114, 43863)
(194, 149, 35509)
(194, 10, 6683)
(194, 82, 40145)
(194, 187, 21368)
(194, 141, 32431)
(194, 166, 10916)
(194, 27, 26394)
(194, 92, 30226)
(194, 122, 23758)
(194, 54, 20666)
(194, 147, 19982)
(194, 144, 27322)
(194, 34, 4675)
(194, 165, 9405)
(194, 93, 19937)
(194, 31, 7687)
(194, 157, 19341)
(194, 174, 26477)
(194, 116, 39223)
(194, 94, 27043)
(194, 52, 31897)
(194, 72, 10202)
(194, 119, 8351)
(194, 178, 7035)
(194, 11, 7407)
(194, 60, 21958)
(194, 95, 23955)
(194, 19, 32394)
(194, 117, 14572)
(194, 42, 387)
(194, 131, 24896)
(194, 51, 33559)
(194, 64, 9525)
(194, 4, 40488)
(194, 8, 12829)
(194, 132, 35708)
(194, 48, 23560)
(194, 183, 29193)
(194, 99, 24359)
(194, 9, 2284)
(194, 103, 18794)
(194, 44, 20054)
(194, 5, 18828)
(194, 101, 22020)
(194, 89, 13568)
(194, 176, 9745)
(194, 97, 9595)
(194, 182, 37836)
(194, 170, 11560)
(195, 141, 9017)
(195, 177, 34441)
(195, 60, 26464)
(195, 30, 7331)
(195, 159, 4201)
(195, 50, 8535)
(195, 9, 42606)
(195, 144, 39352)
(195, 59, 30788)
(195, 74, 22443)
(195, 107, 35648)
(195, 61, 18560)
(195, 93, 9294)
(195, 58, 36530)
(195, 190, 10444)
(195, 101, 23174)
(195, 114, 13785)
(195, 48, 14928)
(195, 186, 31653)
(195, 131, 27599)
(195, 4, 27593)
(195, 102, 18159)
(195, 97, 39030)
(195, 96, 33053)
(195, 89, 12128)
(195, 40, 6468)
(195, 20, 23578)
(195, 135, 9893)
(195, 45, 21417)
(195, 88, 39585)
(195, 117, 9719)
(195, 53, 7554)
(195, 154, 23665)
(195, 12, 42040)
(195, 133, 1243)
(195, 155, 29111)
(195, 156, 2848)
(195, 104, 31689)
(195, 130, 43214)
(195, 180, 38000)
(195, 164, 5685)
(195, 108, 35946)
(195, 56, 20348)
(195, 152, 26311)
(195, 175, 17688)
(195, 70, 23717)
(195, 68, 27775)
(195, 31, 2832)
(195, 121, 7230)
(195, 143, 15224)
(195, 193, 18061)
(195, 112, 7454)
(195, 34, 25531)
(195, 167, 9575)
(195, 181, 43123)
(195, 54, 13474)
(195, 80, 19188)
(195, 99, 20889)
(195, 149, 21111)
(195, 38, 35072)
(195, 189, 9532)
(195, 194, 1361)
(195, 78, 21850)
(195, 128, 9809)
(195, 66, 27727)
(195, 162, 2215)
(195, 75, 6963)
(195, 16, 5357)
(195, 178, 5543)
(195, 192, 33974)
(195, 49, 35771)
(195, 172, 41024)
(195, 29, 14746)
(195, 157, 89)
(195, 150, 3146)
(195, 65, 39642)
(195, 3, 4248)
(195, 52, 28983)
(195, 82, 9450)
(195, 116, 26032)
(195, 10, 20849)
(195, 132, 29821)
(195, 113, 18073)
(195, 191, 3780)
(195, 24, 15938)
(195, 153, 3891)
(195, 39, 8916)
(195, 77, 24486)
(195, 71, 39880)
(195, 46, 38175)
(195, 169, 29935)
(195, 183, 22607)
(195, 120, 40340)
(195, 139, 15012)
(195, 98, 34713)
(195, 134, 43047)
(195, 33, 3563)
(195, 7, 10177)
(195, 76, 25390)
(195, 142, 4561)
(195, 173, 24898)
(195, 13, 29786)
(195, 174, 28862)
(195, 94, 33281)
(195, 47, 28017)
(195, 23, 43367)
(195, 25, 16257)
(195, 111, 17479)
(195, 51, 40297)
(195, 55, 26888)
(195, 43, 5920)
(195, 170, 38018)
(195, 6, 18630)
(195, 148, 22049)
(195, 137, 35260)
(195, 158, 17290)
(195, 28, 18978)
(195, 106, 40242)
(195, 125, 3127)
(195, 90, 15671)
(195, 115, 25941)
(195, 103, 118)
(195, 22, 3477)
(195, 84, 9298)
(195, 105, 37968)
(195, 136, 19583)
(195, 64, 26561)
(195, 67, 11074)
(195, 92, 28605)
(195, 37, 25965)
(195, 62, 26004)
(195, 44, 28700)
(195, 83, 19446)
(195, 42, 22449)
(195, 21, 43018)
(195, 188, 10119)
(195, 160, 26935)
(195, 79, 24550)
(195, 119, 38593)
(195, 166, 269)
(196, 101, 344)
(196, 164, 29936)
(196, 44, 2264)
(196, 188, 11623)
(196, 26, 30625)
(196, 70, 23551)
(196, 61, 20403)
(196, 175, 37723)
(196, 125, 16545)
(196, 5, 39342)
(196, 96, 16383)
(196, 117, 28269)
(196, 12, 6716)
(196, 148, 21838)
(196, 137, 41639)
(196, 34, 18785)
(196, 88, 27999)
(196, 52, 8692)
(196, 73, 1822)
(196, 108, 15121)
(196, 147, 38639)
(196, 64, 608)
(196, 65, 19979)
(196, 146, 9995)
(196, 11, 9800)
(196, 155, 3238)
(196, 163, 24940)
(196, 179, 38341)
(196, 78, 21109)
(196, 15, 1363)
(196, 55, 20188)
(196, 1, 20181)
(196, 144, 32697)
(196, 121, 25166)
(196, 184, 21424)
(196, 193, 4547)
(196, 46, 9507)
(196, 77, 7318)
(196, 183, 33853)
(196, 136, 27097)
(196, 130, 33370)
(196, 151, 12021)
(196, 123, 24634)
(196, 49, 12727)
(196, 140, 40920)
(196, 104, 23817)
(196, 48, 1257)
(196, 124, 7185)
(196, 111, 44267)
(196, 95, 41817)
(196, 9, 8556)
(196, 194, 43013)
(196, 156, 10759)
(196, 168, 40518)
(196, 79, 22799)
(196, 60, 8501)
(196, 139, 1718)
(196, 35, 32149)
(196, 165, 41165)
(196, 181, 6617)
(196, 132, 29696)
(196, 174, 21480)
(196, 195, 41861)
(196, 158, 15545)
(196, 119, 37434)
(196, 62, 22414)
(196, 47, 22806)
(196, 110, 24459)
(196, 170, 18733)
(196, 187, 12386)
(196, 105, 39755)
(196, 115, 27850)
(196, 82, 12135)
(196, 127, 12789)
(196, 87, 29029)
(196, 39, 18729)
(196, 80, 4709)
(196, 141, 27101)
(196, 31, 29941)
(196, 56, 10524)
(196, 40, 5343)
(196, 83, 35123)
(196, 133, 40898)
(196, 112, 1594)
(196, 30, 34573)
(196, 128, 515)
(196, 182, 38131)
(196, 129, 31875)
(196, 180, 26780)
(196, 19, 38073)
(196, 191, 34725)
(196, 32, 38736)
(196, 97, 31497)
(196, 169, 11523)
(196, 94, 15055)
(196, 16, 36393)
(196, 29, 27486)
(196, 50, 13117)
(196, 53, 32126)
(196, 0, 10357)
(196, 171, 40849)
(196, 2, 19513)
(196, 100, 39029)
(196, 122, 39525)
(196, 23, 25598)
(196, 109, 3096)
(196, 45, 37227)
(196, 116, 20058)
(196, 89, 3791)
(196, 120, 36204)
(196, 42, 4842)
(196, 192, 10776)
(196, 150, 41729)
(196, 63, 33009)
(196, 176, 14426)
(196, 149, 37948)
(196, 159, 34305)
(196, 43, 21814)
(196, 4, 21245)
(196, 172, 7852)
(196, 38, 41623)
(196, 13, 33829)
(196, 143, 37119)
(196, 21, 27239)
(196, 177, 28682)
(196, 142, 40564)
(196, 20, 6410)
(196, 28, 42092)
(196, 102, 24086)
(196, 75, 37980)
(196, 160, 26192)
(196, 67, 27523)
(196, 166, 8232)
(196, 66, 13122)
(196, 106, 40955)
(196, 138, 18107)
(196, 178, 2555)
(196, 185, 42732)
(196, 118, 13744)
(196, 18, 513)
(196, 135, 11831)
(196, 113, 26687)
(196, 7, 8008)
(196, 90, 14750)
(196, 8, 37284)
(196, 72, 26681)
(196, 69, 18651)
(196, 98, 28578)
(196, 14, 27409)
(196, 99, 11412)
(196, 27, 20110)
(196, 3, 26868)
(196, 161, 22064)
(196, 24, 11006)
(196, 92, 36302)
(196, 54, 26716)
(196, 86, 39211)
(196, 25, 42109)
(196, 154, 42552)
(196, 131, 27508)
(196, 41, 17454)
(196, 103, 11416)
(196, 6, 33397)
(196, 152, 18339)
(196, 10, 24654)
(196, 186, 36712)
(196, 68, 15260)
(196, 162, 36425)
(196, 85, 15765)
(197, 71, 41025)
(197, 57, 34291)
(197, 98, 19208)
(197, 36, 29360)
(197, 124, 32574)
(197, 182, 2214)
(197, 125, 25625)
(197, 35, 31163)
(197, 133, 1686)
(197, 147, 9749)
(197, 109, 26081)
(197, 117, 13530)
(197, 70, 2646)
(197, 119, 42800)
(197, 77, 41501)
(197, 23, 14039)
(197, 136, 38307)
(197, 69, 40290)
(197, 52, 32760)
(197, 79, 27353)
(197, 190, 18169)
(197, 103, 14918)
(197, 191, 8707)
(197, 131, 27516)
(197, 92, 33302)
(197, 5, 38049)
(197, 90, 35132)
(197, 96, 2273)
(197, 150, 22350)
(197, 53, 8171)
(197, 165, 20144)
(197, 137, 13898)
(197, 135, 39962)
(197, 44, 21063)
(197, 188, 11936)
(197, 20, 2335)
(197, 62, 35930)
(197, 189, 30446)
(197, 1, 41847)
(197, 134, 34361)
(197, 152, 15608)
(197, 47, 31390)
(197, 99, 17681)
(197, 184, 22911)
(197, 18, 43802)
(197, 61, 39407)
(197, 192, 5774)
(197, 156, 43062)
(197, 126, 6392)
(197, 63, 21154)
(197, 144, 30775)
(197, 29, 33762)
(197, 64, 41415)
(197, 105, 21434)
(197, 31, 32905)
(197, 25, 11290)
(197, 80, 4195)
(197, 82, 5674)
(197, 154, 38483)
(197, 74, 31259)
(197, 129, 7780)
(197, 24, 21549)
(197, 121, 19680)
(197, 171, 40130)
(197, 159, 24318)
(197, 101, 10237)
(197, 15, 11218)
(197, 67, 5227)
(197, 72, 43457)
(197, 32, 19527)
(197, 168, 914)
(197, 93, 1785)
(197, 139, 5013)
(197, 151, 19588)
(197, 193, 7867)
(197, 4, 38323)
(197, 2, 18345)
(197, 157, 32704)
(197, 115, 32039)
(197, 183, 28217)
(197, 107, 27372)
(197, 111, 31263)
(197, 162, 21408)
(197, 106, 4658)
(197, 169, 24044)
(197, 75, 8281)
(197, 9, 38954)
(197, 7, 19818)
(197, 178, 13217)
(197, 86, 8653)
(197, 112, 12642)
(197, 166, 17941)
(197, 94, 38452)
(197, 176, 13696)
(197, 100, 1482)
(197, 68, 15500)
(197, 127, 18900)
(197, 55, 20105)
(197, 66, 7024)
(197, 59, 14696)
(197, 76, 8116)
(197, 141, 4344)
(197, 27, 39116)
(197, 196, 38398)
(197, 40, 20905)
(197, 37, 14210)
(197, 177, 37221)
(197, 114, 43857)
(197, 181, 5436)
(197, 116, 21626)
(197, 12, 30795)
(197, 38, 18811)
(197, 195, 21328)
(197, 143, 6754)
(197, 21, 11151)
(197, 148, 2917)
(197, 50, 14382)
(197, 174, 16343)
(197, 172, 30963)
(197, 88, 25737)
(197, 164, 9791)
(197, 48, 4139)
(197, 26, 37298)
(197, 161, 11393)
(197, 145, 10431)
(197, 113, 20685)
(197, 108, 2366)
(197, 3, 10440)
(197, 85, 41440)
(197, 8, 25388)
(197, 73, 18842)
(197, 89, 24369)
(197, 65, 25813)
(197, 95, 1968)
(197, 33, 30842)
(197, 41, 6471)
(197, 132, 1517)
(197, 187, 24154)
(197, 60, 34309)
(197, 56, 16880)
(197, 118, 39266)
(197, 54, 5781)
(197, 128, 4805)
(197, 170, 4483)
(197, 123, 13743)
(197, 160, 22446)
(197, 11, 26857)
(197, 122, 18508)
(197, 138, 24893)
(197, 120, 28724)
(197, 194, 32593)
(197, 179, 11684)
(197, 81, 26037)
(197, 14, 42457)
(197, 83, 6441)
(197, 149, 36216)
(197, 49, 12858)
(197, 142, 12179)
(197, 43, 22673)
(197, 17, 40263)
(197, 78, 38696)
(197, 30, 25545)
(197, 158, 37427)
(197, 146, 10977)
(197, 110, 43909)
(197, 39, 1679)
(197, 22, 36013)
(197, 104, 21281)
(197, 97, 42342)
(197, 28, 37694)
(197, 102, 5925)
(197, 46, 6923)
(197, 140, 33369)
(197, 45, 29128)
(197, 13, 29109)
(197, 155, 37236)
(197, 19, 9015)
(197, 186, 39559)
(197, 167, 10510)
(197, 34, 12823)
(197, 16, 7533)
(197, 91, 15069)
(197, 163, 39876)
(197, 42, 8523)
(197, 175, 11817)
(197, 84, 25890)
(197, 173, 18319)
(197, 180, 33470)
(197, 87, 822)
(197, 58, 32226)
(197, 185, 21521)
(197, 51, 14381)
(197, 130, 13123)
(197, 10, 8019)
(198, 183, 104)
(198, 57, 31066)
(198, 67, 43671)
(198, 114, 3231)
(198, 112, 11996)
(198, 97, 15106)
(198, 91, 19658)
(198, 1, 20269)
(198, 129, 12686)
(198, 140, 2650)
(198, 39, 21998)
(198, 109, 16085)
(198, 149, 30871)
(198, 90, 36507)
(198, 197, 7028)
(198, 28, 12329)
(198, 193, 17308)
(198, 23, 39496)
(198, 25, 14326)
(198, 54, 41338)
(198, 93, 33181)
(198, 96, 30499)
(198, 185, 44154)
(198, 75, 12563)
(198, 124, 35291)
(198, 128, 9477)
(198, 19, 38566)
(198, 167, 23998)
(198, 184, 25216)
(198, 87, 33895)
(198, 118, 15995)
(198, 115, 13232)
(198, 3, 32444)
(198, 33, 38146)
(198, 139, 21139)
(198, 181, 37150)
(198, 132, 27572)
(198, 92, 15961)
(198, 95, 41978)
(198, 160, 25954)
(198, 64, 37451)
(198, 174, 36628)
(198, 111, 20024)
(198, 26, 17855)
(198, 56, 29747)
(198, 147, 35584)
(198, 29, 19493)
(198, 30, 36401)
(198, 170, 19274)
(198, 70, 36299)
(198, 83, 19320)
(198, 123, 13494)
(198, 145, 7056)
(198, 50, 29149)
(198, 173, 13125)
(198, 69, 6894)
(198, 63, 1120)
(198, 102, 10113)
(198, 141, 14824)
(198, 195, 603)
(198, 131, 27984)
(198, 162, 35627)
(198, 164, 1792)
(198, 31, 23987)
(198, 42, 1883)
(198, 107, 41258)
(198, 52, 29425)
(198, 169, 43057)
(198, 49, 23396)
(198, 168, 5865)
(198, 154, 2956)
(198, 155, 9677)
(198, 68, 36020)
(198, 190, 8792)
(198, 113, 42330)
(198, 46, 34771)
(198, 153, 30678)
(198, 8, 44250)
(198, 126, 2732)
(198, 136, 3290)
(198, 0, 14688)
(198, 135, 12757)
(198, 192, 30697)
(198, 65, 5327)
(198, 27, 14506)
(199, 188, 22392)
(199, 37, 39263)
(199, 76, 31434)
(199, 51, 16475)
(199, 57, 32054)
(199, 71, 21366)
(199, 160, 34009)
(199, 94, 8083)
(199, 25, 32966)
(199, 187, 36340)
(199, 96, 10259)
(199, 46, 17872)
(199, 9, 31246)
(199, 133, 8218)
(199, 16, 42160)
(199, 141, 7792)
(199, 101, 20277)
(199, 8, 41172)
(199, 55, 10645)
(199, 104, 11593)
(199, 19, 5671)
(199, 164, 43086)
(199, 61, 8273)
(199, 27, 23436)
(199, 7, 7822)
(199, 73, 37010)
(199, 88, 9186)
(199, 167, 4819)
(199, 53, 16683)
(199, 145, 42191)
(199, 79, 10363)
(199, 165, 9497)
(199, 20, 11911)
(199, 122, 26224)
(199, 80, 17430)
(199, 177, 25869)
(199, 175, 15865)
(199, 125, 19098)
(199, 156, 31734)
(199, 6, 7686)
(199, 59, 5605)
(199, 117, 15960)
(199, 174, 16027)
(199, 91, 15118)
(199, 153, 36752)
(199, 138, 40859)
(199, 155, 37745)
(199, 47, 5980)
(199, 78, 22664)
(199, 128, 23656)
(199, 123, 11482)
(199, 136, 37612)
(199, 168, 410)
(199, 182, 23860)
(199, 81, 12043)
(199, 24, 13899)
(199, 107, 10089)
(199, 121, 12504)
(199, 181, 33646)
(199, 86, 5429)
(199, 143, 23736)
(199, 98, 13663)
(199, 83, 40314)
(199, 140, 9101)
(199, 176, 9797)
(199, 31, 20305)
(199, 149, 8988)
(199, 116, 29720)
(199, 5, 23168)
(199, 48, 9363)
(199, 64, 5379)
(199, 36, 34536)
(199, 135, 25024)
(199, 95, 15977)
(199, 171, 1275)
(199, 115, 3041)
(199, 173, 36256)
(199, 22, 12893)
(199, 33, 24769)
(199, 13, 2185)
(199, 106, 120)
(199, 10, 41878)
(199, 186, 38189)
(199, 38, 8975)
(199, 90, 19442)
(199, 15, 10232)
(199, 130, 36275)
(199, 85, 40919)
(199, 169, 12662)
(199, 113, 43647)
(199, 120, 33195)
(199, 102, 31717)
(199, 144, 14168)
(199, 163, 23888)
(199, 56, 41524)
(199, 161, 39283)
(199, 190, 43435)
(199, 170, 10676)
(199, 129, 15222)
(199, 147, 8636)
(199, 93, 33129)
(199, 32, 38628)
(199, 42, 41310)
(199, 2, 26088)
(199, 49, 17841)
(199, 189, 42469)
(199, 44, 17437)
(199, 111, 32482)
(199, 3, 3012)
(199, 109, 42319)
(199, 127, 33258)
(199, 194, 2314)
(199, 35, 39841)
(199, 67, 3949)
(199, 60, 594)
(199, 198, 22958)
(199, 152, 31788)
(199, 119, 42898)
(199, 40, 38379)
(199, 131, 26187)
(199, 41, 22456)
(199, 23, 39867)
(199, 43, 21011)
(199, 14, 17970)
(199, 21, 32209)
(199, 74, 2906)
(199, 72, 37046)
(199, 112, 32156)
(199, 39, 14902)
(199, 118, 1070)
(199, 193, 20848)
(199, 50, 33695)
(199, 159, 1808)
(199, 62, 19819)
(199, 132, 12355)
(199, 0, 39685)
(199, 100, 28886)
(199, 12, 27851)
(199, 1, 8187)
(199, 134, 26863)
(199, 29, 22552)
(199, 124, 6014)
(199, 195, 30049)
(199, 77, 12622)
(199, 30, 5733)
(199, 84, 37091)
(199, 26, 37746)
(199, 191, 23383)
(199, 142, 12287)
(199, 92, 22399)
(199, 70, 20799)
(199, 11, 38340)
(199, 68, 6395)
(199, 146, 15578)
(199, 185, 2219)
(199, 148, 36549)
(199, 184, 24215)
(199, 180, 13591)
(199, 82, 43102)
(199, 108, 13608)
(199, 162, 29242)
(199, 158, 9037)
(199, 99, 14880)
(199, 75, 28986)
(199, 97, 29778)
(199, 126, 5874)
(199, 18, 24402)
(199, 157, 15421)
(199, 105, 34483)
(199, 65, 14310)
(199, 151, 14231)
(199, 4, 23824)
(199, 52, 34700)
(199, 87, 9389)
(199, 28, 8453)
(199, 150, 8247)
(199, 179, 20071)
(199, 114, 37096)
(199, 172, 6723)
(199, 103, 31469)
(199, 192, 37329)
(199, 137, 30323)
(199, 45, 39998)
(199, 63, 31527)
(199, 166, 10077)
(199, 183, 13055)
(199, 58, 24273)
(199, 54, 40408)
(199, 154, 36438)
(199, 178, 22734)
(199, 197, 8811)
(199, 196, 17687)
(199, 17, 43022)
(199, 89, 35913)
(199, 66, 29244)
(200, 28, 24188)
(200, 105, 25584)
(200, 162, 4169)
(200, 128, 25461)
(200, 76, 6825)
(200, 174, 2353)
(200, 167, 13550)
(200, 199, 41385)
(200, 81, 18164)
(200, 34, 24548)
(201, 157, 31400)
(201, 76, 11476)
(201, 89, 36210)
(201, 136, 27462)
(201, 197, 33706)
(201, 113, 30424)
(201, 35, 19431)
(201, 200, 11363)
(201, 154, 23561)
(201, 66, 15513)
(201, 33, 20263)
(201, 80, 9910)
(201, 148, 11539)
(201, 31, 6897)
(201, 7, 32946)
(201, 20, 38737)
(201, 117, 23725)
(201, 152, 6679)
(201, 105, 40373)
(201, 120, 16652)
(201, 178, 37074)
(201, 4, 11236)
(201, 145, 16870)
(201, 198, 36101)
(201, 190, 27359)
(201, 185, 43738)
(201, 184, 1005)
(201, 150, 38940)
(201, 146, 26702)
(201, 135, 40746)
(202, 140, 34696)
(202, 56, 13603)
(202, 104, 24913)
(202, 155, 21055)
(202, 189, 37593)
(202, 151, 427)
(202, 58, 24067)
(202, 90, 9883)
(202, 118, 38820)
(202, 64, 12363)
(202, 29, 13300)
(202, 62, 16787)
(202, 181, 16804)
(202, 174, 5039)
(202, 17, 13731)
(202, 185, 8923)
(202, 5, 41126)
(202, 111, 36007)
(202, 98, 5156)
(202, 188, 34694)
(202, 8, 38272)
(202, 18, 32906)
(202, 75, 12853)
(202, 87, 26050)
(202, 197, 2217)
(202, 82, 19451)
(202, 183, 38180)
(202, 9, 11066)
(202, 12, 10704)
(202, 123, 12702)
(202, 148, 5973)
(202, 19, 13895)
(202, 186, 34238)
(202, 162, 21639)
(202, 22, 31796)
(202, 65, 32240)
(202, 195, 30077)
(202, 160, 11190)
(202, 89, 33854)
(202, 184, 16926)
(202, 34, 21430)
(202, 126, 3526)
(202, 63, 11409)
(202, 92, 11089)
(202, 68, 34)
(202, 121, 42248)
(202, 95, 29770)
(202, 156, 24502)
(202, 108, 35129)
(202, 35, 20919)
(202, 149, 16875)
(202, 114, 38227)
(202, 125, 43166)
(202, 139, 20275)
(202, 1, 15086)
(202, 2, 19809)
(202, 167, 8262)
(203, 141, 17769)
(203, 167, 9195)
(204, 132, 11977)
(204, 35, 7398)
(204, 136, 8630)
(204, 176, 29352)
(204, 59, 5148)
(204, 102, 1110)
(204, 29, 39081)
(204, 139, 8928)
(204, 96, 2480)
(204, 54, 40295)
(204, 153, 29946)
(204, 189, 24312)
(204, 124, 16169)
(204, 83, 28822)
(204, 42, 22704)
(204, 1, 44342)
(204, 196, 3344)
(204, 180, 43007)
(204, 107, 29761)
(204, 185, 13617)
(204, 44, 31463)
(204, 5, 7904)
(204, 95, 9461)
(204, 19, 14090)
(204, 141, 6123)
(205, 112, 2739)
(205, 81, 12486)
(205, 118, 2072)
(205, 155, 9292)
(205, 170, 41067)
(205, 40, 34732)
(205, 67, 9073)
(205, 174, 3965)
(205, 83, 3940)
(205, 48, 33937)
(205, 159, 2386)
(205, 14, 32635)
(205, 82, 23281)
(205, 184, 19647)
(205, 128, 14980)
(205, 6, 21101)
(205, 55, 42849)
(205, 56, 9178)
(205, 20, 35045)
(205, 105, 27538)
(205, 36, 7978)
(205, 124, 33954)
(205, 149, 18607)
(205, 200, 23755)
(205, 172, 8609)
(205, 102, 20867)
(205, 35, 14220)
(205, 202, 14833)
(205, 152, 23893)
(205, 114, 28360)
(205, 203, 17611)
(205, 107, 19459)
(205, 143, 25866)
(205, 183, 28477)
(205, 97, 42006)
(205, 121, 43540)
(205, 115, 19358)
(205, 164, 36930)
(205, 134, 19262)
(205, 77, 30847)
(205, 141, 39190)
(205, 196, 27640)
(205, 69, 25337)
(205, 98, 1121)
(205, 2, 22032)
(205, 191, 22402)
(205, 18, 11869)
(205, 133, 493)
(205, 148, 25823)
(205, 96, 3257)
(205, 186, 28420)
(205, 154, 2473)
(205, 60, 14580)
(205, 125, 27450)
(205, 138, 25729)
(205, 101, 36456)
(205, 49, 29116)
(205, 59, 23043)
(205, 43, 23128)
(205, 110, 24743)
(205, 62, 9725)
(205, 120, 2833)
(205, 99, 8072)
(205, 1, 21413)
(205, 136, 6363)
(205, 165, 1846)
(205, 91, 25038)
(205, 126, 25968)
(205, 47, 28314)
(205, 72, 1985)
(205, 11, 12438)
(205, 106, 14865)
(205, 181, 27125)
(205, 71, 30510)
(205, 111, 28523)
(205, 32, 10948)
(205, 38, 4346)
(205, 185, 20664)
(205, 90, 23859)
(205, 80, 11613)
(205, 204, 37392)
(205, 70, 15160)
(205, 22, 32081)
(205, 46, 19240)
(205, 162, 31888)
(205, 37, 30564)
(205, 87, 43192)
(205, 201, 36223)
(205, 166, 32957)
(205, 42, 18277)
(205, 39, 42222)
(205, 190, 24367)
(205, 65, 5209)
(205, 177, 10204)
(205, 52, 19139)
(205, 89, 9746)
(205, 160, 37550)
(205, 158, 31310)
(205, 161, 2137)
(205, 30, 40680)
(205, 68, 24847)
(205, 145, 24189)
(205, 8, 29909)
(206, 115, 37874)
(206, 57, 3786)
(206, 93, 17648)
(206, 105, 23422)
(206, 53, 14525)
(206, 26, 38697)
(206, 114, 22284)
(206, 78, 505)
(206, 195, 30632)
(206, 135, 29578)
(206, 126, 5012)
(206, 84, 15886)
(206, 43, 16297)
(206, 152, 21524)
(206, 19, 44303)
(206, 145, 17607)
(206, 129, 8829)
(206, 134, 34862)
(206, 11, 39324)
(206, 35, 18594)
(206, 144, 14953)
(206, 47, 13021)
(206, 81, 10771)
(206, 173, 1832)
(206, 186, 18696)
(206, 34, 23673)
(206, 50, 38663)
(206, 24, 9269)
(206, 110, 43785)
(206, 139, 229)
(206, 124, 8708)
(206, 6, 23441)
(206, 169, 9437)
(206, 185, 28071)
(206, 193, 15205)
(206, 132, 40804)
(206, 178, 40580)
(206, 71, 30722)
(206, 13, 40699)
(206, 201, 39089)
(206, 60, 38743)
(206, 16, 25609)
(206, 0, 28914)
(206, 204, 13592)
(206, 18, 32894)
(206, 92, 10961)
(206, 151, 23812)
(206, 40, 4303)
(206, 98, 25986)
(206, 133, 37741)
(206, 94, 7576)
(206, 108, 1187)
(206, 157, 12393)
(206, 184, 32416)
(206, 103, 40884)
(206, 42, 42915)
(206, 191, 16190)
(206, 203, 3448)
(206, 55, 31616)
(206, 107, 38244)
(206, 20, 8779)
(206, 87, 44332)
(206, 189, 11391)
(206, 23, 27849)
(206, 49, 32786)
(206, 179, 33588)
(206, 82, 11057)
(206, 116, 23187)
(206, 138, 36984)
(206, 181, 10115)
(206, 112, 1636)
(206, 194, 40922)
(206, 39, 17500)
(206, 113, 27397)
(206, 45, 2241)
(206, 52, 33641)
(206, 76, 33489)
(206, 10, 22349)
(206, 67, 2547)
(206, 172, 36554)
(206, 166, 43892)
(206, 109, 22428)
(206, 46, 5590)
(206, 51, 24854)
(206, 176, 23257)
(206, 146, 19625)
(206, 85, 9221)
(206, 197, 8458)
(206, 205, 31949)
(206, 180, 5479)
(206, 154, 7673)
(206, 117, 2907)
(206, 3, 37026)
(206, 159, 42553)
(206, 88, 29986)
(206, 33, 2289)
(206, 183, 30469)
(206, 131, 33357)
(206, 187, 19964)
(206, 14, 9840)
(206, 123, 32638)
(206, 90, 31225)
(206, 36, 13967)
(206, 70, 20317)
(206, 1, 29368)
(206, 30, 16855)
(206, 7, 5524)
(206, 192, 29850)
(206, 147, 10159)
(206, 66, 12954)
(206, 28, 27731)
(206, 61, 10604)
(206, 196, 39237)
(206, 37, 42030)
(206, 142, 2368)
(206, 38, 43849)
(206, 63, 39464)
(206, 15, 20199)
(206, 164, 15127)
(206, 200, 18180)
(206, 97, 3071)
(206, 104, 2684)
(206, 118, 10638)
(206, 106, 44329)
(206, 156, 35113)
(206, 69, 17255)
(206, 182, 26503)
(206, 12, 28883)
(206, 96, 6229)
(206, 4, 11184)
(206, 167, 10176)
(206, 161, 13609)
(206, 27, 34844)
(206, 177, 29561)
(206, 162, 39581)
(206, 5, 1762)
(206, 168, 21882)
(206, 56, 30867)
(206, 91, 21962)
(206, 136, 3989)
(206, 175, 13051)
(206, 9, 10883)
(206, 198, 13652)
(206, 153, 32108)
(206, 8, 30360)
(206, 171, 2225)
(206, 65, 18306)
(206, 2, 22381)
(206, 111, 6141)
(206, 199, 17983)
(206, 58, 27885)
(206, 32, 16283)
(206, 190, 44362)
(206, 74, 37588)
(206, 72, 13698)
(206, 170, 18695)
(206, 148, 32015)
(206, 80, 16572)
(206, 143, 8007)
(207, 26, 25225)
(207, 9, 26132)
(207, 200, 42813)
(207, 149, 37161)
(207, 133, 14654)
(207, 203, 39571)
(207, 155, 14278)
(207, 84, 13077)
(207, 138, 2456)
(207, 115, 19389)
(207, 94, 11478)
(207, 0, 22974)
(207, 13, 22523)
(207, 40, 38658)
(207, 163, 25848)
(207, 143, 18762)
(207, 11, 19330)
(207, 82, 30525)
(207, 168, 6250)
(207, 89, 30798)
(207, 137, 41664)
(207, 39, 18019)
(207, 116, 24873)
(207, 166, 34511)
(207, 154, 19140)
(207, 161, 1335)
(207, 126, 2049)
(207, 66, 37000)
(207, 125, 13079)
(207, 184, 33526)
(207, 192, 32237)
(207, 53, 16051)
(207, 19, 39834)
(207, 144, 13500)
(207, 59, 33118)
(207, 142, 1469)
(207, 90, 17831)
(207, 198, 16758)
(207, 194, 29873)
(207, 49, 41634)
(207, 6, 12093)
(207, 8, 21631)
(207, 186, 712)
(207, 110, 18839)
(207, 14, 12202)
(207, 107, 38580)
(207, 174, 28256)
(207, 80, 22728)
(207, 43, 44373)
(207, 48, 31030)
(207, 121, 41047)
(207, 153, 3313)
(207, 148, 3567)
(207, 52, 8628)
(207, 99, 43601)
(207, 61, 12685)
(207, 65, 36208)
(207, 92, 42711)
(207, 97, 25978)
(207, 91, 4150)
(208, 41, 21804)
(208, 160, 3228)
(208, 62, 8770)
(208, 119, 11787)
(208, 200, 36863)
(208, 177, 22973)
(208, 56, 32180)
(208, 35, 25404)
(208, 114, 40501)
(208, 136, 28401)
(208, 6, 17072)
(208, 30, 40705)
(208, 131, 32846)
(208, 9, 26717)
(208, 135, 34995)
(208, 53, 2567)
(208, 2, 37345)
(208, 50, 196)
(208, 199, 9147)
(208, 191, 23260)
(208, 128, 23157)
(208, 38, 28590)
(208, 189, 33335)
(208, 155, 29690)
(208, 98, 25407)
(208, 42, 43957)
(208, 74, 12042)
(208, 40, 43383)
(208, 120, 14914)
(208, 103, 14681)
(208, 45, 12446)
(208, 204, 311)
(208, 168, 19649)
(208, 36, 20546)
(208, 118, 19176)
(208, 5, 12549)
(208, 140, 6916)
(208, 81, 6089)
(208, 174, 36214)
(208, 194, 12448)
(208, 14, 29903)
(208, 15, 43235)
(208, 113, 3730)
(208, 164, 11751)
(208, 104, 3630)
(208, 129, 11541)
(208, 75, 9876)
(208, 107, 21727)
(208, 79, 6375)
(208, 130, 26504)
(208, 69, 5683)
(208, 32, 12301)
(208, 148, 17056)
(208, 167, 29153)
(208, 178, 5712)
(208, 87, 12993)
(208, 196, 42362)
(208, 163, 23040)
(208, 92, 43033)
(208, 97, 18156)
(208, 147, 24598)
(208, 52, 5412)
(208, 34, 16991)
(208, 68, 39356)
(208, 180, 5996)
(208, 166, 20498)
(208, 106, 44161)
(208, 60, 26723)
(208, 195, 26332)
(208, 16, 34349)
(208, 22, 7094)
(208, 37, 31550)
(208, 51, 33140)
(208, 93, 19251)
(208, 143, 3473)
(208, 201, 43897)
(208, 65, 26070)
(208, 12, 13312)
(208, 207, 24760)
(208, 198, 11807)
(208, 156, 8162)
(208, 205, 40588)
(208, 121, 14978)
(208, 159, 39443)
(208, 142, 38152)
(208, 206, 27784)
(208, 125, 4863)
(208, 183, 12460)
(208, 31, 39632)
(208, 73, 2957)
(208, 169, 21775)
(208, 58, 21289)
(208, 184, 19008)
(208, 110, 27270)
(208, 132, 14286)
(208, 116, 39150)
(208, 203, 12989)
(208, 170, 42694)
(208, 67, 38554)
(208, 1, 43205)
(208, 139, 31361)
(208, 117, 35070)
(208, 27, 7616)
(208, 96, 28588)
(208, 46, 35349)
(208, 144, 38077)
(208, 10, 1576)
(208, 19, 11047)
(208, 64, 8299)
(208, 47, 12208)
(208, 66, 21068)
(208, 122, 22899)
(208, 134, 35499)
(208, 80, 36983)
(208, 59, 41008)
(208, 17, 40005)
(208, 185, 10662)
(208, 7, 31867)
(208, 89, 37083)
(208, 88, 13454)
(208, 187, 15621)
(208, 28, 32922)
(208, 18, 39169)
(208, 0, 23710)
(208, 20, 31545)
(208, 152, 13152)
(208, 78, 43731)
(208, 8, 31353)
(208, 39, 22043)
(208, 76, 27172)
(208, 146, 36539)
(208, 105, 26027)
(208, 71, 8017)
(208, 149, 24456)
(208, 108, 25603)
(208, 70, 4317)
(208, 176, 35353)
(208, 33, 37811)
(208, 171, 43)
(208, 112, 7285)
(208, 99, 15975)
(208, 77, 29552)
(208, 175, 2418)
(208, 26, 15939)
(208, 158, 11935)
(208, 115, 34678)
(208, 43, 32683)
(208, 57, 3219)
(208, 83, 18398)
(208, 21, 36792)
(208, 63, 34676)
(208, 49, 35565)
(208, 179, 36754)
(208, 188, 43880)
(208, 90, 31483)
(208, 127, 12347)
(208, 111, 38961)
(208, 202, 8491)
(208, 24, 7914)
(208, 151, 7524)
(208, 54, 24235)
(208, 101, 33916)
(208, 3, 38908)
(208, 186, 18497)
(208, 44, 21848)
(208, 86, 29991)
(208, 162, 3439)
(208, 55, 37657)
(208, 145, 37749)
(208, 138, 2596)
(208, 182, 32769)
(208, 124, 21180)
(208, 84, 25727)
(208, 161, 32278)
(208, 165, 27992)
(208, 192, 31231)
(208, 181, 19993)
(208, 157, 18593)
(208, 172, 13993)
(208, 72, 39206)
(208, 133, 9822)
(208, 94, 3519)
(208, 154, 16319)
(208, 102, 23625)
(208, 25, 29038)
(208, 173, 37889)
(208, 141, 32386)
(208, 100, 37565)
(208, 126, 1302)
(208, 150, 28732)
(208, 193, 7985)
(208, 11, 38623)
(208, 95, 13961)
(208, 85, 28758)
(208, 153, 7848)
(208, 61, 5414)
(208, 13, 34082)
(208, 23, 21097)
(208, 109, 20133)
(208, 82, 29132)
(208, 48, 3844)
(208, 91, 40393)
(208, 123, 29358)
(208, 29, 11724)
(208, 4, 26818)
(208, 137, 23620)
(208, 197, 18821)
(209, 55, 5351)
(209, 104, 43591)
(209, 152, 35630)
(209, 37, 13173)
(209, 167, 4074)
(209, 147, 1012)
(209, 99, 17196)
(209, 96, 17722)
(209, 50, 13827)
(209, 202, 23584)
(209, 178, 32491)
(209, 7, 27560)
(209, 200, 34470)
(209, 126, 8802)
(209, 190, 17054)
(209, 28, 38201)
(209, 154, 43733)
(209, 0, 43626)
(209, 111, 33700)
(209, 123, 34125)
(209, 110, 35699)
(209, 107, 26840)
(209, 117, 37599)
(209, 30, 2387)
(209, 155, 38837)
(209, 124, 43142)
(209, 204, 21798)
(209, 158, 33417)
(209, 161, 17962)
(209, 131, 3522)
(209, 33, 17338)
(209, 114, 20753)
(209, 8, 23349)
(210, 55, 12230)
(211, 159, 30683)
(211, 5, 37356)
(211, 132, 24183)
(211, 126, 14124)
(211, 201, 16172)
(211, 77, 22422)
(211, 165, 8068)
(211, 172, 766)
(211, 67, 5396)
(211, 85, 8557)
(211, 71, 11799)
(211, 83, 4226)
(211, 180, 16725)
(211, 99, 22724)
(211, 196, 34863)
(211, 145, 7329)
(211, 21, 35061)
(211, 55, 29796)
(211, 205, 5885)
(211, 20, 8178)
(211, 147, 42224)
(211, 14, 12010)
(211, 202, 32580)
(211, 207, 14610)
(211, 163, 27157)
(211, 1, 17597)
(211, 46, 41788)
(211, 50, 32507)
(211, 179, 24260)
(211, 89, 35862)
(211, 73, 7428)
(211, 166, 27266)
(211, 19, 38038)
(211, 125, 5915)
(211, 197, 35909)
(211, 157, 11903)
(211, 80, 8877)
(211, 210, 28380)
(211, 136, 38963)
(211, 101, 14256)
(211, 206, 8796)
(211, 150, 36818)
(211, 162, 22282)
(211, 105, 23113)
(211, 113, 29373)
(211, 178, 37993)
(211, 75, 29708)
(211, 52, 19824)
(211, 190, 43958)
(211, 154, 40689)
(211, 64, 13734)
(211, 135, 20531)
(211, 200, 14619)
(211, 84, 38270)
(211, 56, 30142)
(211, 189, 26316)
(211, 31, 4257)
(211, 133, 3642)
(211, 118, 20019)
(211, 96, 17747)
(211, 82, 36373)
(211, 13, 22678)
(211, 192, 42199)
(211, 28, 5075)
(211, 36, 8415)
(211, 100, 39041)
(211, 88, 42842)
(211, 208, 20584)
(211, 54, 21546)
(211, 91, 5549)
(211, 103, 31606)
(211, 194, 24156)
(211, 107, 33445)
(211, 137, 25286)
(211, 115, 19202)
(211, 49, 28058)
(211, 171, 22149)
(211, 16, 14886)
(211, 181, 26080)
(211, 72, 32523)
(211, 120, 41830)
(211, 38, 12655)
(211, 97, 38585)
(211, 6, 12066)
(211, 164, 23150)
(211, 142, 15965)
(211, 3, 21383)
(211, 8, 26423)
(211, 153, 8986)
(211, 37, 38740)
(211, 40, 5147)
(211, 209, 7021)
(211, 151, 26036)
(211, 131, 34777)
(211, 51, 27904)
(211, 17, 10495)
(211, 102, 38183)
(211, 129, 32539)
(211, 62, 2772)
(211, 0, 8107)
(211, 161, 21266)
(211, 27, 26904)
(211, 112, 25787)
(211, 86, 39414)
(211, 29, 15740)
(211, 109, 18482)
(211, 170, 40660)
(211, 195, 12775)
(211, 44, 33018)
(211, 9, 41824)
(211, 148, 41237)
(211, 168, 1843)
(211, 10, 23707)
(211, 66, 16514)
(211, 116, 41751)
(211, 156, 27197)
(211, 81, 14547)
(211, 12, 14561)
(211, 146, 9950)
(211, 139, 790)
(211, 35, 26062)
(211, 193, 42439)
(211, 175, 30944)
(211, 122, 16819)
(211, 98, 23158)
(211, 124, 25991)
(211, 69, 7837)
(211, 104, 4297)
(211, 79, 40979)
(211, 41, 36197)
(211, 76, 15452)
(211, 63, 21313)
(211, 22, 27648)
(211, 123, 30466)
(211, 32, 26524)
(211, 53, 32429)
(211, 92, 9278)
(211, 119, 28776)
(211, 108, 30811)
(211, 204, 25879)
(211, 177, 40860)
(211, 43, 27166)
(211, 117, 11496)
(211, 15, 922)
(211, 111, 16033)
(211, 60, 17792)
(211, 174, 1088)
(211, 155, 40999)
(211, 121, 19821)
(211, 140, 11677)
(211, 185, 35924)
(211, 143, 29456)
(211, 58, 4927)
(211, 30, 39570)
(211, 11, 16744)
(211, 18, 21606)
(211, 144, 96)
(211, 24, 7952)
(211, 141, 28592)
(211, 182, 19526)
(211, 23, 42762)
(211, 78, 16833)
(211, 94, 27724)
(211, 110, 10439)
(211, 188, 24346)
(211, 176, 7620)
(211, 87, 39663)
(211, 4, 2203)
(211, 59, 16396)
(211, 57, 36565)
(211, 2, 44035)
(211, 34, 12484)
(211, 152, 8663)
(212, 141, 114)
(212, 0, 29785)
(212, 129, 780)
(212, 78, 401)
(212, 126, 6765)
(212, 148, 26712)
(212, 155, 20028)
(212, 100, 36564)
(212, 20, 22085)
(212, 104, 6004)
(212, 201, 34410)
(212, 52, 16310)
(212, 146, 16494)
(212, 69, 16766)
(212, 143, 33313)
(212, 202, 11630)
(212, 1, 13571)
(212, 149, 25733)
(212, 45, 31391)
(212, 37, 25917)
(212, 44, 4321)
(212, 30, 1577)
(212, 180, 25822)
(212, 120, 29859)
(212, 96, 43688)
(212, 93, 7832)
(212, 111, 35842)
(212, 188, 2014)
(212, 17, 37777)
(212, 4, 24716)
(212, 102, 2938)
(212, 63, 39483)
(212, 108, 42172)
(212, 11, 10983)
(212, 67, 6510)
(212, 184, 22999)
(212, 137, 29822)
(212, 193, 32657)
(212, 28, 41252)
(212, 26, 36303)
(212, 3, 39604)
(212, 106, 9768)
(212, 169, 29575)
(212, 174, 36562)
(212, 119, 22050)
(212, 18, 25763)
(212, 75, 6170)
(212, 173, 7243)
(212, 198, 14036)
(212, 197, 10100)
(212, 85, 15009)
(212, 84, 18091)
(212, 208, 13872)
(212, 152, 29956)
(212, 15, 36557)
(212, 82, 25064)
(212, 54, 19407)
(212, 118, 39088)
(212, 16, 20093)
(212, 160, 10174)
(212, 10, 2583)
(212, 58, 11068)
(212, 124, 31421)
(212, 153, 43138)
(212, 89, 32509)
(212, 110, 8887)
(212, 176, 10703)
(212, 98, 10725)
(212, 72, 24786)
(212, 49, 16433)
(212, 56, 35817)
(212, 39, 21234)
(212, 210, 11030)
(212, 5, 1293)
(212, 21, 27326)
(212, 200, 2267)
(212, 27, 31928)
(212, 199, 27547)
(212, 9, 19386)
(212, 105, 17625)
(212, 211, 3242)
(212, 147, 37365)
(212, 142, 40062)
(212, 101, 40953)
(212, 164, 34836)
(212, 51, 6653)
(212, 177, 14855)
(212, 195, 2575)
(212, 66, 34669)
(212, 8, 28560)
(212, 179, 11023)
(212, 57, 17893)
(212, 168, 9136)
(212, 23, 35078)
(212, 70, 19078)
(212, 59, 10507)
(212, 71, 22461)
(212, 12, 15890)
(212, 140, 5911)
(212, 209, 18747)
(212, 127, 40583)
(212, 190, 3015)
(212, 13, 25078)
(212, 79, 31377)
(212, 33, 28814)
(212, 196, 30314)
(212, 22, 27406)
(212, 166, 10874)
(212, 112, 7681)
(212, 145, 1151)
(212, 24, 41167)
(212, 40, 35225)
(212, 81, 34352)
(212, 99, 893)
(212, 83, 26876)
(212, 107, 6845)
(212, 189, 26719)
(212, 187, 3929)
(212, 94, 1460)
(212, 34, 34111)
(212, 163, 6891)
(212, 170, 39362)
(212, 191, 32400)
(212, 151, 23778)
(212, 117, 19090)
(212, 136, 16127)
(212, 48, 43653)
(212, 7, 14491)
(212, 161, 11886)
(212, 113, 15581)
(212, 43, 39514)
(212, 53, 28120)
(212, 159, 23823)
(212, 61, 26533)
(212, 103, 29752)
(212, 171, 22390)
(212, 165, 14421)
(212, 194, 29203)
(212, 182, 17998)
(212, 128, 26149)
(212, 88, 36734)
(212, 42, 39031)
(212, 139, 31599)
(212, 90, 18966)
(213, 100, 23783)
(213, 106, 13771)
(213, 27, 4846)
(213, 71, 32276)
(213, 26, 5323)
(213, 174, 39485)
(213, 16, 6491)
(213, 191, 34824)
(213, 193, 11919)
(213, 22, 40330)
(213, 65, 42125)
(213, 131, 6455)
(213, 39, 14031)
(213, 199, 33616)
(213, 187, 10509)
(213, 80, 27283)
(213, 86, 5657)
(213, 21, 34448)
(213, 57, 43395)
(213, 75, 1127)
(213, 207, 16185)
(213, 61, 41455)
(213, 205, 34864)
(213, 140, 22419)
(213, 72, 15465)
(213, 3, 13444)
(213, 190, 13586)
(213, 164, 30696)
(213, 134, 32303)
(213, 167, 6181)
(213, 0, 9358)
(213, 31, 23348)
(213, 13, 22722)
(213, 85, 34999)
(213, 159, 35532)
(213, 145, 37413)
(213, 112, 27852)
(213, 92, 31384)
(213, 70, 12926)
(213, 68, 27276)
(213, 176, 37622)
(213, 195, 18513)
(213, 29, 19359)
(213, 25, 23906)
(213, 53, 22870)
(213, 209, 20991)
(213, 101, 156)
(213, 155, 19155)
(213, 157, 41493)
(213, 177, 7069)
(213, 62, 32746)
(213, 186, 40643)
(213, 19, 9483)
(213, 175, 19351)
(213, 194, 12443)
(213, 181, 37938)
(213, 102, 24534)
(213, 162, 44366)
(213, 147, 13798)
(213, 14, 42569)
(213, 40, 27733)
(213, 89, 39274)
(213, 172, 33628)
(213, 90, 41135)
(213, 36, 2891)
(213, 136, 42047)
(213, 150, 15340)
(213, 5, 41359)
(213, 49, 14106)
(213, 91, 26633)
(213, 198, 30285)
(213, 43, 11160)
(213, 135, 20404)
(213, 142, 15771)
(213, 18, 12663)
(213, 30, 14469)
(213, 188, 22008)
(213, 6, 4044)
(213, 210, 1630)
(213, 113, 2512)
(213, 149, 31219)
(213, 130, 697)
(213, 202, 32900)
(213, 156, 33145)
(213, 8, 31132)
(213, 50, 22121)
(213, 24, 31881)
(213, 125, 10521)
(213, 206, 42302)
(213, 83, 44199)
(213, 37, 13159)
(213, 58, 3938)
(213, 48, 33057)
(213, 182, 29098)
(213, 23, 34298)
(213, 160, 43988)
(213, 171, 3581)
(213, 73, 20040)
(213, 111, 7953)
(213, 45, 14105)
(213, 51, 35152)
(213, 95, 5331)
(213, 99, 43266)
(213, 184, 7860)
(213, 120, 4433)
(213, 180, 20072)
(213, 116, 12917)
(213, 158, 14778)
(213, 34, 39526)
(213, 42, 19503)
(213, 32, 37790)
(213, 117, 21885)
(213, 141, 7341)
(213, 104, 20376)
(213, 1, 40324)
(213, 9, 42880)
(213, 4, 29278)
(213, 17, 28958)
(213, 183, 26271)
(213, 196, 19511)
(213, 132, 29133)
(213, 115, 14724)
(213, 12, 2140)
(213, 138, 11644)
(213, 107, 14218)
(213, 10, 5432)
(213, 78, 22075)
(213, 55, 34453)
(213, 123, 36954)
(213, 211, 23044)
(213, 47, 32607)
(213, 20, 17405)
(213, 93, 20804)
(213, 66, 20828)
(213, 137, 7927)
(213, 118, 40197)
(213, 33, 34006)
(213, 94, 33501)
(213, 178, 26966)
(213, 144, 15418)
(213, 169, 24275)
(213, 201, 38840)
(213, 59, 26361)
(213, 154, 33226)
(213, 81, 4372)
(213, 119, 19166)
(213, 60, 32177)
(213, 122, 27415)
(213, 44, 15013)
(213, 97, 26608)
(213, 151, 11217)
(213, 84, 1205)
(213, 127, 35901)
(213, 110, 31710)
(213, 11, 7053)
(213, 77, 9971)
(213, 28, 20519)
(213, 179, 1799)
(213, 74, 37763)
(213, 105, 22539)
(213, 38, 32412)
(213, 109, 15028)
(213, 121, 12791)
(213, 170, 38355)
(213, 133, 28903)
(213, 2, 31302)
(213, 79, 2954)
(214, 173, 349)
(214, 94, 41726)
(214, 122, 3050)
(214, 3, 962)
(214, 158, 31674)
(214, 191, 20998)
(214, 211, 28492)
(214, 99, 32658)
(214, 53, 1589)
(214, 58, 43545)
(214, 69, 1644)
(214, 96, 31423)
(214, 108, 967)
(214, 65, 30589)
(214, 60, 9253)
(214, 1, 38083)
(214, 176, 13495)
(214, 27, 26171)
(214, 118, 4895)
(214, 178, 34430)
(214, 78, 16228)
(214, 19, 202)
(214, 198, 8279)
(214, 127, 23646)
(214, 87, 31952)
(214, 172, 31577)
(214, 180, 16923)
(214, 79, 23090)
(214, 131, 23602)
(214, 31, 42037)
(214, 177, 38681)
(214, 114, 12147)
(214, 16, 27047)
(214, 182, 13348)
(214, 157, 36366)
(214, 174, 23692)
(214, 130, 26505)
(214, 205, 23941)
(214, 105, 36955)
(214, 124, 16353)
(214, 169, 2740)
(214, 110, 1424)
(214, 83, 19238)
(214, 41, 17795)
(214, 13, 11083)
(214, 42, 32850)
(214, 146, 113)
(214, 204, 15298)
(214, 123, 41740)
(214, 10, 23623)
(214, 62, 37828)
(214, 0, 43258)
(214, 140, 8164)
(214, 98, 3135)
(214, 46, 36436)
(214, 139, 6464)
(214, 109, 5435)
(214, 116, 40719)
(214, 164, 14049)
(214, 68, 804)
(214, 148, 27592)
(214, 74, 43937)
(214, 52, 6384)
(214, 77, 20434)
(214, 86, 139)
(214, 138, 7654)
(214, 210, 33356)
(214, 156, 17420)
(214, 189, 42532)
(214, 181, 43640)
(214, 45, 4637)
(214, 37, 38645)
(214, 194, 28519)
(214, 72, 11995)
(214, 92, 1312)
(214, 47, 9013)
(214, 17, 26491)
(214, 20, 18903)
(214, 64, 40474)
(214, 141, 26309)
(214, 126, 30419)
(214, 12, 148)
(215, 212, 37350)
(215, 206, 14818)
(215, 214, 26370)
(215, 155, 20292)
(215, 58, 16505)
(215, 45, 11338)
(215, 94, 30603)
(215, 213, 5502)
(215, 55, 43144)
(215, 172, 28229)
(215, 9, 5042)
(215, 207, 9826)
(215, 93, 2974)
(215, 122, 32388)
(215, 128, 17540)
(215, 160, 13890)
(215, 149, 5864)
(215, 195, 29999)
(215, 152, 9361)
(215, 180, 1019)
(215, 191, 25828)
(215, 48, 445)
(215, 110, 36747)
(215, 51, 9032)
(215, 109, 3691)
(215, 20, 30335)
(215, 26, 37988)
(215, 203, 32719)
(215, 22, 4009)
(215, 159, 23116)
(215, 28, 13239)
(215, 125, 36440)
(215, 184, 13797)
(215, 57, 23326)
(215, 204, 6813)
(215, 59, 2145)
(215, 144, 29245)
(215, 62, 16059)
(215, 14, 3837)
(215, 148, 12910)
(215, 35, 34373)
(215, 197, 36434)
(215, 168, 38804)
(215, 147, 29017)
(215, 15, 5274)
(215, 0, 31844)
(215, 174, 16669)
(215, 54, 14235)
(215, 68, 8511)
(215, 8, 15819)
(215, 4, 28286)
(215, 112, 14970)
(215, 78, 27149)
(215, 21, 26796)
(215, 192, 31014)
(215, 188, 13392)
(215, 85, 30192)
(215, 124, 32217)
(215, 162, 5564)
(215, 88, 3716)
(215, 37, 28123)
(215, 163, 40202)
(215, 176, 11549)
(215, 115, 35960)
(215, 131, 38477)
(215, 208, 14053)
(215, 32, 16852)
(215, 53, 19849)
(215, 73, 28341)
(215, 167, 40025)
(215, 36, 34746)
(215, 13, 13569)
(215, 140, 19107)
(215, 77, 21536)
(215, 185, 8094)
(215, 44, 7518)
(215, 138, 21652)
(215, 150, 29791)
(215, 10, 3991)
(215, 56, 13244)
(215, 141, 32019)
(215, 202, 17515)
(215, 170, 18029)
(215, 38, 16012)
(215, 196, 27225)
(215, 136, 1520)
(215, 60, 17058)
(215, 79, 21873)
(215, 40, 16339)
(215, 158, 1265)
(215, 81, 37270)
(215, 11, 35636)
(215, 107, 13261)
(215, 117, 7313)
(215, 86, 13599)
(215, 98, 5766)
(215, 183, 26956)
(215, 181, 25795)
(215, 70, 40774)
(215, 177, 32104)
(215, 46, 9838)
(215, 132, 24834)
(215, 135, 25629)
(215, 113, 43005)
(215, 25, 42349)
(215, 156, 17331)
(215, 164, 31320)
(215, 24, 2389)
(215, 171, 40138)
(215, 75, 26046)
(215, 18, 13830)
(215, 145, 16835)
(215, 104, 32663)
(215, 76, 25616)
(215, 69, 21612)
(215, 52, 23801)
(215, 199, 6919)
(215, 83, 22316)
(215, 129, 14056)
(215, 161, 43340)
(215, 5, 9849)
(215, 169, 9327)
(215, 42, 14839)
(215, 47, 26765)
(215, 179, 37769)
(215, 142, 36364)
(215, 118, 9520)
(215, 100, 1602)
(215, 130, 29088)
(216, 34, 4446)
(216, 92, 15879)
(216, 137, 22933)
(216, 146, 42773)
(216, 87, 26987)
(216, 4, 37178)
(216, 136, 604)
(216, 126, 29213)
(216, 210, 43373)
(216, 53, 37471)
(216, 129, 19242)
(216, 41, 11386)
(216, 78, 38618)
(216, 40, 12941)
(216, 199, 43546)
(216, 206, 11798)
(216, 57, 1741)
(216, 44, 25495)
(216, 99, 42193)
(216, 69, 1384)
(216, 74, 19327)
(216, 158, 8312)
(216, 37, 12196)
(216, 65, 17544)
(216, 94, 22788)
(216, 109, 32725)
(216, 5, 36687)
(216, 188, 35044)
(216, 179, 30150)
(216, 156, 26013)
(216, 39, 27209)
(216, 56, 5489)
(216, 82, 41380)
(216, 16, 3886)
(216, 118, 871)
(216, 54, 33676)
(216, 203, 41379)
(216, 204, 8238)
(216, 121, 12367)
(216, 182, 28082)
(216, 77, 37077)
(216, 169, 14071)
(216, 27, 30248)
(216, 52, 40711)
(216, 90, 44222)
(216, 108, 32927)
(216, 15, 16763)
(216, 14, 10618)
(216, 168, 5230)
(216, 175, 37501)
(216, 134, 15112)
(216, 100, 25326)
(216, 106, 35363)
(216, 2, 41801)
(216, 184, 20737)
(216, 20, 34947)
(216, 194, 9705)
(216, 151, 37578)
(216, 154, 11725)
(216, 98, 40001)
(216, 159, 2941)
(216, 162, 44110)
(216, 7, 18634)
(216, 163, 14293)
(216, 145, 9573)
(216, 196, 43923)
(216, 19, 39493)
(216, 66, 35664)
(216, 138, 564)
(216, 161, 15626)
(216, 123, 34581)
(216, 89, 22732)
(216, 150, 31247)
(216, 24, 41738)
(216, 62, 41530)
(216, 157, 16224)
(216, 11, 25809)
(216, 181, 35677)
(216, 81, 41169)
(216, 46, 15624)
(216, 167, 29507)
(216, 176, 4194)
(216, 191, 21517)
(216, 85, 8613)
(216, 3, 12741)
(216, 135, 21601)
(216, 25, 16506)
(216, 173, 18264)
(216, 23, 17366)
(216, 59, 36582)
(216, 26, 13893)
(216, 130, 29136)
(216, 96, 22813)
(216, 51, 24624)
(216, 32, 41205)
(216, 61, 42987)
(216, 166, 2735)
(216, 190, 29092)
(216, 105, 1725)
(216, 149, 4289)
(216, 49, 1989)
(216, 212, 8426)
(216, 180, 24546)
(216, 140, 42135)
(216, 35, 18865)
(216, 202, 8002)
(216, 211, 25657)
(216, 31, 39823)
(216, 50, 12115)
(217, 75, 15177)
(217, 14, 18880)
(217, 20, 33936)
(217, 50, 30086)
(217, 0, 2195)
(217, 12, 15378)
(217, 54, 10476)
(217, 37, 7544)
(217, 84, 31147)
(217, 189, 15577)
(217, 48, 34784)
(217, 144, 9674)
(217, 35, 36592)
(217, 70, 24112)
(217, 116, 23442)
(217, 4, 16518)
(217, 127, 2990)
(217, 134, 784)
(217, 62, 6966)
(217, 132, 17567)
(217, 152, 25284)
(217, 118, 3336)
(217, 175, 30740)
(217, 108, 24008)
(217, 46, 5999)
(217, 105, 40288)
(217, 207, 1119)
(217, 213, 26831)
(217, 211, 40365)
(217, 29, 19641)
(217, 148, 11174)
(217, 59, 42787)
(217, 182, 26515)
(217, 150, 33332)
(217, 94, 1168)
(217, 41, 25892)
(217, 63, 19910)
(217, 200, 31103)
(217, 42, 23218)
(217, 170, 31387)
(217, 67, 3014)
(217, 27, 1367)
(217, 69, 4996)
(217, 10, 10905)
(217, 49, 25925)
(217, 87, 6289)
(217, 31, 1663)
(217, 215, 323)
(217, 208, 43294)
(217, 1, 4801)
(217, 100, 26481)
(218, 142, 11311)
(218, 103, 21423)
(218, 60, 11121)
(218, 134, 24842)
(218, 206, 25008)
(218, 62, 411)
(218, 38, 43816)
(218, 136, 6434)
(218, 156, 12803)
(218, 214, 3003)
(218, 101, 37926)
(218, 215, 28871)
(218, 205, 10305)
(218, 61, 30923)
(218, 132, 33187)
(218, 33, 30237)
(218, 167, 364)
(218, 5, 2856)
(218, 193, 22183)
(218, 153, 37360)
(218, 151, 15401)
(218, 74, 5929)
(218, 112, 38627)
(218, 121, 40334)
(218, 99, 13433)
(218, 1, 27461)
(218, 89, 29045)
(218, 49, 7696)
(218, 51, 16111)
(218, 107, 38742)
(218, 45, 32382)
(218, 174, 30099)
(218, 129, 26466)
(218, 211, 5525)
(218, 204, 2016)
(218, 34, 3026)
(218, 207, 39933)
(218, 185, 4725)
(218, 30, 37922)
(218, 186, 17918)
(218, 18, 35122)
(218, 149, 23230)
(218, 146, 15422)
(218, 72, 24308)
(218, 194, 2244)
(218, 35, 32427)
(218, 138, 26829)
(218, 31, 40544)
(218, 27, 506)
(218, 21, 11019)
(218, 91, 30507)
(218, 100, 41000)
(218, 65, 30042)
(218, 10, 5394)
(218, 36, 37873)
(218, 180, 16057)
(218, 140, 23489)
(218, 90, 7422)
(218, 209, 27509)
(218, 147, 3795)
(218, 81, 23433)
(218, 19, 42287)
(218, 8, 26875)
(218, 92, 21449)
(218, 47, 13720)
(219, 196, 11289)
(219, 142, 22729)
(219, 207, 33866)
(219, 5, 43912)
(219, 44, 21611)
(219, 135, 24978)
(219, 88, 24799)
(219, 182, 27330)
(219, 156, 41490)
(219, 173, 18481)
(219, 35, 14766)
(219, 119, 3165)
(219, 145, 5961)
(219, 43, 8600)
(219, 120, 1801)
(219, 133, 1560)
(219, 187, 8865)
(219, 96, 24487)
(219, 215, 18636)
(219, 98, 36771)
(219, 169, 29453)
(219, 109, 5748)
(219, 57, 31368)
(219, 131, 14852)
(219, 9, 29629)
(219, 103, 44398)
(219, 8, 12191)
(219, 200, 15893)
(219, 160, 28173)
(219, 130, 7592)
(219, 190, 3550)
(219, 13, 1503)
(219, 105, 33198)
(219, 48, 38577)
(219, 55, 21794)
(219, 20, 32684)
(219, 113, 23552)
(219, 179, 25878)
(219, 209, 172)
(219, 70, 20312)
(219, 61, 11093)
(219, 177, 11052)
(219, 128, 11163)
(219, 32, 28854)
(219, 132, 5658)
(219, 121, 38987)
(219, 33, 39877)
(219, 104, 16488)
(219, 185, 42453)
(219, 124, 24285)
(219, 49, 29059)
(219, 85, 17959)
(219, 31, 27810)
(219, 38, 32942)
(219, 136, 29305)
(219, 141, 16421)
(219, 155, 35931)
(219, 144, 42863)
(219, 189, 42657)
(219, 58, 22538)
(219, 176, 11422)
(219, 86, 21660)
(219, 191, 29979)
(219, 64, 16014)
(219, 99, 27630)
(219, 108, 34446)
(219, 195, 40941)
(219, 138, 39593)
(219, 123, 38269)
(219, 206, 16058)
(219, 150, 18396)
(219, 111, 41376)
(219, 170, 26246)
(219, 75, 12024)
(219, 94, 20593)
(219, 147, 41962)
(219, 106, 41555)
(219, 181, 25293)
(219, 4, 33206)
(219, 25, 30404)
(219, 175, 9932)
(219, 50, 2778)
(219, 53, 8302)
(219, 81, 3378)
(219, 129, 23509)
(219, 51, 10594)
(219, 76, 8632)
(219, 199, 24823)
(219, 93, 17799)
(219, 218, 19586)
(219, 71, 947)
(219, 60, 43085)
(219, 186, 2958)
(219, 213, 11676)
(219, 95, 3735)
(219, 67, 34131)
(219, 26, 9348)
(219, 17, 44190)
(219, 0, 17517)
(219, 18, 7562)
(219, 212, 15183)
(219, 97, 34622)
(219, 7, 40927)
(219, 203, 33880)
(219, 28, 18487)
(219, 65, 41306)
(219, 168, 5676)
(219, 171, 42624)
(219, 87, 36654)
(219, 172, 12452)
(219, 158, 25199)
(219, 22, 36350)
(219, 117, 1715)
(219, 79, 29975)
(219, 139, 6327)
(219, 197, 11455)
(219, 78, 38520)
(219, 92, 33298)
(219, 204, 18592)
(219, 193, 35753)
(219, 183, 36104)
(219, 112, 34932)
(219, 214, 41523)
(219, 154, 8159)
(219, 41, 298)
(219, 159, 36493)
(219, 134, 10479)
(219, 56, 15735)
(219, 73, 37658)
(219, 52, 13151)
(219, 83, 16668)
(219, 63, 7912)
(219, 36, 44283)
(219, 164, 32591)
(219, 208, 4923)
(219, 42, 18890)
(219, 74, 16945)
(219, 12, 38861)
(219, 161, 24659)
(219, 201, 5384)
(219, 188, 4994)
(219, 19, 1386)
(219, 114, 3955)
(219, 16, 29337)
(219, 194, 14423)
(219, 205, 6952)
(219, 127, 32916)
(219, 59, 18331)
(219, 45, 43444)
(219, 118, 34623)
(219, 146, 17191)
(219, 184, 41736)
(219, 143, 31436)
(219, 69, 44312)
(219, 84, 8195)
(219, 153, 7124)
(219, 102, 24304)
(219, 174, 31366)
(219, 198, 10083)
(219, 54, 19196)
(219, 34, 29526)
(219, 180, 25019)
(219, 149, 17802)
(219, 165, 25713)
(220, 53, 38074)
(220, 18, 37714)
(220, 3, 1395)
(220, 92, 35478)
(220, 99, 37765)
(220, 163, 28248)
(220, 56, 26974)
(220, 206, 24455)
(220, 148, 25983)
(220, 140, 32121)
(220, 134, 1028)
(220, 151, 4231)
(220, 75, 24418)
(220, 185, 29022)
(220, 24, 27800)
(220, 190, 33626)
(220, 157, 10135)
(220, 121, 3923)
(220, 62, 26018)
(220, 188, 7232)
(220, 167, 33871)
(220, 88, 34509)
(220, 84, 40203)
(220, 37, 41518)
(220, 201, 19899)
(220, 187, 29938)
(220, 183, 16060)
(220, 108, 19530)
(220, 36, 39221)
(220, 159, 15701)
(220, 103, 43425)
(220, 115, 16330)
(220, 77, 27886)
(220, 136, 38666)
(220, 94, 18106)
(220, 90, 20969)
(220, 11, 34438)
(220, 19, 35359)
(220, 41, 20219)
(220, 189, 20146)
(220, 45, 29283)
(220, 120, 2254)
(220, 205, 5886)
(220, 142, 23134)
(220, 67, 22290)
(220, 16, 36612)
(220, 213, 38807)
(220, 130, 43913)
(220, 8, 20079)
(221, 162, 38029)
(221, 93, 16908)
(221, 44, 41018)
(221, 70, 28574)
(221, 137, 41204)
(221, 146, 21325)
(221, 101, 2472)
(221, 59, 30966)
(221, 128, 38793)
(221, 61, 36430)
(221, 197, 37351)
(221, 174, 27132)
(221, 150, 14011)
(221, 203, 2223)
(221, 178, 11484)
(221, 206, 8407)
(221, 51, 8201)
(221, 99, 21968)
(221, 35, 12984)
(221, 177, 33683)
(221, 13, 26682)
(221, 57, 32810)
(221, 158, 10189)
(222, 40, 17409)
(222, 43, 31692)
(222, 68, 5344)
(222, 140, 19093)
(222, 56, 31640)
(222, 177, 17375)
(222, 214, 18074)
(222, 132, 32954)
(222, 5, 1166)
(222, 122, 13662)
(222, 66, 20915)
(222, 159, 12354)
(222, 113, 35449)
(222, 217, 15790)
(222, 37, 9086)
(222, 205, 11673)
(222, 115, 29239)
(222, 17, 11347)
(222, 199, 12121)
(222, 13, 34624)
(222, 164, 12709)
(222, 103, 30536)
(222, 131, 29520)
(222, 52, 41992)
(222, 181, 21358)
(222, 87, 5369)
(222, 211, 33274)
(222, 166, 43778)
(222, 90, 3629)
(222, 49, 9591)
(222, 136, 24950)
(222, 158, 9116)
(222, 210, 3441)
(222, 107, 13686)
(222, 28, 3154)
(222, 174, 28778)
(222, 167, 30552)
(222, 69, 2526)
(222, 220, 15080)
(222, 175, 31416)
(222, 45, 39687)
(222, 31, 24271)
(222, 183, 17116)
(222, 117, 13161)
(222, 58, 35150)
(222, 41, 19623)
(222, 123, 37832)
(222, 118, 5536)
(222, 135, 9643)
(222, 101, 16761)
(222, 61, 28545)
(222, 154, 32813)
(222, 188, 19174)
(222, 78, 28952)
(222, 201, 20032)
(222, 193, 3032)
(222, 48, 3179)
(222, 129, 2246)
(222, 46, 27807)
(222, 4, 2447)
(222, 51, 29569)
(222, 219, 42744)
(222, 127, 10040)
(222, 34, 41531)
(223, 119, 9180)
(223, 83, 4856)
(223, 217, 7943)
(223, 197, 27003)
(223, 143, 24226)
(223, 123, 31851)
(223, 165, 43307)
(223, 130, 13011)
(223, 12, 1201)
(223, 111, 6531)
(223, 191, 16721)
(223, 101, 33076)
(223, 105, 6088)
(223, 97, 5716)
(223, 117, 36742)
(223, 9, 38673)
(223, 107, 20466)
(223, 46, 26388)
(223, 127, 33227)
(223, 21, 33267)
(223, 100, 8735)
(223, 182, 12916)
(223, 99, 42460)
(223, 4, 17098)
(223, 138, 7040)
(223, 33, 5457)
(223, 166, 18847)
(223, 186, 21753)
(223, 41, 29521)
(223, 177, 42436)
(223, 214, 16103)
(223, 40, 23527)
(223, 45, 26147)
(223, 181, 16118)
(223, 110, 14022)
(223, 38, 20535)
(223, 79, 25344)
(223, 142, 849)
(223, 154, 8215)
(223, 175, 9316)
(223, 159, 37940)
(223, 147, 42016)
(223, 149, 43643)
(223, 134, 43374)
(223, 129, 21916)
(223, 206, 35581)
(223, 3, 27986)
(223, 84, 43387)
(223, 49, 2434)
(223, 91, 25707)
(223, 194, 40280)
(223, 20, 8472)
(223, 2, 34714)
(223, 203, 38351)
(223, 50, 5228)
(223, 47, 32078)
(223, 61, 39544)
(223, 133, 19639)
(223, 74, 23144)
(223, 44, 22115)
(223, 185, 7586)
(223, 145, 19678)
(223, 172, 20286)
(223, 106, 5444)
(223, 66, 19742)
(223, 55, 30653)
(223, 187, 23469)
(223, 96, 31805)
(223, 32, 25251)
(223, 92, 35989)
(223, 122, 19130)
(223, 67, 32480)
(223, 173, 40874)
(223, 26, 4677)
(223, 112, 20333)
(223, 212, 14251)
(223, 205, 42857)
(223, 195, 27230)
(223, 6, 31156)
(223, 8, 6651)
(223, 82, 41458)
(223, 161, 38676)
(223, 81, 97)
(223, 70, 31201)
(223, 28, 38877)
(223, 11, 24228)
(223, 158, 3962)
(223, 35, 29628)
(223, 144, 36155)
(223, 14, 40514)
(223, 150, 35177)
(223, 10, 41539)
(223, 76, 23659)
(223, 216, 13726)
(223, 169, 43179)
(223, 204, 472)
(223, 62, 17388)
(223, 25, 9777)
(223, 184, 14871)
(223, 71, 541)
(223, 104, 42121)
(223, 65, 6835)
(223, 54, 16617)
(223, 15, 2981)
(223, 37, 40199)
(223, 64, 39839)
(223, 162, 6283)
(223, 94, 15884)
(223, 73, 22304)
(223, 109, 24732)
(223, 98, 4542)
(223, 88, 36992)
(223, 141, 3827)
(223, 69, 30721)
(223, 27, 11237)
(223, 22, 11361)
(223, 213, 36642)
(223, 103, 20087)
(223, 5, 33082)
(223, 160, 8891)
(223, 86, 30147)
(223, 179, 26313)
(223, 192, 8114)
(223, 68, 28467)
(223, 19, 31355)
(223, 215, 13364)
(223, 183, 1754)
(223, 108, 39090)
(223, 57, 17610)
(223, 180, 16605)
(223, 93, 32182)
(223, 190, 1290)
(223, 135, 23208)
(223, 90, 31918)
(223, 114, 9352)
(223, 178, 15536)
(224, 75, 15239)
(224, 134, 40264)
(225, 93, 40131)
(225, 17, 27066)
(225, 58, 16651)
(225, 218, 6261)
(225, 209, 15111)
(225, 222, 3288)
(225, 49, 23678)
(225, 76, 36882)
(225, 11, 1462)
(225, 104, 42551)
(225, 40, 13402)
(225, 197, 27819)
(225, 169, 15708)
(225, 170, 13284)
(225, 220, 2492)
(225, 152, 2923)
(225, 217, 33066)
(225, 74, 6008)
(225, 186, 27715)
(225, 154, 13397)
(225, 200, 20299)
(225, 198, 33714)
(225, 90, 4085)
(225, 178, 7982)
(225, 221, 21574)
(225, 108, 35110)
(225, 15, 17718)
(225, 168, 27114)
(225, 133, 40175)
(225, 52, 23283)
(225, 177, 35638)
(225, 33, 40038)
(225, 214, 16232)
(225, 71, 2400)
(225, 185, 29764)
(225, 192, 32296)
(225, 12, 35628)
(225, 138, 3790)
(225, 180, 23862)
(225, 55, 40455)
(225, 190, 32044)
(225, 118, 38267)
(225, 167, 14149)
(225, 196, 42563)
(225, 73, 28326)
(225, 60, 24532)
(225, 219, 25487)
(225, 110, 18904)
(225, 2, 28394)
(225, 143, 24120)
(225, 119, 9968)
(225, 84, 8591)
(225, 145, 41206)
(225, 191, 30689)
(225, 149, 34869)
(225, 139, 14355)
(225, 150, 5060)
(225, 25, 15219)
(225, 106, 17858)
(225, 88, 10867)
(225, 171, 13889)
(225, 162, 25136)
(225, 85, 15191)
(225, 92, 12455)
(225, 98, 23759)
(225, 187, 32361)
(225, 19, 44091)
(225, 101, 2682)
(225, 161, 12249)
(225, 166, 33945)
(225, 164, 908)
(225, 62, 44226)
(225, 42, 4378)
(225, 44, 5176)
(225, 135, 42176)
(225, 205, 12750)
(225, 56, 37476)
(225, 24, 20977)
(225, 65, 18801)
(225, 77, 5160)
(225, 212, 10828)
(225, 208, 35780)
(225, 204, 38573)
(225, 211, 38136)
(225, 188, 22447)
(225, 87, 291)
(225, 91, 10860)
(225, 50, 22396)
(225, 142, 23206)
(225, 117, 23744)
(225, 126, 33106)
(225, 95, 20103)
(225, 127, 12634)
(225, 163, 9038)
(225, 94, 35557)
(225, 158, 42646)
(225, 9, 8045)
(225, 114, 41655)
(225, 121, 4695)
(225, 146, 37247)
(225, 97, 24152)
(225, 111, 40574)
(225, 14, 10839)
(225, 100, 39909)
(225, 32, 34241)
(225, 78, 32685)
(225, 224, 9550)
(225, 172, 22511)
(225, 207, 10743)
(225, 36, 34398)
(225, 3, 30786)
(225, 199, 8492)
(225, 125, 27473)
(225, 4, 37155)
(225, 81, 5731)
(225, 206, 1540)
(225, 189, 39292)
(225, 134, 28119)
(225, 174, 18732)
(225, 195, 10738)
(225, 34, 5632)
(225, 7, 32183)
(225, 103, 13542)
(225, 51, 28193)
(225, 184, 43468)
(225, 13, 14154)
(225, 215, 21836)
(225, 96, 36171)
(225, 63, 29167)
(225, 175, 160)
(225, 183, 10301)
(225, 29, 6098)
(225, 173, 20152)
(225, 107, 15454)
(225, 39, 17712)
(225, 72, 18772)
(225, 26, 1256)
(225, 148, 13810)
(225, 157, 41495)
(225, 112, 26106)
(225, 137, 17715)
(225, 151, 21918)
(225, 79, 13934)
(225, 75, 22297)
(225, 28, 30818)
(225, 69, 32229)
(225, 10, 5453)
(225, 48, 5542)
(225, 132, 12274)
(225, 1, 11568)
(226, 29, 21352)
(226, 225, 24298)
(226, 173, 16613)
(226, 154, 24194)
(226, 195, 3712)
(226, 164, 30901)
(226, 178, 11997)
(226, 15, 10756)
(226, 72, 25911)
(226, 171, 16937)
(226, 199, 21933)
(226, 4, 1932)
(226, 47, 17973)
(226, 189, 36780)
(226, 40, 24295)
(226, 44, 18193)
(226, 113, 23495)
(226, 123, 24741)
(226, 126, 12282)
(226, 207, 7935)
(226, 64, 42592)
(226, 141, 12584)
(226, 25, 5358)
(226, 69, 8605)
(226, 194, 41498)
(226, 193, 2822)
(226, 220, 36028)
(226, 209, 29913)
(226, 83, 22166)
(226, 149, 24060)
(226, 188, 29135)
(226, 28, 35246)
(226, 34, 41548)
(226, 156, 35533)
(226, 214, 25706)
(226, 112, 42509)
(226, 92, 37417)
(226, 202, 38739)
(226, 114, 26214)
(226, 37, 2733)
(226, 170, 3478)
(226, 218, 12867)
(226, 208, 15399)
(226, 35, 31902)
(226, 127, 12165)
(226, 107, 36975)
(226, 179, 10381)
(226, 95, 23165)
(226, 63, 129)
(226, 129, 460)
(226, 192, 16195)
(226, 145, 16073)
(226, 84, 22727)
(226, 80, 3607)
(226, 20, 29553)
(226, 39, 13960)
(226, 51, 4940)
(226, 32, 9818)
(226, 48, 10372)
(226, 167, 27738)
(226, 30, 40166)
(226, 70, 31472)
(226, 94, 30212)
(226, 132, 20456)
(226, 172, 43968)
(226, 161, 37567)
(226, 197, 5943)
(226, 41, 37760)
(226, 9, 25281)
(226, 87, 44134)
(226, 191, 39064)
(226, 153, 23249)
(226, 27, 41060)
(226, 10, 39631)
(226, 61, 32056)
(226, 36, 17725)
(226, 175, 7265)
(226, 86, 17683)
(226, 88, 15181)
(226, 152, 33323)
(226, 46, 40332)
(226, 215, 21177)
(226, 74, 23504)
(226, 177, 1030)
(226, 155, 13346)
(226, 8, 33054)
(226, 158, 14302)
(226, 200, 15495)
(226, 68, 25246)
(226, 169, 13470)
(226, 97, 25025)
(226, 22, 24319)
(226, 14, 7873)
(226, 76, 38004)
(226, 103, 11669)
(226, 198, 32986)
(226, 135, 34086)
(226, 12, 27454)
(226, 117, 20956)
(226, 205, 31069)
(226, 13, 12940)
(226, 52, 20100)
(226, 181, 3668)
(226, 201, 33724)
(226, 7, 26051)
(226, 138, 8202)
(226, 119, 40987)
(226, 118, 30463)
(226, 166, 9562)
(226, 144, 15416)
(226, 120, 8121)
(226, 18, 42848)
(226, 102, 7376)
(226, 216, 41408)
(226, 93, 19313)
(226, 106, 38617)
(226, 2, 11288)
(226, 139, 8860)
(226, 3, 9058)
(226, 185, 35222)
(226, 71, 23925)
(226, 108, 32335)
(226, 176, 19681)
(226, 60, 24720)
(226, 82, 16702)
(226, 140, 26200)
(226, 203, 19016)
(226, 54, 43114)
(226, 147, 1211)
(226, 100, 24477)
(226, 116, 28737)
(226, 58, 37470)
(226, 104, 24728)
(226, 81, 40937)
(226, 21, 24619)
(226, 142, 20860)
(226, 165, 40833)
(226, 43, 44295)
(226, 24, 36354)
(226, 211, 29562)
(226, 110, 16941)
(226, 221, 15881)
(226, 143, 30019)
(226, 50, 5883)
(226, 90, 35240)
(226, 66, 29806)
(226, 134, 30926)
(226, 57, 33632)
(226, 190, 24292)
(226, 115, 27564)
(226, 130, 43768)
(226, 219, 14061)
(226, 75, 29324)
(226, 121, 1681)
(226, 77, 36109)
(226, 131, 9322)
(226, 150, 11667)
(226, 125, 25028)
(226, 174, 20218)
(226, 159, 12949)
(226, 55, 15636)
(226, 133, 43819)
(226, 148, 8455)
(226, 73, 12099)
(226, 59, 26385)
(226, 162, 18447)
(226, 210, 26170)
(226, 206, 40620)
(226, 33, 17991)
(226, 105, 36245)
(226, 163, 1306)
(226, 204, 28915)
(226, 212, 24460)
(226, 137, 27929)
(226, 19, 27088)
(226, 223, 21353)
(226, 111, 31564)
(226, 78, 27156)
(226, 124, 23575)
(226, 45, 27177)
(226, 224, 30596)
(226, 196, 14083)
(226, 16, 30599)
(226, 89, 8766)
(226, 151, 38289)
(226, 96, 28694)
(226, 160, 14670)
(226, 136, 39945)
(226, 79, 2199)
(226, 128, 36987)
(226, 168, 12925)
(226, 62, 37768)
(226, 91, 5851)
(226, 109, 37815)
(226, 26, 13194)
(226, 5, 29967)
(226, 49, 29085)
(226, 146, 40569)
(226, 186, 43162)
(226, 11, 10114)
(226, 157, 35887)
(226, 122, 18584)
(226, 182, 28912)
(226, 213, 26982)
(226, 65, 29221)
(226, 217, 34215)
(226, 183, 2729)
(226, 42, 44316)
(226, 53, 40998)
(226, 99, 36935)
(227, 94, 2940)
(227, 27, 40152)
(227, 32, 3750)
(227, 130, 37718)
(227, 89, 1739)
(227, 187, 9875)
(227, 212, 16636)
(227, 64, 27975)
(227, 164, 2222)
(227, 35, 20232)
(227, 47, 14219)
(227, 106, 10579)
(227, 148, 10368)
(227, 71, 22040)
(227, 225, 22373)
(227, 2, 26800)
(227, 218, 35624)
(227, 48, 24458)
(227, 16, 37390)
(227, 98, 32835)
(227, 194, 29185)
(227, 45, 21010)
(227, 222, 28416)
(227, 55, 9502)
(227, 132, 29270)
(227, 189, 20897)
(227, 121, 18775)
(227, 6, 33928)
(227, 68, 2545)
(227, 177, 43833)
(227, 93, 21643)
(227, 134, 8982)
(227, 95, 14817)
(227, 162, 15973)
(227, 49, 18050)
(227, 165, 6388)
(227, 112, 32980)
(227, 207, 15315)
(227, 22, 8629)
(227, 97, 35536)
(227, 221, 18055)
(227, 181, 18641)
(227, 156, 9120)
(227, 43, 16301)
(227, 186, 32070)
(227, 56, 1213)
(227, 69, 22397)
(227, 91, 29041)
(227, 108, 38912)
(227, 21, 454)
(227, 125, 18579)
(227, 210, 42161)
(227, 65, 41316)
(227, 168, 6507)
(227, 215, 39614)
(227, 158, 42906)
(227, 113, 30275)
(227, 79, 39532)
(227, 191, 15262)
(227, 58, 27670)
(227, 176, 17506)
(227, 76, 12184)
(227, 29, 29050)
(227, 197, 34834)
(227, 110, 34576)
(227, 60, 2744)
(227, 82, 16536)
(227, 17, 27720)
(227, 70, 39258)
(227, 74, 6479)
(227, 131, 5578)
(227, 211, 18175)
(227, 61, 4670)
(227, 145, 37130)
(227, 111, 19158)
(227, 200, 12294)
(227, 28, 9896)
(227, 105, 4296)
(227, 50, 21490)
(227, 138, 10802)
(228, 22, 36261)
(228, 92, 5818)
(228, 169, 17862)
(228, 74, 32352)
(228, 205, 21515)
(228, 190, 15232)
(228, 55, 42171)
(228, 117, 35015)
(228, 183, 30451)
(228, 36, 21052)
(228, 16, 12096)
(228, 78, 30519)
(228, 213, 22937)
(228, 191, 1735)
(228, 174, 26411)
(228, 56, 18666)
(228, 118, 15420)
(228, 69, 35547)
(228, 199, 4191)
(228, 68, 5359)
(228, 214, 34432)
(229, 88, 9670)
(229, 65, 38922)
(229, 61, 41808)
(229, 58, 9024)
(229, 15, 21178)
(229, 106, 8981)
(229, 147, 28978)
(229, 122, 43316)
(229, 91, 14068)
(229, 201, 18581)
(229, 135, 33901)
(229, 197, 10009)
(229, 162, 17898)
(229, 30, 25313)
(229, 26, 41598)
(229, 174, 28555)
(229, 71, 37370)
(229, 123, 6990)
(229, 59, 13818)
(229, 214, 3816)
(229, 51, 236)
(229, 119, 21141)
(229, 10, 11888)
(229, 218, 33956)
(229, 24, 14936)
(229, 161, 37103)
(229, 57, 19282)
(229, 100, 30646)
(229, 175, 41760)
(229, 45, 19145)
(229, 36, 25966)
(229, 92, 34358)
(229, 34, 24969)
(229, 206, 20132)
(229, 200, 29445)
(229, 203, 16318)
(229, 169, 9805)
(229, 72, 10882)
(229, 37, 16675)
(229, 9, 4123)
(229, 192, 41198)
(229, 32, 34535)
(229, 153, 6547)
(229, 168, 9470)
(229, 150, 31251)
(229, 42, 22926)
(229, 82, 14930)
(229, 179, 10188)
(229, 114, 27405)
(229, 54, 5094)
(229, 28, 17836)
(229, 173, 39852)
(229, 216, 3836)
(229, 48, 36141)
(229, 90, 12724)
(229, 81, 3679)
(229, 198, 39832)
(229, 130, 9708)
(229, 115, 44032)
(229, 178, 44170)
(229, 79, 13243)
(229, 190, 14136)
(229, 189, 3586)
(229, 27, 5325)
(229, 5, 32848)
(229, 17, 23384)
(229, 93, 2093)
(229, 207, 21729)
(229, 3, 14480)
(229, 47, 41357)
(229, 33, 43130)
(229, 225, 775)
(229, 101, 20415)
(229, 151, 32213)
(229, 109, 37099)
(229, 4, 2095)
(229, 108, 11887)
(229, 7, 39917)
(229, 18, 21403)
(229, 157, 2459)
(229, 138, 44257)
(229, 46, 23771)
(229, 187, 8548)
(229, 84, 17189)
(229, 0, 9464)
(229, 94, 4518)
(229, 215, 41442)
(229, 143, 15109)
(229, 23, 31122)
(229, 95, 9232)
(229, 77, 36802)
(229, 131, 18491)
(229, 132, 8997)
(229, 1, 15128)
(229, 62, 14647)
(229, 85, 23325)
(229, 210, 9938)
(229, 120, 44383)
(229, 222, 44273)
(229, 70, 16561)
(229, 156, 21830)
(229, 137, 37614)
(229, 204, 14398)
(229, 228, 8967)
(229, 142, 41966)
(229, 78, 32766)
(229, 55, 11058)
(229, 194, 28931)
(229, 208, 7893)
(229, 20, 37233)
(229, 75, 21238)
(229, 38, 38242)
(229, 213, 9173)
(229, 209, 22096)
(229, 141, 11141)
(229, 166, 35625)
(229, 152, 19184)
(229, 140, 10957)
(229, 112, 24696)
(229, 221, 4408)
(229, 172, 22837)
(229, 127, 28358)
(229, 205, 4589)
(229, 97, 789)
(229, 35, 33222)
(229, 53, 40350)
(229, 163, 1967)
(229, 186, 43063)
(229, 219, 17428)
(229, 16, 12391)
(229, 110, 8172)
(229, 60, 10773)
(229, 155, 2635)
(229, 158, 8908)
(229, 113, 7593)
(229, 226, 3196)
(229, 83, 42115)
(229, 149, 6969)
(229, 145, 2350)
(229, 118, 43813)
(229, 125, 22502)
(229, 182, 14851)
(229, 49, 11662)
(229, 12, 13667)
(229, 227, 11615)
(229, 14, 41231)
(229, 211, 39392)
(229, 80, 626)
(229, 124, 19518)
(229, 126, 39436)
(229, 8, 20036)
(229, 89, 25444)
(229, 139, 7991)
(229, 146, 3169)
(229, 19, 1125)
(229, 144, 31939)
(229, 148, 40034)
(229, 191, 7647)
(229, 2, 42750)
(229, 188, 32549)
(229, 160, 39403)
(229, 195, 6353)
(229, 212, 17662)
(229, 69, 21044)
(229, 31, 3472)
(229, 74, 35770)
(229, 29, 29608)
(229, 56, 33420)
(229, 6, 16018)
(229, 117, 26914)
(229, 223, 26827)
(229, 107, 34981)
(229, 165, 33121)
(229, 66, 32586)
(229, 43, 39787)
(229, 171, 30207)
(229, 133, 8522)
(229, 121, 27331)
(229, 39, 26158)
(229, 167, 12613)
(229, 105, 33665)
(229, 67, 18457)
(229, 104, 20744)
(229, 217, 18493)
(229, 129, 2521)
(229, 102, 4723)
(229, 41, 10485)
(230, 161, 11905)
(230, 197, 7403)
(230, 102, 29406)
(230, 103, 22481)
(230, 39, 14796)
(230, 84, 4903)
(230, 173, 18843)
(230, 100, 39273)
(230, 151, 25715)
(230, 184, 19833)
(230, 46, 36169)
(230, 206, 8423)
(230, 217, 9273)
(230, 183, 9603)
(230, 54, 3950)
(230, 185, 24496)
(230, 125, 39533)
(230, 172, 23298)
(230, 218, 9192)
(230, 44, 42865)
(230, 177, 22559)
(230, 221, 4029)
(230, 187, 35347)
(230, 58, 12366)
(230, 201, 30982)
(230, 15, 28320)
(230, 148, 16208)
(230, 83, 26153)
(230, 135, 18043)
(230, 191, 16171)
(230, 193, 39757)
(230, 56, 30978)
(230, 69, 28557)
(230, 108, 21651)
(230, 7, 28163)
(230, 166, 1776)
(230, 107, 36718)
(230, 212, 15814)
(230, 163, 22626)
(230, 36, 30993)
(230, 164, 20579)
(230, 207, 31148)
(230, 57, 23733)
(230, 52, 41291)
(230, 81, 39511)
(230, 17, 36121)
(230, 94, 29888)
(230, 65, 10181)
(230, 59, 1032)
(230, 93, 19439)
(230, 186, 27913)
(230, 132, 16336)
(230, 113, 35561)
(230, 116, 8937)
(230, 67, 26927)
(230, 115, 28077)
(230, 190, 44026)
(230, 129, 3343)
(230, 1, 38366)
(230, 87, 33175)
(230, 41, 6929)
(230, 76, 43417)
(230, 122, 33983)
(230, 182, 30547)
(230, 121, 27268)
(230, 147, 17765)
(230, 181, 4312)
(230, 229, 28617)
(230, 112, 40074)
(230, 124, 14247)
(230, 85, 43966)
(230, 194, 17789)
(230, 11, 4793)
(230, 211, 11018)
(230, 33, 26355)
(230, 114, 3970)
(230, 167, 9466)
(230, 29, 38562)
(230, 157, 42869)
(230, 224, 42045)
(230, 225, 19504)
(230, 153, 4584)
(230, 144, 29854)
(230, 80, 1778)
(230, 146, 6797)
(230, 169, 27068)
(230, 70, 15516)
(230, 64, 18453)
(230, 48, 15613)
(230, 101, 8931)
(230, 62, 19827)
(230, 195, 10404)
(230, 134, 30356)
(230, 95, 25973)
(230, 16, 21279)
(230, 155, 28628)
(230, 192, 23808)
(230, 189, 42174)
(230, 3, 27856)
(230, 222, 2302)
(230, 55, 23161)
(230, 51, 34351)
(230, 31, 2656)
(230, 123, 32454)
(230, 138, 17689)
(230, 188, 27781)
(230, 152, 29624)
(230, 0, 22077)
(230, 119, 15384)
(230, 111, 18231)
(230, 139, 10938)
(230, 92, 593)
(230, 170, 39199)
(230, 128, 24916)
(230, 214, 2760)
(230, 13, 42505)
(230, 180, 19546)
(230, 23, 34284)
(230, 120, 9365)
(230, 215, 20960)
(230, 4, 30504)
(230, 5, 19815)
(230, 219, 7861)
(230, 150, 9496)
(230, 110, 20994)
(230, 109, 30950)
(230, 9, 14677)
(230, 27, 20626)
(230, 209, 24939)
(230, 141, 13971)
(230, 34, 11220)
(230, 2, 33507)
(230, 88, 20194)
(230, 156, 17455)
(230, 79, 30038)
(230, 78, 16559)
(230, 68, 5388)
(230, 89, 8037)
(230, 21, 42890)
(230, 104, 4168)
(230, 20, 30315)
(230, 126, 13805)
(230, 91, 16949)
(230, 226, 5446)
(231, 202, 17484)
(231, 65, 34596)
(231, 24, 13185)
(231, 224, 36956)
(231, 155, 27382)
(231, 33, 12187)
(231, 40, 37770)
(231, 11, 1152)
(231, 111, 32706)
(231, 187, 3184)
(231, 66, 19060)
(231, 144, 20488)
(231, 164, 34047)
(231, 41, 12810)
(231, 154, 1438)
(231, 47, 38048)
(231, 184, 19287)
(231, 171, 31632)
(231, 35, 40665)
(231, 166, 37151)
(231, 153, 33408)
(231, 134, 41768)
(231, 106, 22360)
(231, 20, 15643)
(231, 5, 28157)
(231, 136, 565)
(231, 181, 25266)
(231, 43, 5521)
(231, 207, 21062)
(231, 31, 40293)
(231, 91, 2618)
(231, 12, 7009)
(231, 152, 9873)
(231, 26, 30055)
(231, 175, 30773)
(231, 61, 15554)
(231, 150, 11981)
(231, 173, 38757)
(231, 119, 40632)
(231, 42, 37275)
(231, 174, 940)
(231, 77, 21780)
(231, 21, 26645)
(231, 122, 37748)
(231, 179, 26401)
(231, 22, 9885)
(231, 133, 2043)
(231, 131, 178)
(231, 55, 18862)
(231, 37, 24395)
(231, 83, 7121)
(231, 222, 1190)
(231, 151, 3927)
(231, 124, 26835)
(231, 228, 20268)
(231, 10, 7043)
(231, 70, 23419)
(231, 95, 41527)
(231, 97, 11726)
(231, 114, 1241)
(231, 28, 28829)
(231, 182, 35559)
(231, 45, 42789)
(231, 81, 27576)
(231, 51, 40829)
(231, 90, 34682)
(231, 189, 32569)
(231, 84, 29416)
(231, 218, 29055)
(231, 112, 10965)
(231, 63, 9415)
(231, 8, 19609)
(231, 71, 15887)
(231, 145, 2734)
(231, 98, 39639)
(231, 217, 986)
(231, 195, 23011)
(231, 104, 32455)
(231, 160, 35007)
(231, 142, 33084)
(231, 69, 23682)
(231, 80, 26730)
(231, 109, 14015)
(231, 229, 2556)
(231, 118, 33664)
(231, 117, 35207)
(231, 89, 44399)
(231, 0, 40453)
(231, 44, 42801)
(231, 196, 24267)
(231, 219, 10230)
(231, 149, 16362)
(231, 197, 1941)
(231, 68, 128)
(231, 50, 8893)
(231, 79, 28793)
(231, 169, 38247)
(231, 73, 4728)
(231, 140, 213)
(231, 4, 42368)
(231, 113, 42091)
(231, 23, 25113)
(231, 38, 20611)
(231, 7, 41087)
(231, 148, 26210)
(231, 147, 12351)
(231, 205, 36532)
(231, 123, 41374)
(231, 116, 11913)
(231, 210, 1748)
(231, 215, 31631)
(231, 46, 2881)
(231, 132, 9370)
(231, 190, 31626)
(231, 54, 1599)
(231, 127, 22009)
(231, 27, 19671)
(231, 146, 42768)
(231, 185, 6593)
(231, 212, 43497)
(231, 158, 34093)
(231, 110, 40372)
(231, 178, 31589)
(231, 99, 8882)
(231, 39, 18575)
(231, 137, 11120)
(231, 34, 39579)
(231, 167, 11650)
(231, 102, 26973)
(231, 30, 9999)
(231, 87, 18503)
(231, 208, 32103)
(231, 176, 11785)
(231, 214, 4140)
(231, 107, 23235)
(231, 115, 14432)
(231, 156, 25213)
(231, 13, 8956)
(231, 125, 10409)
(231, 198, 9581)
(231, 216, 32573)
(231, 226, 9979)
(231, 103, 26374)
(231, 62, 19235)
(231, 209, 38523)
(231, 188, 532)
(231, 96, 1480)
(231, 200, 41155)
(231, 213, 32378)
(231, 220, 20169)
(231, 108, 37108)
(231, 120, 25774)
(231, 92, 10589)
(231, 3, 26015)
(231, 193, 1695)
(231, 67, 3369)
(231, 186, 42743)
(231, 172, 6743)
(231, 53, 13904)
(231, 18, 34677)
(231, 58, 27991)
(231, 161, 37950)
(231, 121, 38713)
(231, 221, 12794)
(231, 6, 41549)
(231, 230, 37960)
(231, 206, 18657)
(231, 225, 36000)
(231, 94, 31731)
(231, 199, 7281)
(231, 72, 44113)
(231, 165, 39004)
(231, 141, 4036)
(231, 19, 26232)
(231, 201, 4290)
(231, 75, 44171)
(231, 126, 28384)
(231, 9, 41431)
(231, 223, 36889)
(231, 143, 16146)
(231, 76, 39343)
(231, 74, 25730)
(231, 192, 20329)
(231, 129, 31713)
(231, 128, 28956)
(231, 88, 27716)
(231, 29, 36447)
(231, 227, 18270)
(231, 60, 33042)
(231, 32, 7052)
(231, 93, 23672)
(231, 101, 11633)
(231, 157, 23996)
(231, 16, 37904)
(231, 130, 37767)
(231, 139, 43206)
(231, 48, 28865)
(231, 25, 5596)
(231, 17, 4295)
(231, 105, 37724)
(231, 49, 5443)
(231, 82, 29475)
(231, 100, 12974)
(231, 2, 33443)
(231, 135, 12441)
(231, 56, 26662)
(232, 61, 19590)
(232, 125, 21959)
(232, 110, 3303)
(232, 138, 14676)
(232, 13, 17179)
(232, 196, 4444)
(232, 183, 32645)
(232, 135, 30214)
(232, 178, 13567)
(232, 129, 23243)
(232, 117, 35868)
(232, 188, 40065)
(232, 2, 25139)
(232, 223, 44198)
(232, 20, 9960)
(232, 119, 34606)
(233, 102, 13919)
(233, 59, 26606)
(233, 100, 2967)
(233, 212, 41946)
(233, 118, 32985)
(233, 96, 23581)
(233, 188, 12166)
(233, 116, 3753)
(233, 58, 28078)
(233, 167, 8722)
(233, 191, 29811)
(233, 28, 38361)
(233, 121, 35653)
(233, 45, 8581)
(233, 112, 6113)
(233, 81, 555)
(233, 157, 32884)
(233, 196, 28048)
(233, 76, 6100)
(233, 20, 7149)
(233, 177, 23240)
(233, 129, 33921)
(233, 83, 1605)
(233, 176, 27619)
(233, 124, 26351)
(233, 135, 8290)
(233, 184, 20182)
(233, 84, 6993)
(233, 195, 3428)
(233, 204, 5819)
(233, 147, 29465)
(233, 232, 2558)
(233, 8, 37752)
(233, 43, 19857)
(233, 130, 13107)
(233, 208, 5247)
(233, 229, 34226)
(233, 139, 33642)
(233, 109, 23390)
(233, 38, 40748)
(233, 30, 9334)
(233, 123, 29896)
(233, 136, 31647)
(233, 16, 43480)
(233, 153, 42195)
(233, 162, 1523)
(233, 101, 34042)
(233, 107, 41850)
(233, 41, 36120)
(233, 49, 23085)
(233, 192, 9233)
(233, 127, 18926)
(233, 93, 4208)
(233, 170, 29654)
(233, 7, 7225)
(233, 9, 11743)
(233, 104, 5452)
(233, 218, 12694)
(233, 11, 20576)
(233, 22, 41290)
(233, 14, 10613)
(233, 156, 9641)
(233, 79, 23700)
(233, 198, 3395)
(233, 166, 40603)
(233, 71, 14288)
(233, 201, 18515)
(233, 75, 38910)
(233, 225, 8343)
(233, 227, 17691)
(233, 17, 3825)
(233, 40, 17312)
(233, 92, 17864)
(233, 175, 34329)
(233, 105, 25591)
(233, 131, 25014)
(234, 19, 17646)
(234, 178, 9408)
(234, 12, 18297)
(234, 158, 16168)
(234, 207, 12901)
(234, 89, 5136)
(234, 212, 27563)
(234, 85, 28170)
(234, 229, 29052)
(234, 108, 7143)
(234, 104, 41921)
(234, 27, 521)
(234, 25, 44356)
(234, 98, 37514)
(234, 51, 36977)
(234, 146, 14019)
(234, 36, 3660)
(234, 172, 38382)
(234, 17, 8732)
(234, 224, 44251)
(234, 149, 8560)
(234, 77, 25457)
(234, 73, 3988)
(234, 3, 11520)
(234, 26, 26331)
(234, 88, 34342)
(234, 34, 21931)
(234, 143, 28448)
(234, 102, 22339)
(234, 136, 24111)
(234, 72, 18105)
(234, 210, 40211)
(234, 112, 26108)
(234, 175, 23101)
(234, 22, 37004)
(234, 95, 22980)
(234, 131, 40270)
(234, 196, 27867)
(234, 168, 9145)
(235, 232, 20092)
(235, 119, 27159)
(235, 85, 27241)
(235, 198, 14257)
(235, 106, 28593)
(235, 162, 30245)
(235, 81, 35775)
(235, 223, 25640)
(235, 224, 32680)
(235, 3, 22337)
(235, 140, 28729)
(235, 49, 38003)
(235, 6, 8275)
(235, 143, 14494)
(235, 206, 34141)
(235, 33, 25837)
(235, 204, 30747)
(235, 21, 18623)
(235, 215, 34587)
(235, 7, 27988)
(235, 128, 157)
(235, 73, 18121)
(235, 159, 42814)
(235, 161, 19071)
(235, 170, 9543)
(235, 178, 42760)
(235, 8, 29683)
(235, 112, 9500)
(235, 227, 25675)
(235, 50, 13770)
(235, 48, 28298)
(235, 171, 32587)
(235, 26, 5121)
(235, 54, 7030)
(235, 2, 16643)
(235, 82, 31399)
(235, 45, 41705)
(235, 109, 9785)
(235, 91, 34429)
(235, 107, 33466)
(235, 78, 27596)
(235, 39, 2728)
(235, 129, 22667)
(235, 37, 34096)
(235, 110, 28697)
(235, 180, 6830)
(235, 97, 2717)
(235, 230, 36265)
(235, 80, 15798)
(235, 208, 26570)
(235, 144, 37881)
(235, 151, 15034)
(235, 220, 20921)
(235, 31, 28066)
(235, 20, 39964)
(235, 86, 28562)
(235, 226, 8738)
(235, 173, 7194)
(235, 87, 18625)
(235, 156, 34659)
(235, 133, 17805)
(235, 111, 39393)
(235, 11, 31367)
(235, 184, 22829)
(235, 23, 7044)
(235, 124, 19867)
(235, 72, 36779)
(235, 104, 3539)
(235, 187, 36756)
(235, 233, 19037)
(235, 89, 38284)
(235, 69, 4859)
(235, 4, 25919)
(235, 105, 11471)
(235, 177, 32936)
(235, 192, 2580)
(235, 83, 31603)
(235, 41, 33908)
(235, 67, 16177)
(235, 57, 10988)
(235, 88, 76)
(235, 121, 29542)
(235, 154, 2083)
(235, 116, 5870)
(235, 28, 7898)
(235, 58, 18669)
(235, 30, 37289)
(235, 234, 19858)
(235, 60, 13758)
(235, 96, 24846)
(235, 137, 17326)
(235, 130, 21645)
(235, 218, 12003)
(235, 71, 35077)
(235, 47, 11254)
(235, 209, 13041)
(235, 182, 18099)
(235, 145, 33229)
(235, 217, 6707)
(235, 46, 43061)
(235, 10, 32451)
(235, 84, 30309)
(235, 186, 19999)
(235, 32, 17877)
(235, 115, 20940)
(235, 142, 34875)
(235, 199, 14128)
(235, 228, 43347)
(235, 146, 22189)
(235, 68, 3475)
(235, 134, 39040)
(235, 43, 41618)
(235, 94, 20006)
(235, 167, 7936)
(235, 200, 5514)
(235, 213, 32152)
(235, 17, 30586)
(235, 155, 33858)
(235, 164, 6619)
(235, 74, 14363)
(235, 205, 39954)
(235, 174, 17445)
(235, 176, 33480)
(235, 38, 8622)
(235, 0, 35538)
(235, 64, 14020)
(235, 222, 38282)
(235, 52, 36163)
(235, 148, 7070)
(235, 92, 26399)
(235, 27, 29272)
(235, 118, 15656)
(235, 189, 25877)
(235, 139, 8256)
(235, 22, 1413)
(235, 5, 38449)
(235, 125, 8771)
(235, 207, 36758)
(235, 24, 27411)
(235, 76, 12130)
(235, 221, 8939)
(235, 229, 25992)
(235, 231, 15943)
(235, 13, 10386)
(235, 101, 20712)
(235, 195, 20346)
(235, 188, 37303)
(235, 211, 30882)
(235, 18, 478)
(235, 160, 15840)
(235, 225, 7711)
(235, 56, 3394)
(235, 150, 24010)
(235, 157, 11925)
(235, 127, 10619)
(235, 53, 26948)
(235, 123, 40023)
(235, 79, 28425)
(235, 12, 8831)
(235, 214, 6576)
(235, 70, 11576)
(235, 147, 37655)
(235, 132, 32953)
(235, 66, 6595)
(235, 185, 42798)
(235, 120, 41542)
(235, 1, 25972)
(235, 168, 11666)
(235, 117, 24698)
(235, 34, 18413)
(235, 19, 5821)
(235, 63, 42825)
(235, 190, 3788)
(235, 158, 24918)
(235, 175, 590)
(235, 172, 12171)
(235, 103, 13078)
(235, 197, 41033)
(235, 138, 33719)
(235, 75, 26459)
(235, 9, 20426)
(235, 165, 40708)
(235, 196, 928)
(235, 169, 42304)
(235, 201, 23896)
(235, 166, 32012)
(235, 114, 17231)
(235, 216, 4648)
(235, 62, 14841)
(235, 203, 1494)
(235, 25, 32158)
(235, 51, 30830)
(235, 44, 35488)
(235, 113, 34292)
(235, 99, 24668)
(235, 40, 14932)
(235, 65, 22376)
(235, 95, 43577)
(235, 202, 22002)
(235, 98, 40186)
(235, 131, 43612)
(235, 141, 32184)
(235, 108, 3807)
(235, 42, 14869)
(235, 149, 14513)
(235, 183, 14066)
(235, 14, 11118)
(235, 181, 24850)
(235, 194, 40049)
(235, 193, 22178)
(235, 219, 28329)
(235, 77, 7122)
(235, 122, 20417)
(235, 35, 17710)
(235, 90, 10879)
(235, 163, 27558)
(235, 212, 19712)
(235, 102, 4251)
(235, 59, 11609)
(235, 152, 13138)
(235, 136, 4767)
(235, 29, 31085)
(235, 153, 38906)
(235, 210, 11232)
(235, 191, 740)
(235, 179, 11418)
(235, 126, 320)
(235, 93, 39145)
(235, 55, 30619)
(235, 100, 21577)
(236, 136, 18354)
(236, 213, 34749)
(236, 166, 40547)
(236, 109, 32956)
(236, 72, 25226)
(236, 80, 39480)
(236, 12, 8404)
(236, 157, 43156)
(236, 202, 10990)
(236, 75, 36202)
(236, 211, 15853)
(236, 1, 31983)
(236, 48, 34722)
(236, 165, 11734)
(236, 148, 9976)
(236, 145, 32899)
(236, 54, 41362)
(236, 153, 18726)
(236, 127, 40781)
(236, 94, 41571)
(236, 40, 36092)
(236, 39, 6809)
(236, 216, 35512)
(236, 60, 16691)
(236, 15, 37337)
(236, 6, 4602)
(236, 47, 40024)
(236, 169, 25504)
(236, 184, 36542)
(236, 144, 32418)
(236, 87, 10610)
(236, 134, 29697)
(236, 9, 5058)
(236, 150, 7920)
(236, 61, 32248)
(236, 147, 18000)
(236, 230, 7127)
(236, 207, 16627)
(236, 139, 17215)
(236, 45, 18797)
(236, 38, 3537)
(236, 23, 26220)
(236, 105, 31969)
(236, 106, 12740)
(236, 85, 19758)
(236, 17, 40556)
(236, 111, 17634)
(236, 62, 7477)
(236, 191, 6087)
(236, 155, 22575)
(236, 25, 17121)
(236, 81, 15872)
(236, 84, 22963)
(236, 22, 28707)
(236, 146, 4522)
(236, 174, 10323)
(236, 167, 42169)
(236, 76, 42957)
(236, 44, 26292)
(236, 140, 42674)
(236, 232, 4669)
(236, 229, 29158)
(236, 100, 11145)
(236, 73, 18684)
(236, 197, 22038)
(236, 119, 13467)
(236, 209, 23280)
(236, 19, 35530)
(236, 46, 4630)
(236, 2, 44105)
(236, 31, 19732)
(236, 182, 15150)
(236, 118, 28683)
(236, 154, 27287)
(236, 112, 40366)
(236, 8, 11733)
(236, 122, 33619)
(236, 97, 170)
(236, 181, 41933)
(236, 185, 40127)
(236, 69, 2514)
(236, 162, 37369)
(236, 90, 5015)
(236, 79, 24172)
(236, 195, 11191)
(236, 130, 40395)
(236, 110, 4124)
(236, 95, 21100)
(236, 142, 33843)
(236, 135, 30846)
(236, 113, 36015)
(236, 116, 41552)
(236, 189, 15448)
(236, 201, 8188)
(236, 226, 24574)
(236, 14, 17873)
(236, 68, 16861)
(236, 206, 3515)
(236, 225, 33486)
(236, 3, 473)
(236, 219, 3694)
(236, 215, 44381)
(236, 192, 38619)
(236, 223, 43069)
(236, 149, 17398)
(236, 233, 28192)
(236, 71, 41116)
(236, 179, 5309)
(236, 99, 28726)
(236, 178, 20468)
(236, 52, 25118)
(236, 141, 31789)
(236, 77, 17141)
(236, 36, 30590)
(236, 133, 26824)
(236, 65, 39918)
(236, 187, 20700)
(236, 4, 15056)
(236, 137, 16598)
(236, 70, 39762)
(236, 212, 21061)
(236, 128, 37301)
(236, 224, 4326)
(236, 28, 23377)
(236, 11, 14111)
(236, 188, 20099)
(236, 18, 43250)
(236, 158, 33205)
(236, 193, 20145)
(236, 214, 21846)
(236, 234, 10991)
(236, 115, 19834)
(236, 49, 18836)
(236, 82, 9604)
(236, 176, 8334)
(236, 67, 16398)
(236, 107, 24062)
(236, 66, 10044)
(236, 74, 3224)
(236, 92, 38489)
(236, 210, 35393)
(236, 231, 34562)
(236, 228, 23852)
(236, 121, 39)
(236, 104, 43168)
(236, 129, 14976)
(236, 91, 4593)
(236, 222, 13937)
(236, 16, 22891)
(236, 53, 38955)
(236, 102, 44070)
(236, 101, 40561)
(236, 78, 27930)
(236, 131, 29834)
(236, 138, 9706)
(236, 0, 37715)
(236, 126, 22506)
(236, 221, 31041)
(236, 103, 7928)
(236, 51, 26366)
(236, 205, 15954)
(236, 208, 26695)
(236, 30, 4245)
(236, 227, 15398)
(237, 32, 6157)
(237, 104, 12677)
(237, 144, 3036)
(237, 24, 10070)
(237, 98, 29273)
(237, 224, 28731)
(237, 228, 33542)
(237, 49, 37393)
(237, 88, 8706)
(237, 1, 6144)
(237, 63, 9153)
(237, 84, 11242)
(237, 135, 1509)
(237, 72, 6466)
(237, 188, 16623)
(237, 184, 18003)
(237, 86, 29787)
(237, 14, 20590)
(237, 195, 35667)
(237, 211, 13905)
(237, 206, 28221)
(237, 115, 18531)
(237, 76, 32606)
(237, 167, 6868)
(237, 128, 23005)
(237, 196, 40254)
(237, 96, 30199)
(237, 129, 25209)
(237, 37, 31930)
(237, 130, 38904)
(237, 66, 21569)
(237, 85, 37695)
(237, 226, 13412)
(237, 164, 17347)
(237, 40, 17006)
(237, 192, 4355)
(237, 197, 16979)
(237, 208, 29408)
(237, 112, 11040)
(237, 102, 34301)
(237, 50, 25764)
(237, 120, 4491)
(237, 230, 43255)
(237, 109, 42163)
(237, 44, 163)
(237, 23, 37124)
(238, 117, 35660)
(238, 173, 27927)
(238, 145, 1074)
(238, 57, 41503)
(238, 26, 28877)
(238, 103, 12432)
(238, 226, 20366)
(238, 213, 43452)
(238, 194, 31374)
(238, 162, 1584)
(238, 92, 6833)
(238, 146, 11096)
(238, 15, 41711)
(238, 192, 39259)
(238, 141, 5512)
(238, 55, 12864)
(238, 128, 750)
(238, 36, 461)
(238, 77, 11638)
(238, 179, 2609)
(238, 98, 38979)
(238, 230, 19473)
(238, 121, 21026)
(238, 9, 6260)
(238, 169, 28147)
(238, 119, 2977)
(238, 51, 38430)
(238, 40, 10407)
(238, 44, 29512)
(238, 59, 37167)
(238, 165, 10505)
(238, 27, 537)
(238, 11, 112)
(238, 127, 11442)
(238, 196, 35390)
(238, 79, 39612)
(238, 65, 17558)
(238, 20, 19601)
(238, 1, 32997)
(238, 133, 19730)
(238, 6, 36698)
(238, 114, 11251)
(238, 83, 1587)
(238, 95, 42981)
(238, 189, 6276)
(238, 54, 25769)
(238, 2, 10900)
(238, 29, 29501)
(238, 138, 16765)
(238, 96, 14952)
(238, 24, 4980)
(238, 183, 10588)
(238, 16, 5997)
(238, 88, 26079)
(238, 52, 13204)
(238, 33, 24115)
(238, 151, 19848)
(238, 150, 24762)
(238, 191, 27137)
(238, 152, 34055)
(238, 159, 15579)
(238, 216, 18115)
(238, 123, 26809)
(238, 164, 38415)
(238, 31, 27357)
(238, 3, 19895)
(238, 134, 42588)
(238, 223, 38006)
(238, 206, 7831)
(238, 84, 43760)
(238, 23, 31773)
(238, 115, 18461)
(238, 110, 40416)
(238, 28, 43073)
(238, 19, 20759)
(238, 124, 27474)
(238, 155, 14226)
(238, 87, 7206)
(238, 69, 7236)
(238, 81, 29015)
(238, 177, 21406)
(238, 199, 20674)
(238, 237, 29471)
(238, 168, 34523)
(238, 211, 39467)
(238, 68, 41353)
(238, 217, 2224)
(238, 17, 22499)
(238, 200, 5869)
(238, 75, 36789)
(238, 111, 9717)
(238, 205, 44024)
(238, 48, 19823)
(238, 218, 28016)
(238, 78, 10320)
(238, 198, 10952)
(238, 186, 14687)
(238, 10, 11336)
(238, 229, 9699)
(238, 93, 1757)
(238, 50, 1217)
(238, 76, 36849)
(238, 136, 36227)
(238, 160, 25970)
(238, 118, 13852)
(238, 71, 29074)
(238, 34, 29565)
(238, 97, 4452)
(238, 228, 37170)
(238, 174, 14016)
(238, 163, 40942)
(238, 99, 33130)
(238, 157, 17628)
(238, 4, 34781)
(238, 210, 32762)
(238, 70, 41064)
(238, 142, 20224)
(238, 233, 19864)
(238, 58, 10184)
(238, 131, 43602)
(238, 204, 14536)
(238, 82, 25517)
(238, 224, 5203)
(238, 0, 2028)
(238, 94, 2794)
(238, 201, 21405)
(238, 60, 2857)
(238, 7, 25526)
(238, 207, 29751)
(238, 130, 10937)
(238, 89, 11830)
(238, 139, 3490)
(238, 61, 11029)
(238, 158, 32037)
(238, 49, 27902)
(238, 148, 22691)
(238, 86, 8974)
(238, 45, 40926)
(238, 161, 6976)
(238, 106, 40356)
(238, 43, 1877)
(238, 22, 4652)
(238, 156, 2237)
(238, 234, 33850)
(238, 39, 38690)
(238, 188, 14634)
(238, 73, 5842)
(238, 25, 23598)
(238, 208, 4130)
(238, 202, 31658)
(239, 38, 36724)
(239, 204, 3021)
(239, 111, 30910)
(239, 226, 10869)
(239, 145, 7082)
(239, 1, 20063)
(239, 12, 4531)
(239, 71, 28069)
(239, 215, 38381)
(239, 129, 21579)
(239, 16, 7188)
(239, 59, 10020)
(239, 211, 931)
(239, 14, 15003)
(239, 213, 41096)
(239, 212, 31742)
(239, 153, 6708)
(239, 29, 35360)
(239, 163, 19486)
(239, 180, 40893)
(239, 90, 6922)
(239, 224, 39695)
(239, 76, 27445)
(239, 206, 40597)
(239, 177, 39524)
(239, 84, 32188)
(239, 186, 43437)
(239, 181, 35506)
(239, 234, 3721)
(239, 198, 4861)
(239, 11, 207)
(239, 100, 14660)
(239, 24, 3610)
(239, 107, 9882)
(239, 175, 26247)
(240, 94, 10464)
(240, 170, 23331)
(240, 212, 30242)
(240, 175, 33488)
(240, 75, 42432)
(240, 200, 15041)
(240, 120, 26218)
(240, 191, 1624)
(240, 118, 17755)
(240, 30, 13584)
(240, 24, 22531)
(240, 189, 31346)
(240, 143, 43477)
(241, 134, 36499)
(241, 230, 14454)
(241, 163, 30383)
(241, 203, 4774)
(241, 216, 16489)
(241, 140, 28142)
(241, 137, 9756)
(241, 174, 16499)
(241, 165, 1666)
(241, 63, 27566)
(241, 124, 6541)
(241, 86, 8778)
(241, 232, 41248)
(241, 146, 32910)
(241, 158, 1556)
(241, 45, 21498)
(241, 61, 21069)
(241, 192, 36144)
(241, 115, 39338)
(241, 95, 38549)
(241, 159, 2518)
(241, 154, 21402)
(241, 92, 17758)
(241, 25, 1650)
(241, 75, 9137)
(241, 35, 35356)
(241, 143, 2238)
(241, 204, 41388)
(241, 188, 11763)
(241, 170, 33402)
(241, 211, 17880)
(241, 106, 33223)
(241, 18, 907)
(241, 173, 12379)
(241, 236, 26764)
(241, 112, 25152)
(241, 149, 5390)
(241, 116, 17473)
(241, 131, 1533)
(241, 98, 28010)
(241, 182, 30369)
(241, 19, 40573)
(241, 81, 12271)
(241, 57, 34992)
(241, 84, 42735)
(241, 52, 36899)
(241, 79, 18142)
(241, 225, 18521)
(241, 222, 2064)
(241, 28, 32917)
(241, 217, 18444)
(241, 196, 31139)
(241, 11, 34208)
(241, 147, 29316)
(241, 110, 39556)
(241, 83, 12701)
(241, 22, 5950)
(241, 231, 28364)
(241, 176, 2212)
(241, 184, 44300)
(241, 153, 681)
(241, 193, 11744)
(241, 214, 13257)
(241, 226, 9600)
(241, 197, 43870)
(241, 121, 38417)
(241, 141, 22051)
(241, 126, 7164)
(241, 89, 17886)
(241, 109, 32324)
(241, 202, 31681)
(241, 205, 32334)
(241, 127, 24694)
(241, 168, 4939)
(241, 66, 32737)
(241, 67, 33474)
(241, 70, 34486)
(241, 80, 37596)
(241, 14, 10500)
(241, 160, 42586)
(241, 157, 5621)
(241, 50, 20149)
(241, 171, 12737)
(241, 102, 14400)
(241, 59, 6045)
(241, 229, 29391)
(241, 238, 24584)
(241, 228, 28309)
(241, 48, 2262)
(241, 71, 27577)
(241, 208, 25918)
(241, 85, 41884)
(241, 16, 10523)
(241, 164, 34091)
(241, 100, 7240)
(241, 74, 25904)
(241, 169, 12168)
(241, 72, 17888)
(241, 220, 41040)
(241, 186, 34081)
(241, 24, 41554)
(241, 234, 722)
(241, 122, 29581)
(241, 54, 28067)
(241, 123, 28166)
(241, 7, 4310)
(241, 99, 37557)
(241, 237, 5045)
(241, 221, 32360)
(241, 233, 13515)
(241, 189, 28310)
(241, 3, 31765)
(241, 32, 24943)
(241, 69, 24411)
(241, 29, 34880)
(241, 111, 28295)
(241, 77, 19719)
(241, 119, 17881)
(241, 93, 14224)
(241, 166, 12927)
(241, 239, 9223)
(241, 213, 15889)
(241, 138, 35730)
(241, 9, 41792)
(241, 58, 25815)
(241, 155, 36235)
(241, 108, 40053)
(241, 46, 1090)
(241, 64, 16739)
(241, 87, 27963)
(241, 167, 27950)
(241, 117, 7062)
(241, 185, 19660)
(241, 227, 24790)
(241, 132, 19799)
(241, 55, 43843)
(241, 120, 21506)
(241, 224, 23885)
(241, 180, 35920)
(241, 201, 39893)
(241, 151, 65)
(241, 178, 40484)
(241, 36, 43527)
(241, 51, 1899)
(241, 65, 22455)
(241, 199, 20038)
(241, 8, 23798)
(241, 136, 42850)
(241, 20, 14975)
(241, 101, 36790)
(241, 181, 8053)
(241, 27, 39854)
(241, 105, 8624)
(241, 177, 10428)
(241, 187, 3494)
(241, 215, 14200)
(241, 152, 22158)
(241, 128, 20553)
(241, 114, 23698)
(241, 240, 40803)
(241, 235, 2296)
(241, 156, 9346)
(241, 39, 28208)
(241, 26, 13529)
(241, 148, 17955)
(241, 12, 199)
(241, 135, 32579)
(241, 62, 20372)
(241, 97, 3838)
(241, 91, 23723)
(241, 212, 731)
(241, 194, 2294)
(241, 125, 10565)
(241, 90, 42649)
(241, 107, 22581)
(241, 104, 18315)
(241, 219, 7889)
(241, 47, 16379)
(241, 223, 25654)
(241, 49, 20356)
(241, 6, 3201)
(241, 218, 6515)
(241, 96, 18909)
(241, 56, 12479)
(241, 113, 42730)
(241, 179, 33992)
(241, 31, 16568)
(241, 130, 37662)
(241, 15, 41027)
(241, 191, 35676)
(241, 0, 23856)
(241, 150, 20126)
(241, 41, 38295)
(241, 68, 28533)
(241, 37, 1461)
(241, 23, 13920)
(241, 161, 17429)
(241, 4, 35724)
(241, 43, 12592)
(241, 175, 2126)
(241, 183, 27959)
(241, 207, 32613)
(241, 1, 42257)
(241, 162, 2817)
(241, 34, 37973)
(241, 145, 25360)
(241, 129, 3897)
(241, 30, 6811)
(241, 172, 24516)
(241, 60, 23428)
(241, 76, 3411)
(241, 144, 24046)
(242, 223, 11010)
(242, 7, 15288)
(242, 44, 8754)
(242, 31, 16333)
(242, 230, 8462)
(242, 157, 2748)
(242, 208, 13643)
(242, 118, 5875)
(242, 112, 3511)
(242, 144, 15287)
(242, 197, 27054)
(242, 231, 15407)
(242, 37, 31330)
(242, 148, 17999)
(242, 2, 43615)
(242, 128, 30660)
(242, 26, 24758)
(242, 15, 2285)
(242, 115, 31842)
(242, 94, 14719)
(242, 79, 38990)
(242, 83, 43745)
(242, 25, 8715)
(242, 228, 30396)
(242, 5, 44293)
(242, 104, 30024)
(242, 204, 5066)
(242, 195, 33540)
(242, 179, 11374)
(242, 212, 25387)
(242, 99, 13754)
(242, 199, 10685)
(242, 169, 21157)
(242, 75, 15385)
(242, 107, 4333)
(242, 222, 9088)
(242, 163, 20207)
(242, 36, 11728)
(242, 116, 5236)
(242, 143, 36609)
(242, 149, 35959)
(242, 101, 26669)
(242, 28, 32011)
(242, 161, 284)
(242, 225, 19559)
(242, 164, 15610)
(242, 117, 33201)
(242, 210, 3366)
(242, 165, 42741)
(242, 98, 1939)
(242, 124, 8339)
(242, 22, 26658)
(242, 65, 32294)
(242, 159, 37566)
(242, 102, 31966)
(242, 39, 11009)
(242, 3, 31273)
(242, 187, 25195)
(242, 241, 9726)
(242, 123, 2810)
(242, 9, 316)
(242, 227, 24113)
(242, 18, 8209)
(242, 129, 4330)
(242, 177, 42788)
(242, 74, 38857)
(242, 139, 13779)
(242, 106, 2507)
(242, 214, 6447)
(242, 35, 41123)
(242, 21, 40459)
(242, 1, 16363)
(242, 184, 3708)
(242, 67, 10665)
(242, 217, 20796)
(242, 122, 39279)
(242, 10, 17474)
(242, 59, 33892)
(242, 127, 30220)
(242, 220, 40593)
(242, 34, 38809)
(242, 95, 39281)
(242, 137, 23728)
(242, 239, 21956)
(242, 97, 7335)
(242, 175, 42012)
(242, 196, 32300)
(242, 108, 14788)
(242, 49, 27402)
(242, 30, 18690)
(242, 140, 6024)
(242, 64, 23019)
(242, 58, 40560)
(242, 52, 21890)
(242, 209, 40778)
(242, 43, 11759)
(242, 155, 10416)
(242, 216, 22863)
(242, 181, 19186)
(242, 121, 30990)
(242, 183, 17377)
(242, 82, 25369)
(242, 178, 3375)
(242, 206, 40779)
(242, 134, 27213)
(242, 207, 17884)
(242, 92, 36149)
(242, 114, 27743)
(242, 194, 18081)
(243, 53, 7369)
(243, 56, 16988)
(243, 158, 39606)
(243, 187, 2946)
(243, 213, 38802)
(243, 120, 41626)
(243, 51, 27923)
(243, 49, 37217)
(243, 148, 25946)
(243, 150, 42946)
(243, 31, 44364)
(243, 66, 37346)
(243, 204, 27360)
(243, 52, 15596)
(243, 82, 3368)
(243, 39, 5345)
(243, 162, 31410)
(243, 11, 21094)
(243, 196, 41928)
(243, 197, 13913)
(243, 240, 25552)
(243, 113, 17296)
(243, 180, 23724)
(243, 114, 10655)
(243, 14, 42522)
(243, 29, 2627)
(243, 108, 17172)
(243, 27, 14455)
(243, 46, 42721)
(243, 64, 24910)
(243, 228, 32357)
(243, 220, 21440)
(243, 230, 12059)
(243, 38, 19149)
(243, 100, 42989)
(243, 235, 41859)
(243, 173, 27109)
(243, 169, 39721)
(243, 2, 17170)
(243, 92, 22486)
(243, 13, 15971)
(243, 97, 3465)
(243, 175, 4390)
(243, 15, 22804)
(243, 32, 38829)
(243, 156, 18410)
(243, 43, 44165)
(243, 17, 39931)
(243, 10, 17776)
(243, 3, 44237)
(243, 225, 39134)
(243, 33, 13485)
(243, 184, 36986)
(243, 58, 17203)
(243, 61, 21589)
(243, 63, 2336)
(243, 237, 9359)
(243, 166, 44240)
(243, 136, 11598)
(243, 79, 9190)
(243, 42, 13115)
(243, 198, 17553)
(243, 147, 11695)
(243, 154, 10402)
(243, 88, 31869)
(243, 218, 32758)
(243, 152, 15594)
(243, 69, 31975)
(243, 21, 23184)
(243, 40, 1236)
(243, 127, 4545)
(243, 221, 408)
(243, 91, 37412)
(243, 171, 34775)
(243, 19, 33675)
(243, 146, 2936)
(243, 47, 4324)
(243, 185, 37826)
(243, 72, 33621)
(243, 0, 37851)
(243, 111, 1994)
(243, 208, 3951)
(243, 81, 41773)
(243, 219, 6437)
(243, 153, 26265)
(243, 7, 33382)
(243, 139, 14161)
(243, 128, 39976)
(243, 137, 141)
(243, 201, 27676)
(243, 186, 9642)
(243, 214, 36739)
(243, 41, 19878)
(243, 110, 28859)
(243, 239, 27267)
(243, 183, 35010)
(243, 193, 31125)
(243, 233, 30930)
(243, 182, 5587)
(243, 132, 13938)
(243, 211, 24218)
(243, 104, 31547)
(243, 30, 15038)
(243, 131, 28818)
(243, 28, 4147)
(243, 20, 40805)
(243, 9, 17616)
(243, 35, 15990)
(243, 172, 17552)
(243, 26, 16180)
(243, 231, 39364)
(243, 159, 4222)
(243, 202, 26191)
(243, 194, 25998)
(243, 118, 2230)
(243, 73, 18505)
(243, 98, 29703)
(243, 125, 34365)
(243, 226, 9133)
(243, 109, 38704)
(243, 99, 31289)
(243, 227, 20705)
(243, 36, 1700)
(243, 141, 6545)
(243, 155, 10973)
(243, 65, 7464)
(243, 83, 10079)
(243, 24, 18216)
(243, 241, 15772)
(243, 115, 9394)
(243, 124, 10048)
(243, 78, 18330)
(243, 174, 2578)
(243, 126, 21938)
(243, 25, 14588)
(243, 103, 28981)
(243, 199, 20463)
(243, 161, 29929)
(243, 234, 22569)
(243, 85, 25710)
(243, 106, 32880)
(243, 238, 1189)
(243, 138, 20614)
(243, 76, 23127)
(243, 145, 27310)
(243, 164, 6794)
(243, 74, 9144)
(243, 86, 39209)
(243, 224, 42729)
(243, 50, 18190)
(244, 109, 37910)
(244, 155, 22985)
(244, 20, 36773)
(244, 147, 16378)
(244, 94, 32101)
(244, 114, 20621)
(244, 133, 33585)
(244, 137, 21888)
(244, 132, 13974)
(244, 8, 29600)
(244, 177, 14323)
(244, 86, 25783)
(244, 43, 30307)
(244, 111, 17565)
(244, 194, 27853)
(244, 235, 6262)
(244, 90, 34926)
(244, 98, 39765)
(244, 188, 12492)
(244, 134, 9804)
(244, 196, 28550)
(244, 125, 42053)
(244, 167, 21757)
(244, 160, 24413)
(244, 117, 36132)
(244, 217, 42575)
(244, 219, 1433)
(244, 24, 18048)
(244, 119, 40417)
(244, 183, 7548)
(244, 47, 37647)
(244, 103, 20752)
(244, 157, 26720)
(244, 26, 32413)
(244, 211, 30379)
(244, 83, 14267)
(244, 159, 23873)
(244, 108, 7104)
(244, 193, 35303)
(244, 187, 8828)
(244, 144, 20077)
(244, 104, 29802)
(244, 201, 39007)
(244, 166, 24254)
(244, 14, 11077)
(244, 195, 41016)
(244, 140, 27740)
(244, 78, 5606)
(244, 5, 33152)
(244, 168, 41163)
(244, 213, 15570)
(244, 35, 7863)
(244, 21, 37589)
(244, 139, 5123)
(244, 215, 16121)
(244, 227, 3598)
(244, 199, 13531)
(244, 37, 38192)
(244, 50, 11036)
(244, 216, 34707)
(244, 95, 10019)
(244, 169, 6533)
(244, 32, 20731)
(244, 161, 20508)
(244, 9, 18130)
(244, 242, 31454)
(244, 74, 11624)
(244, 148, 42816)
(244, 127, 2453)
(244, 138, 39674)
(244, 100, 1027)
(244, 82, 30409)
(244, 150, 28370)
(244, 190, 35927)
(244, 59, 38387)
(244, 71, 7399)
(244, 136, 19492)
(244, 6, 9419)
(244, 57, 38246)
(244, 25, 43549)
(244, 73, 30140)
(244, 202, 16637)
(244, 22, 42340)
(244, 28, 22816)
(244, 220, 36670)
(244, 106, 29418)
(244, 224, 41538)
(244, 237, 12254)
(244, 226, 13418)
(244, 203, 23386)
(244, 7, 1711)
(244, 38, 281)
(244, 61, 26305)
(244, 89, 18718)
(244, 54, 1249)
(244, 240, 6664)
(244, 146, 8647)
(244, 75, 16966)
(245, 232, 40313)
(245, 81, 9577)
(245, 213, 32533)
(245, 212, 21806)
(245, 44, 40743)
(245, 180, 12931)
(245, 208, 12041)
(245, 157, 27890)
(245, 142, 31872)
(245, 223, 10134)
(245, 21, 37156)
(245, 125, 23193)
(245, 239, 39707)
(245, 51, 40497)
(245, 101, 33659)
(245, 75, 26310)
(245, 153, 5137)
(245, 76, 15823)
(245, 82, 41799)
(245, 133, 19860)
(245, 90, 18292)
(245, 192, 39929)
(245, 92, 20352)
(245, 97, 6957)
(245, 235, 42689)
(245, 28, 22440)
(245, 198, 4354)
(245, 120, 39580)
(245, 47, 25662)
(245, 228, 690)
(245, 205, 23095)
(245, 25, 22943)
(245, 146, 21507)
(245, 87, 20625)
(245, 49, 14399)
(245, 148, 12211)
(245, 186, 34866)
(245, 154, 12333)
(245, 222, 1674)
(245, 19, 43260)
(245, 43, 38774)
(245, 113, 42523)
(245, 84, 40670)
(245, 50, 28738)
(245, 135, 25846)
(245, 122, 27136)
(245, 190, 18035)
(245, 0, 34026)
(245, 35, 11768)
(245, 114, 42847)
(245, 102, 20720)
(245, 88, 39044)
(245, 123, 19870)
(245, 64, 19435)
(245, 172, 7389)
(245, 67, 43050)
(245, 184, 34133)
(245, 54, 9639)
(245, 214, 39714)
(245, 117, 34403)
(245, 128, 20734)
(245, 132, 32088)
(245, 10, 19633)
(245, 37, 7519)
(245, 91, 17985)
(245, 225, 34328)
(245, 160, 17987)
(245, 202, 23447)
(245, 77, 18439)
(245, 107, 30262)
(245, 233, 168)
(245, 41, 1936)
(245, 151, 37587)
(245, 243, 34395)
(245, 164, 16088)
(245, 106, 21528)
(245, 22, 19405)
(245, 72, 9772)
(245, 14, 13527)
(245, 171, 20450)
(245, 219, 32852)
(246, 13, 34377)
(246, 227, 39825)
(246, 65, 9585)
(246, 214, 12101)
(246, 92, 40140)
(246, 194, 37891)
(246, 139, 22336)
(246, 154, 25853)
(246, 182, 27998)
(246, 235, 1183)
(246, 210, 27386)
(246, 103, 25129)
(246, 180, 15022)
(246, 197, 16248)
(246, 119, 16476)
(246, 6, 35112)
(246, 140, 22214)
(246, 115, 16807)
(246, 19, 31217)
(246, 24, 909)
(246, 188, 37674)
(246, 196, 36395)
(246, 209, 39499)
(246, 50, 29686)
(246, 164, 26011)
(246, 7, 25412)
(246, 137, 2805)
(246, 26, 37793)
(246, 51, 26706)
(246, 74, 9330)
(246, 203, 35073)
(246, 205, 201)
(246, 217, 6061)
(246, 94, 1156)
(246, 22, 32819)
(246, 123, 9463)
(246, 201, 11818)
(246, 195, 27240)
(246, 117, 41097)
(246, 237, 39100)
(246, 192, 14159)
(246, 37, 4654)
(246, 110, 3065)
(246, 96, 1146)
(246, 80, 25922)
(246, 45, 22593)
(246, 148, 43083)
(246, 242, 23391)
(246, 232, 30353)
(246, 131, 25180)
(246, 76, 24019)
(246, 91, 8863)
(246, 142, 16569)
(246, 8, 13070)
(246, 243, 27010)
(246, 167, 35764)
(246, 60, 17035)
(246, 56, 42166)
(246, 49, 13747)
(246, 228, 40456)
(246, 116, 4657)
(246, 231, 15073)
(246, 36, 25383)
(246, 85, 7659)
(246, 40, 38883)
(246, 9, 25849)
(246, 53, 11665)
(246, 239, 13855)
(246, 146, 28501)
(246, 41, 6636)
(246, 174, 22104)
(246, 25, 14453)
(246, 108, 15296)
(246, 58, 22501)
(246, 126, 16210)
(246, 173, 37061)
(246, 95, 44265)
(246, 124, 14981)
(246, 158, 36836)
(247, 209, 8941)
(247, 139, 19010)
(247, 126, 19947)
(247, 140, 6746)
(247, 161, 25529)
(247, 77, 25207)
(247, 219, 11682)
(247, 93, 18782)
(247, 123, 20679)
(247, 185, 3726)
(247, 148, 12413)
(247, 159, 27514)
(247, 108, 32976)
(247, 18, 35050)
(247, 158, 26915)
(247, 0, 17214)
(247, 76, 39731)
(247, 53, 26380)
(247, 98, 39821)
(247, 174, 28072)
(247, 223, 16361)
(247, 17, 32611)
(247, 10, 39578)
(247, 97, 32832)
(247, 137, 8751)
(247, 45, 20827)
(247, 31, 12672)
(247, 46, 1728)
(247, 127, 38552)
(247, 210, 19551)
(247, 28, 35982)
(247, 43, 20680)
(247, 239, 26725)
(247, 131, 34547)
(247, 90, 42824)
(247, 143, 5270)
(247, 23, 8883)
(247, 204, 1538)
(247, 203, 43409)
(247, 244, 20894)
(247, 116, 33436)
(247, 24, 16043)
(247, 119, 1783)
(247, 195, 8402)
(247, 113, 698)
(247, 6, 33288)
(247, 92, 44144)
(247, 145, 13327)
(247, 71, 31971)
(247, 149, 33253)
(247, 33, 17660)
(247, 191, 40638)
(247, 13, 31748)
(247, 61, 23038)
(247, 105, 2800)
(247, 129, 16017)
(247, 30, 36407)
(247, 110, 30687)
(247, 200, 4015)
(247, 22, 15108)
(247, 160, 41266)
(247, 50, 37353)
(247, 198, 27900)
(247, 197, 4605)
(247, 86, 43960)
(247, 202, 16925)
(247, 39, 20803)
(247, 192, 39842)
(247, 128, 24382)
(247, 74, 27707)
(247, 54, 7619)
(247, 101, 7604)
(247, 19, 25703)
(247, 75, 22762)
(247, 189, 23393)
(247, 154, 24333)
(247, 242, 26012)
(247, 4, 43974)
(247, 107, 31503)
(247, 88, 17028)
(247, 132, 28291)
(247, 181, 33598)
(247, 211, 29122)
(247, 163, 21887)
(247, 220, 30855)
(247, 55, 11035)
(247, 15, 6139)
(247, 173, 43900)
(247, 96, 41578)
(247, 7, 25249)
(247, 190, 40540)
(247, 231, 19980)
(247, 66, 4448)
(247, 130, 13602)
(247, 102, 5387)
(247, 184, 10260)
(247, 79, 33162)
(247, 227, 27515)
(247, 134, 5651)
(248, 177, 26902)
(248, 3, 1175)
(248, 91, 13260)
(248, 206, 5653)
(248, 27, 16485)
(248, 188, 26567)
(248, 9, 7584)
(248, 226, 14126)
(248, 234, 13142)
(248, 207, 33536)
(248, 214, 34971)
(248, 88, 28075)
(248, 74, 5580)
(248, 217, 13875)
(248, 110, 30887)
(248, 57, 19745)
(248, 62, 17036)
(248, 139, 12976)
(248, 153, 22809)
(248, 82, 5472)
(248, 243, 13790)
(248, 114, 33249)
(248, 12, 19248)
(248, 229, 14217)
(248, 242, 42188)
(248, 195, 38951)
(248, 210, 17494)
(248, 185, 32525)
(248, 227, 25394)
(248, 238, 44054)
(248, 13, 3319)
(248, 205, 36488)
(248, 10, 11437)
(248, 8, 16956)
(248, 151, 39113)
(248, 163, 18840)
(248, 20, 17188)
(248, 211, 41292)
(248, 31, 7537)
(248, 25, 22404)
(248, 166, 39320)
(248, 94, 356)
(248, 140, 12375)
(248, 24, 31991)
(248, 142, 35231)
(248, 116, 12369)
(248, 15, 8291)
(248, 14, 39613)
(248, 209, 13283)
(248, 99, 40693)
(248, 106, 29208)
(248, 107, 20499)
(248, 0, 34397)
(248, 247, 4429)
(248, 154, 39804)
(248, 30, 36309)
(248, 100, 42874)
(248, 105, 29338)
(248, 198, 24995)
(248, 5, 20328)
(248, 164, 36504)
(248, 46, 23163)
(248, 98, 22699)
(248, 71, 41363)
(248, 101, 39973)
(248, 228, 187)
(248, 115, 4588)
(248, 63, 27383)
(248, 75, 14485)
(248, 201, 40673)
(248, 86, 14543)
(248, 147, 18096)
(248, 231, 8268)
(248, 125, 29768)
(248, 236, 20663)
(248, 230, 9510)
(248, 83, 11314)
(248, 187, 8293)
(248, 42, 7088)
(248, 152, 23667)
(248, 150, 20585)
(248, 33, 6279)
(248, 245, 28925)
(248, 144, 26528)
(248, 50, 30557)
(248, 19, 38370)
(248, 79, 12877)
(248, 96, 44087)
(248, 32, 12350)
(248, 45, 8930)
(248, 90, 29143)
(248, 223, 3557)
(248, 73, 38181)
(248, 172, 10959)
(248, 23, 35759)
(248, 53, 8355)
(248, 109, 25960)
(248, 189, 15981)
(248, 184, 1008)
(248, 190, 8526)
(248, 28, 39968)
(248, 133, 28719)
(248, 87, 43707)
(249, 34, 20602)
(249, 120, 40045)
(249, 48, 15736)
(249, 171, 11459)
(249, 38, 41364)
(249, 136, 22890)
(249, 218, 38722)
(249, 59, 4988)
(249, 170, 29489)
(249, 205, 10818)
(249, 104, 11565)
(249, 132, 16150)
(249, 172, 21074)
(249, 107, 17224)
(249, 199, 31116)
(249, 47, 24806)
(249, 217, 34786)
(249, 75, 31574)
(249, 90, 22498)
(249, 200, 23618)
(249, 73, 11718)
(249, 158, 26302)
(249, 24, 12734)
(249, 94, 39251)
(249, 202, 40279)
(249, 185, 29268)
(249, 139, 6828)
(249, 42, 25178)
(249, 63, 24612)
(249, 61, 36082)
(249, 234, 21350)
(249, 146, 10751)
(249, 156, 8316)
(249, 89, 21158)
(249, 71, 1208)
(249, 155, 12938)
(249, 16, 16005)
(249, 123, 43399)
(249, 76, 42048)
(249, 30, 43071)
(249, 29, 36873)
(249, 219, 21849)
(249, 168, 14449)
(249, 194, 20191)
(249, 213, 27663)
(249, 240, 37956)
(249, 67, 6555)
(249, 54, 14590)
(249, 37, 5460)
(249, 118, 15061)
(249, 225, 5776)
(249, 160, 25319)
(249, 153, 699)
(249, 106, 28054)
(249, 81, 20962)
(249, 70, 20767)
(249, 224, 12845)
(249, 184, 39346)
(249, 10, 12785)
(249, 45, 13579)
(249, 43, 28007)
(249, 128, 18965)
(249, 115, 15379)
(249, 68, 26444)
(249, 157, 24012)
(249, 137, 11318)
(249, 27, 10742)
(249, 114, 3742)
(249, 31, 26697)
(249, 95, 4477)
(249, 228, 27758)
(249, 148, 18262)
(249, 46, 18244)
(249, 232, 20113)
(249, 41, 42422)
(249, 182, 17927)
(249, 180, 6731)
(249, 147, 26756)
(249, 122, 9444)
(249, 66, 4144)
(249, 154, 21208)
(249, 8, 1886)
(249, 244, 38423)
(249, 60, 44016)
(249, 214, 25141)
(249, 77, 3039)
(249, 51, 35427)
(249, 35, 7118)
(249, 39, 1885)
(249, 101, 6934)
(249, 144, 19941)
(249, 85, 4386)
(249, 195, 43400)
(249, 74, 28968)
(249, 161, 21138)
(249, 176, 8059)
(249, 212, 20742)
(249, 56, 32016)
(249, 222, 35049)
(249, 130, 16223)
(249, 223, 36212)
(249, 112, 38314)
(249, 233, 27404)
(249, 7, 21556)
(249, 230, 12298)
(249, 239, 40572)
(249, 79, 20988)
(249, 44, 8929)
(249, 93, 4305)
(249, 248, 23570)
(249, 3, 2020)
(249, 124, 35092)
(249, 151, 28103)
(249, 173, 24211)
(249, 204, 246)
(249, 58, 28162)
(249, 210, 33293)
(249, 235, 998)
(249, 65, 37309)
(249, 150, 19091)
(249, 5, 27174)
(249, 196, 29887)
(249, 215, 21051)
(249, 178, 18346)
(249, 14, 29738)
(249, 19, 26986)
(249, 127, 20265)
(249, 28, 2937)
(249, 149, 19466)
(249, 113, 17563)
(249, 99, 26130)
(249, 166, 6217)
(249, 140, 27768)
(249, 193, 30500)
(249, 209, 40102)
(249, 36, 24553)
(249, 80, 811)
(249, 103, 39282)
(249, 117, 9747)
(249, 203, 31849)
(249, 237, 37845)
(249, 164, 29262)
(249, 86, 20059)
(249, 102, 32822)
(249, 245, 24787)
(249, 142, 37786)
(249, 40, 38168)
(249, 25, 39431)
(249, 190, 33889)
(249, 226, 2105)
(249, 32, 4145)
(249, 96, 4717)
(249, 162, 25417)
(249, 141, 2768)
(249, 174, 5593)
(249, 53, 41405)
(249, 211, 21860)
(249, 109, 38779)
(249, 110, 3082)
(249, 2, 17928)
(249, 57, 36912)
(249, 92, 41197)
(249, 183, 3802)
(249, 191, 1878)
(249, 50, 42829)
(249, 23, 29275)
(249, 241, 41658)
(249, 20, 29288)
(250, 236, 37628)
(250, 10, 14458)
(250, 244, 40109)
(250, 206, 11645)
(250, 190, 36760)
(250, 232, 1323)
(250, 20, 39643)
(250, 44, 36920)
(250, 30, 39810)
(250, 56, 3588)
(250, 158, 19969)
(250, 140, 33401)
(250, 213, 42234)
(250, 52, 43212)
(250, 177, 16422)
(250, 33, 27865)
(250, 50, 27767)
(250, 12, 33371)
(250, 18, 25533)
(250, 9, 13523)
(250, 234, 10417)
(250, 170, 18892)
(250, 240, 43116)
(250, 137, 28665)
(250, 51, 31565)
(250, 164, 17946)
(250, 112, 26488)
(250, 201, 15637)
(250, 87, 23347)
(250, 205, 27711)
(250, 99, 24522)
(250, 169, 37097)
(250, 94, 42608)
(250, 154, 547)
(250, 196, 34599)
(250, 162, 27049)
(250, 186, 4094)
(250, 224, 4925)
(250, 75, 35490)
(250, 172, 6877)
(250, 46, 37890)
(250, 222, 36399)
(250, 63, 28735)
(250, 238, 38640)
(250, 121, 31072)
(250, 159, 8487)
(250, 42, 11899)
(250, 58, 4952)
(250, 226, 32354)
(250, 138, 13309)
(250, 53, 28225)
(250, 199, 36571)
(250, 167, 32763)
(250, 217, 42668)
(250, 29, 27247)
(250, 152, 1582)
(250, 241, 35309)
(250, 120, 19050)
(250, 101, 29689)
(250, 72, 185)
(250, 96, 3974)
(250, 24, 23727)
(250, 231, 6195)
(250, 1, 14337)
(250, 145, 9436)
(250, 215, 40871)
(250, 61, 12656)
(250, 243, 29318)
(250, 157, 16942)
(250, 197, 5187)
(250, 32, 27258)
(250, 22, 11113)
(250, 135, 18872)
(250, 134, 22530)
(250, 242, 6442)
(250, 102, 37438)
(250, 65, 40984)
(250, 78, 43943)
(250, 192, 31585)
(250, 117, 6282)
(250, 79, 35663)
(250, 210, 34698)
(250, 182, 34354)
(250, 209, 18743)
(250, 35, 14535)
(250, 0, 10005)
(250, 95, 33387)
(250, 69, 13476)
(250, 132, 4788)
(250, 161, 4329)
(250, 230, 5198)
(250, 214, 4936)
(250, 166, 23989)
(250, 229, 5677)
(250, 21, 37117)
(250, 173, 38164)
(250, 225, 32391)
(250, 98, 26839)
(250, 147, 9478)
(250, 107, 25819)
(250, 180, 29809)
(250, 31, 27311)
(250, 155, 3134)
(250, 126, 15338)
(250, 139, 25995)
(250, 2, 16100)
(250, 106, 41401)
(250, 227, 6406)
(250, 111, 42663)
(250, 81, 5627)
(250, 203, 10506)
(250, 67, 38983)
(250, 207, 10466)
(250, 105, 2152)
(250, 130, 44236)
(250, 89, 28971)
(250, 64, 13503)
(250, 28, 25234)
(250, 146, 5155)
(250, 193, 19281)
(250, 40, 43365)
(250, 237, 15805)
(250, 57, 22769)
(250, 86, 15789)
(250, 194, 35180)
(250, 151, 7251)
(250, 16, 42670)
(250, 14, 23870)
(250, 39, 43594)
(250, 221, 7581)
(250, 248, 8977)
(250, 38, 32773)
(250, 80, 20214)
(250, 4, 142)
(250, 223, 4099)
(250, 198, 10919)
(250, 90, 27721)
(250, 34, 8838)
(250, 144, 23337)
(250, 184, 11105)
(250, 175, 42634)
(250, 160, 43034)
(250, 45, 24680)
(250, 115, 29576)
(250, 108, 12365)
(250, 202, 1314)
(250, 59, 24372)
(250, 11, 33787)
(250, 84, 26482)
(250, 118, 2534)
(250, 70, 24531)
(250, 174, 17221)
(250, 246, 36664)
(250, 54, 3572)
(250, 103, 4010)
(250, 97, 41640)
(250, 26, 15766)
(250, 3, 9779)
(250, 116, 36453)
(250, 235, 37991)
(250, 165, 8795)
(250, 149, 12370)
(250, 156, 13371)
(250, 119, 16348)
(250, 6, 20158)
(250, 183, 5294)
(250, 128, 19173)
(250, 17, 19229)
(250, 181, 10358)
(250, 211, 37212)
(250, 142, 17298)
(250, 141, 21250)
(250, 208, 8397)
(250, 150, 18753)
(250, 178, 1491)
(250, 191, 6992)
(250, 77, 39873)
(250, 55, 38188)
(250, 73, 3787)
(250, 187, 9139)
(250, 76, 23843)
(250, 7, 6158)
(250, 125, 17876)
(250, 13, 39914)
(250, 114, 18361)
(250, 171, 26197)
(250, 74, 36826)
(250, 66, 8914)
(250, 37, 30218)
(250, 153, 35621)
(250, 216, 17173)
(250, 185, 20564)
(250, 104, 40081)
(250, 15, 26525)
(250, 212, 37800)
(250, 200, 32384)
(250, 91, 9476)
(250, 123, 28036)
(250, 110, 33939)
(250, 47, 14628)
(250, 129, 27616)
(250, 43, 18694)
(250, 228, 28251)
(250, 189, 40088)
(250, 41, 10690)
(250, 5, 19150)
(250, 25, 25940)
(250, 148, 4356)
(250, 239, 29181)
(250, 88, 33856)
(250, 109, 34803)
(250, 133, 21469)
(250, 8, 1708)
(250, 82, 19298)
(250, 176, 7871)
(250, 219, 16686)
(250, 220, 4417)
(250, 83, 8690)
(250, 19, 26427)
(250, 245, 23875)
(250, 218, 42182)
(250, 249, 30797)
(250, 131, 23537)
(250, 168, 9521)
(250, 195, 308)
(250, 49, 21759)
(250, 62, 9369)
(250, 48, 34479)
(250, 127, 36619)
(250, 136, 18158)
(250, 204, 28489)
(250, 247, 42428)
(250, 179, 29765)
(250, 71, 37442)
(250, 233, 40808)
(250, 92, 26554)
(250, 113, 30885)
(250, 188, 22971)
(250, 122, 1055)
(251, 54, 5780)
(251, 4, 12063)
(251, 175, 16483)
(251, 114, 20195)
(251, 83, 40652)
(251, 11, 20745)
(251, 99, 23924)
(251, 110, 30819)
(251, 1, 14621)
(251, 215, 29892)
(251, 163, 5538)
(251, 145, 42831)
(251, 59, 2603)
(251, 242, 18939)
(251, 80, 27969)
(251, 98, 5764)
(251, 118, 40945)
(251, 230, 19843)
(251, 68, 17175)
(251, 73, 27764)
(251, 48, 36494)
(251, 172, 34256)
(251, 61, 22519)
(251, 67, 28282)
(251, 84, 16002)
(251, 44, 34283)
(251, 33, 43432)
(251, 152, 8626)
(251, 23, 17134)
(251, 229, 36674)
(251, 47, 9718)
(251, 76, 3070)
(251, 78, 6448)
(251, 133, 1137)
(251, 226, 8658)
(251, 173, 14131)
(251, 227, 19568)
(251, 177, 9884)
(251, 127, 10273)
(251, 160, 13979)
(251, 63, 18291)
(251, 157, 7663)
(251, 131, 13537)
(252, 72, 24600)
(252, 246, 4462)
(252, 204, 27879)
(252, 161, 10483)
(252, 240, 20883)
(252, 233, 34273)
(252, 198, 24176)
(252, 200, 22976)
(252, 13, 22641)
(252, 151, 26971)
(252, 182, 5280)
(252, 86, 10086)
(252, 3, 16281)
(252, 114, 12164)
(252, 59, 40433)
(252, 248, 7447)
(252, 96, 35183)
(252, 78, 6292)
(252, 117, 39429)
(252, 57, 20545)
(252, 140, 5736)
(252, 64, 23876)
(252, 162, 22180)
(252, 112, 17091)
(252, 71, 30670)
(252, 165, 6057)
(252, 47, 5088)
(252, 55, 16258)
(252, 106, 29729)
(252, 132, 22878)
(252, 38, 27154)
(252, 56, 39860)
(252, 17, 16987)
(252, 208, 11854)
(252, 42, 21886)
(252, 12, 6726)
(252, 60, 14966)
(252, 4, 18211)
(252, 109, 2519)
(252, 84, 15730)
(252, 101, 26883)
(252, 70, 31637)
(252, 125, 30925)
(252, 222, 32736)
(252, 142, 6273)
(252, 23, 24064)
(252, 61, 43305)
(252, 212, 2962)
(252, 95, 43905)
(252, 138, 22736)
(252, 15, 32520)
(252, 21, 6206)
(252, 89, 3910)
(252, 1, 31401)
(252, 105, 35009)
(252, 43, 396)
(252, 171, 6852)
(252, 173, 39963)
(252, 54, 13784)
(252, 7, 26933)
(252, 175, 20267)
(252, 205, 41663)
(252, 63, 22222)
(252, 18, 15138)
(252, 48, 9780)
(252, 98, 23531)
(252, 169, 24870)
(252, 184, 14450)
(252, 152, 10046)
(252, 201, 6580)
(252, 75, 14013)
(252, 183, 38027)
(252, 135, 4852)
(252, 141, 36621)
(252, 126, 30494)
(252, 172, 25399)
(252, 166, 8760)
(252, 137, 22401)
(252, 50, 19715)
(252, 148, 11569)
(252, 35, 31703)
(252, 130, 42738)
(252, 100, 32775)
(252, 127, 5029)
(252, 51, 23146)
(252, 80, 20872)
(252, 247, 29003)
(252, 119, 19336)
(252, 149, 13640)
(252, 154, 12426)
(252, 150, 43902)
(252, 81, 39567)
(252, 213, 18757)
(252, 187, 21562)
(252, 76, 27834)
(252, 216, 21784)
(252, 147, 9794)
(252, 146, 19479)
(252, 111, 15496)
(252, 156, 21248)
(252, 134, 44318)
(252, 228, 7420)
(252, 29, 42826)
(252, 118, 6473)
(252, 8, 33092)
(252, 99, 39940)
(252, 180, 40965)
(252, 87, 25203)
(252, 45, 15198)
(252, 207, 12183)
(252, 5, 5368)
(252, 26, 30021)
(252, 79, 32174)
(252, 31, 43306)
(252, 28, 15246)
(252, 27, 27084)
(252, 97, 22285)
(252, 40, 39652)
(252, 218, 26514)
(252, 230, 30441)
(252, 199, 16010)
(252, 232, 39382)
(252, 25, 673)
(252, 74, 41115)
(252, 242, 37740)
(252, 203, 26209)
(252, 211, 40249)
(252, 24, 13877)
(252, 83, 35281)
(252, 197, 19808)
(252, 250, 17843)
(252, 229, 23130)
(252, 157, 37846)
(252, 32, 19384)
(252, 168, 23811)
(252, 196, 19889)
(252, 6, 43023)
(252, 129, 28645)
(252, 215, 13488)
(252, 226, 38599)
(252, 122, 33406)
(252, 131, 767)
(252, 46, 35278)
(252, 9, 25555)
(252, 92, 24660)
(252, 243, 43855)
(252, 225, 14341)
(252, 241, 29479)
(252, 116, 17942)
(252, 90, 37053)
(252, 49, 37230)
(252, 174, 32063)
(252, 14, 5797)
(252, 88, 6749)
(252, 160, 17764)
(252, 206, 40910)
(252, 91, 44179)
(252, 210, 21950)
(252, 153, 10963)
(252, 19, 6126)
(252, 209, 24063)
(252, 58, 17126)
(252, 177, 23642)
(252, 179, 39176)
(252, 0, 5556)
(252, 44, 44133)
(252, 186, 10348)
(252, 245, 35504)
(252, 37, 35256)
(252, 244, 21121)
(252, 185, 39164)
(252, 144, 24754)
(252, 217, 24376)
(252, 231, 41305)
(252, 82, 15314)
(252, 223, 31195)
(252, 108, 13671)
(252, 224, 8498)
(253, 190, 27889)
(253, 223, 18008)
(253, 149, 35280)
(253, 196, 36637)
(253, 192, 39246)
(253, 144, 4183)
(253, 54, 22110)
(253, 191, 4131)
(253, 9, 19349)
(253, 29, 12323)
(253, 5, 6889)
(253, 199, 28537)
(253, 38, 8666)
(253, 213, 23944)
(253, 64, 28026)
(253, 100, 29424)
(253, 211, 20121)
(253, 246, 39230)
(253, 208, 25218)
(253, 113, 27180)
(253, 225, 4607)
(253, 76, 41889)
(253, 13, 37203)
(253, 169, 39923)
(253, 156, 42219)
(253, 162, 10622)
(253, 150, 18181)
(253, 20, 38315)
(253, 41, 32050)
(253, 183, 37493)
(253, 28, 30512)
(253, 73, 33467)
(253, 187, 31808)
(253, 71, 25826)
(253, 106, 36839)
(253, 175, 6874)
(253, 180, 15831)
(253, 74, 32170)
(253, 94, 34924)
(253, 124, 25838)
(253, 44, 20842)
(253, 163, 18958)
(253, 77, 3600)
(253, 154, 8388)
(253, 27, 7637)
(253, 232, 3536)
(253, 21, 22156)
(253, 26, 32641)
(253, 63, 3502)
(253, 75, 34307)
(253, 137, 42097)
(253, 193, 41849)
(253, 228, 7730)
(253, 126, 19211)
(253, 140, 25667)
(253, 153, 10712)
(253, 107, 16542)
(253, 39, 22802)
(253, 97, 649)
(253, 186, 12889)
(253, 239, 8550)
(253, 16, 23963)
(253, 207, 19105)
(253, 168, 19880)
(253, 88, 14756)
(253, 19, 12804)
(253, 146, 44052)
(253, 42, 30703)
(253, 96, 32496)
(253, 198, 16063)
(253, 11, 37166)
(253, 133, 17132)
(253, 89, 13884)
(253, 62, 22554)
(253, 123, 9992)
(253, 8, 39406)
(253, 7, 19226)
(253, 14, 3204)
(253, 157, 3450)
(253, 142, 3377)
(253, 12, 41082)
(253, 58, 39859)
(253, 102, 33484)
(253, 4, 39848)
(253, 172, 41852)
(253, 86, 17944)
(253, 93, 34674)
(253, 80, 7973)
(253, 56, 12704)
(253, 121, 25140)
(253, 218, 42662)
(253, 131, 12281)
(253, 46, 17677)
(253, 104, 19876)
(253, 195, 23844)
(253, 221, 15182)
(253, 166, 40482)
(253, 10, 40374)
(253, 242, 4180)
(253, 49, 41757)
(253, 65, 30072)
(253, 57, 12752)
(253, 92, 36649)
(253, 244, 34205)
(253, 136, 15983)
(253, 178, 8711)
(253, 109, 2579)
(253, 236, 41433)
(253, 205, 29973)
(253, 240, 29930)
(253, 194, 41402)
(253, 138, 14245)
(253, 148, 8572)
(253, 185, 17632)
(253, 164, 20790)
(253, 78, 16654)
(253, 250, 11891)
(253, 158, 20137)
(253, 224, 8577)
(253, 151, 38399)
(253, 231, 7934)
(253, 217, 30436)
(253, 184, 37142)
(253, 60, 32358)
(253, 127, 38759)
(253, 204, 8677)
(253, 82, 18182)
(253, 84, 23464)
(253, 241, 24594)
(253, 230, 4806)
(253, 249, 11086)
(253, 176, 20233)
(253, 98, 4932)
(253, 70, 20281)
(253, 83, 22608)
(253, 238, 28747)
(253, 114, 27339)
(253, 188, 4111)
(253, 214, 35657)
(253, 30, 11634)
(253, 66, 29326)
(253, 37, 40124)
(253, 55, 28013)
(253, 79, 41823)
(253, 0, 10837)
(253, 234, 11772)
(253, 134, 31664)
(253, 216, 22439)
(253, 15, 8693)
(253, 101, 17670)
(253, 120, 5528)
(253, 233, 24146)
(253, 243, 41783)
(253, 40, 6186)
(253, 247, 19260)
(253, 152, 14121)
(253, 47, 34474)
(253, 209, 32944)
(253, 50, 32430)
(253, 222, 25564)
(253, 212, 22080)
(253, 99, 11411)
(253, 105, 29716)
(253, 141, 7494)
(253, 135, 14990)
(253, 118, 6816)
(253, 219, 4823)
(253, 53, 43584)
(253, 90, 26791)
(253, 111, 38771)
(253, 220, 31287)
(253, 32, 29180)
(253, 159, 6231)
(253, 103, 42967)
(253, 161, 30562)
(253, 203, 10956)
(253, 210, 32408)
(253, 200, 10229)
(253, 174, 31394)
(253, 252, 23001)
(253, 139, 14672)
(253, 145, 23652)
(253, 43, 14102)
(253, 122, 7031)
(253, 25, 10397)
(253, 125, 23806)
(253, 45, 3094)
(253, 181, 3261)
(253, 128, 12133)
(253, 235, 27597)
(253, 85, 30003)
(253, 189, 16546)
(253, 108, 9866)
(253, 226, 43741)
(253, 165, 31415)
(253, 61, 7567)
(253, 18, 25534)
(253, 160, 28587)
(253, 173, 31635)
(253, 215, 15628)
(253, 36, 31272)
(253, 202, 19347)
(253, 91, 21947)
(253, 130, 43232)
(253, 23, 34495)
(253, 117, 31633)
(253, 6, 8012)
(253, 33, 7771)
(253, 167, 5770)
(253, 251, 31935)
(253, 35, 9536)
(253, 112, 4371)
(253, 69, 14955)
(253, 22, 40653)
(253, 237, 6904)
(253, 171, 44158)
(253, 155, 7431)
(253, 81, 36095)
(253, 116, 15778)
(253, 197, 27686)
(253, 110, 7999)
(253, 119, 9982)
(253, 3, 25670)
(253, 129, 32367)
(253, 245, 22047)
(253, 201, 43301)
(253, 59, 35426)
(253, 48, 18635)
(253, 227, 14922)
(253, 143, 36363)
(253, 95, 30159)
(253, 24, 15020)
(254, 40, 38436)
(254, 250, 30111)
(254, 51, 31444)
(254, 95, 38308)
(254, 104, 2304)
(254, 210, 35754)
(254, 217, 30776)
(254, 154, 29292)
(254, 171, 20339)
(254, 16, 27428)
(254, 131, 27196)
(254, 184, 35670)
(254, 247, 13317)
(254, 5, 11741)
(254, 1, 15680)
(254, 44, 35261)
(254, 123, 33761)
(254, 164, 17279)
(254, 128, 15014)
(254, 46, 38738)
(254, 28, 43513)
(254, 216, 22636)
(254, 221, 15619)
(254, 53, 41892)
(254, 234, 39378)
(254, 68, 40100)
(254, 22, 9387)
(254, 119, 15537)
(254, 235, 41590)
(254, 98, 8963)
(254, 77, 39995)
(254, 225, 32668)
(254, 189, 6291)
(254, 49, 35340)
(254, 127, 2979)
(254, 190, 22305)
(254, 61, 3232)
(254, 237, 35968)
(254, 195, 27155)
(254, 191, 33789)
(254, 9, 3864)
(254, 241, 34318)
(254, 151, 40744)
(254, 147, 34184)
(254, 90, 39335)
(254, 26, 409)
(254, 67, 9021)
(254, 88, 3524)
(254, 239, 17653)
(254, 81, 10599)
(254, 143, 7615)
(254, 35, 5708)
(254, 79, 23272)
(254, 31, 30375)
(254, 133, 6849)
(254, 252, 22991)
(254, 181, 4367)
(254, 236, 2921)
(254, 150, 36769)
(254, 205, 38776)
(254, 168, 22978)
(254, 109, 36929)
(254, 223, 2303)
(254, 37, 12324)
(254, 177, 9656)
(254, 15, 37791)
(254, 65, 16443)
(254, 152, 36251)
(254, 172, 28959)
(254, 32, 37144)
(254, 203, 1150)
(254, 162, 28317)
(254, 186, 9684)
(254, 135, 33237)
(254, 248, 10098)
(254, 243, 10369)
(254, 232, 36913)
(254, 92, 34727)
(254, 93, 10488)
(254, 100, 22583)
(254, 113, 40155)
(254, 146, 20711)
(255, 160, 44387)
(255, 70, 9074)
(255, 11, 35606)
(255, 231, 678)
(255, 99, 702)
(255, 166, 17569)
(255, 29, 27408)
(255, 125, 15641)
(255, 187, 3763)
(255, 69, 13775)
(255, 154, 17232)
(255, 20, 3706)
(255, 133, 19772)
(255, 190, 10255)
(255, 235, 26442)
(255, 132, 25325)
(255, 51, 912)
(255, 24, 689)
(255, 168, 42951)
(255, 208, 33094)
(255, 0, 32265)
(255, 152, 5636)
(255, 245, 43533)
(255, 137, 31271)
(255, 199, 9963)
(256, 1, 23684)
(256, 216, 38178)
(256, 120, 10112)
(256, 134, 20735)
(256, 119, 26263)
(256, 174, 19000)
(256, 10, 42312)
(256, 87, 26996)
(256, 43, 11014)
(256, 130, 14697)
(256, 190, 4461)
(256, 223, 1406)
(256, 195, 877)
(256, 228, 25602)
(256, 148, 25217)
(256, 136, 30714)
(256, 155, 29025)
(256, 176, 11983)
(256, 248, 538)
(256, 9, 25695)
(256, 62, 10144)
(256, 233, 27410)
(256, 52, 20659)
(256, 11, 32493)
(256, 144, 19627)
(256, 129, 11705)
(256, 104, 18140)
(256, 44, 34978)
(256, 202, 3664)
(256, 254, 31862)
(256, 209, 32281)
(256, 205, 6339)
(256, 81, 26145)
(256, 249, 40163)
(256, 114, 7507)
(256, 7, 18358)
(256, 33, 6553)
(256, 32, 16685)
(256, 72, 27489)
(256, 124, 11038)
(256, 151, 4710)
(256, 6, 41872)
(256, 18, 2467)
(256, 199, 4681)
(256, 100, 20379)
(256, 193, 30629)
(256, 93, 35170)
(256, 168, 35319)
(256, 118, 20424)
(256, 169, 15175)
(256, 226, 42950)
(256, 253, 25257)
(256, 146, 30845)
(256, 131, 32742)
(256, 19, 11806)
(256, 201, 34656)
(256, 126, 3740)
(256, 111, 38067)
(256, 74, 38036)
(256, 221, 10552)
(256, 121, 6377)
(256, 161, 38137)
(256, 213, 8183)
(256, 196, 43767)
(256, 242, 27457)
(256, 140, 30071)
(256, 181, 26793)
(256, 211, 19784)
(256, 85, 21461)
(256, 182, 40985)
(256, 46, 18918)
(256, 58, 5866)
(256, 150, 23865)
(256, 75, 41320)
(256, 164, 93)
(256, 208, 32504)
(256, 48, 25458)
(256, 180, 26212)
(256, 212, 22515)
(256, 122, 9742)
(256, 183, 4366)
(256, 194, 6522)
(256, 158, 16859)
(256, 207, 41482)
(256, 70, 2474)
(256, 250, 814)
(256, 67, 42936)
(256, 255, 28199)
(256, 127, 9730)
(256, 160, 21725)
(256, 71, 43310)
(256, 192, 3919)
(256, 232, 8025)
(256, 186, 12425)
(256, 157, 29393)
(256, 231, 27780)
(256, 12, 42673)
(256, 5, 17294)
(256, 39, 26522)
(256, 139, 23638)
(256, 42, 2468)
(256, 13, 44096)
(256, 37, 1452)
(256, 97, 34739)
(256, 106, 33109)
(256, 101, 43236)
(256, 29, 30363)
(256, 86, 21048)
(256, 50, 37135)
(256, 60, 21682)
(256, 177, 3264)
(256, 247, 23102)
(256, 61, 20429)
(256, 252, 38110)
(256, 145, 22239)
(256, 15, 35130)
(256, 227, 5856)
(256, 198, 23302)
(256, 69, 5584)
(256, 78, 37930)
(256, 45, 41462)
(256, 8, 19033)
(256, 235, 38544)
(256, 94, 39351)
(256, 38, 23198)
(256, 63, 40185)
(256, 128, 26283)
(256, 178, 9443)
(256, 76, 15275)
(256, 17, 33535)
(256, 173, 18891)
(256, 189, 26152)
(256, 47, 39587)
(256, 159, 31910)
(256, 26, 27651)
(256, 215, 33221)
(256, 89, 29548)
(256, 243, 1447)
(256, 214, 13101)
(256, 203, 9653)
(256, 171, 2231)
(256, 49, 2726)
(256, 166, 27304)
(256, 238, 15852)
(256, 218, 36847)
(256, 28, 24030)
(256, 224, 7490)
(256, 188, 11039)
(256, 135, 25514)
(256, 251, 22753)
(256, 16, 30736)
(256, 154, 15365)
(256, 241, 13022)
(256, 51, 10755)
(256, 115, 15755)
(256, 204, 30401)
(256, 167, 24765)
(256, 165, 25015)
(256, 210, 34545)
(256, 206, 22471)
(256, 98, 8322)
(256, 123, 1331)
(256, 185, 5386)
(256, 36, 23137)
(256, 66, 33509)
(256, 153, 17476)
(256, 230, 19003)
(256, 3, 9953)
(256, 108, 15759)
(256, 107, 33862)
(256, 184, 2812)
(256, 77, 2183)
(256, 175, 23067)
(256, 80, 31443)
(256, 125, 43559)
(256, 137, 42209)
(256, 163, 29625)
(256, 237, 32333)
(256, 84, 12947)
(256, 143, 38026)
(256, 245, 433)
(256, 59, 34104)
(256, 31, 18150)
(256, 105, 31170)
(256, 2, 29205)
(256, 116, 22437)
(256, 90, 28187)
(256, 21, 31684)
(256, 142, 7019)
(256, 152, 28284)
(256, 170, 12934)
(256, 156, 28439)
(256, 0, 30908)
(256, 141, 464)
(256, 236, 3595)
(256, 222, 23526)
(256, 27, 136)
(256, 220, 9801)
(256, 25, 7119)
(256, 57, 6073)
(256, 179, 569)
(257, 171, 14774)
(257, 251, 1266)
(257, 142, 4868)
(257, 122, 36041)
(257, 219, 20950)
(257, 188, 20320)
(257, 126, 11341)
(258, 60, 29091)
(258, 221, 37105)
(258, 173, 29580)
(258, 172, 5634)
(258, 72, 29817)
(258, 121, 12759)
(258, 75, 37829)
(258, 226, 14075)
(258, 114, 3047)
(258, 176, 20462)
(258, 209, 10401)
(258, 230, 26540)
(258, 95, 10284)
(258, 127, 30921)
(258, 37, 13305)
(258, 200, 2926)
(258, 253, 2762)
(258, 223, 39890)
(258, 201, 11843)
(258, 9, 26992)
(258, 31, 20157)
(258, 165, 1593)
(258, 15, 38879)
(258, 79, 23590)
(258, 137, 15321)
(258, 112, 25575)
(258, 130, 33283)
(258, 70, 43411)
(258, 23, 34039)
(258, 149, 15525)
(258, 40, 30442)
(258, 175, 29467)
(258, 211, 24966)
(258, 77, 37575)
(258, 86, 28976)
(258, 141, 25107)
(258, 205, 42271)
(258, 250, 32079)
(258, 111, 39678)
(258, 190, 23492)
(258, 158, 2790)
(258, 122, 23633)
(258, 34, 116)
(258, 153, 12818)
(258, 100, 20636)
(258, 113, 12914)
(258, 218, 7793)
(258, 146, 27498)
(258, 98, 29073)
(258, 96, 41334)
(258, 247, 43628)
(258, 252, 35042)
(258, 178, 28516)
(258, 32, 23389)
(258, 195, 36332)
(258, 145, 30054)
(258, 36, 10766)
(258, 5, 12793)
(258, 155, 1615)
(258, 33, 21092)
(258, 24, 24779)
(258, 244, 26193)
(258, 7, 27946)
(258, 217, 12588)
(258, 58, 18323)
(258, 234, 573)
(258, 184, 38079)
(258, 157, 29807)
(258, 180, 858)
(258, 140, 37878)
(258, 56, 4250)
(258, 0, 19404)
(258, 151, 26896)
(258, 109, 40890)
(258, 177, 9205)
(258, 197, 5266)
(258, 14, 44286)
(258, 54, 920)
(258, 147, 17113)
(258, 62, 5817)
(258, 22, 17292)
(258, 123, 2278)
(258, 87, 28218)
(258, 163, 5287)
(258, 142, 27887)
(258, 174, 32770)
(258, 239, 10335)
(258, 138, 6105)
(258, 212, 21205)
(258, 235, 27163)
(258, 93, 25910)
(258, 61, 1148)
(258, 168, 36125)
(258, 229, 11241)
(258, 159, 25750)
(258, 204, 22550)
(258, 84, 16802)
(258, 203, 15952)
(258, 224, 34380)
(258, 92, 42450)
(258, 202, 8823)
(258, 103, 1161)
(258, 66, 32682)
(258, 231, 39516)
(258, 17, 14437)
(258, 164, 16294)
(258, 48, 34079)
(258, 161, 5051)
(258, 238, 22000)
(258, 81, 7109)
(258, 26, 18536)
(258, 47, 488)
(258, 118, 589)
(258, 160, 41989)
(258, 83, 28643)
(258, 228, 28250)
(258, 44, 17385)
(258, 94, 38252)
(258, 2, 15204)
(258, 82, 31623)
(258, 89, 5138)
(258, 105, 8685)
(258, 117, 42745)
(258, 16, 33424)
(258, 255, 42576)
(258, 67, 8409)
(258, 10, 10536)
(258, 28, 15764)
(258, 6, 7897)
(258, 139, 32743)
(258, 73, 30650)
(258, 256, 14229)
(258, 45, 21702)
(258, 207, 37157)
(258, 192, 5680)
(258, 85, 2476)
(258, 219, 3510)
(258, 191, 15843)
(258, 29, 39409)
(258, 246, 37204)
(258, 18, 19721)
(258, 128, 23597)
(258, 74, 36339)
(258, 64, 6978)
(258, 162, 31392)
(258, 185, 24051)
(258, 220, 386)
(258, 104, 24249)
(258, 214, 7629)
(258, 101, 31836)
(258, 3, 14460)
(258, 222, 4345)
(258, 39, 16601)
(259, 79, 24897)
(259, 230, 29385)
(259, 43, 38338)
(259, 221, 30573)
(259, 234, 39137)
(259, 252, 18162)
(259, 105, 910)
(259, 192, 516)
(259, 219, 430)
(259, 232, 34930)
(259, 117, 13419)
(259, 7, 18736)
(259, 36, 3370)
(259, 99, 41952)
(259, 27, 22226)
(259, 30, 34565)
(259, 107, 18100)
(259, 128, 27164)
(259, 136, 8224)
(259, 39, 18077)
(259, 132, 23541)
(259, 25, 42454)
(259, 169, 44291)
(259, 204, 28746)
(259, 197, 29004)
(259, 184, 8269)
(259, 59, 27925)
(259, 255, 36198)
(259, 74, 7456)
(259, 222, 17869)
(259, 51, 4780)
(259, 250, 34828)
(259, 178, 27248)
(259, 183, 5765)
(259, 137, 18577)
(259, 97, 33887)
(259, 214, 34485)
(259, 80, 5127)
(259, 220, 38142)
(259, 240, 6412)
(259, 55, 3596)
(259, 68, 40499)
(259, 85, 40608)
(259, 89, 41478)
(259, 26, 28703)
(259, 193, 4284)
(259, 229, 2931)
(259, 196, 19696)
(259, 247, 20302)
(259, 63, 12945)
(259, 181, 18709)
(259, 242, 37018)
(259, 64, 23353)
(259, 3, 8245)
(259, 186, 32141)
(259, 141, 38177)
(259, 91, 37179)
(259, 116, 8948)
(259, 171, 28681)
(259, 65, 42864)
(259, 33, 8101)
(259, 200, 15997)
(259, 86, 6338)
(259, 157, 17247)
(259, 223, 37354)
(259, 126, 36961)
(259, 113, 24894)
(259, 58, 30148)
(259, 133, 37778)
(259, 66, 37209)
(259, 22, 37076)
(259, 203, 4420)
(259, 61, 17402)
(259, 11, 30461)
(259, 16, 43563)
(259, 182, 7083)
(259, 62, 393)
(259, 50, 5372)
(259, 20, 2255)
(259, 163, 31567)
(259, 10, 28911)
(259, 228, 42079)
(259, 118, 3166)
(259, 215, 19759)
(259, 235, 27315)
(259, 111, 5530)
(259, 12, 9230)
(259, 166, 41274)
(259, 5, 13773)
(259, 149, 19537)
(260, 176, 36874)
(260, 31, 7644)
(260, 125, 27256)
(260, 107, 8431)
(260, 81, 23254)
(260, 196, 42498)
(260, 103, 4647)
(260, 194, 16263)
(260, 94, 22061)
(260, 110, 11043)
(260, 116, 8675)
(260, 74, 28176)
(260, 118, 3585)
(260, 28, 24722)
(260, 232, 5024)
(260, 187, 40879)
(260, 59, 22209)
(260, 11, 21349)
(260, 113, 31118)
(260, 52, 33521)
(260, 18, 15250)
(260, 206, 26977)
(260, 3, 14171)
(260, 161, 18932)
(260, 22, 26885)
(260, 182, 26642)
(260, 179, 13576)
(260, 188, 2242)
(260, 247, 14322)
(260, 35, 20216)
(260, 2, 31179)
(260, 208, 30433)
(260, 148, 31232)
(260, 72, 37222)
(260, 71, 34752)
(260, 184, 36978)
(260, 0, 36854)
(260, 49, 33254)
(260, 233, 33468)
(260, 121, 22286)
(260, 6, 40867)
(260, 222, 14538)
(260, 163, 21500)
(260, 122, 10175)
(260, 138, 35694)
(260, 215, 32205)
(260, 70, 22876)
(260, 142, 25478)
(260, 159, 31847)
(260, 57, 35877)
(260, 73, 47)
(260, 60, 21494)
(260, 234, 2035)
(261, 48, 43635)
(261, 157, 1626)
(261, 66, 1364)
(261, 210, 23296)
(261, 139, 24879)
(261, 136, 10998)
(261, 132, 16425)
(261, 86, 2535)
(261, 32, 7379)
(261, 16, 26298)
(261, 232, 20756)
(261, 173, 22784)
(261, 219, 32448)
(261, 182, 2985)
(261, 93, 7238)
(261, 258, 19689)
(261, 45, 41500)
(261, 260, 12340)
(261, 60, 10824)
(261, 120, 36607)
(261, 63, 16174)
(261, 152, 3966)
(261, 91, 10186)
(261, 176, 6999)
(261, 163, 21427)
(261, 56, 4364)
(261, 17, 8129)
(261, 130, 1743)
(261, 211, 13865)
(261, 77, 23274)
(261, 151, 36800)
(261, 59, 17071)
(261, 196, 11921)
(261, 73, 17178)
(261, 153, 19284)
(261, 67, 40460)
(261, 107, 20409)
(261, 79, 7813)
(261, 209, 5956)
(261, 128, 11124)
(261, 160, 17309)
(261, 180, 6278)
(261, 38, 21565)
(261, 144, 35198)
(261, 159, 31593)
(261, 126, 5107)
(261, 245, 3720)
(261, 227, 10207)
(261, 133, 37586)
(261, 121, 17724)
(261, 76, 1874)
(261, 259, 10797)
(261, 208, 14307)
(261, 21, 33322)
(261, 69, 11842)
(261, 5, 24742)
(261, 215, 24967)
(261, 7, 43568)
(261, 28, 17661)
(261, 115, 39737)
(261, 123, 20440)
(261, 201, 2042)
(261, 85, 43472)
(261, 50, 4824)
(261, 100, 42491)
(261, 125, 18377)
(261, 233, 21889)
(262, 15, 43176)
(262, 96, 12582)
(262, 34, 20858)
(262, 3, 42021)
(262, 188, 26336)
(262, 108, 10062)
(262, 130, 17320)
(262, 14, 40901)
(262, 257, 9808)
(262, 230, 41092)
(262, 77, 41487)
(262, 91, 7261)
(262, 193, 14739)
(262, 26, 32993)
(262, 94, 37644)
(262, 23, 19713)
(262, 135, 2606)
(262, 132, 44372)
(262, 70, 8258)
(262, 125, 41644)
(262, 109, 30947)
(262, 10, 35337)
(262, 200, 20155)
(262, 165, 26254)
(262, 47, 33183)
(262, 99, 10688)
(262, 177, 19025)
(262, 42, 29031)
(262, 86, 756)
(263, 23, 10324)
(263, 75, 40839)
(263, 108, 15018)
(263, 135, 12668)
(263, 185, 26324)
(264, 1, 38045)
(264, 141, 26826)
(264, 237, 18022)
(264, 151, 4586)
(264, 9, 39922)
(264, 239, 14822)
(264, 62, 17396)
(264, 108, 17441)
(264, 216, 8248)
(264, 19, 1041)
(264, 122, 19420)
(264, 123, 1607)
(264, 21, 13555)
(264, 257, 34447)
(264, 94, 15737)
(264, 152, 6596)
(264, 172, 33390)
(264, 106, 15331)
(264, 112, 10246)
(264, 56, 5585)
(264, 162, 25409)
(264, 67, 35101)
(264, 243, 5218)
(264, 127, 32421)
(264, 29, 21928)
(264, 214, 19648)
(264, 48, 33107)
(264, 188, 11415)
(264, 70, 33927)
(264, 15, 8165)
(264, 126, 306)
(264, 32, 40011)
(264, 175, 36916)
(264, 215, 8252)
(264, 189, 12733)
(264, 164, 22460)
(264, 54, 12911)
(264, 120, 11001)
(264, 203, 28922)
(264, 83, 2825)
(264, 7, 26869)
(264, 261, 36420)
(264, 49, 38467)
(264, 55, 17938)
(264, 61, 38725)
(264, 0, 8773)
(264, 46, 22955)
(264, 254, 7289)
(264, 205, 14646)
(264, 130, 2969)
(264, 247, 29590)
(264, 10, 13587)
(264, 129, 11302)
(264, 150, 21984)
(264, 26, 5721)
(264, 44, 24881)
(264, 68, 37687)
(264, 181, 11101)
(264, 224, 20782)
(264, 73, 1405)
(264, 65, 13637)
(264, 263, 13154)
(264, 252, 43914)
(264, 58, 21478)
(264, 5, 29388)
(264, 170, 35829)
(264, 89, 26486)
(264, 74, 16510)
(264, 118, 36723)
(264, 34, 6945)
(264, 27, 2628)
(264, 6, 941)
(264, 144, 17001)
(264, 40, 3999)
(264, 72, 43967)
(264, 60, 18719)
(264, 135, 10678)
(264, 207, 11937)
(264, 235, 3666)
(264, 142, 43579)
(264, 18, 15413)
(264, 260, 26346)
(264, 187, 18619)
(264, 81, 9290)
(264, 155, 44114)
(264, 146, 12300)
(264, 17, 33058)
(264, 128, 37804)
(264, 88, 27021)
(264, 229, 16328)
(264, 200, 11715)
(264, 238, 2333)
(264, 178, 41157)
(264, 211, 4608)
(264, 85, 35498)
(264, 92, 5640)
(264, 223, 3677)
(264, 13, 11356)
(264, 248, 15306)
(264, 177, 30617)
(264, 236, 1394)
(264, 154, 14393)
(265, 72, 31136)
(265, 248, 34452)
(265, 241, 31756)
(265, 66, 3209)
(266, 34, 7224)
(266, 120, 26437)
(266, 204, 18954)
(266, 260, 5150)
(266, 22, 27684)
(266, 190, 42858)
(266, 246, 1181)
(266, 251, 3619)
(266, 108, 10090)
(266, 69, 13119)
(266, 234, 25324)
(266, 211, 7039)
(266, 216, 9050)
(266, 265, 26820)
(266, 252, 35139)
(266, 201, 959)
(266, 235, 22265)
(266, 76, 9212)
(266, 12, 4042)
(266, 10, 36394)
(266, 180, 44143)
(266, 15, 30202)
(266, 52, 12085)
(266, 35, 5036)
(266, 185, 2995)
(266, 223, 37322)
(266, 105, 41750)
(266, 182, 10156)
(266, 29, 366)
(266, 47, 19291)
(266, 202, 34851)
(266, 136, 33798)
(266, 184, 3812)
(266, 166, 44191)
(266, 237, 36355)
(266, 107, 26389)
(266, 61, 7186)
(266, 142, 38931)
(266, 27, 26473)
(266, 119, 33549)
(266, 222, 34550)
(266, 207, 29176)
(266, 49, 18556)
(266, 232, 3314)
(266, 130, 15149)
(266, 1, 24895)
(266, 81, 43516)
(266, 158, 23647)
(266, 80, 23341)
(266, 126, 25422)
(266, 85, 36146)
(266, 53, 32828)
(266, 255, 14710)
(266, 103, 16213)
(266, 41, 5595)
(266, 231, 43230)
(266, 14, 28764)
(266, 217, 21188)
(266, 2, 25355)
(266, 118, 6379)
(266, 113, 39627)
(266, 254, 41124)
(266, 59, 25031)
(266, 135, 31292)
(266, 155, 32567)
(266, 74, 9578)
(266, 88, 1890)
(266, 20, 35028)
(266, 150, 32818)
(266, 181, 5894)
(266, 64, 27117)
(266, 258, 14468)
(266, 228, 4214)
(266, 183, 43430)
(266, 208, 31441)
(266, 131, 31514)
(266, 206, 27103)
(266, 96, 29663)
(266, 112, 21755)
(266, 9, 19072)
(266, 175, 28567)
(266, 39, 17456)
(266, 203, 2566)
(266, 160, 36249)
(266, 233, 34673)
(266, 77, 40245)
(266, 236, 20206)
(266, 230, 1855)
(266, 70, 14527)
(266, 195, 7722)
(266, 129, 33166)
(266, 72, 44299)
(266, 122, 9930)
(266, 192, 29139)
(266, 172, 539)
(266, 144, 40916)
(266, 226, 21790)
(266, 239, 40566)
(266, 176, 20008)
(266, 220, 30210)
(266, 140, 32135)
(266, 156, 25568)
(266, 247, 24602)
(266, 224, 24888)
(266, 3, 28025)
(266, 71, 39878)
(266, 187, 15816)
(266, 153, 1601)
(266, 33, 19224)
(266, 125, 30622)
(266, 189, 41323)
(266, 193, 26433)
(266, 16, 39932)
(266, 250, 7865)
(266, 100, 43030)
(266, 93, 11231)
(266, 45, 2232)
(266, 214, 39417)
(266, 30, 1337)
(266, 68, 7968)
(266, 24, 11654)
(266, 141, 42032)
(266, 244, 14736)
(266, 238, 26199)
(266, 196, 5017)
(266, 257, 31107)
(266, 17, 16324)
(266, 168, 7064)
(266, 146, 1943)
(266, 86, 43380)
(266, 143, 33448)
(266, 240, 5145)
(266, 163, 38204)
(266, 82, 9329)
(266, 198, 37549)
(267, 266, 20869)
(267, 154, 4744)
(267, 113, 42780)
(267, 200, 11659)
(267, 214, 3782)
(267, 13, 21395)
(267, 235, 20083)
(267, 134, 6856)
(267, 233, 23374)
(267, 206, 39986)
(267, 54, 18426)
(267, 103, 8342)
(267, 71, 34473)
(267, 8, 38085)
(267, 4, 12687)
(267, 164, 24427)
(267, 229, 989)
(267, 257, 7528)
(267, 122, 14471)
(267, 50, 42060)
(267, 195, 11691)
(267, 3, 31325)
(267, 38, 21392)
(267, 215, 36068)
(267, 16, 24186)
(267, 225, 30470)
(267, 25, 13947)
(267, 80, 32323)
(267, 172, 1456)
(267, 42, 1768)
(267, 1, 2421)
(267, 55, 17708)
(267, 262, 38521)
(267, 159, 30393)
(267, 47, 14658)
(267, 95, 38279)
(267, 186, 25546)
(267, 86, 26438)
(267, 53, 43106)
(267, 81, 42992)
(267, 48, 42264)
(267, 231, 21226)
(267, 202, 9648)
(267, 46, 19704)
(267, 27, 25013)
(267, 244, 34605)
(267, 166, 31274)
(267, 67, 26124)
(267, 97, 32020)
(267, 104, 13547)
(267, 90, 11868)
(267, 259, 5709)
(267, 59, 40472)
(267, 212, 21511)
(267, 98, 4674)
(267, 17, 3353)
(267, 158, 44279)
(267, 35, 14723)
(267, 112, 40339)
(267, 224, 13703)
(267, 135, 20861)
(267, 45, 13269)
(267, 191, 40215)
(267, 140, 1066)
(267, 173, 7315)
(267, 179, 831)
(267, 230, 14199)
(267, 261, 20430)
(267, 14, 18079)
(267, 105, 36991)
(267, 116, 12918)
(267, 121, 950)
(267, 65, 30032)
(267, 77, 6150)
(267, 250, 32362)
(267, 240, 13014)
(267, 226, 30394)
(267, 210, 18962)
(267, 248, 23940)
(267, 162, 7226)
(267, 72, 23294)
(267, 174, 2831)
(267, 219, 14484)
(267, 100, 10663)
(267, 124, 21080)
(267, 187, 43667)
(267, 189, 42411)
(267, 217, 34230)
(267, 125, 43765)
(267, 49, 5393)
(267, 136, 3437)
(267, 2, 8176)
(267, 216, 21845)
(267, 171, 19507)
(267, 260, 17636)
(267, 93, 20239)
(267, 150, 5741)
(267, 199, 30268)
(267, 22, 20413)
(267, 9, 11)
(267, 123, 16408)
(267, 120, 8043)
(267, 142, 2340)
(267, 107, 3850)
(267, 101, 30576)
(267, 56, 35585)
(267, 196, 19690)
(267, 149, 35834)
(267, 155, 3072)
(267, 66, 12377)
(267, 99, 26338)
(267, 11, 5955)
(267, 141, 10240)
(267, 43, 26202)
(267, 41, 8725)
(267, 147, 18643)
(267, 91, 9615)
(267, 60, 3392)
(267, 182, 5773)
(267, 145, 29056)
(267, 185, 19773)
(267, 251, 43818)
(267, 167, 27751)
(267, 20, 1705)
(267, 15, 42675)
(267, 58, 10908)
(267, 163, 20868)
(267, 156, 35526)
(267, 177, 15468)
(267, 126, 25684)
(267, 245, 29954)
(267, 178, 41287)
(267, 30, 4256)
(267, 139, 12856)
(267, 184, 36168)
(267, 73, 9197)
(267, 61, 17622)
(267, 170, 31917)
(267, 37, 42579)
(267, 34, 19300)
(267, 102, 32271)
(267, 165, 11012)
(267, 169, 10276)
(267, 133, 22709)
(267, 192, 41217)
(267, 64, 36909)
(267, 161, 16170)
(267, 221, 43753)
(267, 69, 43462)
(267, 203, 23764)
(267, 119, 43610)
(267, 211, 27492)
(267, 111, 35021)
(267, 75, 12674)
(267, 246, 140)
(267, 19, 40214)
(267, 183, 2952)
(267, 131, 23343)
(267, 207, 20321)
(267, 28, 34936)
(267, 148, 41434)
(267, 18, 27305)
(267, 10, 38024)
(267, 253, 28704)
(267, 228, 36520)
(267, 96, 33437)
(267, 128, 15739)
(267, 247, 37021)
(267, 88, 15103)
(267, 44, 38998)
(268, 267, 10614)
(268, 71, 21671)
(268, 97, 5639)
(268, 218, 2813)
(268, 105, 22478)
(268, 12, 39067)
(268, 265, 9669)
(268, 157, 44302)
(268, 7, 33355)
(268, 52, 23593)
(268, 99, 12721)
(268, 260, 31526)
(268, 171, 22114)
(268, 107, 11866)
(268, 79, 30303)
(268, 111, 35292)
(268, 187, 40716)
(268, 126, 25235)
(268, 120, 1093)
(268, 87, 8885)
(268, 217, 38108)
(268, 165, 31693)
(268, 35, 35496)
(268, 69, 39599)
(268, 202, 10133)
(268, 227, 37050)
(268, 163, 43915)
(268, 254, 42774)
(268, 262, 21435)
(268, 124, 19257)
(268, 238, 24884)
(268, 19, 18372)
(268, 192, 41421)
(268, 207, 15115)
(268, 243, 22846)
(268, 67, 34783)
(268, 141, 32778)
(268, 108, 11399)
(268, 240, 26317)
(268, 235, 32359)
(268, 25, 14317)
(268, 256, 14919)
(268, 31, 40530)
(268, 75, 27419)
(268, 138, 35106)
(268, 204, 29199)
(268, 0, 1407)
(268, 244, 10291)
(268, 248, 21305)
(268, 13, 43001)
(268, 220, 25829)
(268, 237, 3876)
(268, 32, 4816)
(268, 30, 33816)
(268, 179, 290)
(268, 57, 36613)
(268, 216, 38283)
(268, 236, 30723)
(268, 224, 15337)
(268, 176, 8265)
(268, 251, 2029)
(268, 64, 33317)
(268, 208, 12453)
(268, 233, 22957)
(268, 41, 37887)
(268, 68, 31097)
(268, 134, 9386)
(268, 61, 1627)
(268, 16, 41759)
(268, 232, 8003)
(268, 221, 4986)
(268, 146, 16143)
(268, 242, 5308)
(268, 210, 1322)
(268, 180, 2361)
(268, 142, 15249)
(268, 200, 21329)
(268, 131, 4666)
(268, 257, 31646)
(268, 197, 25677)
(268, 228, 39015)
(268, 11, 5385)
(268, 234, 32532)
(268, 88, 33994)
(268, 191, 16535)
(268, 101, 34449)
(268, 155, 4969)
(268, 17, 7481)
(268, 77, 32620)
(268, 148, 17767)
(268, 125, 12828)
(268, 143, 11941)
(268, 55, 22529)
(268, 3, 25724)
(268, 135, 41721)
(268, 169, 38112)
(268, 170, 13561)
(268, 81, 37089)
(268, 70, 30351)
(268, 158, 5142)
(268, 37, 41650)
(268, 188, 39092)
(268, 47, 22665)
(268, 174, 250)
(268, 40, 21669)
(268, 10, 4416)
(268, 109, 22690)
(268, 261, 3632)
(268, 4, 18670)
(268, 27, 28753)
(268, 185, 8554)
(268, 78, 15566)
(268, 84, 39881)
(268, 96, 31820)
(268, 51, 36070)
(268, 98, 8683)
(268, 223, 2861)
(268, 196, 8018)
(268, 222, 36093)
(268, 186, 40260)
(268, 95, 44289)
(268, 144, 4342)
(268, 263, 12821)
(268, 189, 4217)
(268, 211, 14077)
(268, 250, 32973)
(268, 76, 441)
(268, 231, 25445)
(268, 166, 39433)
(268, 225, 5464)
(268, 190, 26213)
(268, 209, 10809)
(268, 65, 19289)
(268, 259, 27030)
(268, 175, 21530)
(268, 72, 40936)
(268, 195, 15996)
(268, 153, 43227)
(268, 114, 36831)
(268, 82, 40415)
(268, 178, 42007)
(268, 86, 42790)
(268, 164, 30364)
(268, 34, 4088)
(268, 156, 2983)
(268, 249, 28044)
(268, 162, 35362)
(268, 94, 36730)
(268, 253, 25173)
(268, 206, 23632)
(268, 103, 30987)
(268, 245, 42158)
(268, 123, 22928)
(268, 139, 22909)
(268, 137, 39252)
(268, 104, 31903)
(268, 127, 36892)
(268, 39, 38683)
(268, 54, 29574)
(268, 90, 15488)
(268, 93, 28112)
(268, 60, 23028)
(268, 255, 38969)
(268, 214, 28027)
(268, 110, 8648)
(268, 181, 20225)
(268, 36, 25689)
(268, 46, 19673)
(268, 58, 3269)
(268, 106, 17503)
(268, 21, 17866)
(268, 193, 31100)
(268, 173, 41072)
(268, 230, 41896)
(268, 264, 293)
(268, 112, 21428)
(268, 23, 35556)
(268, 133, 42113)
(268, 80, 27488)
(268, 266, 10122)
(268, 130, 32542)
(268, 182, 21819)
(268, 6, 6357)
(268, 115, 14798)
(268, 66, 34886)
(268, 201, 14327)
(268, 92, 40725)
(268, 89, 37965)
(268, 161, 9440)
(268, 113, 3175)
(268, 42, 23794)
(268, 74, 10008)
(268, 83, 14433)
(268, 215, 44021)
(268, 194, 43830)
(268, 229, 38499)
(268, 59, 39622)
(268, 116, 38841)
(268, 2, 39175)
(268, 22, 40814)
(268, 48, 16522)
(268, 122, 28258)
(268, 45, 16270)
(268, 62, 4412)
(268, 5, 23121)
(268, 247, 37858)
(268, 9, 44268)
(268, 129, 28999)
(268, 241, 18351)
(268, 149, 21259)
(268, 29, 30765)
(268, 205, 7208)
(268, 239, 33172)
(268, 151, 12591)
(268, 50, 20888)
(268, 132, 38014)
(268, 246, 1473)
(268, 199, 14755)
(268, 14, 13439)
(268, 15, 24091)
(268, 203, 3068)
(268, 160, 3220)
(268, 91, 4871)
(268, 53, 37214)
(268, 184, 33426)
(268, 43, 41819)
(268, 73, 33964)
(268, 18, 19396)
(268, 226, 6310)
(268, 183, 7737)
(268, 252, 42978)
(268, 121, 41665)
(268, 154, 20577)
(268, 33, 22060)
(268, 117, 21583)
(268, 8, 12344)
(268, 219, 21900)
(268, 159, 15472)
(268, 20, 8971)
(268, 100, 39711)
(268, 212, 4975)
(268, 128, 22459)
(268, 24, 2120)
(268, 44, 42389)
(268, 168, 22125)
(268, 150, 33287)
(268, 26, 3203)
(268, 119, 23456)
(268, 147, 26109)
(268, 145, 31498)
(268, 85, 34715)
(268, 28, 25705)
(268, 167, 41153)
(268, 140, 33741)
(268, 38, 31185)
(268, 177, 23920)
(268, 172, 29172)
(268, 118, 22650)
(268, 49, 25115)
(268, 136, 21389)
(268, 213, 4376)
(268, 63, 30093)
(268, 258, 10609)
(268, 198, 23364)
(268, 1, 13541)
(269, 96, 11920)
(269, 214, 16519)
(269, 40, 18009)
(269, 195, 927)
(269, 219, 11353)
(269, 231, 37773)
(269, 50, 16133)
(269, 175, 29795)
(269, 76, 21004)
(269, 59, 33061)
(269, 158, 37906)
(269, 267, 1842)
(269, 174, 25768)
(269, 172, 9908)
(269, 178, 35438)
(269, 71, 11027)
(269, 226, 8736)
(269, 229, 8198)
(269, 162, 26512)
(269, 131, 18994)
(269, 23, 24053)
(269, 235, 15719)
(269, 180, 2283)
(269, 84, 38548)
(269, 128, 19485)
(269, 168, 31191)
(269, 218, 38512)
(269, 47, 41587)
(269, 189, 21903)
(269, 145, 40289)
(270, 15, 15387)
(270, 68, 12092)
(270, 264, 576)
(270, 40, 17034)
(270, 13, 22835)
(270, 93, 5592)
(270, 189, 91)
(270, 174, 20509)
(270, 85, 34882)
(270, 171, 17701)
(270, 100, 23826)
(270, 228, 18809)
(270, 104, 39360)
(270, 58, 29773)
(270, 198, 32949)
(270, 210, 32479)
(270, 176, 38237)
(270, 96, 147)
(270, 39, 35994)
(270, 199, 2235)
(270, 142, 44348)
(270, 192, 1853)
(270, 6, 41342)
(270, 150, 34359)
(270, 122, 9645)
(270, 5, 20916)
(270, 0, 34903)
(270, 179, 12545)
(270, 20, 42418)
(270, 44, 11501)
(270, 23, 31590)
(270, 92, 7287)
(270, 214, 25979)
(270, 170, 1341)
(270, 218, 17811)
(270, 149, 42230)
(270, 52, 11770)
(270, 155, 25499)
(270, 238, 431)
(270, 168, 41833)
(270, 180, 42473)
(270, 200, 6523)
(270, 86, 12244)
(270, 38, 9296)
(270, 137, 15425)
(270, 249, 11130)
(270, 193, 7129)
(270, 177, 1645)
(270, 14, 17684)
(270, 223, 8510)
(270, 18, 29498)
(270, 233, 36553)
(270, 146, 37743)
(270, 165, 13200)
(270, 254, 5320)
(270, 110, 38184)
(270, 118, 16065)
(270, 259, 20251)
(270, 45, 25059)
(270, 205, 6700)
(270, 22, 16621)
(270, 255, 26564)
(270, 83, 41737)
(270, 91, 31307)
(270, 241, 21990)
(270, 63, 34000)
(270, 4, 42940)
(270, 64, 20801)
(270, 98, 33176)
(270, 135, 41641)
(270, 108, 18238)
(270, 99, 7675)
(270, 128, 9382)
(270, 151, 13873)
(270, 28, 36345)
(270, 212, 25321)
(270, 35, 7484)
(270, 159, 39697)
(270, 101, 32490)
(270, 175, 37603)
(270, 31, 7231)
(270, 42, 11152)
(270, 227, 4757)
(270, 51, 4655)
(270, 164, 33635)
(270, 234, 20178)
(270, 253, 26177)
(270, 215, 42656)
(270, 260, 10781)
(270, 36, 41902)
(270, 197, 25452)
(270, 167, 37944)
(270, 143, 23451)
(270, 113, 42258)
(270, 136, 28334)
(270, 178, 2711)
(270, 240, 17794)
(270, 37, 28064)
(270, 126, 36518)
(270, 74, 12948)
(270, 144, 6203)
(270, 17, 43773)
(270, 169, 1300)
(270, 195, 18672)
(270, 188, 10779)
(270, 81, 8382)
(270, 158, 26322)
(270, 206, 27328)
(270, 62, 7757)
(270, 41, 27122)
(270, 9, 32833)
(270, 156, 43898)
(270, 75, 40929)
(270, 251, 7979)
(270, 29, 692)
(270, 185, 22308)
(270, 250, 32115)
(270, 59, 8553)
(270, 152, 17940)
(270, 84, 31797)
(270, 16, 20423)
(270, 53, 37540)
(270, 47, 20047)
(270, 124, 35598)
(270, 182, 35269)
(270, 231, 3688)
(270, 216, 29832)
(270, 8, 38117)
(270, 87, 14556)
(270, 196, 31634)
(270, 244, 24284)
(270, 21, 28955)
(270, 190, 2326)
(270, 89, 44075)
(270, 102, 11514)
(270, 120, 11518)
(270, 94, 135)
(270, 239, 24987)
(270, 138, 9715)
(270, 27, 27610)
(270, 115, 16532)
(270, 107, 8786)
(270, 211, 19933)
(270, 181, 32965)
(270, 1, 21822)
(270, 225, 16233)
(270, 57, 36444)
(270, 230, 18925)
(270, 229, 8181)
(270, 153, 15212)
(270, 262, 8006)
(270, 103, 14631)
(270, 221, 3359)
(270, 261, 1403)
(270, 186, 17194)
(270, 219, 28189)
(270, 187, 43613)
(270, 71, 19515)
(270, 269, 32085)
(270, 12, 44336)
(270, 105, 33900)
(270, 208, 15011)
(270, 49, 17779)
(270, 139, 18665)
(270, 172, 348)
(270, 112, 23617)
(270, 246, 33970)
(270, 34, 22217)
(270, 154, 4136)
(270, 125, 27482)
(270, 97, 8078)
(270, 66, 5902)
(270, 220, 35848)
(270, 235, 30849)
(270, 25, 20822)
(270, 222, 16935)
(270, 77, 8263)
(270, 30, 26239)
(270, 252, 8835)
(270, 207, 17078)
(270, 80, 18701)
(270, 173, 9854)
(270, 157, 42468)
(270, 248, 11503)
(270, 256, 40674)
(270, 184, 16509)
(270, 242, 26845)
(270, 226, 9551)
(270, 163, 37355)
(270, 11, 6848)
(270, 26, 41391)
(270, 56, 5701)
(270, 134, 33670)
(270, 131, 2365)
(270, 82, 30527)
(270, 258, 18985)
(270, 73, 33565)
(270, 194, 28146)
(270, 54, 38728)
(270, 72, 13018)
(270, 109, 35266)
(270, 24, 19082)
(270, 203, 33785)
(270, 166, 26708)
(270, 148, 29171)
(270, 10, 24464)
(270, 236, 33307)
(270, 123, 25419)
(270, 69, 30195)
(270, 90, 25561)
(270, 67, 3148)
(270, 114, 39384)
(270, 61, 26030)
(270, 48, 16867)
(270, 160, 36140)
(270, 70, 35461)
(270, 217, 10702)
(270, 78, 24229)
(270, 50, 23276)
(270, 245, 24975)
(270, 132, 35607)
(270, 266, 1047)
(270, 268, 15273)
(270, 116, 35800)
(270, 237, 23018)
(270, 130, 24593)
(270, 76, 28402)
(270, 19, 9602)
(270, 202, 34221)
(270, 141, 4269)
(270, 147, 28918)
(270, 111, 7441)
(270, 140, 17333)
(270, 79, 20786)
(270, 106, 21967)
(270, 33, 38409)
(270, 265, 32375)
(271, 141, 39156)
(271, 126, 28996)
(271, 92, 14881)
(271, 158, 29238)
(271, 30, 11387)
(271, 7, 34867)
(271, 98, 8932)
(271, 77, 42810)
(271, 121, 38277)
(271, 36, 2503)
(271, 34, 13553)
(271, 54, 9923)
(271, 203, 10710)
(271, 21, 35608)
(271, 135, 38860)
(271, 76, 18287)
(271, 249, 9695)
(271, 199, 5260)
(271, 20, 43893)
(271, 62, 24701)
(271, 69, 24391)
(271, 217, 15873)
(271, 94, 26014)
(271, 208, 9342)
(271, 72, 43225)
(271, 49, 14509)
(272, 117, 33306)
(272, 16, 13095)
(272, 179, 24054)
(272, 128, 4716)
(272, 213, 8040)
(272, 162, 19765)
(272, 46, 2233)
(272, 206, 44392)
(272, 31, 24001)
(272, 141, 4660)
(272, 196, 10627)
(272, 126, 1036)
(272, 203, 9282)
(272, 214, 209)
(272, 194, 20245)
(272, 140, 33774)
(272, 221, 31777)
(272, 264, 7699)
(272, 182, 132)
(272, 178, 43471)
(272, 205, 11099)
(272, 242, 17256)
(272, 2, 26357)
(272, 174, 23867)
(272, 86, 35810)
(272, 190, 34747)
(272, 217, 30631)
(272, 61, 15433)
(272, 74, 35846)
(272, 23, 24066)
(272, 104, 14836)
(272, 150, 31464)
(272, 52, 36939)
(272, 103, 21907)
(272, 201, 34411)
(272, 37, 13358)
(272, 181, 17096)
(272, 91, 5583)
(272, 106, 34137)
(272, 115, 3709)
(272, 247, 32747)
(272, 158, 29563)
(272, 43, 6228)
(272, 51, 44115)
(272, 81, 42274)
(272, 234, 28302)
(272, 186, 30948)
(272, 175, 8022)
(272, 269, 13329)
(272, 59, 8274)
(272, 129, 30657)
(272, 82, 17936)
(272, 69, 39385)
(272, 262, 7065)
(272, 36, 32872)
(272, 105, 7025)
(272, 176, 12144)
(272, 250, 25840)
(272, 210, 15417)
(272, 261, 20987)
(272, 146, 31446)
(272, 124, 30046)
(272, 109, 15303)
(272, 89, 29713)
(272, 224, 2523)
(272, 199, 28759)
(272, 13, 17304)
(272, 211, 44401)
(272, 241, 36361)
(272, 215, 27364)
(272, 101, 10758)
(272, 47, 7853)
(272, 9, 24466)
(272, 251, 27500)
(272, 11, 8142)
(272, 90, 32432)
(272, 55, 6903)
(272, 134, 37673)
(272, 66, 37639)
(272, 231, 3331)
(272, 54, 6577)
(272, 271, 42462)
(272, 156, 38768)
(272, 75, 31064)
(272, 256, 38648)
(272, 142, 42103)
(272, 120, 17012)
(272, 25, 41055)
(272, 135, 40727)
(272, 132, 38612)
(272, 145, 21151)
(272, 151, 30410)
(272, 127, 9366)
(272, 230, 6364)
(272, 111, 16969)
(272, 164, 887)
(272, 84, 5474)
(272, 53, 43514)
(272, 0, 11164)
(272, 41, 6863)
(272, 110, 42832)
(272, 227, 8606)
(272, 183, 22099)
(272, 255, 14780)
(272, 102, 30255)
(272, 62, 17507)
(272, 98, 40894)
(272, 122, 5289)
(272, 73, 17601)
(272, 136, 22857)
(272, 266, 453)
(272, 154, 720)
(272, 216, 25067)
(272, 139, 41998)
(272, 207, 33410)
(272, 58, 26641)
(272, 226, 40223)
(272, 137, 8478)
(272, 172, 16620)
(272, 130, 40240)
(272, 155, 8734)
(272, 166, 33968)
(272, 77, 43272)
(272, 112, 36938)
(272, 38, 13367)
(272, 67, 32218)
(272, 100, 29960)
(272, 173, 14477)
(272, 27, 36005)
(272, 114, 32097)
(272, 42, 5413)
(272, 260, 27244)
(272, 72, 37382)
(272, 268, 37755)
(272, 185, 26979)
(272, 219, 3848)
(272, 113, 13227)
(272, 45, 27333)
(272, 121, 28634)
(272, 170, 10885)
(272, 93, 31792)
(272, 133, 39595)
(272, 257, 35971)
(272, 192, 42615)
(272, 195, 44044)
(272, 265, 34589)
(272, 68, 46)
(272, 123, 33110)
(272, 236, 10430)
(272, 165, 31799)
(272, 235, 36248)
(272, 32, 28331)
(272, 238, 37676)
(272, 12, 9189)
(272, 148, 15229)
(272, 96, 30426)
(272, 243, 39798)
(272, 233, 1750)
(272, 60, 18920)
(272, 245, 15299)
(272, 3, 39055)
(272, 253, 22365)
(272, 187, 6509)
(272, 95, 35962)
(272, 163, 16516)
(272, 10, 9690)
(272, 94, 29129)
(272, 171, 22595)
(272, 5, 1662)
(272, 108, 39069)
(272, 15, 5754)
(272, 143, 19340)
(272, 138, 27989)
(272, 85, 6752)
(272, 218, 18018)
(272, 244, 18455)
(272, 197, 21622)
(272, 30, 39615)
(272, 160, 24447)
(272, 1, 29837)
(272, 118, 19032)
(272, 65, 35421)
(272, 193, 1603)
(272, 254, 21911)
(272, 208, 44335)
(272, 131, 31563)
(272, 237, 22571)
(272, 76, 39482)
(272, 180, 43593)
(272, 189, 1779)
(272, 17, 29376)
(272, 263, 44385)
(272, 152, 8748)
(272, 267, 16633)
(272, 169, 8543)
(272, 119, 12145)
(272, 63, 33331)
(272, 200, 22264)
(272, 149, 41795)
(272, 18, 8742)
(272, 83, 15974)
(272, 21, 25746)
(272, 7, 10532)
(272, 24, 34037)
(272, 57, 3302)
(272, 144, 1788)
(272, 270, 41450)
(272, 44, 25532)
(272, 220, 15131)
(273, 177, 798)
(273, 267, 10713)
(273, 35, 14150)
(273, 217, 24868)
(273, 75, 2034)
(273, 115, 9943)
(273, 246, 6003)
(273, 244, 30572)
(273, 7, 10953)
(273, 93, 18791)
(273, 64, 13105)
(273, 57, 36172)
(273, 88, 41017)
(273, 6, 6892)
(273, 5, 39624)
(273, 52, 42426)
(273, 105, 17807)
(273, 233, 18020)
(273, 211, 22520)
(273, 260, 15815)
(273, 112, 30933)
(273, 24, 43353)
(273, 150, 8899)
(273, 110, 25301)
(273, 125, 9512)
(273, 31, 22642)
(273, 109, 10132)
(273, 80, 8228)
(273, 201, 38642)
(273, 213, 29838)
(273, 208, 33503)
(273, 87, 997)
(273, 191, 25356)
(273, 56, 7036)
(273, 258, 15412)
(273, 189, 30738)
(273, 184, 42126)
(273, 143, 154)
(273, 78, 30665)
(273, 25, 19290)
(273, 79, 30408)
(273, 22, 14956)
(273, 10, 15332)
(273, 181, 14037)
(273, 28, 17488)
(273, 205, 41352)
(273, 148, 446)
(273, 158, 25411)
(273, 193, 124)
(273, 138, 32920)
(273, 227, 15922)
(273, 186, 13768)
(273, 202, 26479)
(273, 117, 25871)
(273, 86, 42143)
(273, 146, 26443)
(273, 42, 29148)
(273, 200, 3464)
(273, 68, 3035)
(273, 263, 5286)
(273, 236, 24386)
(273, 216, 35697)
(273, 40, 12173)
(273, 168, 31149)
(273, 11, 24094)
(273, 257, 41443)
(273, 207, 18806)
(273, 4, 33368)
(273, 19, 42214)
(273, 73, 38608)
(273, 95, 12490)
(273, 162, 8660)
(273, 124, 22850)
(273, 247, 8457)
(273, 108, 2747)
(273, 100, 7198)
(273, 102, 757)
(273, 34, 34370)
(273, 27, 18768)
(273, 63, 38429)
(273, 271, 43397)
(273, 62, 7434)
(273, 135, 37009)
(273, 119, 7393)
(273, 230, 21331)
(273, 1, 759)
(273, 212, 38046)
(273, 256, 29076)
(273, 152, 36335)
(273, 45, 1298)
(273, 90, 23962)
(273, 106, 6253)
(273, 174, 18535)
(273, 89, 23738)
(273, 165, 26582)
(273, 192, 34341)
(273, 104, 40868)
(273, 183, 40454)
(273, 228, 4950)
(273, 225, 35463)
(273, 50, 40797)
(273, 252, 21628)
(273, 235, 42678)
(273, 39, 3608)
(273, 259, 13843)
(273, 255, 9122)
(273, 51, 39673)
(273, 234, 44280)
(273, 204, 6979)
(273, 12, 6002)
(273, 214, 32617)
(273, 129, 3044)
(273, 188, 14490)
(273, 262, 7146)
(273, 92, 34555)
(273, 197, 13823)
(273, 69, 11504)
(273, 265, 32058)
(273, 16, 23278)
(273, 85, 30345)
(273, 243, 15265)
(273, 107, 40477)
(273, 29, 20390)
(273, 65, 30283)
(273, 8, 38715)
(273, 98, 35548)
(273, 264, 8421)
(273, 151, 34710)
(273, 224, 24423)
(273, 190, 16291)
(273, 169, 14145)
(273, 156, 17798)
(273, 173, 34192)
(273, 33, 23385)
(273, 203, 2797)
(273, 136, 40134)
(273, 14, 25302)
(273, 142, 32847)
(273, 43, 24469)
(273, 219, 32425)
(273, 61, 31919)
(273, 13, 32325)
(273, 122, 4559)
(273, 67, 26975)
(273, 72, 11892)
(273, 164, 44306)
(273, 53, 11162)
(273, 91, 2763)
(273, 238, 43641)
(273, 266, 6430)
(273, 133, 1304)
(273, 76, 11153)
(273, 220, 7896)
(273, 154, 11155)
(273, 111, 2673)
(273, 155, 3711)
(273, 26, 23525)
(273, 149, 20817)
(273, 269, 12907)
(273, 176, 19134)
(273, 60, 2446)
(273, 82, 43111)
(273, 20, 38096)
(273, 221, 14662)
(273, 96, 21891)
(273, 171, 36220)
(274, 233, 16726)
(274, 125, 35372)
(274, 72, 7113)
(274, 126, 17016)
(274, 22, 3162)
(274, 118, 11178)
(274, 148, 4370)
(274, 244, 29602)
(274, 265, 1145)
(274, 92, 3285)
(274, 97, 5847)
(274, 271, 30638)
(274, 79, 39177)
(274, 216, 18243)
(274, 256, 6671)
(274, 273, 1856)
(274, 207, 14709)
(274, 159, 1953)
(274, 16, 4626)
(274, 83, 14617)
(274, 146, 17287)
(274, 73, 38217)
(274, 76, 41035)
(274, 226, 31448)
(274, 61, 22091)
(274, 64, 20368)
(274, 183, 40823)
(274, 49, 13355)
(274, 262, 29251)
(274, 230, 27130)
(274, 25, 25497)
(274, 71, 22240)
(274, 17, 15567)
(274, 252, 8205)
(274, 217, 37235)
(274, 90, 43259)
(274, 191, 17244)
(274, 150, 42354)
(274, 163, 37629)
(274, 193, 11747)
(274, 98, 32584)
(274, 114, 37219)
(274, 144, 11714)
(274, 99, 20569)
(274, 35, 12978)
(274, 129, 19182)
(274, 235, 41343)
(274, 223, 10446)
(274, 247, 12601)
(274, 200, 24761)
(274, 259, 34612)
(274, 7, 37040)
(274, 232, 247)
(274, 185, 36470)
(274, 112, 40073)
(274, 202, 19085)
(274, 245, 35918)
(274, 246, 34539)
(274, 168, 3234)
(274, 240, 27307)
(274, 47, 9191)
(274, 13, 20929)
(274, 119, 13192)
(274, 60, 21508)
(274, 272, 2397)
(274, 180, 19317)
(274, 133, 38872)
(274, 0, 23508)
(274, 270, 9799)
(274, 94, 42282)
(274, 174, 14330)
(274, 59, 15760)
(274, 82, 3227)
(274, 124, 10732)
(274, 190, 22573)
(274, 234, 44347)
(274, 66, 37038)
(274, 219, 15908)
(274, 181, 6237)
(274, 14, 20109)
(274, 141, 11150)
(274, 186, 34217)
(274, 62, 40921)
(274, 257, 28701)
(274, 121, 9357)
(274, 52, 33305)
(274, 231, 11494)
(274, 78, 14613)
(274, 23, 40431)
(274, 211, 18851)
(274, 199, 39913)
(274, 165, 27140)
(274, 31, 21877)
(274, 197, 33343)
(274, 169, 10292)
(274, 20, 5011)
(274, 152, 13639)
(274, 187, 24129)
(274, 154, 32106)
(274, 196, 24681)
(274, 182, 41201)
(274, 171, 5923)
(274, 205, 1530)
(274, 198, 31488)
(274, 208, 20493)
(274, 140, 8851)
(274, 210, 9252)
(274, 269, 39112)
(274, 239, 31383)
(274, 267, 42769)
(274, 209, 36191)
(274, 157, 4914)
(274, 85, 43633)
(274, 123, 43458)
(274, 237, 27605)
(274, 1, 8568)
(274, 106, 31627)
(274, 56, 4375)
(274, 138, 36941)
(274, 84, 35236)
(274, 238, 36031)
(274, 250, 32202)
(274, 81, 30711)
(274, 104, 11112)
(274, 227, 20156)
(274, 41, 31270)
(274, 142, 21493)
(274, 116, 40467)
(274, 40, 9821)
(274, 51, 38707)
(274, 263, 12257)
(274, 139, 9245)
(274, 101, 7924)
(274, 229, 8270)
(274, 222, 2370)
(274, 220, 28396)
(274, 155, 16538)
(274, 45, 7114)
(274, 243, 39767)
(274, 11, 10906)
(274, 3, 12921)
(274, 34, 32836)
(274, 36, 41154)
(274, 96, 4558)
(274, 160, 19040)
(274, 254, 22213)
(274, 203, 30137)
(274, 109, 7551)
(274, 192, 42837)
(274, 221, 27343)
(274, 143, 9904)
(274, 194, 23164)
(274, 30, 13187)
(274, 173, 32393)
(274, 135, 6940)
(274, 100, 11323)
(274, 29, 14830)
(274, 38, 32829)
(274, 151, 26619)
(274, 175, 23376)
(274, 260, 20045)
(274, 153, 19363)
(274, 189, 20708)
(274, 224, 6618)
(274, 39, 26618)
(274, 236, 34197)
(274, 120, 3633)
(274, 113, 34671)
(274, 178, 36931)
(274, 57, 36348)
(274, 215, 1089)
(274, 107, 3079)
(274, 42, 4255)
(274, 46, 20252)
(274, 268, 16376)
(274, 2, 43576)
(274, 122, 12111)
(274, 77, 36410)
(274, 65, 37964)
(274, 179, 15015)
(274, 95, 36519)
(274, 74, 15580)
(274, 248, 2569)
(274, 55, 29448)
(274, 130, 16689)
(274, 105, 6299)
(274, 44, 17433)
(274, 86, 6965)
(274, 201, 14859)
(274, 75, 5526)
(274, 213, 15614)
(274, 214, 26041)
(274, 58, 17560)
(274, 103, 6843)
(274, 110, 40256)
(274, 10, 29772)
(274, 5, 3354)
(274, 12, 4098)
(274, 251, 12507)
(274, 162, 39645)
(274, 63, 23641)
(274, 37, 6801)
(274, 32, 39391)
(274, 241, 32877)
(274, 188, 31473)
(274, 204, 961)
(274, 134, 5043)
(274, 70, 42018)
(274, 54, 32207)
(274, 147, 35568)
(274, 88, 7933)
(274, 255, 33245)
(274, 80, 35375)
(274, 145, 37104)
(274, 242, 36384)
(274, 117, 6490)
(275, 159, 25433)
(275, 71, 14927)
(275, 229, 2052)
(275, 262, 20128)
(275, 31, 43622)
(275, 87, 18166)
(275, 123, 16202)
(275, 16, 28047)
(275, 118, 17165)
(275, 231, 27708)
(275, 137, 21684)
(275, 58, 20647)
(275, 126, 1096)
(275, 153, 31471)
(275, 25, 41701)
(275, 133, 31612)
(275, 257, 26861)
(275, 246, 44055)
(275, 184, 28037)
(275, 213, 36478)
(275, 237, 2529)
(275, 212, 42703)
(275, 189, 1320)
(275, 105, 11296)
(275, 224, 18613)
(275, 134, 12815)
(275, 0, 23800)
(275, 103, 36405)
(275, 199, 18227)
(275, 117, 31491)
(275, 74, 8039)
(275, 193, 42559)
(275, 27, 10901)
(275, 36, 1931)
(275, 33, 42317)
(275, 84, 19185)
(275, 68, 14179)
(275, 233, 3804)
(275, 60, 17412)
(275, 232, 34114)
(275, 55, 3813)
(275, 230, 5906)
(276, 230, 5541)
(276, 110, 38529)
(276, 116, 43279)
(276, 213, 22681)
(276, 204, 29216)
(276, 104, 20719)
(276, 234, 10720)
(276, 151, 34663)
(276, 97, 32902)
(276, 96, 21657)
(276, 69, 1242)
(276, 153, 25392)
(276, 231, 10914)
(276, 192, 27679)
(276, 7, 25110)
(276, 20, 33517)
(276, 214, 33756)
(276, 167, 33624)
(276, 205, 32266)
(276, 222, 4619)
(276, 118, 15774)
(276, 235, 13436)
(276, 91, 40964)
(276, 113, 38363)
(276, 45, 38813)
(276, 188, 34069)
(276, 274, 39978)
(276, 196, 2349)
(276, 174, 41041)
(276, 267, 7946)
(276, 259, 1684)
(276, 106, 15841)
(276, 79, 19416)
(276, 253, 42212)
(276, 257, 25373)
(276, 215, 14969)
(276, 2, 8563)
(276, 10, 18359)
(276, 136, 37339)
(276, 263, 27656)
(276, 182, 41832)
(276, 159, 7411)
(276, 95, 38684)
(276, 59, 2686)
(276, 75, 20562)
(276, 273, 30998)
(276, 72, 40059)
(276, 49, 33432)
(276, 203, 8463)
(276, 93, 23363)
(276, 25, 24195)
(276, 260, 3723)
(276, 254, 5691)
(276, 131, 36603)
(276, 115, 28691)
(276, 202, 9959)
(276, 8, 17920)
(276, 184, 175)
(276, 148, 38687)
(276, 165, 5824)
(276, 84, 5954)
(276, 42, 33552)
(276, 164, 29462)
(276, 200, 3912)
(276, 219, 16886)
(276, 270, 30068)
(276, 123, 1946)
(277, 15, 42444)
(277, 55, 13129)
(277, 253, 13468)
(277, 68, 38216)
(277, 79, 9225)
(277, 0, 648)
(277, 93, 20196)
(277, 105, 7066)
(277, 130, 18186)
(277, 102, 14827)
(277, 250, 34604)
(277, 198, 5604)
(277, 62, 7200)
(277, 173, 25454)
(277, 60, 32548)
(277, 80, 4687)
(277, 46, 41182)
(277, 177, 1730)
(277, 97, 13295)
(277, 153, 44022)
(277, 192, 36369)
(277, 159, 41200)
(277, 57, 43300)
(277, 212, 16184)
(277, 110, 25772)
(277, 181, 18500)
(277, 261, 22620)
(277, 207, 18026)
(277, 108, 21733)
(277, 185, 24551)
(277, 118, 28431)
(277, 160, 31468)
(277, 65, 7607)
(277, 37, 38245)
(277, 38, 7705)
(277, 81, 37750)
(277, 45, 40828)
(277, 202, 34002)
(277, 241, 6890)
(277, 246, 9586)
(277, 129, 26588)
(277, 18, 8133)
(277, 269, 26944)
(277, 72, 22328)
(277, 209, 8744)
(277, 28, 15591)
(277, 25, 31733)
(277, 114, 23895)
(277, 166, 8264)
(277, 19, 24633)
(277, 95, 33566)
(277, 40, 24448)
(277, 6, 42246)
(277, 26, 26870)
(277, 234, 23718)
(277, 103, 25259)
(277, 273, 17953)
(277, 219, 36218)
(277, 155, 41977)
(277, 203, 26139)
(277, 245, 40259)
(277, 150, 14826)
(277, 264, 4392)
(277, 70, 28614)
(277, 63, 34179)
(277, 161, 3222)
(277, 64, 25786)
(277, 71, 36925)
(277, 145, 11738)
(277, 30, 36487)
(277, 220, 9311)
(277, 142, 13901)
(277, 232, 11890)
(277, 274, 11611)
(277, 136, 31233)
(277, 124, 31013)
(277, 32, 31611)
(277, 214, 31855)
(277, 51, 44252)
(277, 106, 9452)
(277, 54, 40002)
(277, 233, 33511)
(277, 227, 9090)
(277, 88, 11681)
(277, 252, 22229)
(277, 206, 1940)
(277, 224, 8473)
(277, 270, 13943)
(277, 255, 17667)
(277, 200, 27818)
(277, 182, 22512)
(277, 74, 18228)
(277, 144, 38706)
(277, 163, 13233)
(277, 52, 23355)
(277, 275, 6687)
(277, 121, 26527)
(277, 127, 8836)
(277, 230, 16355)
(277, 8, 29214)
(277, 132, 6110)
(277, 29, 8841)
(277, 242, 39782)
(277, 217, 41881)
(277, 84, 15856)
(277, 265, 23239)
(277, 137, 2546)
(277, 271, 44082)
(277, 251, 29365)
(277, 41, 15988)
(277, 215, 14585)
(277, 176, 3177)
(277, 90, 39646)
(277, 122, 12483)
(277, 195, 21750)
(277, 208, 31126)
(277, 61, 41713)
(277, 257, 4004)
(277, 91, 2685)
(277, 210, 36365)
(277, 4, 21566)
(277, 1, 7776)
(277, 260, 39185)
(277, 204, 2982)
(277, 188, 1505)
(277, 113, 16249)
(277, 111, 2765)
(277, 42, 325)
(277, 35, 24398)
(277, 151, 24293)
(277, 39, 36190)
(277, 2, 1581)
(277, 258, 14299)
(277, 104, 10575)
(277, 174, 28896)
(277, 256, 11054)
(277, 117, 37032)
(277, 77, 44111)
(277, 86, 43035)
(277, 7, 1689)
(277, 187, 39213)
(277, 85, 43875)
(277, 263, 22377)
(277, 43, 16794)
(277, 186, 1827)
(277, 3, 39222)
(277, 92, 30328)
(277, 272, 30749)
(277, 235, 23970)
(277, 228, 7709)
(277, 56, 43327)
(277, 31, 98)
(277, 226, 21878)
(277, 211, 10330)
(277, 162, 22848)
(277, 231, 43253)
(277, 184, 43650)
(277, 138, 44220)
(277, 17, 2383)
(277, 267, 41683)
(278, 268, 32840)
(278, 34, 744)
(278, 220, 17125)
(278, 0, 41049)
(278, 166, 17235)
(278, 58, 18547)
(278, 74, 31369)
(278, 178, 11088)
(278, 236, 19064)
(278, 119, 10582)
(278, 131, 517)
(278, 36, 25538)
(278, 188, 7784)
(278, 38, 42474)
(278, 152, 34901)
(278, 201, 41646)
(278, 93, 5909)
(278, 237, 12302)
(278, 231, 8466)
(278, 256, 2903)
(278, 90, 14632)
(278, 168, 41573)
(278, 259, 25036)
(278, 179, 32489)
(278, 134, 13845)
(278, 212, 14478)
(278, 169, 33318)
(278, 13, 9967)
(278, 176, 7107)
(278, 10, 2949)
(278, 142, 35765)
(278, 104, 43388)
(278, 261, 41326)
(278, 2, 16434)
(278, 75, 40029)
(278, 4, 31709)
(278, 122, 26709)
(278, 175, 26509)
(278, 211, 20465)
(278, 192, 29039)
(278, 147, 44041)
(278, 205, 2388)
(278, 50, 15651)
(278, 148, 6382)
(278, 89, 5006)
(278, 225, 10490)
(278, 57, 22996)
(278, 263, 25902)
(278, 27, 34548)
(278, 246, 34865)
(278, 163, 15878)
(278, 206, 17816)
(278, 221, 40537)
(278, 29, 378)
(278, 37, 43618)
(278, 31, 19204)
(278, 183, 13110)
(278, 151, 29879)
(279, 13, 20528)
(279, 237, 37481)
(279, 100, 33363)
(279, 223, 31117)
(279, 141, 1880)
(279, 99, 15216)
(279, 14, 34793)
(279, 57, 16829)
(279, 254, 31937)
(279, 59, 27981)
(279, 54, 33965)
(279, 52, 43041)
(279, 105, 3282)
(279, 101, 26172)
(279, 167, 13237)
(279, 242, 6755)
(279, 252, 10960)
(279, 175, 452)
(279, 166, 31010)
(279, 56, 5130)
(279, 253, 11502)
(279, 257, 44314)
(279, 199, 31142)
(279, 41, 41954)
(279, 42, 14792)
(279, 164, 18276)
(279, 219, 29534)
(279, 161, 30104)
(279, 35, 10095)
(279, 104, 24837)
(279, 122, 18959)
(279, 119, 42983)
(279, 267, 4071)
(279, 231, 32317)
(279, 120, 7962)
(279, 61, 8502)
(279, 182, 31785)
(279, 134, 12418)
(279, 21, 29928)
(279, 72, 4564)
(279, 179, 26306)
(279, 225, 19112)
(279, 236, 32092)
(279, 53, 16130)
(279, 70, 2051)
(279, 29, 22306)
(279, 214, 30204)
(279, 276, 1770)
(279, 47, 20001)
(279, 176, 30095)
(279, 125, 10840)
(279, 192, 36085)
(279, 196, 2687)
(279, 209, 36513)
(279, 234, 28990)
(279, 152, 18673)
(279, 68, 3007)
(279, 213, 5096)
(279, 169, 27127)
(279, 264, 5326)
(279, 46, 18964)
(279, 15, 20944)
(279, 78, 12848)
(279, 173, 373)
(279, 198, 14040)
(279, 32, 4786)
(279, 247, 37272)
(279, 244, 28427)
(279, 74, 21360)
(279, 159, 21110)
(279, 210, 23262)
(279, 238, 3185)
(279, 265, 38076)
(279, 121, 23542)
(279, 22, 4812)
(279, 148, 34492)
(279, 190, 6528)
(279, 206, 3733)
(279, 155, 21322)
(279, 272, 2322)
(279, 86, 2441)
(279, 246, 24651)
(279, 136, 31005)
(279, 153, 2883)
(279, 127, 13013)
(279, 170, 11826)
(279, 19, 21235)
(279, 135, 20939)
(279, 83, 33327)
(279, 123, 17655)
(279, 193, 5515)
(279, 60, 12118)
(279, 38, 29087)
(279, 240, 42197)
(279, 129, 6006)
(279, 9, 716)
(279, 215, 301)
(279, 65, 28244)
(279, 113, 43332)
(279, 108, 38231)
(279, 130, 43120)
(279, 154, 42503)
(279, 271, 5760)
(279, 274, 32057)
(279, 11, 5930)
(279, 27, 37513)
(279, 140, 30828)
(279, 185, 35423)
(279, 126, 36356)
(279, 73, 10155)
(279, 138, 22372)
(279, 2, 19734)
(279, 218, 30839)
(279, 95, 19197)
(279, 50, 1219)
(279, 82, 13024)
(279, 76, 12982)
(279, 63, 26179)
(279, 187, 10611)
(279, 261, 16995)
(280, 22, 11000)
(280, 153, 34575)
(280, 77, 17659)
(280, 45, 3126)
(280, 107, 37363)
(280, 21, 11742)
(280, 214, 25802)
(280, 233, 30891)
(280, 53, 25400)
(280, 3, 35392)
(280, 152, 8566)
(280, 91, 11281)
(280, 192, 40283)
(280, 189, 9125)
(280, 177, 18975)
(280, 68, 43165)
(280, 7, 23301)
(280, 130, 5395)
(280, 145, 34724)
(280, 82, 7180)
(280, 125, 14745)
(280, 149, 2317)
(280, 120, 33394)
(280, 62, 21196)
(280, 165, 25980)
(280, 247, 1516)
(280, 215, 23065)
(280, 0, 43009)
(280, 253, 35599)
(280, 129, 18514)
(280, 39, 15875)
(280, 115, 31482)
(280, 61, 21113)
(280, 200, 32368)
(280, 1, 35912)
(280, 270, 12943)
(280, 92, 23042)
(280, 48, 3345)
(280, 171, 4253)
(280, 40, 42131)
(280, 274, 33611)
(280, 251, 27602)
(280, 175, 26040)
(280, 154, 32112)
(280, 204, 40636)
(280, 201, 30109)
(280, 220, 36872)
(280, 185, 13351)
(280, 151, 20159)
(280, 156, 18021)
(280, 259, 33768)
(280, 140, 18400)
(280, 227, 13655)
(280, 60, 21868)
(280, 16, 35131)
(280, 150, 42310)
(280, 117, 4316)
(280, 49, 2852)
(280, 187, 9308)
(280, 271, 23680)
(280, 105, 1782)
(280, 144, 5373)
(280, 170, 30668)
(280, 272, 30861)
(280, 237, 11561)
(280, 267, 42500)
(280, 113, 44031)
(280, 44, 42833)
(280, 2, 25439)
(280, 28, 12284)
(280, 19, 24901)
(280, 277, 42706)
(280, 93, 23217)
(280, 213, 17728)
(280, 64, 2842)
(280, 193, 20489)
(280, 197, 39726)
(280, 135, 11394)
(280, 76, 16303)
(280, 5, 27735)
(280, 56, 3755)
(280, 83, 35026)
(280, 33, 37414)
(280, 12, 43844)
(280, 179, 37366)
(280, 26, 26412)
(280, 202, 13806)
(280, 54, 12017)
(280, 276, 30327)
(280, 84, 26205)
(280, 89, 8320)
(280, 137, 12628)
(280, 261, 41834)
(280, 134, 34702)
(280, 231, 33527)
(280, 104, 8534)
(280, 36, 40617)
(280, 103, 30952)
(280, 142, 1277)
(280, 174, 18284)
(280, 38, 26737)
(280, 184, 7001)
(280, 99, 34734)
(280, 232, 10110)
(280, 250, 19357)
(280, 41, 26790)
(280, 183, 31951)
(280, 158, 36097)
(280, 223, 24791)
(280, 176, 28863)
(280, 209, 18382)
(280, 74, 6854)
(280, 218, 20200)
(280, 10, 32750)
(280, 52, 14641)
(280, 228, 13156)
(280, 51, 23022)
(280, 167, 9589)
(280, 46, 24241)
(280, 69, 26494)
(281, 40, 22361)
(281, 242, 44272)
(281, 238, 31533)
(281, 45, 9264)
(281, 108, 23666)
(281, 5, 403)
(281, 28, 43965)
(281, 39, 8189)
(281, 135, 17577)
(281, 32, 10127)
(281, 186, 32277)
(281, 136, 33089)
(281, 38, 19603)
(281, 182, 6573)
(281, 203, 2589)
(281, 132, 16767)
(281, 262, 28535)
(281, 248, 42605)
(281, 229, 5353)
(281, 214, 32764)
(281, 208, 4839)
(281, 251, 41331)
(281, 98, 35899)
(281, 197, 26623)
(281, 35, 24435)
(281, 250, 32151)
(281, 52, 12307)
(281, 61, 667)
(281, 253, 13539)
(281, 118, 12641)
(281, 264, 34619)
(281, 10, 22555)
(281, 54, 39240)
(281, 119, 24034)
(281, 221, 40838)
(281, 191, 36053)
(281, 25, 41520)
(281, 277, 31701)
(281, 73, 1726)
(281, 20, 2796)
(281, 68, 22556)
(281, 4, 21590)
(281, 259, 27001)
(281, 206, 13906)
(281, 31, 39201)
(281, 69, 13032)
(281, 196, 29792)
(281, 130, 27632)
(281, 14, 12233)
(281, 37, 31806)
(281, 202, 38958)
(281, 243, 40426)
(281, 199, 2012)
(281, 133, 4629)
(281, 137, 3549)
(281, 49, 40077)
(281, 168, 40291)
(281, 217, 43841)
(281, 279, 41508)
(281, 105, 44337)
(281, 226, 921)
(281, 84, 7559)
(281, 274, 44397)
(281, 74, 26749)
(281, 96, 40208)
(281, 152, 17590)
(281, 75, 17997)
(281, 181, 9658)
(281, 266, 39452)
(281, 213, 3771)
(281, 33, 23726)
(281, 218, 44145)
(281, 87, 21696)
(281, 144, 27877)
(281, 175, 341)
(281, 150, 26289)
(281, 145, 24223)
(281, 104, 2808)
(281, 106, 22935)
(281, 236, 8784)
(281, 268, 35389)
(281, 148, 15167)
(281, 246, 44101)
(281, 270, 38811)
(281, 47, 15968)
(281, 194, 22931)
(281, 11, 26637)
(281, 83, 30197)
(281, 56, 24735)
(282, 102, 32445)
(282, 81, 819)
(282, 146, 43645)
(282, 19, 39960)
(282, 185, 14860)
(283, 62, 25290)
(283, 259, 14360)
(283, 276, 18606)
(283, 208, 8901)
(283, 20, 34872)
(283, 271, 15164)
(283, 138, 43386)
(283, 141, 5318)
(283, 19, 19148)
(283, 75, 35158)
(283, 125, 16815)
(283, 128, 14581)
(283, 41, 42752)
(283, 92, 29175)
(283, 101, 27838)
(283, 175, 7942)
(283, 227, 19453)
(283, 235, 4327)
(283, 157, 37311)
(283, 246, 19888)
(283, 166, 38563)
(283, 54, 14147)
(283, 120, 31542)
(283, 272, 24259)
(283, 255, 6681)
(283, 262, 38236)
(283, 232, 30675)
(283, 148, 41496)
(283, 80, 42822)
(283, 23, 6145)
(283, 254, 40143)
(283, 225, 29156)
(283, 93, 20399)
(283, 44, 23530)
(283, 97, 2959)
(283, 194, 39235)
(283, 156, 8323)
(283, 205, 31724)
(283, 57, 44173)
(283, 181, 15667)
(283, 10, 15909)
(283, 159, 1238)
(283, 274, 34106)
(283, 63, 40039)
(284, 116, 9226)
(284, 210, 30196)
(284, 174, 23708)
(284, 278, 36159)
(284, 11, 1122)
(284, 64, 7564)
(284, 155, 18191)
(284, 36, 17210)
(284, 145, 5027)
(284, 283, 18988)
(284, 228, 10577)
(284, 170, 22011)
(284, 171, 32882)
(284, 246, 8547)
(284, 229, 11571)
(284, 265, 39047)
(284, 55, 6033)
(284, 263, 28484)
(284, 82, 6634)
(284, 25, 8943)
(284, 165, 18355)
(284, 254, 2922)
(284, 200, 35494)
(284, 147, 16863)
(284, 138, 15405)
(284, 101, 4019)
(284, 10, 27390)
(284, 106, 13028)
(284, 279, 16481)
(284, 56, 6579)
(284, 251, 2008)
(284, 20, 34113)
(284, 162, 20755)
(284, 275, 43815)
(284, 139, 42911)
(284, 33, 41332)
(284, 28, 6275)
(284, 214, 37034)
(284, 70, 17974)
(284, 5, 18409)
(284, 41, 28239)
(284, 35, 16697)
(284, 195, 18550)
(284, 132, 24606)
(284, 244, 10950)
(284, 96, 39884)
(284, 231, 16115)
(284, 98, 43821)
(284, 52, 2281)
(284, 196, 30173)
(284, 201, 23401)
(284, 13, 39950)
(284, 122, 24821)
(284, 114, 5151)
(284, 117, 36298)
(284, 43, 43639)
(284, 15, 26794)
(284, 71, 31601)
(284, 46, 1075)
(284, 61, 12714)
(284, 193, 21256)
(284, 100, 6697)
(284, 103, 19735)
(284, 264, 39926)
(284, 144, 41148)
(284, 276, 33342)
(284, 95, 3983)
(284, 226, 1774)
(284, 245, 33553)
(284, 102, 39337)
(284, 260, 35575)
(284, 280, 43323)
(284, 113, 18723)
(284, 73, 5090)
(284, 51, 33826)
(284, 131, 18545)
(284, 141, 29348)
(284, 175, 30427)
(284, 143, 14693)
(284, 124, 44001)
(284, 22, 20078)
(284, 123, 30712)
(284, 270, 43108)
(284, 259, 1324)
(284, 66, 20882)
(284, 240, 25277)
(284, 86, 34921)
(284, 115, 33576)
(284, 31, 16047)
(284, 232, 13912)
(284, 186, 43697)
(284, 190, 24474)
(284, 236, 22503)
(284, 199, 19179)
(284, 59, 629)
(284, 277, 34295)
(284, 248, 30529)
(284, 161, 10504)
(284, 188, 42632)
(284, 50, 34422)
(284, 269, 44212)
(284, 159, 28505)
(284, 69, 16715)
(284, 105, 17839)
(284, 39, 15796)
(284, 83, 18524)
(284, 133, 12965)
(284, 48, 22094)
(284, 78, 17382)
(284, 108, 25371)
(284, 261, 6720)
(284, 87, 30513)
(284, 1, 4384)
(284, 167, 34712)
(284, 252, 24200)
(284, 156, 1001)
(284, 2, 35380)
(284, 146, 10334)
(284, 182, 3986)
(284, 205, 34876)
(284, 268, 16873)
(284, 88, 23126)
(284, 34, 31183)
(284, 163, 4049)
(284, 267, 9681)
(284, 176, 35717)
(284, 249, 29183)
(284, 258, 36423)
(284, 266, 32648)
(284, 81, 31900)
(284, 216, 39131)
(284, 218, 39661)
(284, 282, 41765)
(284, 44, 25570)
(284, 154, 18464)
(284, 242, 25375)
(284, 209, 5164)
(284, 149, 41509)
(284, 140, 15541)
(284, 239, 11984)
(284, 181, 32193)
(284, 4, 11938)
(284, 220, 7426)
(284, 172, 846)
(284, 67, 16795)
(284, 107, 6706)
(284, 168, 21201)
(284, 224, 27825)
(284, 225, 13722)
(284, 272, 7818)
(284, 136, 14409)
(284, 130, 34920)
(284, 110, 32343)
(284, 233, 23878)
(284, 37, 30920)
(284, 202, 17182)
(284, 184, 26390)
(284, 79, 30489)
(284, 203, 28513)
(284, 204, 34177)
(284, 63, 14153)
(284, 223, 13519)
(284, 23, 2041)
(284, 247, 34371)
(284, 128, 37102)
(284, 197, 34272)
(284, 127, 5597)
(284, 134, 13849)
(284, 189, 38952)
(284, 273, 9508)
(284, 18, 17233)
(284, 148, 29508)
(284, 187, 6649)
(284, 212, 12713)
(284, 58, 2033)
(284, 222, 20062)
(284, 119, 15258)
(284, 157, 17695)
(284, 19, 23772)
(284, 76, 22140)
(284, 177, 24214)
(284, 219, 38319)
(284, 12, 31770)
(284, 237, 27123)
(284, 217, 36267)
(284, 125, 17608)
(284, 111, 3487)
(284, 126, 17509)
(284, 151, 44064)
(284, 135, 34811)
(284, 118, 5941)
(284, 150, 25314)
(284, 169, 27783)
(284, 27, 26803)
(284, 30, 33915)
(284, 17, 12801)
(284, 192, 27552)
(284, 97, 16544)
(284, 198, 25722)
(284, 238, 14488)
(284, 243, 2577)
(284, 241, 7174)
(284, 84, 18817)
(284, 178, 20129)
(284, 47, 125)
(284, 179, 22923)
(284, 53, 37261)
(284, 194, 34396)
(284, 80, 26649)
(284, 271, 19433)
(284, 29, 41081)
(284, 7, 5477)
(284, 221, 27545)
(284, 3, 12531)
(284, 120, 34407)
(284, 164, 2865)
(284, 121, 14228)
(284, 94, 14127)
(284, 137, 23892)
(284, 173, 18477)
(284, 185, 40236)
(284, 45, 6954)
(284, 109, 24836)
(284, 207, 2803)
(284, 213, 12518)
(284, 8, 23052)
(284, 230, 13090)
(284, 74, 25760)
(284, 160, 10016)
(284, 85, 15184)
(284, 60, 35034)
(284, 92, 12523)
(284, 26, 13670)
(284, 42, 35229)
(284, 142, 40149)
(284, 274, 14107)
(284, 91, 11345)
(284, 99, 41758)
(284, 104, 24083)
(284, 256, 25921)
(284, 191, 40272)
(284, 72, 18501)
(284, 6, 9467)
(284, 206, 24937)
(284, 38, 15349)
(284, 215, 29084)
(284, 152, 13828)
(284, 90, 8904)
(284, 166, 43580)
(284, 153, 14028)
(284, 49, 26581)
(284, 158, 16166)
(284, 21, 16409)
(284, 129, 14452)
(284, 32, 20992)
(284, 77, 6298)
(284, 40, 7468)
(284, 14, 39715)
(284, 250, 3963)
(284, 112, 2750)
(284, 16, 40093)
(284, 235, 28947)
(284, 180, 4730)
(284, 54, 14479)
(284, 0, 17346)
(284, 253, 610)
(284, 257, 24234)
(284, 24, 13728)
(284, 62, 9783)
(284, 281, 27143)
(284, 255, 9403)
(284, 68, 40278)
(284, 208, 6308)
(284, 183, 7854)
(284, 9, 20981)
(284, 211, 24752)
(284, 93, 36735)
(284, 262, 10362)
(284, 75, 1568)
(284, 234, 57)
(284, 65, 28323)
(284, 227, 41181)
(284, 57, 23572)
(285, 36, 4153)
(285, 23, 38292)
(285, 121, 19087)
(285, 263, 39991)
(285, 8, 24933)
(285, 180, 37490)
(285, 176, 3734)
(285, 118, 34372)
(285, 168, 5833)
(285, 198, 15727)
(285, 87, 42991)
(285, 129, 41448)
(285, 123, 31150)
(285, 186, 18638)
(285, 122, 11140)
(285, 275, 15918)
(285, 188, 26959)
(285, 141, 14248)
(285, 43, 1338)
(285, 53, 4502)
(285, 101, 6306)
(285, 154, 19074)
(285, 78, 16537)
(285, 160, 29916)
(285, 192, 20106)
(285, 272, 1296)
(285, 20, 37149)
(285, 224, 13153)
(285, 14, 21932)
(285, 63, 34919)
(285, 46, 7815)
(285, 204, 26628)
(285, 261, 4929)
(285, 206, 13114)
(285, 24, 22153)
(285, 162, 29331)
(285, 169, 18371)
(285, 99, 39819)
(285, 245, 41908)
(285, 68, 24320)
(285, 185, 39315)
(285, 89, 10425)
(285, 32, 2565)
(285, 21, 30977)
(285, 19, 35189)
(285, 132, 22990)
(285, 83, 6878)
(285, 237, 37473)
(285, 97, 8225)
(285, 214, 30913)
(285, 194, 12454)
(285, 157, 30554)
(285, 7, 9001)
(285, 173, 37296)
(285, 145, 35680)
(285, 252, 42379)
(285, 221, 7499)
(285, 58, 14207)
(285, 174, 6432)
(285, 111, 32800)
(285, 28, 3356)
(285, 246, 44344)
(285, 212, 34388)
(285, 197, 43845)
(285, 134, 23248)
(285, 165, 43807)
(285, 104, 20550)
(285, 3, 34222)
(285, 178, 19595)
(285, 203, 4148)
(285, 240, 26342)
(285, 107, 33093)
(285, 229, 22398)
(285, 105, 13162)
(285, 170, 27076)
(285, 106, 21129)
(285, 181, 29047)
(285, 115, 43363)
(285, 40, 29064)
(285, 257, 19069)
(285, 91, 40783)
(285, 244, 18895)
(285, 200, 12192)
(285, 213, 25305)
(285, 0, 1173)
(285, 259, 31299)
(285, 234, 24945)
(285, 120, 20442)
(285, 67, 24882)
(285, 100, 3113)
(285, 226, 33000)
(285, 195, 39981)
(285, 264, 11588)
(285, 282, 38403)
(285, 209, 13581)
(285, 177, 22701)
(285, 38, 21497)
(285, 73, 38668)
(285, 233, 35553)
(285, 225, 1203)
(285, 265, 42111)
(285, 9, 2026)
(285, 155, 16260)
(285, 88, 2169)
(285, 193, 12276)
(285, 143, 38723)
(285, 277, 38327)
(285, 179, 6436)
(285, 18, 40896)
(285, 86, 16204)
(285, 131, 37259)
(285, 56, 26144)
(285, 52, 2091)
(285, 82, 29332)
(285, 112, 31686)
(285, 184, 24956)
(285, 127, 38638)
(285, 220, 17079)
(285, 148, 12837)
(285, 280, 6201)
(285, 75, 30432)
(285, 227, 35966)
(285, 187, 7349)
(285, 5, 18296)
(285, 219, 11064)
(285, 85, 43509)
(285, 199, 19170)
(285, 253, 28569)
(285, 152, 17566)
(285, 27, 18564)
(285, 136, 41192)
(285, 163, 2854)
(285, 210, 22171)
(285, 215, 25674)
(285, 125, 3498)
(285, 124, 10066)
(285, 45, 20563)
(285, 55, 25170)
(285, 74, 1399)
(285, 77, 9107)
(285, 54, 33131)
(285, 6, 25046)
(285, 279, 24439)
(285, 228, 10013)
(285, 284, 31541)
(285, 17, 8866)
(285, 147, 10624)
(285, 247, 36902)
(285, 25, 7395)
(285, 251, 29537)
(285, 133, 33060)
(285, 189, 43970)
(285, 153, 28740)
(285, 35, 41831)
(285, 114, 40575)
(285, 64, 730)
(285, 42, 33735)
(285, 171, 36281)
(285, 262, 19307)
(285, 65, 24005)
(285, 172, 4513)
(285, 57, 10087)
(285, 230, 32144)
(285, 26, 32804)
(285, 84, 13188)
(285, 142, 14430)
(285, 81, 42300)
(285, 190, 23540)
(285, 139, 26566)
(285, 90, 41816)
(285, 126, 23851)
(285, 110, 23467)
(285, 137, 34552)
(285, 117, 6474)
(285, 201, 700)
(285, 109, 24093)
(285, 250, 3820)
(285, 270, 27385)
(285, 80, 32387)
(285, 59, 22625)
(285, 256, 4157)
(285, 51, 30253)
(285, 175, 34390)
(285, 232, 27272)
(285, 217, 44164)
(285, 222, 3083)
(285, 211, 10775)
(285, 283, 8846)
(285, 268, 13167)
(285, 223, 24050)
(285, 66, 18283)
(285, 79, 29974)
(285, 41, 35262)
(285, 276, 37423)
(285, 183, 41811)
(285, 255, 1131)
(285, 161, 19738)
(285, 260, 17324)
(285, 119, 20486)
(285, 34, 31755)
(285, 11, 35333)
(285, 231, 22610)
(285, 254, 22249)
(285, 140, 30522)
(285, 242, 13973)
(285, 130, 2426)
(285, 62, 2268)
(285, 95, 27460)
(285, 12, 22968)
(285, 208, 9071)
(285, 49, 26)
(285, 31, 5570)
(285, 144, 1003)
(285, 15, 35805)
(285, 258, 23735)
(285, 205, 13178)
(285, 151, 22169)
(285, 96, 10045)
(285, 196, 42795)
(285, 69, 21340)
(285, 16, 35604)
(285, 94, 32043)
(285, 13, 39956)
(285, 164, 38497)
(285, 156, 1126)
(285, 98, 26997)
(285, 29, 28132)
(285, 238, 40504)
(285, 216, 21397)
(285, 93, 14689)
(285, 44, 39815)
(285, 47, 35767)
(285, 22, 37268)
(286, 117, 36046)
(286, 181, 13361)
(286, 23, 11229)
(286, 209, 25606)
(286, 148, 5537)
(286, 6, 41660)
(286, 7, 22028)
(286, 114, 32597)
(286, 120, 25335)
(286, 261, 12422)
(286, 93, 3171)
(286, 130, 24985)
(286, 174, 4998)
(286, 159, 16865)
(286, 250, 43127)
(286, 103, 35741)
(286, 145, 392)
(286, 28, 13102)
(286, 235, 30381)
(286, 197, 19682)
(286, 201, 7957)
(286, 186, 18154)
(286, 200, 16028)
(286, 217, 16234)
(286, 87, 29212)
(286, 162, 38867)
(286, 115, 6701)
(286, 189, 43720)
(286, 167, 6428)
(286, 246, 12122)
(286, 248, 40891)
(286, 25, 20787)
(286, 30, 36490)
(286, 177, 24463)
(286, 43, 10652)
(286, 2, 28030)
(286, 259, 15615)
(286, 125, 35612)
(286, 279, 29638)
(286, 80, 43290)
(286, 206, 31119)
(286, 254, 20359)
(286, 79, 38849)
(286, 252, 20542)
(286, 152, 37033)
(286, 176, 27534)
(286, 76, 27269)
(286, 73, 16159)
(286, 262, 643)
(286, 98, 33541)
(286, 65, 34454)
(286, 34, 27734)
(286, 18, 11894)
(286, 239, 24133)
(286, 39, 22070)
(286, 105, 3866)
(286, 173, 9872)
(286, 89, 13506)
(286, 131, 36546)
(286, 0, 22146)
(286, 16, 41413)
(286, 144, 10312)
(286, 77, 16732)
(286, 151, 43196)
(286, 21, 24930)
(286, 119, 28787)
(286, 267, 38787)
(286, 215, 7606)
(286, 182, 32707)
(286, 33, 20834)
(286, 229, 9647)
(286, 255, 527)
(286, 223, 29516)
(286, 118, 19222)
(286, 29, 24875)
(286, 61, 6943)
(286, 224, 39768)
(286, 146, 22483)
(286, 221, 20283)
(286, 126, 9644)
(286, 244, 4878)
(286, 273, 6092)
(286, 140, 26734)
(286, 10, 17887)
(286, 216, 31845)
(286, 72, 12131)
(286, 170, 14047)
(286, 198, 9234)
(286, 285, 37705)
(286, 175, 29844)
(286, 265, 8139)
(286, 47, 24358)
(286, 122, 17815)
(286, 210, 30681)
(286, 14, 29712)
(286, 204, 15376)
(286, 183, 23486)
(286, 60, 5761)
(286, 228, 9056)
(286, 49, 33851)
(286, 150, 37127)
(286, 31, 22136)
(286, 94, 12630)
(286, 193, 14412)
(286, 116, 41045)
(286, 11, 13688)
(286, 45, 3004)
(286, 168, 34703)
(286, 268, 6504)
(286, 258, 11618)
(286, 40, 36996)
(286, 156, 27921)
(286, 19, 8452)
(286, 179, 21592)
(286, 153, 37292)
(286, 274, 14779)
(286, 280, 25496)
(286, 266, 25055)
(286, 36, 25228)
(286, 163, 36150)
(286, 32, 42979)
(286, 243, 28664)
(286, 86, 33123)
(286, 161, 3189)
(286, 180, 38730)
(286, 143, 8992)
(286, 165, 32928)
(286, 13, 11594)
(286, 233, 43661)
(286, 113, 17211)
(286, 166, 36898)
(286, 1, 18919)
(286, 91, 30166)
(286, 109, 3902)
(286, 203, 7891)
(286, 127, 42070)
(286, 108, 14346)
(286, 282, 38914)
(286, 67, 5823)
(286, 191, 44322)
(286, 83, 26798)
(286, 213, 28472)
(286, 95, 12522)
(286, 64, 13341)
(286, 202, 24685)
(286, 38, 8894)
(286, 251, 36116)
(286, 20, 18128)
(286, 101, 29572)
(286, 212, 13516)
(286, 257, 42828)
(286, 231, 4331)
(286, 129, 2838)
(286, 66, 26323)
(286, 58, 28884)
(286, 12, 1825)
(286, 169, 13985)
(286, 17, 7653)
(286, 271, 42521)
(286, 278, 12016)
(286, 71, 18938)
(286, 70, 30059)
(286, 263, 27452)
(286, 92, 27906)
(286, 142, 9043)
(286, 184, 334)
(286, 283, 39915)
(286, 226, 36462)
(286, 112, 20928)
(286, 178, 32864)
(286, 232, 43823)
(286, 284, 35398)
(286, 171, 27741)
(286, 154, 43879)
(286, 219, 35988)
(286, 249, 10691)
(286, 22, 10131)
(286, 27, 14319)
(286, 136, 20724)
(286, 51, 26958)
(286, 147, 16029)
(286, 270, 40409)
(286, 190, 25033)
(286, 137, 1149)
(286, 256, 15586)
(286, 164, 43311)
(286, 247, 6587)
(286, 46, 39255)
(286, 245, 19930)
(286, 26, 21468)
(286, 185, 39021)
(286, 3, 4898)
(286, 81, 3881)
(286, 107, 2641)
(286, 62, 36362)
(286, 123, 33814)
(286, 99, 41662)
(286, 149, 35992)
(286, 53, 6461)
(286, 172, 18649)
(286, 218, 6520)
(286, 42, 2767)
(286, 110, 40158)
(286, 5, 16843)
(286, 111, 35969)
(286, 158, 24655)
(286, 275, 39011)
(286, 100, 25582)
(286, 139, 26825)
(286, 207, 20654)
(286, 242, 1073)
(286, 135, 1909)
(287, 250, 11426)
(287, 26, 9733)
(287, 14, 4575)
(287, 225, 8227)
(287, 221, 20970)
(287, 114, 33161)
(287, 136, 20588)
(287, 44, 20573)
(287, 214, 28490)
(287, 259, 15787)
(287, 55, 27459)
(287, 59, 38800)
(287, 93, 35716)
(287, 219, 22311)
(287, 230, 36305)
(287, 2, 11901)
(287, 131, 39412)
(287, 140, 28686)
(287, 145, 33833)
(287, 161, 35768)
(287, 139, 41411)
(287, 150, 41184)
(287, 157, 9763)
(287, 49, 44317)
(287, 244, 15609)
(287, 28, 14870)
(287, 163, 30331)
(287, 122, 2066)
(287, 112, 25836)
(287, 54, 40619)
(287, 98, 12767)
(287, 188, 38874)
(287, 166, 2121)
(287, 252, 37664)
(287, 9, 38082)
(287, 13, 23149)
(287, 100, 30927)
(287, 198, 390)
(287, 60, 25728)
(287, 272, 10267)
(287, 236, 4492)
(287, 53, 37712)
(287, 187, 4622)
(287, 197, 13301)
(287, 99, 34062)
(287, 286, 14813)
(287, 195, 39803)
(287, 196, 39247)
(287, 141, 20529)
(287, 274, 35032)
(287, 12, 25099)
(287, 80, 41191)
(287, 133, 21815)
(287, 87, 23264)
(287, 192, 41219)
(287, 174, 20558)
(287, 175, 24033)
(287, 260, 10414)
(287, 47, 38469)
(287, 159, 2158)
(287, 88, 29364)
(287, 120, 4899)
(287, 208, 11777)
(287, 226, 26436)
(287, 190, 7205)
(287, 229, 35440)
(287, 263, 31954)
(287, 31, 26510)
(287, 20, 42925)
(287, 153, 37293)
(287, 222, 616)
(288, 6, 2679)
(288, 177, 30731)
(288, 241, 38824)
(288, 0, 3365)
(288, 261, 17643)
(288, 148, 15372)
(288, 131, 2112)
(288, 197, 18573)
(288, 63, 11303)
(288, 196, 22892)
(288, 94, 24480)
(288, 18, 17285)
(288, 45, 38932)
(288, 112, 21872)
(288, 238, 4304)
(288, 127, 5786)
(288, 214, 5958)
(288, 175, 40333)
(288, 286, 10527)
(288, 35, 15078)
(288, 245, 3424)
(288, 206, 28444)
(288, 5, 2551)
(288, 279, 1954)
(288, 164, 31610)
(288, 243, 27657)
(288, 103, 20385)
(288, 271, 22823)
(288, 198, 11388)
(288, 230, 15007)
(288, 126, 10015)
(288, 33, 1468)
(288, 161, 28479)
(288, 68, 29115)
(288, 184, 37139)
(288, 116, 43483)
(288, 123, 1526)
(288, 125, 25916)
(288, 77, 4915)
(288, 173, 35534)
(288, 67, 39814)
(288, 219, 15528)
(288, 151, 11292)
(288, 280, 4777)
(288, 20, 38490)
(288, 225, 9920)
(288, 83, 988)
(288, 13, 1439)
(288, 186, 29157)
(288, 105, 31078)
(288, 52, 14181)
(288, 81, 29249)
(288, 84, 34041)
(288, 22, 35824)
(288, 208, 243)
(288, 71, 32463)
(288, 254, 35178)
(288, 145, 22717)
(288, 34, 7305)
(288, 96, 5788)
(288, 246, 5092)
(288, 233, 33329)
(288, 113, 15461)
(288, 153, 17325)
(288, 38, 15110)
(288, 122, 21687)
(288, 69, 7116)
(288, 95, 3236)
(288, 43, 40007)
(288, 276, 30496)
(288, 41, 40198)
(288, 42, 1639)
(288, 51, 13793)
(288, 138, 30389)
(288, 165, 34892)
(288, 97, 43798)
(288, 24, 10332)
(288, 256, 29670)
(288, 266, 42616)
(288, 223, 8192)
(288, 237, 3977)
(288, 159, 31245)
(288, 132, 5641)
(288, 235, 29799)
(288, 252, 42985)
(288, 66, 40398)
(288, 234, 33657)
(288, 158, 20500)
(288, 272, 15775)
(288, 260, 6631)
(288, 56, 763)
(288, 40, 23662)
(288, 87, 17937)
(288, 250, 4991)
(288, 263, 17883)
(288, 76, 30122)
(288, 135, 35839)
(288, 195, 4876)
(288, 62, 36821)
(288, 248, 22157)
(288, 220, 15517)
(288, 14, 17345)
(288, 78, 34514)
(288, 152, 2882)
(288, 101, 6661)
(288, 275, 36713)
(288, 255, 37683)
(288, 55, 8408)
(288, 25, 12057)
(288, 32, 33496)
(288, 183, 24601)
(288, 115, 526)
(288, 201, 31798)
(288, 139, 5120)
(288, 111, 3997)
(288, 180, 28647)
(288, 194, 7728)
(288, 12, 29293)
(288, 285, 2059)
(288, 227, 16402)
(288, 244, 34181)
(288, 19, 41601)
(288, 212, 12037)
(288, 187, 26238)
(288, 107, 36259)
(288, 46, 43454)
(288, 232, 17909)
(288, 93, 22639)
(288, 124, 39566)
(288, 30, 12361)
(288, 143, 31003)
(288, 118, 33783)
(288, 72, 13182)
(288, 137, 40204)
(288, 8, 12623)
(288, 284, 35838)
(288, 44, 13604)
(288, 251, 27063)
(288, 91, 34820)
(288, 221, 3240)
(288, 277, 36538)
(288, 236, 30735)
(288, 176, 15538)
(288, 92, 20650)
(288, 130, 31562)
(288, 16, 36855)
(288, 204, 11330)
(288, 154, 40832)
(288, 117, 34520)
(288, 89, 31035)
(288, 162, 484)
(288, 222, 36669)
(288, 31, 6227)
(288, 134, 35273)
(288, 211, 31873)
(288, 99, 26899)
(288, 210, 35002)
(288, 64, 6898)
(288, 53, 36347)
(288, 249, 377)
(288, 267, 43856)
(288, 199, 19255)
(288, 28, 34289)
(288, 11, 28804)
(288, 9, 9487)
(288, 163, 26007)
(288, 106, 851)
(288, 274, 19521)
(288, 147, 26856)
(288, 269, 37398)
(288, 242, 22954)
(288, 54, 35500)
(288, 114, 16831)
(288, 281, 37330)
(288, 60, 43466)
(288, 57, 43348)
(288, 10, 22914)
(288, 58, 37109)
(288, 98, 27573)
(288, 259, 2875)
(288, 193, 6459)
(288, 3, 17934)
(288, 278, 21380)
(288, 247, 33451)
(288, 2, 44093)
(288, 128, 41143)
(288, 181, 1567)
(288, 217, 8113)
(288, 59, 32517)
(289, 104, 35191)
(289, 287, 21049)
(289, 4, 39147)
(289, 249, 40909)
(289, 48, 40869)
(289, 193, 9974)
(289, 29, 24483)
(289, 190, 3760)
(289, 169, 23822)
(289, 57, 23548)
(289, 183, 9509)
(289, 9, 5056)
(289, 90, 3504)
(289, 270, 28135)
(289, 219, 16467)
(289, 250, 42737)
(289, 188, 15356)
(289, 210, 34227)
(289, 273, 13376)
(289, 106, 1141)
(289, 248, 414)
(289, 225, 41719)
(289, 98, 20449)
(289, 243, 21708)
(289, 155, 7990)
(289, 124, 24220)
(289, 59, 22632)
(289, 74, 9897)
(289, 275, 8253)
(289, 121, 38145)
(289, 111, 26770)
(289, 154, 33291)
(289, 142, 44393)
(289, 109, 489)
(289, 204, 1600)
(289, 116, 14629)
(289, 65, 39694)
(289, 283, 18496)
(289, 197, 35216)
(289, 68, 3466)
(289, 41, 43295)
(289, 8, 18795)
(289, 146, 10032)
(289, 94, 20725)
(289, 274, 22845)
(289, 58, 30258)
(289, 234, 6059)
(289, 88, 35791)
(289, 266, 35408)
(289, 260, 11390)
(289, 228, 14239)
(289, 276, 15027)
(289, 16, 37342)
(289, 12, 42466)
(289, 62, 39474)
(289, 171, 38630)
(289, 143, 34569)
(289, 232, 5855)
(289, 192, 2654)
(289, 182, 29451)
(289, 195, 8607)
(289, 215, 24766)
(289, 149, 14032)
(289, 257, 7333)
(289, 212, 8892)
(289, 207, 10608)
(289, 252, 5224)
(289, 96, 14849)
(289, 150, 43502)
(289, 254, 11693)
(289, 218, 1922)
(289, 32, 38945)
(289, 271, 31462)
(289, 7, 43096)
(289, 27, 20847)
(289, 187, 929)
(289, 78, 26253)
(289, 80, 10715)
(289, 158, 39621)
(289, 72, 39549)
(289, 75, 29300)
(289, 264, 24580)
(289, 64, 38225)
(289, 263, 9765)
(289, 55, 32249)
(289, 10, 4221)
(289, 77, 15330)
(289, 168, 27085)
(289, 53, 24784)
(289, 160, 39400)
(289, 198, 33481)
(289, 247, 21091)
(289, 127, 6785)
(289, 229, 33810)
(289, 28, 25503)
(289, 118, 36665)
(289, 272, 30549)
(289, 153, 39702)
(289, 61, 30465)
(289, 216, 9546)
(289, 277, 35284)
(289, 251, 21783)
(289, 242, 238)
(289, 15, 30246)
(289, 269, 12700)
(289, 123, 26207)
(289, 60, 41211)
(289, 144, 33618)
(289, 134, 31017)
(289, 286, 25883)
(289, 166, 34873)
(289, 178, 36531)
(289, 82, 43717)
(289, 285, 40044)
(289, 220, 31260)
(289, 49, 17392)
(289, 130, 41269)
(289, 25, 15514)
(289, 156, 29731)
(289, 13, 26392)
(289, 179, 1054)
(289, 278, 27314)
(289, 26, 30975)
(289, 201, 23871)
(289, 186, 25279)
(289, 66, 20240)
(289, 175, 29269)
(289, 163, 8508)
(289, 196, 7401)
(289, 268, 7525)
(289, 214, 21404)
(289, 17, 17822)
(289, 157, 42715)
(289, 51, 7153)
(290, 209, 5282)
(290, 139, 5985)
(290, 138, 8562)
(290, 178, 39946)
(290, 96, 36848)
(290, 16, 33116)
(290, 63, 32484)
(290, 273, 21600)
(290, 113, 43115)
(290, 223, 6482)
(290, 245, 2889)
(290, 277, 8516)
(290, 128, 28939)
(290, 137, 4301)
(290, 91, 41965)
(290, 154, 3648)
(290, 210, 28756)
(290, 221, 15712)
(290, 14, 35888)
(290, 159, 40210)
(290, 284, 17651)
(290, 216, 25151)
(290, 84, 41940)
(290, 282, 1191)
(290, 18, 29661)
(290, 186, 1132)
(290, 82, 20049)
(290, 22, 11474)
(290, 192, 20067)
(290, 227, 16090)
(290, 226, 42059)
(290, 136, 42717)
(290, 160, 4990)
(290, 104, 9597)
(290, 278, 41189)
(290, 8, 19581)
(290, 256, 39836)
(290, 32, 21970)
(290, 286, 17038)
(290, 280, 37022)
(290, 79, 26315)
(290, 12, 33899)
(290, 219, 32315)
(290, 265, 40510)
(290, 29, 7479)
(290, 243, 38200)
(290, 142, 35455)
(290, 47, 5478)
(290, 194, 6951)
(290, 152, 22688)
(290, 77, 34708)
(290, 73, 15604)
(290, 167, 23487)
(290, 43, 38985)
(290, 254, 38686)
(290, 252, 20474)
(290, 235, 16912)
(290, 224, 35364)
(290, 270, 35675)
(290, 184, 39111)
(290, 177, 6111)
(290, 35, 39679)
(290, 214, 26622)
(290, 217, 2841)
(290, 118, 28573)
(290, 85, 17467)
(290, 0, 395)
(290, 39, 39718)
(290, 26, 8340)
(290, 181, 9345)
(290, 281, 42882)
(290, 34, 38761)
(290, 121, 40302)
(290, 125, 20247)
(290, 199, 27169)
(290, 259, 27939)
(290, 253, 29901)
(290, 90, 16780)
(290, 117, 32046)
(290, 275, 273)
(290, 78, 2220)
(290, 10, 14441)
(290, 271, 39290)
(290, 24, 14608)
(290, 162, 8364)
(290, 109, 37816)
(290, 248, 28927)
(290, 249, 36684)
(290, 272, 12409)
(290, 263, 11975)
(290, 188, 8800)
(290, 187, 33698)
(290, 86, 43571)
(290, 262, 26685)
(290, 176, 29217)
(290, 156, 42508)
(290, 168, 36108)
(290, 180, 11080)
(290, 237, 35710)
(290, 230, 30707)
(290, 285, 24104)
(290, 93, 17694)
(290, 23, 24130)
(290, 134, 43694)
(290, 158, 18878)
(290, 119, 23222)
(290, 103, 2205)
(290, 266, 20248)
(290, 75, 11971)
(290, 274, 26334)
(290, 31, 40817)
(290, 44, 26671)
(290, 232, 23297)
(290, 110, 38637)
(290, 197, 16380)
(290, 233, 29739)
(290, 13, 20823)
(290, 27, 5768)
(290, 56, 32399)
(290, 99, 7259)
(290, 228, 14510)
(290, 112, 15710)
(290, 229, 12942)
(290, 7, 21563)
(290, 45, 10460)
(290, 83, 19788)
(290, 276, 37691)
(290, 196, 36075)
(290, 246, 22901)
(290, 260, 9503)
(290, 236, 8243)
(290, 267, 23928)
(290, 143, 25086)
(290, 41, 5922)
(290, 123, 1233)
(290, 19, 42984)
(290, 69, 36139)
(290, 288, 37785)
(290, 21, 26329)
(290, 289, 8013)
(290, 140, 18640)
(290, 279, 7569)
(290, 149, 43541)
(290, 66, 16413)
(290, 161, 41631)
(290, 239, 13672)
(290, 193, 23057)
(290, 153, 21337)
(290, 2, 17967)
(290, 120, 11991)
(290, 269, 17889)
(290, 212, 25306)
(290, 52, 2880)
(290, 257, 22420)
(290, 126, 13087)
(290, 58, 12087)
(290, 283, 22278)
(290, 81, 38031)
(290, 195, 11143)
(290, 50, 10848)
(290, 106, 399)
(290, 67, 2788)
(290, 287, 37704)
(290, 62, 7378)
(290, 71, 29257)
(290, 205, 9258)
(290, 155, 18462)
(290, 242, 26462)
(290, 251, 6910)
(290, 54, 24621)
(290, 147, 26127)
(290, 174, 10649)
(290, 247, 36113)
(290, 5, 28994)
(290, 88, 14626)
(290, 213, 43998)
(290, 30, 11419)
(290, 59, 3737)
(290, 61, 33348)
(290, 201, 36907)
(290, 190, 27478)
(290, 94, 40244)
(290, 74, 33569)
(290, 264, 11632)
(290, 145, 15133)
(290, 65, 19097)
(290, 6, 10592)
(290, 185, 19225)
(290, 53, 21156)
(290, 72, 41354)
(290, 107, 5926)
(290, 171, 23053)
(290, 203, 39218)
(290, 255, 39756)
(290, 222, 2096)
(290, 55, 31987)
(290, 108, 33150)
(290, 42, 12278)
(290, 64, 28300)
(290, 100, 10815)
(290, 202, 18989)
(290, 144, 13442)
(290, 244, 36026)
(290, 133, 11295)
(290, 127, 41276)
(290, 131, 17202)
(290, 172, 43851)
(290, 151, 27348)
(290, 17, 14898)
(290, 189, 18381)
(290, 206, 9810)
(290, 166, 20073)
(290, 102, 11197)
(290, 51, 31923)
(290, 114, 15217)
(290, 208, 14882)
(290, 111, 12872)
(290, 240, 44380)
(290, 1, 2439)
(290, 38, 19926)
(290, 183, 4079)
(290, 37, 37727)
(290, 218, 12378)
(290, 68, 30914)
(290, 11, 30101)
(290, 132, 105)
(290, 150, 38090)
(290, 220, 41112)
(290, 105, 39543)
(290, 15, 17914)
(290, 215, 35861)
(290, 175, 13127)
(290, 198, 35297)
(290, 76, 4525)
(290, 204, 14347)
(290, 268, 26735)
(290, 211, 17817)
(290, 122, 25938)
(290, 36, 5659)
(290, 148, 43931)
(290, 20, 14069)
(290, 163, 3017)
(290, 116, 10799)
(290, 87, 21960)
(290, 70, 11771)
(290, 60, 16197)
(290, 141, 22200)
(290, 57, 25271)
(290, 182, 20671)
(290, 234, 34083)
(290, 164, 5630)
(290, 33, 25530)
(290, 3, 17008)
(290, 165, 31614)
(290, 179, 9231)
(290, 25, 14250)
(290, 40, 44305)
(290, 9, 20581)
(290, 97, 15776)
(290, 258, 3994)
(290, 4, 34906)
(290, 191, 17827)
(290, 146, 14186)
(290, 49, 13868)
(290, 225, 3305)
(290, 200, 34334)
(290, 169, 27953)
(290, 98, 21362)
(290, 238, 1476)
(290, 115, 41680)
(290, 207, 4960)
(290, 48, 11488)
(290, 250, 28262)
(290, 101, 35844)
(290, 124, 43059)
(290, 28, 6557)
(290, 89, 30143)
(290, 92, 15633)
(290, 80, 31813)
(290, 241, 15423)
(290, 157, 35597)
(290, 173, 11253)
(290, 130, 39657)
(290, 170, 41065)
(290, 129, 16496)
(291, 215, 24934)
(291, 143, 14651)
(291, 29, 25185)
(291, 76, 9228)
(291, 36, 19192)
(291, 163, 25743)
(291, 153, 22896)
(291, 277, 22201)
(291, 179, 9337)
(291, 17, 22120)
(291, 92, 20658)
(291, 148, 38977)
(291, 169, 7102)
(291, 11, 40889)
(291, 56, 43904)
(291, 168, 3553)
(291, 289, 25976)
(291, 123, 1037)
(291, 175, 15226)
(291, 183, 7803)
(291, 61, 13045)
(291, 214, 37120)
(291, 197, 26926)
(291, 74, 18078)
(291, 137, 3907)
(291, 16, 28799)
(291, 140, 14603)
(291, 135, 39952)
(291, 6, 25109)
(291, 286, 25655)
(291, 100, 43561)
(291, 206, 27499)
(291, 63, 43679)
(291, 201, 34666)
(291, 285, 32159)
(291, 12, 34963)
(291, 209, 36825)
(291, 8, 34635)
(291, 190, 33545)
(291, 13, 37278)
(291, 275, 39308)
(291, 151, 43772)
(291, 229, 26493)
(291, 58, 17152)
(291, 196, 22779)
(291, 267, 34620)
(291, 203, 20308)
(291, 172, 11256)
(291, 114, 43299)
(291, 62, 27839)
(291, 78, 6107)
(291, 192, 20810)
(291, 68, 24135)
(291, 230, 42520)
(291, 86, 7915)
(291, 271, 40997)
(291, 178, 1701)
(291, 244, 30103)
(291, 188, 24042)
(291, 218, 17520)
(291, 105, 27173)
(291, 245, 39906)
(291, 290, 11189)
(291, 22, 22369)
(291, 274, 30521)
(291, 142, 16288)
(291, 252, 7777)
(291, 159, 14560)
(291, 191, 34415)
(291, 281, 18796)
(291, 33, 34650)
(291, 256, 36894)
(291, 83, 16951)
(291, 50, 63)
(291, 223, 40112)
(291, 241, 735)
(291, 65, 6062)
(291, 120, 15457)
(291, 237, 36731)
(291, 107, 16109)
(291, 181, 21703)
(291, 174, 9563)
(291, 112, 42240)
(291, 176, 39975)
(291, 117, 7778)
(291, 150, 40571)
(291, 185, 22942)
(291, 210, 21271)
(291, 97, 24412)
(291, 25, 40248)
(291, 5, 36476)
(291, 14, 675)
(291, 109, 42971)
(291, 184, 25862)
(291, 238, 33154)
(291, 23, 11909)
(291, 225, 38943)
(291, 287, 8390)
(291, 41, 34692)
(291, 99, 29769)
(291, 205, 13548)
(291, 166, 25539)
(291, 79, 43769)
(291, 226, 29586)
(291, 73, 35328)
(291, 199, 5957)
(292, 66, 35242)
(292, 250, 11366)
(292, 259, 4942)
(292, 241, 42140)
(292, 56, 3957)
(292, 166, 41700)
(292, 3, 637)
(292, 114, 18961)
(292, 140, 34946)
(292, 22, 15917)
(292, 164, 6445)
(292, 43, 11697)
(292, 206, 1812)
(292, 72, 35484)
(292, 263, 30319)
(292, 248, 24404)
(292, 163, 16740)
(292, 284, 32150)
(292, 38, 39448)
(292, 231, 17371)
(292, 86, 18305)
(293, 222, 37822)
(293, 51, 29470)
(293, 238, 23129)
(293, 48, 9940)
(293, 119, 19918)
(293, 99, 31687)
(293, 245, 4466)
(293, 62, 27317)
(293, 87, 37522)
(293, 168, 36388)
(293, 130, 10185)
(293, 63, 11408)
(293, 28, 14770)
(293, 42, 41022)
(293, 196, 40027)
(293, 29, 19113)
(293, 123, 208)
(293, 239, 30257)
(293, 32, 40683)
(293, 120, 15304)
(293, 114, 18042)
(293, 278, 20143)
(293, 9, 23027)
(293, 73, 32191)
(293, 110, 12763)
(293, 228, 5026)
(293, 166, 40820)
(293, 147, 33455)
(293, 93, 9964)
(293, 75, 9758)
(293, 64, 6605)
(293, 33, 42507)
(293, 31, 23959)
(293, 171, 40865)
(293, 103, 18001)
(293, 46, 40190)
(293, 289, 31249)
(293, 279, 21467)
(293, 203, 9888)
(293, 107, 1393)
(293, 35, 44160)
(293, 188, 34481)
(293, 134, 6974)
(293, 237, 41023)
(293, 112, 38871)
(293, 283, 8709)
(293, 158, 28636)
(293, 113, 38634)
(293, 115, 40347)
(293, 272, 33246)
(293, 231, 21749)
(293, 54, 30481)
(293, 261, 25770)
(293, 268, 40881)
(293, 258, 15576)
(293, 233, 41897)
(294, 236, 27591)
(294, 86, 21844)
(294, 292, 31729)
(294, 264, 26429)
(294, 176, 35655)
(294, 35, 17118)
(294, 187, 361)
(294, 3, 36034)
(294, 224, 28379)
(294, 229, 10941)
(294, 233, 21486)
(294, 153, 39597)
(294, 274, 34497)
(294, 134, 2306)
(294, 266, 20957)
(294, 19, 12397)
(294, 136, 7534)
(294, 5, 5987)
(294, 48, 27769)
(294, 83, 16225)
(294, 68, 30647)
(294, 54, 3398)
(294, 70, 34503)
(294, 167, 16055)
(294, 172, 19024)
(294, 244, 15799)
(294, 104, 22841)
(294, 186, 13010)
(294, 265, 2863)
(294, 140, 21744)
(294, 27, 34148)
(294, 168, 7438)
(294, 106, 17865)
(294, 124, 24751)
(294, 120, 43611)
(294, 234, 38051)
(294, 34, 27481)
(294, 157, 29504)
(294, 158, 33044)
(294, 225, 32460)
(294, 81, 31067)
(294, 230, 874)
(294, 28, 8338)
(294, 75, 19077)
(294, 13, 30276)
(294, 220, 25502)
(294, 76, 17899)
(294, 87, 22651)
(294, 248, 41275)
(294, 144, 41325)
(294, 126, 12372)
(294, 258, 7809)
(294, 241, 13778)
(294, 169, 6931)
(294, 85, 31357)
(294, 146, 30413)
(294, 84, 22938)
(294, 239, 13831)
(294, 152, 5392)
(294, 251, 16154)
(294, 44, 23793)
(294, 66, 9491)
(294, 165, 40019)
(294, 100, 37863)
(294, 223, 35471)
(294, 149, 22202)
(294, 109, 22930)
(294, 52, 4965)
(294, 122, 30614)
(294, 283, 24724)
(294, 163, 34660)
(294, 108, 34885)
(294, 103, 30739)
(294, 221, 12777)
(294, 284, 42010)
(294, 201, 674)
(294, 67, 24317)
(294, 95, 40628)
(294, 275, 715)
(294, 159, 43081)
(294, 180, 17784)
(294, 90, 35310)
(294, 232, 25744)
(294, 240, 42719)
(294, 256, 7969)
(294, 166, 24375)
(294, 6, 36164)
(294, 197, 20964)
(294, 170, 38866)
(294, 205, 36556)
(294, 155, 23482)
(294, 131, 15706)
(294, 214, 29830)
(294, 99, 32991)
(294, 260, 11198)
(294, 154, 34001)
(294, 0, 37802)
(294, 281, 10387)
(294, 268, 2781)
(294, 15, 4617)
(294, 199, 4422)
(294, 249, 2506)
(294, 21, 13293)
(294, 259, 21001)
(294, 288, 3427)
(294, 145, 19367)
(294, 263, 42216)
(294, 184, 31323)
(294, 69, 556)
(294, 73, 35179)
(294, 215, 315)
(294, 173, 31047)
(294, 2, 14313)
(294, 4, 8691)
(294, 12, 30727)
(294, 137, 582)
(294, 191, 43359)
(294, 102, 16447)
(294, 206, 40771)
(294, 107, 3216)
(294, 252, 9418)
(294, 92, 5305)
(294, 88, 15634)
(294, 115, 22585)
(294, 195, 20175)
(294, 207, 38008)
(294, 29, 12033)
(294, 82, 39502)
(294, 58, 29851)
(294, 151, 40950)
(294, 46, 9473)
(294, 128, 33909)
(294, 78, 35378)
(294, 189, 18289)
(294, 111, 9886)
(294, 36, 10474)
(294, 47, 628)
(294, 41, 2561)
(294, 135, 42577)
(294, 278, 42117)
(294, 42, 21948)
(294, 156, 20660)
(294, 213, 31736)
(294, 254, 28304)
(294, 37, 16173)
(294, 287, 12137)
(294, 216, 11122)
(294, 61, 443)
(294, 188, 38159)
(294, 193, 6456)
(294, 222, 1541)
(294, 179, 32691)
(294, 282, 36715)
(294, 290, 22351)
(294, 101, 10805)
(294, 62, 29104)
(294, 105, 13499)
(294, 50, 3308)
(294, 293, 37626)
(294, 63, 34553)
(294, 91, 13416)
(294, 267, 20637)
(294, 164, 15196)
(294, 272, 35003)
(294, 211, 10699)
(294, 80, 12223)
(294, 114, 42419)
(294, 143, 18094)
(294, 235, 10811)
(294, 98, 19802)
(294, 32, 31425)
(294, 16, 23246)
(294, 24, 36745)
(294, 116, 8799)
(294, 39, 10499)
(294, 238, 36673)
(294, 280, 38032)
(294, 142, 21300)
(294, 22, 8917)
(294, 285, 17332)
(294, 148, 30035)
(294, 253, 7868)
(294, 10, 35082)
(294, 127, 1873)
(294, 18, 6551)
(294, 40, 24625)
(294, 160, 42530)
(294, 231, 24623)
(294, 56, 15174)
(294, 96, 20235)
(294, 257, 13044)
(295, 70, 44284)
(295, 19, 4533)
(295, 77, 11737)
(295, 108, 23081)
(295, 123, 17270)
(295, 33, 3469)
(295, 262, 36751)
(295, 129, 223)
(295, 186, 25600)
(295, 278, 8429)
(295, 12, 10427)
(295, 72, 31056)
(295, 22, 12264)
(295, 154, 43199)
(295, 145, 7549)
(295, 94, 3863)
(295, 4, 30802)
(295, 79, 36506)
(295, 287, 8729)
(295, 153, 20446)
(295, 65, 4526)
(295, 97, 35041)
(295, 160, 19804)
(296, 259, 13862)
(296, 14, 3034)
(296, 15, 18248)
(296, 103, 3414)
(296, 251, 40629)
(296, 287, 9627)
(296, 91, 12715)
(296, 6, 35917)
(296, 271, 9288)
(296, 242, 16932)
(296, 60, 41486)
(296, 1, 26402)
(296, 153, 10238)
(296, 277, 10728)
(296, 238, 16551)
(296, 270, 40720)
(296, 208, 11889)
(296, 132, 26517)
(296, 61, 43558)
(296, 116, 20595)
(296, 180, 35973)
(296, 195, 17093)
(296, 275, 39465)
(296, 67, 7578)
(296, 228, 7280)
(296, 220, 37942)
(296, 241, 607)
(296, 266, 3048)
(296, 219, 34185)
(296, 43, 18268)
(296, 62, 4715)
(296, 227, 34103)
(296, 182, 10519)
(296, 295, 31642)
(296, 137, 5272)
(296, 72, 32138)
(296, 95, 34126)
(296, 37, 34967)
(296, 110, 36427)
(296, 98, 41796)
(296, 2, 9633)
(296, 156, 9218)
(296, 256, 40520)
(296, 250, 4664)
(296, 279, 15318)
(296, 249, 14511)
(296, 40, 31568)
(296, 169, 21716)
(296, 149, 34808)
(296, 133, 13704)
(296, 248, 42269)
(296, 267, 27893)
(296, 139, 19488)
(296, 217, 3265)
(296, 142, 35827)
(296, 51, 39191)
(296, 34, 16237)
(296, 75, 35941)
(296, 222, 7308)
(296, 284, 22601)
(296, 47, 15716)
(296, 54, 21676)
(296, 204, 1894)
(296, 163, 8619)
(296, 13, 19522)
(296, 80, 33765)
(296, 33, 22494)
(296, 112, 23194)
(296, 21, 9132)
(296, 223, 33022)
(296, 44, 16080)
(296, 289, 42015)
(296, 109, 14906)
(296, 73, 38897)
(296, 81, 23675)
(296, 97, 15143)
(296, 12, 5787)
(296, 162, 12574)
(296, 207, 14915)
(296, 158, 8260)
(296, 214, 31965)
(296, 263, 39379)
(296, 243, 9213)
(296, 145, 30106)
(296, 121, 13940)
(296, 105, 11625)
(296, 282, 27358)
(296, 50, 19138)
(296, 32, 38629)
(296, 4, 13989)
(296, 65, 8840)
(296, 10, 43969)
(296, 177, 20830)
(296, 231, 43131)
(296, 173, 9176)
(296, 215, 41669)
(296, 25, 14653)
(296, 174, 4834)
(296, 89, 18468)
(296, 285, 25161)
(296, 272, 5275)
(296, 68, 923)
(296, 17, 11563)
(296, 192, 11626)
(296, 45, 37453)
(296, 90, 5928)
(296, 113, 3435)
(296, 262, 1539)
(296, 71, 24586)
(296, 64, 5246)
(296, 144, 5488)
(296, 229, 6323)
(296, 216, 14366)
(296, 122, 32667)
(296, 186, 17280)
(296, 138, 25528)
(296, 134, 22468)
(296, 82, 31192)
(296, 52, 25104)
(296, 96, 3075)
(296, 99, 1020)
(297, 204, 43503)
(297, 194, 21879)
(297, 33, 21915)
(297, 12, 17234)
(297, 219, 21089)
(297, 148, 161)
(297, 2, 4274)
(297, 255, 30862)
(297, 181, 21364)
(297, 276, 13675)
(297, 236, 14764)
(297, 205, 253)
(297, 103, 21741)
(297, 156, 13683)
(297, 93, 38823)
(297, 97, 32777)
(297, 65, 9336)
(297, 13, 33926)
(297, 81, 5239)
(297, 247, 41469)
(297, 111, 27204)
(297, 42, 21401)
(297, 248, 21503)
(297, 128, 15414)
(297, 187, 7908)
(297, 48, 44260)
(297, 238, 31784)
(297, 286, 32007)
(297, 154, 11457)
(297, 83, 17591)
(297, 108, 26596)
(297, 169, 10683)
(297, 159, 24983)
(297, 107, 1197)
(297, 10, 3789)
(297, 139, 23357)
(297, 254, 27618)
(297, 179, 25506)
(297, 105, 6606)
(297, 163, 43378)
(297, 239, 18123)
(297, 215, 12104)
(297, 88, 43673)
(297, 8, 7571)
(297, 199, 23050)
(297, 249, 12141)
(297, 155, 22127)
(297, 122, 12969)
(297, 135, 42945)
(297, 37, 32087)
(297, 283, 22263)
(297, 102, 21021)
(297, 129, 9409)
(297, 270, 9672)
(297, 233, 4389)
(297, 212, 16278)
(297, 264, 12012)
(297, 171, 23415)
(297, 251, 28168)
(297, 45, 36228)
(297, 126, 22940)
(297, 287, 11447)
(297, 24, 12678)
(297, 165, 35772)
(297, 294, 19597)
(297, 14, 11146)
(297, 272, 22544)
(297, 86, 26788)
(297, 64, 18411)
(297, 58, 1680)
(297, 164, 38766)
(297, 98, 37080)
(297, 178, 42455)
(297, 145, 31087)
(297, 166, 15642)
(297, 162, 24626)
(297, 82, 35211)
(297, 50, 8109)
(297, 182, 24294)
(297, 170, 2828)
(297, 227, 10644)
(297, 269, 11755)
(297, 284, 27146)
(297, 95, 18499)
(297, 71, 21447)
(297, 29, 36471)
(297, 66, 22833)
(297, 63, 17663)
(297, 19, 19092)
(297, 211, 33136)
(297, 271, 26319)
(297, 214, 3724)
(297, 60, 22619)
(297, 125, 18765)
(297, 23, 20530)
(297, 292, 13380)
(297, 216, 17157)
(297, 268, 6469)
(297, 141, 23915)
(297, 3, 35854)
(297, 150, 22345)
(297, 160, 13551)
(297, 285, 24530)
(297, 110, 29595)
(297, 116, 3023)
(297, 195, 42920)
(297, 209, 32475)
(297, 207, 40933)
(297, 210, 23242)
(297, 92, 5438)
(297, 237, 42669)
(297, 241, 31250)
(297, 296, 12064)
(297, 240, 18431)
(297, 235, 14447)
(297, 49, 31650)
(297, 193, 42272)
(297, 295, 35402)
(297, 62, 14703)
(297, 176, 17584)
(297, 177, 32446)
(297, 54, 9832)
(297, 51, 37064)
(297, 217, 2464)
(297, 262, 5935)
(297, 222, 34167)
(297, 0, 24286)
(297, 53, 33008)
(297, 259, 27265)
(297, 152, 18784)
(297, 18, 25288)
(297, 225, 29606)
(297, 252, 35173)
(297, 101, 28849)
(297, 293, 15234)
(297, 221, 25133)
(297, 9, 28669)
(297, 75, 8723)
(297, 69, 10322)
(297, 253, 28723)
(297, 184, 18943)
(297, 79, 20583)
(297, 80, 5735)
(297, 218, 33103)
(297, 34, 8910)
(297, 89, 27102)
(297, 20, 37758)
(297, 167, 10290)
(297, 231, 36558)
(297, 208, 7364)
(297, 136, 21065)
(297, 22, 33367)
(297, 257, 37630)
(297, 191, 23471)
(297, 72, 43416)
(297, 282, 6753)
(297, 100, 19686)
(297, 44, 30022)
(297, 183, 33754)
(297, 289, 15602)
(297, 189, 10195)
